Internal_ID,MBLU,Block,Lot,Unit,Location,Primary_Use,Bldg_,Stories,Living_AreaGBA,Heat_Type_Desc,Line_
1,    130,     45,      0,       ,313 WHILEY RD,1010,1,1,540,Forced Air-Duc,1
2,    130,     47,      0,       ,331 WHILEY RD,1010,1,2,1792,Forced Air-Duc,1
6,    131,     57,      0,       ,12 WEYMISSET RD ,1010,1,1.75,3099,Forced Air-Duc,1
7,    131,     33,      0,       ,71 SHENANDOAH RD ,1090,1,2,3064,Hot Water,1
7,    131,     33,      0,       ,71 SHENANDOAH RD ,1090,2,1,696,Forced Air-Duc,1
7,    131,     33,      0,       ,71 SHENANDOAH RD ,1090,3,1,600,Forced Air-Duc,1
8,    131,     45,      0,       ,14 ISLAND RD,1013,1,1,1512,Hot Water,1
9,    131,     46,      0,       ,10 ISLAND RD,1010,1,1,119,None,1
10,    131,     47,      0,       ,6 ISLAND RD,1013,1,1,648,Forced Air-Duc,1
11,    131,     48,      0,       ,2 ISLAND RD,1013,1,2,1288,Forced Air-Duc,1
14,    131,     51,      0,       ,6 WEYMISSET RD,1013,1,1,820,None,1
15,    131,     52,      0,       ,8 WEYMISSET RD,1013,1,1.75,2087,Hot Water,1
16,    131,     53,      0,       ,1 RADIO RD,1013,1,1,648,None,1
20,    131,     63,      0,       ,290 WHILEY RD,1040,1,2,2496,Hot Water,1
21,    131,     66,      0,       ,284 WHILEY RD,1010,1,2,1440,Forced Air-Duc,1
22,    131,     32,      0,       ,7 SHENANDOAH RD,1013,1,1,3672,Forced Air-Duc,1
23,    131,     31,      0,       ,47 SHENANDOAH RD ,1013,1,2,1584,Forced Air-Duc,1
24,    131,     30,      0,       ,SHENANDOAH RD,1030,1,1,272,Forced Air-Duc,1
26,    131,     35,      0,       ,29 ISLAND RD,1013,1,1,768,Hot Air-no Duc,1
27,    131,     36,      0,       ,39 ISLAND RD,1013,1,1.5,1152,Hot Water,1
29,    131,     38,      0,       ,49 ISLAND RD,1013,1,1,784,Forced Air-Duc,1
30,    131,     39,      0,       ,53 ISLAND RD,1013,1,2.5,2202,Hot Water,1
31,    131,     40,      0,       ,57 ISLAND RD,1013,1,1,750,Forced Air-Duc,1
33,    122,     88,      0,       ,62 ISLAND RD,1013,1,1,1634,Forced Air-Duc,1
34,    122,     89,      0,       ,60 ISLAND RD,1013,1,1,1425,Forced Air-Duc,1
35,    122,     93,      0,       ,52 ISLAND RD,1013,1,1,1064,Forced Air-Duc,1
36,    122,     94,      0,       ,50 ISLAND RD,1013,1,1,726,Forced Air-Duc,1
39,    122,     99,      0,       ,28 ISLAND RD,1013,1,1.75,1232,Forced Air-Duc,1
41,    125,      5,      0,       ,75 LOST LAKE DR,1010,1,1.5,2398,Hot Water,1
42,    124,     79,      0,       ,27 CYPRESS RD,1010,1,1,1016,Forced Air-Duc,1
44,    125,     13,      0,       ,103 LOST LAKE DR,1010,1,1,1064,Forced Air-Duc,1
46,    124,     76,      0,       ,28 WHITEWOOD RD,1010,1,1,1284,Forced Air-Duc,1
47,    124,     77,      0,       ,22 WHITEWOOD RD,1010,1,1.75,1310,Hot Water,1
48,    125,     91,      0,       ,14 WHITEWOOD RD,1010,1,1,978,Forced Air-Duc,1
51,    125,     15,      0,       ,105 LOST LAKE DR ,1010,1,1,2485,Forced Air-Duc,1
53,    125,     17,      0,       ,15 CHESTNUT RD,1010,1,1,960,Forced Air-Duc,1
54,    125,     19,      0,       ,10 CHESTNUT RD,1040,1,2,2156,Forced Air-Duc,1
55,    125,     20,      0,       ,4-6 CHESTNUT RD #A&B,1040,1,2,2521,Forced Air-Duc,1
57,    125,     22,      0,       ,7 HAZEL RD,1010,1,2,1632,Forced Air-Duc,1
58,    125,     23,      0,       ,9 HAZEL RD,1010,1,2,1728,Forced Air-Duc,1
59,    125,     24,      0,       ,21 HAZEL RD,1040,1,2,2200,Hot Water,1
60,    125,     25,      0,       ,22 HAZEL RD,1010,1,1.75,2786,Forced Air-Duc,1
61,    125,     26,      0,       ,8 HAZEL RD,1010,1,1,1472,Hot Water,1
62,    125,     27,      0,       ,2 HAZEL RD,1010,1,1,1180,Hot Water,1
64,    125,     29,      0,       ,123 LOST LAKE DR,1010,1,1,955,Forced Air-Duc,1
65,    125,     30,      0,       ,127 LOST LAKE DR,1010,1,1,1872,Electr Basebrd,1
66,    125,     31,      0,       ,25 SKINNERS LN,1010,1,2,2080,Hot Water,1
68,    125,     33,      0,       ,28 SKINNERS LN,1010,1,1,1208,Forced Air-Duc,1
70,    125,     35,      0,       ,12 SKINNERS LN,1010,1,1.75,2333,Forced Air-Duc,1
71,    125,     36,      0,       ,8 SKINNERS LN,1010,1,1.75,1058,Forced Air-Duc,1
76,    125,     41,      0,       ,19 SPRUCE RD,1010,1,2,1788,Forced Air-Duc,1
77,    125,     42,      0,       ,23 SPRUCE RD,1010,1,1.75,2051,Forced Air-Duc,1
78,    125,     43,      0,       ,29 SPRUCE RD,1010,1,1,1513,Forced Air-Duc,1
79,    125,     45,      0,       ,26 SPRUCE RD,1010,1,1.75,1680,Hot Water,1
80,    125,     51,      0,       ,15 HEMLOCK RD,1010,1,1,1044,Forced Air-Duc,1
81,    125,     46,      0,       ,14 SPRUCE RD,1010,1,1.75,1160,Forced Air-Duc,1
82,    125,     47,      0,       ,10 SPRUCE RD,1010,1,1,944,Forced Air-Duc,1
83,    125,     48,      0,       ,145 LOST LAKE DR,1010,1,2,2364,Forced Air-Duc,1
84,    125,     49,      0,       ,7 HEMLOCK RD,1010,1,1,1224,Forced Air-Duc,1
85,    125,     50,      0,       ,13 HEMLOCK RD ,1010,1,1,1062,Forced Air-Duc,1
87,    125,     53,      0,       ,25 HEMLOCK RD ,1010,1,2,1872,Forced Air-Duc,1
91,    125,     57,      0,       ,30 HEMLOCK RD ,1010,1,1,616,Electr Basebrd,1
92,    125,     58,      0,       ,24 HEMLOCK RD,1010,1,1,1312,Electr Basebrd,1
93,    125,     59,      0,       ,16 HEMLOCK RD,1010,1,1,926,Floor Furnace,1
94,    125,     60,      0,       ,14 HEMLOCK RD ,1010,1,1,636,Hot Water,1
95,    125,     61,      0,       ,12 HEMLOCK RD,1010,1,1,1023,Forced Air-Duc,1
97,    125,     63,      0,       ,159 LOST LAKE DR,1010,1,1,1240,Hot Water,1
98,    125,     64,      0,       ,7 FIR RD,1010,1,1.5,1498,Forced Air-Duc,1
99,    125,     65,      0,       ,15 FIR RD,1010,1,2,1872,Hot Water,1
103,    125,     69,      0,       ,25 FIR RD,1010,1,1,1568,Forced Air-Duc,1
104,    125,     70,      0,       ,31 FIR RD,1010,1,1.75,2356,Hot Water,1
105,    125,     71,      0,       ,28 FIR RD,1010,1,2,1536,Hot Water,1
106,    125,     73,      0,       ,24 FIR RD,1010,1,2,2052,Forced Air-Duc,1
108,    125,     76,      0,       ,14 FIR RD,1010,1,1,1350,Hot Water,1
111,    125,     79,      0,       ,FIR RD,1010,1,1,364,None,1
113,    125,     81,      0,       ,4 FIR RD,1010,1,1.75,1469,Hot Water,1
114,    125,     82,      0,       ,175 LOST LAKE DR,1010,1,1,925,Hot Water,1
115,    125,    137,      0,       ,84 LOST LAKE DR,1010,1,1,1594,Hot Water,1
117,    125,    135,      0,       ,8 BEECHER RD ,1010,1,2,1438,Forced Air-Duc,1
118,    125,    132,      0,       ,100 LOST LAKE DR,1010,1,1,1260,Forced Air-Duc,1
119,    125,    131,      0,       ,104 LOST LAKE DR,1010,1,1.75,1350,Hot Water,1
120,    125,    133,      0,       ,9 BEECHER RD,1010,1,1,1152,Forced Air-Duc,1
121,    125,    130,      0,       ,5 CHESTNUT RD,1010,1,1,1872,Hot Water,1
122,    125,    125,      0,       ,114 LOST LAKE DR,0130,1,3,3839,Forced Air-Duc,1
124,    125,    126,      0,       ,9 CHESTNUT RD,1010,1,1,342,Electr Basebrd,1
126,    125,      9,      0,       ,89 LOST LAKE DR,1010,1,2,2269,Forced Air-Duc,1
129,    125,    123,      0,       ,124 LOST LAKE DR,1010,1,1,1408,Forced Air-Duc,1
130,    125,    122,      0,       ,120 LOST LAKE DR,1010,1,2,2384,Forced Air-Duc,1
132,    125,    120,      0,       ,136 LOST LAKE DR,1010,1,2,1984,Forced Air-Duc,1
133,    125,    119,      0,       ,8 LOOMIS LN ,1010,1,1,1128,Hot Water,1
137,    125,    114,      0,       ,144 LOST LAKE DR,1010,1,1.75,2287,Forced Air-Duc,1
138,    125,    113,      0,       ,148 LOST LAKE DR,1010,1,1.75,1814,Hot Water,1
141,    125,    117,      0,       ,9 LOOMIS LN,1010,1,2,2014,Hot Water,1
144,    125,     12,      0,       ,95 BEECHER RD,1010,1,1,1928,Forced Air-Duc,1
148,    125,    107,      0,       ,158 LOST LAKE DR,1010,1,2,2048,Hot Water,1
150,    125,    109,      0,       ,15 RHODENDA RD,1010,1,1,1180,Forced Air-Duc,1
152,    125,    111,      0,       ,11 RHODENDA RD,1010,1,1,818,Forced Air-Duc,1
156,    125,    100,      0,       ,20 CYPRESS RD,1010,1,2,1698,Hot Water,1
158,    125,    102,      0,       ,14 CYPRESS RD,1010,1,1,946,Forced Air-Duc,1
159,    125,    103,      0,       ,12 CYPRESS RD,1010,1,1,840,Forced Air-Duc,1
160,    125,    104,      0,       ,10 CYPRESS RD,1010,1,1,972,Forced Air-Duc,1
162,    125,     95,      0,       ,5 CYPRESS RD,1010,1,2,1568,Hot Water,1
163,    125,     94,      0,       ,174 LOST LAKE DR,1040,1,2,1374,Hot Water,1
164,    125,     93,      0,       ,176 LOST LAKE DR,1010,1,1,1110,Forced Air-Duc,1
166,    125,     97,      0,       ,9 CYPRESS RD,1010,1,2,1664,Forced Air-Duc,1
167,    125,     98,      0,       ,11 CYPRESS RD,1010,1,1,882,Forced Air-Duc,1
168,    125,     99,      0,       ,19 CYPRESS RD,1010,1,1,1093,Hot Water,1
169,    124,     78,      0,       ,23 CYPRESS RD,1010,1,1,630,Forced Air-Duc,1
171,    125,     88,      0,       ,186 LOST LAKE DR,1010,1,1.75,1615,Electr Basebrd,1
172,    125,     89,      0,       ,9 WHITEWOOD RD,1010,1,1,448,Forced Air-Duc,1
173,    125,     90,      0,       ,11 WHITEWOOD RD ,1010,1,1,956,Hot Water,1
174,    124,     56,      0,       ,15 WHITEWOOD RD,1010,1,1,504,Forced Air-Duc,1
175,    124,     57,      0,       ,23 WHITEWOOD RD,1010,1,1.75,1058,None,1
175,    124,     57,      0,       ,23 WHITEWOOD RD,1010,2,1.5,941,None,1
179,    124,     61,      0,       ,29 WHITEWOOD RD,1010,1,1.75,1382,Hot Water,1
180,    124,     50,      0,       ,34 INDIAN RD,1010,1,2,2961,Forced Air-Duc,1
184,    124,     52,      0,       ,32 INDIAN RD,1010,1,2,1120,Forced Air-Duc,1
186,    124,     54,      0,       ,24 INDIAN RD,1010,1,2,1812,Forced Air-Duc,1
188,    125,     87,      0,       ,10 INDIAN RD,1010,1,1,1708,Forced Air-Duc,1
191,    125,     85,      0,       ,194 LOST LAKE DR,1010,1,1,2112,Forced Air-Duc,1
195,    124,     36,      0,       ,23 INDIAN RD,1010,1,2,1156,Forced Air-Duc,1
196,    124,     37,      0,       ,25 INDIAN RD ,1010,1,1,1456,Forced Air-Duc,1
197,    124,     38,      0,       ,33 INDIAN RD,1010,1,1,800,None,1
198,    124,     39,      0,       ,35 INDIAN RD,1010,1,1,1102,Electr Basebrd,1
199,    124,     40,      0,       ,41 INDIAN RD,1010,1,2,1274,Electr Basebrd,1
200,    124,     26,      0,       ,42 TAVERN RD,1010,1,2,1120,Forced Air-Duc,1
201,    124,     27,      0,       ,40 TAVERN RD,1010,1,2,1400,Forced Air-Duc,1
202,    124,     30,      0,       ,16A-16B TAVERN RD ,1040,1,2,2200,Forced Air-Duc,1
204,    124,     32,      0,       ,8 TAVERN RD,1010,1,2,2944,Forced Air-Duc,1
206,    124,     13,      0,       ,206 LOST LAKE DR,1010,1,1,1080,Forced Air-Duc,1
207,    124,     12,      0,       ,210 LOST LAKE DR,1010,1,1,1516,Forced Air-Duc,1
208,    124,     15,      0,       ,9 TAVERN RD,1010,1,2,2765,Forced Air-Duc,1
209,    124,     16,      0,       ,15 TAVERN RD,1010,1,2,1092,Forced Air-Duc,1
210,    124,     17,      0,       ,25 TAVERN RD,1010,1,2,2826,Forced Air-Duc,1
212,    124,      9,      0,       ,CEDAR RD,1010,1,1,504,None,1
214,    124,     10,      0,       ,16 CEDAR RD,1010,1,1,1653,Forced Air-Duc,1
215,    124,     11,      0,       ,10 CEDAR RD,1010,1,1,925,Hot Water,1
216,    129,    281,      0,       ,214 LOST LAKE DR,1010,1,1,600,Floor Furnace,1
218,    129,    282,      0,       ,11 CEDAR RD,1010,1,1,510,Forced Air-Duc,1
222,    124,      6,      0,       ,21 CEDAR RD,1010,1,1,904,Forced Air-Duc,1
225,    124,      2,      0,       ,34 LONGFELLOW RD,1010,1,1,886,Forced Air-Duc,1
226,    124,      3,      0,       ,30 LONGFELLOW RD,1010,1,2,1152,Forced Air-Duc,1
228,    129,    274,      0,       ,22 LONGFELLOW RD,1010,1,1.75,1300,Forced Air-Duc,1
232,    129,    278,      0,       ,10 LONGFELLOW RD,1010,1,2,2422,Forced Air-Duc,1
234,    129,    267,      0,       ,230 LOST LAKE DR,1010,1,1.75,1728,Hot Water,1
235,    129,    265,      0,       ,6 ARROW TRL,1010,1,2,1536,Hot Water,1
237,    129,    268,      0,       ,13 LONGFELLOW RD,1010,1,2,1408,Hot Water,1
238,    129,    269,      0,       ,17 LONGFELLOW RD,1010,1,2,1120,Forced Air-Duc,1
239,    129,    270,      0,       ,21 LONGFELLOW RD,1010,1,2,1632,Hot Water,1
240,    129,    271,      0,       ,29 LONGFELLOW RD,1010,1,2,1664,Forced Air-Duc,1
242,    129,    258,      0,       ,40 ARROW TRL,1010,1,1,2138,Forced Air-Duc,1
244,    129,    260,      0,       ,34 ARROW TRL,1010,1,1,448,Forced Air-Duc,1
245,    129,    261,      0,       ,30 ARROW TRL,1010,1,1,868,Hot Water,1
247,    129,    264,      0,       ,22 ARROW TRL,1010,1,1.5,1205,Hot Water,1
248,    129,    240,      0,       ,242 LOST LAKE DR,1010,1,2,1399,Hot Water,1
249,    129,    241,      0,       ,7 ARROW TRL,1010,1,2,1888,Hot Water,1
250,    129,    242,      0,       ,15 ARROW TRL,1010,1,1.75,1862,Hot Water,1
251,    129,    243,      0,       ,27 ARROW TRL,1010,1,1,622,Hot Water,1
252,    129,    236,      0,       ,14 BALSAM WALK,1010,1,1.5,1748,Hot Water,1
256,    129,    229,      0,       ,6 BOATHOUSE RD,1010,1,1,994,Hot Water,1
257,    129,    230,      0,       ,288 LOST LAKE DR ,1010,1,2,1792,Hot Water,1
259,    129,    227,      0,       ,14 BOATHOUSE RD,1010,1,1.5,1240,Forced Air-Duc,1
261,    129,    225,      0,       ,28 BOATHOUSE RD,1010,1,2,920,Forced Air-Duc,1
267,    129,    184,      0,       ,7 BOATHOUSE RD,1010,1,1,924,Forced Air-Duc,1
268,    129,    185,      0,       ,11 BOATHOUSE RD,1010,1,2,1428,Forced Air-Duc,1
271,    129,    190,      0,       ,29 BOATHOUSE RD,1013,1,1.75,2869,Hot Water,1
272,    129,    191,      0,       ,37 BOATHOUSE RD ,1013,1,2,2018,Forced Air-Duc,1
277,    129,      2,      0,       ,241 LOST LAKE DR,1010,1,2.5,2214,Forced Air-Duc,1
281,    129,      7,      0,       ,243 LOST LAKE DR,1090,1,1,1118,Forced Air-Duc,1
281,    129,      7,      0,       ,243 LOST LAKE DR,1090,2,1,680,Forced Air-Duc,1
282,    129,      8,      0,       ,245 LOST LAKE DR,1010,1,1,1113,Forced Air-Duc,1
283,    129,      9,      0,       ,265 LOST LAKE DR,1040,1,2.75,2765,Hot Water,1
284,    129,     10,      0,       ,271 LOST LAKE DR,1010,1,1,984,Hot Water,1
285,    129,    232,      0,       ,5A BALSAM WALK ,1040,1,2,2907,Electr Basebrd,1
287,    129,    233,      0,       ,11 BALSAM WALK,1010,1,1,960,Hot Water,1
288,    129,    234,      0,       ,19 BALSAM WALK,1010,1,1,700,Forced Air-Duc,1
292,    129,    244,      0,       ,29 ARROW TRL ,1010,1,2.5,2283,Forced Air-Duc,1
313,    124,     46,      0,       ,48 INDIAN RD,1010,1,2,1008,Electr Basebrd,1
315,    124,     41,      0,       ,47 INDIAN RD,1010,1,1,844,Hot Water,1
321,    129,    214,      0,       ,72 BOATHOUSE RD ,1010,1,1,364,None,1
324,    129,    211,      0,       ,88 BOATHOUSE RD,1010,1,1,375,None,1
325,    130,     93,      0,       ,98 BOATHOUSE RD,1013,1,2,912,Forced Air-Duc,1
326,    123,     30,      0,       ,100 BOATHOUSE RD,1013,1,2,880,None,1
327,    129,    196,      0,       ,47 BOATHOUSE RD,1013,1,2,2038,Hot Water,1
328,    129,    197,      0,       ,49 BOATHOUSE RD,1013,1,1,660,None,1
330,    129,    199,      0,       ,63 BOATHOUSE RD,1013,1,1,320,None,1
331,    129,    201,      0,       ,65 BOATHOUSE RD,1013,1,2,1236,Hot Water,1
332,    129,    202,      0,       ,67 BOATHOUSE RD,1013,1,1,841,Hot Water,1
333,    129,    204,      0,       ,69 BOATHOUSE RD,1013,1,2,1725,Forced Air-Duc,1
334,    129,    205,      0,       ,77 BOATHOUSE RD,1013,1,2,2006,Forced Air-Duc,1
336,    129,    208,      0,       ,85 BOATHOUSE RD,1013,1,2,870,Forced Air-Duc,1
337,    129,    209,      0,       ,89 BOATHOUSE RD,1013,1,1,792,Forced Air-Duc,1
338,    129,    210,      0,       ,91 BOATHOUSE RD,1013,1,1,468,None,1
339,    130,     90,      0,       ,90 BOATHOUSE RD,1013,1,1,667,Forced Air-Duc,1
340,    130,     91,      0,       ,99 BOATHOUSE RD,1010,1,1.75,1823,Forced Air-Duc,1
341,    130,     92,      0,       ,101 BOATHOUSE RD,1013,1,1,560,Forced Air-Duc,1
346,    124,     44,      0,       ,58 INDIAN RD,1010,1,1.75,797,Forced Air-Duc,1
348,    124,     42,      0,       ,55 INDIAN RD,1010,1,1,948,Electr Basebrd,1
349,    124,     25,      1,       ,50 TAVERN RD,1010,1,2,1894,Forced Air-Duc,1
353,    129,    251,      0,       ,50 ARROW TRL,1010,1,1,1176,Forced Air-Duc,1
356,    129,    252,      0,       ,46 ARROW TRL,1010,1,1,448,None,1
357,    124,     24,      0,       ,119 TAVERN RD,0101,1,1.5,1850,Radiant,1
360,    129,    183,      0,       ,1 BOATHOUSE RD,1010,1,1,1246,Forced Air-Duc,1
363,    129,     40,      0,       ,4 VALLEY RD,1010,1,1,492,None,1
364,    129,     39,      0,       ,8 VALLEY RD,1010,1,2,804,Hot Water,1
365,    129,     38,      0,       ,14 VALLEY RD,1010,1,1,364,None,1
366,    129,     44,      0,       ,315 LOST LAKE DR,1013,1,1,1182,Forced Air-Duc,1
370,    129,     14,      0,       ,277 LOST LAKE DR,1010,1,1,1738,Forced Air-Duc,1
375,    129,    159,      0,       ,7 BABY BEACH RD,1013,1,2,1454,Forced Air-Duc,1
376,    129,    158,      0,       ,5 BABY BEACH RD,1013,1,1,336,None,1
377,    129,    157,      0,       ,302 LOST LAKE DR,1013,1,1,592,Hot Water,1
378,    129,    156,      0,       ,330 LOST LAKE DR,1013,1,2,2364,Forced Air-Duc,1
379,    129,    155,      0,       ,338 LOST LAKE DR,1013,1,1,948,Hot Water,1
381,    129,    153,      0,       ,6 MOUNTAIN LAKES TRL ,1013,1,1,640,Forced Air-Duc,1
383,    129,    151,      0,       ,8 MOUNTAIN LAKES TRL ,1013,1,1,784,Forced Air-Duc,1
384,    129,    150,      0,       ,10 MOUNTAIN LAKES TRL ,1013,1,2,1140,Forced Air-Duc,1
385,    129,    149,      0,       ,16 MOUNTAIN LAKES TRL ,1013,1,1.5,1856,Radiant,1
387,    129,     90,      0,       ,8 LONE LN ,1010,1,1.75,3134,Forced Air-Duc,1
389,    129,     92,      0,       ,4 LONE LN,1010,1,1,546,Floor Furnace,1
390,    129,     93,      0,       ,333 LOST LAKE DR,1010,1,2,1636,Hot Water,1
401,    129,     26,      0,       ,53 VALLEY RD,1010,1,1,1316,Hot Water,1
404,    129,     17,      0,       ,5 RIDGE RD,1010,1,1,652,Forced Air-Duc,1
407,    129,     32,      0,       ,9 VALLEY RD,1010,1,1,868,Hot Water,1
408,    129,     33,      0,       ,13 VALLEY RD,1010,1,2,1536,Hot Water,1
409,    129,     34,      0,       ,21 VALLEY RD,1010,1,1.75,1469,Hot Water,1
410,    129,     35,      0,       ,9 GEORGIA RD ,1010,1,2,1008,None,1
411,    129,     29,      0,       ,36 GEORGIA RD ,1010,1,1,1198,Forced Air-Duc,1
412,    128,      8,      0,       ,49 VALLEY RD,1010,1,1,1400,None,1
415,    128,     12,      0,       ,50 VALLEY RD,1013,1,2,2551,Forced Air-Duc,1
417,    129,     53,      0,       ,23 WHITNEY POND RD,1013,1,1.75,1562,Hot Water,1
421,    129,    126,      0,       ,8 PINE TRL,1010,1,2,1887,Forced Air-Duc,1
425,    129,     84,      0,       ,28 LONE LN #A-B,1040,1,2,2172,Forced Air-Duc,1
434,    129,     50,      0,       ,17 WHITNEY POND RD,1010,1,1,552,Forced Air-Duc,1
435,    129,     54,      0,       ,25 WHITNEY POND RD,1013,1,1,780,Hot Water,1
437,    129,     56,      0,       ,27 WHITNEY POND RD,1013,1,3,1427,Forced Air-Duc,1
438,    129,     58,      0,       ,35 WHITNEY POND RD,1013,1,1,768,Electr Basebrd,1
439,    250,     97,      0,       ,41 WHITNEY POND RD,1013,1,1,900,None,1
442,    129,     61,      0,       ,22 WHITNEY POND RD,1010,1,1,464,None,1
444,    129,     64,      0,       ,14 WHITNEY POND RD,1010,1,1,908,None,1
454,    250,    101,      0,       ,8 LONG COPE RD #A-B,1040,1,2,2260,Hot Water,1
455,    129,     75,      0,       ,2 LONG COPE RD #A-B,1040,1,2,2616,Forced Air-Duc,1
456,    129,     70,      0,       ,19 LONE LN,1010,1,2,1368,Forced Air-Duc,1
458,    129,    179,      0,       ,25 ROSS RD,1013,1,2,1332,Forced Air-Duc,1
459,    129,    169,      0,       ,30 BABY BEACH RD,1013,1,2,801,Electr Basebrd,1
460,    129,    168,      0,       ,34 BABY BEACH RD ,1013,1,1,480,None,1
462,    129,    166,      0,       ,29 BABY BEACH RD,1013,1,2,680,Hot Water,1
464,    129,    163,      0,       ,19 BABY BEACH RD ,1013,1,2,1428,Hot Water,1
467,    129,    147,      0,       ,22 MOUNTAIN LAKES TRL ,1013,1,1.75,1714,Forced Air-Duc,1
468,    129,    146,      0,       ,28 MOUNTAIN LAKES TRL ,1013,1,1,748,Floor Furnace,1
469,    129,    145,      0,       ,36 MOUNTAIN LAKES TRL ,1013,1,1,1111,Forced Air-Duc,1
470,    129,    142,      0,       ,38 MOUNTAIN LAKES TRL ,1013,1,1,720,Forced Air-Duc,1
471,    129,    141,      0,       ,40 MOUNTAIN LAKES TRL ,1013,1,2,1168,Forced Air-Duc,1
472,    129,    140,      0,       ,46 MOUNTAIN LAKES TRL ,1013,1,2,1728,Forced Air-Duc,1
473,    129,    139,      0,       ,48 MOUNTAIN LAKES TRL ,1013,1,1.5,1290,Hot Air-no Duc,1
477,    130,     79,      0,       ,14 PAUL REVERE RD,1013,1,1,411,None,1
478,    130,     83,      0,       ,10 PAUL REVERE RD,1013,1,1,544,Floor Furnace,1
481,    129,    136,      0,       ,52 MOUNTAIN LAKES TRL ,1013,1,1,1470,Electr Basebrd,1
484,    130,     74,      0,       ,WENUCHAS TRL,1013,1,1,280,None,1
485,    130,     73,      0,       ,WENUCHAS TRL,1013,1,1,464,None,1
487,    130,     71,      0,       ,65 RAWDING RD,1090,1,2,1422,Forced Air-Duc,1
487,    130,     71,      0,       ,65 RAWDING RD,1090,2,1,840,Forced Air-Duc,1
487,    130,     71,      0,       ,65 RAWDING RD,1090,3,1,440,Electr Basebrd,1
488,    130,     69,      0,       ,55 WENUCHAS TRL,1013,1,1.75,4046,Forced Air-Duc,1
490,    130,     67,      0,       ,2 ALDER RD,1013,1,1,854,Forced Air-Duc,1
491,    130,     66,      0,       ,4 ALDER RD ,1013,1,2,1544,Forced Air-Duc,1
492,    130,     65,      0,       ,6 ALDER RD,1013,1,1,804,Floor Furnace,1
493,    130,     64,      0,       ,14 JUNIPER PT,1013,1,1.75,1197,Hot Water,1
493,    130,     64,      0,       ,14 JUNIPER PT,1013,2,1,312,Forced Air-Duc,1
494,    130,     63,      0,       ,18 JUNIPER PT,1013,1,1,858,Forced Air-Duc,1
495,    130,     62,      0,       ,11 JUNIPER PT,1013,1,2,2996,Hot Water,1
501,    129,    132,      0,       ,41 MOUNTAIN LAKES TRL ,1040,1,1,936,Forced Air-Duc,1
502,    129,    131,      0,       ,39 MOUNTAIN LAKES TRL ,1010,1,2,1164,Hot Water,1
503,    129,    130,      0,       ,29 MOUNTAIN LAKES TRL ,1010,1,1.75,2580,Forced Air-Duc,1
504,    129,    129,      0,       ,21 MOUNTAIN LAKES TRL ,1040,1,2,4804,Forced Air-Duc,1
505,    129,    128,      0,       ,17 MOUNTAIN LAKES TRL ,1010,1,1,524,Hot Water,1
507,    129,    124,      0,       ,18 PINE TRL,1010,1,1,920,Hot Water,1
514,    129,    112,      0,       ,11 PINE TRL,1010,1,2,1834,Forced Air-Duc,1
518,    129,    116,      0,       ,374 LOST LAKE DR,1010,1,2,2872,Forced Air-Duc,1
520,    130,     28,      0,       ,386 LOST LAKE DR,1010,1,1.75,2401,Forced Air-Duc,1
521,    129,    118,      0,       ,31 PINE TRL,1010,1,2,2931,Forced Air-Duc,1
522,    129,    119,      0,       ,35 PINE TRL,1010,1,1.75,1917,Forced Air-Duc,1
526,    129,    111,      0,       ,409 LOST LAKE DR,1010,1,2,3609,Forced Air-Duc,1
527,    130,     31,      0,       ,423 LOST LAKE DR,1010,1,2,2254,Forced Air-Duc,1
528,    130,     34,      0,       ,431 LOST LAKE DR,1010,1,2,2752,Forced Air-Duc,1
530,    130,     36,      0,       ,437 LOST LAKE DR,1010,1,1,1755,Electr Basebrd,1
536,    129,    109,      0,       ,365 LOST LAKE DR,1010,1,1.75,1591,Hot Water,1
537,    130,     26,      0,       ,400 LOST LAKE DR,1010,1,2,2211,Forced Air-Duc,1
539,    130,      7,      0,       ,57 PINE TRL,1010,1,2,2221,Forced Air-Duc,1
540,    130,     22,      0,       ,452 LOST LAKE DR,1010,1,2,2223,Forced Air-Duc,1
542,    130,     19,      0,       ,470 LOST LAKE DR,1010,1,2,1728,Forced Air-Duc,1
547,    130,      5,      0,       ,53 PINE TRL,1010,1,2,1374,Forced Air-Duc,1
549,    130,     88,      0,       ,52 PINE TRL,1010,1,2,1824,Electr Basebrd,1
550,    130,     85,      0,       ,58 PINE TRL,1040,1,1,1080,Hot Water,1
555,    130,     13,      0,       ,474 LOST LAKE DR,1010,1,1,1104,Hot Water,1
556,    130,     77,      0,       ,76 PINE TRL,1010,1,2,1664,Forced Air-Duc,1
557,    130,     76,      0,       ,80 PINE TRL,1010,1,2,2240,Forced Air-Duc,1
559,    130,     37,      0,       ,453 LOST LAKE DR,1010,1,1.75,2549,Hot Water,1
560,    130,     39,      0,       ,475 LOST LAKE DR,1010,1,2,3154,Forced Air-Duc,1
561,    130,     40,      0,       ,360 WHILEY RD,1010,1,1,1296,Electr Basebrd,1
563,    130,     41,      0,       ,358 WHILEY RD,1010,1,1,1610,Forced Air-Duc,1
569,    130,     49,      0,       ,16 MOOSE TRL,1010,1,1,920,Hot Water,1
575,    123,     25,      0,       ,74 WEYMISSET RD,1010,1,1,2407,Forced Air-Duc,1
578,    122,    107,      0,       ,26 RADIO RD,1010,1,1.75,3032,Forced Air-Duc,1
579,    131,     56,      0,       ,23 RADIO RD ,1013,1,1,1109,Forced Air-Duc,1
582,    123,     14,      0,       ,12 HIGHLAND RD,1013,1,2,3905,Forced Air-Duc,1
583,    123,      9,      0,       ,3 HIGHLAND RD,1013,1,2,1360,Hot Water,1
584,    123,     10,      0,       ,11 HIGHLAND RD,1013,1,2,2240,Electr Basebrd,1
589,    123,     18,      0,       ,14 RUSTIC TRL,1013,1,2,4930,Hot Water,1
590,    123,     17,      0,       ,10 RUSTIC TRL,1090,1,2,2698,Hot Water,1
590,    123,     17,      0,       ,10 RUSTIC TRL,1090,2,1,730,None,1
593,    123,     11,      0,       ,26 HIGHLAND RD,1013,1,1,1536,Hot Water,1
595,    123,     12,      0,       ,20 HIGHLAND RD,1013,1,1.75,1260,Forced Air-Duc,1
597,    122,    105,      0,       ,102 WEYMISSET RD ,1013,1,1,2842,Forced Air-Duc,1
599,    130,     54,      0,       ,15 MOOSE TRL,1013,1,1,728,None,1
601,    130,     56,      0,       ,21 MOOSE TRL,1013,1,1,2510,Forced Air-Duc,1
602,    130,     57,      0,       ,25 MOOSE TRL,1013,1,2,1560,Hot Water,1
615,    202,     71,      0,       ,780 TOWNSEND RD,1010,1,2,1816,Forced Air-Duc,1
616,    202,     70,      0,       ,790 TOWNSEND RD,1010,1,2,2481,Hot Water,1
622,    202,     16,      0,       ,741 TOWNSEND RD,1010,1,1,1176,Hot Water,1
623,    202,     15,      0,       ,733 TOWNSEND RD,1010,1,1.75,1555,Hot Water,1
624,    202,     11,      0,       ,699 TOWNSEND RD,1010,1,2,1728,Hot Water,1
625,    202,     10,      0,       ,697 TOWNSEND RD,1010,1,1,1069,Forced Air-Duc,1
626,    202,      9,      0,       ,687 TOWNSEND RD,1010,1,1,1070,Hot Water,1
627,    202,      8,      0,       ,679 TOWNSEND RD,1010,1,1.75,2255,Hot Water,1
628,    202,      7,      0,       ,671 TOWNSEND RD,1010,1,2,1728,Hot Water,1
629,    202,      6,      0,       ,663 TOWNSEND RD,1010,1,1,1094,Forced Air-Duc,1
630,    202,      5,      0,       ,653 TOWNSEND RD,1010,1,1.75,1747,Electr Basebrd,1
631,    202,     74,      0,       ,762 TOWNSEND RD,1010,1,1.75,1728,Hot Water,1
632,    202,     75,      0,       ,740 TOWNSEND RD,1010,1,1,864,Hot Water,1
637,    203,     31,      0,       ,11 TOWN LINE RD,0130,1,1,992,Forced Air-Duc,1
637,    203,     31,      0,       ,11 TOWN LINE RD,0130,2,1,150,None,1
639,    203,     29,      0,       ,951 TOWNSEND RD,1010,1,1,1452,Forced Air-Duc,1
640,    202,     79,      0,       ,702 TOWNSEND RD,1010,1,1.75,2239,Hot Water,1
642,    202,     78,      0,       ,704 TOWNSEND RD ,1010,1,1.5,1076,Hot Water,1
646,    203,     32,      0,       ,17 TOWN LINE RD,1010,1,1.75,1527,Forced Air-Duc,1
647,    203,     26,      0,       ,931 TOWNSEND RD,1010,1,1,1208,Forced Air-Duc,1
648,    203,     28,      0,       ,945 TOWNSEND RD,1010,1,1.75,2157,Forced Air-Duc,1
650,    202,     48,      0,       ,115 CROSSWINDS DR,1010,1,2,2986,Hot Water,1
651,    203,     10,      0,       ,125 CROSSWINDS DR,1010,1,2,2482,Forced Air-Duc,1
652,    203,     11,      0,       ,135 CROSSWINDS DR,1010,1,2,1632,Hot Water,1
653,    202,     49,      0,       ,31 LAWRENCE DR,1010,1,2,2096,Hot Water,1
654,    202,     50,      0,       ,26 LAWRENCE DR,1010,1,1.75,2578,Hot Water,1
655,    203,     12,      0,       ,16 LAWRENCE DR,1010,1,2,1764,Hot Water,1
656,    203,     13,      0,       ,12 LAWRENCE DR,1010,1,2,2254,Hot Water,1
657,    203,     14,      0,       ,8 LAWRENCE DR,1010,1,2,2605,Hot Water,1
658,    203,     15,      0,       ,143 CROSSWINDS DR,1010,1,2,1764,Forced Air-Duc,1
659,    203,     16,      0,       ,151 CROSSWINDS DR,1010,1,2,2120,Hot Water,1
660,    203,     17,      0,       ,155 CROSSWINDS DR,1010,1,2,1901,Forced Air-Duc,1
661,    203,      8,      0,       ,144 CROSSWINDS DR,1010,1,2,2222,Hot Water,1
662,    203,      9,      0,       ,130 CROSSWINDS DR,1010,1,2,2840,Hot Water,1
663,    202,     51,      0,       ,114 CROSSWINDS DR,1010,1,2,3229,Hot Water,1
665,    203,     50,      0,       ,888 TOWNSEND RD,1010,1,1,972,Steam,1
666,    203,      2,      0,       ,861 TOWNSEND RD,1010,1,1.75,1555,Hot Water,1
667,    203,      3,      0,       ,871 TOWNSEND RD,1010,1,2,2064,Forced Air-Duc,1
668,    203,      4,      0,       ,881 TOWNSEND RD,1010,1,2,1901,Hot Water,1
669,    203,     23,      0,       ,885 TOWNSEND RD ,1010,1,2,2657,Forced Air-Duc,1
670,    203,     24,      0,       ,901 TOWNSEND RD,1010,1,1.75,2076,Forced Air-Duc,1
671,    203,     25,      0,       ,907 TOWNSEND RD,1010,1,2,2595,Hot Water,1
672,    203,     49,      0,       ,904 TOWNSEND RD,1010,1,1.5,1444,Hot Water,1
674,    203,     20,      0,       ,169 CROSSWINDS DR,1010,1,2,2993,Hot Water,1
675,    203,     21,      0,       ,173 CROSSWINDS DR,1010,1,2,2280,Hot Water,1
676,    203,     22,      0,       ,177 CROSSWINDS DR,1010,1,2,2141,Hot Water,1
677,    203,      5,      0,       ,186 CROSSWINDS DR,1010,1,1.75,2077,Hot Water,1
678,    203,      6,      0,       ,178 CROSSWINDS DR,1010,1,2,2174,Hot Water,1
679,    203,      7,      0,       ,170 CROSSWINDS DR,1010,1,2,3296,Hot Water,1
680,    202,     17,      0,       ,757 TOWNSEND RD,1010,1,2,2910,Hot Water,1
681,    202,     18,      0,       ,769 TOWNSEND RD,1010,1,2,1890,Hot Water,1
682,    202,     63,      0,       ,781 TOWNSEND RD,1010,1,2,1750,Hot Water,1
683,    202,     64,      0,       ,791 TOWNSEND RD,1010,1,2,2528,Hot Water,1
684,    202,     65,      0,       ,803 TOWNSEND RD,1010,1,2,2478,Hot Water,1
685,    202,     66,      0,       ,813 TOWNSEND RD,1010,1,2,2171,Hot Water,1
686,    202,     67,      0,       ,825 TOWNSEND RD,1010,1,2,3271,Hot Water,1
687,    202,     68,      0,       ,835 TOWNSEND RD,1010,1,2,1952,Forced Air-Duc,1
688,    203,      1,      0,       ,853 TOWNSEND RD,1010,1,2,2890,Forced Air-Duc,1
689,    202,     59,      0,       ,36 CROSSWINDS DR,1010,1,2,2075,Forced Air-Duc,1
690,    202,     23,      0,       ,41 CROSSWINDS DR,1010,1,2,1900,Hot Water,1
691,    202,     24,      0,       ,47 CROSSWINDS DR,1010,1,2,2301,Hot Water,1
692,    202,     25,      0,       ,5 SQUANNACOOK DR,1010,1,2,1728,Hot Water,1
693,    202,     27,      0,       ,15 SQUANNACOOK DR,1010,1,1.75,3307,Hot Water,1
694,    202,     28,      0,       ,29 SQUANNACOOK DR,1010,1,1.75,1878,Hot Water,1
695,    202,     29,      0,       ,39 SQUANNACOOK DR,1010,1,2,1836,Hot Water,1
696,    202,     30,      0,       ,43 SQUANNACOOK DR ,1010,1,2,2857,Hot Water,1
697,    202,     31,      0,       ,45 SQUANNACOOK DR ,1010,1,1.75,3195,Hot Water,1
698,    202,     32,      0,       ,40 SQUANNACOOK DR,1010,1,2,2582,Hot Water,1
699,    202,     33,      0,       ,36 SQUANNACOOK DR,1010,1,2,2138,Hot Water,1
700,    202,     58,      0,       ,38 CROSSWINDS DR,1010,1,2,2384,Forced Air-Duc,1
701,    202,     34,      0,       ,32 SQUANNACOOK DR ,1010,1,2,1800,Hot Water,1
702,    202,     35,      0,       ,26 SQUANNACOOK DR,1010,1,2,2075,Hot Water,1
703,    202,     36,      0,       ,20 SQUANNACOOK DR,1010,1,2,2435,Hot Water,1
704,    202,     38,      0,       ,15 SPAULDING LN,1010,1,2,2749,Hot Water,1
705,    202,     39,      0,       ,21 SPAULDING LN ,1010,1,1.75,3127,Hot Water,1
706,    202,     40,      0,       ,37 SPAULDING LN,1010,1,2,2212,Hot Water,1
707,    202,     41,      0,       ,38 SPAULDING LN ,1010,1,2,1956,Hot Water,1
708,    202,     42,      0,       ,34 SPAULDING LN,1010,1,1.75,3190,Hot Water,1
709,    202,     43,      0,       ,26 SPAULDING LN ,1010,1,2,3517,Hot Water,1
710,    202,     44,      0,       ,18 SPAULDING LN,1010,1,2,2652,Forced Air-Duc,1
712,    202,     57,      0,       ,62 CROSSWINDS DR,1010,1,1.75,2619,Hot Water,1
713,    202,     45,      0,       ,87 CROSSWINDS DR,1010,1,1.75,2059,Hot Water,1
714,    202,     46,      0,       ,99 CROSSWINDS DR,1010,1,2,2976,Hot Water,1
715,    202,     56,      0,       ,72 CROSSWINDS DR,1010,1,2,2492,Hot Water,1
716,    202,     55,      0,       ,82 CROSSWINDS DR,1010,1,2,2092,Hot Water,1
717,    202,     62,      0,       ,18 CROSSWINDS DR ,1010,1,2,2692,Forced Air-Duc,1
718,    202,     19,      0,       ,19 CROSSWINDS DR,1010,1,2,2100,Hot Water,1
719,    202,     54,      0,       ,86 CROSSWINDS DR,1010,1,1.75,2195,Forced Air-Duc,1
720,    202,     53,      0,       ,94 CROSSWINDS DR,1010,1,2,2163,Hot Water,1
721,    202,     21,      0,       ,29 CROSSWINDS DR,1010,1,2,2218,Forced Air-Duc,1
722,    202,     22,      0,       ,35 CROSSWINDS DR,1010,1,2,2134,Hot Water,1
724,    203,     59,      0,       ,38 BRITT LN ,1010,1,2,2264,Forced Air-Duc,1
725,    203,     58,      0,       ,40 BRITT LN,1010,1,1.75,2380,Forced Air-Duc,1
726,    203,     57,      0,       ,45 BRITT LN,1010,1,2,3500,Forced Air-Duc,1
727,    203,     56,      0,       ,39 BRITT LN,1010,1,2,2032,Forced Air-Duc,1
728,    203,     55,      0,       ,33 BRITT LN ,1010,1,2,2519,Forced Air-Duc,1
729,    203,     54,      0,       ,29 BRITT LN,1010,1,2,2162,Forced Air-Duc,1
730,    203,     53,      0,       ,27 BRITT LN,1010,1,2,1970,Hot Water,1
731,    203,     52,      0,       ,3 BRITT LN,1010,1,2,1800,Forced Air-Duc,1
732,    203,     51,      0,       ,878 TOWNSEND RD,1010,1,2,1844,Forced Air-Duc,1
733,    202,     69,      0,       ,830 TOWNSEND RD,1010,1,1.75,1742,Hot Water,1
734,    203,     65,      0,       ,838 TOWNSEND RD,1010,1,2,1865,Forced Air-Duc,1
735,    203,     64,      0,       ,856 TOWNSEND RD,1010,1,2,2424,Forced Air-Duc,1
736,    203,     63,      0,       ,2 BRITT LN,1010,1,1.75,1842,Forced Air-Duc,1
737,    203,     62,      0,       ,24 BRITT LN ,1010,1,2,2008,Forced Air-Duc,1
738,    203,     61,      0,       ,30 BRITT LN,1010,1,2,2308,Hot Water,1
739,    203,     60,      0,       ,34 BRITT LN,1010,1,2,2118,Forced Air-Duc,1
742,    204,     10,      0,       ,238 CHERRY TREE LN ,1010,1,2,2763,Forced Air-Duc,1
749,    228,      1,      0,       ,605 LONGLEY RD,1010,1,1,1686,Hot Water,1
750,    228,      2,      0,       ,611 LONGLEY RD ,1010,1,2,1632,Electr Basebrd,1
751,    228,      3,      0,       ,617 LONGLEY RD,1010,1,1.75,2285,Forced Air-Duc,1
752,    228,      4,      0,       ,633 LONGLEY RD,1010,1,2,2568,Hot Water,1
753,    228,      5,      0,       ,635 LONGLEY RD,1010,1,2,2280,Hot Water,1
754,    228,      6,      0,       ,643 LONGLEY RD,1010,1,2,2766,Hot Water,1
755,    228,      7,      0,       ,651 LONGLEY RD,1010,1,2,2788,Hot Water,1
756,    228,      8,      0,       ,655 LONGLEY RD,1010,1,1,3642,Hot Water,1
757,    228,      9,      0,       ,657 LONGLEY RD ,1010,1,2,2248,Electr Basebrd,1
758,    228,     10,      0,       ,659 LONGLEY RD,1010,1,2,2658,Forced Air-Duc,1
759,    226,     12,      0,       ,139 SAND HILL RD,1010,1,2,2072,Hot Water,1
760,    226,     11,      0,       ,137 SAND HILL RD,1010,1,2,2036,Hot Water,1
761,    226,     10,      0,       ,117 SAND HILL RD,1010,1,2,2344,Hot Water,1
762,    226,      9,      0,       ,113 SAND HILL RD,1010,1,2,2200,Hot Water,1
763,    226,     23,      0,       ,351 LONGLEY RD ,1010,1,1,1397,Forced Air-Duc,1
764,    226,     22,      0,       ,345 LONGLEY RD,1010,1,2,2050,Forced Air-Duc,1
765,    226,     19,      0,       ,313 LONGLEY RD,1010,1,2,2333,Forced Air-Duc,1
766,    226,     18,      0,       ,203 SAND HILL RD ,1010,1,1.75,3103,Forced Air-Duc,1
767,    226,     20,      0,       ,325 LONGLEY RD,1010,1,2,1687,Hot Water,1
768,    226,     21,      0,       ,331 LONGLEY RD,1010,1,2,1906,Forced Air-Duc,1
769,    226,     17,      0,       ,195 SAND HILL RD,1010,1,1,1560,Forced Air-Duc,1
770,    226,     16,      0,       ,187 SAND HILL RD,1010,1,2,1906,Hot Water,1
771,    226,     13,      0,       ,145 SAND HILL RD,1010,1,2,2614,Forced Air-Duc,1
772,    226,     37,      0,       ,41 SADDLE LN,1010,1,2,2940,Forced Air-Duc,1
773,    226,     38,      0,       ,47 SADDLE LN ,1010,1,2,2464,Forced Air-Duc,1
774,    226,     14,      0,       ,154 SAND HILL RD,1010,1,2,2624,Forced Air-Duc,1
775,    228,     14,      0,       ,700 LONGLEY RD,1010,1,2,2559,Forced Air-Duc,1
776,    228,     12,      0,       ,670 LONGLEY RD,1010,1,3,2184,Forced Air-Duc,1
780,    228,     52,      0,       ,425 NASHUA RD,1010,1,2,3156,Hot Water,1
781,    228,     53,      0,       ,435 NASHUA RD,1010,1,2,1600,Hot Water,1
782,    227,    111,      0,       ,343 NASHUA RD,1010,1,2,2351,Hot Water,1
783,    229,      1,      0,       ,473 NASHUA RD,1040,1,2,2288,Forced Air-Duc,1
784,    228,     56,      0,       ,465 NASHUA RD,1040,1,2,2376,Forced Air-Duc,1
785,    228,     55,      0,       ,447 NASHUA RD,1010,1,2,4180,Forced Air-Duc,1
789,    228,     13,      0,       ,654 LONGLEY RD,1010,1,1,1604,Hot Water,1
790,    228,     49,      0,       ,48 MEADOW VIEW RD,1010,1,2,3634,Forced Air-Duc,1
791,    228,     40,      0,       ,64 MEADOW VIEW RD,1010,1,2,2152,Forced Air-Duc,1
792,    228,     39,      0,       ,74 MEADOW VIEW RD,1010,1,2,2656,Forced Air-Duc,1
793,    228,     37,      0,       ,102 MEADOW VIEW RD,1010,1,2,2356,Forced Air-Duc,1
794,    228,     36,      0,       ,92 OVERLOOK DR ,1010,1,2,2656,Forced Air-Duc,1
795,    228,     35,      0,       ,96 OVERLOOK DR,1010,1,2,2708,Forced Air-Duc,1
796,    228,     34,      0,       ,100 OVERLOOK DR,1010,1,2,3612,Forced Air-Duc,1
797,    228,     33,      0,       ,99 OVERLOOK DR,1010,1,2,3641,Forced Air-Duc,1
798,    228,     32,      0,       ,95 OVERLOOK DR,1010,1,2,2836,Forced Air-Duc,1
799,    228,     31,      0,       ,91 OVERLOOK DR ,1010,1,2,3902,Forced Air-Duc,1
800,    228,     30,      0,       ,79 OVERLOOK DR,1010,1,2,2224,Hot Water,1
801,    228,     48,      0,       ,18 KIRK FARM RD,1010,1,2,2544,Forced Air-Duc,1
802,    228,     29,      0,       ,71 OVERLOOK DR,1010,1,2,2486,Forced Air-Duc,1
803,    228,     28,      0,       ,67 OVERLOOK DR,1010,1,2,2220,Forced Air-Duc,1
804,    228,     27,      0,       ,65 OVERLOOK DR,1010,1,2,5387,Forced Air-Duc,1
805,    227,    115,      0,       ,55 OVERLOOK DR,1010,1,2,3750,Hot Water,1
806,    227,    114,      0,       ,51 OVERLOOK DR ,1010,1,2,2701,Hot Water,1
807,    227,    113,      0,       ,45 OVERLOOK DR,1010,1,2.75,3677,Hot Water,1
808,    227,    112,      0,       ,39 OVERLOOK DR,1010,1,2,2701,Forced Air-Duc,1
809,    228,     21,      0,       ,33 OVERLOOK DR,1010,1,2,2964,Hot Water,1
810,    228,     20,      0,       ,21 OVERLOOK DR,1010,1,1.75,3575,Forced Air-Duc,1
811,    228,     19,      0,       ,15 OVERLOOK DR,1010,1,2,3662,Forced Air-Duc,1
812,    228,     47,      0,       ,22 KIRK FARM RD,1010,1,2,3053,Forced Air-Duc,1
813,    228,     18,      0,       ,7 OVERLOOK DR,1010,1,2.75,4342,Hot Water,1
814,    228,     22,      0,       ,4 OVERLOOK DR,1010,1,2,2926,Hot Water,1
815,    228,     24,      0,       ,80 OVERLOOK DR,1010,1,2,2919,Forced Air-Duc,1
816,    228,     25,      0,       ,68 OVERLOOK DR,1010,1,2,2701,Forced Air-Duc,1
817,    228,     26,      0,       ,60 OVERLOOK DR,1010,1,2,2271,Forced Air-Duc,1
818,    227,    116,      0,       ,50 OVERLOOK DR,1010,1,2,2946,Hot Water,1
819,    228,     50,      0,       ,401 NASHUA RD,0101,1,1.75,1905,Steam,1
820,    228,     46,      0,       ,30 KIRK FARM RD,1010,1,2,2272,Forced Air-Duc,1
821,    228,     45,      0,       ,29 KIRK FARM RD,1010,1,2,2762,Forced Air-Duc,1
822,    228,     44,      0,       ,21 KIRK FARM RD,1010,1,2,2248,Hot Water,1
823,    228,     43,      0,       ,17 KIRK FARM RD,1010,1,2.75,3610,Forced Air-Duc,1
824,    228,     42,      0,       ,11 KIRK FARM RD,1010,1,2,4028,Hot Water,1
825,    228,     41,      0,       ,56 MEADOW VIEW RD ,1010,1,2,2994,Forced Air-Duc,1
828,    227,     68,      0,       ,520 LONGLEY RD,1010,1,2,2560,Hot Water,1
829,    227,     67,      0,       ,530 LONGLEY RD,1010,1,2,2970,Hot Water,1
830,    227,     66,      0,       ,532 LONGLEY RD,1010,1,2,2240,Hot Water,1
831,    227,     65,      0,       ,534 LONGLEY RD,1010,1,2,3040,Hot Water,1
832,    227,     64,      0,       ,536 LONGLEY RD,1010,1,2,3008,Hot Water,1
833,    227,     63,      0,       ,556 LONGLEY RD,1010,1,2,2888,Hot Water,1
834,    227,     62,      0,       ,558 LONGLEY RD,1010,1,1.75,1764,Hot Water,1
835,    227,     61,      0,       ,560 LONGLEY RD,1010,1,2,2744,Hot Water,1
836,    227,     60,      0,       ,562 LONGLEY RD,1010,1,2,2612,Hot Water,1
837,    227,     59,      0,       ,564 LONGLEY RD,1010,1,2,3178,Hot Water,1
838,    227,     58,      0,       ,572 LONGLEY RD,1010,1,2,3977,Hot Water,1
839,    227,     57,      0,       ,574 LONGLEY RD,1010,1,2,2200,Forced Air-Duc,1
842,    227,     70,      0,       ,7 NORTHWOODS RD,1010,1,2,2030,Hot Water,1
843,    227,     79,      0,       ,97 NORTHWOODS RD,1010,1,2,2634,Hot Water,1
844,    227,     84,      0,       ,42 NORTHWOODS RD,1010,1,2,2288,Forced Air-Duc,1
845,    227,     83,      0,       ,48 NORTHWOODS RD,1010,1,2,2080,Hot Water,1
846,    227,     82,      0,       ,54 NORTHWOODS RD,1010,1,2,1936,Forced Air-Duc,1
847,    227,     81,      0,       ,58 NORTHWOODS RD,1010,1,2,2718,Hot Water,1
848,    227,    109,      0,       ,136 NORTHWOODS RD,1010,1,2,2091,Hot Water,1
849,    227,    108,      0,       ,245 NASHUA RD,1010,1,2,2136,Forced Air-Duc,1
850,    227,    107,      0,       ,233 NASHUA RD,1010,1,2,2064,Hot Water,1
851,    227,     71,      0,       ,9 NORTHWOODS RD,1010,1,2,3213,Hot Water,1
852,    227,     72,    852,       ,15 NORTHWOODS RD,1010,1,2,2120,Hot Water,1
853,    227,     73,      0,       ,29 NORTHWOODS RD,1010,1,2,4066,Hot Water,1
854,    227,     74,      0,       ,35 NORTHWOODS RD,1010,1,2,2088,Hot Water,1
855,    227,     75,      0,       ,53 NORTHWOODS RD,1010,1,2,2120,Hot Water,1
856,    227,     76,      0,       ,67 NORTHWOODS RD,1010,1,2,2139,Hot Water,1
857,    227,     77,      0,       ,79 NORTHWOODS RD,1010,1,2,2651,Forced Air-Duc,1
858,    227,     78,      0,       ,87 NORTHWOODS RD,1010,1,2,3160,Hot Water,1
863,    227,    100,      0,       ,28 CHARLES RD,1010,1,2,2640,Hot Water,1
864,    227,     98,      0,       ,30 CHARLES RD,1010,1,2,2562,Hot Water,1
865,    227,     96,      0,       ,29 CHARLES RD,1010,1,1.75,3877,Hot Water,1
866,    227,     97,      0,       ,31 CHARLES RD,1010,1,2,2405,Hot Water,1
867,    227,     95,      0,       ,15 CHARLES RD ,1010,1,2,2644,Hot Water,1
868,    227,     94,      0,       ,159 NASHUA RD,1010,1,1,1138,Hot Water,1
869,    227,    101,      0,       ,169 NASHUA RD,1010,1,2,2442,Hot Water,1
870,    227,    106,      0,       ,219 NASHUA RD,1010,1,2,2204,Hot Water,1
871,    227,    105,      0,       ,205 NASHUA RD,1010,1,1.75,1685,Electr Basebrd,1
872,    227,    103,      0,       ,199 NASHUA RD,1010,1,2,1764,Hot Water,1
873,    227,    102,      0,       ,181 NASHUA RD,1010,1,2,1666,Electr Basebrd,1
874,    227,    104,      0,       ,201 NASHUA RD ,1010,1,2,2383,Hot Water,1
875,    227,     28,      0,       ,573 LONGLEY RD ,1010,1,2,3054,Forced Air-Duc,1
877,    227,     13,      0,       ,499 LONGLEY RD ,1010,1,2,2613,Hot Water,1
878,    227,     22,      0,       ,541 LONGLEY RD,1010,1,1.75,2049,Electr Basebrd,1
879,    227,     24,      0,       ,551 LONGLEY RD ,1010,1,1.75,1954,Hot Water,1
880,    227,     25,      0,       ,555 LONGLEY RD,1010,1,1,1518,Hot Water,1
881,    227,     26,      0,       ,565 LONGLEY RD,1010,1,2,2333,Hot Water,1
882,    227,     14,      0,       ,501 LONGLEY RD,1010,1,1.75,2480,Electr Basebrd,1
883,    227,     15,      0,       ,503 LONGLEY RD,1010,1,1.75,1735,Hot Water,1
884,    227,     16,      0,       ,507 LONGLEY RD,1010,1,2,2382,Hot Water,1
885,    227,     17,      0,       ,509 LONGLEY RD,1010,1,2,2512,Hot Water,1
886,    227,     18,      0,       ,519 LONGLEY RD,1010,1,2,2072,Hot Water,1
887,    227,     19,      0,       ,523 LONGLEY RD,1010,1,2,2222,Forced Air-Duc,1
888,    227,     20,      0,       ,533 LONGLEY RD,1010,1,2,2344,Hot Water,1
889,    227,     21,      0,       ,539 LONGLEY RD,1010,1,2,3056,Hot Water,1
890,    227,     29,      0,       ,146 PAQUAWKET PATH,1010,1,2,2975,Forced Air-Duc,1
891,    227,     39,      0,       ,84 PAQUAWKET PATH,1010,1,2,4336,Electr Basebrd,1
892,    227,     40,      0,       ,76 PAQUAWKET PATH,1010,1,2,3358,Forced Air-Duc,1
893,    227,     41,      0,       ,70 PAQUAWKET PATH,1010,1,2,3092,Hot Water,1
894,    227,     42,      0,       ,62 PAQUAWKET PATH ,1010,1,2,2797,Hot Water,1
895,    227,     43,      0,       ,52 PAQUAWKET PATH,1010,1,1,2116,Hot Water,1
896,    227,     44,      0,       ,40 PAQUAWKET PATH,1040,1,2,3602,Electr Basebrd,1
897,    227,     53,      0,       ,30 PAQUAWKET PATH,1010,1,2,2290,Forced Air-Duc,1
898,    227,     54,      0,       ,20 PAQUAWKET PATH,1010,1,2,2420,Hot Water,1
899,    227,     52,      0,       ,147 PAQUAWKET PATH,1010,1,1.75,4414,Electr Basebrd,1
900,    227,     51,      0,       ,127 PAQUAWKET PATH,1010,1,2,2192,Hot Water,1
901,    227,     30,      0,       ,140 PAQUAWKET PATH,1010,1,2,3531,Hot Water,1
902,    227,     50,      0,       ,113 PAQUAWKET PATH,1010,1,2,2628,Forced Air-Duc,1
903,    227,     49,      0,       ,103 PAQUAWKET PATH,1010,1,2,2272,Electr Basebrd,1
904,    227,     48,      0,       ,81 PAQUAWKET PATH,1010,1,2,2034,Electr Basebrd,1
905,    227,     47,      0,       ,61 PAQUAWKET PATH,1010,1,2,2560,Hot Water,1
906,    227,     46,      0,       ,53 PAQUAWKET PATH,1010,1,2,2076,Electr Basebrd,1
907,    227,     45,      0,       ,43 PAQUAWKET PATH,1010,1,2,2582,Electr Basebrd,1
909,    227,     31,      0,       ,130 PAQUAWKET PATH ,1010,1,1.75,3275,Hot Water,1
910,    227,     32,      0,       ,102 PAQUAWKET PATH,1010,1,2,2872,Hot Water,1
912,    227,     33,      0,       ,116 PAQUAWKET PATH,1010,1,2,2448,Forced Air-Duc,1
913,    227,     34,      0,       ,104 PAQUAWKET PATH,1010,1,2,2308,Electr Basebrd,1
914,    227,     35,      0,       ,100 PAQUAWKET PATH,1010,1,1.75,3848,Hot Water,1
915,    227,     36,      0,       ,98 PAQUAWKET PATH,1010,1,2,2814,Forced Air-Duc,1
916,    227,     38,      0,       ,92 PAQUAWKET PATH,1010,1,2,3413,Hot Water,1
918,    226,     57,      0,       ,378 LONGLEY RD,1010,1,2,1994,Forced Air-Duc,1
919,    226,     56,      0,       ,400 LONGLEY RD,1010,1,1.75,3027,Hot Water,1
920,    226,     55,      0,       ,408 LONGLEY RD,1010,1,1.75,3082,Forced Air-Duc,1
921,    227,     92,      0,       ,414 LONGLEY RD,1010,1,1.75,2135,Forced Air-Duc,1
923,    226,     58,      0,       ,366 LONGLEY RD,1010,1,1.5,1414,Hot Water,1
925,    226,     70,      0,       ,105 NASHUA RD,1010,1,2,3116,Electr Basebrd,1
926,    226,     71,      0,       ,103 NASHUA RD ,1010,1,1,2336,Hot Water,1
927,    226,     73,      0,       ,115 NASHUA RD,1010,1,2,3172,Electr Basebrd,1
928,    226,     75,      0,       ,133 NASHUA RD,1010,1,1,1288,Hot Water,1
929,    226,     74,      0,       ,119 NASHUA RD,1010,1,2,1764,Hot Water,1
930,    226,     72,      0,       ,109 NASHUA RD,1010,1,1.5,998,Electr Basebrd,1
931,    226,     60,      0,       ,340 LONGLEY RD,1010,1,2,4222,Forced Air-Duc,1
932,    226,     62,      0,       ,284 LONGLEY RD ,1010,1,1.75,2189,Hot Water,1
933,    226,     64,      0,       ,21 NASHUA RD,1010,1,2,1774,Hot Water,1
934,    226,     66,      0,       ,37 NASHUA RD,1010,1,1.75,2090,Hot Water,1
935,    226,     65,      0,       ,29 NASHUA RD,1010,1,2,2132,Electr Basebrd,1
936,    226,     68,      0,       ,75 NASHUA RD,1010,1,1,1356,Hot Water,1
937,    226,     69,      0,       ,77 NASHUA RD,1010,1,1,2524,Electr Basebrd,1
938,    226,     61,      0,       ,314 LONGLEY RD,1010,1,1,1392,Forced Air-Duc,1
939,    226,     59,      0,       ,350 LONGLEY RD,1010,1,1.75,2200,Hot Water,1
940,    229,     10,      0,       ,21 WYMAN RD,0101,1,2,2324,Steam,1
941,    229,      6,      0,       ,464 NASHUA RD,1010,1,2,2858,Hot Water,1
942,    229,      7,      0,       ,478 NASHUA RD,1010,1,2,1632,Hot Water,1
943,    229,     13,      0,       ,99 WYMAN RD,1010,1,2,2136,Hot Water,1
944,    229,     12,      0,       ,79 WYMAN RD,1010,1,2,2090,Hot Water,1
945,    229,      8,      0,       ,444 NASHUA RD,1010,1,1.75,1805,Hot Water,1
948,    229,     11,      0,       ,65 WYMAN RD,1010,1,1.75,2474,Hot Water,1
949,    229,      5,      0,       ,476 NASHUA RD,1010,1,1.75,1469,Hot Water,1
951,    229,     52,      0,       ,104 WYMAN RD,1010,1,2,2752,Forced Air-Duc,1
952,    229,     53,      0,       ,90 WYMAN RD,1010,1,2,3736,Forced Air-Duc,1
953,    229,     54,      0,       ,64 WYMAN RD,1010,1,2,3065,Forced Air-Duc,1
954,    229,     55,      0,       ,40 WYMAN RD,1010,1,2,2388,Hot Water,1
956,    229,     57,      0,       ,28 WYMAN RD,1010,1,2,2420,Hot Water,1
957,    229,     51,      0,       ,118 WYMAN RD,1010,1,2,3153,Hot Water,1
958,    229,     50,      0,       ,126 WYMAN RD,1010,1,2,3025,Hot Water,1
959,    227,    118,      0,       ,326 NASHUA RD,1010,1,1,2148,Hot Water,1
960,    227,    119,      0,       ,322 NASHUA RD,1010,1,2,2244,Forced Air-Duc,1
961,    227,    120,      0,       ,312 NASHUA RD,1010,1,1,1392,Hot Water,1
962,    227,    121,      0,       ,296 NASHUA RD,1010,1,1,1344,Forced Air-Duc,1
963,    227,    122,      0,       ,292 NASHUA RD,1010,1,1,2816,Hot Water,1
964,    227,    123,      0,       ,278 NASHUA RD,1010,1,1,1824,Forced Air-Duc,1
965,    227,    124,      0,       ,270 NASHUA RD,1010,1,1,1728,Forced Air-Duc,1
966,    227,    125,      0,       ,266 NASHUA RD,1010,1,2,1908,Forced Air-Duc,1
967,    227,    126,      0,       ,250 NASHUA RD,1010,1,2,2316,Forced Air-Duc,1
968,    227,    127,      0,       ,244 NASHUA RD,1010,1,1,1288,Forced Air-Duc,1
969,    227,    128,      0,       ,234 NASHUA RD,1010,1,2,1908,Forced Air-Duc,1
970,    227,    129,      0,       ,230 NASHUA RD,1010,1,1,2227,Hot Water,1
971,    227,    130,      0,       ,216 NASHUA RD,1010,1,2,2046,Forced Air-Duc,1
972,    227,    131,      0,       ,212 NASHUA RD,1010,1,1,1392,Electr Basebrd,1
973,    227,    132,      0,       ,200 NASHUA RD,1010,1,2,1961,Hot Water,1
977,    227,    139,      0,       ,148 NASHUA RD,1010,1,2,2532,Forced Air-Duc,1
978,    226,     79,      0,       ,21 REEDY MEADOW RD,1030,1,1,924,Forced Air-Duc,1
979,    227,    134,      0,       ,176 NASHUA RD,1010,1,2,2603,Hot Water,1
980,    226,     80,      0,       ,33 REEDY MEADOW RD,1010,1,2,2693,Hot Water,1
981,    226,     77,      0,       ,29 REEDY MEADOW RD,1010,1,2,2912,Hot Water,1
982,    226,     76,      0,       ,142 NASHUA RD,1010,1,2,2424,Hot Water,1
984,    226,     81,      0,       ,53 REEDY MEADOW RD,1010,1,2,2180,Hot Water,1
985,    226,     82,      0,       ,59 REEDY MEADOW RD,1010,1,2,2232,Forced Air-Duc,1
986,    226,     83,      0,       ,67 REEDY MEADOW RD,1010,1,2,2158,Electr Basebrd,1
987,    226,     84,      0,       ,75 REEDY MEADOW RD,1010,1,2,2516,Hot Water,1
988,    226,     85,      0,       ,85 REEDY MEADOW RD,1010,1,2,2376,Electr Basebrd,1
989,    226,     86,      0,       ,93 REEDY MEADOW RD,1010,1,2,2566,Forced Air-Duc,1
990,    227,    138,      0,       ,160 NASHUA RD,1010,1,2,1632,Hot Water,1
992,    227,    137,      0,       ,164 NASHUA RD,1010,1,2,2402,Hot Water,1
993,    227,    136,      0,       ,166 NASHUA RD,1010,1,1,1752,Hot Water,1
994,    230,     19,      0,       ,125 REEDY MEADOW RD,1010,1,1.75,2593,Hot Water,1
995,    230,     21,      0,       ,149 REEDY MEADOW RD,1010,1,2,2648,Hot Water,1
996,    230,     20,      0,       ,147 REEDY MEADOW RD,1010,1,2,2400,Hot Water,1
997,    226,    119,      0,       ,218 LONGLEY RD,1010,1,2,4568,Hot Water,1
998,    226,    120,      0,       ,216 LONGLEY RD,1010,1,2,4199,Hot Water,1
999,    226,    118,      0,       ,220 LONGLEY RD,1010,1,2,3125,Hot Water,1
1000,    226,    116,      0,       ,238 LONGLEY RD,1010,1,2,2507,Hot Water,1
1001,    226,    115,      0,       ,250 LONGLEY RD,1010,1,1.75,2119,Hot Water,1
1002,    226,    114,      0,       ,6 NASHUA RD,1010,1,2,2464,Forced Air-Duc,1
1003,    226,    111,      0,       ,22 NASHUA RD,1010,1,2,2000,Forced Air-Duc,1
1004,    226,    113,      0,       ,18 NASHUA RD,1010,1,2,3266,Hot Water,1
1005,    226,    110,      0,       ,32 NASHUA RD,1010,1,2,2320,Hot Water,1
1006,    226,    109,      0,       ,34 NASHUA RD,1010,1,2,3254,Hot Water,1
1007,    226,    112,      0,       ,16 NASHUA RD,1010,1,2,2618,Hot Water,1
1009,    226,    117,      0,       ,236 LONGLEY RD,1010,1,2,2492,Hot Water,1
1011,    226,    107,      0,       ,14 HIGH OAKS PATH,1010,1,2,3306,Forced Air-Duc,1
1012,    226,    101,      0,       ,5 HIGH OAKS PATH,1010,1,2,2772,Hot Water,1
1013,    226,    102,      0,       ,15 HIGH OAKS PATH,1010,1,2,2426,Forced Air-Duc,1
1014,    226,    103,      0,       ,17 HIGH OAKS PATH,1010,1,2,3732,Forced Air-Duc,1
1015,    226,    104,      0,       ,19 HIGH OAKS PATH ,1010,1,1.75,3269,Forced Air-Duc,1
1016,    226,    105,      0,       ,21 HIGH OAKS PATH,1010,1,2,2464,Forced Air-Duc,1
1017,    226,    106,      0,       ,18 HIGH OAKS PATH,1010,1,2,2642,Forced Air-Duc,1
1018,    226,     99,      0,       ,4 MCLAINS WOODS RD,1010,1,2,2954,Forced Air-Duc,1
1019,    231,      6,      0,       ,63 MCLAINS WOODS RD,1010,1,2,2254,Hot Water,1
1020,    231,      5,      0,       ,53 MCLAINS WOODS RD,1010,1,1.75,2806,Hot Water,1
1021,    226,     91,      0,       ,35 MCLAINS WOODS RD,1010,1,2,2214,Forced Air-Duc,1
1022,    226,     90,      0,       ,25 MCLAINS WOODS RD,1010,1,2,2736,Forced Air-Duc,1
1023,    226,     89,      0,       ,7 MCLAINS WOODS RD ,1010,1,2,2688,Forced Air-Duc,1
1024,    226,     88,      0,       ,82 REEDY MEADOW RD,1010,1,1.75,2542,Hot Water,1
1025,    226,     98,      0,       ,14 MCLAINS WOODS RD,1010,1,1.75,2095,Forced Air-Duc,1
1026,    226,     97,      0,       ,16 MCLAINS WOODS RD,1010,1,2,2422,Hot Water,1
1027,    226,     96,      0,       ,20 MCLAINS WOODS RD,1010,1,1.75,2298,Hot Water,1
1028,    226,     93,      0,       ,56 MCLAINS WOODS RD,1010,1,2,3302,Forced Air-Duc,1
1029,    231,     10,      0,       ,71 MCLAINS WOODS RD,1010,1,2,2092,Forced Air-Duc,1
1030,    231,      9,      0,       ,79 MCLAINS WOODS RD,1010,1,2,2192,Hot Water,1
1031,    231,      8,      0,       ,89 MCLAINS WOODS RD,1010,1,2,3388,Hot Water,1
1032,    231,      7,      0,       ,87 MCLAINS WOODS RD,1010,1,2,3136,Hot Water,1
1034,    231,      2,      0,       ,112 REEDY MEADOW RD,1010,1,1.75,1854,Hot Water,1
1035,    226,     87,      0,       ,92 REEDY MEADOW RD,1010,1,1,2089,Forced Air-Duc,1
1037,    231,      3,      0,       ,108 REEDY MEADOW RD,1010,1,2,2842,Hot Water,1
1038,    226,    100,      0,       ,48 REEDY MEADOW RD,1010,1,1.5,2048,Hot Water,1
1043,    227,      4,      0,       ,421 LONGLEY RD,1010,1,1.75,1954,Hot Water,1
1044,    227,      6,      0,       ,447 LONGLEY RD,1010,1,2,3189,Hot Water,1
1045,    227,      7,      0,       ,455 LONGLEY RD,1010,1,1.75,2064,Hot Water,1
1046,    227,      9,      0,       ,463 LONGLEY RD,1010,1,2,2824,Hot Water,1
1047,    227,     10,      0,       ,471 LONGLEY RD,1010,1,2,2416,Hot Water,1
1048,    227,     12,      0,       ,481 LONGLEY RD,1010,1,1,1872,Hot Water,1
1049,    227,     11,      0,       ,479 LONGLEY RD,1010,1,2,5125,Hot Water,1
1050,    227,      8,      0,       ,461 LONGLEY RD,1010,1,2,3168,Hot Water,1
1052,    227,     89,      0,       ,452 LONGLEY RD,1010,1,1,2848,Forced Air-Duc,1
1053,    227,     90,      0,       ,448-450 LONGLEY RD,1040,1,1.75,2592,Hot Water,1
1054,    227,     88,      0,       ,454 LONGLEY RD,1010,1,1,1800,Hot Water,1
1055,    227,     87,      0,       ,456 LONGLEY RD,1010,1,2,3006,Hot Water,1
1056,    227,     86,      0,       ,466 LONGLEY RD ,1010,1,2,3144,Hot Water,1
1057,    227,     85,      0,       ,474 LONGLEY RD,1010,1,1.75,1160,Electr Basebrd,1
1059,    227,      2,      0,       ,409 LONGLEY RD,1010,1,2,2120,Hot Water,1
1061,    226,     36,      0,       ,33 SADDLE LN ,1010,1,2,2260,Hot Air-no Duc,1
1062,    226,     35,      0,       ,21 SADDLE LN,1010,1,1,2231,Hot Water,1
1063,    226,     34,      0,       ,11 SADDLE LN ,1010,1,2,2284,Hot Water,1
1064,    226,     33,      0,       ,5 SADDLE LN,1010,1,2,3143,Hot Water,1
1065,    226,     32,      0,       ,25 DRUMLIN HILL RD,1010,1,2,2624,Hot Water,1
1066,    226,     31,      0,       ,19 DRUMLIN HILL RD,1010,1,2,2448,Hot Water,1
1067,    227,      1,      0,       ,16 DRUMLIN HILL RD,1010,1,2,2273,Forced Air-Duc,1
1068,    226,     54,      0,       ,30 DRUMLIN HILL RD ,1010,1,2,2072,Electr Basebrd,1
1069,    226,     53,      0,       ,44 DRUMLIN HILL RD,1010,1,2,2828,Forced Air-Duc,1
1070,    226,     52,      0,       ,46 DRUMLIN HILL RD,1010,1,2,2400,Forced Air-Duc,1
1071,    226,     51,      0,       ,47 DRUMLIN HILL RD,1010,1,2,2448,Electr Basebrd,1
1072,    226,     50,      0,       ,45 DRUMLIN HILL RD,1010,1,2,2608,Hot Water,1
1073,    226,     47,      0,       ,41 DRUMLIN HILL RD,1010,1,2,2256,Forced Air-Duc,1
1074,    226,     46,      0,       ,37 DRUMLIN HILL RD,1010,1,2,2936,Electr Basebrd,1
1075,    226,     45,      0,       ,12 SADDLE LN,1010,1,1.75,2331,Hot Water,1
1076,    226,     44,      0,       ,22 SADDLE LN,1010,1,2,2180,Electr Basebrd,1
1077,    226,     43,      0,       ,34 SADDLE LN,1010,1,2,2316,Forced Air-Duc,1
1078,    226,     26,      0,       ,371 LONGLEY RD,1010,1,1,1612,Hot Water,1
1079,    226,     24,      0,       ,363 LONGLEY RD,1010,1,1,996,Forced Air-Duc,1
1081,    226,     30,      0,       ,401 LONGLEY RD,1010,1,2,2200,Hot Water,1
1082,    226,     29,      0,       ,389 LONGLEY RD,1010,1,2,2128,Hot Water,1
1083,    226,     28,      0,       ,379 LONGLEY RD,1010,1,2,1704,Hot Water,1
1086,    226,     42,      0,       ,42 SADDLE LN,1010,1,2,2480,Hot Water,1
1087,    226,     41,      0,       ,48 SADDLE LN,1010,1,2,3400,Electr Basebrd,1
1088,    226,     40,      0,       ,52 SADDLE LN,1010,1,2,2152,Hot Water,1
1089,    226,     39,      0,       ,54 SADDLE LN,1010,1,2,2814,Radiant,1
1091,    229,     15,      0,       ,201 NORTH ST ,1010,1,2,2253,Forced Air-Duc,1
1093,    229,     40,      0,       ,63 NORTH ST,1010,1,2,3080,Forced Air-Duc,1
1094,    229,     39,      0,       ,55 NORTH ST,1010,1,1.75,1212,Forced Air-Duc,1
1098,    229,     23,      0,       ,208 NORTH ST,1010,1,1,750,Hot Water,1
1101,    230,     25,      0,       ,219 REEDY MEADOW RD ,1010,1,2,2764,Electr Basebrd,1
1102,    230,     23,      0,       ,231 REEDY MEADOW RD ,1010,1,2,1653,Forced Air-Duc,1
1103,    230,     24,      0,       ,235 REEDY MEADOW RD,1010,1,2,1928,Forced Air-Duc,1
1104,    230,     28,      0,       ,251 REEDY MEADOW RD,1010,1,1.75,2919,Forced Air-Duc,1
1105,    230,     26,      0,       ,239 REEDY MEADOW RD,1010,1,1.75,1555,Hot Water,1
1106,    230,     27,      0,       ,245 REEDY MEADOW RD ,1010,1,1,2516,Hot Water,1
1106,    230,     27,      0,       ,245 REEDY MEADOW RD ,1010,1,2,2516,Hot Air-no Duc,1
1108,    230,     30,      0,       ,285 REEDY MEADOW RD,1010,1,2,2452,Electr Basebrd,1
1110,    230,     48,      0,       ,731 CHICOPEE ROW,1010,1,2,2016,Hot Water,1
1111,    230,     47,      0,       ,711 CHICOPEE ROW,1010,1,2,2506,Hot Water,1
1112,    230,     45,      0,       ,701 CHICOPEE ROW,1010,1,2,2203,Forced Air-Duc,1
1114,    230,     44,      0,       ,691 CHICOPEE ROW,1010,1,2,1828,Forced Air-Duc,1
1115,    230,     43,      0,       ,673 CHICOPEE ROW,1010,1,2,1794,Forced Air-Duc,1
1118,    230,     39,      0,       ,327 REEDY MEADOW RD,1010,1,2,2282,Hot Water,1
1119,    230,     38,      0,       ,321 REEDY MEADOW RD,1010,1,1,1623,Hot Water,1
1120,    230,     37,      0,       ,315 REEDY MEADOW RD,1010,1,2,1728,Hot Water,1
1121,    230,     36,      0,       ,311 REEDY MEADOW RD,1010,1,1,1143,Forced Air-Duc,1
1122,    230,     35,      0,       ,299 REEDY MEADOW RD,1010,1,2,2466,Forced Air-Duc,1
1123,    230,     32,      0,       ,293 REEDY MEADOW RD,1010,1,1.75,1502,Electr Basebrd,1
1124,    230,     33,      0,       ,295 REEDY MEADOW RD,1010,1,2,2640,Hot Water,1
1125,    230,     34,      0,       ,297 REEDY MEADOW RD,1010,1,2,2152,Forced Air-Duc,1
1126,    230,     41,      0,       ,641 CHICOPEE ROW,1010,1,1.75,2378,Forced Air-Duc,1
1127,    230,     12,      0,       ,222 REEDY MEADOW RD,1010,1,2,2460,Forced Air-Duc,1
1128,    230,     13,      0,       ,196 REEDY MEADOW RD,1010,1,2,2288,Hot Water,1
1129,    230,     14,      0,       ,178 REEDY MEADOW RD,1010,1,2,2846,Hot Water,1
1130,    230,     15,      0,       ,160 REEDY MEADOW RD,1010,1,2,2574,Electr Basebrd,1
1131,    230,     16,      0,       ,146 REEDY MEADOW RD,1010,1,2,2236,Hot Water,1
1132,    230,     17,      0,       ,134 REEDY MEADOW RD,1010,1,2,2305,Hot Water,1
1135,    230,      3,      0,       ,324 REEDY MEADOW RD,1010,1,1.75,2487,Hot Water,1
1136,    230,      4,      0,       ,314 REEDY MEADOW RD,1010,1,2,2600,Forced Air-Duc,1
1137,    230,      5,      0,       ,304 REEDY MEADOW RD,1010,1,2,2358,Hot Water,1
1138,    230,      6,      0,       ,290 REEDY MEADOW RD,1010,1,2,2216,Hot Water,1
1139,    230,      7,      0,       ,284 REEDY MEADOW RD,1010,1,1.75,2203,Forced Air-Duc,1
1140,    230,      8,      0,       ,272 REEDY MEADOW RD ,1010,1,1.5,2424,Electr Basebrd,1
1142,    231,     50,      0,       ,569 CHICOPEE ROW ,1010,1,1.75,2388,Forced Air-Duc,1
1143,    230,      1,      0,       ,575 CHICOPEE ROW,1010,1,2,2446,Hot Water,1
1144,    230,      2,      0,       ,585 CHICOPEE ROW,1010,1,1.75,2102,Hot Water,1
1145,    229,     25,      0,       ,182-184 NORTH ST,1090,1,1,1260,Forced Air-Duc,1
1145,    229,     25,      0,       ,182-184 NORTH ST,1090,2,1,962,Floor Furnace,1
1146,    229,     26,      0,       ,174 NORTH ST,1010,1,1.75,2321,Hot Water,1
1147,    229,     24,      0,       ,196 NORTH ST,1010,1,2,2100,Hot Water,1
1149,    231,     46,      0,       ,533 CHICOPEE ROW,1010,1,1.75,3851,Hot Water,1
1150,    231,     47,      0,       ,535 CHICOPEE ROW,1010,1,2,2074,Hot Water,1
1151,    231,     48,      0,       ,549 CHICOPEE ROW,1010,1,2,1942,Forced Air-Duc,1
1152,    231,     49,      0,       ,559 CHICOPEE ROW,1010,1,2,1870,Hot Water,1
1153,    231,     44,      0,       ,485 CHICOPEE ROW,1010,1,1,1132,Hot Water,1
1154,    231,     43,      0,       ,473 CHICOPEE ROW,1010,1,2,1632,Electr Basebrd,1
1155,    231,     42,      0,       ,471 CHICOPEE ROW,1010,1,1,1232,Hot Water,1
1156,    231,     41,      0,       ,459 CHICOPEE ROW,1010,1,2,1421,Hot Water,1
1157,    231,     40,      0,       ,449 CHICOPEE ROW,1010,1,1,1178,Electr Basebrd,1
1158,    231,     39,      0,       ,439 CHICOPEE ROW,1010,1,1.75,2914,Electr Basebrd,1
1160,    230,     50,      0,       ,730 CHICOPEE ROW,1010,1,1,1164,Hot Water,1
1161,    230,     51,      0,       ,712 CHICOPEE ROW,1010,1,1,1170,Hot Water,1
1162,    230,     53,      0,       ,692 CHICOPEE ROW,1040,1,2,1946,Hot Water,1
1163,    230,     52,      0,       ,704 CHICOPEE ROW,1010,1,2,3020,Hot Water,1
1165,    230,     54,      0,       ,686 CHICOPEE ROW,1010,1,2,2128,Forced Air-Duc,1
1166,    230,     55,      0,       ,676 CHICOPEE ROW,1010,1,2,2204,Hot Water,1
1167,    230,     56,      0,       ,674 CHICOPEE ROW,1010,1,2,2064,Hot Water,1
1168,    230,     57,      0,       ,662 CHICOPEE ROW,1010,1,1.75,1782,Hot Water,1
1169,    230,     59,      0,       ,638 CHICOPEE ROW,1010,1,2,2893,Forced Air-Duc,1
1171,    230,     61,      0,       ,622 CHICOPEE ROW,1010,1,2,2280,Hot Water,1
1172,    230,     68,      0,       ,67 RADDIN RD,1010,1,2.5,3811,Hot Water,1
1173,    230,     69,      0,       ,69 RADDIN RD,1010,1,2,2898,Hot Water,1
1174,    244,      5,      0,       ,141 RADDIN RD,1010,1,2,1768,Hot Water,1
1175,    244,      6,      0,       ,145 RADDIN RD,1010,1,1.75,3482,Hot Water,1
1176,    244,      7,      0,       ,149 RADDIN RD,1010,1,1,1442,Hot Water,1
1177,    245,      3,      0,       ,151 RADDIN RD,1010,1,2,2448,Hot Water,1
1178,    245,      4,      0,       ,153 RADDIN RD,1010,1,2,2712,Hot Water,1
1179,    244,      8,      0,       ,157 RADDIN RD,1010,1,1.75,2341,Hot Water,1
1180,    229,     27,      0,       ,166 NORTH ST,1010,1,1.75,2304,Hot Water,1
1181,    229,     28,      0,       ,164 NORTH ST,1010,1,1.5,2720,Hot Water,1
1184,    245,      8,      0,       ,1 DAN PARKER RD ,0101,1,2,4390,Steam,1
1186,    230,     62,      0,       ,9 RADDIN RD,1010,1,2,2076,Forced Air-Duc,1
1187,    230,     63,      0,       ,13 RADDIN RD,1010,1,2,1856,Hot Water,1
1188,    230,     64,      0,       ,25 RADDIN RD,1010,1,2,2544,Hot Water,1
1189,    230,     65,      0,       ,47 RADDIN RD,1010,1,1.75,2014,Forced Air-Duc,1
1190,    230,     66,      0,       ,55 RADDIN RD,1010,1,2,1728,Hot Water,1
1191,    230,     67,      0,       ,59 RADDIN RD,1010,1,2,1872,Hot Water,1
1193,    230,     72,      0,       ,79 RADDIN RD,1010,1,2,2016,Hot Water,1
1194,    231,     51,      0,       ,85 RADDIN RD ,1010,1,2,3383,Hot Water,1
1195,    231,     52,      0,       ,95 RADDIN RD,1010,1,2,2040,Hot Water,1
1196,    244,      1,      0,       ,103 RADDIN RD,1010,1,2,2728,Hot Water,1
1197,    244,      2,      0,       ,113 RADDIN RD,1010,1,2,1828,Hot Water,1
1198,    244,      3,      0,       ,127 RADDIN RD,1010,1,2,1828,Hot Water,1
1199,    244,      4,      0,       ,135 RADDIN RD,1010,1,2,1828,Hot Water,1
1201,    244,     22,      0,       ,134 RADDIN RD,1010,1,1,2602,Hot Water,1
1202,    244,     23,      0,       ,124 RADDIN RD,1010,1,2,1944,Hot Water,1
1203,    244,     24,      0,       ,114 RADDIN RD,1010,1,2,2534,Forced Air-Duc,1
1204,    231,     53,      0,       ,108 RADDIN RD ,1010,1,2,1828,Hot Water,1
1205,    231,     54,      0,       ,94 RADDIN RD,1010,1,2,2284,Hot Water,1
1206,    231,     55,      0,       ,88 RADDIN RD ,1010,1,1.75,1829,Hot Water,1
1207,    230,     73,      0,       ,62 RADDIN RD,1010,1,2,2436,Hot Water,1
1208,    230,     74,      0,       ,58 RADDIN RD ,1010,1,2,2406,Forced Air-Duc,1
1209,    230,     75,      0,       ,48 RADDIN RD,1010,1,2,2396,Hot Water,1
1210,    230,     76,      0,       ,34 RADDIN RD,1010,1,2,1911,Hot Water,1
1211,    230,     77,      0,       ,26 RADDIN RD,1010,1,2,2570,Hot Water,1
1212,    231,     75,      0,       ,508 CHICOPEE ROW,1010,1,1.75,2004,Forced Air-Duc,1
1214,    230,     78,      0,       ,20 RADDIN RD,1010,1,1.75,2663,Hot Water,1
1215,    230,     81,      0,       ,4 RADDIN RD,1010,1,1.75,1676,Hot Water,1
1216,    231,     77,      0,       ,484 CHICOPEE ROW,1010,1,2,1992,Hot Water,1
1217,    230,     79,      0,       ,18 HAWTREE WAY,1010,1,2,2568,Hot Water,1
1218,    231,     57,      0,       ,17 HAWTREE WAY,1010,1,2,2714,Forced Air-Duc,1
1219,    231,     58,      0,       ,21 HAWTREE WAY,1010,1,2,2120,Hot Water,1
1220,    231,     59,      0,       ,29 HAWTREE WAY,1010,1,2,2274,Hot Water,1
1221,    231,     60,      0,       ,37 HAWTREE WAY,1010,1,2,2442,Hot Water,1
1223,    231,     62,      0,       ,53 HAWTREE WAY,1010,1,2,2741,Hot Water,1
1224,    231,     64,      0,       ,57 HAWTREE WAY,1010,1,2,3033,Hot Water,1
1225,    231,     65,      0,       ,59 HAWTREE WAY,1010,1,2.5,2725,Hot Water,1
1226,    231,     66,      0,       ,52 HAWTREE WAY,1010,1,2,2226,Forced Air-Duc,1
1227,    231,     76,      0,       ,486 CHICOPEE ROW,1010,1,2,1919,Hot Water,1
1228,    231,     67,      0,       ,50 HAWTREE WAY,1010,1,2,2479,Hot Water,1
1229,    231,     74,      0,       ,520 CHICOPEE ROW,1010,1,1.75,1640,Hot Water,1
1230,    231,     73,      0,       ,532 CHICOPEE ROW,1010,1,2,1475,Hot Water,1
1231,    231,     72,      0,       ,526 CHICOPEE ROW,1010,1,2,1814,Hot Water,1
1232,    231,     68,      0,       ,46 HAWTREE WAY,1010,1,2,2352,Hot Water,1
1233,    231,     69,      0,       ,36 HAWTREE WAY,1010,1,2,2683,Hot Water,1
1234,    231,     70,      0,       ,30 HAWTREE WAY,1010,1,2,2978,Forced Air-Duc,1
1235,    231,     71,      0,       ,24 HAWTREE WAY,1010,1,2,2036,Hot Water,1
1240,    231,     78,      0,       ,478 CHICOPEE ROW ,1010,1,2,1928,Hot Water,1
1244,    244,     19,      0,       ,144 RADDIN RD,1010,1,1.75,2093,Forced Air-Duc,1
1246,    244,     17,      0,       ,156 RADDIN RD ,1010,1,1.75,2228,Forced Air-Duc,1
1250,    229,     30,      0,       ,128 NORTH ST,1010,1,1.5,2344,Hot Water,1
1251,    229,     31,      0,       ,104 NORTH ST,1010,1,2,1920,Hot Water,1
1252,    229,     29,      0,       ,158 NORTH ST,1010,1,2,2108,Hot Water,1
1253,    229,     42,      0,       ,180 WYMAN RD,1010,1,2,1406,Hot Water,1
1254,    229,     14,      0,       ,179 WYMAN RD,1010,1,2,2896,Hot Water,1
1255,    229,     18,      0,       ,2 YVONNE DR,1010,1,1,2220,Hot Water,1
1256,    229,     19,      0,       ,1 YVONNE DR,1010,1,2,4116,Forced Air-Duc,1
1258,    229,     32,      0,       ,90 NORTH ST,1010,1,2,4244,Forced Air-Duc,1
1260,    229,     34,      0,       ,66 NORTH ST,0130,1,2,2594,Forced Air-Duc,1
1263,    229,     43,      0,       ,174 WYMAN RD,1010,1,2,2527,Hot Water,1
1264,    229,     44,      0,       ,172 WYMAN RD,1010,1,2,2779,Hot Water,1
1265,    229,     46,      0,       ,164 WYMAN RD,1010,1,1.75,2576,Hot Water,1
1266,    229,     45,      0,       ,170 WYMAN RD,1010,1,2,2540,Hot Water,1
1267,    229,     47,      0,       ,160 WYMAN RD,1010,1,2,2416,Hot Water,1
1268,    229,     48,      0,       ,152 WYMAN RD,1010,1,1,1040,Hot Water,1
1269,    229,     49,      0,       ,134 WYMAN RD,1010,1,2,3266,Hot Water,1
1270,    246,      4,      0,       ,1 STONECLEAVE LN,1010,1,2,3050,Hot Water,1
1271,    246,      5,      0,       ,17 STONECLEAVE LN,1010,1,2,2938,Hot Water,1
1272,    246,      6,      0,       ,23 STONECLEAVE LN ,1040,1,2,4368,Hot Water,1
1273,    246,      7,      0,       ,26 STONECLEAVE LN,1010,1,2,3069,Hot Water,1
1274,    246,      8,      0,       ,6 STONECLEAVE LN,1010,1,2,2596,Forced Air-Duc,1
1275,    246,     10,      0,       ,743 OLD DUNSTABLE RD,1010,1,2,2566,Forced Air-Duc,1
1276,    246,      9,      0,       ,723 OLD DUNSTABLE RD,1010,1,1,1240,Forced Air-Duc,1
1278,    247,      9,      0,       ,515 OLD DUNSTABLE RD ,1010,1,2,3234,Forced Air-Duc,1
1279,    247,      5,      0,       ,499 OLD DUNSTABLE RD,1010,1,2,2016,Hot Water,1
1281,    247,      7,      0,       ,505 OLD DUNSTABLE RD,1010,1,2,3280,Forced Air-Duc,1
1283,    247,     10,      0,       ,535 OLD DUNSTABLE RD,1010,1,1,1724,Forced Air-Duc,1
1285,    247,     53,      0,       ,530 OLD DUNSTABLE RD,1010,1,2,2940,Forced Air-Duc,1
1287,    247,     51,      0,       ,566 OLD DUNSTABLE RD,1010,1,2,2192,Hot Water,1
1288,    247,     49,      0,       ,568 OLD DUNSTABLE RD,1010,1,2,2760,Hot Water,1
1289,    247,     48,      0,       ,574 OLD DUNSTABLE RD,1010,1,2,2178,Electr Basebrd,1
1290,    247,     47,      0,       ,580 OLD DUNSTABLE RD,1010,1,2,2528,Forced Air-Duc,1
1291,    247,     46,      0,       ,590 OLD DUNSTABLE RD,1010,1,2,2466,Forced Air-Duc,1
1292,    247,     45,      0,       ,598 OLD DUNSTABLE RD,1010,1,1.75,1783,Forced Air-Duc,1
1293,    247,     44,      0,       ,606 OLD DUNSTABLE RD,1010,1,2,1488,Hot Water,1
1294,    247,     43,      0,       ,616 OLD DUNSTABLE RD,1010,1,2,1568,Hot Water,1
1296,    247,     41,      0,       ,634 OLD DUNSTABLE RD,1010,1,2,2040,Forced Air-Duc,1
1297,    247,     40,      0,       ,16 ISLAND POND RD,1010,1,2,2676,Forced Air-Duc,1
1298,    247,     39,      0,       ,24 ISLAND POND RD,1010,1,2,1997,Hot Water,1
1302,    246,      3,      0,       ,683 OLD DUNSTABLE RD,1010,1,1,1288,Hot Water,1
1303,    247,     12,      0,       ,551 OLD DUNSTABLE RD,1010,1,2,2136,Hot Water,1
1304,    247,     26,      0,       ,46 WHISPERING BROOK RD,1010,1,2,1772,Hot Water,1
1305,    247,     25,      0,       ,54 WHISPERING BROOK RD,1010,1,2,1666,Hot Water,1
1306,    247,     24,      0,       ,58 WHISPERING BROOK RD,1010,1,2,2206,Hot Water,1
1307,    247,     23,      0,       ,62 WHISPERING BROOK RD,1010,1,2,2100,Hot Water,1
1312,    247,     18,      0,       ,625 OLD DUNSTABLE RD,1010,1,2,2304,Forced Air-Duc,1
1313,    247,     17,      0,       ,605 OLD DUNSTABLE RD,1010,1,1.75,1779,Forced Air-Duc,1
1314,    247,     16,      0,       ,597 OLD DUNSTABLE RD,1010,1,1,1695,Forced Air-Duc,1
1315,    247,     15,      0,       ,579 OLD DUNSTABLE RD,1040,1,2,2870,Hot Water,1
1316,    247,     13,      0,       ,561 OLD DUNSTABLE RD,1010,1,2,1803,Hot Water,1
1318,    247,     21,      0,       ,655 OLD DUNSTABLE RD,1010,1,1.75,1901,Hot Water,1
1319,    247,     19,      0,       ,639 OLD DUNSTABLE RD,1010,1,1.75,1989,Hot Water,1
1320,    247,     20,      0,       ,651 OLD DUNSTABLE RD,1010,1,1,1060,Hot Water,1
1322,    246,     12,      0,       ,15 BRYANWOOD LN,1010,1,2,3055,Forced Air-Duc,1
1323,    246,     14,      0,       ,21 BRYANWOOD LN,1010,1,2.5,2904,Forced Air-Duc,1
1324,    246,     15,      0,       ,27 BRYANWOOD LN,1010,1,2,2907,Forced Air-Duc,1
1325,    246,     17,      0,       ,22 BRYANWOOD LN,1010,1,2,3085,Forced Air-Duc,1
1326,    246,     18,      0,       ,16 BRYANWOOD LN,1010,1,2,2685,Forced Air-Duc,1
1327,    246,     19,      0,       ,10 BRYANWOOD LN,1010,1,2.75,3636,Forced Air-Duc,1
1329,    247,     28,      0,       ,7 ISLAND POND RD,1010,1,2,2080,Hot Water,1
1330,    246,     25,      0,       ,686 OLD DUNSTABLE RD,1010,1,2.5,1990,Forced Air-Duc,1
1331,    246,     21,      0,       ,728 OLD DUNSTABLE RD,1010,1,1,1440,Hot Water,1
1332,    246,     22,      0,       ,718 OLD DUNSTABLE RD,1010,1,1,2352,Hot Water,1
1333,    246,     23,      0,       ,712 OLD DUNSTABLE RD ,1050,1,1.75,4436,Hot Water,1
1334,    246,     24,      0,       ,700 OLD DUNSTABLE RD,1010,1,1.75,1685,Electr Basebrd,1
1335,    246,     26,      0,       ,684 OLD DUNSTABLE RD,1010,1,2,3362,Forced Air-Duc,1
1336,    246,     27,      0,       ,678 OLD DUNSTABLE RD,1010,1,1,2078,Forced Air-Duc,1
1337,    246,     28,      0,       ,672 OLD DUNSTABLE RD,1040,1,1,1380,Electr Basebrd,1
1338,    246,     29,      0,       ,660 OLD DUNSTABLE RD,1010,1,1,1296,Hot Water,1
1339,    247,     27,      0,       ,652 OLD DUNSTABLE RD ,1010,1,1,1718,Hot Water,1
1344,    246,     32,      0,       ,65 ISLAND POND RD ,1013,1,1.75,1136,Forced Air-Duc,1
1344,    246,     32,      0,       ,65 ISLAND POND RD ,1013,2,2,1620,Forced Air-Duc,1
1346,    246,     31,      0,       ,63 ISLAND POND RD ,1010,1,1,672,Hot Water,1
1348,    247,     30,      0,       ,67 ISLAND POND RD,1013,1,1,406,Floor Furnace,1
1349,    247,     32,      0,       ,104 ISLAND POND RD,1010,1,1.75,1454,Hot Water,1
1365,    205,      7,      0,       ,491 TOWNSEND RD ,1010,1,2,3056,Forced Air-Duc,1
1377,    202,      4,      0,       ,643 TOWNSEND RD,1010,1,1,1184,Forced Air-Duc,1
1378,    202,      3,      0,       ,635 TOWNSEND RD,1010,1,1,2472,Hot Water,1
1379,    202,      2,      0,       ,623 TOWNSEND RD,1010,1,2,1768,Forced Air-Duc,1
1380,    202,      1,      0,       ,613 TOWNSEND RD,1010,1,1,2112,Forced Air-Duc,1
1381,    201,      1,      0,       ,601 TOWNSEND RD,1010,1,2,1792,Forced Air-Duc,1
1384,    202,     82,      0,       ,674 TOWNSEND RD,1010,1,2,2352,Hot Water,1
1387,    202,     86,      0,       ,650 TOWNSEND RD,1010,1,2,1128,Hot Water,1
1388,    202,     85,      0,       ,656 TOWNSEND RD ,1010,1,1.75,1724,Forced Air-Duc,1
1389,    202,     87,      0,       ,640 TOWNSEND RD,1010,1,2,1632,Hot Water,1
1390,    202,     84,      0,       ,668 TOWNSEND RD,1010,1,2,1824,Hot Water,1
1393,    202,     90,      0,       ,614 TOWNSEND RD,1010,1,1,1220,Electr Basebrd,1
1394,    202,     89,      0,       ,622 TOWNSEND RD,1010,1,1,2603,Hot Water,1
1395,    202,     88,      0,       ,630 TOWNSEND RD,1010,1,2,1776,Hot Water,1
1396,    204,     13,      0,       ,52 FIELDSTONE DR,1010,1,1.75,2088,Hot Water,1
1397,    205,     10,      0,       ,570 TOWNSEND RD,1010,1,1,988,Hot Water,1
1398,    205,      9,      0,       ,594 TOWNSEND RD,1010,1,1.5,1664,Hot Water,1
1404,    206,     23,      0,       ,366 TOWNSEND RD,1010,1,1,856,Hot Water,1
1405,    206,     21,      0,       ,380 TOWNSEND RD,1010,1,1,1300,Hot Water,1
1406,    206,     20,      0,       ,386 TOWNSEND RD,1010,1,1.75,1613,Hot Water,1
1407,    206,     19,      0,       ,396 TOWNSEND RD,1010,1,1,1636,Hot Air-no Duc,1
1408,    205,     39,      0,       ,406 TOWNSEND RD,1010,1,1,944,Forced Air-Duc,1
1409,    205,     38,      0,       ,414 TOWNSEND RD,1010,1,2,1552,Hot Water,1
1410,    205,     37,      0,       ,426 TOWNSEND RD,1010,1,1,1032,Hot Water,1
1411,    205,     33,      0,       ,432 TOWNSEND RD,1010,1,1,1875,Hot Water,1
1412,    205,     35,      0,       ,40 CANDICE LN,1040,1,2,2800,Hot Water,1
1415,    205,     32,      0,       ,440 TOWNSEND RD,1010,1,1,944,Forced Air-Duc,1
1417,    205,     26,      0,       ,494 TOWNSEND RD,1010,1,1.75,1762,Hot Water,1
1418,    205,     27,      0,       ,486 TOWNSEND RD,1010,1,1.75,1731,Hot Water,1
1419,    205,     28,      0,       ,476 TOWNSEND RD,1010,1,1,1518,Hot Water,1
1420,    205,     25,      0,       ,504 TOWNSEND RD,1010,1,1.75,1591,Hot Water,1
1421,    205,     29,      0,       ,468 TOWNSEND RD,1010,1,1.75,2684,Hot Water,1
1422,    205,     30,      0,       ,458 TOWNSEND RD,1010,1,1.75,1687,Forced Air-Duc,1
1423,    205,     31,      0,       ,450 TOWNSEND RD,1010,1,1.75,1469,Forced Air-Duc,1
1424,    206,     27,      0,       ,346 TOWNSEND RD,1010,1,2,2314,Forced Air-Duc,1
1425,    206,     26,      0,       ,354 TOWNSEND RD,1010,1,1,952,Hot Water,1
1426,    206,     25,      0,       ,358 TOWNSEND RD,1010,1,1,849,Hot Water,1
1428,    206,     29,      0,       ,340 TOWNSEND RD,1010,1,1.75,2718,Forced Air-Duc,1
1429,    206,     28,      0,       ,342 TOWNSEND RD,1010,1,2,1981,Forced Air-Duc,1
1431,    206,     31,      0,       ,328 TOWNSEND RD ,0101,1,1.75,1201,Forced Air-Duc,1
1432,    206,     30,      0,       ,338 TOWNSEND RD,1010,1,1.5,1439,Steam,1
1433,    206,     33,      0,       ,308 TOWNSEND RD,1010,1,1.75,1382,Hot Water,1
1434,    213,     62,      0,       ,532 PEPPERELL RD,1010,1,2,1666,Forced Air-Duc,1
1435,    213,     63,      0,       ,524 PEPPERELL RD,1010,1,2,1632,Forced Air-Duc,1
1436,    213,     64,      0,       ,510 PEPPERELL RD,1010,1,2,2002,Forced Air-Duc,1
1437,    213,     65,      0,       ,500 PEPPERELL RD,1010,1,2,1728,Hot Water,1
1441,    213,     59,      0,       ,2 THRONE HILL RD,1010,1,1.75,2324,Forced Air-Duc,1
1442,    213,      6,      0,       ,23 CASTLE DR,1010,1,2,3124,Hot Water,1
1443,    213,      7,      0,       ,35 CASTLE DR,1010,1,2,2090,Hot Water,1
1444,    213,      8,      0,       ,41 CASTLE DR,1010,1,2,1802,Hot Water,1
1445,    213,      9,      0,       ,53 CASTLE DR,1010,1,2,2585,Forced Air-Duc,1
1446,    213,     10,      0,       ,57 CASTLE DR,1010,1,2,2410,Hot Water,1
1447,    213,     11,      0,       ,69 CASTLE DR,1010,1,2,2252,Forced Air-Duc,1
1448,    213,     12,      0,       ,79 CASTLE DR,1010,1,2,3333,Hot Water,1
1449,    213,     13,      0,       ,83 CASTLE DR ,1010,1,2,3059,Hot Water,1
1450,    213,     14,      0,       ,93 CASTLE DR,1010,1,2,2588,Hot Water,1
1451,    213,     15,      0,       ,97 CASTLE DR,1010,1,2,1898,Hot Water,1
1452,    213,     31,      0,       ,517 PEPPERELL RD,1010,1,1.75,3400,Forced Air-Duc,1
1453,    213,     16,      0,       ,99 CASTLE DR,1010,1,2,2090,Hot Water,1
1454,    213,     17,      0,       ,101 CASTLE DR,1010,1,2,2030,Hot Water,1
1455,    213,     18,      0,       ,11 ROOKS RUN,1010,1,2,2136,Hot Water,1
1456,    213,     41,      0,       ,104 CASTLE DR,1010,1,2,2616,Hot Water,1
1457,    213,     42,      0,       ,15 ROOKS RUN,1010,1,1,1638,Electr Basebrd,1
1458,    213,     43,      0,       ,53 THRONE HILL RD,1010,1,2,2136,Hot Water,1
1459,    213,     44,      0,       ,55 THRONE HILL RD,1010,1,1.75,2253,Hot Water,1
1460,    213,     45,      0,       ,56 THRONE HILL RD,1010,1,2,2870,Hot Water,1
1461,    213,     46,      0,       ,54 THRONE HILL RD ,1010,1,2,2596,Hot Water,1
1462,    213,     47,      0,       ,50 THRONE HILL RD,1010,1,2,2100,Hot Water,1
1463,    213,     30,      0,       ,10 BISHOP WAY ,1010,1,2,1470,Hot Water,1
1464,    213,     48,      0,       ,48 THRONE HILL RD,1010,1,2,2588,Forced Air-Duc,1
1465,    213,     49,      0,       ,44 THRONE HILL RD,1010,1,2,2157,Hot Water,1
1466,    213,     50,      0,       ,40 THRONE HILL RD,1010,1,2,2326,Hot Water,1
1467,    213,     51,      0,       ,36 THRONE HILL RD ,1010,1,2,3524,Hot Water,1
1468,    213,     52,      0,       ,32 THRONE HILL RD,1010,1,2,1818,Forced Air-Duc,1
1469,    213,     53,      0,       ,30 THRONE HILL RD,1010,1,2,2310,Hot Water,1
1470,    213,     54,      0,       ,24 THRONE HILL RD,1010,1,2,2225,Hot Water,1
1471,    213,     55,      0,       ,20 THRONE HILL RD,1010,1,2,3438,Hot Water,1
1472,    213,     56,      0,       ,16 THRONE HILL RD,1010,1,2,2150,Hot Water,1
1473,    213,     57,      0,       ,10 THRONE HILL RD,1010,1,2,1872,Hot Water,1
1474,    213,     29,      0,       ,8 BISHOP WAY,1010,1,2,1296,Hot Water,1
1475,    213,     58,      0,       ,6 THRONE HILL RD,1010,1,2,2136,Hot Water,1
1476,    213,     25,      0,       ,9 BISHOP WAY,1010,1,2,1802,Hot Water,1
1477,    213,     24,      0,       ,32 CASTLE DR,1010,1,2,3318,Hot Water,1
1478,    213,     23,      0,       ,36 CASTLE DR,1010,1,2,2192,Hot Water,1
1479,    213,     22,      0,       ,42 CASTLE DR,1010,1,2,3105,Hot Water,1
1480,    213,     21,      0,       ,54 CASTLE DR,1010,1,2,2928,Hot Water,1
1481,    213,     20,      0,       ,62 CASTLE DR,1010,1,2,2496,Hot Water,1
1482,    213,     19,      0,       ,2 ROOKS RUN,1010,1,2,1802,Hot Water,1
1483,    213,     40,      0,       ,12 ROOKS RUN,1010,1,2,1914,Forced Air-Duc,1
1484,    213,     39,      0,       ,37 THRONE HILL RD,1010,1,1.75,3808,Hot Water,1
1485,    213,     28,      0,       ,6 BISHOP WAY,1010,1,2,2090,Forced Air-Duc,1
1486,    213,     38,      0,       ,33 THRONE HILL RD,1010,1,2,2056,Forced Air-Duc,1
1487,    213,     37,      0,       ,29 THRONE HILL RD,1010,1,2,2352,Forced Air-Duc,1
1488,    213,     36,      0,       ,25 THRONE HILL RD,1010,1,1.75,1622,Hot Water,1
1489,    213,     35,      0,       ,21 THRONE HILL RD,1010,1,2,2452,Hot Water,1
1490,    213,     34,      0,       ,15 THRONE HILL RD,1010,1,1.75,3202,Hot Water,1
1491,    213,     33,      0,       ,11 THRONE HILL RD,1010,1,1.75,2955,Forced Air-Duc,1
1492,    213,     32,      0,       ,7 THRONE HILL RD,1010,1,2,1932,Forced Air-Duc,1
1494,    213,     27,      0,       ,4 BISHOP WAY ,1010,1,2,2614,Hot Water,1
1495,    213,     26,      0,       ,2 BISHOP WAY,1010,1,2,1976,Hot Water,1
1496,    213,      4,      0,       ,7 CASTLE DR,1010,1,2,1660,Hot Water,1
1497,    213,      5,      0,       ,15 CASTLE DR,1010,1,2,2696,Hot Water,1
1505,    212,      8,      0,       ,321 PEPPERELL RD,0101,1,1.5,1920,Hot Water,1
1507,    212,      9,      0,       ,331 PEPPERELL RD,1010,1,1,2296,Hot Water,1
1508,    213,      2,      0,       ,409 PEPPERELL RD,1010,1,2,3272,Hot Water,1
1509,    212,     11,      0,       ,351 PEPPERELL RD,1010,1,1,1378,Electr Basebrd,1
1510,    212,     10,      0,       ,341 PEPPERELL RD,1010,1,2,2244,Electr Basebrd,1
1512,    206,     34,      0,       ,296 TOWNSEND RD,1010,1,2,3998,Forced Air-Duc,1
1514,    206,     40,      0,       ,20 PARK DR,1040,1,2,1722,Hot Water,1
1515,    206,     39,      0,       ,28 PARK DR,1010,1,1,1091,Hot Water,1
1516,    206,     38,      0,       ,34 PARK DR,1010,1,1,1284,Forced Air-Duc,1
1517,    206,     37,      0,       ,40 PARK DR,1010,1,2,2668,Forced Air-Duc,1
1518,    206,     36,      0,       ,46 PARK DR,1040,1,2,2815,Forced Air-Duc,1
1524,    103,      5,      0,       ,176 KEMP ST,1010,1,2,1344,Steam,1
1525,    206,     43,      0,       ,29 VOSE AVE,1010,1,2,1568,Forced Air-Duc,1
1526,    103,      6,      0,       ,170 KEMP ST,1040,1,2,2280,Hot Water,1
1527,    103,      7,      0,       ,166 KEMP ST,1040,1,2,2206,Forced Air-Duc,1
1529,    206,     50,      0,       ,22 VOSE AVE,1010,1,1.75,1497,Hot Water,1
1530,    206,     49,      0,       ,24 VOSE AVE,1010,1,1.75,1972,Hot Water,1
1531,    206,     48,      0,       ,28 VOSE AVE,1010,1,1.75,2429,Hot Water,1
1532,    205,     11,      0,       ,7 ROCKWOOD LN,1010,1,2,2706,Forced Air-Duc,1
1533,    205,     20,      0,       ,26 ROCKWOOD LN,1010,1,2,2624,Hot Water,1
1534,    205,     21,      0,       ,20 ROCKWOOD LN,1010,1,2,2877,Forced Air-Duc,1
1535,    205,     22,      0,       ,10 ROCKWOOD LN,1010,1,2,3530,Hot Water,1
1536,    205,     12,      0,       ,15 ROCKWOOD LN,1010,1,2,2944,Forced Air-Duc,1
1537,    205,     13,      0,       ,21 ROCKWOOD LN,1010,1,2.5,3204,Forced Air-Duc,1
1538,    205,     14,      0,       ,27 ROCKWOOD LN,1010,1,2,2838,Forced Air-Duc,1
1539,    205,     15,      0,       ,37 ROCKWOOD LN,1010,1,2,3444,Forced Air-Duc,1
1540,    205,     16,      0,       ,41 ROCKWOOD LN,1010,1,2,4273,Forced Air-Duc,1
1541,    205,     17,      0,       ,44 ROCKWOOD LN,1010,1,2,3515,Forced Air-Duc,1
1542,    205,     18,      0,       ,40 ROCKWOOD LN,1010,1,2,2746,Forced Air-Duc,1
1543,    205,     19,      0,       ,36 ROCKWOOD LN,1010,1,2,2696,Forced Air-Duc,1
1545,    206,     51,      0,       ,150 KEMP ST ,1090,1,1.75,1080,Hot Water,1
1545,    206,     51,      0,       ,150 KEMP ST ,1090,2,1,774,Forced Air-Duc,1
1547,    206,     52,      0,       ,140 KEMP ST,1010,1,1.75,1327,Hot Water,1
1550,    103,      8,      0,       ,130 KEMP ST ,1010,1,1.75,1546,Forced Air-Duc,1
1551,    103,      9,      0,       ,122 KEMP ST,1010,1,1.75,1808,Forced Air-Duc,1
1552,    103,     10,      0,       ,112 KEMP ST,1010,1,1,1292,Hot Water,1
1553,    206,     53,      0,       ,106 KEMP ST,1010,1,1.75,2648,Forced Air-Duc,1
1555,    103,     11,      0,       ,92 KEMP ST,1010,1,2,2149,Forced Air-Duc,1
1558,    104,     18,      0,       ,191 PEPPERELL RD,1010,1,1.75,1999,Forced Air-Duc,1
1559,    103,     14,      0,       ,70 KEMP ST,1010,1,1,1175,Hot Water,1
1561,    103,     15,      0,       ,54 KEMP ST ,1010,1,1.75,1728,Hot Water,1
1562,    103,     16,      0,       ,44 KEMP ST,1010,1,2,1764,Hot Water,1
1563,    104,     17,      0,       ,18 KEMP ST ,1010,1,2,4708,Hot Water,1
1564,    104,     19,      0,       ,235 PEPPERELL RD,1010,1,1.75,3919,Hot Water,1
1565,    104,     20,      0,       ,239 PEPPERELL RD,1010,1,1,1188,Forced Air-Duc,1
1566,    212,      1,      0,       ,255 PEPPERELL RD,1010,1,2,2160,Hot Water,1
1567,    103,     12,      0,       ,72 KEMP ST,1010,1,1.75,2095,Hot Water,1
1568,    212,      2,      0,       ,261 PEPPERELL RD,1010,1,1.75,2010,Hot Water,1
1572,    206,     16,      0,       ,359 TOWNSEND RD,1010,1,1,432,Forced Air-Duc,1
1573,    206,     11,      0,       ,313 TOWNSEND RD,1010,1,1.75,1915,Hot Water,1
1574,    206,     14,      0,       ,337 TOWNSEND RD,1010,1,1.5,1344,Hot Water,1
1575,    206,     13,      0,       ,331 TOWNSEND RD,1010,1,1.5,1523,Forced Air-Duc,1
1577,    206,     15,      0,       ,347 TOWNSEND RD ,1010,1,1,1381,Hot Water,1
1579,    206,      7,      0,       ,291 TOWNSEND RD,1010,1,1,1362,Hot Water,1
1580,    206,      5,      0,       ,283 TOWNSEND RD,1010,1,2,2200,Forced Air-Duc,1
1581,    206,      4,      0,       ,273 TOWNSEND RD,1010,1,1,1264,Hot Water,1
1589,    103,     30,      0,       ,183 KEMP ST,1010,1,1,1796,Hot Air-no Duc,1
1590,    103,     26,      0,       ,161 KEMP ST,1010,1,1.75,1188,Hot Water,1
1591,    103,     27,      0,       ,167 KEMP ST ,1010,1,1,1128,Hot Water,1
1593,    103,     29,      0,       ,177 KEMP ST,1010,1,2,1320,Steam,1
1594,    103,     31,      0,       ,208 TOWNSEND RD,1040,1,2,2153,Steam,1
1596,    103,     22,      0,       ,93 KEMP ST,1010,1,2,2759,Forced Air-Duc,1
1606,    213,     76,      0,       ,454 PEPPERELL RD,1010,1,2,1680,Forced Air-Duc,1
1607,    213,     77,      0,       ,440 PEPPERELL RD ,1010,1,2,2157,Hot Water,1
1608,    213,     78,      0,       ,420 PEPPERELL RD,1010,1,2,2592,Electr Basebrd,1
1610,    216,     59,      0,       ,54 FITCHS BRIDGE RD,1010,1,1.75,2270,Hot Water,1
1611,    216,     60,      0,       ,38 FITCHS BRIDGE RD,1010,1,1.75,1489,Hot Water,1
1616,    216,     29,      0,       ,41 FITCHS BRIDGE RD,1010,1,1,2692,Hot Water,1
1617,    216,     30,      0,       ,59 FITCHS BRIDGE RD,1010,1,1,2066,Electr Basebrd,1
1618,    216,     32,      0,       ,168 GRATUITY RD,1010,1,1,1176,Hot Water,1
1619,    216,     33,      0,       ,160 GRATUITY RD,1010,1,1.75,2604,Hot Water,1
1620,    216,     34,      0,       ,150 GRATUITY RD,1010,1,2,2240,Hot Water,1
1621,    216,     35,      0,       ,140 GRATUITY RD,1010,1,2,1892,Forced Air-Duc,1
1622,    216,     36,      0,       ,130 GRATUITY RD,1010,1,2,1666,Hot Water,1
1623,    216,     37,      0,       ,114 GRATUITY RD,1010,1,2,1632,Forced Air-Duc,1
1624,    216,     38,      0,       ,104 GRATUITY RD,1010,1,1.75,1960,Hot Water,1
1625,    216,     39,      0,       ,94 GRATUITY RD,1010,1,1.75,2160,Hot Water,1
1626,    216,     25,      0,       ,15 FITCHS BRIDGE RD,1010,1,1.75,1440,Forced Air-Duc,1
1627,    216,     24,      0,       ,11 FITCHS BRIDGE RD ,0101,1,1.75,2758,Hot Water,1
1628,    216,     28,      0,       ,31 FITCHS BRIDGE RD,1010,1,1.75,1267,Forced Air-Duc,1
1629,    216,     27,      0,       ,25 FITCHS BRIDGE RD,1010,1,1,869,Forced Air-Duc,1
1630,    216,     26,      0,       ,19 FITCHS BRIDGE RD ,1010,1,1,1264,Forced Air-Duc,1
1632,    213,     68,      0,       ,480 PEPPERELL RD ,1010,1,2,2612,Hot Water,1
1633,    213,     75,      0,       ,22 WALLACE RD,1010,1,1.75,1571,Hot Water,1
1634,    213,     74,      0,       ,30 WALLACE RD,1010,1,2,2560,Hot Water,1
1635,    213,     73,      0,       ,40 WALLACE RD,1010,1,1.75,1778,Hot Water,1
1636,    213,     72,      0,       ,48 WALLACE RD,1010,1,1,1536,Hot Water,1
1637,    213,     71,      0,       ,50 WALLACE RD,1010,1,1.75,2315,Hot Water,1
1638,    213,     70,      0,       ,54 WALLACE RD,1010,1,2,2581,Hot Water,1
1639,    213,     69,      0,       ,55 WALLACE RD,1010,1,1.75,2095,Hot Water,1
1641,    216,     23,      0,       ,591 MAIN ST,1010,1,1,1288,Forced Air-Duc,1
1642,    216,     22,      0,       ,583 MAIN ST,1010,1,2,2400,Hot Water,1
1643,    216,     21,      0,       ,577 MAIN ST ,1010,1,1.5,1263,Forced Air-Duc,1
1644,    216,     17,      0,       ,20 ONEILL WAY,1010,1,1.75,2724,Forced Air-Duc,1
1645,    216,     18,      0,       ,18 ONEILL WAY,1010,1,1.75,3636,Forced Air-Duc,1
1646,    216,     19,      0,       ,10 ONEILL WAY ,1010,1,1.75,3919,Forced Air-Duc,1
1647,    216,     20,      0,       ,8 ONEILL WAY,1010,1,1.75,2516,Forced Air-Duc,1
1652,    216,     41,      0,       ,78 GRATUITY RD,1010,1,1.75,2031,Hot Water,1
1653,    216,     43,      0,       ,62 GRATUITY RD,1010,1,2,2092,Forced Air-Duc,1
1654,    216,     42,      0,       ,66 GRATUITY RD,1010,1,2,1680,Forced Air-Duc,1
1655,    216,     40,      0,       ,86 GRATUITY RD,1010,1,1,2764,Hot Air-no Duc,1
1657,    213,     79,      0,       ,242 MAPLE AVE,1010,1,2,1990,Hot Water,1
1658,    213,     80,      0,       ,240 MAPLE AVE,1010,1,1.75,2699,Hot Water,1
1659,    213,     81,      0,       ,238 MAPLE AVE,1010,1,2,1870,Hot Water,1
1660,    213,     82,      0,       ,236 MAPLE AVE ,1010,1,2,2480,Hot Water,1
1661,    216,      8,      0,       ,40 ANTHONY DR,1010,1,1.75,1469,Forced Air-Duc,1
1663,    216,      4,      0,       ,257 MILL ST,1010,1,1,1152,Forced Air-Duc,1
1664,    216,      7,      0,       ,39 ANTHONY DR,1010,1,2,2736,Forced Air-Duc,1
1665,    216,      5,      0,       ,13 ANTHONY DR,1010,1,1,1238,None,1
1666,    216,      6,      0,       ,17 ANTHONY DR,1010,1,1,925,Hot Air-no Duc,1
1667,    216,     13,      0,       ,10 ANTHONY DR,1010,1,1,2286,Forced Air-Duc,1
1669,    216,     10,      0,       ,26 ANTHONY DR,1010,1,1,1043,Forced Air-Duc,1
1670,    216,      9,      0,       ,36 ANTHONY DR,1010,1,1,864,Forced Air-Duc,1
1672,    110,     27,      0,       ,241 MILL ST,1010,1,1.75,1626,Forced Air-Duc,1
1673,    216,      3,      0,       ,245 MILL ST ,1010,1,2,1240,Forced Air-Duc,1
1674,    110,     26,      0,       ,231 MILL ST,0109,1,1,984,Hot Water,1
1674,    110,     26,      0,       ,231 MILL ST,0109,2,1,924,Forced Air-Duc,1
1675,    216,     44,      0,       ,52 GRATUITY RD,1010,1,1,1132,Hot Water,1
1676,    216,     45,      0,       ,38 GRATUITY RD,1010,1,1,672,Hot Water,1
1677,    110,     29,      0,       ,445 MAIN ST,0310,2,1,1112,Forced Air-Duc,1
1682,    213,     84,      0,       ,207 GRATUITY RD ,1010,1,1,2232,Forced Air-Duc,1
1686,    216,     50,      0,       ,111 GRATUITY RD,1010,1,2,2528,Forced Air-Duc,1
1687,    216,     51,      0,       ,119 GRATUITY RD,1010,1,2,2670,Electr Basebrd,1
1688,    216,     52,      0,       ,133 GRATUITY RD,1010,1,1,1098,Hot Water,1
1690,    216,     56,      9,       ,173 GRATUITY RD ,1010,1,2.5,2617,Hot Water,1
1696,    216,     47,      0,       ,63 GRATUITY RD,1010,1,2,1872,Hot Water,1
1698,    217,     80,      0,       ,88 JENKINS RD ,1010,1,1,3316,Hot Air-no Duc,1
1700,    216,     48,      0,       ,71 GRATUITY RD ,1010,1,1.75,1404,Forced Air-Duc,1
1701,    216,     46,      0,       ,61 GRATUITY RD,1010,1,2,2158,Forced Air-Duc,1
1702,    217,     87,      0,       ,57 GRATUITY RD,1010,1,1.5,1595,Hot Water,1
1703,    217,     88,      0,       ,55 GRATUITY RD ,1010,1,1,1110,Forced Air-Duc,1
1704,    217,     86,      0,       ,51 GRATUITY RD,1010,1,2,3996,Forced Air-Duc,1
1705,    110,     23,      0,       ,219 MILL ST,1010,1,1.75,1272,Hot Water,1
1707,    110,     20,      0,       ,179 MILL ST,1010,1,1.5,3412,Hot Water,1
1708,    212,     14,      0,       ,137 MAPLE AVE,1010,1,2,4124,Hot Water,1
1709,    212,     16,      0,       ,134 MAPLE AVE,0109,1,1.75,842,Hot Water,1
1709,    212,     16,      0,       ,134 MAPLE AVE,0109,2,2,1542,Hot Water,1
1710,    110,     19,      0,       ,167 MILL ST ,1010,1,2,3164,Forced Air-Duc,1
1711,    217,     82,      0,       ,74 JENKINS RD,1010,1,2,3347,Forced Air-Duc,1
1712,    217,     81,      0,       ,80 JENKINS RD,1010,1,2,2294,Hot Water,1
1713,    217,     83,      0,       ,66 JENKINS RD,1010,1,2,2172,Hot Water,1
1714,    217,     85,      0,       ,32 JENKINS RD,1010,1,1,1372,Hot Water,1
1715,    110,     18,      0,       ,157 MILL ST ,1010,1,2,2504,Hot Water,1
1716,    109,     25,      0,       ,135 MILL ST,1010,1,2,3559,Forced Air-Duc,1
1717,    110,     10,      0,       ,21 ARLINGTON ST,1010,1,1.75,2222,Forced Air-Duc,1
1718,    110,     11,      0,       ,210 MILL ST,1010,1,2,1632,Hot Water,1
1719,    110,     12,      0,       ,206 MILL ST,1010,1,1.5,1733,Hot Water,1
1725,    110,      4,      0,       ,399 MAIN ST,1010,1,1,2051,Hot Water,1
1726,    110,      5,      0,       ,403 MAIN ST,1010,1,2,1568,Forced Air-Duc,1
1728,    110,      6,      0,       ,415 MAIN ST,1010,1,2,2247,Hot Water,1
1729,    110,     17,      0,       ,148 MILL ST,1010,1,2,1563,Hot Water,1
1731,    110,     16,      0,       ,150 MILL ST,1010,1,2,1280,Hot Water,1
1732,    109,     27,      0,       ,106 MILL ST ,1010,1,1.75,3331,Forced Air-Duc,1
1733,    216,     65,      0,       ,37 NOD RD,1010,1,2,2419,Forced Air-Duc,1
1735,    216,     66,      0,       ,51 NOD RD ,1010,1,1.75,2774,Electr Basebrd,1
1736,    216,     67,      0,       ,63 NOD RD,1010,1,1.75,2308,Forced Air-Duc,1
1737,    216,     68,      0,       ,65 NOD RD,1010,1,1.75,1468,Hot Water,1
1739,    216,     69,      0,       ,67 NOD RD,1010,1,1,840,Forced Air-Duc,1
1742,    216,     84,      0,       ,8 NOD RD,1010,1,1,1094,Forced Air-Duc,1
1744,    216,     81,      0,       ,50 NOD RD,1010,1,1.75,1455,Hot Water,1
1745,    216,     80,      0,       ,54 NOD RD,1010,1,1.75,1329,Forced Air-Duc,1
1746,    216,     85,      0,       ,600 MAIN ST,1010,1,2,1768,Forced Air-Duc,1
1748,    216,     83,      0,       ,18 NOD RD ,1010,1,2,2728,Forced Air-Duc,1
1749,    216,     91,      0,       ,550 MAIN ST,1010,1,1,1404,Forced Air-Duc,1
1750,    216,     75,      0,       ,124 NOD RD,1010,1,1,1344,Hot Water,1
1751,    216,     76,      0,       ,102 NOD RD,1010,1,2,2805,Hot Water,1
1752,    216,     77,      0,       ,96 NOD RD,1010,1,2,2485,Forced Air-Duc,1
1754,    216,     90,      0,       ,556 MAIN ST,1010,1,1,1560,Hot Water,1
1755,    216,     92,      0,       ,546 MAIN ST,1090,1,1,686,Forced Air-Duc,1
1755,    216,     92,      0,       ,546 MAIN ST,1090,2,1,1115,Forced Air-Duc,1
1756,    216,     88,      0,       ,580 MAIN ST,1010,1,1.75,1460,Hot Water,1
1758,    216,     89,      0,       ,570 MAIN ST,1010,1,1.5,1424,Hot Water,1
1761,    216,     79,      0,       ,70 NOD RD,1010,1,1,1702,Forced Air-Duc,1
1762,    216,     74,      0,       ,126 NOD RD,0101,1,2,1968,Floor Furnace,1
1769,    216,     98,      0,       ,478 MAIN ST,1040,1,2,1700,Forced Air-Duc,1
1772,    110,     30,      0,       ,452 MAIN ST,1010,1,1,1027,Hot Water,1
1774,    216,    106,      0,       ,28 TAYLOR ST,1010,1,1,1212,Forced Air-Duc,1
1775,    110,     31,      0,       ,20 TAYLOR ST,1010,1,1,1627,Forced Air-Duc,1
1776,    216,    100,      0,       ,27 TAYLOR ST,1010,1,1,1752,Hot Water,1
1781,    112,     75,      0,       ,280 MAIN ST,1010,1,2,3780,Hot Water,1
1787,    111,     14,      0,       ,36 CHAMPNEY ST,1010,1,1,1056,Hot Water,1
1788,    112,     77,      0,       ,17 SCHOOL ST,1010,1,2,3293,Forced Air-Duc,1
1789,    112,     78,      0,       ,25 SCHOOL ST,1040,1,2,3672,Steam,1
1790,    111,     13,      0,       ,44 CHAMPNEY ST,1010,1,1.75,1402,Forced Air-Duc,1
1791,    111,     12,      0,       ,46 CHAMPNEY ST,1010,1,1.75,2467,Forced Air-Duc,1
1792,    111,     11,      0,       ,50 CHAMPNEY ST,1010,1,1.75,2424,Steam,1
1793,    111,     10,      0,       ,54 CHAMPNEY ST,1010,1,2,2592,Forced Air-Duc,1
1794,    111,      9,      0,       ,58 CHAMPNEY ST ,1010,1,2,2349,Hot Water,1
1795,    111,      8,      0,       ,64 CHAMPNEY ST,1010,1,2,1518,Hot Water,1
1797,    226,      1,      0,       ,233 LONGLEY RD,1010,1,1,2072,Forced Air-Duc,1
1798,    111,      6,      0,       ,68 CHAMPNEY ST,1040,1,2,3980,Hot Water,1
1799,    111,      5,      0,       ,72 CHAMPNEY ST,1010,1,2,1092,Forced Air-Duc,1
1801,    111,      3,      0,       ,86-88-90-92 CHAMPNEY ST,1110,1,2,3774,Hot Water,1
1802,    111,      2,      0,       ,111 HOLLIS ST,1050,1,2.75,4042,Steam,1
1804,    112,     83,      0,       ,49 SCHOOL ST,1010,1,1.75,2348,Hot Water,1
1806,    112,    107,      0,       ,97 HOLLIS ST ,1110,1,2.75,7775,Steam,1
1807,    111,      1,      0,       ,103-103A HOLLIS ST,1010,1,2,2822,Hot Water,1
1808,    112,     79,      0,       ,33 SCHOOL ST,1010,1,1.75,2628,Hot Water,1
1809,    112,     80,      0,       ,37 SCHOOL ST ,1010,1,2,1908,Hot Water,1
1810,    112,     81,      0,       ,45 SCHOOL ST,0311,1,2,4961,Hot Water,1
1811,    112,    108,      1,       ,96 HOLLIS ST,1010,1,3,3694,Hot Water,1
1812,    111,     65,      0,       ,114 HOLLIS ST,1010,1,2,8076,Hot Water,1
1814,    111,     63,      0,       ,130 HOLLIS ST,1040,1,2,2267,Hot Water,1
1815,    111,     62,      0,       ,136 HOLLIS ST,1040,1,2,2664,Hot Water,1
1817,    111,     60,      0,       ,154 HOLLIS ST,1010,1,2,2385,Hot Water,1
1818,    111,     59,      0,       ,158 HOLLIS ST,1010,1,1.5,2869,Hot Water,1
1819,    111,     61,      0,       ,7 WOOD LN,1010,1,1,806,Hot Air-no Duc,1
1820,    111,     55,      0,       ,16 MARTINS POND RD,1010,1,1.75,1685,Hot Water,1
1821,    111,     56,      0,       ,46 WOOD LN ,1010,1,1.75,4554,Hot Water,1
1822,    111,     57,      0,       ,38 WOOD LN ,1010,1,2,2203,Hot Water,1
1823,    111,     54,      0,       ,38 MARTINS POND RD,1010,1,2,3015,Hot Water,1
1824,    111,     52,      0,       ,48 MARTINS POND RD,1010,1,1.75,2056,Steam,1
1825,    111,     53,      0,       ,42 MARTINS POND RD,1010,1,1.5,2772,Forced Air-Duc,1
1827,    224,     26,      0,       ,90 MARTINS POND RD ,1010,1,1,1722,Hot Water,1
1828,    224,     34,      0,       ,72 MARTINS POND RD,1010,1,1.75,1389,Forced Air-Duc,1
1829,    224,     25,      0,       ,94 MARTINS POND RD,1010,1,1,820,Forced Air-Duc,1
1831,    224,     27,      0,       ,82 MARTINS POND RD,1010,1,1,600,Forced Air-Duc,1
1832,    224,     28,      0,       ,9 CONNOLLY DR,1010,1,1,798,Forced Air-Duc,1
1833,    224,     29,      0,       ,19 CONNOLLY DR,1010,1,1,1364,Hot Water,1
1834,    224,     30,      0,       ,26 CONNOLLY DR,1010,1,1,960,Forced Air-Duc,1
1835,    224,     31,      0,       ,24 CONNOLLY DR,1010,1,1,1648,Hot Water,1
1836,    224,     32,      0,       ,22 CONNOLLY DR,1010,1,1,1008,Forced Air-Duc,1
1837,    224,     33,      0,       ,18 CONNOLLY DR,1010,1,1,1080,Forced Air-Duc,1
1839,    224,     24,      0,       ,162 MARTINS POND RD ,1010,1,,3795,Forced Air-Duc,1
1842,    225,     30,      0,       ,145 LONGLEY RD,0101,1,2,2440,Hot Water,1
1843,    225,     23,      0,       ,28 BREAKNECK RD,1040,1,2,2288,Forced Air-Duc,1
1844,    225,     24,      0,       ,18 BREAKNECK RD ,1010,1,2,1590,Forced Air-Duc,1
1850,    226,    121,      0,       ,212 LONGLEY RD,1010,1,2,2830,Hot Water,1
1851,    225,     33,      0,       ,128 LONGLEY RD,0101,1,2,2688,Forced Air-Duc,1
1853,    225,     54,      0,       ,193 CHICOPEE ROW ,1010,1,2,2608,Hot Water,1
1855,    225,     36,      0,       ,104 LONGLEY RD,1010,1,1.75,1346,Hot Water,1
1858,    225,     38,      0,       ,70 LONGLEY RD,1010,1,2,2806,Forced Air-Duc,1
1860,    225,     39,      0,       ,56 LONGLEY RD,0101,1,2,4068,Hot Water,1
1862,    225,     41,      0,       ,1 CHICOPEE ROW,1010,1,2,2796,Forced Air-Duc,1
1863,    225,     44,      0,       ,51 CHICOPEE ROW,1010,1,2,7122,Forced Air-Duc,1
1869,    216,    103,      0,       ,50 TAYLOR ST,1010,1,1,1572,Hot Water,1
1870,    216,    105,      0,       ,36 TAYLOR ST,1010,1,1,1420,Hot Water,1
1871,    216,    104,      0,       ,44 TAYLOR ST,1010,1,1,1196,Forced Air-Duc,1
1872,    225,     43,      0,       ,39 CHICOPEE ROW,1010,1,2,1930,Hot Water,1
1873,    225,     47,      0,       ,71 CHICOPEE ROW,1010,1,2,1632,Hot Water,1
1874,    225,     48,      0,       ,85 CHICOPEE ROW,1010,1,2,2952,Hot Water,1
1875,    225,     50,      0,       ,97 CHICOPEE ROW ,1010,1,2,2082,Hot Water,1
1877,    225,     51,      0,       ,109 CHICOPEE ROW,1010,1,1.75,1366,Hot Water,1
1879,    110,     33,      0,       ,436 MAIN ST ,0311,1,2,4436,Forced Air-Duc,1
1883,    225,     12,      0,       ,67 COMMON ST,1010,1,2,3700,Forced Air-Duc,1
1885,    111,     36,      0,       ,65 COMMON ST,0101,1,2,5605,Forced Air-Duc,1
1886,    225,     14,      0,       ,125 COMMON ST ,1010,1,1,1264,Forced Air-Duc,1
1887,    225,     13,      0,       ,109 COMMON ST,1010,1,2,1990,Hot Water,1
1892,    110,     40,      0,       ,368 MAIN ST,0130,1,2,3424,Hot Water,1
1893,    110,     38,      0,       ,396 MAIN ST,1010,1,2,1560,Forced Air-Duc,1
1894,    110,     39,      0,       ,386 MAIN ST,1010,1,1.75,1819,Hot Water,1
1895,    111,     32,      0,       ,57 COMMON ST,1010,1,2,2762,Hot Water,1
1896,    111,     33,      0,       ,53 COMMON ST,1010,1,2,2082,Hot Water,1
1898,    111,     31,      0,       ,43 COMMON ST,1010,1,1,2142,Hot Air-no Duc,1
1901,    110,     41,      0,       ,356 MAIN ST,1010,1,2,2800,Hot Water,1
1903,    111,     30,      0,       ,35 COMMON ST,1010,1,2,4036,Steam,1
1904,    111,     28,      0,       ,13 COMMON ST,0101,1,1.75,2672,Hot Water,1
1905,    111,     29,      0,       ,23 COMMON ST ,1010,1,1.75,2427,Hot Water,1
1906,    109,     59,      0,       ,335 MAIN ST,1010,1,2,2242,Steam,1
1907,    225,     22,      0,       ,162 COMMON ST,0101,1,2,2880,Hot Water,1
1909,    109,     57,      0,       ,323 MAIN ST,1010,1,1.75,1666,None,1
1910,    109,     58,      0,       ,329 MAIN ST,1010,1,1.75,1289,Hot Water,1
1911,    112,     66,      0,       ,311 MAIN ST,1010,1,1.75,2268,Hot Water,1
1912,    109,     56,      0,       ,20 FAIRVIEW AVE,1010,1,1.75,1575,Forced Air-Duc,1
1913,    112,     67,      0,       ,3 CHAMPNEY ST,1010,1,2,3608,Steam,1
1914,    111,     17,      0,       ,19 CHAMPNEY ST,1010,1,2,2062,Hot Water,1
1915,    111,     16,      0,       ,13 CHAMPNEY ST,1010,1,1.5,936,Steam,1
1916,    111,     18,      0,       ,29 A & B CHAMPNEY ST ,1040,1,2,1556,Hot Water,1
1917,    111,     19,      0,       ,37 CHAMPNEY ST,1010,1,1.5,2226,Steam,1
1918,    111,     20,      0,       ,43 CHAMPNEY ST,1010,1,2.5,2220,Hot Water,1
1919,    111,     21,      0,       ,47 CHAMPNEY ST ,1040,1,2,2211,Hot Water,1
1920,    111,     22,      0,       ,59 CHAMPNEY ST,1010,1,2,2044,Hot Water,1
1922,    111,     24,      0,       ,77 CHAMPNEY ST,1010,1,1,1280,Hot Water,1
1923,    226,      6,      0,       ,46 SAND HILL RD,1010,1,1,1176,Hot Water,1
1925,    111,     25,      0,       ,83 CHAMPNEY ST ,1010,1,2,3026,Hot Water,1
1926,    111,     26,      0,       ,89 CHAMPNEY ST ,1010,1,2,1780,Forced Air-Duc,1
1927,    111,     27,      0,       ,139 HOLLIS ST,0130,1,2,2172,Hot Water,1
1928,    225,      8,      0,       ,128 COMMON ST,1010,1,1.75,2214,Hot Water,1
1929,    225,      9,      0,       ,106 COMMON ST ,1010,1,2,2434,Hot Water,1
1930,    225,      6,      0,       ,17 BREAKNECK RD,1010,1,1.75,1685,Hot Water,1
1931,    111,     41,      0,       ,169 HOLLIS ST,1010,1,1,2312,Hot Water,1
1932,    111,     42,      0,       ,177 HOLLIS ST,1010,1,1,1188,Forced Air-Duc,1
1933,    111,     45,      0,       ,207 HOLLIS ST,1010,1,1,1488,Hot Water,1
1934,    111,     43,      0,       ,185 HOLLIS ST,1010,1,1.5,1670,Steam,1
1935,    111,     44,      0,       ,191 HOLLIS ST,1010,1,1.75,1563,Hot Water,1
1936,    111,     39,      0,       ,22 COMMON ST,1010,1,2,3545,Forced Air-Duc,1
1937,    111,     38,      0,       ,42 COMMON ST,1010,1,2,3059,Forced Air-Duc,1
1938,    225,      5,      0,       ,43 LONGLEY RD,1010,1,1.5,1306,Forced Air-Duc,1
1939,    225,     10,      0,       ,80 COMMON ST,1040,1,1.75,4524,Hot Water,1
1943,    225,      4,      0,       ,37 LONGLEY RD,1010,1,2,1604,Forced Air-Duc,1
1944,    225,      2,      0,       ,25 LONGLEY RD,1010,1,2,2177,Forced Air-Duc,1
1945,    225,      3,      0,       ,33 LONGLEY RD,1010,1,1,864,Forced Air-Duc,1
1947,    225,     20,      0,       ,222 COMMON ST,1010,1,1,1196,Forced Air-Duc,1
1948,    225,     18,      0,       ,260 COMMON ST ,1030,1,1,1402,Forced Air-Duc,1
1949,    111,     37,      0,       ,62 COMMON ST,1010,1,2,3155,Hot Water,1
1950,    225,      1,      0,       ,15 LONGLEY RD,1010,1,2,2784,Forced Air-Duc,1
1954,    225,     58,      0,       ,196 CHICOPEE ROW,1010,1,2,2816,Hot Water,1
1955,    225,     59,      0,       ,180 CHICOPEE ROW,1010,1,2,4274,Hot Water,1
1956,    232,     29,      0,       ,228 CHICOPEE ROW,1010,1,1.5,1872,Forced Air-Duc,1
1957,    225,     60,      0,       ,166 CHICOPEE ROW,1110,1,2.75,4409,Hot Water,1
1958,    225,     56,      0,       ,222 CHICOPEE ROW,1010,1,1.75,2541,Hot Water,1
1959,    225,     57,      0,       ,210 CHICOPEE ROW,1010,1,1.75,2314,Forced Air-Duc,1
1961,    232,     27,      0,       ,248 CHICOPEE ROW,1010,1,2,2180,Hot Water,1
1962,    111,     46,      0,       ,216 HOLLIS ST,1010,1,2,1615,Steam,1
1963,    225,     19,      0,       ,232 COMMON ST ,1030,1,1,1044,Forced Air-Duc,1
1964,    225,     17,      0,       ,20 SAND HILL RD ,1010,1,2,3201,Forced Air-Duc,1
1965,    225,     64,      0,       ,31 BLOSSOM LN ,1010,1,2,3376,Steam,1
1967,    225,     65,      0,       ,45 BLOSSOM LN,1010,1,2,2244,Hot Water,1
1968,    224,     10,      0,       ,97 BLOSSOM LN,1010,1,1,1081,Forced Air-Duc,1
1969,    224,      7,      0,       ,42 BLOSSOM LN,1010,1,1.75,1783,Hot Water,1
1970,    225,     75,      0,       ,50 BLOSSOM LN,1010,1,1.75,2102,Hot Water,1
1971,    225,     74,      0,       ,62 BLOSSOM LN,1010,1,1,4730,Hot Water,1
1972,    225,     73,      0,       ,76 BLOSSOM LN,1010,1,1,1764,Hot Water,1
1973,    224,      6,      0,       ,88 BLOSSOM LN ,1010,1,1,1300,Hot Water,1
1974,    225,     66,      0,       ,53 BLOSSOM LN,1010,1,2,2346,Hot Water,1
1975,    225,     67,      0,       ,59 BLOSSOM LN,1010,1,1.75,2367,Forced Air-Duc,1
1976,    225,     68,      0,       ,13 BRANCH LN,1040,1,1.5,2573,Forced Air-Duc,1
1978,    225,     70,      0,       ,21 BRANCH LN,1010,1,1,1144,Forced Air-Duc,1
1979,    225,     71,      0,       ,29 BRANCH LN,1010,1,2,1536,Hot Water,1
1980,    224,      9,      0,       ,87 BLOSSOM LN,1010,1,1.75,1901,Hot Water,1
1982,    224,      8,      0,       ,32 BLOSSOM LN,1010,1,1,1204,Forced Air-Duc,1
1983,    225,     76,      0,       ,18 BLOSSOM LN,1010,1,2,2472,Hot Water,1
1984,    224,     15,      0,       ,125 MARTINS POND RD,1010,1,1,3496,Electr Basebrd,1
1985,    111,     51,      0,       ,41 MARTINS POND RD,1010,1,1,1829,Forced Air-Duc,1
1986,    111,     47,      0,       ,200 HOLLIS ST,1010,1,1.75,2897,Hot Water,1
1987,    111,     49,      0,       ,192 HOLLIS ST,1040,1,2,3764,Steam,1
1989,    224,      1,      0,       ,65 MARTINS POND RD,1010,1,1.75,2673,Forced Air-Duc,1
1990,    224,      2,      0,       ,79 MARTINS POND RD,1010,1,1.75,2348,Hot Air-no Duc,1
1991,    224,      3,      0,       ,91 MARTINS POND RD,1010,1,2,1943,Hot Water,1
1992,    224,      4,      0,       ,101 MARTINS POND RD,1010,1,2,1422,Steam,1
1993,    224,     11,      0,       ,103 BLOSSOM LN,1010,1,1,1288,Forced Air-Duc,1
1994,    224,     12,      0,       ,109 BLOSSOM LN,1010,1,1,1406,Hot Water,1
1995,    224,     13,      0,       ,115 BLOSSOM LN,1010,1,1,1308,Electr Basebrd,1
1996,    224,      5,      0,       ,104 BLOSSOM LN ,1010,1,1,1029,Hot Water,1
1998,    226,      3,      0,       ,138 SAND HILL RD ,1010,1,1,2550,Hot Water,1
1999,    225,     29,      0,       ,"129 LONGLEY RD #A,B",0109,1,1.75,2225,Hot Water,1
1999,    225,     29,      0,       ,"129 LONGLEY RD #A,B",0109,2,1,794,Forced Air-Duc,1
2000,    225,     27,      0,       ,61 LONGLEY RD ,1010,1,2,6802,Steam,1
2002,    225,     28,      0,       ,101 LONGLEY RD,1010,1,1.75,2184,Hot Water,1
2003,    224,     14,      0,       ,123 MARTINS POND RD,1010,1,1.75,1968,Forced Air-Duc,1
2004,    224,     17,      0,       ,193 MARTINS POND RD,1010,1,2,4034,Hot Water,1
2009,    112,     69,      0,       ,18 CHAMPNEY ST,1010,1,1.75,2160,Forced Air-Duc,1
2010,    112,     68,      0,       ,22 CHAMPNEY ST,1010,1,2,2020,Forced Air-Duc,1
2011,    111,     15,      0,       ,28 CHAMPNEY ST,1010,1,1,1346,Hot Water,1
2020,    232,      1,      0,       ,293 CHICOPEE ROW,1010,1,2,4143,Hot Water,1
2022,    231,     85,      0,       ,402 CHICOPEE ROW,1010,1,1.75,1685,Hot Water,1
2028,    232,     16,      0,       ,346 CHICOPEE ROW,1010,1,2,3541,Hot Water,1
2029,    232,     17,      0,       ,348 CHICOPEE ROW,1010,1,2,4731,Hot Water,1
2031,    232,     15,      0,       ,8 SAWTELL DR,1010,1,2,2432,Forced Air-Duc,1
2032,    232,     13,      0,       ,22 SAWTELL DR,1010,1,2,2408,Hot Water,1
2033,    232,     12,      0,       ,28 SAWTELL DR,1010,1,2,2432,Forced Air-Duc,1
2034,    232,     11,      0,       ,32 SAWTELL DR,1010,1,2,2336,Forced Air-Duc,1
2035,    232,      8,      0,       ,31 SAWTELL DR ,1010,1,2,2472,Forced Air-Duc,1
2036,    232,      7,      0,       ,29 SAWTELL DR,1010,1,2,3328,Forced Air-Duc,1
2037,    232,      6,      0,       ,27 SAWTELL DR,1010,1,2,2480,Forced Air-Duc,1
2038,    232,      5,      0,       ,25 SAWTELL DR,1010,1,2,2568,Hot Water,1
2039,    231,     92,      0,       ,21 SAWTELL DR,1010,1,2,2768,Hot Water,1
2045,    243,     10,      0,       ,777 MARTINS POND RD ,1010,1,2,2919,Hot Water,1
2046,    243,     11,      0,       ,795 MARTINS POND RD,1010,1,2,3121,Hot Water,1
2047,    243,     12,      0,       ,811 MARTINS POND RD,1010,1,2,2412,Hot Water,1
2048,    243,     13,      0,       ,15 STAR HOUSE LN,1010,1,2,2212,Forced Air-Duc,1
2049,    243,     14,      0,       ,23 STAR HOUSE LN ,1010,1,2,2065,Forced Air-Duc,1
2050,    243,     15,      0,       ,28 STAR HOUSE LN,1010,1,2,2528,Hot Water,1
2051,    243,     16,      0,       ,24 STAR HOUSE LN,1010,1,2,2600,Forced Air-Duc,1
2054,    232,      3,      0,       ,317 CHICOPEE ROW,1010,1,2,1924,Steam,1
2055,    232,      2,      0,       ,321 CHICOPEE ROW,1010,1,2,3079,Hot Water,1
2056,    231,     12,      0,       ,323 CHICOPEE ROW,1010,1,1,2024,Forced Air-Duc,1
2057,    231,     13,      0,       ,325 CHICOPEE ROW,1010,1,2,3056,Hot Water,1
2058,    231,     14,      0,       ,327 CHICOPEE ROW,1010,1,2,4131,Hot Water,1
2059,    232,      4,      0,       ,335 CHICOPEE ROW,1010,1,1.75,1469,Hot Water,1
2061,    232,     18,      0,       ,332 CHICOPEE ROW,1010,1,2,3494,Hot Water,1
2062,    232,     20,      0,       ,316 CHICOPEE ROW ,1010,1,2.5,3630,Hot Water,1
2063,    232,     19,      0,       ,318 CHICOPEE ROW,1010,1,2,3070,Hot Water,1
2064,    232,     21,      0,       ,312 CHICOPEE ROW,1010,1,2.75,4161,Forced Air-Duc,1
2065,    232,     22,      0,       ,310 CHICOPEE ROW,1010,1,1.75,3209,Hot Water,1
2066,    232,     23,      0,       ,292 CHICOPEE ROW,1010,1,2,2771,Forced Air-Duc,1
2067,    232,     24,      0,       ,290 CHICOPEE ROW,1010,1,2,3621,Hot Water,1
2068,    232,     25,      0,       ,280 CHICOPEE ROW,1010,1,2,4253,Hot Water,1
2069,    232,     26,      0,       ,270 CHICOPEE ROW,1010,1,1.75,3841,Hot Water,1
2070,    233,     43,      0,       ,523 MARTINS POND RD ,1040,1,1,3675,Hot Water,1
2071,    232,     46,      0,       ,24 KAILEYS WAY,1010,1,2,2483,Forced Air-Duc,1
2072,    233,     35,      0,       ,431 MARTINS POND RD,1010,1,2,2678,Forced Air-Duc,1
2073,    233,     36,      0,       ,435 MARTINS POND RD,0101,1,2,1472,Forced Air-Duc,1
2074,    233,     37,      0,       ,469 MARTINS POND RD,1010,1,2,2272,Forced Air-Duc,1
2075,    233,     38,      0,       ,485 MARTINS POND RD,1010,1,2,2444,Hot Water,1
2078,    233,     39,      0,       ,495 MARTINS POND RD,1010,1,2,2226,Forced Air-Duc,1
2079,    233,     40,      0,       ,505 MARTINS POND RD,1010,1,2,2472,Forced Air-Duc,1
2080,    233,     41,      0,       ,511 MARTINS POND RD,1010,1,2,2381,Hot Water,1
2081,    233,     44,      0,       ,531 MARTINS POND RD,1010,1,2,2295,Hot Water,1
2082,    233,     45,      0,       ,541 MARTINS POND RD,1010,1,2,2539,Forced Air-Duc,1
2083,    233,     46,      0,       ,547 MARTINS POND RD,1010,1,2,2860,Hot Water,1
2084,    232,     48,      0,       ,12 KAILEYS WAY,1010,1,2,2831,Hot Water,1
2085,    232,     47,      0,       ,18 KAILEYS WAY,1010,1,2,2702,Hot Water,1
2087,    232,     32,      0,       ,19 KAILEYS WAY,1010,1,2,1976,Forced Air-Duc,1
2088,    232,     42,      0,       ,44 KAILEYS WAY,1010,1,2,2493,Forced Air-Duc,1
2089,    232,     43,      0,       ,40 KAILEYS WAY,1010,1,2,2552,Forced Air-Duc,1
2090,    232,     44,      0,       ,36 KAILEYS WAY,1010,1,2,2312,Forced Air-Duc,1
2091,    232,     45,      0,       ,30 KAILEYS WAY,1010,1,2,3616,Forced Air-Duc,1
2092,    232,     33,      0,       ,21 KAILEYS WAY,1010,1,2,2312,Forced Air-Duc,1
2093,    232,     34,      0,       ,25 KAILEYS WAY,1010,1,2,2510,Forced Air-Duc,1
2094,    232,     35,      0,       ,27 KAILEYS WAY,1010,1,1,2066,Forced Air-Duc,1
2095,    232,     36,      0,       ,29 KAILEYS WAY,1010,1,2,2452,Forced Air-Duc,1
2096,    232,     37,      0,       ,45 KAILEYS WAY,1010,1,2,2080,Forced Air-Duc,1
2097,    232,     40,      0,       ,54 KAILEYS WAY,1010,1,2,2522,Forced Air-Duc,1
2098,    232,     39,      0,       ,51 KAILEYS WAY ,1010,1,1,2850,Hot Air-no Duc,1
2098,    232,     39,      0,       ,51 KAILEYS WAY ,1010,1,2,2850,Forced Air-Duc,1
2099,    232,     41,      0,       ,48 KAILEYS WAY,1010,1,2.5,1943,Forced Air-Duc,1
2101,    232,     50,      0,       ,653 MARTINS POND RD,1010,1,2,1720,Forced Air-Duc,1
2103,    243,     36,      0,       ,690 MARTINS POND RD,1013,1,2,1776,Forced Air-Duc,1
2104,    232,     52,      0,       ,75 FLOYD HILL RD,0101,1,1.75,2561,Hot Water,1
2106,    231,     15,      0,       ,343 CHICOPEE ROW,1010,1,2,3154,Hot Water,1
2108,    243,      3,      0,       ,36 FLOYD HILL RD,1010,1,2,4964,Forced Air-Duc,1
2109,    243,      8,      0,       ,711 MARTINS POND RD,1010,1,2,3194,Forced Air-Duc,1
2110,    243,      9,      0,       ,731 MARTINS POND RD ,1090,1,1,1528,Forced Air-Duc,1
2110,    243,      9,      0,       ,731 MARTINS POND RD ,1090,2,1,0,None,1
2110,    243,      9,      0,       ,731 MARTINS POND RD ,1090,3,2,3408,Forced Air-Duc,1
2111,    243,      7,      0,       ,707 MARTINS POND RD,1010,1,1.75,2501,Hot Water,1
2112,    243,      5,      0,       ,685 MARTINS POND RD,1010,1,2,2016,Forced Air-Duc,1
2113,    243,      6,      0,       ,699 MARTINS POND RD,1010,1,1.75,1814,Hot Water,1
2114,    243,      1,      0,       ,34 FLOYD HILL RD,1010,1,1,1915,Forced Air-Duc,1
2115,    243,      4,      0,       ,32 FLOYD HILL RD,1010,1,1,2407,Hot Water,1
2116,    243,      2,      0,       ,38 FLOYD HILL RD,1010,1,1,4320,Forced Air-Duc,1
2117,    232,     30,      0,       ,60 ORCHARD LN ,1010,1,2,11317,Forced Air-Duc,1
2120,    233,     24,      0,       ,102 CHESTNUT HILL RD,1010,1,2,1800,Hot Water,1
2121,    233,     23,      0,       ,345 MARTINS POND RD,1010,1,1.75,2037,Forced Air-Duc,1
2122,    233,     22,      0,       ,341 MARTINS POND RD ,1010,1,1.75,1685,Forced Air-Duc,1
2123,    233,     21,      0,       ,337 MARTINS POND RD,1010,1,1,1092,Forced Air-Duc,1
2124,    233,     20,      0,       ,323 MARTINS POND RD,1010,1,1,1134,Forced Air-Duc,1
2125,    233,     19,      0,       ,315 MARTINS POND RD,1010,1,2,1348,Forced Air-Duc,1
2126,    233,     18,      0,       ,309 MARTINS POND RD,1010,1,1,1296,Hot Water,1
2127,    233,     17,      0,       ,28 CHESTNUT HILL RD,1010,1,2,2957,Forced Air-Duc,1
2129,    233,     15,      0,       ,1 POND HILL LN,1010,1,2,2496,Forced Air-Duc,1
2130,    233,      4,      0,       ,29 CHESTNUT HILL RD,1010,1,1,1644,Hot Water,1
2131,    233,     11,      0,       ,44 CHESTNUT HILL RD,1010,1,1,1196,Hot Water,1
2133,    233,      5,      0,       ,45 CHESTNUT HILL RD,1010,1,1,1368,Forced Air-Duc,1
2134,    233,      6,      0,       ,53 CHESTNUT HILL RD,1010,1,1,1304,Hot Water,1
2135,    233,      7,      0,       ,57 CHESTNUT HILL RD,1010,1,1,1092,Forced Air-Duc,1
2137,    233,      9,      0,       ,63 CHESTNUT HILL RD,1010,1,1.5,2482,Electr Basebrd,1
2139,    233,     13,      0,       ,73 CHESTNUT HILL RD,1010,1,2,2028,Hot Air-no Duc,1
2140,    233,     14,      0,       ,89 CHESTNUT HILL RD,1010,1,1.75,1395,Hot Water,1
2141,    233,     27,      0,       ,2 ORCHARD LN,1010,1,2,2142,Hot Water,1
2142,    233,     28,      0,       ,22 ORCHARD LN ,1010,1,1,1626,Hot Water,1
2143,    233,      2,      0,       ,305 MARTINS POND RD,1010,1,1.5,2256,Forced Air-Duc,1
2144,    233,      3,      0,       ,303 MARTINS POND RD,1010,1,1,1138,Hot Water,1
2146,    233,     31,      0,       ,137 CHESTNUT HILL RD,1010,1,2,2456,Hot Water,1
2147,    233,     30,      0,       ,129 CHESTNUT HILL RD,1010,1,1,960,Forced Air-Duc,1
2148,    233,     33,      0,       ,409 MARTINS POND RD ,1010,1,2,3018,Hot Water,1
2149,    233,     34,      0,       ,419 MARTINS POND RD ,1010,1,1,1260,Hot Water,1
2150,    233,     29,      0,       ,19 ORCHARD LN,1010,1,2,1718,Hot Water,1
2151,    233,     26,      0,       ,126 CHESTNUT HILL RD,1010,1,1.75,1902,Forced Air-Duc,1
2154,    233,    106,      0,       ,426 MARTINS POND RD,1010,1,1.75,2009,Radiant,1
2155,    233,    101,      0,       ,69 SCHOOLHOUSE RD,1010,1,2,2000,Hot Water,1
2156,    233,    102,      0,       ,79 SCHOOLHOUSE RD,1010,1,2,1800,Forced Air-Duc,1
2157,    233,    107,      0,       ,416 MARTINS POND RD,1010,1,2,1870,Hot Water,1
2158,    233,    104,      0,       ,440 MARTINS POND RD,1010,1,2,1988,Hot Water,1
2159,    233,    103,      0,       ,119 SCHOOLHOUSE RD,1010,1,1,1560,Forced Air-Duc,1
2160,    233,    105,      0,       ,432 MARTINS POND RD,1010,1,1.75,3126,Forced Air-Duc,1
2161,    233,     52,      0,       ,516 MARTINS POND RD,1010,1,2,2781,Hot Water,1
2162,    233,     51,      0,       ,522 MARTINS POND RD,1010,1,2,2352,Hot Water,1
2163,    233,     50,      0,       ,534 MARTINS POND RD,1010,1,2,2848,Forced Air-Duc,1
2164,    233,     47,      0,       ,5 LINDSAY DR,1010,1,2,1988,Hot Water,1
2165,    233,     48,      0,       ,18 LINDSAY DR,1010,1,2,2926,Forced Air-Duc,1
2166,    233,     49,      0,       ,550 MARTINS POND RD,1010,1,2,2802,Hot Water,1
2168,    233,     87,      0,       ,210 HEMLOCK PARK DR,1040,1,2,2604,Forced Air-Duc,1
2169,    231,     16,      0,       ,365 CHICOPEE ROW,1010,1,1.75,1908,Hot Water,1
2170,    231,     28,      0,       ,30 BROWN LN ,1010,1,2,2292,Hot Water,1
2171,    231,     29,      0,       ,26 BROWN LN,1010,1,2,2576,Hot Water,1
2172,    231,     30,      0,       ,74 WATSON WAY,1010,1,2,2036,Hot Water,1
2173,    231,     31,      0,       ,68 WATSON WAY,1010,1,2,1992,Hot Water,1
2174,    231,     32,      0,       ,62 WATSON WAY,1010,1,2,2036,Hot Water,1
2175,    231,     33,      0,       ,60 WATSON WAY,1010,1,2,2092,Hot Water,1
2176,    231,     34,      0,       ,54 WATSON WAY,1010,1,2,2988,Hot Water,1
2177,    231,     35,      0,       ,48 WATSON WAY ,1010,1,2,2820,Hot Water,1
2178,    231,     36,      0,       ,40 WATSON WAY,1010,1,2,1988,Hot Water,1
2179,    231,     37,      0,       ,20 WATSON WAY,1010,1,2,2748,Forced Air-Duc,1
2180,    231,     17,      0,       ,3 FERTILEDALE DR,1010,1,2,2993,Hot Water,1
2181,    231,     38,      0,       ,435 CHICOPEE ROW ,1010,1,2,2790,Hot Water,1
2182,    231,     18,      0,       ,15 FERTILEDALE DR,1010,1,2,3200,Hot Water,1
2183,    231,     19,      0,       ,25 FERTILEDALE DR,1010,1,2,3164,Hot Water,1
2184,    231,     20,      0,       ,29 FERTILEDALE DR,1010,1,2,2584,Hot Water,1
2185,    231,     21,      0,       ,397 CHICOPEE ROW,1010,1,2,5132,Forced Air-Duc,1
2186,    231,     23,      0,       ,53 WATSON WAY ,1010,1,2,2036,Forced Air-Duc,1
2187,    231,     24,      0,       ,25 BROWN LN,1010,1,2,4340,Hot Water,1
2188,    231,     27,      0,       ,34 BROWN LN,1010,1,2,1992,Hot Water,1
2192,    233,     66,      0,       ,88 SCHOOLHOUSE RD,1010,1,1,1400,Steam,1
2193,    233,     67,      0,       ,80 SCHOOLHOUSE RD,1010,1,2,2281,Electr Basebrd,1
2194,    233,     56,      0,       ,456 MARTINS POND RD,1010,1,1,1278,Forced Air-Duc,1
2195,    233,     55,      0,       ,466 MARTINS POND RD,1010,1,2,1417,Forced Air-Duc,1
2196,    233,     64,      0,       ,104 SCHOOLHOUSE RD,1010,1,2,2445,Forced Air-Duc,1
2197,    233,     65,      0,       ,96 SCHOOLHOUSE RD,1010,1,1,1364,Hot Water,1
2198,    233,     63,      0,       ,110 SCHOOLHOUSE RD,1010,1,1.5,899,Hot Water,1
2199,    233,     62,      0,       ,112 SCHOOLHOUSE RD ,1010,1,1.5,1760,Hot Water,1
2200,    233,     58,      0,       ,116 SCHOOLHOUSE RD,1010,1,1.75,1662,Forced Air-Duc,1
2201,    233,     57,      0,       ,124 SCHOOLHOUSE RD,1010,1,1,1040,Forced Air-Duc,1
2202,    233,     60,      0,       ,114 SCHOOLHOUSE RD,1010,1,1,1404,Electr Basebrd,1
2206,    233,     89,      0,       ,158 HEMLOCK PARK DR,1013,1,1,2240,Hot Water,1
2207,    233,     53,      0,       ,512 MARTINS POND RD,1010,1,1,1963,Hot Water,1
2208,    233,     91,      0,       ,90 HEMLOCK PARK DR,1010,1,1,1208,Hot Water,1
2210,    233,     92,      0,       ,60 HEMLOCK PARK DR,1010,1,1,2660,Hot Water,1
2211,    233,     90,      0,       ,138 HEMLOCK PARK DR,1090,1,2,2716,Hot Water,1
2211,    233,     90,      0,       ,138 HEMLOCK PARK DR,1090,2,1,1104,Forced Air-Duc,1
2213,    233,     83,      0,       ,61 HEMLOCK PARK DR,1010,1,1,1267,Forced Air-Duc,1
2214,    233,     84,      0,       ,83 HEMLOCK PARK DR,1010,1,2,1956,Hot Water,1
2215,    233,     85,      0,       ,95 HEMLOCK PARK DR,1010,1,2,2356,Forced Air-Duc,1
2216,    233,     82,      0,       ,25 HEMLOCK PARK DR,1010,1,2,1976,Hot Water,1
2217,    233,     93,      0,       ,40 HEMLOCK PARK DR ,1010,1,1,1868,Forced Air-Duc,1
2218,    233,     81,      0,       ,13 HEMLOCK PARK DR,1010,1,1.75,1909,Hot Water,1
2219,    233,     86,      0,       ,105 HEMLOCK PARK DR,1010,1,2,2485,Hot Water,1
2220,    233,     80,      0,       ,7 HEMLOCK PARK DR,1010,1,2,2622,Hot Water,1
2221,    233,     94,      0,       ,12 HEMLOCK PARK DR,1010,1,1,1528,Hot Water,1
2222,    233,     95,      0,       ,6 HEMLOCK PARK DR,1010,1,2,1568,Hot Water,1
2223,    126,      2,      0,       ,503 LOWELL RD,1010,1,2,1666,Hot Water,1
2224,    126,      3,      0,       ,523 LOWELL RD,1010,1,1,1272,Forced Air-Duc,1
2225,    233,     88,      0,       ,220 HEMLOCK PARK DR,1013,1,1,1712,Forced Air-Duc,1
2226,    233,     79,      0,       ,459 LOWELL RD,1010,1,2,2592,Hot Water,1
2227,    126,      1,      0,       ,48 HEMLOCK PARK DR ,1010,1,2,5603,Hot Water,1
2229,    233,     77,      0,       ,447 LOWELL RD,1010,1,2,1976,Hot Water,1
2230,    242,      1,      0,       ,59 BADDACOOK POND RD,0109,1,2,1854,Hot Water,1
2230,    242,      1,      0,       ,59 BADDACOOK POND RD,0109,2,1,1344,Hot Water,1
2234,    243,     32,      0,       ,828 MARTINS POND RD,1040,1,1.5,2769,Forced Air-Duc,1
2235,    243,     33,      0,       ,716 MARTINS POND RD,1013,1,2,1868,Hot Water,1
2239,    242,      4,      0,       ,OFF BADDACOOK POND RD,1013,1,1,510,None,1
2242,    126,     15,      0,       ,601 LOWELL RD ,1013,1,2,3523,Forced Air-Duc,1
2243,    231,     79,      0,       ,474 CHICOPEE ROW,1010,1,2,2230,Hot Water,1
2244,    231,     82,      0,       ,428 CHICOPEE ROW,1010,1,1.75,1374,Forced Air-Duc,1
2245,    231,     83,      0,       ,408 CHICOPEE ROW,1040,1,2,3500,Hot Water,1
2246,    231,     81,      0,       ,444 CHICOPEE ROW,1010,1,1,1296,Forced Air-Duc,1
2247,    231,     80,      0,       ,448 CHICOPEE ROW,1010,1,1,1580,Electr Basebrd,1
2248,    231,     86,      0,       ,400 CHICOPEE ROW,1010,1,2,2712,Hot Water,1
2249,    231,     89,      0,       ,380 CHICOPEE ROW,1010,1,1,2122,Forced Air-Duc,1
2250,    231,     88,      0,       ,382 CHICOPEE ROW,1010,1,1.75,3230,Forced Air-Duc,1
2251,    231,     87,      0,       ,388 CHICOPEE ROW,1010,1,1.75,2213,Forced Air-Duc,1
2253,    243,     24,      0,       ,309 OLD DUNSTABLE RD,1010,1,2.5,5203,Hot Water,1
2254,    243,     28,      0,       ,284 OLD DUNSTABLE RD,1010,1,2,4254,Forced Air-Duc,1
2255,    248,      6,      0,       ,330 OLD DUNSTABLE RD ,1010,1,2,3376,Hot Water,1
2256,    248,      1,      0,       ,331 OLD DUNSTABLE RD,1010,1,2,4288,Forced Air-Duc,1
2260,    247,     58,      0,       ,450 OLD DUNSTABLE RD,1010,1,2,3987,Forced Air-Duc,1
2261,    247,     57,      0,       ,486 OLD DUNSTABLE RD,1010,1,2.75,2973,Hot Water,1
2262,    247,     56,      0,       ,490 OLD DUNSTABLE RD ,1010,1,2,2794,Hot Water,1
2263,    247,     54,      0,       ,498 OLD DUNSTABLE RD,1010,1,2,3876,Hot Water,1
2276,    243,     30,      0,       ,235 OLD DUNSTABLE RD ,1010,1,1.75,3072,Steam,1
2279,    127,      3,      0,       ,48 BURNTMEADOW RD,1010,1,1,2667,Hot Water,1
2282,    127,      4,      0,       ,36 BURNTMEADOW RD,1010,1,1.75,3046,Hot Water,1
2283,    242,      9,      0,       ,68 BURNTMEADOW RD,0101,1,1.75,2119,Steam,1
2283,    242,      9,      0,       ,68 BURNTMEADOW RD,0101,2,1,470,Forced Air-Duc,1
2284,    127,      1,      0,       ,37 BURNTMEADOW RD,1010,1,2,2064,Hot Water,1
2285,    242,      5,      0,       ,53 BURNTMEADOW RD,1010,1,2,6322,Forced Air-Duc,1
2287,    242,      7,      0,       ,65 BURNTMEADOW RD,1010,1,2,3296,Hot Water,1
2288,    127,      2,      0,       ,56 BURNTMEADOW RD,1010,1,1,1940,Forced Air-Duc,1
2292,    248,     36,      0,       ,249 BURNTMEADOW RD,1010,1,2,3085,Forced Air-Duc,1
2293,    248,     37,      0,       ,24 HOYTS WHARF RD,1010,1,2,2973,Forced Air-Duc,1
2294,    248,     38,      0,       ,16 HOYTS WHARF RD,1010,1,2,3038,Forced Air-Duc,1
2297,    249,     50,      0,       ,96 HOYTS WHARF RD ,1010,1,2,3660,Hot Water,1
2298,    243,     27,      0,       ,230 BURNTMEADOW RD ,1010,1,1.75,4825,Forced Air-Duc,1
2299,    248,     28,      0,       ,90 HOYTS WHARF RD,1010,1,2,4519,Hot Water,1
2300,    248,     29,      0,       ,60 HOYTS WHARF RD ,1010,1,2.75,4930,Hot Water,1
2301,    248,     30,      0,       ,50 HOYTS WHARF RD,1010,1,2,3694,Forced Air-Duc,1
2302,    248,     31,      0,       ,30 HOYTS WHARF RD,1010,1,2,3281,Hot Water,1
2303,    248,     32,      0,       ,28 HOYTS WHARF RD,1010,1,2,3492,Hot Water,1
2304,    248,     33,      0,       ,260 BURNTMEADOW RD,1010,1,2,4799,Hot Water,1
2305,    248,     34,      0,       ,250 BURNTMEADOW RD,1010,1,2,3577,Hot Water,1
2306,    248,     35,      0,       ,244 BURNTMEADOW RD,1010,1,2,3396,Hot Water,1
2307,    127,     13,      0,       ,3 FAWN TERRACE LN,1010,1,2,3135,Forced Air-Duc,1
2308,    127,     22,      0,       ,77 DEERFIELD DR,1010,1,2,3148,Hot Water,1
2309,    127,     23,      0,       ,3 ALLISON PARK,1010,1,2,2622,Forced Air-Duc,1
2310,    127,     24,      0,       ,5 ALLISON PARK,1010,1,2,2890,Forced Air-Duc,1
2311,    127,     37,      0,       ,38 DEERFIELD DR,1010,1,2,3652,Forced Air-Duc,1
2312,    127,     38,      0,       ,28 DEERFIELD DR,1010,1,2.5,2783,Forced Air-Duc,1
2313,    127,     39,      0,       ,12 DEERFIELD DR,1010,1,2.5,2812,Hot Water,1
2314,    127,     35,      0,       ,39 DEERFIELD DR,1010,1,2,3700,Forced Air-Duc,1
2317,    127,     32,      0,       ,18 FAWN TERRACE LN,1010,1,2,3580,Hot Water,1
2319,    127,     31,      0,       ,36 FAWN TERRACE LN,1010,1,2,3004,Forced Air-Duc,1
2320,    127,     30,      0,       ,72 DEERFIELD DR,1010,1,2,4096,Hot Water,1
2321,    127,     29,      0,       ,76 DEERFIELD DR,1010,1,1.75,3204,Forced Air-Duc,1
2322,    127,     28,      0,       ,78 DEERFIELD DR ,1010,1,2,4675,Forced Air-Duc,1
2323,    127,     25,      0,       ,6 ALLISON PARK,1010,1,2,3343,Forced Air-Duc,1
2324,    127,     26,      0,       ,4 ALLISON PARK,1010,1,2,4378,Forced Air-Duc,1
2325,    127,     27,      0,       ,2 ALLISON PARK,1010,1,2,4188,Forced Air-Duc,1
2326,    127,     14,      0,       ,5 FAWN TERRACE LN ,1010,1,2,2762,Forced Air-Duc,1
2327,    127,     15,      0,       ,9 FAWN TERRACE LN,1010,1,2,3339,Forced Air-Duc,1
2328,    127,     16,      0,       ,17 FAWN TERRACE LN,1010,1,2,3089,Forced Air-Duc,1
2329,    127,     17,      0,       ,23 FAWN TERRACE LN,1010,1,2,3616,Forced Air-Duc,1
2330,    127,     18,      0,       ,31 FAWN TERRACE LN,1010,1,2,3675,Hot Water,1
2331,    127,     19,      0,       ,37 FAWN TERRACE LN,1010,1,2,3275,Forced Air-Duc,1
2332,    127,     20,      0,       ,43 FAWN TERRACE LN,1010,1,2,3239,Forced Air-Duc,1
2333,    127,     21,      0,       ,73 DEERFIELD DR,1010,1,2,3669,Forced Air-Duc,1
2337,    248,     17,      0,       ,8 BRIDGE ST,1010,1,2,2979,Hot Water,1
2338,    248,     16,      0,       ,32 BRIDGE ST,1010,1,2,4180,Forced Air-Duc,1
2339,    248,     15,      0,       ,36 BRIDGE ST,1010,1,2,3028,Hot Water,1
2340,    248,     14,      0,       ,50 BRIDGE ST,1010,1,2,3945,Hot Water,1
2345,    248,     18,      0,       ,15 HOYTS WHARF RD,1010,1,2,3235,Hot Water,1
2346,    248,     20,      0,       ,25 HOYTS WHARF RD,1010,1,2,2714,Hot Water,1
2347,    248,     19,      0,       ,21 HOYTS WHARF RD,1010,1,2,3066,Hot Water,1
2348,    248,     21,      0,       ,29 HOYTS WHARF RD,1010,1,2,2036,Hot Water,1
2349,    248,     22,      0,       ,35 HOYTS WHARF RD,1010,1,2,2416,Hot Water,1
2350,    248,     23,      0,       ,39 HOYTS WHARF RD,1010,1,2,1908,Hot Water,1
2351,    248,     24,      0,       ,43 HOYTS WHARF RD ,1010,1,2,2416,Hot Water,1
2352,    248,     25,      0,       ,47 HOYTS WHARF RD ,1010,1,2,2584,Hot Water,1
2353,    248,     26,      0,       ,53 HOYTS WHARF RD,1010,1,2,2832,Hot Water,1
2354,    248,     27,      0,       ,61 HOYTS WHARF RD,1010,1,2,2036,Hot Water,1
2364,    249,     61,      0,       ,355 HOYTS WHARF RD,1010,1,2,2944,Hot Water,1
2365,    249,     60,      0,       ,325 HOYTS WHARF RD,1010,1,2,1632,Hot Water,1
2366,    249,     59,      0,       ,319 HOYTS WHARF RD,1010,1,2,1632,Forced Air-Duc,1
2367,    249,     58,      0,       ,300 HOYTS WHARF RD,1010,1,1.75,1149,Hot Water,1
2368,    249,     52,      0,       ,239 HOYTS WHARF RD,1010,1,2,2704,Hot Water,1
2369,    249,     53,      0,       ,247 HOYTS WHARF RD,1010,1,2,1760,Hot Water,1
2370,    249,     54,      0,       ,257 HOYTS WHARF RD,1010,1,2,2010,Hot Water,1
2371,    249,     55,      0,       ,269 HOYTS WHARF RD,1010,1,2,1752,Hot Water,1
2372,    249,     56,      0,       ,271 HOYTS WHARF RD,1010,1,1.75,2650,Hot Water,1
2373,    249,     84,      0,       ,108 FLAVELL RD,1010,1,2,2168,Hot Water,1
2374,    249,     73,      0,       ,198 FLAVELL RD ,1010,1,2,1632,Hot Water,1
2375,    249,     72,      0,       ,270 HOYTS WHARF RD,1010,1,2,1862,Hot Water,1
2376,    249,     71,      0,       ,278 HOYTS WHARF RD,1010,1,1,1551,Hot Water,1
2377,    249,     70,      0,       ,280 HOYTS WHARF RD,1010,1,2,2928,Hot Water,1
2378,    249,     77,      0,       ,160 FLAVELL RD,1010,1,1.75,2530,Hot Water,1
2379,    249,     81,      0,       ,132 FLAVELL RD,1010,1,2,2202,Hot Water,1
2380,    249,     83,      0,       ,122 FLAVELL RD,1010,1,2,1632,Hot Water,1
2381,    249,     82,      0,       ,124 FLAVELL RD,1010,1,2,1632,Hot Water,1
2382,    249,     80,      0,       ,140 FLAVELL RD,1010,1,2,2250,Hot Water,1
2383,    249,     79,      0,       ,150 FLAVELL RD,1010,1,2,1884,Hot Water,1
2384,    249,     78,      0,       ,152 FLAVELL RD ,1010,1,2,2236,Hot Water,1
2385,    249,     76,      0,       ,162 FLAVELL RD,1010,1,2,2016,Hot Water,1
2386,    249,     75,      0,       ,180 FLAVELL RD,1010,1,2,1632,Forced Air-Duc,1
2387,    249,     74,      0,       ,184 FLAVELL RD,1010,1,2,2370,Hot Water,1
2388,    249,     69,      0,       ,338 HOYTS WHARF RD,1010,1,2,1632,Hot Water,1
2389,    249,     68,      0,       ,342 HOYTS WHARF RD,1010,1,2,1708,Hot Water,1
2390,    249,     67,      0,       ,350 HOYTS WHARF RD,1010,1,2,1992,Hot Water,1
2391,    249,     66,      0,       ,360 HOYTS WHARF RD,1010,1,2,2044,Hot Water,1
2397,    243,     19,      0,       ,283 OLD DUNSTABLE RD,1010,1,1.75,2268,Hot Water,1
2398,    243,     20,      0,       ,287 OLD DUNSTABLE RD,1010,1,2,2978,Forced Air-Duc,1
2400,    243,     22,      0,       ,293 OLD DUNSTABLE RD,1010,1,2,2160,Forced Air-Duc,1
2404,    103,     23,      0,       ,119 KEMP ST,1010,1,2,1940,Forced Air-Duc,1
2405,    103,     54,      0,       ,61 OLD ORCHARD ST,1010,1,1,1200,Hot Water,1
2406,    103,     53,      0,       ,57 OLD ORCHARD ST,1010,1,2,2016,Hot Water,1
2407,    103,     24,      0,       ,117 KEMP ST,1010,1,2,1940,Forced Air-Duc,1
2408,    103,     50,      0,       ,37 OLD ORCHARD ST,1010,1,1.5,1922,Hot Water,1
2409,    103,     52,      0,       ,55 OLD ORCHARD ST,1010,1,1,971,Hot Water,1
2410,    103,     51,      0,       ,47 OLD ORCHARD ST,1010,1,1,1092,Forced Air-Duc,1
2411,    103,     60,      0,       ,38 OLD ORCHARD ST ,1010,1,1.5,1891,Hot Water,1
2412,    103,     59,      0,       ,40 OLD ORCHARD ST,1010,1,1,1244,Forced Air-Duc,1
2413,    103,     58,      0,       ,46 OLD ORCHARD ST,1010,1,2,1816,Forced Air-Duc,1
2414,    103,     57,      0,       ,54 OLD ORCHARD ST,1010,1,1.5,1229,Forced Air-Duc,1
2415,    103,     56,      0,       ,56 OLD ORCHARD ST,1010,1,1,1328,Forced Air-Duc,1
2416,    103,     55,      0,       ,62 OLD ORCHARD ST,1040,1,2,1908,Hot Water,1
2424,    101,     17,      0,       ,13 WEST MAIN ST,1040,1,2,2994,Hot Water,1
2427,    101,     20,      0,       ,25 WEST MAIN ST,1010,1,1.75,1463,Forced Air-Duc,1
2428,    101,     19,      0,       ,23 WEST MAIN ST,1010,1,2,1440,Forced Air-Duc,1
2429,    101,     21,      0,       ,29 WEST MAIN ST,1010,1,1.75,1694,Hot Water,1
2430,    101,     22,      0,       ,33 WEST MAIN ST ,1110,1,2,4842,Hot Water,1
2432,    101,     24,      0,       ,41 WEST MAIN ST,1010,1,1.75,1410,Forced Air-Duc,1
2434,    101,     25,      0,       ,43 WEST MAIN ST,1110,1,2,3350,Hot Water,1
2435,    103,     74,      1,       ,129 PEPPERELL RD,1010,1,2,3060,Forced Air-Duc,1
2436,    103,     17,      0,       ,39 KEMP ST,1010,1,2,5988,Forced Air-Duc,1
2437,    104,     11,      0,       ,153 PEPPERELL RD,1010,1,1.5,1229,Forced Air-Duc,1
2438,    103,     73,      0,       ,123 PEPPERELL RD,1010,1,2,1744,Forced Air-Duc,1
2439,    103,     18,      0,       ,51 KEMP ST,1010,1,2,1872,Forced Air-Duc,1
2440,    103,     19,      0,       ,63 KEMP ST ,1010,1,1,1456,Hot Water,1
2441,    101,     26,      0,       ,55 WEST MAIN ST,1050,1,2,3330,Floor Furnace,1
2442,    101,     28,      0,       ,59 WEST MAIN ST,1010,1,1,524,Forced Air-Duc,1
2443,    101,     27,      0,       ,57 WEST MAIN ST,1010,1,1,960,Hot Water,1
2444,    106,     18,      0,       ,65 WEST MAIN ST ,0101,1,2,2521,Hot Water,1
2445,    106,     22,      0,       ,77 WEST MAIN ST,1010,1,1.5,1632,Hot Water,1
2446,    106,     21,      0,       ,75 WEST MAIN ST ,1010,1,1,1254,Hot Water,1
2447,    106,     23,      0,       ,81 WEST MAIN ST,1010,1,2,1809,Steam,1
2448,    106,     24,      0,       ,85 WEST MAIN ST,1010,1,2,1764,Forced Air-Duc,1
2449,    106,     25,      0,       ,91 WEST MAIN ST,1010,1,1.75,1353,Forced Air-Duc,1
2450,    106,     26,      0,       ,93 WEST MAIN ST,1010,1,1.75,1460,Hot Water,1
2451,    106,     27,      0,       ,95 WEST MAIN ST,1010,1,1.5,866,Forced Air-Duc,1
2452,    104,     16,      0,       ,31 KEMP ST ,1010,1,1.75,1636,Forced Air-Duc,1
2453,    104,     12,      0,       ,159 PEPPERELL RD,1010,1,1.5,2395,Hot Water,1
2455,    106,     29,      0,       ,111 WEST MAIN ST,1010,1,2,2340,Forced Air-Duc,1
2456,    106,     30,      0,       ,119 WEST MAIN ST,1010,1,1,924,Hot Water,1
2457,    106,     39,      0,       ,165 WEST MAIN ST,1040,1,2,3267,Forced Air-Duc,1
2458,    106,     40,      0,       ,181 WEST MAIN ST,1010,1,2,3114,Hot Water,1
2460,    106,     42,      0,       ,191 WEST MAIN ST,1010,1,2,2010,Hot Water,1
2461,    106,     43,      0,       ,199 WEST MAIN ST,1010,1,1,1591,Hot Water,1
2462,    106,     44,      0,       ,201 WEST MAIN ST,1010,1,2,2274,Hot Water,1
2467,    104,     14,      0,       ,171 PEPPERELL RD ,1010,1,1,1431,Forced Air-Duc,1
2468,    104,     13,      0,       ,165 PEPPERELL RD ,1010,1,1,1360,Hot Water,1
2472,    104,     15,      0,       ,3 KEMP ST,1010,1,1.75,2667,Hot Water,1
2474,    101,      7,      0,       ,16 WEST MAIN ST,1010,1,2,4076,Steam,1
2475,    101,      6,      0,       ,34 WEST MAIN ST,1010,1,1,1372,Hot Water,1
2477,    101,      4,      0,       ,48 WEST MAIN ST,1090,1,1.5,1616,Hot Water,1
2477,    101,      4,      0,       ,48 WEST MAIN ST,1090,2,1.5,992,Forced Air-Duc,1
2478,    101,      3,      0,       ,54 WEST MAIN ST,1010,1,1.5,1477,Steam,1
2480,    101,      1,      0,       ,64 WEST MAIN ST ,1010,1,2,1134,Forced Air-Duc,1
2481,    106,     17,      0,       ,68 WEST MAIN ST,1010,1,2,1144,Forced Air-Duc,1
2482,    106,     16,      0,       ,74 WEST MAIN ST,1010,1,1.75,1543,Steam,1
2483,    106,     15,      0,       ,94 WEST MAIN ST,0310,2,2,3090,Hot Water,1
2484,    106,     14,      0,       ,108 WEST MAIN ST,1010,1,2,2150,Forced Air-Duc,1
2489,    106,      9,      0,       ,170 WEST MAIN ST,1010,1,1,900,Forced Air-Duc,1
2490,    106,      7,      0,       ,174 WEST MAIN ST,1010,1,1,1494,Forced Air-Duc,1
2491,    106,      6,      0,       ,186 WEST MAIN ST,1010,1,1.75,2252,Hot Water,1
2492,    106,      5,      0,       ,196 WEST MAIN ST,1010,1,1,2152,Forced Air-Duc,1
2494,    106,      4,      0,       ,206 WEST MAIN ST ,1010,1,2,2121,Hot Water,1
2495,    106,      3,      0,       ,210 WEST MAIN ST,1010,1,1.5,1120,Forced Air-Duc,1
2498,    103,     36,      0,       ,148 TOWNSEND RD,1010,1,2,2310,Forced Air-Duc,1
2506,    103,     38,      0,       ,7 WINDMILL HILL RD,1010,1,1.75,1683,Electr Basebrd,1
2507,    103,     39,      0,       ,13 WINDMILL HILL RD,1010,1,2,1168,Hot Water,1
2508,    103,     37,      0,       ,142 TOWNSEND RD ,1010,1,2,2845,Forced Air-Duc,1
2509,    103,     40,      0,       ,15 WINDMILL HILL RD,1010,1,2,3050,Forced Air-Duc,1
2510,    103,     45,      0,       ,47 WINDMILL HILL RD,1010,1,1,1074,Forced Air-Duc,1
2511,    103,     41,      0,       ,19 WINDMILL HILL RD,1010,1,1.75,1379,Forced Air-Duc,1
2512,    103,     42,      0,       ,27 WINDMILL HILL RD,1010,1,1.75,1382,Forced Air-Duc,1
2515,    103,     44,      0,       ,43 WINDMILL HILL RD,1040,1,1.75,2248,Forced Air-Duc,1
2516,    103,     43,      0,       ,31 WINDMILL HILL RD,1010,1,1,1815,Forced Air-Duc,1
2517,    103,     49,      0,       ,29 OLD ORCHARD ST,1010,1,2,1696,Hot Water,1
2518,    103,     61,      0,       ,30 OLD ORCHARD ST,1010,1,1.75,792,Forced Air-Duc,1
2519,    103,     48,      0,       ,21 OLD ORCHARD ST,1010,1,2,1609,Forced Air-Duc,1
2520,    103,     62,      0,       ,20 OLD ORCHARD ST,1010,1,2,1677,Forced Air-Duc,1
2521,    103,     47,      0,       ,13 OLD ORCHARD ST ,1010,1,1.75,1591,Forced Air-Duc,1
2522,    103,     63,      0,       ,12 OLD ORCHARD ST,1010,1,1.75,2911,Steam,1
2523,    103,     46,      0,       ,9 OLD ORCHARD ST,1010,1,2,1764,Forced Air-Duc,1
2524,    102,      1,      0,       ,CANNERY ROW,0410,3,1,700,Forced Air-Duc,1
2525,    103,     64,      0,       ,10 OLD ORCHARD ST,1010,1,2,1448,Steam,1
2526,    102,      4,      0,       ,120 TOWNSEND RD,1010,1,1.75,1277,Hot Water,1
2527,    103,     71,      0,       ,128 TOWNSEND RD,1010,1,1,1686,Hot Water,1
2528,    102,      5,      0,       ,114 TOWNSEND RD,1010,1,2,2506,Hot Water,1
2529,    102,      6,      0,       ,106 TOWNSEND RD,1010,1,1.75,1210,Forced Air-Duc,1
2530,    102,      7,      0,       ,102 TOWNSEND RD,1010,1,1.75,1004,Hot Water,1
2531,    102,      8,      0,       ,96 TOWNSEND RD,1010,1,2,1968,Forced Air-Duc,1
2532,    102,      9,      0,       ,90 TOWNSEND RD,1010,1,2,1867,Hot Water,1
2533,    102,     29,      0,       ,7 SHEPLEY ST,1010,1,2,2448,Hot Water,1
2534,    102,     30,      0,       ,15 SHEPLEY ST,1010,1,1.75,1449,Forced Air-Duc,1
2535,    102,     36,      0,       ,26 WESTVIEW ST,1010,1,1,988,Hot Water,1
2536,    102,     37,      0,       ,14 WESTVIEW ST ,1010,1,1.75,1951,Hot Water,1
2537,    102,     33,      0,       ,9 WESTVIEW ST,1010,1,1,1502,Hot Water,1
2538,    102,     34,      0,       ,17 WESTVIEW ST,1010,1,1.75,1591,Forced Air-Duc,1
2539,    102,     31,      0,       ,23 SHEPLEY ST,1010,1,1.75,1711,Hot Water,1
2540,    102,     32,      0,       ,27 SHEPLEY ST,1010,1,1.75,2416,Hot Water,1
2541,    102,     38,      0,       ,6 WESTVIEW ST,1010,1,1.75,1687,Hot Water,1
2542,    103,     67,      0,       ,46 WINDMILL HILL RD,1010,1,1.75,1952,Hot Water,1
2543,    103,     68,      0,       ,38 WINDMILL HILL RD,1010,1,1,1276,Forced Air-Duc,1
2544,    103,     69,      0,       ,38 WESTVIEW ST,1010,1,1,1660,Hot Water,1
2545,    103,     70,      0,       ,39 WESTVIEW ST,1010,1,1.75,1458,Hot Water,1
2546,    102,     35,      0,       ,25 WESTVIEW ST,1010,1,1.5,1008,Forced Air-Duc,1
2547,    102,     40,      0,       ,37 BIXBY HILL RD,1010,1,1.75,1824,Hot Water,1
2548,    102,     39,      0,       ,29 BIXBY HILL RD,1010,1,1.75,1606,Steam,1
2549,    102,     41,      0,       ,36 BIXBY HILL RD,1010,1,1.75,1562,Forced Air-Duc,1
2552,    102,      2,      0,       ,38 CANNERY ROW,1010,1,1.75,1113,Hot Water,1
2553,    103,     66,      0,       ,42 BIXBY HILL RD,1010,1,1.5,1331,Forced Air-Duc,1
2554,    102,     42,      0,       ,20 BIXBY HILL RD,1010,1,2,2219,Steam,1
2555,    103,     72,      0,       ,119 PEPPERELL RD,1010,1,1.75,1209,Forced Air-Duc,1
2556,    102,     50,      0,       ,107 PEPPERELL RD,1010,1,2,1656,Forced Air-Duc,1
2557,    102,     49,      0,       ,103 PEPPERELL RD,1010,1,2,2495,Hot Water,1
2558,    102,     47,      0,       ,12 BIXBY HILL RD,1010,1,2,1352,Forced Air-Duc,1
2559,    102,     48,      0,       ,2 BIXBY HILL RD,1010,1,2.5,2802,Hot Air-no Duc,1
2560,    102,     45,      0,       ,81 PEPPERELL RD ,1040,1,2,2119,Hot Water,1
2561,    102,     43,      0,       ,17 BIXBY HILL RD,1010,1,1.5,1307,Hot Water,1
2562,    102,     46,      0,       ,11 BIXBY HILL RD,1010,1,1,1068,Hot Water,1
2566,    102,     11,      0,       ,66 TOWNSEND RD,1010,1,1.75,1458,Hot Water,1
2567,    102,     12,      0,       ,60 TOWNSEND RD,1010,1,1.75,1121,Steam,1
2568,    102,     28,      0,       ,32 ST JAMES AVE,1010,1,2,2769,Hot Water,1
2569,    102,     27,      0,       ,55 PEPPERELL RD,1010,1,2.5,2339,Steam,1
2570,    102,     13,      0,       ,56 TOWNSEND RD,1010,1,1.75,1830,Steam,1
2571,    102,     14,      0,       ,48 TOWNSEND RD,1010,1,1.75,1593,Hot Water,1
2574,    102,     26,      0,       ,51 PEPPERELL RD,1010,1,1.75,1964,Steam,1
2576,    102,     15,      0,       ,42-44 TOWNSEND RD,1040,1,1.75,2987,Hot Water,1
2577,    102,     16,      0,       ,40 TOWNSEND RD ,1010,1,1.75,1248,Forced Air-Duc,1
2578,    102,     25,      0,       ,39 PEPPERELL RD,1010,1,2,2032,Steam,1
2579,    102,     24,      0,       ,37 PEPPERELL RD ,1010,1,1.75,1390,Forced Air-Duc,1
2581,    102,     18,      0,       ,28 TOWNSEND RD ,1010,1,1.75,1628,Hot Water,1
2582,    102,     19,      0,       ,19 PEPPERELL RD,1010,1,1.75,1427,Steam,1
2583,    102,     20,      0,       ,16 TOWNSEND RD,1010,1,2,1452,Hot Water,1
2584,    102,     23,      0,       ,25 PEPPERELL RD,1010,1,2,1907,Hot Water,1
2585,    102,     22,      0,       ,17 PEPPERELL RD,1010,1,2,1945,Steam,1
2586,    102,     21,      0,       ,13 PEPPERELL RD,1010,1,1,1308,Hot Water,1
2587,    103,     32,      0,       ,198-200 TOWNSEND RD ,1110,1,1.75,3214,Hot Water,1
2589,    104,     25,      0,       ,296 HILL RD,1010,1,1.75,2515,Forced Air-Duc,1
2590,    104,     27,      0,       ,270 HILL RD,1010,1,2,2180,Forced Air-Duc,1
2591,    104,     26,      0,       ,286 HILL RD,1010,1,1.75,2339,Forced Air-Duc,1
2593,    104,     23,      0,       ,314 HILL RD ,1010,1,1,1094,Forced Air-Duc,1
2594,    104,     22,      0,       ,202 PEPPERELL RD,1010,1,2,2542,Hot Water,1
2595,    104,     21,      0,       ,236 PEPPERELL RD ,1010,1,1,2918,Forced Air-Duc,1
2597,    104,     28,      0,       ,250 HILL RD,1010,1,1,894,Forced Air-Duc,1
2598,    105,     31,      0,       ,236 HILL RD ,1010,1,1.5,2442,Forced Air-Duc,1
2599,    105,     32,      0,       ,220 HILL RD ,1040,1,1.75,3312,Hot Water,1
2599,    105,     32,      0,       ,220 HILL RD ,1040,2,1,805,Forced Air-Duc,1
2600,    105,     33,      0,       ,204 HILL RD,1010,1,1,1104,Hot Water,1
2601,    104,     29,      0,       ,186 HILL RD,1010,1,2,2192,Radiant,1
2603,    104,      4,      0,       ,313 HILL RD,1010,1,2,1723,Radiant,1
2604,    104,      2,      0,       ,253 HILL RD,1010,1,2,2872,Forced Air-Duc,1
2605,    104,      1,      0,       ,271 HILL RD,1010,1,1.5,1096,Hot Water,1
2608,    105,     17,      0,       ,243 HILL RD,1010,1,2,2534,Hot Water,1
2609,    105,     16,      0,       ,241 HILL RD,1010,1,1.75,2969,Hot Water,1
2610,    105,     15,      0,       ,235 HILL RD,1010,1,2,2728,Hot Water,1
2611,    105,     14,      0,       ,239 HILL RD,1010,1,2,2378,Hot Water,1
2612,    105,     13,      0,       ,207 HILL RD,1010,1,1,1778,Hot Water,1
2613,    105,     11,      0,       ,39 SPENCER CIR ,1010,1,2,2376,Hot Water,1
2615,    105,     10,      0,       ,45 SPENCER CIR,1010,1,2,2076,Hot Water,1
2616,    105,      9,      0,       ,49 SPENCER CIR,1010,1,2,2108,Hot Water,1
2617,    105,      8,      0,       ,55 SPENCER CIR,1010,1,2,3402,Hot Water,1
2618,    105,      7,      0,       ,57 SPENCER CIR ,1010,1,2,2008,Hot Water,1
2619,    105,      6,      0,       ,59 SPENCER CIR,1010,1,2,2076,Forced Air-Duc,1
2620,    105,      5,      0,       ,61 SPENCER CIR,1010,1,2,2076,Hot Water,1
2621,    105,      4,      0,       ,63 SPENCER CIR,1010,1,2,1656,Hot Water,1
2623,    104,      7,      0,       ,166 PEPPERELL RD ,1010,1,2,2910,Forced Air-Duc,1
2624,    104,      8,      0,       ,156 PEPPERELL RD,1010,1,2,1990,Steam,1
2625,    104,     10,      0,       ,140 PEPPERELL RD,1010,1,1.75,2995,Hot Water,1
2627,    103,     75,      0,       ,132 PEPPERELL RD,1010,1,1,1339,Forced Air-Duc,1
2629,    102,     51,      0,       ,122 PEPPERELL RD,1010,1,2,1756,Forced Air-Duc,1
2631,    102,     53,      0,       ,110 PEPPERELL RD,1010,1,2,2452,Hot Water,1
2632,    102,     54,      0,       ,106 PEPPERELL RD,1010,1,2,1680,Steam,1
2633,    102,     55,      0,       ,102 PEPPERELL RD,1010,1,2,2581,Steam,1
2638,    102,     69,      0,       ,18 PEPPERELL RD,1010,1,2,3524,Steam,1
2639,    102,     62,      0,       ,8 FOX RUN ,1010,1,1.75,2839,Forced Air-Duc,1
2640,    102,     61,      0,       ,16 FOX RUN,1010,1,2,2115,Forced Air-Duc,1
2641,    102,     60,      0,       ,20 FOX RUN,1010,1,2,2477,Hot Water,1
2642,    102,     59,      0,       ,48 FOX RUN,1010,1,2,2109,Hot Water,1
2643,    105,     22,      0,       ,46 FOX RUN,1010,1,2,2514,Hot Water,1
2644,    105,     21,      0,       ,50 FOX RUN,1010,1,2,1728,Hot Water,1
2645,    105,     20,      0,       ,55 FOX RUN,1010,1,2,2914,Forced Air-Duc,1
2646,    105,     19,      0,       ,53 FOX RUN,1010,1,2,2080,Forced Air-Duc,1
2650,    102,     63,      0,       ,78 PEPPERELL RD,1010,1,1,1176,Hot Water,1
2651,    102,     64,      0,       ,70 PEPPERELL RD,1010,1,1,1075,Forced Air-Duc,1
2652,    102,     65,      0,       ,56 PEPPERELL RD,1010,1,1,1378,Hot Water,1
2653,    102,     66,      0,       ,48 PEPPERELL RD,1010,1,1,1118,Hot Water,1
2654,    102,     67,      0,       ,40 PEPPERELL RD,1010,1,1.75,1498,Forced Air-Duc,1
2655,    102,     68,      0,       ,32 PEPPERELL RD,1010,1,1,1248,Hot Water,1
2659,    212,     21,      0,       ,170 HILL RD,1010,1,2,1600,Hot Water,1
2660,    212,     22,      0,       ,158 HILL RD ,1010,1,1,1734,Forced Air-Duc,1
2661,    212,     20,      0,       ,16 MAPLE AVE,1010,1,2,2952,Hot Water,1
2662,    218,      8,      0,       ,51 RIVERBEND DR,1010,1,2,2641,Forced Air-Duc,1
2663,    217,     15,      0,       ,124 RIVERBEND DR ,1010,1,2,2680,Forced Air-Duc,1
2664,    217,     14,      0,       ,136 RIVERBEND DR,1010,1,1.75,2645,Forced Air-Duc,1
2665,    217,     13,      0,       ,146 RIVERBEND DR,1010,1,2,2899,Forced Air-Duc,1
2666,    217,     12,      0,       ,156 RIVERBEND DR,1010,1,1.75,2352,Hot Water,1
2667,    217,     11,      0,       ,162 RIVERBEND DR,1010,1,2,2311,Forced Air-Duc,1
2668,    217,     10,      0,       ,170 RIVERBEND DR,1010,1,2,2349,Hot Water,1
2669,    217,      9,      0,       ,176 RIVERBEND DR,1010,1,2,2259,Hot Water,1
2670,    217,      8,      0,       ,186 RIVERBEND DR,1010,1,2,2497,Forced Air-Duc,1
2671,    217,      7,      0,       ,192 RIVERBEND DR,1010,1,2,1561,Hot Air-no Duc,1
2672,    217,      2,      0,       ,99 JENKINS RD,1010,1,2,3104,Forced Air-Duc,1
2675,    218,     24,      0,       ,54 RIVERBEND DR,1010,1,2,3372,Hot Water,1
2676,    217,      3,      0,       ,117 JENKINS RD,1010,1,2,2737,Hot Water,1
2677,    217,     75,      0,       ,8 HICKORY LN,1010,1,2,2906,Forced Air-Duc,1
2678,    217,     76,      0,       ,262 RIVERBEND DR,1010,1,1.75,3214,Hot Air-no Duc,1
2679,    217,     77,      0,       ,266 RIVERBEND DR,1010,1,1.75,3390,Hot Water,1
2680,    217,     43,      0,       ,284 RIVERBEND DR,1010,1,2,2104,Forced Air-Duc,1
2681,    217,     44,      0,       ,280 RIVERBEND DR,1010,1,2,3204,Hot Water,1
2682,    217,     45,      0,       ,270 RIVERBEND DR,1010,1,1.75,2659,Hot Water,1
2683,    217,     48,      0,       ,281 RIVERBEND DR,1010,1,2,2302,Hot Water,1
2684,    217,     47,      0,       ,263 RIVERBEND DR,1010,1,2,2527,Hot Water,1
2685,    217,     46,      0,       ,258 RIVERBEND DR,1010,1,2,2808,Hot Water,1
2686,    218,     23,      0,       ,68 RIVERBEND DR,1010,1,2,2714,Forced Air-Duc,1
2687,    217,     74,      0,       ,20 HICKORY LN,1010,1,2,5332,Hot Water,1
2688,    217,     72,      0,       ,253 RIVERBEND DR,1010,1,2,2488,Hot Water,1
2689,    217,     71,      0,       ,243 RIVERBEND DR,1010,1,2,3358,Hot Water,1
2690,    217,     70,      0,       ,235 RIVERBEND DR,1010,1,2,3212,Forced Air-Duc,1
2691,    217,     69,      0,       ,227 RIVERBEND DR,1010,1,1,4081,Forced Air-Duc,1
2692,    217,      5,      0,       ,242 RIVERBEND DR,1010,1,2,3652,Hot Water,1
2693,    217,      4,      0,       ,17 HICKORY LN,1010,1,2,2368,Forced Air-Duc,1
2694,    217,     68,      0,       ,209 RIVERBEND DR,1010,1,2,3427,Forced Air-Duc,1
2695,    217,     67,      0,       ,201 RIVERBEND DR,1010,1,2,2710,Forced Air-Duc,1
2696,    217,     66,      0,       ,197 RIVERBEND DR,1010,1,1.75,2343,Forced Air-Duc,1
2697,    218,      9,      0,       ,65 RIVERBEND DR,1010,1,2,2993,Forced Air-Duc,1
2698,    217,     65,      0,       ,145 RIVERBEND DR,1010,1,1.75,1954,Hot Water,1
2699,    217,     64,      0,       ,2 WINTERGREEN LN ,1010,1,2,3921,Forced Air-Duc,1
2700,    217,     20,      0,       ,7 WINTERGREEN LN ,1010,1,2,2742,Forced Air-Duc,1
2701,    217,     21,      0,       ,15 WINTERGREEN LN,1010,1,1.75,1968,Forced Air-Duc,1
2702,    217,     63,      0,       ,20 WINTERGREEN LN,1010,1,2,2705,Forced Air-Duc,1
2703,    217,     62,      0,       ,26 WINTERGREEN LN,1010,1,2,2294,Forced Air-Duc,1
2704,    217,     22,      0,       ,23 WINTERGREEN LN,1010,1,2,2658,Forced Air-Duc,1
2705,    217,     23,      0,       ,35 WINTERGREEN LN ,1010,1,1,2837,Hot Water,1
2706,    217,     61,      0,       ,36 WINTERGREEN LN,1010,1,2,2731,Forced Air-Duc,1
2707,    217,     60,      0,       ,44 WINTERGREEN LN,1010,1,2,3028,Hot Water,1
2708,    218,     10,      0,       ,79 RIVERBEND DR,1010,1,2,2585,Forced Air-Duc,1
2709,    217,     24,      0,       ,45 WINTERGREEN LN,1010,1,1,3212,Forced Air-Duc,1
2710,    217,     26,      0,       ,53 WINTERGREEN LN ,1010,1,2,2901,Forced Air-Duc,1
2711,    217,     59,      0,       ,50 WINTERGREEN LN,1010,1,1.75,2639,Forced Air-Duc,1
2712,    217,     58,      0,       ,56 WINTERGREEN LN,1010,1,2,4124,Forced Air-Duc,1
2713,    217,     57,      0,       ,64 WINTERGREEN LN,1010,1,1.75,3167,Forced Air-Duc,1
2714,    217,     56,      0,       ,68 WINTERGREEN LN,1010,1,2,2902,Hot Water,1
2715,    217,     27,      0,       ,71 WINTERGREEN LN,1010,1,2,3109,Forced Air-Duc,1
2716,    217,     28,      0,       ,95 WINTERGREEN LN,1010,1,1.75,2760,Hot Water,1
2717,    217,     30,      0,       ,109 WINTERGREEN LN,1010,1,2,3297,Forced Air-Duc,1
2718,    217,     29,      0,       ,105 WINTERGREEN LN,1010,1,2,3146,Forced Air-Duc,1
2719,    108,     31,      0,       ,80 RIVERBEND DR,1010,1,1.75,1946,Forced Air-Duc,1
2720,    217,     31,      0,       ,111 WINTERGREEN LN,1010,1,2,3745,Hot Water,1
2721,    217,     32,      0,       ,117 WINTERGREEN LN ,1010,1,2,2881,Forced Air-Duc,1
2722,    218,     11,      0,       ,113 WINTERGREEN LN,1010,1,2,3121,Forced Air-Duc,1
2723,    217,     33,      0,       ,100 WINTERGREEN LN,1010,1,2,4380,Forced Air-Duc,1
2724,    218,     12,      0,       ,141 WINTERGREEN LN,1010,1,2,2928,Forced Air-Duc,1
2725,    218,     22,      0,       ,150 WINTERGREEN LN,1010,1,2,2626,Forced Air-Duc,1
2726,    218,     13,      0,       ,157 WINTERGREEN LN,1010,1,2,2360,Forced Air-Duc,1
2727,    218,     21,      0,       ,158 WINTERGREEN LN,1010,1,2,2615,Forced Air-Duc,1
2728,    218,     20,      0,       ,164 WINTERGREEN LN,1010,1,2,2670,Forced Air-Duc,1
2729,    218,     14,      0,       ,167 WINTERGREEN LN,1010,1,2,2954,Forced Air-Duc,1
2730,    217,     17,      0,       ,105 RIVERBEND DR,1010,1,2,3139,Forced Air-Duc,1
2731,    218,     19,      0,       ,172 WINTERGREEN LN,1010,1,2,3056,Forced Air-Duc,1
2732,    218,     15,      0,       ,173 WINTERGREEN LN,1010,1,2,2698,Forced Air-Duc,1
2733,    218,     16,      0,       ,175 WINTERGREEN LN,1010,1,2,3152,Forced Air-Duc,1
2734,    218,     17,      0,       ,177 WINTERGREEN LN ,1010,1,2,2678,Forced Air-Duc,1
2735,    218,     18,      0,       ,178 WINTERGREEN LN,1010,1,2,3041,Forced Air-Duc,1
2736,    217,     35,      0,       ,364 RIVERBEND DR,1010,1,2,3570,Forced Air-Duc,1
2737,    217,     54,      0,       ,365 RIVERBEND DR,1010,1,2,2808,Forced Air-Duc,1
2738,    217,     53,      0,       ,357 RIVERBEND DR,1010,1,2,3199,Forced Air-Duc,1
2739,    217,     36,      0,       ,358 RIVERBEND DR,1010,1,2,2810,Forced Air-Duc,1
2740,    217,     37,      0,       ,344 RIVERBEND DR,1010,1,1.75,3653,Forced Air-Duc,1
2741,    217,     18,      0,       ,113 RIVERBEND DR,1010,1,2,2869,Forced Air-Duc,1
2742,    217,     52,      0,       ,341 RIVERBEND DR,1010,1,2,2996,Forced Air-Duc,1
2743,    217,     38,      0,       ,336 RIVERBEND DR,1010,1,2,3443,Forced Air-Duc,1
2744,    217,     51,      0,       ,331 RIVERBEND DR,1010,1,2,3256,Forced Air-Duc,1
2745,    217,     39,      0,       ,314 RIVERBEND DR,1010,1,2,3185,Forced Air-Duc,1
2746,    217,     50,      0,       ,321 RIVERBEND DR,1010,1,2,2884,Forced Air-Duc,1
2747,    217,     40,      0,       ,310 RIVERBEND DR,1010,1,2,3161,Forced Air-Duc,1
2748,    217,     49,      0,       ,307 RIVERBEND DR,1010,1,2,3237,Forced Air-Duc,1
2749,    217,     41,      0,       ,304 RIVERBEND DR,1010,1,2,3346,Forced Air-Duc,1
2750,    217,     42,      0,       ,298 RIVERBEND DR,1010,1,2,2887,Forced Air-Duc,1
2751,    217,     16,      0,       ,108 RIVERBEND DR,1010,1,2.5,3027,Forced Air-Duc,1
2755,    108,     29,      0,       ,2 FARMERS ROW,1010,1,2,3924,Hot Water,1
2756,    108,     28,      0,       ,12 FARMERS ROW ,1010,1,1.5,2938,Forced Air-Duc,1
2757,    108,     27,      0,       ,18 FARMERS ROW,1010,1,1.75,4189,Forced Air-Duc,1
2764,    109,      9,      0,       ,67 MILL ST,1010,1,2,3034,Steam,1
2765,    109,     10,      0,       ,11 CANTERBURY LN,1010,1,2,3786,Forced Air-Duc,1
2766,    109,     11,      0,       ,15 CANTERBURY LN,1010,1,2,3076,Forced Air-Duc,1
2767,    109,     13,      0,       ,17 CANTERBURY LN,1010,1,2,3354,Forced Air-Duc,1
2768,    109,     14,      0,       ,18 CANTERBURY LN,1010,1,2,4747,Forced Air-Duc,1
2769,    109,     15,      0,       ,16 CANTERBURY LN,1010,1,2,3785,Forced Air-Duc,1
2770,    109,     16,      0,       ,12 CANTERBURY LN,1010,1,2,4308,Forced Air-Duc,1
2771,    109,     17,      0,       ,10 CANTERBURY LN ,1010,1,2,3520,Forced Air-Duc,1
2772,    109,     20,      0,       ,103 MILL ST,1010,1,1,2089,Hot Water,1
2775,    109,     19,      0,       ,93 MILL ST,1010,1,1.5,3845,Hot Water,1
2776,    109,     23,      0,       ,21 JENKINS RD ,1010,1,1.75,2088,Hot Water,1
2777,    109,     22,      0,       ,5 JENKINS RD,1010,1,1,1428,Hot Water,1
2778,    109,     21,      0,       ,113 MILL ST,1010,1,1.5,1792,Hot Water,1
2779,    109,     28,      0,       ,104 MILL ST,1010,1,2,2726,Hot Water,1
2780,    109,     29,      0,       ,96 MILL ST,1010,1,1.75,3721,Hot Water,1
2781,    109,     30,      0,       ,90 MILL ST,1010,1,1,1100,Hot Water,1
2782,    109,     31,      0,       ,52 MILL ST ,1010,1,1.75,1999,Hot Water,1
2785,    109,     32,      0,       ,38 MILL ST,1010,1,2,2368,Hot Water,1
2786,    109,     33,      0,       ,3 WESTBROOK LN,1010,1,2,2968,Hot Water,1
2787,    109,     37,      0,       ,20 WESTBROOK LN ,1010,1,1.75,3580,Hot Water,1
2789,    109,     36,      0,       ,26 WESTBROOK LN,1010,1,2.75,3686,Hot Water,1
2790,    109,     35,      0,       ,25 WESTBROOK LN,1010,1,2,2915,Hot Water,1
2791,    108,     25,      0,       ,44 FARMERS ROW ,0101,1,2.5,8691,Forced Air-Duc,1
2795,    108,     24,      0,       ,46 LONG HILL RD ,1050,1,2.5,6598,Hot Water,1
2796,    108,     26,      0,       ,24 FARMERS ROW ,1010,1,2,2910,Hot Water,1
2798,    106,      2,      0,       ,216 WEST MAIN ST,1010,1,2,1344,Hot Water,1
2800,    211,     49,      0,       ,276 WEST MAIN ST,1010,1,1,1280,Hot Water,1
2801,    106,      1,      0,       ,220 WEST MAIN ST,1010,1,1.75,1804,Hot Water,1
2802,    211,     50,      0,       ,242 WEST MAIN ST,1010,1,1,1812,Hot Water,1
2803,    211,     51,      0,       ,228 WEST MAIN ST,1010,1,1,1920,Hot Water,1
2804,    211,     53,      0,       ,257 WEST MAIN ST,1010,1,2,2998,Forced Air-Duc,1
2805,    211,     58,      0,       ,73 HILL RD,1010,1,2,1832,Hot Water,1
2806,    211,     66,      0,       ,121 HILL RD,1010,1,2,1960,Hot Water,1
2807,    211,     67,      0,       ,127 HILL RD,1010,1,2,1777,Hot Water,1
2808,    211,     68,      0,       ,133 HILL RD,1010,1,2,1800,Hot Water,1
2809,    211,     69,      0,       ,137 HILL RD,1010,1,2,2018,Hot Water,1
2810,    211,     70,      0,       ,141 HILL RD,1010,1,2,1800,Hot Water,1
2811,    211,     71,      0,       ,147 HILL RD,1010,1,2,1816,Forced Air-Duc,1
2812,    211,     72,      0,       ,149 HILL RD,1010,1,1.75,1210,Forced Air-Duc,1
2813,    211,     73,      0,       ,151 HILL RD,1010,1,2,1814,Forced Air-Duc,1
2814,    211,     57,      0,       ,69 HILL RD,1010,1,2,1808,Hot Water,1
2815,    211,     59,      0,       ,79 HILL RD,1010,1,2,2184,Hot Water,1
2816,    211,     60,      0,       ,81 HILL RD,1010,1,1,1608,Forced Air-Duc,1
2817,    211,     61,      0,       ,95 HILL RD,1010,1,2,1568,Forced Air-Duc,1
2818,    211,     62,      0,       ,99 HILL RD,1010,1,1,1319,Hot Water,1
2819,    211,     63,      0,       ,103 HILL RD,1010,1,2,1536,Hot Water,1
2820,    211,     64,      0,       ,109 HILL RD,1010,1,2,1896,Hot Water,1
2821,    211,     65,      0,       ,117 HILL RD,1010,1,2,2136,Hot Water,1
2823,    211,     56,      0,       ,45 HILL RD,1040,1,1.5,3675,Hot Water,1
2824,    105,      1,      0,       ,173 HILL RD,1010,1,2,2484,Forced Air-Duc,1
2825,    211,     55,      0,       ,347 WEST MAIN ST,1010,1,1.75,1804,Forced Air-Duc,1
2826,    211,     19,      0,       ,302 WEST MAIN ST,1010,1,1,1138,Hot Water,1
2827,    211,     18,      0,       ,312 WEST MAIN ST #A & B,1040,1,2,2434,Hot Water,1
2828,    211,     16,      0,       ,28 TOWN FOREST RD,1010,1,1.75,2150,Hot Water,1
2829,    211,     21,      0,       ,65 WHARTON ROW,1010,1,2,4391,Forced Air-Duc,1
2830,    211,     30,      0,       ,139 WHARTON ROW,1010,1,2,3684,Forced Air-Duc,1
2831,    211,     31,      0,       ,141 WHARTON ROW,1010,1,2,3962,Hot Air-no Duc,1
2832,    211,     32,      0,       ,145 WHARTON ROW,1010,1,2.75,4746,Forced Air-Duc,1
2833,    210,      1,      0,       ,151 WHARTON ROW,1010,1,2,4310,Forced Air-Duc,1
2834,    210,      2,      0,       ,159 WHARTON ROW,1010,1,2,3682,Forced Air-Duc,1
2835,    210,      3,      0,       ,161 WHARTON ROW ,1010,1,2,4444,Forced Air-Duc,1
2836,    211,     42,      0,       ,165 WHARTON ROW,1010,1,2,3108,Forced Air-Duc,1
2837,    211,     43,      0,       ,167 WHARTON ROW,1010,1,2,2934,Forced Air-Duc,1
2838,    211,     44,      0,       ,171 WHARTON ROW,1010,1,2,5103,Forced Air-Duc,1
2839,    211,     45,      0,       ,86 WHARTON ROW,1010,1,2,3461,Forced Air-Duc,1
2840,    211,     22,      0,       ,79 WHARTON ROW,1010,1,2,3070,Forced Air-Duc,1
2841,    211,     46,      0,       ,78 WHARTON ROW,1010,1,2,3514,Forced Air-Duc,1
2842,    211,     47,      0,       ,68 WHARTON ROW,1010,1,2,4036,Forced Air-Duc,1
2843,    211,     48,      0,       ,62 WHARTON ROW,1010,1,2,5015,Forced Air-Duc,1
2844,    211,     37,      0,       ,180 WHARTON ROW,1010,1,2,3330,Forced Air-Duc,1
2845,    211,     36,      0,       ,116 WHARTON ROW,1010,1,2,4924,Forced Air-Duc,1
2846,    211,     35,      0,       ,122 WHARTON ROW,1010,1,2,5023,Forced Air-Duc,1
2847,    211,     34,      0,       ,138 WHARTON ROW ,1010,1,2,3641,Forced Air-Duc,1
2848,    211,     33,      0,       ,150 WHARTON ROW,1010,1,2,3742,Hot Air-no Duc,1
2849,    211,     41,      0,       ,160 WHARTON ROW,1010,1,2,4052,Forced Air-Duc,1
2850,    211,     39,      0,       ,168 WHARTON ROW,1010,1,2.75,5088,Forced Air-Duc,1
2851,    211,     23,      0,       ,85 WHARTON ROW,1010,1,2,3990,Forced Air-Duc,1
2852,    211,     38,      0,       ,170 WHARTON ROW ,1010,1,2,3078,Forced Air-Duc,1
2853,    211,     24,      0,       ,91 WHARTON ROW,1010,1,2,3899,Forced Air-Duc,1
2854,    211,     25,      0,       ,99 WHARTON ROW ,1010,1,2,2947,Forced Air-Duc,1
2855,    211,     26,      0,       ,111 WHARTON ROW ,1010,1,2,6703,Forced Air-Duc,1
2856,    211,     27,      0,       ,115 WHARTON ROW,1010,1,2,3771,Forced Air-Duc,1
2857,    211,     28,      0,       ,121 WHARTON ROW,1010,1,2,3706,Forced Air-Duc,1
2858,    211,     29,      0,       ,129 WHARTON ROW,1010,1,2,3423,Forced Air-Duc,1
2860,    211,     16,      1,       ,21 WHARTON ROW,1010,1,2,3564,Forced Air-Duc,1
2862,    211,     15,      0,       ,36 TOWN FOREST RD,1010,1,1,2309,Hot Water,1
2863,    211,     17,      0,       ,22 TOWN FOREST RD,1010,1,2,3176,Steam,1
2864,    211,      3,      0,       ,360 WEST MAIN ST,1010,1,1.75,1591,Hot Water,1
2865,    211,      4,      0,       ,356 WEST MAIN ST,1010,1,2,3694,Forced Air-Duc,1
2867,    211,      6,      0,       ,344 WEST MAIN ST,1010,1,1,2008,Forced Air-Duc,1
2869,    211,      8,      0,       ,334 WEST MAIN ST,1010,1,1.75,1591,Hot Water,1
2870,    211,      9,      0,       ,328 WEST MAIN ST ,1010,1,1,948,Forced Air-Duc,1
2871,    211,     10,      0,       ,9 TOWN FOREST RD,1010,1,1.75,1899,Hot Water,1
2872,    211,     11,      0,       ,19 TOWN FOREST RD,1010,1,1,1809,Electr Basebrd,1
2873,    211,     13,      0,       ,35 TOWN FOREST RD,1010,1,2,3309,Forced Air-Duc,1
2874,    211,     14,      0,       ,47 TOWN FOREST RD,1010,1,1.75,2293,Forced Air-Duc,1
2875,    211,     12,      0,       ,25 TOWN FOREST RD ,1010,1,2,4618,Hot Water,1
2876,    211,      2,      0,       ,366 WEST MAIN ST,1010,1,2,2016,Hot Water,1
2877,    211,      1,      0,       ,382 WEST MAIN ST ,1040,1,1,1859,Floor Furnace,1
2883,    211,     40,      0,       ,93 TOWN FOREST RD,1010,1,1.75,3595,Steam,1
2885,    108,     11,      0,       ,76 FARMERS ROW,1010,1,2,7132,Forced Air-Duc,1
2885,    108,     11,      0,       ,76 FARMERS ROW,1010,2,2,2230,Forced Air-Duc,1
2886,    108,     12,      0,       ,37 LONG HILL RD,1010,1,2,3677,Forced Air-Duc,1
2887,    218,      4,      0,       ,151 LONG HILL RD,1010,1,1,1952,Forced Air-Duc,1
2889,    108,     10,      0,       ,90 FARMERS ROW,1090,1,2,4731,Hot Water,1
2889,    108,     10,      0,       ,90 FARMERS ROW,1090,2,1,1051,Hot Water,1
2891,    108,     17,      0,       ,63 LONG HILL RD,1010,1,1.5,4754,Forced Air-Duc,1
2892,    108,     22,      0,       ,97 LONG HILL RD,1010,1,1.75,2218,Hot Water,1
2893,    108,     23,      0,       ,107 LONG HILL RD,1010,1,2,1946,Hot Water,1
2894,    108,     16,      0,       ,61 LONG HILL RD,1010,1,1,1520,Hot Water,1
2895,    108,     20,      0,       ,79 LONG HILL RD,1010,1,1,1472,Hot Water,1
2896,    108,     19,      0,       ,57 LONG HILL RD,1010,1,1.75,2885,Hot Water,1
2897,    108,     18,      0,       ,59 LONG HILL RD ,0101,1,1,3860,Hot Water,1
2898,    108,     21,      0,       ,87 LONG HILL RD,1010,1,2,2112,Hot Water,1
2899,    108,     13,      0,       ,49 LONG HILL RD,1010,1,1.75,2080,Hot Water,1
2902,    107,     17,      0,       ,112 FARMERS ROW,1010,1,2,4734,Hot Water,1
2903,    107,     16,      0,       ,182 FARMERS ROW,9410,1,2,4815,Hot Water,1
2906,    107,     15,      0,       ,154 FARMERS ROW,9410,1,2,3994,Hot Water,1
2914,    219,      9,      0,       ,282 FARMERS ROW,9410,1,2,3432,Forced Air-Duc,1
2914,    219,      9,      0,       ,282 FARMERS ROW,9410,13,2,2200,Forced Air-Duc,1
2914,    219,      9,      0,       ,282 FARMERS ROW,9410,16,2,2637,Forced Air-Duc,1
2914,    219,      9,      0,       ,282 FARMERS ROW,9410,17,2,1650,Forced Air-Duc,1
2914,    219,      9,      0,       ,282 FARMERS ROW,9410,18,2,2556,Forced Air-Duc,1
2914,    219,      9,      0,       ,282 FARMERS ROW,9410,19,2,4524,Forced Air-Duc,1
2914,    219,      9,      0,       ,282 FARMERS ROW,9410,21,2.5,5090,Forced Air-Duc,1
2914,    219,      9,      0,       ,282 FARMERS ROW,9410,22,2,2182,Forced Air-Duc,1
2914,    219,      9,      0,       ,282 FARMERS ROW,9410,23,1,3675,Forced Air-Duc,1
2914,    219,      9,      0,       ,282 FARMERS ROW,9410,24,1.75,2500,Forced Air-Duc,1
2915,    212,     23,      0,       ,152 HILL RD,1010,1,1.75,4153,Forced Air-Duc,1
2916,    211,     74,      0,       ,134 HILL RD,1010,1,2,3061,Forced Air-Duc,1
2917,    211,     75,      0,       ,128 HILL RD,1010,1,1,1032,Forced Air-Duc,1
2920,    211,     83,      0,       ,54 HILL RD ,0101,1,2,3960,Forced Air-Duc,1
2922,    211,     76,      0,       ,120 HILL RD,1010,1,2,2434,Hot Water,1
2923,    211,     77,      0,       ,110 HILL RD,1010,1,2,2235,Forced Air-Duc,1
2924,    211,     78,      0,       ,104 HILL RD,1010,1,2,2304,Forced Air-Duc,1
2925,    211,     79,      0,       ,98 HILL RD,1010,1,2,2932,Hot Water,1
2926,    211,     80,      0,       ,90 HILL RD,1010,1,2,2080,Hot Water,1
2927,    211,     81,      0,       ,80 HILL RD,1010,1,2.75,2424,Forced Air-Duc,1
2928,    211,     82,      0,       ,72 HILL RD ,1040,1,2,2400,Hot Water,1
2930,    109,     43,      0,       ,108 PLEASANT ST ,1010,1,2,6436,Forced Air-Duc,1
2930,    109,     43,      0,       ,108 PLEASANT ST ,1010,2,1.5,1872,Forced Air-Duc,1
2937,    112,     11,      0,       ,35 PLEASANT ST,1010,1,1.75,1436,Forced Air-Duc,1
2938,    112,     13,      0,       ,43 PLEASANT ST,1010,1,1.75,1764,Forced Air-Duc,1
2939,    112,     12,      0,       ,39 PLEASANT ST ,1010,1,1.75,1274,Forced Air-Duc,1
2940,    112,     10,      0,       ,29 PLEASANT ST,1040,1,2,3206,Steam,1
2941,    112,      9,      0,       ,14 ADAMS AVE,1010,1,2,2698,Steam,1
2942,    113,     89,      0,       ,22 ADAMS AVE,1010,1,2,1578,Steam,1
2944,    112,      7,      0,       ,13 PLEASANT ST ,1040,1,2,3474,Steam,1
2945,    112,      8,      0,       ,17 ADAMS AVE,1010,1,1,2316,Hot Water,1
2947,    109,     45,      0,       ,96 PLEASANT ST ,1010,1,2,2715,Hot Water,1
2949,    112,      6,      0,       ,219 MAIN ST,1010,1,2,2968,Steam,1
2950,    112,      5,      0,       ,217 MAIN ST,1010,1,2,3280,Steam,1
2951,    112,      4,      0,       ,215 MAIN ST,1040,1,2,2965,Hot Water,1
2955,    113,     78,      0,       ,30 COURT ST,1010,1,2,1828,Forced Air-Duc,1
2956,    109,     46,      0,       ,88 PLEASANT ST ,1050,1,2,4867,Hot Water,1
2957,    109,     39,      0,       ,65 WEST ST,1010,1,2,1980,Forced Air-Duc,1
2958,    113,     79,      0,       ,26 COURT ST,1010,1,2,2388,Forced Air-Duc,1
2959,    113,     80,      0,       ,20 COURT ST,1040,1,2,2528,Steam,1
2960,    113,     81,      0,       ,16 COURT ST,1010,1,1.75,1653,Hot Water,1
2961,    113,     82,      0,       ,12 COURT ST ,1010,1,1.75,1758,Steam,1
2962,    112,      3,      0,       ,209 MAIN ST,1010,1,2.5,3319,Hot Water,1
2963,    112,      2,      0,       ,205-207 MAIN ST ,0130,1,2,4495,Hot Water,1
2965,    113,     73,      0,       ,31 COURT ST,1040,1,2.5,3422,Forced Air-Duc,1
2967,    113,     74,      0,       ,39 COURT ST ,1010,1,2,2624,Hot Water,1
2968,    109,     47,      0,       ,82 PLEASANT ST,0311,1,2,4448,Hot Water,1
2969,    113,     72,      0,       ,25 COURT ST,1010,1,2,2072,Hot Water,1
2970,    113,     71,      0,       ,21 COURT ST,1050,1,2,3902,Hot Water,1
2971,    113,     70,      0,       ,19 COURT ST,1010,1,1.5,1623,Hot Water,1
2973,    113,     68,      0,       ,11 COURT ST,1010,1,2,2076,Hot Water,1
2974,    113,     67,      0,       ,7 COURT ST,1010,1,1.5,1196,Forced Air-Duc,1
2975,    113,     66,      0,       ,197 MAIN ST,1040,1,2,2366,Steam,1
2977,    113,     64,      0,       ,187 MAIN ST,1010,1,1.75,1712,Hot Water,1
2978,    113,     63,      0,       ,179 MAIN ST,1010,1,2,4771,Hot Water,1
2980,    113,     57,      0,       ,28 STATION AVE ,0311,1,2,5532,Hot Water,1
2981,    109,     48,      0,       ,76 PLEASANT ST,1040,1,2,4216,Hot Water,1
2982,    113,     58,      0,       ,22 STATION AVE,1040,1,2,3117,Steam,1
2990,    113,     50,      0,       ,17 STATION AVE,1010,1,2,1809,Forced Air-Duc,1
2991,    112,     18,      0,       ,68 PLEASANT ST,1010,1,2,2152,Forced Air-Duc,1
2992,    113,     49,      0,       ,11 STATION AVE,1010,1,1.75,1478,Hot Water,1
2997,    113,     45,      0,       ,155-157 MAIN ST ,0311,1,2,1545,Hot Water,1
2998,    113,     44,      0,       ,153 MAIN ST,1010,1,2,1920,Hot Water,1
3001,    109,     51,      0,       ,45 WEST ST ,1010,1,1.5,2285,Hot Water,1
3010,    113,     34,      0,       ,26 BROADMEADOW RD,1010,1,1,1211,Steam,1
3011,    113,     35,      0,       ,22-24 BROADMEADOW RD,1040,1,2,2109,Forced Air-Duc,1
3012,    113,     36,      0,       ,20 BROADMEADOW RD ,1010,1,1.75,1750,Hot Water,1
3013,    113,     37,      0,       ,18 BROADMEADOW RD,1010,1,1.75,1608,Hot Water,1
3014,    113,     38,      0,       ,16 BROADMEADOW RD,1010,1,1.75,2411,Forced Air-Duc,1
3015,    113,     40,      0,       ,117 MAIN ST ,0130,1,3,6341,Hot Water,1
3018,    112,     95,      0,       ,"214 MAIN ST #A,B,C",0311,1,2,3601,Hot Water,1
3020,    112,     96,      0,       ,208 MAIN ST,1010,1,2,4409,Steam,1
3024,    112,    130,      1,       ,36 WILLOWDALE RD,1040,1,2.5,3383,Forced Air-Duc,1
3025,    112,    129,      0,       ,38 WILLOWDALE RD ,1010,1,1.75,1084,Forced Air-Duc,1
3026,    112,    128,      0,       ,40 WILLOWDALE RD,1010,1,1.5,979,Hot Water,1
3027,    112,    127,      0,       ,42 WILLOWDALE RD,1010,1,1.75,1656,Forced Air-Duc,1
3028,    112,    126,      0,       ,44 WILLOWDALE RD,1010,1,2,2428,Hot Air-no Duc,1
3029,    112,    125,      0,       ,46 WILLOWDALE RD,1010,1,1.75,2152,Forced Air-Duc,1
3030,    112,    124,      0,       ,54 WILLOWDALE RD,1010,1,2,1898,Forced Air-Duc,1
3032,    112,    133,      0,       ,24 HOLLIS ST,1040,1,2,2496,Hot Water,1
3033,    112,    134,      0,       ,20 HOLLIS ST ,1010,1,2,2406,Steam,1
3034,    112,    135,      0,       ,16 HOLLIS ST,0311,1,2,4558,Hot Water,1
3045,    112,    145,      0,       ,28 MAYFIELD DR,1010,1,1,2016,Forced Air-Duc,1
3046,    112,    138,      0,       ,41 MAYFIELD DR,1010,1,1,1320,Hot Water,1
3047,    112,    144,      0,       ,40 MAYFIELD DR,1010,1,1.75,2746,Hot Water,1
3048,    112,    139,      0,       ,49 MAYFIELD DR,1010,1,2,3091,Forced Air-Duc,1
3049,    112,    143,      0,       ,50 MAYFIELD DR,1010,1,1,1348,Hot Water,1
3050,    112,    140,      0,       ,59 MAYFIELD DR,1010,1,2,3204,Forced Air-Duc,1
3051,    112,    142,      0,       ,60 MAYFIELD DR,1010,1,2,5200,Radiant,1
3053,    113,      2,      0,       ,176 MAIN ST,1010,1,2,4337,Hot Water,1
3054,    113,      3,      0,       ,172 MAIN ST,0130,1,2,4786,Hot Water,1
3055,    113,      4,      0,       ,164 MAIN ST,1010,1,2,4266,Forced Air-Duc,1
3056,    113,      5,      0,       ,154 MAIN ST,1010,1,2,4819,Radiant,1
3057,    112,     24,      0,       ,29 WHITING AVE,1010,1,2,2616,Hot Water,1
3063,    113,     11,      0,       ,11 LOWELL RD ,1110,1,3,7500,Forced Air-Duc,1
3065,    116,      3,      0,       ,55 LOWELL RD,0311,1,2,3736,Steam,1
3066,    116,      2,      0,       ,35 LOWELL RD,1010,1,1.75,1464,Hot Water,1
3067,    109,     53,      0,       ,42 FAIRVIEW AVE,1010,1,1,3150,Hot Water,1
3070,    112,     64,      0,       ,305 MAIN ST,1010,1,1,1144,Hot Water,1
3072,    112,     65,      0,       ,13 FAIRVIEW AVE,1010,1,1,2624,Hot Water,1
3073,    109,     49,      0,       ,19 FAIRVIEW AVE,1040,1,1.75,1685,Hot Water,1
3074,    109,     54,      0,       ,34 FAIRVIEW AVE,1010,1,1.75,2171,Hot Water,1
3075,    109,     55,      0,       ,26 FAIRVIEW AVE ,1040,1,2,3306,Hot Water,1
3077,    116,      5,      0,       ,145 LOWELL RD,1040,1,1.75,3970,Hot Water,1
3078,    116,      4,      0,       ,143 LOWELL RD,1010,1,2,2290,Forced Air-Duc,1
3081,    224,     21,      0,       ,284 MARTINS POND RD,0101,1,2,3855,Hot Water,1
3082,    233,    108,      0,       ,28 SHATTUCK ST,1010,1,1.75,1937,Hot Water,1
3083,    233,    110,      0,       ,282 MARTINS POND RD,1010,1,2,2324,Forced Air-Duc,1
3084,    224,     22,      0,       ,242 MARTINS POND RD,1010,1,2,2378,Forced Air-Duc,1
3085,    233,    109,      0,       ,16 SHATTUCK ST,1010,1,2,1976,Electr Basebrd,1
3087,    116,      6,      0,       ,171 LOWELL RD,0130,1,2,2450,Steam,1
3088,    116,      8,      0,       ,154 LOWELL RD,1010,1,1.75,2462,Hot Water,1
3089,    116,      7,      0,       ,172 LOWELL RD,1010,1,1,1940,Hot Water,1
3091,    234,     76,      0,       ,204 LOWELL RD,1010,1,1.5,1374,Forced Air-Duc,1
3092,    108,      9,      0,       ,93 FARMERS ROW ,1010,1,2,4208,Forced Air-Duc,1
3093,    107,      1,      0,       ,111 FARMERS ROW ,1010,1,2,4114,Forced Air-Duc,1
3095,    108,      7,      0,       ,161 BROADMEADOW RD,1010,1,2,3970,Forced Air-Duc,1
3096,    108,      6,      0,       ,151 BROADMEADOW RD,1010,1,2,3985,Forced Air-Duc,1
3097,    113,     27,      0,       ,137 BROADMEADOW RD ,1010,1,2,3320,Forced Air-Duc,1
3098,    113,     24,      0,       ,127 BROADMEADOW RD,1010,1,2.5,4713,Hot Air-no Duc,1
3099,    108,      8,      0,       ,169 BROADMEADOW RD ,1010,1,1.75,1636,Hot Water,1
3101,    113,     26,      0,       ,117 BROADMEADOW RD,1010,1,1.5,2857,Steam,1
3102,    113,     25,      0,       ,107 BROADMEADOW RD,1010,1,1.75,1938,Hot Water,1
3103,    112,     23,      0,       ,21 WHITING AVE,1010,1,2,2031,Hot Water,1
3104,    107,      2,      0,       ,123 FARMERS ROW ,1010,1,2,3310,Hot Water,1
3105,    107,      6,      0,       ,9 HIGLEY ST,1010,1,1,3350,Hot Water,1
3106,    107,      4,      0,       ,125 FARMERS ROW,1010,1,1,1775,Forced Air-Duc,1
3107,    107,      5,      0,       ,133 FARMERS ROW,1010,1,2.5,3908,Forced Air-Duc,1
3110,    107,      7,      0,       ,17 HIGLEY ST,1010,1,1.5,2528,Hot Water,1
3112,    107,     13,      0,       ,24 HIGLEY ST,1010,1,1.75,2317,Hot Water,1
3114,    107,     14,      0,       ,20 HIGLEY ST,1010,1,1.75,1581,Hot Water,1
3115,    107,      9,      0,       ,31-33 HIGLEY ST,1040,1,2,2584,Hot Water,1
3116,    107,     10,      0,       ,35 HIGLEY ST,9410,1,1,956,Hot Water,1
3121,    107,     11,      0,       ,64 HIGLEY ST,9410,1,2,2112,Forced Air-Duc,1
3121,    107,     11,      0,       ,64 HIGLEY ST,9410,2,1.75,2844,Forced Air-Duc,1
3121,    107,     11,      0,       ,64 HIGLEY ST,9410,3,2,2781,Forced Air-Duc,1
3123,    219,      1,      0,       ,47 PEABODY ST,9410,1,2,4702,Hot Water,1
3124,    112,     22,      0,       ,15 WHITING AVE,1010,1,1,1684,Hot Water,1
3125,    222,     60,      0,       ,90 HIGLEY ST,9410,1,1,1167,Hot Water,1
3126,    222,     59,      0,       ,69 PEABODY ST,9410,1,1.75,1421,Hot Water,1
3130,    113,     22,      0,       ,17 BROADMEADOW RD,1010,1,2,1472,Hot Water,1
3131,    113,     21,      0,       ,13 BROADMEADOW RD,1010,1,1,2069,Floor Furnace,1
3132,    112,     21,      0,       ,50 PLEASANT ST #A & B,1010,1,2,3306,Hot Water,1
3133,    113,     20,      0,       ,113 MAIN ST,0130,1,3,5364,Steam,1
3137,    113,     16,      0,       ,95 MAIN ST,1010,1,1.75,3040,Hot Water,1
3139,    113,     15,      0,       ,85 MAIN ST,9410,1,2,3352,Forced Air-Duc,1
3140,    113,     14,      0,       ,79 MAIN ST,9410,1,2.5,4808,Forced Air-Duc,1
3141,    113,     13,      0,       ,71 MAIN ST,1010,1,2.5,2639,Forced Air-Duc,1
3143,    114,     17,      0,       ,53 MAIN ST,9410,1,1.5,1702,Forced Air-Duc,1
3143,    114,     17,      0,       ,53 MAIN ST,9410,2,2,4184,None,1
3144,    112,     19,      0,       ,58 PLEASANT ST,1010,1,2,1665,Forced Air-Duc,1
3146,    114,     16,      0,       ,43 MAIN ST ,1010,1,2,3148,Hot Water,1
3150,    114,     11,      0,       ,24 OLD AYER RD,1010,1,2,3027,Hot Water,1
3151,    114,     10,      0,       ,30 OLD AYER RD,1010,1,1.75,2546,Hot Water,1
3152,    114,     12,      0,       ,14 OLD AYER RD,9410,1,2,2050,Hot Water,1
3152,    114,     12,      0,       ,14 OLD AYER RD,9410,2,1,1470,Forced Air-Duc,1
3154,    114,     15,      0,       ,27 MAIN ST,1010,1,1.75,1876,Hot Water,1
3155,    114,     14,      0,       ,2 OLD AYER RD,1010,1,2.5,4006,Hot Water,1
3156,    114,      9,      0,       ,44 OLD AYER RD,1010,1,2,4788,Forced Air-Duc,1
3157,    114,      8,      0,       ,54 OLD AYER RD,1010,1,1.75,1814,Hot Water,1
3158,    222,     70,      0,       ,78 OLD AYER RD,1010,1,2,3498,Steam,1
3161,    222,     67,      0,       ,135 PEABODY ST,1010,1,2,2700,Hot Water,1
3162,    222,     68,      0,       ,147 PEABODY ST,1010,1,2,2250,Hot Water,1
3163,    222,     63,      0,       ,125 PEABODY ST,1010,1,1.75,2009,Hot Water,1
3164,    222,     66,      0,       ,14 TEMPLE DR,1010,1,1,2588,Hot Water,1
3165,    222,     64,      0,       ,13 TEMPLE DR,1010,1,1,1774,Electr Basebrd,1
3166,    222,     65,      0,       ,21 TEMPLE DR ,1010,1,2,2026,Hot Water,1
3167,    114,      7,      0,       ,30 TEMPLE DR,1010,1,1,1711,Hot Water,1
3168,    114,      5,      0,       ,27 TEMPLE DR,1010,1,1.75,2027,Hot Water,1
3171,    112,     20,      0,       ,54 PLEASANT ST,1010,1,2,2070,Forced Air-Duc,1
3172,    116,     11,   3172,       ,3 POWDERHOUSE RD,9601,1,2,2958,Forced Air-Duc,1
3174,    116,     12,      0,       ,86 MAIN ST,9411,3,2,4554,Hot Water,1
3174,    116,     12,      0,       ,86 MAIN ST,9411,4,2,4190,Forced Air-Duc,1
3174,    116,     12,      0,       ,86 MAIN ST,9411,5,2,3086,Forced Air-Duc,1
3182,    112,     56,      0,       ,29 WEST ST,1050,1,2,2014,Forced Air-Duc,1
3184,    116,      9,      0,       ,92 LOWELL RD,9410,1,1.75,1831,Forced Air-Duc,1
3185,    115,      1,      0,       ,36 MAIN ST,9410,1,2,5396,Steam,1
3186,    116,     10,      0,       ,ACADEMY DR,9410,1,1.75,1814,Hot Water,1
3186,    116,     10,      0,       ,ACADEMY DR,9410,2,1.75,1814,Hot Water,1
3186,    116,     10,      0,       ,ACADEMY DR,9410,3,1.75,1814,Hot Water,1
3186,    116,     10,      0,       ,ACADEMY DR,9410,4,1.75,1814,Hot Water,1
3186,    116,     10,      0,       ,ACADEMY DR,9410,9,2,6924,Forced Air-Duc,1
3186,    116,     10,      0,       ,ACADEMY DR,9410,15,2,3492,Forced Air-Duc,1
3186,    116,     10,      0,       ,ACADEMY DR,9410,16,2,3534,Hot Water,1
3186,    116,     10,      0,       ,ACADEMY DR,9410,17,1,1470,Forced Air-Duc,1
3186,    116,     10,      0,       ,ACADEMY DR,9410,18,1,1554,Forced Air-Duc,1
3186,    116,     10,      0,       ,ACADEMY DR,9410,19,2,1568,Forced Air-Duc,1
3186,    116,     10,      0,       ,ACADEMY DR,9410,20,2,1568,Forced Air-Duc,1
3187,    115,      2,      0,       ,14 MAIN ST,9601,1,2,5378,Forced Air-Duc,1
3187,    115,      2,      0,       ,14 MAIN ST,9601,2,1.75,1814,Hot Water,1
3188,    115,      4,      0,       ,29 BOSTON RD,1010,1,2,3238,Hot Water,1
3189,    115,      3,      0,       ,21 BOSTON RD,1010,1,2,3665,Hot Water,1
3191,    115,     16,      0,       ,73 FAIRWAY DR,9410,1,1.75,5535,Forced Air-Duc,1
3192,    112,     54,      0,       ,15 WEST ST,1010,1,2,1625,Hot Water,1
3193,    112,     55,      0,       ,21 WEST ST,1010,1,1.75,1536,Hot Water,1
3195,    115,      5,      0,       ,35 BOSTON RD,1010,1,2,1750,Hot Water,1
3196,    115,     12,      0,       ,47 FAIRWAY DR,1010,1,1.75,2866,Hot Water,1
3197,    115,     13,      0,       ,59 FAIRWAY DR,1010,1,2,2248,Forced Air-Duc,1
3198,    115,     14,      0,       ,63 FAIRWAY DR,1010,1,1,4464,Hot Water,1
3199,    115,     15,      0,       ,69 FAIRWAY DR,1010,1,2,1930,Hot Water,1
3200,    115,     17,      0,       ,75 FAIRWAY DR,1010,1,1.75,2154,Forced Air-Duc,1
3201,    115,     21,      0,       ,62 FAIRWAY DR,1010,1,1,1740,Hot Water,1
3202,    115,      8,      0,       ,21 LOVERS LN,1010,1,1.75,1392,Hot Water,1
3203,    115,     20,      0,       ,64 FAIRWAY DR,1010,1,1,1292,Hot Water,1
3204,    115,     19,      0,       ,74 FAIRWAY DR ,1010,1,2,1879,Hot Water,1
3205,    115,     18,      0,       ,76 FAIRWAY DR ,1010,1,1.75,2108,Hot Water,1
3207,    115,     23,      0,       ,38 FAIRWAY DR,1010,1,1.75,2278,Hot Water,1
3208,    115,     24,      0,       ,24 FAIRWAY DR,1010,1,2,2394,Hot Water,1
3209,    222,      3,      0,       ,81 BOSTON RD ,1010,1,2,3632,Forced Air-Duc,1
3210,    115,      9,      0,       ,17 LOVERS LN,1010,1,1,1282,Hot Water,1
3211,    115,     25,      0,       ,6 FAIRWAY DR ,1010,1,2,2182,Hot Water,1
3213,    115,      6,      0,       ,43 BOSTON RD,1010,1,1,1144,Hot Water,1
3214,    115,      7,      0,       ,49 BOSTON RD,1010,1,1,1056,Hot Water,1
3215,    222,      1,      0,       ,55 BOSTON RD,1010,1,1.75,1993,Hot Water,1
3216,    222,      2,      0,       ,63 BOSTON RD,1010,1,1,1030,Forced Air-Duc,1
3217,    115,     26,      0,       ,10 FAIRWAY DR,1010,1,2,2306,Hot Water,1
3218,    115,     27,      0,       ,35 LOVERS LN ,1010,1,1.75,2472,Forced Air-Duc,1
3219,    115,     28,      0,       ,39 LOVERS LN,1010,1,2,2557,Hot Water,1
3220,    115,     29,      0,       ,45 LOVERS LN,1010,1,2,2668,Forced Air-Duc,1
3221,    115,     30,      0,       ,65 LOVERS LN,1010,1,2,2697,Hot Water,1
3222,    115,     31,      0,       ,71 LOVERS LN,1010,1,2,2704,Forced Air-Duc,1
3225,    115,     35,      0,       ,52 LOVERS LN ,1010,1,1.75,2134,Hot Water,1
3229,    222,     58,      0,       ,62 PEABODY ST,9410,1,1.75,3543,Forced Air-Duc,1
3231,    222,     56,      0,       ,106 PEABODY ST,1010,1,1,2452,Hot Water,1
3232,    112,     53,      0,       ,11 WEST ST,1010,1,2,1402,Forced Air-Duc,1
3234,    222,     54,      0,       ,170 OLD AYER RD,9430,1,2,6592,None,1
3239,    115,     39,      0,       ,26 BOSTON RD,1010,1,1,1869,Hot Water,1
3240,    115,     38,      0,       ,28 BOSTON RD ,0101,1,,1104,Forced Air-Duc,1
3242,    114,      2,      0,       ,29 OLD AYER RD,1010,1,2,2976,Forced Air-Duc,1
3243,    114,      1,      0,       ,23 OLD AYER RD ,1010,1,2,2112,Hot Water,1
3244,    114,      3,      0,       ,41 OLD AYER RD,1010,1,2,2156,Hot Water,1
3245,    114,      4,      0,       ,49 OLD AYER RD,1040,1,1.75,3138,Hot Water,1
3246,    222,     24,      0,       ,57 OLD AYER RD,1010,1,1,2086,Hot Water,1
3247,    222,     23,      0,       ,56 BOSTON RD,1010,1,1.75,1499,Steam,1
3249,    222,     22,      0,       ,60 BOSTON RD,1010,1,1.5,1236,Hot Water,1
3252,    112,     52,      0,       ,9 WEST ST ,1010,1,2,2136,Hot Water,1
3253,    222,     26,      0,       ,133 OLD AYER RD ,9430,1,1,352,None,1
3264,    222,     11,      0,       ,116 SKYFIELDS DR,1010,1,1,2938,Hot Water,1
3265,    222,     10,      0,       ,130 SKYFIELDS DR ,1010,1,1,1450,Hot Water,1
3266,    235,     44,      0,       ,129 SKYFIELDS DR,1010,1,1,2168,Hot Water,1
3268,    222,      6,      0,       ,144-146 BOSTON RD #A AND B,1040,1,2,2902,Forced Air-Duc,1
3269,    222,      5,      0,       ,152-158 BOSTON RD,0130,1,1.75,2140,Forced Air-Duc,1
3271,    222,      7,      0,       ,13 SKYFIELDS DR,1010,1,2,2002,Hot Water,1
3272,    222,      8,      0,       ,31 SKYFIELDS DR,1010,1,1.75,2862,Hot Water,1
3273,    235,     48,      0,       ,60 SKYFIELDS DR,1010,1,1.75,1800,Hot Water,1
3274,    222,     12,      0,       ,36 SKYFIELDS DR,1010,1,2,2392,Hot Water,1
3276,    112,     51,      0,       ,271 MAIN ST,1010,1,2,2785,Forced Air-Duc,1
3277,    112,     25,      0,       ,30 WHITING AVE,1010,1,1.75,1538,Hot Water,1
3278,    112,     26,      0,       ,10 WHITING AVE,1010,1,2,2997,Hot Water,1
3279,    112,     27,      0,       ,4 WHITING AVE,1010,1,2,3013,Hot Water,1
3280,    112,     28,      0,       ,22 ELM ST,1010,1,2,3314,Hot Water,1
3281,    112,     29,      0,       ,18 ELM ST,1010,1,2,2120,Hot Water,1
3283,    112,     49,      0,       ,263 MAIN ST,1040,1,1.75,1459,Hot Water,1
3284,    112,     58,      0,       ,32 WEST ST,1010,1,1.75,1708,Forced Air-Duc,1
3285,    112,     30,      0,       ,8-10-12 ELM ST,1050,1,2,3843,Hot Water,1
3286,    112,     48,      0,       ,261 MAIN ST,1010,1,1.75,2049,Hot Water,1
3287,    112,     31,      0,       ,4 ELM ST ,1040,1,2,2122,Hot Water,1
3290,    112,     85,      0,       ,264 MAIN ST,0311,1,3.5,13826,Hot Air-no Duc,1
3291,    112,     86,      0,       ,5 LEGION RD,1010,1,2,1975,Hot Water,1
3292,    112,     36,      0,       ,42 PLEASANT ST,1050,1,2,3488,Hot Water,1
3293,    112,     35,      0,       ,25 ELM ST,1010,1,1,930,Hot Air-no Duc,1
3294,    112,     59,      0,       ,20 WEST ST ,1010,1,2,2160,Hot Water,1
3295,    112,     37,      0,       ,32 PLEASANT ST,1010,1,2.5,2101,Hot Air-no Duc,1
3296,    112,     34,      0,       ,21 ELM ST,1090,1,2,1512,Hot Water,1
3296,    112,     34,      0,       ,21 ELM ST,1090,2,1,576,Hot Water,1
3298,    112,     38,      0,       ,28 PLEASANT ST,1010,1,2,2400,Steam,1
3299,    112,     39,      0,       ,20 PLEASANT ST,1040,1,2,6176,Hot Water,1
3300,    112,     32,      0,       ,9-11 ELM ST,1040,1,2,2626,Hot Water,1
3301,    112,     46,      0,       ,255 MAIN ST,1010,1,2,3076,Hot Water,1
3302,    112,     45,      0,       ,247 MAIN ST ,1010,1,2.5,3190,Hot Water,1
3303,    112,     44,      0,       ,243 MAIN ST,1010,1,2,2603,Hot Water,1
3304,    112,     43,      0,       ,239 MAIN ST,1040,1,2.5,2948,Hot Air-no Duc,1
3307,    112,     63,      0,       ,297 A & B MAIN ST ,0104,1,2,1884,Forced Air-Duc,1
3310,    112,     87,      0,       ,258 MAIN ST,1010,1,2,3717,Steam,1
3311,    112,     88,      0,       ,254 MAIN ST,1010,1,1.75,1904,Hot Water,1
3312,    112,    104,      0,       ,51 HOLLIS ST ,1010,1,2,2752,Hot Water,1
3313,    112,     89,      0,       ,248 MAIN ST,1010,1,2,3266,Hot Water,1
3314,    112,    103,      0,       ,47 HOLLIS ST,1010,1,2,2447,Steam,1
3316,    112,    102,      0,       ,43 HOLLIS ST,0311,1,2.5,3158,Hot Water,1
3317,    112,    101,      0,       ,41 HOLLIS ST,1010,1,1.75,1496,Hot Water,1
3319,    112,    100,      0,       ,37 HOLLIS ST,1010,1,2,2371,Hot Water,1
3320,    112,     99,      0,       ,35 HOLLIS ST,1010,1,2,1728,Hot Water,1
3322,    112,     92,      0,       ,228 MAIN ST,1010,1,2,3078,Hot Water,1
3323,    112,     98,      0,       ,31 HOLLIS ST,1010,1,2.5,2748,Hot Water,1
3324,    112,     93,      0,       ,220 MAIN ST ,1010,1,2,3155,Steam,1
3328,    112,    110,      0,       ,70 HOLLIS ST,1010,1,1.75,1465,Forced Air-Duc,1
3329,    112,    111,      0,       ,68 HOLLIS ST,1010,1,2,1612,Steam,1
3330,    112,    112,      0,       ,64 HOLLIS ST,1010,1,2,3200,Steam,1
3332,    112,    113,      0,       ,58 HOLLIS ST,1010,1,2,3452,Hot Water,1
3334,    112,    115,      0,       ,46 HOLLIS ST,1010,1,2,2566,Steam,1
3335,    112,    116,      0,       ,40 HOLLIS ST,1010,1,2,3604,Hot Water,1
3336,    112,    117,      0,       ,39 WILLOWDALE RD,1010,1,2,2228,Forced Air-Duc,1
3337,    112,    118,      0,       ,43 WILLOWDALE RD,1010,1,1,1749,Forced Air-Duc,1
3338,    112,    119,      0,       ,49 WILLOWDALE RD,1010,1,2,2928,Hot Water,1
3339,    112,    120,      0,       ,55-57 WILLOWDALE RD,1040,1,2,3044,Forced Air-Duc,1
3341,    112,    122,      0,       ,85 WILLOWDALE RD,1010,1,1.75,3402,Hot Water,1
3344,    112,     61,      0,       ,279 MAIN ST ,1010,1,2,7272,Hot Water,1
3345,    109,      2,      0,       ,79 PLEASANT ST,1010,1,1.75,1637,Hot Water,1
3346,    109,      1,      0,       ,73 PLEASANT ST,1010,1,2,3148,Hot Water,1
3347,    113,     90,      0,       ,23 WHISTLE POST LN,1010,1,2,2272,Forced Air-Duc,1
3348,    113,     91,      0,       ,21 WHISTLE POST LN,1010,1,2,2492,Forced Air-Duc,1
3349,    113,     93,      0,       ,18 WHISTLE POST LN,1010,1,2,2196,Hot Water,1
3353,    113,     28,      0,       ,136 BROADMEADOW RD,1010,1,2,5906,Hot Water,1
3354,    113,     29,      0,       ,126 BROADMEADOW RD,1010,1,2,3497,Forced Air-Duc,1
3355,    113,     30,      0,       ,118 BROADMEADOW RD,1010,1,2,3942,Forced Air-Duc,1
3356,    113,     31,      0,       ,106 BROADMEADOW RD,1010,1,2,3265,Forced Air-Duc,1
3357,    108,      5,      0,       ,152 BROADMEADOW RD,1010,1,2,4120,Steam,1
3359,    108,      2,      0,       ,188 BROADMEADOW RD ,1010,1,2,4869,Forced Air-Duc,1
3360,    108,      3,      0,       ,67 FARMERS ROW,1010,1,2,3794,Forced Air-Duc,1
3361,    108,      4,      0,       ,168 BROADMEADOW RD,1010,1,2,2872,Electr Basebrd,1
3362,    113,     85,      0,       ,50 COURT ST,1010,1,2,868,Hot Water,1
3363,    112,     15,      0,       ,53 PLEASANT ST ,1010,1,2,2294,Hot Water,1
3364,    112,     14,      0,       ,49 PLEASANT ST,1010,1,2,1536,Steam,1
3377,    234,     72,      0,       ,221 GAY RD,1010,1,2,3416,Forced Air-Duc,1
3378,    234,     70,      0,       ,175 WHITMAN RD,1010,1,2,2170,Forced Air-Duc,1
3379,    234,     71,      0,       ,205 GAY RD,1010,1,2,1875,Hot Water,1
3380,    235,      1,      0,       ,227 BOSTON RD,1010,1,2,3552,Hot Water,1
3383,    234,     54,      0,       ,132 WHITMAN RD,1010,1,1.75,2520,Hot Water,1
3384,    234,     45,      0,       ,172 WHITMAN RD,1010,1,2,2624,Forced Air-Duc,1
3385,    234,     46,      0,       ,166 WHITMAN RD,1010,1,2,3436,Forced Air-Duc,1
3386,    234,     39,      0,       ,147 GAY RD,1010,1,2,1792,Forced Air-Duc,1
3389,    234,     43,      0,       ,184 WHITMAN RD,1010,1,1,1776,Forced Air-Duc,1
3390,    234,     42,      0,       ,191 GAY RD ,1040,1,2,2368,Hot Water,1
3391,    234,     41,      0,       ,177 GAY RD ,1010,1,1,2236,Hot Water,1
3392,    234,     44,      0,       ,176 WHITMAN RD,1010,1,1,2384,Forced Air-Duc,1
3393,    234,     37,      0,       ,125 AMES RD,1010,1,1.75,1780,Forced Air-Duc,1
3394,    234,     36,      0,       ,95 AMES RD,1010,1,2,2692,Hot Water,1
3395,    234,     35,      0,       ,75 AMES RD ,1010,1,2,2992,Forced Air-Duc,1
3396,    235,      2,      0,       ,31 AMES RD,1010,1,2,3956,Hot Water,1
3397,    235,      3,      0,       ,39 AMES RD,1010,1,2,3995,Hot Water,1
3398,    234,     33,      0,       ,139 GAY RD,1010,1,2.5,2847,Forced Air-Duc,1
3399,    234,     31,      0,       ,85 GAY RD,1010,1,2,1768,Forced Air-Duc,1
3400,    234,     32,      0,       ,91 GAY RD,1010,1,2,1768,Hot Water,1
3401,    234,     34,      0,       ,80 AMES RD,1010,1,1.75,2581,Hot Water,1
3402,    235,      4,      0,       ,44 AMES RD,1010,1,2,4272,Hot Water,1
3403,    235,      5,      0,       ,74 AMES RD,1010,1,2.5,2377,Electr Basebrd,1
3405,    235,      8,      0,       ,6 AMES RD,1010,1,2,2366,Hot Water,1
3406,    235,      7,      0,       ,16 AMES RD,1010,1,1,1069,Hot Water,1
3409,    117,      3,      0,       ,15 OLD BOSTON RD,1010,1,1,5474,Forced Air-Duc,1
3410,    235,     11,      0,       ,309 BOSTON RD,1010,1,2,2184,Forced Air-Duc,1
3411,    235,     13,      0,       ,323 BOSTON RD,1010,1,1.5,2188,Hot Water,1
3413,    235,     10,      0,       ,275 BOSTON RD,1010,1,2,2910,Hot Water,1
3414,    235,     14,      0,       ,331 BOSTON RD,1010,1,1,988,Hot Water,1
3416,    117,      6,      0,       ,41 GAY RD,1040,1,1,2020,Forced Air-Duc,1
3417,    117,      7,      0,       ,51 GAY RD ,1010,1,2,1680,Forced Air-Duc,1
3418,    234,     30,      0,       ,67 GAY RD ,1010,1,2,2704,Forced Air-Duc,1
3420,    117,      9,      0,       ,65 GAY RD ,1010,1,1.5,4979,Hot Water,1
3421,    117,      2,      0,       ,1 OLD BOSTON RD,1010,1,2,2839,Hot Water,1
3424,    234,     13,      0,       ,248 GAY RD,1010,1,2,3649,Steam,1
3425,    234,     73,      0,       ,231 GAY RD,1010,1,2,3482,Hot Water,1
3426,    234,     74,      0,       ,245 GAY RD,1010,1,2,3026,Forced Air-Duc,1
3427,    234,      5,      0,       ,410 LOWELL RD,1010,1,2,2444,Forced Air-Duc,1
3428,    234,      6,      0,       ,402 LOWELL RD,1010,1,2,3740,Forced Air-Duc,1
3429,    234,      7,      0,       ,394 LOWELL RD,1010,1,1.75,2375,Hot Water,1
3429,    234,      7,      0,       ,394 LOWELL RD,1010,2,1.75,792,Hot Water,1
3430,    234,     15,      0,       ,210 GAY RD,1010,1,1.75,2608,Hot Water,1
3431,    234,     14,      0,       ,204 GAY RD,1010,1,1.75,3862,Hot Water,1
3432,    234,     16,      0,       ,202 GAY RD,1010,1,2,2631,Forced Air-Duc,1
3434,    234,     10,      0,       ,346 LOWELL RD,1010,1,2,2576,Forced Air-Duc,1
3435,    234,      8,      0,       ,354 LOWELL RD,1010,1,2,2812,Hot Water,1
3436,    234,      9,      0,       ,356 LOWELL RD,1010,1,2,2976,Hot Water,1
3438,    125,    149,      0,       ,30 LOST LAKE DR,1010,1,1.5,2846,Hot Water,1
3439,    125,    140,      0,       ,11 OTTER LN,1010,1,2,2587,Forced Air-Duc,1
3440,    125,    139,      0,       ,7 OTTER LN,1010,1,2,2196,Hot Water,1
3441,    125,    138,      0,       ,64 LOST LAKE DR,1010,1,2,3346,Hot Air-no Duc,1
3443,    125,    148,      0,       ,40 LOST LAKE DR,1010,1,1.75,2692,Hot Water,1
3444,    125,    147,      0,       ,8 OTTER LN,1010,1,2,2706,Hot Water,1
3445,    125,    146,      0,       ,12 OTTER LN,1010,1,2,2942,Hot Water,1
3446,    125,    145,      0,       ,16 OTTER LN,1010,1,2,2956,Hot Water,1
3447,    125,    144,      0,       ,18 OTTER LN,1010,1,2.5,3190,Forced Air-Duc,1
3448,    125,    143,      0,       ,20 OTTER LN,1010,1,1.75,2362,Hot Water,1
3449,    125,    142,      0,       ,19 OTTER LN,1010,1,2,2436,Forced Air-Duc,1
3450,    125,    141,      0,       ,17 OTTER LN,1010,1,2,2240,Hot Water,1
3452,    233,     97,      0,       ,460 LOWELL RD,1040,1,1,1358,Hot Water,1
3453,    233,     96,      0,       ,462 LOWELL RD,1010,1,1.75,2086,Hot Water,1
3456,    125,      3,      0,       ,65 LOST LAKE DR,1010,1,2,2990,Forced Air-Duc,1
3457,    125,      2,      0,       ,39 LOST LAKE DR,1010,1,2,3490,Forced Air-Duc,1
3458,    125,      1,      0,       ,29 LOST LAKE DR,1010,1,2,2694,Forced Air-Duc,1
3459,    126,     44,      0,       ,508 LOWELL RD,1010,1,2,2220,Forced Air-Duc,1
3461,    126,     43,      0,       ,516 LOWELL RD,1010,1,1,1236,Hot Water,1
3462,    126,     42,      0,       ,530 LOWELL RD,1010,1,2,3061,Forced Air-Duc,1
3463,    126,     41,      0,       ,538 LOWELL RD,1010,1,2,2440,Forced Air-Duc,1
3464,    126,     40,      0,       ,552 LOWELL RD ,1010,1,1,2956,Hot Water,1
3465,    126,     39,      0,       ,556 LOWELL RD,1010,1,1,2688,Electr Basebrd,1
3466,    126,     38,      0,       ,568 LOWELL RD,1010,1,1.75,2040,Hot Water,1
3467,    126,     37,      0,       ,578 LOWELL RD,1010,1,1.75,3103,Hot Water,1
3468,    126,     36,      0,       ,582 LOWELL RD,1010,1,1,1291,Hot Water,1
3469,    126,     35,      0,       ,594 LOWELL RD,1010,1,1,1236,Hot Water,1
3471,    125,      6,      0,       ,LOWELL RD,9511,1,1,524,Hot Water,1
3473,    126,     17,      0,       ,15 ALLENS TRL,1010,1,2,3549,Forced Air-Duc,1
3474,    126,     29,      0,       ,48 ALLENS TRL,1010,1,2,2648,Forced Air-Duc,1
3475,    126,     30,      0,       ,40 ALLENS TRL,1010,1,2,3330,Forced Air-Duc,1
3476,    126,     31,      0,       ,30 ALLENS TRL,1010,1,2,3290,Forced Air-Duc,1
3477,    126,     32,      0,       ,22 ALLENS TRL ,1010,1,2,3302,Forced Air-Duc,1
3478,    126,     18,      0,       ,19 ALLENS TRL ,1010,1,2,2815,Forced Air-Duc,1
3479,    126,     19,      0,       ,29 ALLENS TRL,1010,1,2,2242,Forced Air-Duc,1
3480,    126,     22,      0,       ,37 ALLENS TRL,1010,1,2,3116,Forced Air-Duc,1
3481,    126,     23,      0,       ,47 ALLENS TRL,1010,1,2,3361,Forced Air-Duc,1
3482,    126,     24,      0,       ,49 ALLENS TRL,1010,1,2,2676,Forced Air-Duc,1
3483,    126,     25,      0,       ,51 ALLENS TRL,1010,1,2,3097,Forced Air-Duc,1
3484,    126,     26,      0,       ,55 ALLENS TRL,1010,1,2,2822,Forced Air-Duc,1
3485,    126,     27,      0,       ,52 ALLENS TRL,1010,1,1,1792,Hot Water,1
3487,    234,     75,      0,       ,272 LOWELL RD ,1010,1,1.75,2923,Forced Air-Duc,1
3488,    234,     18,      5,       ,7 BROWN LOAF RD,1010,1,2,3252,Forced Air-Duc,1
3489,    234,     19,      0,       ,152 GAY RD,1010,1,1,2245,Hot Water,1
3490,    234,     17,      0,       ,180 GAY RD,1010,1,1.75,1591,Hot Water,1
3492,    117,     15,      0,       ,1 PRESCOTT ST,1010,1,2,2142,Forced Air-Duc,1
3493,    117,     16,      0,       ,23 PRESCOTT ST,1040,1,2,2994,Hot Water,1
3494,    117,     17,      0,       ,33 PRESCOTT ST #A&B,1040,1,2,3944,Hot Water,1
3495,    117,     18,      0,       ,45 PRESCOTT ST,1040,1,2,3896,Forced Air-Duc,1
3496,    117,     12,      0,       ,52 GAY RD,1010,1,1.75,2434,Forced Air-Duc,1
3497,    234,     28,      0,       ,55 WHITAKER LN,1010,1,2,2822,Forced Air-Duc,1
3498,    117,     11,      0,       ,8 WHITAKER LN,1010,1,2,2845,Forced Air-Duc,1
3499,    117,     10,      0,       ,7 WHITAKER LN,1010,1,2,2217,Forced Air-Duc,1
3500,    234,     22,      0,       ,25 WHITAKER LN,1010,1,2,2060,Forced Air-Duc,1
3501,    234,     23,      0,       ,27 WHITAKER LN,1010,1,2,2431,Forced Air-Duc,1
3502,    234,     25,      0,       ,47 WHITAKER LN,1010,1,2,2644,Forced Air-Duc,1
3503,    234,     24,      0,       ,41 WHITAKER LN,1010,1,2,2255,Forced Air-Duc,1
3504,    234,     26,      0,       ,49 WHITAKER LN,1010,1,2,2690,Forced Air-Duc,1
3505,    234,     27,      0,       ,51 WHITAKER LN,1010,1,2,2078,Forced Air-Duc,1
3508,    234,     20,      0,       ,142 GAY RD,1010,1,1.75,1901,Hot Water,1
3509,    234,     21,      0,       ,132 GAY RD,1010,1,2,1908,Hot Water,1
3516,    117,     19,   3516,       ,PRESCOTT ST,9601,1,,180,Forced Air-Duc,1
3517,    233,     75,      0,       ,373 LOWELL RD,1010,1,1.75,1618,Forced Air-Duc,1
3518,    233,     74,      0,       ,46 SCHOOLHOUSE RD ,1010,1,1.5,1459,Hot Water,1
3520,    233,     68,      0,       ,68 SCHOOLHOUSE RD,1010,1,1,1200,Forced Air-Duc,1
3521,    233,     69,      0,       ,58 SCHOOLHOUSE RD,1010,1,1,1388,Forced Air-Duc,1
3522,    233,     70,      0,       ,56 SCHOOLHOUSE RD,1010,1,1.5,1930,Forced Air-Duc,1
3523,    233,     71,      0,       ,52 SCHOOLHOUSE RD,1090,1,1,1248,Forced Air-Duc,1
3523,    233,     71,      0,       ,52 SCHOOLHOUSE RD,1090,2,2,1040,Forced Air-Duc,1
3524,    233,     73,      0,       ,48 SCHOOLHOUSE RD,1010,1,1,2128,Forced Air-Duc,1
3526,    117,     19,   3526,       ,8 PRESCOTT ST,9601,1,1.75,1497,Forced Air-Duc,1
3529,    117,     19,      0,       ,167 PRESCOTT ST ,9602,9,1,720,Forced Air-Duc,1
3529,    117,     19,      0,       ,167 PRESCOTT ST ,9602,10,1,720,Forced Air-Duc,1
3529,    117,     19,      0,       ,167 PRESCOTT ST ,9602,11,1,720,Forced Air-Duc,1
3529,    117,     19,      0,       ,167 PRESCOTT ST ,9602,12,1,720,Forced Air-Duc,1
3529,    117,     19,      0,       ,167 PRESCOTT ST ,9602,16,1,720,Forced Air-Duc,1
3529,    117,     19,      0,       ,167 PRESCOTT ST ,9602,17,1,720,Forced Air-Duc,1
3529,    117,     19,      0,       ,167 PRESCOTT ST ,9602,18,1,720,Forced Air-Duc,1
3529,    117,     19,      0,       ,167 PRESCOTT ST ,9602,19,1,720,Forced Air-Duc,1
3529,    117,     19,      0,       ,167 PRESCOTT ST ,9602,20,1,774,Forced Air-Duc,1
3529,    117,     19,      0,       ,167 PRESCOTT ST ,9602,31,1.75,1380,Forced Air-Duc,1
3529,    117,     19,      0,       ,167 PRESCOTT ST ,9602,32,1.75,1497,Forced Air-Duc,1
3530,    235,     29,      0,       ,270 BOSTON RD ,1010,1,2.5,5154,Forced Air-Duc,1
3531,    235,     32,      0,       ,61 SKYFIELDS DR,0130,1,2.75,3921,Hot Water,1
3532,    235,     34,      0,       ,63 SKYFIELDS DR ,1010,1,2,4952,Forced Air-Duc,1
3533,    235,     35,      0,       ,77 SKYFIELDS DR,1010,1,2,3812,Forced Air-Duc,1
3534,    235,     33,      0,       ,65 SKYFIELDS DR,1010,1,2,3327,Forced Air-Duc,1
3535,    235,     37,      0,       ,75 SKYFIELDS DR,1010,1,1.75,3912,Forced Air-Duc,1
3536,    235,     36,      0,       ,79 SKYFIELDS DR,1010,1,2.5,5715,Forced Air-Duc,1
3537,    235,     38,      0,       ,85 SKYFIELDS DR,1010,1,2,3270,Forced Air-Duc,1
3538,    235,     39,      0,       ,87 SKYFIELDS DR ,1010,1,2.5,4239,Forced Air-Duc,1
3539,    235,     40,      0,       ,89 SKYFIELDS DR,1010,1,2.75,4836,Forced Air-Duc,1
3543,    235,     43,      0,       ,113 SKYFIELDS DR,1010,1,1.75,2731,Forced Air-Duc,1
3544,    235,     42,      0,       ,103 SKYFIELDS DR,1010,1,2,3755,Forced Air-Duc,1
3545,    235,     47,      0,       ,98 SKYFIELDS DR ,1010,1,1,1656,Electr Basebrd,1
3546,    235,     15,      0,       ,332 BOSTON RD,1010,1,2,1946,Electr Basebrd,1
3547,    235,     20,      0,       ,348 BOSTON RD,1010,1,2,2396,Forced Air-Duc,1
3549,    235,     17,      0,       ,306 BOSTON RD,1010,1,1,2647,Forced Air-Duc,1
3550,    235,     18,      0,       ,302 BOSTON RD,1010,1,1.75,3146,Forced Air-Duc,1
3551,    235,     19,      0,       ,296 BOSTON RD,1010,1,1.75,2832,Electr Basebrd,1
3552,    235,     24,      0,       ,290 BOSTON RD,1010,1,2,2425,Forced Air-Duc,1
3553,    235,     23,      0,       ,294 BOSTON RD,1010,1,1.5,3137,Hot Water,1
3554,    235,     22,      0,       ,344 BOSTON RD,1010,1,1.75,2211,Forced Air-Duc,1
3555,    235,     21,      0,       ,346 BOSTON RD,1010,1,2,2488,Electr Basebrd,1
3556,    117,      1,      0,       ,16 OLD BOSTON RD,1010,1,1,1440,Forced Air-Duc,1
3557,    235,     26,      0,       ,276 BOSTON RD,1010,1,1,2277,Hot Water,1
3558,    235,     25,      0,       ,274 BOSTON RD,1010,1,2,4278,Forced Air-Duc,1
3559,    235,     27,      0,       ,240 BOSTON RD,1010,1,2,2336,Forced Air-Duc,1
3560,    235,     30,      0,       ,228 BOSTON RD ,1010,1,1.75,2187,Hot Water,1
3561,    235,     28,      0,       ,250 BOSTON RD,1010,1,1,1680,Hot Water,1
3564,    117,     31,      0,       ,392 BOSTON RD,1050,1,2.5,3331,Hot Water,1
3565,    117,     30,      0,       ,406 BOSTON RD,1010,1,1,1496,Forced Air-Duc,1
3566,    118,      2,      B,       ,451 BOSTON RD,1010,1,1,3048,Forced Air-Duc,1
3567,    117,     28,      0,       ,415 BOSTON RD,1010,1,1,1353,Forced Air-Duc,1
3568,    117,     29,      0,       ,419 BOSTON RD,1010,1,1,988,Hot Water,1
3569,    118,      1,      0,       ,429 BOSTON RD,1010,1,2,2168,Hot Water,1
3570,    117,     25,      0,       ,399 BOSTON RD,1010,1,2,1878,Hot Water,1
3571,    117,     27,      0,       ,385 BOSTON RD,1010,1,1,1820,Hot Water,1
3573,    117,     22,      0,       ,52 PRESCOTT ST #A & B,9601,1,2,2288,Hot Water,1
3574,    117,     23,      0,       ,48 PRESCOTT ST,1010,1,1,1187,Hot Water,1
3579,    123,      1,      0,       ,3 OFF PRESCOTT ST,1010,1,1,1127,Electr Basebrd,1
3580,    123,      7,      0,       ,52 OFF PRESCOTT ST,1013,1,1,640,Hot Air-no Duc,1
3581,    117,     20,      0,       ,PRESCOTT ST,9601,1,1,544,Hot Air-no Duc,1
3581,    117,     20,      0,       ,PRESCOTT ST,9601,2,1,1152,Hot Water,1
3581,    117,     20,      0,       ,PRESCOTT ST,9601,3,1,1828,Hot Water,1
3582,    123,      4,      0,       ,47 OFF PRESCOTT ST,1013,1,1,1380,Forced Air-Duc,1
3583,    123,      6,      0,       ,54 OFF PRESCOTT ST,1013,1,1,800,Hot Air-no Duc,1
3584,    123,      5,      0,       ,49 OFF PRESCOTT ST,1013,1,1,676,Hot Water,1
3586,    123,      2,      0,       ,39 OFF PRESCOTT ST,1013,1,1,2050,Forced Air-Duc,1
3587,    123,      3,      0,       ,37 OFF PRESCOTT ST,1013,1,1.5,2514,Electr Basebrd,1
3590,    126,      4,      0,       ,533 LOWELL RD,1010,1,2,2940,Hot Water,1
3591,    126,      5,      0,       ,35 BADDACOOK POND RD,1010,1,1.75,2232,Forced Air-Duc,1
3592,    242,      2,      1,       ,597 LOWELL RD ,1090,1,1.75,3620,Hot Water,1
3592,    242,      2,      1,       ,597 LOWELL RD ,1090,2,2,2732,Electr Basebrd,1
3593,    126,      9,      0,       ,32 BADDACOOK POND RD,1010,1,1.5,3637,Forced Air-Duc,1
3594,    126,     10,      0,       ,26 BADDACOOK POND RD ,1010,1,2,2036,Hot Water,1
3596,    126,     12,      0,       ,577 LOWELL RD,1010,1,2,2870,Forced Air-Duc,1
3598,    126,     14,      0,       ,583 LOWELL RD ,1010,1,2,2948,Hot Water,1
3601,    234,     69,      0,       ,22 MARA LN,1010,1,2,2744,Forced Air-Duc,1
3602,    234,     68,      0,       ,32 MARA LN,1010,1,2,2304,Forced Air-Duc,1
3603,    234,     67,      0,       ,42 MARA LN,1010,1,2,2168,Forced Air-Duc,1
3604,    234,     66,      0,       ,56 MARA LN,1010,1,2,3924,Forced Air-Duc,1
3605,    234,     65,      0,       ,70 MARA LN,1010,1,2,2408,Hot Water,1
3606,    234,     64,      0,       ,80 MARA LN,1010,1,2,2320,Forced Air-Duc,1
3607,    234,     63,      0,       ,86 MARA LN,1010,1,2,2392,Forced Air-Duc,1
3608,    234,     62,      0,       ,81 MARA LN,1010,1,2,2684,Hot Water,1
3609,    234,     57,      0,       ,127 WHITMAN RD,1010,1,1.75,2977,Hot Water,1
3610,    234,     58,      0,       ,137 WHITMAN RD,1010,1,2,2476,Hot Water,1
3611,    234,     59,      0,       ,149 WHITMAN RD,1010,1,2,1666,Hot Water,1
3612,    234,     60,      0,       ,157 WHITMAN RD,1010,1,1.75,1985,Hot Water,1
3613,    234,     61,      0,       ,163 WHITMAN RD,1010,1,1,1844,Hot Water,1
3618,    127,      5,      0,       ,30 BURNTMEADOW RD,1010,1,1.75,1917,Hot Water,1
3619,    128,      1,      0,       ,819 LOWELL RD,1010,1,2,2470,Hot Water,1
3620,    127,     44,      0,       ,790 LOWELL RD,1010,1,2,3224,Electr Basebrd,1
3622,    127,     48,      0,       ,666 LOWELL RD,1010,1,1,1256,Forced Air-Duc,1
3623,    128,     10,      0,       ,60 VALLEY RD,1013,1,1,904,None,1
3625,    127,     46,      0,       ,738 LOWELL RD,1010,1,1,1222,Hot Water,1
3626,    127,     47,      0,       ,716 LOWELL RD,1010,1,1.5,2659,Forced Air-Duc,1
3627,    127,     45,      0,       ,736 LOWELL RD ,1010,1,2,3434,Hot Water,1
3630,    127,     42,      0,       ,798 LOWELL RD ,1010,1,1,1764,Forced Air-Duc,1
3631,    127,     43,      0,       ,794 LOWELL RD,1010,1,2,5158,Hot Water,1
3632,    128,      5,      0,       ,808 LOWELL RD,1010,1,1,1992,Forced Air-Duc,1
3637,    127,      6,      0,       ,22 BURNTMEADOW RD,1010,1,1,2933,Forced Air-Duc,1
3638,    127,      7,      0,       ,715 LOWELL RD,1010,1,2,2478,Hot Water,1
3639,    127,      8,      0,       ,717 LOWELL RD,1010,1,2,2743,Hot Water,1
3640,    127,     11,      0,       ,751 LOWELL RD,1010,1,1,2020,Hot Water,1
3641,    127,      9,      0,       ,747 LOWELL RD ,1010,1,1,1568,Hot Water,1
3641,    127,      9,      0,       ,747 LOWELL RD ,1010,2,2,672,Hot Water,1
3645,    250,     94,      0,       ,924 LOWELL RD,1010,1,1.75,2762,Hot Water,1
3647,    128,      3,      0,       ,836 LOWELL RD,1010,1,1.75,1368,Hot Water,1
3648,    250,     93,      0,       ,936 LOWELL RD,1010,1,1,1000,Forced Air-Duc,1
3649,    250,     88,      0,       ,980 LOWELL RD,1010,1,1.75,1613,Hot Water,1
3650,    250,     89,      0,       ,966 LOWELL RD,1010,1,1.75,1984,Forced Air-Duc,1
3651,    250,     90,      0,       ,960 LOWELL RD,1010,1,1.5,884,Hot Water,1
3652,    250,     91,      0,       ,952 LOWELL RD,1010,1,1,1680,Hot Water,1
3653,    250,     92,      0,       ,948 LOWELL RD,1040,1,1,1676,Forced Air-Duc,1
3654,    250,     68,      0,       ,11 PAINTED POST RD,1010,1,2,3139,Forced Air-Duc,1
3655,    250,     85,      0,       ,34 PAINTED POST RD,1010,1,2,3318,Forced Air-Duc,1
3656,    250,     86,      0,       ,30 PAINTED POST RD,1010,1,2,3039,Forced Air-Duc,1
3657,    250,     87,      0,       ,20 PAINTED POST RD,1010,1,2,3549,Forced Air-Duc,1
3658,    250,     79,      0,       ,60 PAINTED POST RD ,1010,1,2,4890,Forced Air-Duc,1
3659,    250,     78,      0,       ,64 PAINTED POST RD,1010,1,2,3949,Forced Air-Duc,1
3660,    250,     77,      0,       ,66 PAINTED POST RD,1010,1,2,3483,Forced Air-Duc,1
3661,    250,     76,      0,       ,65 PAINTED POST RD ,1010,1,2,3718,Forced Air-Duc,1
3662,    250,     75,      0,       ,67 PAINTED POST RD,1010,1,2,3694,Forced Air-Duc,1
3663,    250,     74,      0,       ,69 PAINTED POST RD,1010,1,2,3961,Forced Air-Duc,1
3664,    250,     73,      0,       ,71 PAINTED POST RD,1010,1,2,4265,Forced Air-Duc,1
3665,    250,     69,      0,       ,19 PAINTED POST RD,1010,1,2,3913,Forced Air-Duc,1
3666,    250,     67,      0,       ,1036 LOWELL RD,1010,1,2,2540,Forced Air-Duc,1
3667,    250,     66,      0,       ,1038 LOWELL RD,1010,1,1.5,2768,Forced Air-Duc,1
3668,    250,     70,      0,       ,29 PAINTED POST RD,1010,1,2,3448,Forced Air-Duc,1
3669,    250,     71,      0,       ,45 PAINTED POST RD,1010,1,2,3282,Forced Air-Duc,1
3670,    250,     83,      0,       ,42 PAINTED POST RD,1010,1,2,3466,Forced Air-Duc,1
3671,    250,     82,      0,       ,46 PAINTED POST RD,1010,1,2,3531,Forced Air-Duc,1
3672,    250,     81,      0,       ,52 PAINTED POST RD,1010,1,2,3694,Forced Air-Duc,1
3673,    250,     80,      0,       ,56 PAINTED POST RD,1010,1,2,4160,Forced Air-Duc,1
3674,    250,     84,      0,       ,38 PAINTED POST RD,1010,1,2,2940,Forced Air-Duc,1
3676,    250,     65,      0,       ,1042 LOWELL RD,1010,1,1,2257,Forced Air-Duc,1
3678,    250,     64,      0,       ,1054 LOWELL RD,1010,1,2,1553,Forced Air-Duc,1
3679,    250,     63,      0,       ,1066 LOWELL RD ,1010,1,1,2512,Hot Water,1
3681,    249,      8,      0,       ,95 FLAVELL RD,1010,1,1.75,1885,Forced Air-Duc,1
3682,    249,     42,      0,       ,181 FLAVELL RD,1010,1,2,2048,Forced Air-Duc,1
3683,    249,     43,      0,       ,189 FLAVELL RD,1010,1,2,1400,Hot Water,1
3684,    249,     44,      0,       ,201 FLAVELL RD,1010,1,2,2024,Forced Air-Duc,1
3685,    249,     45,      0,       ,209 FLAVELL RD,1010,1,1,1098,Forced Air-Duc,1
3686,    249,     46,      0,       ,234 HOYTS WHARF RD,1010,1,2,2690,Electr Basebrd,1
3687,    249,     10,      0,       ,7 VALLIRIA DR,1010,1,2,2276,Hot Water,1
3688,    249,     11,      0,       ,11 VALLIRIA DR,1010,1,2,1632,Hot Water,1
3689,    249,     12,      0,       ,15 VALLIRIA DR,1010,1,2,1930,Hot Water,1
3690,    249,     13,      0,       ,21-23 VALLIRIA DR ,1040,1,2,2080,Hot Water,1
3691,    249,      9,      0,       ,109 FLAVELL RD,1010,1,2,1920,Forced Air-Duc,1
3692,    249,     14,      0,       ,29 VALLIRIA DR,1010,1,2,1700,Forced Air-Duc,1
3693,    249,     15,      0,       ,33 VALLIRIA DR,1010,1,2,1988,Hot Water,1
3694,    249,     16,      0,       ,37-39 VALLIRIA DR,1010,1,2,2000,Hot Water,1
3695,    249,     17,      0,       ,41-43 VALLIRIA DR,1040,1,2,1920,Hot Water,1
3696,    249,     32,      0,       ,47-49 VALLIRIA DR,1040,1,2,1900,Hot Water,1
3697,    249,     33,      0,       ,3-5 ROXANNE RD ,1040,1,2,1900,Electr Basebrd,1
3698,    249,     37,      0,       ,59 VALLIRIA DR,1010,1,2,2124,Hot Water,1
3699,    249,     38,      0,       ,63-65 VALLIRIA DR,1040,1,2,1900,Hot Water,1
3700,    249,     36,      0,       ,10 ROXANNE RD,1010,1,2,2448,Hot Water,1
3701,    249,     25,      0,       ,111 FLAVELL RD,1010,1,1.75,3394,Hot Water,1
3702,    249,     35,      0,       ,11 ROXANNE RD,1010,1,2,2160,Hot Water,1
3703,    249,     34,      0,       ,7 ROXANNE RD,1010,1,2,1836,Hot Water,1
3704,    249,     29,      0,       ,62 VALLIRIA DR,1010,1,2,1700,Forced Air-Duc,1
3705,    249,     30,      0,       ,56-58 VALLIRIA DR,1040,1,2,1920,Hot Water,1
3706,    249,     31,      0,       ,50 VALLIRIA DR,1010,1,2,3600,Hot Water,1
3707,    249,     18,      0,       ,38-40 VALLIRIA DR,1040,1,2,2000,Hot Water,1
3708,    249,     19,      0,       ,30 VALLIRIA DR,1010,1,2,2064,Hot Water,1
3709,    249,     20,      0,       ,26 VALLIRIA DR,1040,1,2,3768,Hot Water,1
3710,    249,     21,      0,       ,22-24 VALLIRIA DR,1040,1,2,2200,Hot Water,1
3711,    249,     26,      0,       ,125 FLAVELL RD,1010,1,1,960,Forced Air-Duc,1
3712,    249,     22,      0,       ,16-18 VALLIRIA DR,1040,1,2,1920,Hot Water,1
3713,    249,     23,      0,       ,12-14 VALLIRIA DR ,1040,1,2,2448,Hot Water,1
3714,    249,     24,      0,       ,8-10 VALLIRIA DR,1040,1,2,1960,Hot Water,1
3715,    249,     27,      0,       ,131 FLAVELL RD,1010,1,2,2626,Forced Air-Duc,1
3716,    249,     28,      0,       ,145 FLAVELL RD,1010,1,2,1648,Forced Air-Duc,1
3717,    249,     39,      0,       ,155 FLAVELL RD,1010,1,1.75,1706,Forced Air-Duc,1
3718,    249,     40,      0,       ,159 FLAVELL RD,1010,1,1,1282,Forced Air-Duc,1
3719,    249,     41,      0,       ,175 FLAVELL RD,1010,1,1,1598,Hot Water,1
3722,    250,     62,      0,       ,28 GRANITEVILLE RD,1010,1,2,2036,Forced Air-Duc,1
3724,    250,     52,      0,       ,5 GRANITEVILLE RD,1010,1,1,2114,Electr Basebrd,1
3725,    250,     53,      0,       ,17 GRANITEVILLE RD,1010,1,2,1516,Forced Air-Duc,1
3726,    250,     54,      0,       ,29 GRANITEVILLE RD,1010,1,1,1724,Electr Basebrd,1
3727,    250,     56,      0,       ,35 GRANITEVILLE RD,1010,1,1,1914,Electr Basebrd,1
3735,    136,      3,      0,       ,118 HIDDEN VALLEY RD,1010,1,2,4729,Forced Air-Duc,1
3736,    136,      2,      0,       ,120 HIDDEN VALLEY RD,1010,1,2,3352,Forced Air-Duc,1
3737,    136,      1,      0,       ,128 HIDDEN VALLEY RD,1010,1,2.5,4252,Forced Air-Duc,1
3742,    128,      2,      0,       ,841 LOWELL RD,1010,1,2,2412,Hot Water,1
3743,    250,      1,      0,       ,847 LOWELL RD,1010,1,2,2430,Hot Water,1
3745,    250,     11,      0,       ,2 OLD HOMESTEAD RD,1010,1,2,4081,Hot Water,1
3746,    250,     10,      0,       ,4 OLD HOMESTEAD RD,1010,1,2,2430,Hot Water,1
3747,    250,      9,      0,       ,22 OLD HOMESTEAD RD,1010,1,2,2412,Hot Water,1
3748,    250,      8,      0,       ,24 OLD HOMESTEAD RD,1010,1,2,2124,Hot Water,1
3749,    250,      7,      0,       ,26 OLD HOMESTEAD RD,1010,1,2,2527,Hot Water,1
3750,    249,      6,      0,       ,38 OLD HOMESTEAD RD,1010,1,2,2846,Hot Water,1
3752,    249,      7,      0,       ,83 FLAVELL RD,1010,1,2,3962,Hot Water,1
3753,    249,      5,      0,       ,39 OLD HOMESTEAD RD,1010,1,2,2545,Hot Water,1
3754,    249,      4,      0,       ,37 OLD HOMESTEAD RD,1010,1,2,1992,Hot Water,1
3755,    250,      6,      0,       ,27 OLD HOMESTEAD RD,1010,1,2,2084,Hot Water,1
3756,    250,      5,      0,       ,19 OLD HOMESTEAD RD,1010,1,2,2404,Hot Water,1
3757,    250,      4,      0,       ,9 OLD HOMESTEAD RD,1010,1,2,2060,Hot Water,1
3758,    250,      2,      0,       ,15 HERITAGE LN,1010,1,2,2314,Hot Water,1
3759,    249,      1,      0,       ,21 HERITAGE LN,1010,1,2,1992,Hot Water,1
3760,    249,      2,      0,       ,27 HERITAGE LN,1010,1,2,2487,Hot Water,1
3761,    249,      3,      0,       ,20 HERITAGE LN,1010,1,2,2528,Hot Water,1
3762,    250,      3,      0,       ,14 HERITAGE LN,1010,1,2,2376,Hot Water,1
3764,    250,     12,      0,       ,7 MCCARTHY DR,1010,1,1,1152,Forced Air-Duc,1
3765,    250,     21,      0,       ,10 MCCARTHY DR,1010,1,1,920,Forced Air-Duc,1
3766,    250,     22,      0,       ,8 MCCARTHY DR,1010,1,1,1072,Forced Air-Duc,1
3767,    250,     13,      0,       ,15 MCCARTHY DR,1010,1,1,1696,Forced Air-Duc,1
3768,    250,     14,      0,       ,23 MCCARTHY DR,1010,1,1,2172,Hot Water,1
3769,    250,     15,      0,       ,29 MCCARTHY DR,1010,1,2,3001,Hot Water,1
3770,    250,     16,      0,       ,37 MCCARTHY DR,1010,1,2,2257,Forced Air-Duc,1
3771,    250,     17,      0,       ,42A-42B MCCARTHY DR,1040,1,1,936,Hot Water,1
3772,    250,     18,      0,       ,32-34 MCCARTHY DR,1040,1,2,1921,Forced Air-Duc,1
3774,    250,     20,      0,       ,18-20 MCCARTHY DR,1040,1,2,2994,Forced Air-Duc,1
3775,    250,     27,      0,       ,1 FLAVELL RD,1010,1,2,2240,Hot Water,1
3776,    250,     26,      0,       ,979 LOWELL RD,1010,1,1,1186,Hot Water,1
3777,    250,     25,      0,       ,973 LOWELL RD,1010,1,1,1902,Hot Water,1
3778,    250,     28,      0,       ,11 FLAVELL RD,1010,1,1,900,Forced Air-Duc,1
3779,    250,     29,      0,       ,23 FLAVELL RD,1010,1,1.75,1469,Hot Water,1
3780,    250,     30,      0,       ,31 FLAVELL RD,1010,1,1,1131,Hot Water,1
3781,    250,     31,      0,       ,47 FLAVELL RD,1010,1,1,1248,Hot Water,1
3782,    250,     32,      0,       ,55 FLAVELL RD,1010,1,1,1768,Hot Water,1
3783,    250,     24,      0,       ,963 LOWELL RD,1010,1,1.75,1469,Hot Water,1
3784,    250,     36,      0,       ,34 FLAVELL RD,1010,1,2,1884,Hot Water,1
3785,    250,     35,      0,       ,54 FLAVELL RD,1010,1,1.5,2158,Hot Water,1
3786,    250,     34,      0,       ,62 FLAVELL RD,1010,1,2,3018,Hot Water,1
3787,    249,     87,      0,       ,72 FLAVELL RD,1010,1,1.75,2981,Hot Water,1
3788,    249,     86,      0,       ,82 FLAVELL RD,1010,1,2,2214,Hot Water,1
3789,    249,     85,      0,       ,96 FLAVELL RD,1010,1,2,2180,Forced Air-Duc,1
3790,    250,     38,      0,       ,16 FLAVELL RD ,1010,1,1.5,3024,Forced Air-Duc,1
3791,    250,     39,      0,       ,8 FLAVELL RD,1010,1,1,956,Forced Air-Duc,1
3792,    250,     40,      0,       ,2 FLAVELL RD,1010,1,1,678,Forced Air-Duc,1
3793,    250,     41,      0,       ,1005 LOWELL RD,1010,1,1.75,1021,Forced Air-Duc,1
3794,    250,     43,      0,       ,1019 LOWELL RD,1010,1,1.75,1343,Forced Air-Duc,1
3795,    250,     42,      0,       ,1013 LOWELL RD,1010,1,1,1109,Forced Air-Duc,1
3796,    250,     45,      0,       ,1035 LOWELL RD,1010,1,1,846,Forced Air-Duc,1
3797,    250,     44,      0,       ,1025 LOWELL RD,1010,1,1,1524,Electr Basebrd,1
3798,    250,     37,      0,       ,20 FLAVELL RD,1010,1,1,1781,Forced Air-Duc,1
3800,    250,     50,      0,       ,1081 LOWELL RD,1010,1,1,3170,Electr Basebrd,1
3801,    250,     47,      0,       ,1055 LOWELL RD,1010,1,1,1049,Hot Water,1
3813,    219,      5,      0,       ,63 JOY LN,9410,1,1.75,1109,Steam,1
3815,    219,      7,      0,       ,97 JOY LN,9410,1,2,2757,Forced Air-Duc,1
3815,    219,      7,      0,       ,97 JOY LN,9410,2,2,2644,Hot Water,1
3815,    219,      7,      0,       ,97 JOY LN,9410,3,2,2511,Hot Water,1
3815,    219,      7,      0,       ,97 JOY LN,9410,4,2,2619,Hot Water,1
3818,    219,      4,      0,       ,35 SHIRLEY RD,9410,1,2,2432,Forced Air-Duc,1
3818,    219,      4,      0,       ,35 SHIRLEY RD,9410,2,2.5,9392,Forced Air-Duc,1
3818,    219,      4,      0,       ,35 SHIRLEY RD,9410,4,2,4416,Forced Air-Duc,1
3818,    219,      4,      0,       ,35 SHIRLEY RD,9410,5,1.5,960,Forced Air-Duc,1
3818,    219,      4,      0,       ,35 SHIRLEY RD,9410,6,2,3495,Forced Air-Duc,1
3818,    219,      4,      0,       ,35 SHIRLEY RD,9410,7,2,3000,Forced Air-Duc,1
3827,    219,      3,      0,       ,410 FARMERS ROW,9410,1,2,2290,Forced Air-Duc,1
3827,    219,      3,      0,       ,410 FARMERS ROW,9410,2,2.75,3190,Forced Air-Duc,1
3827,    219,      3,      0,       ,410 FARMERS ROW,9410,3,2.75,6586,Forced Air-Duc,1
3827,    219,      3,      0,       ,410 FARMERS ROW,9410,4,2,2366,Forced Air-Duc,1
3830,    220,     28,      0,       ,518 FARMERS ROW,1010,1,2,4392,Steam,1
3832,    220,     26,      0,       ,521 FARMERS ROW ,1010,1,2,3021,Forced Air-Duc,1
3833,    220,     27,      0,       ,545 FARMERS ROW,1010,1,2,2364,Hot Water,1
3836,    219,      2,      0,       ,295 FARMERS ROW,9410,1,1.75,2323,Forced Air-Duc,1
3836,    219,      2,      0,       ,295 FARMERS ROW,9410,2,2,2864,Forced Air-Duc,1
3836,    219,      2,      0,       ,295 FARMERS ROW,9410,3,2,5440,Forced Air-Duc,1
3836,    219,      2,      0,       ,295 FARMERS ROW,9410,4,2,3872,Forced Air-Duc,1
3836,    219,      2,      0,       ,295 FARMERS ROW,9410,12,2,6026,Steam,1
3836,    219,      2,      0,       ,295 FARMERS ROW,9410,13,21,2025,Forced Air-Duc,1
3836,    219,      2,      0,       ,295 FARMERS ROW,9410,15,2,2000,None,1
3836,    219,      2,      0,       ,295 FARMERS ROW,9410,16,2,1786,Forced Air-Duc,1
3836,    219,      2,      0,       ,295 FARMERS ROW,9410,17,2,2417,Forced Air-Duc,1
3836,    219,      2,      0,       ,295 FARMERS ROW,9410,18,2,6980,Forced Air-Duc,1
3836,    219,      2,      0,       ,295 FARMERS ROW,9410,19,1.75,6658,Hot Air-no Duc,1
3839,    222,     49,      0,       ,264 OLD AYER RD,1010,1,2,3509,Forced Air-Duc,1
3840,    222,     51,      0,       ,244 OLD AYER RD,1010,1,1,1874,Forced Air-Duc,1
3843,    222,     50,      0,       ,256 OLD AYER RD ,1010,1,2,2012,Hot Water,1
3844,    221,     68,      0,       ,284 OLD AYER RD ,0101,1,2,2835,Hot Water,1
3846,    221,     67,      0,       ,310 OLD AYER RD,1010,1,2,3315,Hot Water,1
3847,    221,     63,      0,       ,326 OLD AYER RD,1010,1,2,5334,Hot Water,1
3848,    221,     64,      0,       ,324 OLD AYER RD,1010,1,2,2758,Forced Air-Duc,1
3849,    221,     65,      0,       ,322 OLD AYER RD,1010,1,1,1676,Hot Water,1
3850,    221,     66,      0,       ,320 OLD AYER RD,1040,1,2.5,4667,Hot Air-no Duc,1
3851,    221,     57,      0,       ,71 SMITH ST,1010,1,2,3446,Hot Water,1
3852,    221,     58,      0,       ,87 SMITH ST,1010,1,2,2910,Hot Water,1
3853,    221,     59,      0,       ,107 SMITH ST,1010,1,1,3490,Forced Air-Duc,1
3854,    221,     62,      0,       ,370 OLD AYER RD,1010,1,2,2582,Hot Water,1
3855,    221,     61,      0,       ,133 SMITH ST,1010,1,2,1914,Forced Air-Duc,1
3856,    221,     60,      0,       ,129 SMITH ST,1040,1,2,2240,Hot Water,1
3857,    221,     43,      0,       ,2 PACER WAY,1010,1,2,2624,Hot Water,1
3858,    221,     34,      0,       ,74 PACER WAY,1010,1,2,4318,Hot Water,1
3860,    221,     42,      0,       ,20 PACER WAY,1010,1,2,2760,Hot Water,1
3861,    221,     45,      0,       ,424 OLD AYER RD,1010,1,2,2757,Forced Air-Duc,1
3862,    221,     41,      0,       ,24 PACER WAY,1010,1,2,2624,Hot Water,1
3863,    221,     40,      0,       ,28 PACER WAY,1010,1,2,2843,Forced Air-Duc,1
3864,    221,     39,      0,       ,36 PACER WAY,1010,1,1.75,2395,Hot Water,1
3865,    221,     38,      0,       ,44 PACER WAY,1010,1,2,2816,Hot Water,1
3866,    221,     37,      0,       ,52 PACER WAY,1010,1,2,3049,Forced Air-Duc,1
3867,    221,     36,      0,       ,60 PACER WAY,1010,1,2,2716,Hot Water,1
3868,    221,     35,      0,       ,68 PACER WAY,1010,1,2,2240,Hot Water,1
3869,    221,     46,      0,       ,416 OLD AYER RD,1010,1,2,3670,Hot Water,1
3871,    221,     52,      0,       ,74 SMITH ST,1010,1,1.75,1962,Forced Air-Duc,1
3872,    221,     51,      0,       ,82 SMITH ST,1010,1,2,2424,Forced Air-Duc,1
3873,    221,     50,      0,       ,92 SMITH ST,1010,1,2,2486,Forced Air-Duc,1
3874,    221,     49,      0,       ,102 SMITH ST,1010,1,2,2596,Forced Air-Duc,1
3875,    221,     48,      0,       ,110 SMITH ST,1010,1,2,3153,Forced Air-Duc,1
3879,    221,     44,      0,       ,430 OLD AYER RD,1010,1,2,1903,Hot Water,1
3883,    222,     27,      0,       ,25 INDIAN HILL RD,1010,1,1,2479,Forced Air-Duc,1
3885,    222,     28,      0,       ,39 INDIAN HILL RD,1010,1,1,1548,Electr Basebrd,1
3886,    222,     46,      0,       ,255 OLD AYER RD,0101,1,2,4124,Steam,1
3887,    222,     45,      0,       ,18 INDIAN HILL RD,1010,1,1.75,3734,Hot Water,1
3888,    222,     44,      0,       ,26 INDIAN HILL RD,1010,1,2,2472,Hot Water,1
3890,    221,      1,      0,       ,291 OLD AYER RD,0101,1,1,1456,Forced Air-Duc,1
3891,    221,      3,      0,       ,383 OLD AYER RD,1010,1,1.75,4445,Hot Water,1
3893,    221,      7,      0,       ,58 WORTHEN DR ,1010,1,2,7061,Forced Air-Duc,1
3894,    221,      8,      0,       ,42 WORTHEN DR,1010,1,2,6190,Forced Air-Duc,1
3895,    221,      5,      0,       ,59 WORTHEN DR ,1010,1,1,4222,Hot Water,1
3896,    221,     10,      0,       ,20 WORTHEN DR,1010,1,1,3002,Hot Water,1
3897,    221,     12,      0,       ,67 DALE LN,1010,1,1,1752,Hot Water,1
3899,    222,     34,      0,       ,99 INDIAN HILL RD,1010,1,1.75,3447,Forced Air-Duc,1
3903,    222,     42,      0,       ,98 INDIAN HILL RD,1010,1,2,3244,Radiant,1
3904,    222,     35,      0,       ,125 INDIAN HILL RD ,1010,1,1.75,4561,Hot Water,1
3905,    222,     41,      0,       ,126 INDIAN HILL RD,1010,1,2,4992,Forced Air-Duc,1
3906,    222,     30,      0,       ,55 INDIAN HILL RD,1010,1,1.75,2961,Hot Water,1
3908,    222,     37,      0,       ,155 INDIAN HILL RD,1010,1,2.75,3214,Forced Air-Duc,1
3909,    222,     38,      0,       ,163 INDIAN HILL RD,1010,1,1,2248,Hot Water,1
3910,    220,      1,      0,       ,5 CULVER RD,1010,1,2,1614,Hot Water,1
3911,    236,     33,      0,       ,210 INDIAN HILL RD ,1010,1,1,6778,Forced Air-Duc,1
3914,    221,     18,      0,       ,417 OLD AYER RD,1010,1,1,960,Forced Air-Duc,1
3915,    221,     17,      0,       ,409 OLD AYER RD,1030,1,1,648,Hot Water,1
3917,    221,     16,      0,       ,401 OLD AYER RD,1040,1,2,4636,Hot Water,1
3918,    221,     19,      0,       ,419 OLD AYER RD,1010,1,2,1388,Hot Water,1
3919,    221,     20,      0,       ,423 OLD AYER RD,1010,1,1.5,5812,Forced Air-Duc,1
3922,    236,     32,      0,       ,249 INDIAN HILL RD,1010,1,2,2285,Hot Water,1
3927,    221,     30,      0,       ,441 OLD AYER RD,1010,1,2,3792,Forced Air-Duc,1
3932,    220,     30,      0,       ,26 CULVER RD,1010,1,2,2524,Forced Air-Duc,1
3935,    220,     22,      0,       ,28 MOORS RD,1010,1,2,2534,Hot Water,1
3936,    220,     13,      0,       ,19 DOLAN DR,1010,1,2,2755,Forced Air-Duc,1
3937,    220,     12,      0,       ,15 DOLAN DR ,1010,1,2,2852,Forced Air-Duc,1
3938,    220,     11,      0,       ,7 DOLAN DR,1010,1,2,2841,Forced Air-Duc,1
3939,    220,      9,      0,       ,85 CULVER RD,1010,1,2,3376,Forced Air-Duc,1
3940,    220,      8,      0,       ,81 CULVER RD,1010,1,2,3592,Forced Air-Duc,1
3941,    220,      7,      0,       ,24 SMITH ST ,1010,1,2,3230,Hot Water,1
3942,    220,      6,      0,       ,36 SMITH ST,1010,1,2,2614,Forced Air-Duc,1
3943,    221,     54,      0,       ,44 SMITH ST ,1010,1,2,2388,Forced Air-Duc,1
3944,    221,     55,      0,       ,53 SMITH ST,1010,1,2,3052,Hot Water,1
3945,    220,      5,      0,       ,43 SMITH ST,1010,1,2,3639,Forced Air-Duc,1
3946,    220,     21,      0,       ,58 CULVER RD,1010,1,2,2678,Hot Water,1
3947,    220,      4,      0,       ,35 SMITH ST,1010,1,2,2536,Hot Air-no Duc,1
3948,    220,      2,      0,       ,35 CULVER RD,1010,1,2,2488,Hot Water,1
3949,    220,      3,      0,       ,19 SMITH ST,1010,1,2.5,4464,Steam,1
3950,    220,     19,      0,       ,28 DOLAN DR,1010,1,2,2999,Forced Air-Duc,1
3951,    220,     20,      0,       ,80 CULVER RD,1010,1,2,2994,Forced Air-Duc,1
3952,    220,     18,      0,       ,38 DOLAN DR,1010,1,2,2904,Forced Air-Duc,1
3953,    220,     17,      0,       ,48 DOLAN DR,1010,1,2,2312,Forced Air-Duc,1
3954,    220,     16,      0,       ,52 DOLAN DR ,1010,1,2,2793,Forced Air-Duc,1
3955,    220,     15,      0,       ,55 DOLAN DR,1010,1,2,3768,Forced Air-Duc,1
3956,    220,     14,      0,       ,43 DOLAN DR,1010,1,1.75,5450,Forced Air-Duc,1
3958,    220,     24,      0,       ,491 FARMERS ROW,1010,1,1.75,2046,Steam,1
3959,    220,     25,      0,       ,501 FARMERS ROW,1010,1,1.5,2112,Hot Water,1
3960,    220,     23,      0,       ,16 MOORS RD,1010,1,1,1827,Hot Water,1
3962,    235,     46,      0,       ,135 SKYFIELDS DR,1010,1,2,5472,Forced Air-Duc,1
3963,    222,     39,      0,       ,179 INDIAN HILL RD,1010,1,2,5496,Hot Water,1
3964,    236,     20,      0,       ,205 INDIAN HILL RD,1010,1,2,3808,Hot Water,1
3965,    236,     21,      0,       ,207 INDIAN HILL RD,1010,1,1.5,2084,Forced Air-Duc,1
3971,    121,     61,      0,       ,580 BOSTON RD,1010,1,1.75,1534,Forced Air-Duc,1
3972,    121,     54,      0,       ,628 BOSTON RD,1010,1,2,2600,Forced Air-Duc,1
3973,    121,     55,      0,       ,624 BOSTON RD,1010,1,2,2284,Hot Water,1
3974,    121,     56,      0,       ,620 BOSTON RD,1010,1,2,2428,Hot Water,1
3975,    121,     57,      0,       ,604 BOSTON RD,1010,1,2,2368,Forced Air-Duc,1
3976,    121,     58,      0,       ,602 BOSTON RD,1010,1,2,2658,Forced Air-Duc,1
3977,    121,     59,      0,       ,600 BOSTON RD,1010,1,2,2064,Hot Water,1
3980,    236,      1,      0,       ,614 BOSTON RD ,1010,1,1,1644,Hot Water,1
3987,    118,     27,      0,       ,446 BOSTON RD,0101,1,2,3608,Steam,1
3990,    118,     26,      0,       ,464 BOSTON RD,1040,1,1.75,3258,Forced Air-Duc,1
3991,    118,     24,      0,       ,474 BOSTON RD,1010,1,2,2470,Forced Air-Duc,1
3995,    119,      8,      0,       ,112 SANDY POND RD,1010,1,2,2932,Hot Water,1
3996,    119,      7,      0,       ,120 SANDY POND RD,1040,1,2,4347,Hot Water,1
3997,    119,      6,      0,       ,124 SANDY POND RD,1010,1,2,2764,Forced Air-Duc,1
3998,    119,      5,      0,       ,126 SANDY POND RD,1010,1,2,2394,Hot Water,1
4000,    118,      3,      0,       ,469 BOSTON RD,1010,1,1,1668,Hot Water,1
4001,    118,      4,      0,       ,479 BOSTON RD ,1010,1,2,1762,Forced Air-Duc,1
4002,    118,      5,      0,       ,487 BOSTON RD,1010,1,2,1762,Forced Air-Duc,1
4004,    118,      6,      0,       ,499A-B BOSTON RD,1040,1,1.75,1846,Electr Basebrd,1
4009,    122,     48,      0,       ,9-11 LAKESIDE DR,1040,1,2,2240,Forced Air-Duc,1
4010,    122,      3,      0,       ,7 SUMMIT AVE,1010,1,1.75,2554,Hot Water,1
4011,    122,     80,      0,       ,64 LAKESIDE DR,1010,1,1.5,1589,Hot Air-no Duc,1
4012,    122,     81,      0,       ,44 LAKESIDE DR,1010,1,1,1104,Hot Water,1
4013,    122,     79,      0,       ,70 LAKESIDE DR,1010,1,1.5,2425,Forced Air-Duc,1
4014,    122,     78,      0,       ,80 LAKESIDE DR,1013,1,2,1786,Hot Water,1
4015,    121,     15,      0,       ,611 BOSTON RD,0130,1,1.75,3392,Hot Water,1
4017,    121,      3,      0,       ,1 OLD LANTERN LN,1010,1,2,2058,Hot Water,1
4018,    121,      4,      0,       ,11 OLD LANTERN LN,1010,1,1,1808,Forced Air-Duc,1
4019,    121,      5,      0,       ,15 OLD LANTERN LN,1040,1,1,2964,Forced Air-Duc,1
4020,    121,      6,      0,       ,19 OLD LANTERN LN,1010,1,2,2244,Hot Water,1
4021,    121,      7,      0,       ,25 OLD LANTERN LN,1040,1,2.5,3068,Hot Water,1
4022,    121,      8,      0,       ,35 OLD LANTERN LN,1040,1,2,2570,Hot Water,1
4023,    121,     12,      0,       ,60 OLD LANTERN LN,1090,1,1.75,752,Hot Water,1
4023,    121,     12,      0,       ,60 OLD LANTERN LN,1090,2,1.5,1456,Hot Water,1
4024,    121,     11,      0,       ,58 OLD LANTERN LN,1013,1,1.75,4348,Forced Air-Duc,1
4027,    121,     18,      0,       ,5 OXBOW LN,1010,1,1,1508,Hot Water,1
4030,    121,     27,      0,       ,2 OXBOW LN,1010,1,2,1764,Forced Air-Duc,1
4033,    121,     19,      0,       ,15 OXBOW LN,1010,1,2,2208,Hot Water,1
4034,    121,     20,      0,       ,27 OXBOW LN,1010,1,2,2280,Forced Air-Duc,1
4035,    121,     21,      0,       ,35 OXBOW LN,1010,1,2,2800,Forced Air-Duc,1
4036,    121,     26,      0,       ,16 OXBOW LN ,920R,1,1.75,4163,Hot Water,1
4037,    121,     25,      0,       ,28 OXBOW LN,1010,1,1.75,2078,Hot Water,1
4038,    121,     24,      0,       ,36 OXBOW LN,1010,1,2,2832,Hot Water,1
4039,    121,     23,      0,       ,43 OXBOW LN,1013,1,2,2130,Hot Water,1
4040,    121,     42,      0,       ,172 SHELTERS RD,1013,1,1,733,Forced Air-Duc,1
4041,    121,     44,      0,       ,162 SHELTERS RD,1013,1,2,1898,Hot Water,1
4042,    121,     43,      0,       ,168 SHELTERS RD,1013,1,1,924,Forced Air-Duc,1
4043,    121,     40,      0,       ,176 SHELTERS RD ,1013,1,2,2232,Forced Air-Duc,1
4045,    121,     41,      0,       ,174 SHELTERS RD,1013,1,1,895,Hot Water,1
4046,    121,     45,      0,       ,156 SHELTERS RD,1013,1,2,1816,Hot Water,1
4048,    121,     29,      0,       ,17 LAUREL LN,1010,1,2,2126,Hot Water,1
4049,    121,     30,      0,       ,33 LAUREL LN,1010,1,2,2373,Hot Water,1
4050,    121,     31,      0,       ,39 LAUREL LN,1010,1,2,3092,Hot Water,1
4051,    121,     32,      0,       ,43 LAUREL LN,1010,1,2,2504,Hot Water,1
4052,    121,     33,      0,       ,46 LAUREL LN,1010,1,2,2560,Hot Water,1
4053,    121,     35,      0,       ,10 LAUREL LN,1010,1,2,2192,Hot Water,1
4054,    121,     36,      0,       ,4 LAUREL LN,1010,1,2,2400,Hot Water,1
4055,    121,     39,      0,       ,141 SHELTERS RD,1010,1,2,1584,Forced Air-Duc,1
4056,    121,     46,      0,       ,144 SHELTERS RD,1013,1,1,1748,Hot Water,1
4057,    121,     47,      0,       ,134 SHELTERS RD,1013,1,1.75,5760,Hot Water,1
4058,    132,      1,      0,       ,116 SHELTERS RD ,1090,1,1,1676,Hot Water,1
4058,    132,      1,      0,       ,116 SHELTERS RD ,1090,2,1,660,Hot Water,1
4059,    121,     51,      0,       ,640 BOSTON RD,1010,1,1.75,1496,Steam,1
4060,    121,     50,      0,       ,658 BOSTON RD,1040,1,2,2314,Hot Water,1
4061,    121,     49,      0,       ,660 BOSTON RD,1010,1,1,1200,Electr Basebrd,1
4063,    118,     19,      0,       ,10 NATE NUTTING RD,1010,1,2,2868,Hot Water,1
4064,    118,     16,      0,       ,36 NATE NUTTING RD,1010,1,1.75,3371,Hot Water,1
4065,    236,     19,      0,       ,44 NATE NUTTING RD,1010,1,1,1348,Hot Water,1
4066,    236,     18,      0,       ,54 NATE NUTTING RD,1010,1,2,2238,Hot Water,1
4067,    118,     23,      0,       ,480 BOSTON RD,1010,1,2,2888,Hot Water,1
4068,    118,     22,      0,       ,496 BOSTON RD,1010,1,1.75,1927,Hot Water,1
4069,    118,     20,      0,       ,498 BOSTON RD,1010,1,1,1293,Hot Water,1
4072,    121,     64,      0,       ,4 AUGUSTINE RD,1010,1,1.5,1956,Hot Water,1
4073,    236,      8,      0,       ,8 AUGUSTINE RD,1010,1,1.75,2303,Forced Air-Duc,1
4074,    236,      7,      0,       ,10 AUGUSTINE RD,1010,1,1.5,1994,Forced Air-Duc,1
4075,    236,      6,      0,       ,14 AUGUSTINE RD,1010,1,1.75,2061,Forced Air-Duc,1
4076,    118,     18,      0,       ,20 NATE NUTTING RD,1010,1,1,1334,Hot Water,1
4077,    236,      5,      0,       ,16 AUGUSTINE RD,1010,1,2,2767,Electr Basebrd,1
4078,    236,      4,      0,       ,18 AUGUSTINE RD,1010,1,1.5,2064,Hot Water,1
4079,    236,      3,      0,       ,15 AUGUSTINE RD,1010,1,1.75,2090,Electr Basebrd,1
4080,    236,      2,      0,       ,11 AUGUSTINE RD,1010,1,1.75,2367,Forced Air-Duc,1
4081,    121,     63,      0,       ,5 AUGUSTINE RD,1010,1,1.75,1928,Electr Basebrd,1
4082,    121,     62,      0,       ,3 AUGUSTINE RD,1010,1,2,2448,Hot Water,1
4083,    118,     13,      0,       ,7 NATE NUTTING RD,1010,1,1,2906,Hot Water,1
4084,    118,     14,      0,       ,13 NATE NUTTING RD,1010,1,1,1424,Hot Water,1
4085,    118,     15,      0,       ,23 NATE NUTTING RD,1010,1,1,2259,Hot Water,1
4086,    118,     17,      0,       ,26 NATE NUTTING RD,1010,1,1.75,2412,Hot Water,1
4087,    236,      9,      0,       ,33 NATE NUTTING RD,1010,1,1,1434,Hot Water,1
4088,    236,     10,      0,       ,45 NATE NUTTING RD,1010,1,1,1856,Hot Water,1
4090,    121,      2,      0,       ,573 BOSTON RD,0101,1,2,1666,Hot Water,1
4091,    122,      2,      0,       ,3 SUMMIT AVE ,1010,1,1,4161,Hot Water,1
4092,    118,     10,      0,       ,509A-B BOSTON RD,1040,1,2,2464,Electr Basebrd,1
4094,    121,      1,      0,       ,563 BOSTON RD,1010,1,1.75,1872,Hot Water,1
4095,    122,     87,      0,       ,555 BOSTON RD,1010,1,2,2048,Hot Water,1
4096,    122,     86,      0,       ,2 LAKESIDE DR,1010,1,1,1124,Hot Water,1
4097,    122,     85,      0,       ,14 LAKESIDE DR,1010,1,1,1085,Hot Water,1
4098,    122,     84,      0,       ,26 LAKESIDE DR,1010,1,1,1208,Hot Water,1
4099,    122,     83,      0,       ,32 LAKESIDE DR,1010,1,1.75,1872,Hot Water,1
4100,    122,     82,      0,       ,40 LAKESIDE DR,1010,1,1.75,1874,Hot Water,1
4101,    118,     12,      0,       ,5 LAKESIDE DR,1010,1,1,1120,Hot Water,1
4103,    121,     48,      0,       ,670 BOSTON RD,1010,1,2,1608,Hot Air-no Duc,1
4117,    131,     28,      0,       ,267 WHILEY RD ,1010,1,1,1293,Electr Basebrd,1
4118,    131,     26,      0,       ,247 WHILEY RD ,1013,1,1.75,7592,Forced Air-Duc,1
4119,    131,     27,      0,       ,263 WHILEY RD,1013,1,2,2982,Hot Water,1
4120,    131,     70,      0,       ,270 WHILEY RD,1010,1,1.75,3214,Hot Water,1
4121,    131,     71,      0,       ,260 WHILEY RD #A&B,1010,1,1,2052,Electr Basebrd,1
4122,    131,     18,      0,       ,187 WHILEY RD,1013,1,1,1049,Forced Air-Duc,1
4123,    131,     17,      0,       ,183 WHILEY RD,1013,1,1,472,None,1
4124,    131,     16,      0,       ,181 WHILEY RD,1013,1,1,572,None,1
4127,    132,     15,      0,       ,63 WHILEY RD ,1010,1,2,2532,Forced Air-Duc,1
4130,    132,     24,      0,       ,152 WHILEY RD,1010,1,2,2772,Hot Water,1
4131,    132,     23,      0,       ,164 WHILEY RD,1010,1,2,3822,Hot Water,1
4132,    132,     22,      0,       ,176 WHILEY RD,1010,1,1.75,3266,Forced Air-Duc,1
4134,    132,     18,      0,       ,137 WHILEY RD,1040,1,2,3588,Hot Water,1
4135,    132,     19,      0,       ,151 WHILEY RD #A & B,1040,1,2,2614,Hot Water,1
4136,    132,     17,      0,       ,131 WHILEY RD,1040,1,2,3246,Hot Air-no Duc,1
4137,    132,     16,      0,       ,125 WHILEY RD,1010,1,2,2217,Forced Air-Duc,1
4138,    132,     26,      0,       ,118 WHILEY RD,1010,1,2,2928,Hot Water,1
4139,    132,     25,      0,       ,132 WHILEY RD ,1010,1,2,3024,Forced Air-Duc,1
4140,    131,     74,      0,       ,212 WHILEY RD,1010,1,2,3581,Hot Water,1
4141,    131,     73,      0,       ,218 WHILEY RD,1010,1,2.5,3505,Hot Water,1
4142,    131,     24,      0,       ,225 WHILEY RD,1010,1,1.75,2440,Hot Water,1
4143,    131,     72,      0,       ,228 WHILEY RD,1010,1,1.75,2184,Forced Air-Duc,1
4144,    132,     50,      0,       ,85 HIDDEN VALLEY RD,1010,1,1.75,4780,Hot Water,1
4145,    132,     49,      0,       ,77 HIDDEN VALLEY RD,1010,1,2,2831,Forced Air-Duc,1
4146,    132,     27,      0,       ,1 SYLVAN LN,1010,1,2,5708,Hot Water,1
4147,    132,     36,      0,       ,65 DUCK POND DR,1010,1,2.75,4086,Forced Air-Duc,1
4148,    131,      1,      0,       ,79 DUCK POND DR,1010,1,2,3392,Forced Air-Duc,1
4149,    131,     12,      0,       ,78 DUCK POND DR ,1010,1,2,3546,Forced Air-Duc,1
4150,    132,     38,      0,       ,62 DUCK POND DR,1010,1,2,3517,Forced Air-Duc,1
4151,    132,     39,      0,       ,50 DUCK POND DR,1010,1,2,3376,Forced Air-Duc,1
4152,    132,     40,      0,       ,42 DUCK POND DR,1010,1,2,2748,Forced Air-Duc,1
4153,    132,     41,      0,       ,34 DUCK POND DR,1010,1,1.75,4105,Hot Water,1
4154,    251,     51,      0,       ,82 DUCK POND DR,1010,1,2,4221,Hot Water,1
4155,    251,     50,      0,       ,94 DUCK POND DR,1010,1,2,3700,Forced Air-Duc,1
4156,    132,     28,      0,       ,9 SYLVAN LN,1010,1,2,3629,Forced Air-Duc,1
4157,    132,     29,      0,       ,19 SYLVAN LN,1010,1,2,7286,Hot Water,1
4158,    132,     30,      0,       ,26 SYLVAN LN,1010,1,2,3343,Hot Water,1
4159,    132,     31,      0,       ,20 SYLVAN LN,1010,1,2,4676,Forced Air-Duc,1
4160,    132,     32,      0,       ,4 SYLVAN LN,1010,1,2,3725,Hot Water,1
4161,    132,     33,      0,       ,51 DUCK POND DR,1010,1,2,4494,Hot Water,1
4162,    132,     34,      0,       ,53 DUCK POND DR,1010,1,2,3518,Forced Air-Duc,1
4163,    132,     35,      0,       ,57 DUCK POND DR,1010,1,2,4031,Forced Air-Duc,1
4167,    132,     63,      0,       ,60 HIDDEN VALLEY RD ,1010,1,2,5335,Hot Water,1
4168,    132,     62,      0,       ,74 HIDDEN VALLEY RD,1010,1,2,3706,Hot Water,1
4169,    132,     68,      0,       ,36 HIDDEN VALLEY RD,1010,1,2,3201,Forced Air-Duc,1
4170,    132,     67,      0,       ,38 HIDDEN VALLEY RD,1010,1,2,2722,Forced Air-Duc,1
4171,    132,     58,      0,       ,82 HIDDEN VALLEY RD,1010,1,2,3479,Forced Air-Duc,1
4172,    132,     57,      0,       ,106 HIDDEN VALLEY RD,1010,1,2,3642,Hot Water,1
4173,    132,     56,      0,       ,116 HIDDEN VALLEY RD,1010,1,2,4083,Hot Water,1
4174,    132,     54,      0,       ,131 HIDDEN VALLEY RD,1010,1,2,3758,Hot Water,1
4175,    132,     53,      0,       ,123 HIDDEN VALLEY RD,1010,1,1.75,3020,Hot Water,1
4176,    132,     52,      0,       ,113 HIDDEN VALLEY RD,1010,1,2,3387,Hot Water,1
4177,    132,     51,      0,       ,103 HIDDEN VALLEY RD,1010,1,2,3139,Hot Water,1
4178,    251,     49,      0,       ,2 FOREST DR,1010,1,2,4223,Forced Air-Duc,1
4179,    251,     48,      0,       ,6 FOREST DR,1010,1,1,2898,Forced Air-Duc,1
4180,    251,     47,      0,       ,4 PAUGUS TRL,1010,1,2,4102,Forced Air-Duc,1
4181,    251,     46,      0,       ,10 FOREST DR,1010,1,1.75,3424,Forced Air-Duc,1
4182,    251,     45,      0,       ,30 PAUGUS TRL ,1010,1,2,5236,Forced Air-Duc,1
4183,    251,     44,      0,       ,24 PAUGUS TRL,1010,1,2,4005,Forced Air-Duc,1
4184,    251,     43,      0,       ,36 PAUGUS TRL,1010,1,2,3960,Forced Air-Duc,1
4185,    251,     42,      0,       ,42 PAUGUS TRL ,1010,1,2,4514,Forced Air-Duc,1
4186,    251,     41,      0,       ,37 PAUGUS TRL ,1010,1,2,4060,Forced Air-Duc,1
4187,    251,     40,      0,       ,33 PAUGUS TRL ,1010,1,2,2604,Forced Air-Duc,1
4188,    251,     39,      0,       ,27 PAUGUS TRL ,1010,1,2,4362,Forced Air-Duc,1
4189,    251,     38,      0,       ,7 PAUGUS TRL,1010,1,2,3548,Hot Water,1
4190,    251,     37,      0,       ,16 FOREST DR,1010,1,2,3496,Forced Air-Duc,1
4191,    251,     36,      0,       ,6 WINDING WAY,1010,1,2,5850,Hot Air-no Duc,1
4192,    251,     35,      0,       ,12 WINDING WAY,1010,1,2,3104,Forced Air-Duc,1
4193,    251,     34,      0,       ,16 WINDING WAY,1010,1,2,5272,Forced Air-Duc,1
4194,    251,     33,      0,       ,22 WINDING WAY,1010,1,2,3892,Forced Air-Duc,1
4195,    251,     32,      0,       ,28 WINDING WAY,1010,1,2,3664,Forced Air-Duc,1
4196,    251,     31,      0,       ,34 WINDING WAY,1010,1,2,4324,Forced Air-Duc,1
4197,    251,     30,      0,       ,33 WINDING WAY,1010,1,2,3256,Forced Air-Duc,1
4199,    251,     28,      0,       ,11 WINDING WAY,1010,1,2,2626,Forced Air-Duc,1
4200,    251,     27,      0,       ,5 WINDING WAY,1010,1,2,4064,Hot Water,1
4201,    251,     26,      0,       ,17 FOREST DR,1010,1,2,3588,Hot Air-no Duc,1
4202,    251,     25,      0,       ,15 FOREST DR,1010,1,2,3340,Hot Air-no Duc,1
4203,    251,     24,      0,       ,9 FOREST DR,1010,1,2,3364,Forced Air-Duc,1
4204,    251,     23,      0,       ,5 FOREST DR,1010,1,1.75,3425,Forced Air-Duc,1
4205,    251,     18,      0,       ,27 FOREST DR,1010,1,2,3697,Forced Air-Duc,1
4206,    251,     21,      0,       ,150 DUCK POND DR,1010,1,2,2747,Forced Air-Duc,1
4207,    251,     20,      0,       ,162 DUCK POND DR,1010,1,2,4104,Forced Air-Duc,1
4208,    251,     19,      0,       ,174 DUCK POND DR,1010,1,2,4460,Forced Air-Duc,1
4209,    251,     17,      0,       ,42 FOREST DR,1010,1,2,4190,Forced Air-Duc,1
4210,    251,     16,      0,       ,26 FOREST DR,1010,1,2,3904,Forced Air-Duc,1
4211,    251,     15,      0,       ,182 DUCK POND DR,1010,1,2,3490,Forced Air-Duc,1
4212,    251,     14,      0,       ,184 DUCK POND DR,1010,1,2,4177,Forced Air-Duc,1
4213,    251,     13,      0,       ,190 DUCK POND DR,1010,1,2,3651,Forced Air-Duc,1
4214,    251,     12,      0,       ,196 DUCK POND DR,1010,1,2,4197,Forced Air-Duc,1
4215,    251,     11,      0,       ,192 DUCK POND DR,1010,1,2,3092,Forced Air-Duc,1
4216,    251,     10,      0,       ,194 DUCK POND DR,1010,1,2,3558,Forced Air-Duc,1
4217,    251,      9,      0,       ,198 DUCK POND DR,1010,1,2,3763,Forced Air-Duc,1
4218,    251,      8,      0,       ,200 DUCK POND DR ,1010,1,2,4078,Forced Air-Duc,1
4219,    251,      7,      0,       ,204 DUCK POND DR,1010,1,1.5,3674,Forced Air-Duc,1
4220,    251,      6,      0,       ,199 DUCK POND DR,1010,1,1.5,3320,Forced Air-Duc,1
4221,    251,      5,      0,       ,195 DUCK POND DR,1010,1,2,3412,Forced Air-Duc,1
4222,    251,      4,      0,       ,193 DUCK POND DR,1010,1,2,3733,Forced Air-Duc,1
4223,    251,      3,      0,       ,191 DUCK POND DR,1010,1,2,3774,Forced Air-Duc,1
4224,    251,      2,      0,       ,187 DUCK POND DR,1010,1,2,3410,Hot Water,1
4225,    251,      1,      0,       ,181 DUCK POND DR,1010,1,2,3448,Forced Air-Duc,1
4226,    131,     11,      0,       ,173 DUCK POND DR,1010,1,2,3328,Forced Air-Duc,1
4227,    131,     10,      0,       ,2 LITTLE HOLLOW LN,1010,1,2,4150,Forced Air-Duc,1
4228,    131,      9,      0,       ,4 LITTLE HOLLOW LN,1010,1,2,2976,Forced Air-Duc,1
4229,    131,      8,      0,       ,6 LITTLE HOLLOW LN,1010,1,2,5964,Forced Air-Duc,1
4230,    131,      7,      0,       ,7 LITTLE HOLLOW LN,1010,1,2,4823,Forced Air-Duc,1
4231,    131,      6,      0,       ,5 LITTLE HOLLOW LN,1010,1,1,4581,Forced Air-Duc,1
4231,    131,      6,      0,       ,5 LITTLE HOLLOW LN,1010,2,1.75,2160,Forced Air-Duc,1
4232,    131,      5,      0,       ,3 LITTLE HOLLOW LN,1010,1,2,6007,Forced Air-Duc,1
4233,    131,      4,      0,       ,1 LITTLE HOLLOW LN,1010,1,2,3868,Forced Air-Duc,1
4234,    131,      3,      0,       ,151 DUCK POND DR,1010,1,2,5434,Radiant,1
4241,    136,     36,      0,       ,256 HAYDEN RD,1010,1,2,4282,Forced Air-Duc,1
4242,    136,     41,      0,       ,220 HAYDEN RD,1010,1,2,3194,Forced Air-Duc,1
4243,    136,     29,      0,       ,27 MADELINE DR,1010,1,2,2770,Forced Air-Duc,1
4244,    136,     28,      0,       ,17 MADELINE DR,1010,1,2,3353,Forced Air-Duc,1
4245,    136,     27,      0,       ,219 HAYDEN RD,1010,1,2,3515,Forced Air-Duc,1
4246,    136,     40,      0,       ,230 HAYDEN RD,1010,1,2,3182,Forced Air-Duc,1
4247,    136,     39,      0,       ,244 HAYDEN RD,1010,1,2,2908,Forced Air-Duc,1
4248,    136,     38,      0,       ,254 HAYDEN RD,1010,1,2,3107,Forced Air-Duc,1
4249,    136,     35,      0,       ,253 HAYDEN RD,1010,1,2,4525,Forced Air-Duc,1
4250,    136,     34,      0,       ,229 HAYDEN RD,1010,1,2,3868,Forced Air-Duc,1
4251,    136,     33,      0,       ,24 MADELINE DR,1010,1,2,3128,Forced Air-Duc,1
4252,    136,     32,      0,       ,30 MADELINE DR,1010,1,2,3500,Forced Air-Duc,1
4253,    136,     31,      0,       ,37 MADELINE DR,1010,1,2,4071,Forced Air-Duc,1
4254,    136,     47,      0,       ,162 HAYDEN RD,1010,1,2,3874,Hot Air-no Duc,1
4255,    136,     46,      0,       ,178 HAYDEN RD ,1010,1,1,1630,Electr Basebrd,1
4256,    136,     42,      0,       ,210 HAYDEN RD,1010,1,2,2448,Electr Basebrd,1
4260,    136,     45,      0,       ,188 HAYDEN RD,1010,1,1,1248,Electr Basebrd,1
4262,    136,     48,      0,       ,150 HAYDEN RD,1010,1,1.5,1670,Hot Water,1
4264,    136,     51,      0,       ,124 HAYDEN RD,1010,1,2,4366,Forced Air-Duc,1
4265,    251,     56,      0,       ,39 ACORN PATH,1010,1,2,4246,Forced Air-Duc,1
4266,    251,     55,      0,       ,31 ACORN PATH,1010,1,2,2421,Forced Air-Duc,1
4267,    251,     54,      0,       ,21 ACORN PATH,1010,1,2,2784,Hot Water,1
4268,    251,     53,      0,       ,17 ACORN PATH,1010,1,2,2332,Hot Water,1
4269,    251,     52,      0,       ,15 ACORN PATH,1010,1,2,3032,Forced Air-Duc,1
4270,    251,     64,      0,       ,18 ACORN PATH,1010,1,2,2252,Hot Water,1
4271,    251,     63,      0,       ,26 ACORN PATH,1010,1,2,2755,Hot Water,1
4272,    251,     62,      0,       ,36 ACORN PATH,1010,1,2,3137,Hot Water,1
4273,    251,     61,      0,       ,42 ACORN PATH,1010,1,1,2394,Forced Air-Duc,1
4274,    251,     60,      0,       ,46 ACORN PATH,1010,1,2,3582,Hot Water,1
4275,    251,     59,      0,       ,45 ACORN PATH,1010,1,1.75,3281,Forced Air-Duc,1
4276,    251,     58,      0,       ,43 ACORN PATH,1010,1,2,5123,Forced Air-Duc,1
4277,    136,     10,      0,       ,149 HAYDEN RD,1010,1,1.75,3087,Forced Air-Duc,1
4278,    136,     50,      0,       ,138 HAYDEN RD,1010,1,1.75,2145,Forced Air-Duc,1
4279,    137,      2,      0,       ,11 AUTUMN LEAF DR,1010,1,1,1846,Hot Water,1
4280,    136,     52,      0,       ,122 HAYDEN RD,1010,1,2,2316,Forced Air-Duc,1
4281,    136,      9,      0,       ,145 HAYDEN RD,1010,1,2,1568,Hot Water,1
4282,    132,      6,      0,       ,85 HUBBARD LN,1013,1,1,1880,Forced Air-Duc,1
4283,    132,      5,      0,       ,55 HUBBARD LN,1013,1,1,560,None,1
4284,    132,      4,      0,       ,88 SHELTERS RD,1013,1,1,736,None,1
4285,    132,      3,      0,       ,94 SHELTERS RD,1013,1,1,952,Hot Water,1
4287,    132,      8,      0,       ,28 HUBBARD LN,1010,1,1.75,3311,Forced Air-Duc,1
4288,    132,      9,      0,       ,18 HUBBARD LN,1010,1,2,2316,Hot Water,1
4289,    132,     10,      0,       ,74 SHELTERS RD,1010,1,2,2575,Hot Water,1
4290,    121,     37,      0,       ,69 SHELTERS RD,1010,1,1.75,2994,Hot Water,1
4291,    132,     12,      0,       ,35 WHILEY RD ,1010,1,2,3184,Hot Water,1
4295,    133,      2,      0,       ,2 SHELTERS RD,1010,1,2,3320,Forced Air-Duc,1
4300,    133,     10,      0,       ,777 BOSTON RD,0130,1,1.5,1507,Hot Water,1
4302,    133,     12,      0,       ,15 FORGE VILLAGE RD,1040,1,2,2316,Hot Water,1
4304,    133,     13,      0,       ,33 FORGE VILLAGE RD,1010,1,2,2028,Forced Air-Duc,1
4305,    133,     14,      0,       ,43 FORGE VILLAGE RD,1040,1,2,2671,Forced Air-Duc,1
4306,    133,     15,      0,       ,49 FORGE VILLAGE RD,1010,1,2,2454,Forced Air-Duc,1
4307,    133,     16,      0,       ,59 FORGE VILLAGE RD,1010,1,2,1802,Forced Air-Duc,1
4308,    133,      8,      0,       ,18 WHILEY RD,1010,1,2,3292,Hot Water,1
4309,    133,      7,      0,       ,20 WHILEY RD,1010,1,2,3232,Hot Water,1
4310,    132,     48,      0,       ,59 HIDDEN VALLEY RD,1010,1,2,3338,Hot Water,1
4311,    132,     47,      0,       ,41 HIDDEN VALLEY RD,1010,1,2,4114,Forced Air-Duc,1
4312,    132,     46,      0,       ,35 HIDDEN VALLEY RD,1010,1,2,3036,Forced Air-Duc,1
4313,    133,      6,      0,       ,26 WHILEY RD,1010,1,2,1836,Hot Water,1
4314,    132,     45,      0,       ,3 HIDDEN VALLEY RD,1010,1,3,4194,Hot Water,1
4315,    132,     44,      0,       ,68 WHILEY RD,1010,1,2,3056,Hot Water,1
4316,    132,     43,      0,       ,82 WHILEY RD,1010,1,2,3937,Hot Water,1
4317,    132,     71,      0,       ,4 HIDDEN VALLEY RD,1010,1,2,3118,Hot Water,1
4319,    132,     69,      0,       ,24 HIDDEN VALLEY RD,1010,1,2,4453,Forced Air-Duc,1
4321,    132,     65,      0,       ,74 NEW POND RD,1010,1,2,3171,Hot Water,1
4322,    132,     64,      0,       ,82 NEW POND RD,1010,1,2,5110,Hot Water,1
4323,    133,     18,      0,       ,65 FORGE VILLAGE RD,1010,1,2,2682,Forced Air-Duc,1
4324,    133,     24,      0,       ,62 NEW POND RD,1010,1,2,3374,Hot Water,1
4325,    133,     19,      0,       ,79 FORGE VILLAGE RD,1010,1,1,1248,Forced Air-Duc,1
4327,    133,     20,      0,       ,5 NEW POND RD,1010,1,1.75,4023,Forced Air-Duc,1
4328,    133,     21,      0,       ,21 NEW POND RD,1010,1,2,3028,Forced Air-Duc,1
4329,    133,     22,      0,       ,33 NEW POND RD,1010,1,2,3242,Forced Air-Duc,1
4330,    133,     27,      0,       ,34 NEW POND RD,1010,1,2,3907,Hot Water,1
4331,    133,     28,      0,       ,26 NEW POND RD,1010,1,2,2947,Hot Water,1
4332,    133,     29,      0,       ,18 NEW POND RD,1010,1,2,3394,Forced Air-Duc,1
4333,    133,     30,      0,       ,6 NEW POND RD ,1010,1,2,3050,Forced Air-Duc,1
4339,    136,      8,      0,       ,133 HAYDEN RD,1010,1,1.75,1987,Hot Water,1
4340,    136,      7,      0,       ,131 HAYDEN RD,1010,1,1.75,2042,Hot Water,1
4341,    136,      6,      0,       ,125 HAYDEN RD,1010,1,2,1728,Hot Water,1
4342,    136,      5,      0,       ,121-A-B HAYDEN RD,1040,1,2,2480,Hot Water,1
4343,    136,      4,      0,       ,117 HAYDEN RD,1040,1,2,2240,Electr Basebrd,1
4345,    135,     21,      0,       ,245 FORGE VILLAGE RD,1040,1,2,4604,Forced Air-Duc,1
4348,    135,      1,      0,       ,119 FORGE VILLAGE RD ,1090,1,1,1008,Forced Air-Duc,1
4348,    135,      1,      0,       ,119 FORGE VILLAGE RD ,1090,2,1,820,Forced Air-Duc,1
4349,    131,     23,      0,       ,215 WHILEY RD,1013,1,1,4364,Forced Air-Duc,1
4350,    135,      2,      0,       ,7 ORION WAY,1010,1,2,2310,Electr Basebrd,1
4353,    135,      8,      0,       ,175 FORGE VILLAGE RD,1010,1,1.75,992,Forced Air-Duc,1
4354,    135,      7,      0,       ,165 FORGE VILLAGE RD,1010,1,2,3006,Hot Water,1
4355,    135,      6,      0,       ,149 FORGE VILLAGE RD,1010,1,2,1851,Forced Air-Duc,1
4356,    135,      5,      0,       ,139 FORGE VILLAGE RD,1040,1,1.75,3807,Forced Air-Duc,1
4357,    135,      9,      0,       ,181 FORGE VILLAGE RD,1040,1,2,1575,Steam,1
4358,    135,     11,      0,       ,189 FORGE VILLAGE RD,1010,1,2,2008,Forced Air-Duc,1
4360,    135,     13,      0,       ,213 FORGE VILLAGE RD,1010,1,2.5,2706,Hot Water,1
4361,    135,     14,      0,       ,217 FORGE VILLAGE RD,1010,1,1,1104,Forced Air-Duc,1
4362,    135,     15,      0,       ,219 FORGE VILLAGE RD ,1010,1,1.5,1373,Forced Air-Duc,1
4363,    135,     16,      0,       ,221 FORGE VILLAGE RD ,1010,1,1,1196,Hot Water,1
4364,    135,     17,      0,       ,227 FORGE VILLAGE RD,1010,1,1,1304,Forced Air-Duc,1
4365,    135,     18,      0,       ,235 FORGE VILLAGE RD,1010,1,1,1120,Forced Air-Duc,1
4366,    131,     22,      0,       ,213 WHILEY RD,1013,1,2,1145,Forced Air-Duc,1
4369,    136,     11,      0,       ,9 CARMICHAEL WAY,1010,1,2,2576,Hot Water,1
4370,    136,     20,      0,       ,44 CARMICHAEL WAY,1010,1,2,3065,Forced Air-Duc,1
4371,    136,     21,      0,       ,34 CARMICHAEL WAY,1010,1,2,2264,Hot Water,1
4372,    136,     22,      0,       ,24 CARMICHAEL WAY,1010,1,2,2993,Forced Air-Duc,1
4373,    136,     23,      0,       ,20 CARMICHAEL WAY,1010,1,2,2416,Forced Air-Duc,1
4374,    136,     24,      0,       ,6 CARMICHAEL WAY,1010,1,2,2216,Hot Water,1
4375,    136,     25,      0,       ,201 HAYDEN RD,1010,1,2,2633,Hot Water,1
4376,    136,     26,      0,       ,211 HAYDEN RD,1010,1,2,2728,Hot Water,1
4377,    136,     12,      0,       ,15 CARMICHAEL WAY,1010,1,2,2512,Forced Air-Duc,1
4378,    136,     13,      0,       ,27 CARMICHAEL WAY,1010,1,2,2494,Hot Water,1
4379,    136,     14,      0,       ,37 CARMICHAEL WAY,1010,1,2,2563,Hot Water,1
4380,    136,     15,      0,       ,49 CARMICHAEL WAY,1010,1,2,2341,Hot Water,1
4381,    136,     16,      0,       ,51 CARMICHAEL WAY,1010,1,2,2582,Forced Air-Duc,1
4382,    136,     17,      0,       ,53 CARMICHAEL WAY,1010,1,2,2632,Hot Water,1
4383,    136,     18,      0,       ,57 CARMICHAEL WAY,1010,1,2,2354,Forced Air-Duc,1
4384,    136,     19,      0,       ,48 CARMICHAEL WAY,1010,1,1.5,2578,Hot Water,1
4385,    138,      2,      0,       ,299 FORGE VILLAGE RD,1010,1,1,1552,Forced Air-Duc,1
4386,    135,     19,      0,       ,239 FORGE VILLAGE RD,1010,1,1.75,1476,Forced Air-Duc,1
4388,    135,     23,      0,       ,261 FORGE VILLAGE RD,1010,1,2,1880,Hot Water,1
4389,    135,     25,      0,       ,279 FORGE VILLAGE RD,1010,1,1,1548,Hot Water,1
4392,    135,     24,      0,       ,273 FORGE VILLAGE RD,1040,1,2,2484,Electr Basebrd,1
4393,    138,      3,      0,       ,1 HAYDEN RD,1010,1,2,2540,Forced Air-Duc,1
4394,    137,      3,      0,       ,27 AUTUMN LEAF DR ,1010,1,2,1872,Electr Basebrd,1
4395,    136,     53,      0,       ,112 HAYDEN RD,1040,1,2,2312,Forced Air-Duc,1
4396,    136,     55,      0,       ,90 HAYDEN RD,1010,1,1.75,2677,Forced Air-Duc,1
4397,    136,     54,      0,       ,106 HAYDEN RD,1010,1,2,3122,Hot Water,1
4398,    137,     10,      0,       ,23 LABBE RD,1010,1,1.75,1315,Forced Air-Duc,1
4399,    137,     11,      0,       ,28 LABBE RD,1010,1,1.75,1764,Steam,1
4400,    137,     12,      0,       ,24 LABBE RD,1010,1,1.5,1132,Forced Air-Duc,1
4401,    137,      7,      0,       ,70 HAYDEN RD,1010,1,1,1221,Floor Furnace,1
4402,    137,      6,      0,       ,68 HAYDEN RD,1010,1,2,2120,Hot Water,1
4405,    137,     17,      0,       ,48 HAYDEN RD,1010,1,2,1450,Hot Water,1
4406,    137,     16,      0,       ,6 LABBE RD,1010,1,1.75,1032,Hot Water,1
4408,    131,     21,      0,       ,211 WHILEY RD,1013,1,2,1810,Forced Air-Duc,1
4409,    137,     15,      0,       ,8 LABBE RD,1010,1,2,1968,Forced Air-Duc,1
4448,    138,      7,      0,       ,319 FORGE VILLAGE RD,1110,1,2.5,3664,Hot Water,1
4448,    138,      7,      0,       ,319 FORGE VILLAGE RD,1110,2,1,1548,Hot Water,1
4449,    138,      4,      0,       ,24 HAYDEN RD,1010,1,1,775,Forced Air-Duc,1
4450,    138,      5,      0,       ,16 HAYDEN RD,1010,1,1,1086,Hot Water,1
4451,    138,      6,      0,       ,14 HAYDEN RD,1010,1,1,880,Hot Water,1
4452,    138,      8,      0,       ,323 FORGE VILLAGE RD,1010,1,2,2256,Hot Water,1
4455,    238,      2,      0,       ,980 BOSTON RD,1090,1,1,784,Hot Water,1
4455,    238,      2,      0,       ,980 BOSTON RD,1090,2,1.75,3537,Forced Air-Duc,1
4456,    238,      3,      0,       ,972 BOSTON RD,1010,1,2,3134,Forced Air-Duc,1
4458,    131,     20,      0,       ,209 WHILEY RD,1013,1,1,664,Forced Air-Duc,1
4461,    133,     51,      0,       ,823 BOSTON RD,1040,1,1,2468,Forced Air-Duc,1
4462,    133,     50,      0,       ,817 BOSTON RD,1010,1,1.75,1478,Forced Air-Duc,1
4463,    133,     41,      0,       ,58 FORGE VILLAGE RD,1010,1,1,1464,Hot Water,1
4464,    133,     42,      0,       ,54 FORGE VILLAGE RD ,1010,1,1,1431,Forced Air-Duc,1
4465,    133,     43,      0,       ,48 FORGE VILLAGE RD,1010,1,1.75,2629,Forced Air-Duc,1
4466,    133,     48,      0,       ,26 FORGE VILLAGE RD,1010,1,1,1112,Hot Water,1
4467,    133,     47,      0,       ,12 DOROTHY PL,1040,1,2,1960,Hot Water,1
4468,    133,     44,      0,       ,15 DOROTHY PL ,1110,1,2,3552,Electr Basebrd,1
4469,    133,     45,      0,       ,26 DOROTHY PL ,1010,1,2,2472,Hot Water,1
4470,    133,     46,      0,       ,20 DOROTHY PL,1010,1,1.5,1536,Hot Water,1
4471,    133,     53,      0,       ,843 BOSTON RD ,1110,1,2,4680,Hot Water,1
4472,    133,     52,      0,       ,839 BOSTON RD,1010,1,1.75,1749,Hot Water,1
4473,    134,      5,      0,       ,855 BOSTON RD,1010,1,1.5,2378,Forced Air-Duc,1
4474,    133,     40,      0,       ,68 FORGE VILLAGE RD,1010,1,1,912,Forced Air-Duc,1
4478,    133,     37,      0,       ,12 FLETCHER HILL LN,1010,1,2,2741,Forced Air-Duc,1
4479,    133,     32,      0,       ,15 FLETCHER HILL LN,1010,1,2,2900,Forced Air-Duc,1
4481,    133,     36,      0,       ,16 FLETCHER HILL LN,1010,1,1.75,3070,Hot Water,1
4482,    133,     35,      0,       ,22 FLETCHER HILL LN,1010,1,2,2989,Forced Air-Duc,1
4483,    133,     34,      0,       ,42 FLETCHER HILL LN,1010,1,2,3615,Hot Water,1
4484,    134,      4,      0,       ,46 FLETCHER HILL LN,1010,1,2,2607,Hot Water,1
4485,    134,      3,      0,       ,50 FLETCHER HILL LN,1010,1,2,3507,Hot Water,1
4486,    134,      2,      0,       ,49 FLETCHER HILL LN,1010,1,2,5296,Forced Air-Duc,1
4487,    134,      1,      0,       ,45 FLETCHER HILL LN,1010,1,1.75,2800,Hot Water,1
4488,    133,     33,      0,       ,37 FLETCHER HILL LN ,1010,1,2,2480,Forced Air-Duc,1
4489,    133,     31,      0,       ,112 FORGE VILLAGE RD,1010,1,1,1176,Forced Air-Duc,1
4490,    133,     39,      0,       ,80 FORGE VILLAGE RD ,1010,1,2,2562,Forced Air-Duc,1
4491,    134,     24,      0,       ,18 SUNSET RD,1010,1,2,2244,Forced Air-Duc,1
4493,    134,     22,      0,       ,34 SUNSET RD,1010,1,1,1044,Electr Basebrd,1
4494,    134,     16,      0,       ,19 BAYBERRY RD,1010,1,1.75,3520,Hot Water,1
4495,    253,     14,      0,       ,21 BAYBERRY RD,1010,1,2,2288,Electr Basebrd,1
4496,    253,     15,      0,       ,25 BAYBERRY RD,1010,1,2,2786,Electr Basebrd,1
4497,    253,     16,      0,       ,31 BAYBERRY RD,1010,1,1.75,2586,Hot Water,1
4498,    253,     17,      0,       ,32 A-B BAYBERRY RD,1010,1,2,3192,Hot Water,1
4499,    253,     18,      0,       ,26 BAYBERRY RD,1010,1,2,2272,Electr Basebrd,1
4500,    253,     19,      0,       ,20 BAYBERRY RD,1010,1,1.75,2649,Hot Water,1
4501,    253,     20,      0,       ,14 BAYBERRY RD,1010,1,2,2474,Forced Air-Duc,1
4502,    134,     17,      0,       ,10 BAYBERRY RD,1010,1,2,2272,Radiant,1
4503,    253,     22,      0,       ,55 SUNSET RD,1010,1,1.75,2002,Hot Water,1
4504,    134,     21,      0,       ,50 SUNSET RD,1010,1,1,1304,Hot Water,1
4505,    134,     20,      0,       ,56 SUNSET RD,1010,1,1,1002,Electr Basebrd,1
4506,    253,     21,      0,       ,53 SUNSET RD,1010,1,1,1436,Forced Air-Duc,1
4507,    134,     19,      0,       ,47 SUNSET RD,1010,1,1,1448,Forced Air-Duc,1
4508,    134,     18,      0,       ,33 SUNSET RD,1010,1,1,2688,Electr Basebrd,1
4509,    134,     13,      0,       ,3 BAYBERRY RD,1010,1,1,1560,Forced Air-Duc,1
4510,    134,     14,      0,       ,9 BAYBERRY RD ,1010,1,2,2120,Electr Basebrd,1
4511,    134,     15,      0,       ,11 BAYBERRY RD,1010,1,2,1900,Hot Water,1
4512,    134,      9,      0,       ,907 BOSTON RD ,1010,1,1,1072,Hot Water,1
4513,    134,     10,      0,       ,915-917 BOSTON RD,1040,1,2,2438,Hot Water,1
4514,    134,     11,      0,       ,15 SUNSET RD,1010,1,1.5,1368,Hot Water,1
4515,    134,     12,      0,       ,27 SUNSET RD,1010,1,1,2166,Hot Water,1
4516,    134,     23,      0,       ,28 SUNSET RD,1010,1,2,3107,Hot Water,1
4518,    134,     26,      0,       ,961 BOSTON RD,1010,1,2,2272,Hot Water,1
4519,    134,     28,      0,       ,963 BOSTON RD,1010,1,2,2572,Hot Water,1
4520,    134,     29,      0,       ,965 BOSTON RD,1010,1,2,2126,Hot Water,1
4521,    134,     25,      0,       ,16 SUNSET RD,1010,1,2,1966,Electr Basebrd,1
4523,    135,     39,      0,       ,206 FORGE VILLAGE RD,1010,1,2,1800,Hot Water,1
4524,    135,     52,      0,       ,37 STONEBRIDGE WAY,1010,1,2,2690,Forced Air-Duc,1
4525,    253,      7,      0,       ,49 STONEBRIDGE WAY ,1010,1,2,3424,Forced Air-Duc,1
4526,    253,      8,      0,       ,59 STONEBRIDGE WAY,1010,1,2,2444,Forced Air-Duc,1
4527,    253,      9,      0,       ,67 STONEBRIDGE WAY,1010,1,2,2835,Forced Air-Duc,1
4528,    253,     10,      0,       ,79 STONEBRIDGE WAY,1010,1,2,2608,Forced Air-Duc,1
4529,    253,     11,      0,       ,89 STONEBRIDGE WAY,1010,1,2,2194,Hot Water,1
4530,    253,     12,      0,       ,56 STONEBRIDGE WAY,1010,1,2,2902,Forced Air-Duc,1
4531,    253,     13,      0,       ,46 STONEBRIDGE WAY,1010,1,2,2608,Forced Air-Duc,1
4532,    135,     53,      0,       ,26 STONEBRIDGE WAY,1010,1,2,2925,Hot Water,1
4533,    135,     42,      0,       ,15 OLD CARRIAGE PATH ,1010,1,2,3309,Forced Air-Duc,1
4534,    135,     41,      0,       ,9 OLD CARRIAGE PATH,1010,1,2,2450,Hot Water,1
4535,    135,     43,      0,       ,17 OLD CARRIAGE PATH,1010,1,2,2187,Hot Water,1
4536,    253,      3,      0,       ,21 OLD CARRIAGE PATH,1010,1,2,2850,Hot Water,1
4537,    253,      4,      0,       ,27 OLD CARRIAGE PATH,1010,1,2,2562,Hot Water,1
4538,    253,      5,      0,       ,26 OLD CARRIAGE PATH,1010,1,2,5397,Forced Air-Duc,1
4539,    135,     44,      0,       ,18 OLD CARRIAGE PATH,1010,1,2,2669,Hot Water,1
4540,    135,     45,      0,       ,14 OLD CARRIAGE PATH,1010,1,1.75,2972,Hot Water,1
4541,    135,     40,      0,       ,7 OLD CARRIAGE PATH,1010,1,1.75,2288,Hot Water,1
4542,    135,     46,      0,       ,4 OLD CARRIAGE PATH,1010,1,2,1872,Hot Water,1
4543,    135,     47,      0,       ,166 FORGE VILLAGE RD,1010,1,2,1764,Hot Water,1
4544,    135,     48,      0,       ,15 STONEBRIDGE WAY,1010,1,2,2186,Hot Water,1
4545,    135,     49,      0,       ,9 STONEBRIDGE WAY,1010,1,2,2358,Hot Water,1
4546,    135,     50,      0,       ,25 STONEBRIDGE WAY ,1010,1,2,5616,Hot Water,1
4547,    135,     51,      0,       ,33 STONEBRIDGE WAY ,1010,1,2,3078,Hot Water,1
4550,    131,     15,      0,       ,207 WHILEY RD,1013,1,2,1728,Electr Basebrd,1
4551,    253,     24,      0,       ,993 BOSTON RD,1010,1,1,1120,Hot Water,1
4557,    135,     32,      0,       ,230 FORGE VILLAGE RD,1010,1,1.5,1224,Steam,1
4558,    135,     33,      0,       ,222 FORGE VILLAGE RD ,1010,1,1,1280,Steam,1
4559,    135,     35,      0,       ,15 GILSON RD,1010,1,2,5376,Forced Air-Duc,1
4561,    135,     36,      0,       ,27 GILSON RD,0310,2,1,1426,Hot Water,1
4562,    253,      1,      0,       ,45 GILSON RD,1040,1,1,1570,Hot Water,1
4563,    135,     37,      0,       ,37 GILSON RD,1010,1,1,2508,Forced Air-Duc,1
4564,    135,     26,      0,       ,280 FORGE VILLAGE RD,1010,1,1.5,1940,Hot Water,1
4565,    135,     31,      0,       ,244 FORGE VILLAGE RD,1010,1,2,4349,Forced Air-Duc,1
4566,    135,     27,      0,       ,252 FORGE VILLAGE RD,1010,1,2,3539,Forced Air-Duc,1
4567,    138,     21,      0,       ,290 FORGE VILLAGE RD,1040,1,1.5,2286,Hot Water,1
4568,    138,     15,      0,       ,300 FORGE VILLAGE RD,1010,1,1.5,1748,Forced Air-Duc,1
4569,    138,     16,      0,       ,11 ORR RD,1010,1,1.75,1373,Forced Air-Duc,1
4570,    138,     14,      0,       ,304 FORGE VILLAGE RD,1010,1,1.75,2493,Hot Water,1
4571,    138,     20,      0,       ,10 ORR RD,1010,1,1.75,1859,Hot Water,1
4572,    138,     19,      0,       ,20 ORR RD,0101,1,2,3712,Forced Air-Duc,1
4573,    131,     19,      0,       ,205 WHILEY RD,1030,1,1,418,None,1
4574,    138,     18,      0,       ,30 ORR RD,1010,1,1.75,1018,Forced Air-Duc,1
4575,    138,     13,      0,       ,312 FORGE VILLAGE RD,1090,1,1.75,1910,Forced Air-Duc,1
4575,    138,     13,      0,       ,312 FORGE VILLAGE RD,1090,2,1,1371,Electr Basebrd,1
4575,    138,     13,      0,       ,312 FORGE VILLAGE RD,1090,3,2,1170,Electr Basebrd,1
4576,    138,     17,      0,       ,38 ORR RD,1010,1,1.75,1348,Hot Water,1
4577,    138,     12,      0,       ,316 FORGE VILLAGE RD,1010,1,1.75,1466,Forced Air-Duc,1
4578,    138,     10,      0,       ,324 FORGE VILLAGE RD,1010,1,1.5,1953,Hot Water,1
4583,    122,      7,      0,       ,93 BIRCHWOOD AVE,1040,1,2,1612,Hot Water,1
4584,    122,     10,      0,       ,95 BIRCHWOOD AVE ,1013,1,1,1368,Forced Air-Duc,1
4586,    122,     31,      0,       ,112 BIRCHWOOD AVE,1010,1,1,1164,Forced Air-Duc,1
4587,    122,     29,      0,       ,10 ENGLEWOOD AVE,1010,1,2,1664,Forced Air-Duc,1
4588,    122,     15,      0,       ,31 MAPLEWOOD AVE,1013,1,1,1326,Hot Water,1
4593,    122,     14,      0,       ,6 HAZELWOOD AVE,1013,1,1.5,1190,Electr Basebrd,1
4594,    122,     12,      0,       ,7 HAZELWOOD AVE,1013,1,2,1562,Forced Air-Duc,1
4595,    122,     11,      0,       ,97 BIRCHWOOD AVE,1013,1,1,940,Forced Air-Duc,1
4596,    122,     13,      0,       ,8 HAZELWOOD AVE,1013,1,1,740,None,1
4597,    122,     19,      0,       ,MAPLEWOOD AVE,1013,1,1,750,Floor Furnace,1
4599,    122,     21,      0,       ,72 MAPLEWOOD AVE,1013,1,1,900,Hot Air-no Duc,1
4600,    122,     22,      0,       ,78 MAPLEWOOD AVE,1013,1,1,736,Hot Air-no Duc,1
4601,    122,     23,      0,       ,84 MAPLEWOOD AVE ,1013,1,1,792,None,1
4603,    122,     52,      0,       ,31 LAKESIDE DR,1010,1,1,1195,Forced Air-Duc,1
4604,    122,     53,      0,       ,41 LAKESIDE DR,1010,1,2,2256,Forced Air-Duc,1
4605,    122,     54,      0,       ,49 LAKESIDE DR,1010,1,1,1296,Forced Air-Duc,1
4606,    122,     55,      0,       ,57 LAKESIDE DR,1010,1,1.75,1850,Forced Air-Duc,1
4607,    122,     76,      0,       ,69 LAKESIDE DR,1010,1,2,2527,Forced Air-Duc,1
4608,    122,     68,      0,       ,66 RIDGEWOOD AVE,1013,1,1,896,Forced Air-Duc,1
4609,    122,     62,      0,       ,61 RIDGEWOOD AVE,1013,1,1,1100,Hot Water,1
4611,    122,    110,      0,       ,OFF RIDGEWOOD AVE,1013,1,1,679,None,1
4613,    122,     70,      0,       ,54 RIDGEWOOD AVE,1013,1,1.75,2607,Forced Air-Duc,1
4614,    122,     71,      0,       ,42 RIDGEWOOD AVE,1013,1,2,2856,Forced Air-Duc,1
4617,    122,     72,      0,       ,38 RIDGEWOOD AVE,1013,1,1,1065,Electr Basebrd,1
4618,    122,     59,      0,       ,39 RIDGEWOOD AVE,1013,1,1,759,Forced Air-Duc,1
4619,    122,     58,      0,       ,33 RIDGEWOOD AVE,1013,1,1.5,1707,Forced Air-Duc,1
4620,    122,     73,      0,       ,28 RIDGEWOOD AVE,1013,1,1,960,Hot Water,1
4621,    122,     57,      0,       ,25 RIDGEWOOD AVE ,1013,1,1,720,Forced Air-Duc,1
4622,    122,     74,      0,       ,16 RIDGEWOOD AVE ,1010,1,1,1480,Forced Air-Duc,1
4623,    122,     75,      0,       ,14 RIDGEWOOD AVE,1013,1,2,1394,Forced Air-Duc,1
4625,    122,     39,      0,       ,4 BIRCHWOOD AVE,1013,1,1,1543,Forced Air-Duc,1
4627,    122,     41,      0,       ,9-A-B BIRCHWOOD AVE,1040,1,2,3072,Forced Air-Duc,1
4632,    122,     36,      0,       ,22 BIRCHWOOD AVE ,1010,1,2,2720,Forced Air-Duc,1
4633,    122,     44,      0,       ,33 BIRCHWOOD AVE,1010,1,2,1632,Hot Water,1
4635,    122,     26,      0,       ,44 MAPLEWOOD AVE,1010,1,2,1468,Forced Air-Duc,1
4636,    122,     45,      0,       ,37 BIRCHWOOD AVE,1010,1,2,1536,Hot Water,1
4637,    122,     27,      0,       ,40 MAPLEWOOD AVE,1010,1,1.75,1778,Hot Water,1
4638,    122,     28,      0,       ,36 MAPLEWOOD AVE ,1010,1,1.75,1933,Forced Air-Duc,1
4640,    122,     50,      0,       ,25 LAKESIDE DR,1010,1,1,1152,Hot Water,1
4641,    122,     33,      0,       ,6 ENGLEWOOD AVE,1010,1,1,972,Forced Air-Duc,1
4645,    122,      5,      0,       ,85 BIRCHWOOD AVE,1010,1,1,1818,Forced Air-Duc,1
4646,    122,     32,      0,       ,4 ENGLEWOOD AVE,1010,1,1,1200,Forced Air-Duc,1
4652,    110,     21,      0,       ,191 MILL ST,1010,1,2,2324,Forced Air-Duc,1
4654,    110,     25,      1,       ,197 MILL ST,1010,1,2,2310,Hot Water,1
4655,    228,     58,      0,       ,4 WYMAN RD,1010,1,2,3420,Forced Air-Duc,1
4657,    224,     23,      0,       ,240 MARTINS POND RD,1010,1,2,2346,Forced Air-Duc,1
4658,    221,     47,      0,       ,30 PACER WAY,1010,1,2,2120,Hot Water,1
4662,    105,     29,      0,       ,2 INTEGRITY WAY,1010,1,2,3401,Forced Air-Duc,1
4663,    137,      5,      0,       ,8 AUTUMN LEAF DR,1010,1,2,3211,Forced Air-Duc,1
4664,    137,      4,      0,       ,16 AUTUMN LEAF DR,1010,1,2,3044,Forced Air-Duc,1
4665,    251,     70,      0,       ,20 AUTUMN LEAF DR,1010,1,2,3682,Forced Air-Duc,1
4669,    251,     66,      0,       ,29 AUTUMN LEAF DR,1010,1,2,2875,Forced Air-Duc,1
4670,    251,     69,      0,       ,22 AUTUMN LEAF DR,1010,1,2,3700,Forced Air-Duc,1
4671,    251,     67,      0,       ,31 AUTUMN LEAF DR,1010,1,2,5252,Hot Air-no Duc,1
4676,    110,     25,      2,       ,199 MILL ST,1010,1,2,2352,Hot Water,1
4677,    234,     53,      0,       ,8 NICOLE LN,1010,1,2,3276,Forced Air-Duc,1
4678,    234,     52,      0,       ,14 NICOLE LN,1010,1,2,3702,Forced Air-Duc,1
4679,    234,     51,      0,       ,20 NICOLE LN,1010,1,2,3904,Forced Air-Duc,1
4680,    234,     50,      0,       ,22 NICOLE LN,1010,1,2,4220,Forced Air-Duc,1
4682,    234,     49,      0,       ,23 NICOLE LN,1010,1,2,3360,Forced Air-Duc,1
4683,    234,     48,      0,       ,21 NICOLE LN,1010,1,2,3804,Forced Air-Duc,1
4686,    221,     33,      0,       ,80 PACER WAY,1010,1,2,2652,Hot Water,1
4687,    247,     14,      0,       ,569 OLD DUNSTABLE RD,1010,1,2,2590,Forced Air-Duc,1
4688,    247,     14,      1,       ,571 OLD DUNSTABLE RD,1010,1,2,2684,Forced Air-Duc,1
4689,    135,     28,      0,       ,250 FORGE VILLAGE RD,1010,1,2,4708,Forced Air-Duc,1
4690,    135,     30,      0,       ,246 FORGE VILLAGE RD,1010,1,2,5162,Forced Air-Duc,1
4691,    135,     29,      0,       ,248 FORGE VILLAGE RD,1010,1,2,4610,Forced Air-Duc,1
4692,    243,     37,      0,       ,200 BURNTMEADOW RD,1010,1,1.75,4709,Forced Air-Duc,1
4698,    212,      5,      0,       ,271 PEPPERELL RD,1010,1,2,3764,Forced Air-Duc,1
4699,    212,      4,      0,       ,269 PEPPERELL RD,1010,1,2,4716,Forced Air-Duc,1
4701,    105,     23,      0,       ,1 INTEGRITY WAY,1010,1,2,3310,Forced Air-Duc,1
4702,    105,     27,      0,       ,6 INTEGRITY WAY,1010,1,2,4010,Forced Air-Duc,1
4703,    105,     25,      0,       ,5 INTEGRITY WAY,1010,1,2,4602,Forced Air-Duc,1
4704,    105,     24,      0,       ,3 INTEGRITY WAY ,1010,1,2,3274,Forced Air-Duc,1
4708,    234,     55,      1,       ,100 WHITMAN RD ,1010,1,2,2130,Forced Air-Duc,1
4712,    232,     50,      1,       ,647 MARTINS POND RD,1010,1,2,3404,Forced Air-Duc,1
4713,    117,     25,      1,       ,46 PRESCOTT ST,1010,1,2,2368,Forced Air-Duc,1
4715,    250,     49,      4,       ,18 COW POND BROOK RD,1010,1,2,2685,Forced Air-Duc,1
4716,    250,     49,      2,       ,26 COW POND BROOK RD,1010,1,2,3376,Forced Air-Duc,1
4717,    250,     49,      3,       ,22 COW POND BROOK RD,1010,1,2,2400,Forced Air-Duc,1
4719,    250,     49,      1,       ,36 COW POND BROOK RD,1010,1,2.5,2842,Forced Air-Duc,1
4720,    250,     49,      0,       ,40 COW POND BROOK RD,1010,1,2,2398,Forced Air-Duc,1
4721,    249,     88,      0,       ,42 COW POND BROOK RD,1010,1,2,2666,Forced Air-Duc,1
4722,    250,     48,      0,       ,37 COW POND BROOK RD ,1010,1,2,2718,Forced Air-Duc,1
4723,    250,     48,      1,       ,23 COW POND BROOK RD,1010,1,2,2701,Forced Air-Duc,1
4724,    250,     48,      2,       ,17 COW POND BROOK RD ,1010,1,2,2207,Forced Air-Duc,1
4726,    250,     48,      4,       ,7 COW POND BROOK RD,1010,1,2,2648,Forced Air-Duc,1
4729,    235,     49,      0,       ,132 SKYFIELDS DR,1010,1,1.75,4016,Forced Air-Duc,1
4733,    234,     18,      4,       ,2 BROWN LOAF RD,1010,1,2,2943,Forced Air-Duc,1
4734,    234,     18,      3,       ,4 BROWN LOAF RD,1010,1,2,3167,Forced Air-Duc,1
4735,    234,     18,      2,       ,6 BROWN LOAF RD,1010,1,2,3472,Forced Air-Duc,1
4736,    232,     50,      2,       ,645 MARTINS POND RD,1010,1,2,3750,Forced Air-Duc,1
4737,    232,     50,      3,       ,643 MARTINS POND RD,1010,1,2,3842,Forced Air-Duc,1
4738,    232,     50,      4,       ,641 MARTINS POND RD,1010,1,2,3662,Forced Air-Duc,1
4742,    225,     41,      1,       ,16 LONGLEY RD,1010,1,2,3648,Forced Air-Duc,1
4743,    225,     41,      2,       ,27 CHICOPEE ROW,1010,1,2,2880,Hot Water,1
4748,    234,     75,      1,       ,268 LOWELL RD,1010,1,2,3348,Forced Air-Duc,1
4749,    234,     75,      2,       ,256 LOWELL RD,1010,1,2,3052,Forced Air-Duc,1
4750,    234,     75,      3,       ,246 LOWELL RD,1010,1,2,4222,Forced Air-Duc,1
4796,    129,     68,      0,       ,20 WHITNEY POND RD,1010,1,1,1120,Hot Water,1
4870,    221,      4,      1,       ,29 WORTHEN DR,1010,1,2,4057,Forced Air-Duc,1
4870,    221,      4,      1,       ,29 WORTHEN DR,1010,2,1,340,Electr Basebrd,1
4871,    221,      4,      0,       ,33 WORTHEN DR,1010,1,2,4284,Forced Air-Duc,1
4872,    221,      4,     03,       ,45 WORTHEN DR,1010,1,2,4424,Forced Air-Duc,1
4908,    250,     48,      3,       ,11 COW POND BROOK RD,1010,1,2,2520,Forced Air-Duc,1
4909,    233,     10,      0,       ,52 CHESTNUT HILL RD ,1010,1,2,2727,Hot Water,1
4910,    243,     21,      0,       ,291 OLD DUNSTABLE RD,1010,1,1.5,2240,Forced Air-Duc,1
4911,    227,    110,      2,       ,105 NORTHWOODS RD,1010,1,2,3393,Forced Air-Duc,1
4912,    227,    110,      3,       ,131 NORTHWOODS RD,1010,1,2,3057,Forced Air-Duc,1
4914,    227,    110,      4,       ,301 NASHUA RD,1010,1,2,3616,Hot Water,1
4917,    112,    108,      2,       ,100 HOLLIS ST,1010,1,2.75,3960,Forced Air-Duc,1
4919,    216,     56,      8,       ,141 GRATUITY RD,1010,1,1.75,1324,Forced Air-Duc,1
4920,    216,     56,      7,       ,155 GRATUITY RD,1010,1,2,2488,Forced Air-Duc,1
4921,    216,     56,      6,       ,179 GRATUITY RD,1010,1,1,1959,Hot Air-no Duc,1
4922,    216,     56,      5,       ,177 GRATUITY RD,1010,1,2.75,4446,Forced Air-Duc,1
4923,    216,     56,      2,       ,193 GRATUITY RD,1010,1,2,4594,Forced Air-Duc,1
4924,    216,     56,      3,       ,175 GRATUITY RD,1010,1,2,3139,Forced Air-Duc,1
4925,    216,     56,      4,       ,151 GRATUITY RD,1010,1,2,3615,Forced Air-Duc,1
4926,    216,     56,      1,       ,191 GRATUITY RD,1010,1,2.5,4634,Forced Air-Duc,1
4927,    124,     28,      0,       ,38 TAVERN RD,1010,1,1,1904,Forced Air-Duc,1
4937,    247,     50,      1,       ,1 WILDFLOWER LN,1010,1,2,3642,Forced Air-Duc,1
4938,    247,     50,      2,       ,3 WILDFLOWER LN ,1010,1,2,3129,Forced Air-Duc,1
4939,    247,     50,      3,       ,5 WILDFLOWER LN,1010,1,2,4069,Forced Air-Duc,1
4940,    247,     50,      4,       ,7 WILDFLOWER LN,1010,1,2,3418,Forced Air-Duc,1
4941,    247,     50,      5,       ,10 WILDFLOWER LN,1010,1,2,3832,Forced Air-Duc,1
4942,    247,     50,      6,       ,8 WILDFLOWER LN ,1010,1,2,4010,Forced Air-Duc,1
4943,    247,     50,      7,       ,6 WILDFLOWER LN,1010,1,2,3278,Forced Air-Duc,1
4944,    247,     50,      8,       ,4 WILDFLOWER LN,1010,1,2,3787,Hot Water,1
4945,    247,     50,      9,       ,2 WILDFLOWER LN,1010,1,2,3729,Forced Air-Duc,1
4946,    116,      3,     12,       ,147 LOWELL RD ,1010,1,1.75,3626,Forced Air-Duc,1
4949,    233,    141,      0,       ,34 SHATTUCK ST ,1010,1,1,2104,Forced Air-Duc,1
4955,    234,      1,      0,       ,245 LOWELL RD,0310,2,2,4184,Hot Water,1
4956,    247,     52,      1,       ,506 OLD DUNSTABLE RD,1010,1,2,3324,Forced Air-Duc,1
4957,    247,     52,      0,       ,508 OLD DUNSTABLE RD,1010,1,2.5,3950,Forced Air-Duc,1
4964,    222,     52,      1,       ,236 OLD AYER RD,1010,1,2,3343,Forced Air-Duc,1
4965,    235,     46,      1,       ,131 SKYFIELDS DR,1010,1,2,3676,Hot Air-no Duc,1
4967,    135,      3,      1,       ,23 ORION WAY,1010,1,2,3782,Forced Air-Duc,1
4968,    135,      3,      2,       ,27 ORION WAY,1010,1,2,3339,Forced Air-Duc,1
4969,    135,      3,      3,       ,33 ORION WAY,1010,1,2,3742,Hot Water,1
4970,    135,      3,      4,       ,36 ORION WAY,1010,1,2,3348,Forced Air-Duc,1
4971,    135,      3,      5,       ,30 ORION WAY,1010,1,2,4384,Forced Air-Duc,1
4972,    135,      3,      6,       ,26 ORION WAY,1010,1,2,3501,Forced Air-Duc,1
4974,    120,      2,      3,       ,"34,36,38 SANDY POND RD #A,B,C",9700,1,2,3564,Forced Air-Duc,1
4974,    120,      2,      3,       ,"34,36,38 SANDY POND RD #A,B,C",9700,2,2,3490,Forced Air-Duc,1
4974,    120,      2,      3,       ,"34,36,38 SANDY POND RD #A,B,C",9700,3,2,3564,Forced Air-Duc,1
4980,    227,    110,      6,       ,137 NORTHWOODS RD,1010,1,2,2312,Forced Air-Duc,1
4983,    205,     24,      1,       ,50 AMELIA WAY,1010,1,2,4012,Forced Air-Duc,1
4984,    205,     24,      2,       ,60 AMELIA WAY,1010,1,2,4892,Forced Air-Duc,1
4985,    205,     24,      3,       ,66 AMELIA WAY ,1010,1,,3060,Forced Air-Duc,1
4986,    205,     24,      4,       ,51 AMELIA WAY ,1010,1,2,3884,Forced Air-Duc,1
4987,    205,     24,      5,       ,45 AMELIA WAY,1010,1,2,4046,Forced Air-Duc,1
4988,    205,     24,      6,       ,21 AMELIA WAY,1010,1,2,1988,Forced Air-Duc,1
4989,    205,     24,      7,       ,11 AMELIA WAY,1010,1,2,3324,Forced Air-Duc,1
4990,    205,     24,      8,       ,3 AMELIA WAY,1010,1,2,2744,Forced Air-Duc,1
4993,    247,     29,      0,       ,21 ISLAND POND RD,1010,1,2,4632,Forced Air-Duc,1
4994,    247,     29,      1,       ,23 ISLAND POND RD,1010,1,2,3385,Forced Air-Duc,1
4996,    247,     29,      3,       ,43 ISLAND POND RD,1010,1,2,4949,Forced Air-Duc,1
4997,    231,      1,      0,       ,120 REEDY MEADOW RD,1010,1,2,3013,Forced Air-Duc,1
4998,    231,      1,      1,       ,116 REEDY MEADOW RD ,1010,1,2,3383,Forced Air-Duc,1
5033,    211,     50,      1,       ,52 WHARTON ROW,1010,1,2,3722,Forced Air-Duc,1
5034,    211,     50,      2,       ,42 WHARTON ROW,1010,1,2,4150,Forced Air-Duc,1
5036,    220,     10,      1,       ,121 CULVER RD,1010,1,2,2409,Hot Air-no Duc,1
5037,    229,     10,      1,       ,53 WYMAN RD,0101,1,2,3004,Forced Air-Duc,1
5043,    225,      9,      2,       ,92 COMMON ST ,1010,1,1,3195,Forced Air-Duc,1
5049,    234,     18,      0,       ,1 BROWN LOAF RD,1010,1,2,2480,Forced Air-Duc,1
5050,    234,     18,      6,       ,3 BROWN LOAF RD,1040,1,2,3724,Forced Air-Duc,1
5051,    234,     18,      7,       ,5 BROWN LOAF RD ,1010,1,2,6087,Forced Air-Duc,1
5091,    247,     29,      2,       ,39 ISLAND POND RD,1010,1,2,2780,Forced Air-Duc,1
5092,    127,     34,      0,       ,4 FAWN TERRACE LN,1010,1,2,2864,Forced Air-Duc,1
100002,    212,     14,      1,       ,197 MAPLE AVE,1010,1,2,1944,Forced Air-Duc,1
100003,    212,     14,      2,       ,157 MAPLE AVE,1010,1,2,3403,Hot Water,1
100004,    104,     17,      1,       ,34 KEMP ST,1010,1,1.75,2309,Forced Air-Duc,1
100005,    104,     17,      3,       ,225 PEPPERELL RD,1010,1,2,3076,Forced Air-Duc,1
100007,    248,      4,      0,       ,11 CRYSTAL SPRINGS LN,1010,1,2,4404,Forced Air-Duc,1
100008,    204,     10,     54,       ,245 CHERRY TREE LN,1010,1,2,2663,Forced Air-Duc,1
100009,    204,     10,     53,       ,225 CHERRY TREE LN,1010,1,2,2143,Forced Air-Duc,1
100010,    204,     10,     52,       ,215 CHERRY TREE LN,1010,1,2,2700,Forced Air-Duc,1
100011,    204,     10,     51,       ,209 CHERRY TREE LN,1010,1,2,2720,Forced Air-Duc,1
100012,    204,     10,     50,       ,199 CHERRY TREE LN,1010,1,2,2895,Forced Air-Duc,1
100013,    204,     10,     49,       ,197 CHERRY TREE LN,1010,1,2,2442,Forced Air-Duc,1
100014,    204,     10,     48,       ,191 CHERRY TREE LN,1010,1,2,3139,Forced Air-Duc,1
100015,    204,     10,     47,       ,125 CHERRY TREE LN,1010,1,2,2414,Forced Air-Duc,1
100016,    204,     10,     46,       ,113 CHERRY TREE LN,1010,1,2,2300,Hot Air-no Duc,1
100017,    204,     10,     45,       ,101 CHERRY TREE LN,1010,1,2,1825,Forced Air-Duc,1
100018,    204,     10,     44,       ,95 CHERRY TREE LN,1010,1,2,2539,Forced Air-Duc,1
100019,    204,     10,     43,       ,91 CHERRY TREE LN,1010,1,2,2048,Forced Air-Duc,1
100021,    204,     10,     41,       ,61 CHERRY TREE LN,1010,1,2,2554,Forced Air-Duc,1
100022,    204,     10,     40,       ,57 CHERRY TREE LN,1010,1,2,2329,Forced Air-Duc,1
100023,    204,     10,     39,       ,49 CHERRY TREE LN,1010,1,2,2246,Forced Air-Duc,1
100024,    204,     10,     38,       ,21 CHERRY TREE LN,1010,1,2,2142,Forced Air-Duc,1
100025,    204,     10,     37,       ,19 CHERRY TREE LN,1010,1,2,1966,Forced Air-Duc,1
100029,    204,     10,     33,       ,230 FIELDSTONE DR,1010,1,2,4132,Forced Air-Duc,1
100030,    204,     10,     32,       ,221 FIELDSTONE DR,1010,1,2,2448,Forced Air-Duc,1
100031,    204,     10,     31,       ,235 FIELDSTONE DR,1010,1,2,2496,Forced Air-Duc,1
100032,    204,     10,     30,       ,14 CHERRY TREE LN,1010,1,2,3046,Forced Air-Duc,1
100033,    204,     10,     29,       ,22 CHERRY TREE LN,1010,1,2,2716,Forced Air-Duc,1
100034,    204,     10,     28,       ,36 CHERRY TREE LN,1010,1,2,3005,Forced Air-Duc,1
100035,    204,     10,     27,       ,42 CHERRY TREE LN,1010,1,2,3510,Forced Air-Duc,1
100036,    204,     10,     26,       ,52 CHERRY TREE LN,1010,1,2,2879,Forced Air-Duc,1
100037,    204,     10,     25,       ,60 CHERRY TREE LN,1010,1,2,2602,Forced Air-Duc,1
100038,    204,     10,     24,       ,66 CHERRY TREE LN,1010,1,2,3176,Forced Air-Duc,1
100039,    204,     10,     23,       ,8 ARBOR WAY,1010,1,2,3288,Forced Air-Duc,1
100040,    204,     10,     22,       ,12 ARBOR WAY,1010,1,2,3996,Forced Air-Duc,1
100041,    204,     10,     21,       ,18 ARBOR WAY,1010,1,2,2761,Forced Air-Duc,1
100042,    204,     10,     20,       ,24 ARBOR WAY,1010,1,2,2845,Forced Air-Duc,1
100043,    204,     10,     19,       ,30 ARBOR WAY,1010,1,2,2522,Forced Air-Duc,1
100044,    204,     10,     18,       ,38 ARBOR WAY,1010,1,2,2885,Hot Air-no Duc,1
100045,    204,     10,     17,       ,42 ARBOR WAY,1010,1,2,2614,Forced Air-Duc,1
100046,    204,     10,     16,       ,48 ARBOR WAY,1010,1,2,3136,Forced Air-Duc,1
100047,    204,     10,     15,       ,45 ARBOR WAY ,1040,1,1,3280,Forced Air-Duc,1
100048,    204,     10,     14,       ,43 ARBOR WAY ,1010,1,2,2526,Forced Air-Duc,1
100049,    204,     10,     13,       ,39 ARBOR WAY,1010,1,2,2759,Hot Air-no Duc,1
100050,    204,     10,     12,       ,33 ARBOR WAY,1010,1,2,3827,Forced Air-Duc,1
100051,    204,     10,     11,       ,25 ARBOR WAY,1010,1,2,2903,Forced Air-Duc,1
100052,    204,     10,     10,       ,9 ARBOR WAY,1010,1,2,2434,Forced Air-Duc,1
100053,    204,     10,     09,       ,170 CHERRY TREE LN,1010,1,1,2526,Forced Air-Duc,1
100054,    204,     10,     08,       ,176 CHERRY TREE LN,1010,1,2,2372,Forced Air-Duc,1
100055,    204,     10,     07,       ,182 CHERRY TREE LN,1010,1,2,2414,Forced Air-Duc,1
100056,    204,     10,     06,       ,192 CHERRY TREE LN,1010,1,2,2485,Forced Air-Duc,1
100057,    204,     10,     05,       ,194 CHERRY TREE LN ,1010,1,2,2482,Forced Air-Duc,1
100058,    204,     10,     04,       ,198 CHERRY TREE LN,1010,1,2,2758,Forced Air-Duc,1
100059,    204,     10,     03,       ,208 CHERRY TREE LN,1010,1,2,2797,Forced Air-Duc,1
100060,    204,     10,     02,       ,216 CHERRY TREE LN,1010,1,2,2808,Forced Air-Duc,1
100061,    204,     10,     01,       ,226 CHERRY TREE LN,1010,1,2,2623,Forced Air-Duc,1
100062,    120,      2,     42,       ,131 ROBIN HILL RD,1010,1,2,3200,Forced Air-Duc,1
100063,    120,      2,     41,       ,123 ROBIN HILL RD,1010,1,2,3007,Forced Air-Duc,1
100065,    120,      2,     39,       ,87 ROBIN HILL RD,1040,1,2,4207,Forced Air-Duc,1
100066,    120,      2,     38,       ,12 QUAIL RIDGE RD,1010,1,2,3523,Forced Air-Duc,1
100067,    120,      2,     37,       ,20 QUAIL RIDGE RD ,1010,1,2,3360,Forced Air-Duc,1
100068,    120,      2,     36,       ,22 QUAIL RIDGE RD,1010,1,2,3624,Hot Air-no Duc,1
100069,    120,      2,     35,       ,25 QUAIL RIDGE RD,1010,1,2,3571,Hot Air-no Duc,1
100070,    120,      2,     34,       ,17 QUAIL RIDGE RD,1010,1,2,3080,Forced Air-Duc,1
100073,    120,      2,     31,       ,12 CARDINAL LN,1010,1,2,2947,Forced Air-Duc,1
100074,    120,      2,     30,       ,22 CARDINAL LN,1010,1,2,3442,Forced Air-Duc,1
100075,    120,      2,     29,       ,17 CARDINAL LN,1010,1,2,3641,Forced Air-Duc,1
100076,    120,      2,     28,       ,9 CARDINAL LN,1010,1,2,3960,Forced Air-Duc,1
100078,    120,      2,     26,       ,2 MOCKINGBIRD HILL RD ,1010,1,2,2988,Forced Air-Duc,1
100079,    120,      2,     25,       ,76 ROBIN HILL RD ,1010,1,2,3506,Forced Air-Duc,1
100080,    120,      2,     24,       ,84 ROBIN HILL RD,1010,1,2,3348,Forced Air-Duc,1
100081,    120,      2,     23,       ,92 ROBIN HILL RD,1010,1,2,3432,Forced Air-Duc,1
100082,    120,      2,     22,       ,1 MOCKINGBIRD HILL RD,1010,1,2,4396,Forced Air-Duc,1
100083,    120,      2,     21,       ,108 ROBIN HILL RD,1010,1,2,3378,Forced Air-Duc,1
100084,    120,      2,     20,       ,9 MOCKINGBIRD HILL RD,1010,1,2,2953,Forced Air-Duc,1
100085,    120,      2,     19,       ,7 MOCKINGBIRD HILL RD,1010,1,2,3233,Forced Air-Duc,1
100086,    120,      2,     18,       ,5 MOCKINGBIRD HILL RD,1010,1,2,2777,Forced Air-Duc,1
100087,    120,      2,     17,       ,3 MOCKINGBIRD HILL RD,1010,1,2,3608,Forced Air-Duc,1
100089,    120,      2,     15,       ,4 MOCKINGBIRD HILL RD,1010,1,2,3100,Forced Air-Duc,1
100090,    120,      2,     14,       ,6 MOCKINGBIRD HILL RD,1010,1,2,3298,Forced Air-Duc,1
100091,    120,      2,     13,       ,8 MOCKINGBIRD HILL RD ,1010,1,2,2972,Forced Air-Duc,1
100093,    120,      2,     11,       ,12 MOCKINGBIRD HILL RD ,1010,1,2,2825,Forced Air-Duc,1
100094,    120,      2,     10,       ,14 MOCKINGBIRD HILL RD,1010,1,2,3009,Forced Air-Duc,1
100096,    120,      2,      8,       ,18 MOCKINGBIRD HILL RD,1010,1,2,2962,Forced Air-Duc,1
100097,    120,      2,      7,       ,150 MOCKINGBIRD HILL RD ,1010,1,2,3618,Forced Air-Duc,1
100098,    120,      2,      6,       ,140 ROBIN HILL RD ,1010,1,,3288,Hot Air-no Duc,1
100099,    120,      2,      5,       ,144 ROBIN HILL RD,1010,1,2,3563,Forced Air-Duc,1
100101,    120,      2,      9,       ,16 MOCKINGBIRD HILL RD,1010,1,2,3032,Forced Air-Duc,1
100103,    121,     69,      0,       ,10 ROBIN HILL RD,1010,1,2,3598,Hot Air-no Duc,1
100104,    121,     65,      0,       ,9 QUAIL RIDGE RD,1010,1,2,3156,Forced Air-Duc,1
100105,    121,     67,      0,       ,29 CARDINAL LN,1010,1,2,4616,Forced Air-Duc,1
100109,    202,     97,      0,       ,315 CHERRY TREE LN,1010,1,2,2746,Forced Air-Duc,1
100110,    202,     96,      0,       ,295 CHERRY TREE LN,1010,1,2,2763,Forced Air-Duc,1
100111,    202,     95,      0,       ,275 CHERRY TREE LN,1010,1,2,2763,Forced Air-Duc,1
100112,    202,     94,      0,       ,255 CHERRY TREE LN ,1010,1,2,2741,Forced Air-Duc,1
100113,    202,     93,      0,       ,276 CHERRY TREE LN,1010,1,2,2798,Forced Air-Duc,1
100114,    202,     92,      0,       ,296 CHERRY TREE LN,1010,1,2,3054,Forced Air-Duc,1
100314,    220,     33,      0,       ,133  SHIRLEY RD,1010,1,2.5,3728,Forced Air-Duc,1
100320,    219,      8,      4,       ,162 SHIRLEY RD,1010,1,2,1600,Hot Water,1
100320,    219,      8,      4,       ,162 SHIRLEY RD,1010,2,1,1128,Hot Air-no Duc,1
100323,    219,      8,      2,       ,102 JOY LN ,1010,1,2,7871,Forced Air-Duc,1
100325,    219,      8,      5,       ,194  SHIRLEY RD,1010,1,2,2272,Hot Water,1
100327,    243,     10,      1,       ,771 MARTINS POND RD,1010,1,2,2264,Forced Air-Duc,1
100328,    250,     90,      3,       ,6 AMANDAS WAY,1010,1,2,2816,Forced Air-Duc,1
100329,    250,     90,      2,       ,4 AMANDAS WAY,1010,1,2,2428,Forced Air-Duc,1
100330,    250,     90,      1,       ,2 AMANDAS WAY,1010,1,2,2707,Hot Air-no Duc,1
100351,    133,     18,      1,       ,71 FORGE VILLAGE RD,1010,1,2,2846,Hot Air-no Duc,1
100352,    211,     16,      3,       ,39 WHARTON ROW,1010,1,1,4072,Forced Air-Duc,1
100353,    226,      2,      1,       ,194  SAND HILL RD,1010,1,2,2681,Hot Air-no Duc,1
100354,    202,     74,      1,       ,750 TOWNSEND RD,1010,1,2,1984,Forced Air-Duc,1
100433,    120,      2,     44,       ,141 ROBIN HILL RD,1010,1,2,3003,Forced Air-Duc,1
100454,    225,     22,      1,       ,186 COMMON ST,1010,1,1.5,1421,Hot Water,1
100457,    253,     27,      0,       ,84 MONARCH PATH ,1010,1,2,7782,Forced Air-Duc,1
100457,    253,     27,      0,       ,84 MONARCH PATH ,1010,2,1,3991,Forced Air-Duc,1
100459,    253,     29,      0,       ,35 NOBLE PATH,1010,1,2,6375,Forced Air-Duc,1
100465,    253,     34,      0,       ,54 MONARCH PATH,1010,1,2,7220,Hot Water,1
100504,    221,     59,      1,       ,119 SMITH ST,1010,1,2,2648,Forced Air-Duc,1
100578,    103,     74,      2,       ,135 PEPPERELL RD,1010,1,2,2523,Forced Air-Duc,1
100579,    103,     74,      3,       ,149 PEPPERELL RD,1010,1,2,2907,Forced Air-Duc,1
100598,    103,     34,      0,       ,178  TOWNSEND RD,0101,1,2,1848,Forced Air-Duc,1
100617,    231,     61,      0,       ,49  HAWTREE WAY,1010,1,2,2626,Forced Air-Duc,1
100677,    248,      4,      9,       ,12 CRYSTAL SPRINGS LN,1010,1,2,3080,Forced Air-Duc,1
100678,    248,      4,      8,       ,18 CRYSTAL SPRINGS LN,1010,1,2,3477,Hot Air-no Duc,1
100679,    248,      4,      7,       ,24 CRYSTAL SPRINGS LN,1010,1,2,3157,Forced Air-Duc,1
100680,    248,      4,      6,       ,28 CRYSTAL SPRINGS LN,1010,1,2,3753,Forced Air-Duc,1
100681,    248,      4,      5,       ,30 CRYSTAL SPRINGS LN,1010,1,2,3540,Forced Air-Duc,1
100682,    248,      4,      4,       ,29 CRYSTAL SPRINGS LN,1010,1,2,3230,Forced Air-Duc,1
100683,    248,      4,      3,       ,27 CRYSTAL SPRINGS LN,1010,1,2,4595,Forced Air-Duc,1
100684,    248,      4,      2,       ,19 CRYSTAL SPRINGS LN,1010,1,2,4586,Forced Air-Duc,1
100718,    217,     85,      2,       ,46 JENKINS RD,1010,1,2,3058,Forced Air-Duc,1
100799,    124,     24,      1,       ,90 TAVERN RD ,1010,1,2,2020,Forced Air-Duc,1
100800,    217,     85,      3,       ,58 JENKINS RD,1010,1,2,2560,Forced Air-Duc,1
100960,    225,     17,      1,       ,32 SAND HILL RD,9591,1,1,3836,Forced Air-Duc,1
100979,    121,     66,      0,       ,25 CARDINAL LN,1010,1,2,4912,Forced Air-Duc,1
100980,    121,     68,      0,       ,32 CARDINAL LN,1010,1,2,3422,Forced Air-Duc,1
101181,    221,     14,      1,       ,72 DALE LN,1010,1,2,9291,Forced Air-Duc,1
101186,    124,     21,      4,       ,41 TAVERN RD,1010,1,2,2680,Forced Air-Duc,1
101187,    124,     21,      5,       ,43 TAVERN RD,1010,1,2,2344,Forced Air-Duc,1
101188,    124,     21,      6,       ,71 TAVERN RD,1010,1,2,2056,Forced Air-Duc,1
101189,    124,     25,      2,       ,72 TAVERN RD,1010,1,2,1984,Forced Air-Duc,1
101190,    124,     25,      3,       ,78 TAVERN RD,1010,1,2,2542,Forced Air-Duc,1
101405,    234,     33,      2,       ,111 GAY RD,1010,1,2,2517,Forced Air-Duc,1
101545,    233,     75,      1,       ,17 CHAMBERLAINS MILL LN,1010,1,2,3774,Forced Air-Duc,1
101547,    233,     75,      9,       ,24 CHAMBERLAINS MILL LN ,1010,1,2,4486,Forced Air-Duc,1
101548,    233,     75,      8,       ,22 CHAMBERLAINS MILL LN,1010,1,2,3724,Forced Air-Duc,1
101549,    233,     75,      7,       ,20 CHAMBERLAINS MILL LN,1010,1,2,3204,Forced Air-Duc,1
101550,    233,     75,      6,       ,27 CHAMBERLAINS MILL LN,1010,1,2,3060,Forced Air-Duc,1
101551,    233,     75,      5,       ,21 CHAMBERLAINS MILL LN,1010,1,2,3610,Forced Air-Duc,1
101552,    233,     75,      4,       ,8 CHAMBERLAINS MILL LN,1010,1,2,4048,Forced Air-Duc,1
101553,    233,     75,      3,       ,9 CHAMBERLAINS MILL LN,1010,1,2,4239,Forced Air-Duc,1
101565,    249,     59,      5,       ,302 COW POND BROOK RD,1010,1,2,2832,Forced Air-Duc,1
101566,    249,     59,      4,       ,314 COW POND BROOK RD,1010,1,2,2978,Forced Air-Duc,1
101567,    249,     59,      3,       ,326 COW POND BROOK RD,1010,1,2,2744,Forced Air-Duc,1
101568,    249,     59,      2,       ,338 COW POND BROOK RD ,1010,1,2,3072,Forced Air-Duc,1
101569,    226,      2,      2,       ,204 SAND HILL RD,1010,1,2,2533,Forced Air-Duc,1
101585,    222,     34,      1,       ,93 INDIAN HILL RD,1010,1,1,2930,Forced Air-Duc,1
101605,    222,     34,      2,       ,105 INDIAN HILL RD,1010,1,1.75,3497,Hot Water,1
101725,    247,     53,      1,       ,542 OLD DUNSTABLE RD,1010,1,2,2787,Forced Air-Duc,1
101726,    247,     53,      2,       ,536 OLD DUNSTABLE RD,1010,1,2,2839,Forced Air-Duc,1
101765,    121,     10,      2,       ,38 OLD LANTERN LN,1010,1,1.75,1685,Forced Air-Duc,1
101845,    249,     77,      1,       ,145 COW POND BROOK RD ,1010,1,2,3349,Forced Air-Duc,1
101966,    224,     24,      5,       ,128 MARTINS POND RD ,0101,1,1,3580,Forced Air-Duc,1
101967,    224,     24,      4,       ,148 MARTINS POND RD ,1010,1,2,3751,Forced Air-Duc,1
101968,    224,     24,      2,       ,172 MARTINS POND RD,1010,1,2,4031,Forced Air-Duc,1
101985,    120,      2,     40,      B,121 ROBIN HILL RD,1040,1,2,4207,Forced Air-Duc,1
102026,    118,      2,     1A,       ,441 BOSTON RD,1010,1,2,3088,Forced Air-Duc,1
102027,    118,      2,     2C,       ,461 BOSTON RD ,1010,1,2,2818,Forced Air-Duc,1
102105,    120,      2,     16,      2,2 ORIOLE DR ,1010,1,2,2304,Forced Air-Duc,1
102125,    247,     10,      1,       ,543  OLD DUNSTABLE RD,1010,1,2,4966,Forced Air-Duc,1
102145,    226,     60,      1,       ,332 LONGLEY RD ,1010,1,2,3927,Forced Air-Duc,1
102146,    226,     60,      2,       ,338 LONGLEY RD,1010,1,2,3361,Forced Air-Duc,1
102148,    120,      2,     16,     3A,3A&B ORIOLE DR ,1040,1,2,3128,Forced Air-Duc,1
102165,    120,      2,     16,     12,12 ORIOLE DR ,1010,1,2,2244,Forced Air-Duc,1
102185,    206,     22,      9,       ,12 BLUEBIRD LANE ,1010,1,2,4488,Forced Air-Duc,1
102186,    206,     22,      8,       ,20 BLUEBIRD LANE ,1010,1,2,4258,Forced Air-Duc,1
102187,    206,     22,      7,       ,22 BLUEBIRD LANE ,1010,1,2,4804,Forced Air-Duc,1
102188,    206,     22,      6,       ,24 BLUEBIRD LANE ,1010,1,2,3203,Forced Air-Duc,1
102189,    206,     22,      5,       ,26 BLUEBIRD LANE ,1010,1,2,3203,Forced Air-Duc,1
102190,    206,     22,      4,       ,33 BLUEBIRD LANE ,1010,1,2,4157,Forced Air-Duc,1
102191,    206,     22,      3,       ,27 BLUEBIRD LANE ,1010,1,2,4373,Forced Air-Duc,1
102192,    206,     22,      2,       ,21 BLUEBIRD LANE ,1010,1,2,4488,Forced Air-Duc,1
102193,    206,     22,      1,       ,9 BLUEBIRD LANE ,1010,1,2,3178,Forced Air-Duc,1
102225,    120,      2,     16,     20,20 ORIOLE DR ,1010,1,2,2140,Forced Air-Duc,1
102226,    120,      2,     16,     15,15 ORIOLE DR ,1010,1,,2244,Forced Air-Duc,1
102227,    120,      2,     16,     39,39 ORIOLE DR ,1010,1,2,4250,Forced Air-Duc,1
102228,    120,      2,     16,     31,31 ORIOLE DR ,1010,1,2,2979,Forced Air-Duc,1
102229,    120,      2,     16,     19,19 ORIOLE DR ,1010,1,2,2224,Forced Air-Duc,1
102230,    120,      2,     16,     11,11 ORIOLE DR ,1010,1,2,2914,Forced Air-Duc,1
102285,    213,     68,      2,       ,25 WALLACE RD ,1010,1,2,3690,Forced Air-Duc,1
102305,    229,     15,      3,       ,129 WYMAN RD ,1010,1,2,1512,Forced Air-Duc,1
102309,    217,     80,      2,       ,90 JENKINS RD ,1010,1,1,2462,Forced Air-Duc,1
102335,    248,      6,      1,       ,316 OLD DUNSTABLE RD ,1010,1,2,2890,Forced Air-Duc,1
102338,    212,     20,      1,       ,42 MAPLE AVE ,1010,1,2,2394,Forced Air-Duc,1
102347,    104,     30,      0,      1,1 MAPLE AVE ,1010,1,2,4029,Forced Air-Duc,1
102348,    104,     30,      0,      2,15 MAPLE AVE ,1010,1,2,3400,Forced Air-Duc,1
102350,    104,     30,      0,      4,51 MAPLE AVE ,1010,1,,5147,Forced Air-Duc,1
102351,    104,     30,      0,      5,79 MAPLE AVE ,1010,1,2,5068,Forced Air-Duc,1
102352,    104,     30,      0,      6,99 MAPLE AVE ,1010,1,2,4132,Forced Air-Duc,1
102353,    104,     30,      0,      7,103 MAPLE AVE ,1010,1,2,5938,Forced Air-Duc,1
102382,    235,      1,      1,       ,201 BOSTON RD ,1010,1,2,3592,Forced Air-Duc,1
102385,    104,     30,      2,      1,15 HAYES WOODS LN ,1010,1,2,4200,Forced Air-Duc,1
102386,    104,     30,      2,      2,19 HAYES WOODS LN ,1010,1,2,3611,Forced Air-Duc,1
102392,    104,     30,      2,      8,20 HAYES WOODS LN ,1010,1,2,3310,Forced Air-Duc,1
102393,    104,     30,      2,      9,16 HAYES WOODS LN ,1010,1,2,3600,Forced Air-Duc,1
102404,    227,    117,      2,       ,352 NASHUA RD ,1010,1,2,3483,Forced Air-Duc,1

