AV PID|LOCATION|LOCATION|FILE NAME
1|231 FAIRBANKS STREET |231 FAIRBANKS STREET |05.jpg
1|231 FAIRBANKS STREET |231 FAIRBANKS STREET |06.jpg
4|242 FAIRBANKS STREET |242 FAIRBANKS STREET |44.jpg
4|242 FAIRBANKS STREET |242 FAIRBANKS STREET |45.jpg
4|242 FAIRBANKS STREET |242 FAIRBANKS STREET |87.jpg
4|242 FAIRBANKS STREET |242 FAIRBANKS STREET |88.jpg
6|232 FAIRBANKS STREET|232 FAIRBANKS STREET|91.jpg
6|232 FAIRBANKS STREET|232 FAIRBANKS STREET|92.jpg
6|232 FAIRBANKS STREET|232 FAIRBANKS STREET|51.jpg
15|157 NORTH MAIN STREET |157 NORTH MAIN STREET |NMS157.jpg
15|157 NORTH MAIN STREET |157 NORTH MAIN STREET |64.jpg
15|157 NORTH MAIN STREET |157 NORTH MAIN STREET |65.jpg
16|165 NORTH MAIN STREET|165 NORTH MAIN STREET|62.jpg
16|165 NORTH MAIN STREET|165 NORTH MAIN STREET|63.jpg
18|146 HOSMER STREET|146 HOSMER STREET|34.jpg
18|146 HOSMER STREET|146 HOSMER STREET|35.jpg
19|144 HOSMER STREET|144 HOSMER STREET|27.jpg
19|144 HOSMER STREET|144 HOSMER STREET|28.jpg
20|139 HOSMER STREET |139 HOSMER STREET |74.jpg
20|139 HOSMER STREET |139 HOSMER STREET |19.jpg
20|139 HOSMER STREET |139 HOSMER STREET |20.jpg
22|163 HOSMER STREET|163 HOSMER STREET|12.jpg
22|163 HOSMER STREET|163 HOSMER STREET|25.jpg
22|163 HOSMER STREET|163 HOSMER STREET|26.jpg
24|170 NORTH MAIN STREET|170 NORTH MAIN STREET|35.jpg
24|170 NORTH MAIN STREET|170 NORTH MAIN STREET|36.jpg
24|170 NORTH MAIN STREET|170 NORTH MAIN STREET|37.jpg
37|29 RAYMOND S HUNTINGTON|29 RAYMOND S HUNTINGTON|23.jpg
37|29 RAYMOND S HUNTINGTON|29 RAYMOND S HUNTINGTON|24.jpg
51|31 HOSMER STREET |31 HOSMER STREET |69.jpg
51|31 HOSMER STREET |31 HOSMER STREET |70.jpg
52|39 HOSMER STREET |39 HOSMER STREET |63.jpg
52|39 HOSMER STREET |39 HOSMER STREET |64.jpg
52|39 HOSMER STREET |39 HOSMER STREET |52.jpg
52|39 HOSMER STREET |39 HOSMER STREET |53.jpg
53|51 HOSMER STREET |51 HOSMER STREET |57.jpg
53|51 HOSMER STREET |51 HOSMER STREET |58.jpg
54|55 HOSMER STREET|55 HOSMER STREET|54.jpg
54|55 HOSMER STREET|55 HOSMER STREET|55.jpg
54|55 HOSMER STREET|55 HOSMER STREET|56.jpg
55|50 HOSMER STREET |50 HOSMER STREET |59.jpg
55|50 HOSMER STREET |50 HOSMER STREET |60.jpg
55|50 HOSMER STREET |50 HOSMER STREET |HOS0050A.JPG
55|50 HOSMER STREET |50 HOSMER STREET |HOS0050A.JPG
55|50 HOSMER STREET |50 HOSMER STREET |HOS50B.JPG
55|50 HOSMER STREET |50 HOSMER STREET |HOS50A.JPG
56|44 HOSMER STREET|44 HOSMER STREET|61.jpg
56|44 HOSMER STREET|44 HOSMER STREET|62.jpg
57|38 HOSMER STREET|38 HOSMER STREET|65.jpg
57|38 HOSMER STREET|38 HOSMER STREET|66.jpg
57|38 HOSMER STREET|38 HOSMER STREET|51.jpg
58|34 HOSMER STREET|34 HOSMER STREET|67.jpg
58|34 HOSMER STREET|34 HOSMER STREET|68.jpg
62|45 KEYES STREET|45 KEYES STREET|98.jpg
62|45 KEYES STREET|45 KEYES STREET|00.jpg
63|51 KEYES STREET|51 KEYES STREET|96.jpg
63|51 KEYES STREET|51 KEYES STREET|97.jpg
64|78 HOSMER STREET |78 HOSMER STREET |50.jpg
64|78 HOSMER STREET |78 HOSMER STREET |51.jpg
65|57 KEYES STREET|57 KEYES STREET|92.jpg
65|57 KEYES STREET|57 KEYES STREET|93.jpg
66|62 HOSMER STREET |62 HOSMER STREET |52.jpg
66|62 HOSMER STREET |62 HOSMER STREET |53.jpg
68|119 HOSMER STREET |119 HOSMER STREET |37.jpg
68|119 HOSMER STREET |119 HOSMER STREET |38.jpg
70|125 HOSMER STREET|125 HOSMER STREET|35.jpg
70|125 HOSMER STREET|125 HOSMER STREET|36.jpg
71|131 HOSMER STREET |131 HOSMER STREET |31.jpg
71|131 HOSMER STREET |131 HOSMER STREET |32.jpg
71|131 HOSMER STREET |131 HOSMER STREET |HOS131G.JPG
71|131 HOSMER STREET |131 HOSMER STREET |HOS131LL.JPG
71|131 HOSMER STREET |131 HOSMER STREET |HOS131B.JPG
71|131 HOSMER STREET |131 HOSMER STREET |HOS131A.JPG
74|130 HOSMER STREET|130 HOSMER STREET|33.jpg
74|130 HOSMER STREET|130 HOSMER STREET|34.jpg
75|132 HOSMER STREET |132 HOSMER STREET |29.jpg
75|132 HOSMER STREET |132 HOSMER STREET |30.jpg
77|54 KEYES STREET|54 KEYES STREET|94.jpg
77|54 KEYES STREET|54 KEYES STREET|95.jpg
79|48 KEYES STREET|48 KEYES STREET|01.jpg
79|48 KEYES STREET|48 KEYES STREET|02.jpg
79|48 KEYES STREET|48 KEYES STREET|77.jpg
80|42 KEYES STREET |42 KEYES STREET |06.jpg
80|42 KEYES STREET |42 KEYES STREET |07.jpg
81|9 LISA CIRCLE|9 LISA CIRCLE|20.jpg
81|9 LISA CIRCLE|9 LISA CIRCLE|21.jpg
82|15 LISA CIRCLE|15 LISA CIRCLE|18.jpg
82|15 LISA CIRCLE|15 LISA CIRCLE|19.jpg
83|12 LISA CIRCLE|12 LISA CIRCLE|16.jpg
83|12 LISA CIRCLE|12 LISA CIRCLE|17.jpg
84|4 LISA CIRCLE|4 LISA CIRCLE|21.jpg
84|4 LISA CIRCLE|4 LISA CIRCLE|22.jpg
85|25 ALMANAC WAY |25 ALMANAC WAY |91.jpg
85|25 ALMANAC WAY |25 ALMANAC WAY |92.jpg
86|31 ALMANAC WAY |31 ALMANAC WAY |12.jpg
86|31 ALMANAC WAY |31 ALMANAC WAY |13.jpg
87|33 ALMANAC WAY|33 ALMANAC WAY|19.jpg
87|33 ALMANAC WAY|33 ALMANAC WAY|20.jpg
88|79 NORTH MAIN STREET|79 NORTH MAIN STREET|73.jpg
88|79 NORTH MAIN STREET|79 NORTH MAIN STREET|74.jpg
89|83 NORTH MAIN STREET|83 NORTH MAIN STREET|71.jpg
89|83 NORTH MAIN STREET|83 NORTH MAIN STREET|72.jpg
90|85 NORTH MAIN STREET|85 NORTH MAIN STREET|10.jpg
90|85 NORTH MAIN STREET|85 NORTH MAIN STREET|11.jpg
91|95 NORTH MAIN STREET|95 NORTH MAIN STREET|59.jpg
92|105 NORTH MAIN STREET |105 NORTH MAIN STREET |54.jpg
92|105 NORTH MAIN STREET |105 NORTH MAIN STREET |08.jpg
92|105 NORTH MAIN STREET |105 NORTH MAIN STREET |09.jpg
92|105 NORTH MAIN STREET |105 NORTH MAIN STREET |105nms.jpg
93|115 NORTH MAIN STREET|115 NORTH MAIN STREET|68.jpg
93|115 NORTH MAIN STREET|115 NORTH MAIN STREET|69.jpg
93|115 NORTH MAIN STREET|115 NORTH MAIN STREET|70.jpg
94|121 NORTH MAIN STREET |121 NORTH MAIN STREET |85.jpg
94|121 NORTH MAIN STREET |121 NORTH MAIN STREET |86.jpg
95|127 NORTH MAIN STREET |127 NORTH MAIN STREET |06.jpg
95|127 NORTH MAIN STREET |127 NORTH MAIN STREET |07.jpg
95|127 NORTH MAIN STREET |127 NORTH MAIN STREET |127nms.jpg
96|135 NORTH MAIN STREET |135 NORTH MAIN STREET |66.jpg
96|135 NORTH MAIN STREET |135 NORTH MAIN STREET |67.jpg
97|143 NORTH MAIN STREET |143 NORTH MAIN STREET |04.jpg
97|143 NORTH MAIN STREET |143 NORTH MAIN STREET |05.jpg
98|151 NORTH MAIN STREET|151 NORTH MAIN STREET|02.jpg
98|151 NORTH MAIN STREET|151 NORTH MAIN STREET|03.jpg
99|154 NORTH MAIN STREET|154 NORTH MAIN STREET|98.jpg
99|154 NORTH MAIN STREET|154 NORTH MAIN STREET|154nmain.jpg
100|3 STILLWATER HEIGHTS|3 STILLWATER HEIGHTS|96.jpg
100|3 STILLWATER HEIGHTS|3 STILLWATER HEIGHTS|92.jpg
100|3 STILLWATER HEIGHTS|3 STILLWATER HEIGHTS|93.jpg
101|7 STILLWATER HEIGHTS|7 STILLWATER HEIGHTS|40.jpg
101|7 STILLWATER HEIGHTS|7 STILLWATER HEIGHTS|41.jpg
102|11 STILLWATER HEIGHTS|11 STILLWATER HEIGHTS|97.jpg
102|11 STILLWATER HEIGHTS|11 STILLWATER HEIGHTS|98.jpg
102|11 STILLWATER HEIGHTS|11 STILLWATER HEIGHTS|STI11A.JPG
102|11 STILLWATER HEIGHTS|11 STILLWATER HEIGHTS|STI11.JPG
102|11 STILLWATER HEIGHTS|11 STILLWATER HEIGHTS|STI11A.JPG
102|11 STILLWATER HEIGHTS|11 STILLWATER HEIGHTS|STI11B.JPG
103|19 STILLWATER HEIGHTS|19 STILLWATER HEIGHTS|46.jpg
103|19 STILLWATER HEIGHTS|19 STILLWATER HEIGHTS|47.jpg
104|21 STILLWATER HEIGHTS|21 STILLWATER HEIGHTS|49.jpg
104|21 STILLWATER HEIGHTS|21 STILLWATER HEIGHTS|05.jpg
105|27 STILLWATER HEIGHTS |27 STILLWATER HEIGHTS |23.jpg
105|27 STILLWATER HEIGHTS |27 STILLWATER HEIGHTS |24.jpg
106|20 STILLWATER HEIGHTS |20 STILLWATER HEIGHTS |00.jpg
106|20 STILLWATER HEIGHTS |20 STILLWATER HEIGHTS |01.jpg
107|16 STILLWATER HEIGHTS|16 STILLWATER HEIGHTS|19.jpg
107|16 STILLWATER HEIGHTS|16 STILLWATER HEIGHTS|20.jpg
108|12 STILLWATER HEIGHTS|12 STILLWATER HEIGHTS|97.jpg
108|12 STILLWATER HEIGHTS|12 STILLWATER HEIGHTS|85.jpg
108|12 STILLWATER HEIGHTS|12 STILLWATER HEIGHTS|54.jpg
109|8 STILLWATER HEIGHTS|8 STILLWATER HEIGHTS|42.jpg
109|8 STILLWATER HEIGHTS|8 STILLWATER HEIGHTS|43.jpg
110|4 STILLWATER HEIGHTS|4 STILLWATER HEIGHTS|67.jpg
110|4 STILLWATER HEIGHTS|4 STILLWATER HEIGHTS|94.jpg
110|4 STILLWATER HEIGHTS|4 STILLWATER HEIGHTS|95.jpg
111|136 NORTH MAIN STREET|136 NORTH MAIN STREET|74.jpg
111|136 NORTH MAIN STREET|136 NORTH MAIN STREET|75.jpg
111|136 NORTH MAIN STREET|136 NORTH MAIN STREET|76.jpg
111|136 NORTH MAIN STREET|136 NORTH MAIN STREET|83.jpg
112|128 NORTH MAIN STREET|128 NORTH MAIN STREET|90.jpg
112|128 NORTH MAIN STREET|128 NORTH MAIN STREET|91.jpg
113|122 NORTH MAIN STREET|122 NORTH MAIN STREET|01.jpg
113|122 NORTH MAIN STREET|122 NORTH MAIN STREET|82.jpg
113|122 NORTH MAIN STREET|122 NORTH MAIN STREET|NMS122A.JPG
114|118 NORTH MAIN STREET |118 NORTH MAIN STREET |NMS0118A.JPG
114|118 NORTH MAIN STREET |118 NORTH MAIN STREET |81.jpg
114|118 NORTH MAIN STREET |118 NORTH MAIN STREET |61.jpg
114|118 NORTH MAIN STREET |118 NORTH MAIN STREET |62.jpg
115|112 NORTH MAIN STREET|112 NORTH MAIN STREET|03.jpg
115|112 NORTH MAIN STREET|112 NORTH MAIN STREET|72.jpg
115|112 NORTH MAIN STREET|112 NORTH MAIN STREET|73.jpg
116|106 NORTH MAIN STREET|106 NORTH MAIN STREET|33.jpg
116|106 NORTH MAIN STREET|106 NORTH MAIN STREET|34.jpg
117|102 NORTH MAIN STREET|102 NORTH MAIN STREET|88.jpg
117|102 NORTH MAIN STREET|102 NORTH MAIN STREET|89.jpg
118|98 NORTH MAIN STREET|98 NORTH MAIN STREET|31.jpg
118|98 NORTH MAIN STREET|98 NORTH MAIN STREET|32.jpg
119|94 NORTH MAIN STREET|94 NORTH MAIN STREET|69.jpg
119|94 NORTH MAIN STREET|94 NORTH MAIN STREET|70.jpg
119|94 NORTH MAIN STREET|94 NORTH MAIN STREET|71.jpg
119|94 NORTH MAIN STREET|94 NORTH MAIN STREET|13.jpg
120|86 NORTH MAIN STREET|86 NORTH MAIN STREET|85.jpg
120|86 NORTH MAIN STREET|86 NORTH MAIN STREET|86.jpg
120|86 NORTH MAIN STREET|86 NORTH MAIN STREET|87.jpg
121|82 NORTH MAIN STREET |82 NORTH MAIN STREET |30.jpg
121|82 NORTH MAIN STREET |82 NORTH MAIN STREET |52.jpg
121|82 NORTH MAIN STREET |82 NORTH MAIN STREET |67.jpg
121|82 NORTH MAIN STREET |82 NORTH MAIN STREET |68.jpg
122|32 STILLWATER HEIGHTS |32 STILLWATER HEIGHTS |65.jpg
122|32 STILLWATER HEIGHTS |32 STILLWATER HEIGHTS |STI32.JPG
122|32 STILLWATER HEIGHTS |32 STILLWATER HEIGHTS |50.jpg
122|32 STILLWATER HEIGHTS |32 STILLWATER HEIGHTS |51.jpg
123|28 STILLWATER HEIGHTS |28 STILLWATER HEIGHTS |21.jpg
123|28 STILLWATER HEIGHTS |28 STILLWATER HEIGHTS |22.jpg
124|24 STILLWATER HEIGHTS |24 STILLWATER HEIGHTS |44.jpg
124|24 STILLWATER HEIGHTS |24 STILLWATER HEIGHTS |45.jpg
131|334 STERLING STREET  A1 |334 STERLING STREET  A1 |54.jpg
131|334 STERLING STREET  A1 |334 STERLING STREET  A1 |55.jpg
131|334 STERLING STREET  A1 |334 STERLING STREET  A1 |STE334-A1.JPG
131|334 STERLING STREET  A1 |334 STERLING STREET  A1 |STE334BB.JPG
132|334 STERLING STREET  A2|334 STERLING STREET  A2|STE334BB.JPG
132|334 STERLING STREET  A2|334 STERLING STREET  A2|STE334-A2.JPG
132|334 STERLING STREET  A2|334 STERLING STREET  A2|03.jpg
132|334 STERLING STREET  A2|334 STERLING STREET  A2|87.jpg
133|334 STERLING STREET  A3|334 STERLING STREET  A3|56.jpg
133|334 STERLING STREET  A3|334 STERLING STREET  A3|57.jpg
133|334 STERLING STREET  A3|334 STERLING STREET  A3|STE334-A3.JPG
133|334 STERLING STREET  A3|334 STERLING STREET  A3|STE334BB.JPG
134|334 STERLING STREET  A4|334 STERLING STREET  A4|STE334-REAR.JPG
134|334 STERLING STREET  A4|334 STERLING STREET  A4|STE334-A4.JPG
134|334 STERLING STREET  A4|334 STERLING STREET  A4|58.jpg
134|334 STERLING STREET  A4|334 STERLING STREET  A4|59.jpg
135|334 STERLING STREET  A5|334 STERLING STREET  A5|60.jpg
135|334 STERLING STREET  A5|334 STERLING STREET  A5|61.jpg
135|334 STERLING STREET  A5|334 STERLING STREET  A5|STE334A5.JPG
135|334 STERLING STREET  A5|334 STERLING STREET  A5|STE334-REAR.JPG
136|334 STERLING STREET  A6|334 STERLING STREET  A6|STE334-REAR.JPG
136|334 STERLING STREET  A6|334 STERLING STREET  A6|STE334-A6.JPG
136|334 STERLING STREET  A6|334 STERLING STREET  A6|62.jpg
136|334 STERLING STREET  A6|334 STERLING STREET  A6|63.jpg
137|334 STERLING STREET  A7|334 STERLING STREET  A7|64.jpg
137|334 STERLING STREET  A7|334 STERLING STREET  A7|65.jpg
137|334 STERLING STREET  A7|334 STERLING STREET  A7|STE334-A7.JPG
137|334 STERLING STREET  A7|334 STERLING STREET  A7|STE334-REAR.JPG
138|334 STERLING STREET  A8|334 STERLING STREET  A8|STE334-A8.JPG
138|334 STERLING STREET  A8|334 STERLING STREET  A8|STE334-REAR.JPG
138|334 STERLING STREET  A8|334 STERLING STREET  A8|66.jpg
138|334 STERLING STREET  A8|334 STERLING STREET  A8|67.jpg
139|330 STERLING STREET  B1|330 STERLING STREET  B1|34.jpg
139|330 STERLING STREET  B1|330 STERLING STREET  B1|35.jpg
139|330 STERLING STREET  B1|330 STERLING STREET  B1|STE330-B1.JPG
139|330 STERLING STREET  B1|330 STERLING STREET  B1|STE330REARB.JPG
140|330 STERLING STREET  B2|330 STERLING STREET  B2|STE330-B2.JPG
140|330 STERLING STREET  B2|330 STERLING STREET  B2|STE330REARB.JPG
140|330 STERLING STREET  B2|330 STERLING STREET  B2|36.jpg
140|330 STERLING STREET  B2|330 STERLING STREET  B2|37.jpg
141|330 STERLING STREET  B3|330 STERLING STREET  B3|38.jpg
141|330 STERLING STREET  B3|330 STERLING STREET  B3|39.jpg
141|330 STERLING STREET  B3|330 STERLING STREET  B3|STE330-B3.JPG
141|330 STERLING STREET  B3|330 STERLING STREET  B3|STE330REARB.JPG
142|330 STERLING STREET  B4|330 STERLING STREET  B4|STE330-B4.JPG
142|330 STERLING STREET  B4|330 STERLING STREET  B4|STE330REARB.JPG
142|330 STERLING STREET  B4|330 STERLING STREET  B4|40.jpg
142|330 STERLING STREET  B4|330 STERLING STREET  B4|41.jpg
143|330 STERLING STREET  B5|330 STERLING STREET  B5|42.jpg
143|330 STERLING STREET  B5|330 STERLING STREET  B5|43.jpg
143|330 STERLING STREET  B5|330 STERLING STREET  B5|STE330-B5.JPG
143|330 STERLING STREET  B5|330 STERLING STREET  B5|STE330REAR.JPG
144|330 STERLING STREET  B6 |330 STERLING STREET  B6 |STE330-B6.JPG
144|330 STERLING STREET  B6 |330 STERLING STREET  B6 |STE330REAR.JPG
144|330 STERLING STREET  B6 |330 STERLING STREET  B6 |44.jpg
144|330 STERLING STREET  B6 |330 STERLING STREET  B6 |45.jpg
145|330 STERLING STREET  B7|330 STERLING STREET  B7|46.jpg
145|330 STERLING STREET  B7|330 STERLING STREET  B7|47.jpg
145|330 STERLING STREET  B7|330 STERLING STREET  B7|STE330-B7.JPG
145|330 STERLING STREET  B7|330 STERLING STREET  B7|STE330REAR.JPG
146|330 STERLING STREET  B8 |330 STERLING STREET  B8 |STE330-B8.JPG
146|330 STERLING STREET  B8 |330 STERLING STREET  B8 |STE330REAR.JPG
146|330 STERLING STREET  B8 |330 STERLING STREET  B8 |48.jpg
146|330 STERLING STREET  B8 |330 STERLING STREET  B8 |49.jpg
147|330 STERLING STREET  B9|330 STERLING STREET  B9|50.jpg
147|330 STERLING STREET  B9|330 STERLING STREET  B9|51.jpg
147|330 STERLING STREET  B9|330 STERLING STREET  B9|STE330-B9.JPG
147|330 STERLING STREET  B9|330 STERLING STREET  B9|STE330REAR.JPG
148|330 STERLING STREET  B10|330 STERLING STREET  B10|STE330-B10.JPG
148|330 STERLING STREET  B10|330 STERLING STREET  B10|STE330REAR.JPG
148|330 STERLING STREET  B10|330 STERLING STREET  B10|52.jpg
148|330 STERLING STREET  B10|330 STERLING STREET  B10|53.jpg
149|326 STERLING STREET C1|326 STERLING STREET C1|26.jpg
149|326 STERLING STREET C1|326 STERLING STREET C1|27.jpg
150|326 STERLING STREET C2|326 STERLING STREET C2|66.jpg
150|326 STERLING STREET C2|326 STERLING STREET C2|STE326-C2.JPG
150|326 STERLING STREET C2|326 STERLING STREET C2|STE326REAR.JPG
151|326 STERLING STREET  C3 |326 STERLING STREET  C3 |STE326-C3.JPG
151|326 STERLING STREET  C3 |326 STERLING STREET  C3 |STE326REAR.JPG
151|326 STERLING STREET  C3 |326 STERLING STREET  C3 |83.jpg
151|326 STERLING STREET  C3 |326 STERLING STREET  C3 |84.jpg
152|326 STERLING STREET UNIT #C-4|326 STERLING STREET UNIT #C-4|28.jpg
152|326 STERLING STREET UNIT #C-4|326 STERLING STREET UNIT #C-4|29.jpg
152|326 STERLING STREET UNIT #C-4|326 STERLING STREET UNIT #C-4|STE326-C4.JPG
152|326 STERLING STREET UNIT #C-4|326 STERLING STREET UNIT #C-4|STE326REAR.JPG
152|326 STERLING STREET UNIT #C-4|326 STERLING STREET UNIT #C-4|STE326.JPG
153|326 STERLING STREET  C5|326 STERLING STREET  C5|STE326-C5.JPG
153|326 STERLING STREET  C5|326 STERLING STREET  C5|STE326REAR.JPG
153|326 STERLING STREET  C5|326 STERLING STREET  C5|85.jpg
153|326 STERLING STREET  C5|326 STERLING STREET  C5|86.jpg
154|326 STERLING STREET  C6|326 STERLING STREET  C6|87.jpg
154|326 STERLING STREET  C6|326 STERLING STREET  C6|88.jpg
154|326 STERLING STREET  C6|326 STERLING STREET  C6|STE326-C6.JPG
154|326 STERLING STREET  C6|326 STERLING STREET  C6|STE326REAR.JPG
155|326 STERLING STREET C7|326 STERLING STREET C7|STE326-C7.JPG
155|326 STERLING STREET C7|326 STERLING STREET C7|STE326REAR.JPG
155|326 STERLING STREET C7|326 STERLING STREET C7|14.jpg
156|326 STERLING STREET  C8 |326 STERLING STREET  C8 |89.jpg
156|326 STERLING STREET  C8 |326 STERLING STREET  C8 |90.jpg
156|326 STERLING STREET  C8 |326 STERLING STREET  C8 |STE326-C8.JPG
156|326 STERLING STREET  C8 |326 STERLING STREET  C8 |326stc.jpg
157|326 STERLING STREET C9 |326 STERLING STREET C9 |STE326-C9.JPG
157|326 STERLING STREET C9 |326 STERLING STREET C9 |30.jpg
157|326 STERLING STREET C9 |326 STERLING STREET C9 |31.jpg
158|326 STERLING STREET  C10|326 STERLING STREET  C10|91.jpg
158|326 STERLING STREET  C10|326 STERLING STREET  C10|92.jpg
158|326 STERLING STREET  C10|326 STERLING STREET  C10|STE326-C10.JPG
159|326 STERLING STREET C11|326 STERLING STREET C11|STE326-C11.JPG
159|326 STERLING STREET C11|326 STERLING STREET C11|STE326REAR.JPG
159|326 STERLING STREET C11|326 STERLING STREET C11|32.jpg
159|326 STERLING STREET C11|326 STERLING STREET C11|33.jpg
160|322 STERLING STREET D1 |322 STERLING STREET D1 |06.jpg
160|322 STERLING STREET D1 |322 STERLING STREET D1 |07.jpg
160|322 STERLING STREET D1 |322 STERLING STREET D1 |STE322-D1.JPG
161|322 STERLING STREET D2|322 STERLING STREET D2|STE322-D2.JPG
161|322 STERLING STREET D2|322 STERLING STREET D2|08.jpg
161|322 STERLING STREET D2|322 STERLING STREET D2|09.jpg
162|322 STERLING STREET D3|322 STERLING STREET D3|10.jpg
162|322 STERLING STREET D3|322 STERLING STREET D3|11.jpg
162|322 STERLING STREET D3|322 STERLING STREET D3|STE322-D3.JPG
163|322 STERLING STREET D4 |322 STERLING STREET D4 |STE322-D4.JPG
163|322 STERLING STREET D4 |322 STERLING STREET D4 |12.jpg
163|322 STERLING STREET D4 |322 STERLING STREET D4 |13.jpg
164|322 STERLING STREET D5|322 STERLING STREET D5|14.jpg
164|322 STERLING STREET D5|322 STERLING STREET D5|15.jpg
164|322 STERLING STREET D5|322 STERLING STREET D5|STE322-D5.JPG
165|322 STERLING STREET D6|322 STERLING STREET D6|STE322-D6.JPG
165|322 STERLING STREET D6|322 STERLING STREET D6|16.jpg
165|322 STERLING STREET D6|322 STERLING STREET D6|17.jpg
166|322 STERLING STREET  D7|322 STERLING STREET  D7|18.jpg
166|322 STERLING STREET  D7|322 STERLING STREET  D7|19.jpg
166|322 STERLING STREET  D7|322 STERLING STREET  D7|STE322-D7.JPG
166|322 STERLING STREET  D7|322 STERLING STREET  D7|STE322REARBB.JPG
167|322 STERLING STREET  D8 |322 STERLING STREET  D8 |STE322-D8.JPG
167|322 STERLING STREET  D8 |322 STERLING STREET  D8 |STE322REARBB.JPG
167|322 STERLING STREET  D8 |322 STERLING STREET  D8 |20.jpg
167|322 STERLING STREET  D8 |322 STERLING STREET  D8 |21.jpg
168|322 STERLING STREET D9|322 STERLING STREET D9|22.jpg
168|322 STERLING STREET D9|322 STERLING STREET D9|23.jpg
168|322 STERLING STREET D9|322 STERLING STREET D9|STE322-D9.JPG
168|322 STERLING STREET D9|322 STERLING STREET D9|STE322REARBB.JPG
169|322 STERLING STREET D10|322 STERLING STREET D10|STE322-D10.JPG
169|322 STERLING STREET D10|322 STERLING STREET D10|STE322REARBB.JPG
169|322 STERLING STREET D10|322 STERLING STREET D10|24.jpg
169|322 STERLING STREET D10|322 STERLING STREET D10|25.jpg
170|322 STERLING STREET  D11 |322 STERLING STREET  D11 |81.jpg
170|322 STERLING STREET  D11 |322 STERLING STREET  D11 |82.jpg
170|322 STERLING STREET  D11 |322 STERLING STREET  D11 |STE322-D11A.JPG
170|322 STERLING STREET  D11 |322 STERLING STREET  D11 |STE322REARBB.JPG
171|318 STERLING STREET E1|318 STERLING STREET E1|STE318-E1.JPG
171|318 STERLING STREET E1|318 STERLING STREET E1|93.jpg
171|318 STERLING STREET E1|318 STERLING STREET E1|94.jpg
172|318 STERLING STREET   E2 |318 STERLING STREET   E2 |STE318-E2.JPG
172|318 STERLING STREET   E2 |318 STERLING STREET   E2 |sm.jpg
173|318 STERLING STREET   E3|318 STERLING STREET   E3|STE318-E3.JPG
173|318 STERLING STREET   E3|318 STERLING STREET   E3|73.jpg
173|318 STERLING STREET   E3|318 STERLING STREET   E3|74.jpg
174|318 STERLING STREET   E4|318 STERLING STREET   E4|75.jpg
174|318 STERLING STREET   E4|318 STERLING STREET   E4|76.jpg
174|318 STERLING STREET   E4|318 STERLING STREET   E4|STE318-E4.JPG
175|318 STERLING STREET  E5 |318 STERLING STREET  E5 |STE318-E5.JPG
175|318 STERLING STREET  E5 |318 STERLING STREET  E5 |95.jpg
175|318 STERLING STREET  E5 |318 STERLING STREET  E5 |96.jpg
176|318 STERLING STREET   E6|318 STERLING STREET   E6|77.jpg
176|318 STERLING STREET   E6|318 STERLING STREET   E6|78.jpg
176|318 STERLING STREET   E6|318 STERLING STREET   E6|STE318-E6.JPG
177|318 STERLING STREET  E7|318 STERLING STREET  E7|STE318-E7.JPG
177|318 STERLING STREET  E7|318 STERLING STREET  E7|48.jpg
178|318 STERLING STREET   E8|318 STERLING STREET   E8|79.jpg
178|318 STERLING STREET   E8|318 STERLING STREET   E8|80.jpg
178|318 STERLING STREET   E8|318 STERLING STREET   E8|STE318-E8.JPG
179|318 STERLING STREET  E9 |318 STERLING STREET  E9 |STE318-E9.JPG
179|318 STERLING STREET  E9 |318 STERLING STREET  E9 |97.jpg
179|318 STERLING STREET  E9 |318 STERLING STREET  E9 |98.jpg
180|318 STERLING STREET E10 |318 STERLING STREET E10 |00.jpg
180|318 STERLING STREET E10 |318 STERLING STREET E10 |01.jpg
180|318 STERLING STREET E10 |318 STERLING STREET E10 |STE318-E10.JPG
180|318 STERLING STREET E10 |318 STERLING STREET E10 |326str10.jpg
181|318 STERLING STREET E11|318 STERLING STREET E11|STE318-E11.JPG
181|318 STERLING STREET E11|318 STERLING STREET E11|02.jpg
181|318 STERLING STREET E11|318 STERLING STREET E11|03.jpg
182|318 STERLING STREET E12 ST |318 STERLING STREET E12 ST |04.jpg
182|318 STERLING STREET E12 ST |318 STERLING STREET E12 ST |05.jpg
182|318 STERLING STREET E12 ST |318 STERLING STREET E12 ST |photo.jpg
184|147 FAIRBANKS STREET |147 FAIRBANKS STREET |23.jpg
184|147 FAIRBANKS STREET |147 FAIRBANKS STREET |24.jpg
184|147 FAIRBANKS STREET |147 FAIRBANKS STREET |66.jpg
184|147 FAIRBANKS STREET |147 FAIRBANKS STREET |68.jpg
185|155 FAIRBANKS STREET|155 FAIRBANKS STREET|82.jpg
185|155 FAIRBANKS STREET|155 FAIRBANKS STREET|84.jpg
185|155 FAIRBANKS STREET|155 FAIRBANKS STREET|22.jpg
185|155 FAIRBANKS STREET|155 FAIRBANKS STREET|FAI155C.JPG
185|155 FAIRBANKS STREET|155 FAIRBANKS STREET|FAI155.JPG
187|183 FAIRBANKS STREET |183 FAIRBANKS STREET |40.jpg
187|183 FAIRBANKS STREET |183 FAIRBANKS STREET |41.jpg
187|183 FAIRBANKS STREET |183 FAIRBANKS STREET |71.jpg
187|183 FAIRBANKS STREET |183 FAIRBANKS STREET |72.jpg
188|181 FAIRBANKS STREET |181 FAIRBANKS STREET |73.jpg
188|181 FAIRBANKS STREET |181 FAIRBANKS STREET |49.jpg
188|181 FAIRBANKS STREET |181 FAIRBANKS STREET |50.jpg
189|187 FAIRBANKS STREET |187 FAIRBANKS STREET |69.jpg
189|187 FAIRBANKS STREET |187 FAIRBANKS STREET |19.jpg
189|187 FAIRBANKS STREET |187 FAIRBANKS STREET |20.jpg
190|193 FAIRBANKS STREET|193 FAIRBANKS STREET|17.jpg
190|193 FAIRBANKS STREET|193 FAIRBANKS STREET|18.jpg
190|193 FAIRBANKS STREET|193 FAIRBANKS STREET|15.jpg
191|199 FAIRBANKS STREET |199 FAIRBANKS STREET |16.jpg
191|199 FAIRBANKS STREET |199 FAIRBANKS STREET |67.jpg
192|205 FAIRBANKS STREET |205 FAIRBANKS STREET |13.jpg
192|205 FAIRBANKS STREET |205 FAIRBANKS STREET |14.jpg
193|211 FAIRBANKS STREET|211 FAIRBANKS STREET|11.jpg
193|211 FAIRBANKS STREET|211 FAIRBANKS STREET|12.jpg
193|211 FAIRBANKS STREET|211 FAIRBANKS STREET|06.jpg
194|215 FAIRBANKS STREET|215 FAIRBANKS STREET|04.jpg
194|215 FAIRBANKS STREET|215 FAIRBANKS STREET|09.jpg
194|215 FAIRBANKS STREET|215 FAIRBANKS STREET|10.jpg
195|221 FAIRBANKS STREET |221 FAIRBANKS STREET |07.jpg
195|221 FAIRBANKS STREET |221 FAIRBANKS STREET |08.jpg
195|221 FAIRBANKS STREET |221 FAIRBANKS STREET |95.jpg
196|227 FAIRBANKS STREET |227 FAIRBANKS STREET |93.jpg
196|227 FAIRBANKS STREET |227 FAIRBANKS STREET |48.jpg
196|227 FAIRBANKS STREET |227 FAIRBANKS STREET |IMG_0007.JPG
200|220 FAIRBANKS STREET |220 FAIRBANKS STREET |FAI220B.JPG
200|220 FAIRBANKS STREET |220 FAIRBANKS STREET |FAI220A.JPG
200|220 FAIRBANKS STREET |220 FAIRBANKS STREET |47.jpg
200|220 FAIRBANKS STREET |220 FAIRBANKS STREET |48.jpg
200|220 FAIRBANKS STREET |220 FAIRBANKS STREET |49.jpg
201|212 FAIRBANKS STREET|212 FAIRBANKS STREET|43.jpg
201|212 FAIRBANKS STREET|212 FAIRBANKS STREET|44.jpg
203|200 FAIRBANKS STREET|200 FAIRBANKS STREET|41.jpg
203|200 FAIRBANKS STREET|200 FAIRBANKS STREET|42.jpg
204|180 FAIRBANKS STREET|180 FAIRBANKS STREET|39.jpg
204|180 FAIRBANKS STREET|180 FAIRBANKS STREET|40.jpg
205|166 FAIRBANKS STREET|166 FAIRBANKS STREET|37.jpg
205|166 FAIRBANKS STREET|166 FAIRBANKS STREET|38.jpg
206|164 FAIRBANKS STREET|164 FAIRBANKS STREET|35.jpg
206|164 FAIRBANKS STREET|164 FAIRBANKS STREET|36.jpg
207|150 FAIRBANKS STREET|150 FAIRBANKS STREET|32.jpg
207|150 FAIRBANKS STREET|150 FAIRBANKS STREET|33.jpg
207|150 FAIRBANKS STREET|150 FAIRBANKS STREET|34.jpg
209|136 FAIRBANKS STREET |136 FAIRBANKS STREET |63.jpg
209|136 FAIRBANKS STREET |136 FAIRBANKS STREET |28.jpg
209|136 FAIRBANKS STREET |136 FAIRBANKS STREET |29.jpg
214|55 CAMPGROUND ROAD |55 CAMPGROUND ROAD |21.jpg
214|55 CAMPGROUND ROAD |55 CAMPGROUND ROAD |64.jpg
221|70 CAMPGROUND ROAD|70 CAMPGROUND ROAD|95.jpg
221|70 CAMPGROUND ROAD|70 CAMPGROUND ROAD|18.jpg
222|62 CAMPGROUND ROAD |62 CAMPGROUND ROAD |61.jpg
222|62 CAMPGROUND ROAD |62 CAMPGROUND ROAD |62.jpg
222|62 CAMPGROUND ROAD |62 CAMPGROUND ROAD |93.jpg
223|403 LANCASTER STREET|403 LANCASTER STREET|98.jpg
223|403 LANCASTER STREET|403 LANCASTER STREET|51.jpg
224|407 LANCASTER STREET|407 LANCASTER STREET|03.jpg
224|407 LANCASTER STREET|407 LANCASTER STREET|04.jpg
225|411 LANCASTER STREET|411 LANCASTER STREET|01.jpg
225|411 LANCASTER STREET|411 LANCASTER STREET|53.jpg
225|411 LANCASTER STREET|411 LANCASTER STREET|54.jpg
226|415 LANCASTER STREET|415 LANCASTER STREET|05.jpg
226|415 LANCASTER STREET|415 LANCASTER STREET|48.jpg
226|415 LANCASTER STREET|415 LANCASTER STREET|49.jpg
227|435 LANCASTER STREET|435 LANCASTER STREET|46.jpg
227|435 LANCASTER STREET|435 LANCASTER STREET|47.jpg
227|435 LANCASTER STREET|435 LANCASTER STREET|LAN435.jpg
228|439 LANCASTER STREET|439 LANCASTER STREET|44.jpg
228|439 LANCASTER STREET|439 LANCASTER STREET|45.jpg
230|404 LANCASTER STREET|404 LANCASTER STREET|86.jpg
230|404 LANCASTER STREET|404 LANCASTER STREET|87.jpg
230|404 LANCASTER STREET|404 LANCASTER STREET|50.jpg
230|404 LANCASTER STREET|404 LANCASTER STREET|47.jpg
232|337 LANCASTER STREET |337 LANCASTER STREET |78.jpg
232|337 LANCASTER STREET |337 LANCASTER STREET |86.jpg
232|337 LANCASTER STREET |337 LANCASTER STREET |87.jpg
232|337 LANCASTER STREET |337 LANCASTER STREET |88.jpg
234|351 LANCASTER STREET|351 LANCASTER STREET|51.jpg
234|351 LANCASTER STREET|351 LANCASTER STREET|52.jpg
235|1 CAMPGROUND ROAD |1 CAMPGROUND ROAD |75.jpg
235|1 CAMPGROUND ROAD |1 CAMPGROUND ROAD |76.jpg
235|1 CAMPGROUND ROAD |1 CAMPGROUND ROAD |CAM1.JPG
236|11 CAMPGROUND ROAD |11 CAMPGROUND ROAD |73.jpg
236|11 CAMPGROUND ROAD |11 CAMPGROUND ROAD |74.jpg
237|17 CAMPGROUND ROAD |17 CAMPGROUND ROAD |71.jpg
237|17 CAMPGROUND ROAD |17 CAMPGROUND ROAD |72.jpg
237|17 CAMPGROUND ROAD |17 CAMPGROUND ROAD |67.jpg
237|17 CAMPGROUND ROAD |17 CAMPGROUND ROAD |68.jpg
239|37 CAMPGROUND ROAD |37 CAMPGROUND ROAD |73.jpg
239|37 CAMPGROUND ROAD |37 CAMPGROUND ROAD |69.jpg
239|37 CAMPGROUND ROAD |37 CAMPGROUND ROAD |70.jpg
240|41 CAMPGROUND ROAD |41 CAMPGROUND ROAD |67.jpg
240|41 CAMPGROUND ROAD |41 CAMPGROUND ROAD |68.jpg
240|41 CAMPGROUND ROAD |41 CAMPGROUND ROAD |CAM41BB.JPG
240|41 CAMPGROUND ROAD |41 CAMPGROUND ROAD |CAM41A.JPG
242|43 CAMPGROUND ROAD |43 CAMPGROUND ROAD |65.jpg
242|43 CAMPGROUND ROAD |43 CAMPGROUND ROAD |66.jpg
243|47 CAMPGROUND ROAD|47 CAMPGROUND ROAD|83.jpg
243|47 CAMPGROUND ROAD|47 CAMPGROUND ROAD|84.jpg
243|47 CAMPGROUND ROAD|47 CAMPGROUND ROAD|43.jpg
243|47 CAMPGROUND ROAD|47 CAMPGROUND ROAD|44.jpg
243|47 CAMPGROUND ROAD|47 CAMPGROUND ROAD|CAM47A.JPG
243|47 CAMPGROUND ROAD|47 CAMPGROUND ROAD|CAM47C.JPG
245|4 BUTTERCUP LANE |4 BUTTERCUP LANE |66.jpg
245|4 BUTTERCUP LANE |4 BUTTERCUP LANE |67.jpg
247|54 CAMPGROUND ROAD|54 CAMPGROUND ROAD|63.jpg
247|54 CAMPGROUND ROAD|54 CAMPGROUND ROAD|64.jpg
247|54 CAMPGROUND ROAD|54 CAMPGROUND ROAD|43.jpg
247|54 CAMPGROUND ROAD|54 CAMPGROUND ROAD|44.jpg
249|49 CAMPGROUND ROAD|49 CAMPGROUND ROAD|85.jpg
249|49 CAMPGROUND ROAD|49 CAMPGROUND ROAD|86.jpg
249|49 CAMPGROUND ROAD|49 CAMPGROUND ROAD|82.jpg
249|49 CAMPGROUND ROAD|49 CAMPGROUND ROAD|83.jpg
250|52 CAMPGROUND ROAD|52 CAMPGROUND ROAD|80.jpg
250|52 CAMPGROUND ROAD|52 CAMPGROUND ROAD|81.jpg
250|52 CAMPGROUND ROAD|52 CAMPGROUND ROAD|90.jpg
250|52 CAMPGROUND ROAD|52 CAMPGROUND ROAD|91.jpg
251|50 CAMPGROUND ROAD|50 CAMPGROUND ROAD|10.jpg
251|50 CAMPGROUND ROAD|50 CAMPGROUND ROAD|59.jpg
251|50 CAMPGROUND ROAD|50 CAMPGROUND ROAD|60.jpg
252|44 CAMPGROUND ROAD |44 CAMPGROUND ROAD |57.jpg
252|44 CAMPGROUND ROAD |44 CAMPGROUND ROAD |58.jpg
252|44 CAMPGROUND ROAD |44 CAMPGROUND ROAD |82.jpg
253|40 CAMPGROUND ROAD |40 CAMPGROUND ROAD |74.jpg
253|40 CAMPGROUND ROAD |40 CAMPGROUND ROAD |75.jpg
253|40 CAMPGROUND ROAD |40 CAMPGROUND ROAD |75.jpg
253|40 CAMPGROUND ROAD |40 CAMPGROUND ROAD |76.jpg
253|40 CAMPGROUND ROAD |40 CAMPGROUND ROAD |77.jpg
253|40 CAMPGROUND ROAD |40 CAMPGROUND ROAD |CAM40A.JPG
254|30 CAMPGROUND ROAD |30 CAMPGROUND ROAD |69.jpg
254|30 CAMPGROUND ROAD |30 CAMPGROUND ROAD |56.jpg
256|357 LANCASTER STREET|357 LANCASTER STREET|68.jpg
256|357 LANCASTER STREET|357 LANCASTER STREET|69.jpg
256|357 LANCASTER STREET|357 LANCASTER STREET|70.jpg
256|357 LANCASTER STREET|357 LANCASTER STREET|44.jpg
257|371 LANCASTER STREET #1|371 LANCASTER STREET #1|32.jpg
257|371 LANCASTER STREET #1|371 LANCASTER STREET #1|33.jpg
257|371 LANCASTER STREET #1|371 LANCASTER STREET #1|LAN371 1.jpg
258|371 LANCASTER STREET #2|371 LANCASTER STREET #2|LAN371 2.jpg
258|371 LANCASTER STREET #2|371 LANCASTER STREET #2|LAN371 AAAAAAA.jpg
258|371 LANCASTER STREET #2|371 LANCASTER STREET #2|LAN371 A.JPG
258|371 LANCASTER STREET #2|371 LANCASTER STREET #2|34.jpg
258|371 LANCASTER STREET #2|371 LANCASTER STREET #2|35.jpg
259|371 LANCASTER STREET #3|371 LANCASTER STREET #3|36.jpg
259|371 LANCASTER STREET #3|371 LANCASTER STREET #3|37.jpg
259|371 LANCASTER STREET #3|371 LANCASTER STREET #3|LAN371 3.jpg
260|371 LANCASTER STREET #4|371 LANCASTER STREET #4|LAN371 4.jpg
260|371 LANCASTER STREET #4|371 LANCASTER STREET #4|38.jpg
260|371 LANCASTER STREET #4|371 LANCASTER STREET #4|39.jpg
261|371 LANCASTER STREET #5|371 LANCASTER STREET #5|41.jpg
261|371 LANCASTER STREET #5|371 LANCASTER STREET #5|71.jpg
261|371 LANCASTER STREET #5|371 LANCASTER STREET #5|LAN371 5.jpg
261|371 LANCASTER STREET #5|371 LANCASTER STREET #5|LAN371 A.JPG
261|371 LANCASTER STREET #5|371 LANCASTER STREET #5|LAN371 AA.JPG
262|371 LANCASTER STREET #6|371 LANCASTER STREET #6|LAN371 6.jpg
262|371 LANCASTER STREET #6|371 LANCASTER STREET #6|LAN371 A.JPG
262|371 LANCASTER STREET #6|371 LANCASTER STREET #6|LAN371 AA.JPG
262|371 LANCASTER STREET #6|371 LANCASTER STREET #6|42.jpg
262|371 LANCASTER STREET #6|371 LANCASTER STREET #6|43.jpg
263|371 LANCASTER STREET #7|371 LANCASTER STREET #7|44.jpg
263|371 LANCASTER STREET #7|371 LANCASTER STREET #7|45.jpg
263|371 LANCASTER STREET #7|371 LANCASTER STREET #7|LAN371 7.jpg
263|371 LANCASTER STREET #7|371 LANCASTER STREET #7|LAN371 A.JPG
263|371 LANCASTER STREET #7|371 LANCASTER STREET #7|LAN371 AA.JPG
264|371 LANCASTER STREET #8|371 LANCASTER STREET #8|LAN371 8.jpg
264|371 LANCASTER STREET #8|371 LANCASTER STREET #8|LAN371 A.JPG
264|371 LANCASTER STREET #8|371 LANCASTER STREET #8|LAN371 AA.JPG
264|371 LANCASTER STREET #8|371 LANCASTER STREET #8|46.jpg
264|371 LANCASTER STREET #8|371 LANCASTER STREET #8|47.jpg
265|371 LANCASTER STREET #9|371 LANCASTER STREET #9|48.jpg
265|371 LANCASTER STREET #9|371 LANCASTER STREET #9|49.jpg
265|371 LANCASTER STREET #9|371 LANCASTER STREET #9|LAN371 9.jpg
265|371 LANCASTER STREET #9|371 LANCASTER STREET #9|LAN371 A.JPG
265|371 LANCASTER STREET #9|371 LANCASTER STREET #9|LAN371 AA.JPG
266|371 LANCASTER STREET #10|371 LANCASTER STREET #10|LAN371 10.jpg
266|371 LANCASTER STREET #10|371 LANCASTER STREET #10|LAN371 A.JPG
266|371 LANCASTER STREET #10|371 LANCASTER STREET #10|LAN371 AA.JPG
266|371 LANCASTER STREET #10|371 LANCASTER STREET #10|50.jpg
266|371 LANCASTER STREET #10|371 LANCASTER STREET #10|51.jpg
267|371 LANCASTER STREET #11|371 LANCASTER STREET #11|68.jpg
267|371 LANCASTER STREET #11|371 LANCASTER STREET #11|LAN371 11.jpg
267|371 LANCASTER STREET #11|371 LANCASTER STREET #11|LAN371 A.JPG
267|371 LANCASTER STREET #11|371 LANCASTER STREET #11|LAN371 AA.JPG
268|371 LANCASTER STREET #12|371 LANCASTER STREET #12|LAN371 12.jpg
268|371 LANCASTER STREET #12|371 LANCASTER STREET #12|LAN371 A.JPG
268|371 LANCASTER STREET #12|371 LANCASTER STREET #12|LAN371 AA.JPG
268|371 LANCASTER STREET #12|371 LANCASTER STREET #12|52.jpg
268|371 LANCASTER STREET #12|371 LANCASTER STREET #12|53.jpg
269|385 LANCASTER STREET |385 LANCASTER STREET |90.jpg
269|385 LANCASTER STREET |385 LANCASTER STREET |91.jpg
269|385 LANCASTER STREET |385 LANCASTER STREET |IMG_0159.JPG
269|385 LANCASTER STREET |385 LANCASTER STREET |71.jpg
269|385 LANCASTER STREET |385 LANCASTER STREET |59.jpg
269|385 LANCASTER STREET |385 LANCASTER STREET |60.jpg
270|393 LANCASTER STREET|393 LANCASTER STREET|57.jpg
270|393 LANCASTER STREET|393 LANCASTER STREET|58.jpg
270|393 LANCASTER STREET|393 LANCASTER STREET|92.jpg
271|395 LANCASTER STREET|395 LANCASTER STREET|55.jpg
271|395 LANCASTER STREET|395 LANCASTER STREET|56.jpg
272|397 LANCASTER STREET|397 LANCASTER STREET|53.jpg
272|397 LANCASTER STREET|397 LANCASTER STREET|54.jpg
272|397 LANCASTER STREET|397 LANCASTER STREET|LAN397.JPG
272|397 LANCASTER STREET|397 LANCASTER STREET|LAN397A.JPG
273|400 LANCASTER STREET|400 LANCASTER STREET|68.jpg
273|400 LANCASTER STREET|400 LANCASTER STREET|69.jpg
278|354 LANCASTER STREET|354 LANCASTER STREET|42.jpg
278|354 LANCASTER STREET|354 LANCASTER STREET|43.jpg
280|55 FAIRBANKS STREET|55 FAIRBANKS STREET|26.jpg
280|55 FAIRBANKS STREET|55 FAIRBANKS STREET|52.jpg
280|55 FAIRBANKS STREET|55 FAIRBANKS STREET|53.jpg
285|130 FAIRBANKS STREET|130 FAIRBANKS STREET|61.jpg
285|130 FAIRBANKS STREET|130 FAIRBANKS STREET|26.jpg
285|130 FAIRBANKS STREET|130 FAIRBANKS STREET|27.jpg
286|98 FAIRBANKS STREET |98 FAIRBANKS STREET |24.jpg
286|98 FAIRBANKS STREET |98 FAIRBANKS STREET |25.jpg
287|90 FAIRBANKS STREET|90 FAIRBANKS STREET|22.jpg
287|90 FAIRBANKS STREET|90 FAIRBANKS STREET|23.jpg
288|66 FAIRBANKS STREET |66 FAIRBANKS STREET |20.jpg
288|66 FAIRBANKS STREET |66 FAIRBANKS STREET |21.jpg
290|163 PRESCOTT STREET|163 PRESCOTT STREET|163 prescott-c.JPG
290|163 PRESCOTT STREET|163 PRESCOTT STREET|163 prescott-a.JPG
290|163 PRESCOTT STREET|163 PRESCOTT STREET|31.jpg
290|163 PRESCOTT STREET|163 PRESCOTT STREET|32.jpg
290|163 PRESCOTT STREET|163 PRESCOTT STREET|67.jpg
291|169 PRESCOTT STREET|169 PRESCOTT STREET|63.jpg
291|169 PRESCOTT STREET|169 PRESCOTT STREET|64.jpg
292|175 PRESCOTT STREET|175 PRESCOTT STREET|61.jpg
292|175 PRESCOTT STREET|175 PRESCOTT STREET|62.jpg
293|177 PRESCOTT STREET|177 PRESCOTT STREET|59.jpg
293|177 PRESCOTT STREET|177 PRESCOTT STREET|60.jpg
293|177 PRESCOTT STREET|177 PRESCOTT STREET|25.jpg
294|181 PRESCOTT STREET|181 PRESCOTT STREET|00.jpg
294|181 PRESCOTT STREET|181 PRESCOTT STREET|01.jpg
294|181 PRESCOTT STREET|181 PRESCOTT STREET|74.jpg
294|181 PRESCOTT STREET|181 PRESCOTT STREET|75.jpg
295|189 PRESCOTT STREET|189 PRESCOTT STREET|23.jpg
295|189 PRESCOTT STREET|189 PRESCOTT STREET|57.jpg
295|189 PRESCOTT STREET|189 PRESCOTT STREET|58.jpg
295|189 PRESCOTT STREET|189 PRESCOTT STREET|PRE189.JPG
296|197 PRESCOTT STREET|197 PRESCOTT STREET|55.jpg
296|197 PRESCOTT STREET|197 PRESCOTT STREET|56.jpg
296|197 PRESCOTT STREET|197 PRESCOTT STREET|PRE197.jpg
297|199 PRESCOTT STREET|199 PRESCOTT STREET|53.jpg
297|199 PRESCOTT STREET|199 PRESCOTT STREET|54.jpg
299|220 PRESCOTT STREET |220 PRESCOTT STREET |24.jpg
300|212 PRESCOTT STREET|212 PRESCOTT STREET|51.jpg
300|212 PRESCOTT STREET|212 PRESCOTT STREET|52.jpg
301|208 PRESCOTT STREET |208 PRESCOTT STREET |PRE0208A.JPG
301|208 PRESCOTT STREET |208 PRESCOTT STREET |PRE0208A1.JPG
301|208 PRESCOTT STREET |208 PRESCOTT STREET |12.jpg
301|208 PRESCOTT STREET |208 PRESCOTT STREET |35.jpg
301|208 PRESCOTT STREET |208 PRESCOTT STREET |36.jpg
301|208 PRESCOTT STREET |208 PRESCOTT STREET |55.jpg
303|202 PRESCOTT STREET|202 PRESCOTT STREET|49.jpg
303|202 PRESCOTT STREET|202 PRESCOTT STREET|50.jpg
304|194 PRESCOTT STREET |194 PRESCOTT STREET |29.jpg
304|194 PRESCOTT STREET |194 PRESCOTT STREET |30.jpg
305|186 PRESCOTT STREET |186 PRESCOTT STREET |27.jpg
305|186 PRESCOTT STREET |186 PRESCOTT STREET |28.jpg
305|186 PRESCOTT STREET |186 PRESCOTT STREET |04.jpg
306|180 PRESCOTT STREET |180 PRESCOTT STREET |25.jpg
306|180 PRESCOTT STREET |180 PRESCOTT STREET |26.jpg
306|180 PRESCOTT STREET |180 PRESCOTT STREET |180prs.jpg
307|96 WESTERN AVENUE|96 WESTERN AVENUE|83.jpg
307|96 WESTERN AVENUE|96 WESTERN AVENUE|84.jpg
307|96 WESTERN AVENUE|96 WESTERN AVENUE|83.jpg
308|98 WESTERN AVENUE|98 WESTERN AVENUE|81.jpg
308|98 WESTERN AVENUE|98 WESTERN AVENUE|82.jpg
310|176 PRESCOTT STREET|176 PRESCOTT STREET|65.jpg
310|176 PRESCOTT STREET|176 PRESCOTT STREET|66.jpg
311|172 PRESCOTT STREET|172 PRESCOTT STREET|96.jpg
311|172 PRESCOTT STREET|172 PRESCOTT STREET|23.jpg
311|172 PRESCOTT STREET|172 PRESCOTT STREET|24.jpg
312|168 PRESCOTT STREET|168 PRESCOTT STREET|21.jpg
312|168 PRESCOTT STREET|168 PRESCOTT STREET|22.jpg
313|164 PRESCOTT STREET|164 PRESCOTT STREET|92.jpg
313|164 PRESCOTT STREET|164 PRESCOTT STREET|93.jpg
313|164 PRESCOTT STREET|164 PRESCOTT STREET|50.jpg
313|164 PRESCOTT STREET|164 PRESCOTT STREET|51.jpg
314|160 PRESCOTT STREET|160 PRESCOTT STREET|19.jpg
314|160 PRESCOTT STREET|160 PRESCOTT STREET|20.jpg
315|61 HORSESHOE DRIVE|61 HORSESHOE DRIVE|78.jpg
315|61 HORSESHOE DRIVE|61 HORSESHOE DRIVE|HOR61.JPG
315|61 HORSESHOE DRIVE|61 HORSESHOE DRIVE|88.jpg
316|65 HORSESHOE DRIVE|65 HORSESHOE DRIVE|91.jpg
316|65 HORSESHOE DRIVE|65 HORSESHOE DRIVE|92.jpg
317|75 HORSESHOE DRIVE |75 HORSESHOE DRIVE |89.jpg
317|75 HORSESHOE DRIVE |75 HORSESHOE DRIVE |90.jpg
317|75 HORSESHOE DRIVE |75 HORSESHOE DRIVE |06.jpg
317|75 HORSESHOE DRIVE |75 HORSESHOE DRIVE |07.jpg
318|79 HORSESHOE DRIVE|79 HORSESHOE DRIVE|02.jpg
318|79 HORSESHOE DRIVE|79 HORSESHOE DRIVE|03.jpg
319|93 HORSESHOE DRIVE|93 HORSESHOE DRIVE|HOR93B.JPG
319|93 HORSESHOE DRIVE|93 HORSESHOE DRIVE|HOR93.JPG
319|93 HORSESHOE DRIVE|93 HORSESHOE DRIVE|97.jpg
319|93 HORSESHOE DRIVE|93 HORSESHOE DRIVE|98.jpg
319|93 HORSESHOE DRIVE|93 HORSESHOE DRIVE|92.jpg
319|93 HORSESHOE DRIVE|93 HORSESHOE DRIVE|93.jpg
320|88 HORSESHOE DRIVE |88 HORSESHOE DRIVE |90.jpg
320|88 HORSESHOE DRIVE |88 HORSESHOE DRIVE |91.jpg
320|88 HORSESHOE DRIVE |88 HORSESHOE DRIVE |95.jpg
320|88 HORSESHOE DRIVE |88 HORSESHOE DRIVE |96.jpg
321|80 HORSESHOE DRIVE|80 HORSESHOE DRIVE|01.jpg
321|80 HORSESHOE DRIVE|80 HORSESHOE DRIVE|02.jpg
322|76 HORSESHOE DRIVE|76 HORSESHOE DRIVE|98.jpg
322|76 HORSESHOE DRIVE|76 HORSESHOE DRIVE|00.jpg
322|76 HORSESHOE DRIVE|76 HORSESHOE DRIVE|76 horseshoie-a.JPG
323|70 HORSESHOE DRIVE|70 HORSESHOE DRIVE|96.jpg
323|70 HORSESHOE DRIVE|70 HORSESHOE DRIVE|97.jpg
324|66 HORSESHOE DRIVE |66 HORSESHOE DRIVE |94.jpg
324|66 HORSESHOE DRIVE |66 HORSESHOE DRIVE |95.jpg
324|66 HORSESHOE DRIVE |66 HORSESHOE DRIVE |HOR66B.JPG
324|66 HORSESHOE DRIVE |66 HORSESHOE DRIVE |HOR66A.JPG
325|7 BIRCH STREET |7 BIRCH STREET |49.jpg
325|7 BIRCH STREET |7 BIRCH STREET |50.jpg
326|9 BIRCH STREET|9 BIRCH STREET|78.jpg
326|9 BIRCH STREET|9 BIRCH STREET|79.jpg
327|10 BIRCH STREET|10 BIRCH STREET|51.jpg
327|10 BIRCH STREET|10 BIRCH STREET|52.jpg
327|10 BIRCH STREET|10 BIRCH STREET|05.jpg
328|8 BIRCH STREET|8 BIRCH STREET|19.jpg
328|8 BIRCH STREET|8 BIRCH STREET|80.jpg
328|8 BIRCH STREET|8 BIRCH STREET|81.jpg
329|2 BIRCH STREET |2 BIRCH STREET |47.jpg
329|2 BIRCH STREET |2 BIRCH STREET |48.jpg
330|58 HORSESHOE DRIVE |58 HORSESHOE DRIVE |90.jpg
330|58 HORSESHOE DRIVE |58 HORSESHOE DRIVE |76.jpg
330|58 HORSESHOE DRIVE |58 HORSESHOE DRIVE |77.jpg
331|25 WESTERN AVENUE|25 WESTERN AVENUE|31.jpg
331|25 WESTERN AVENUE|25 WESTERN AVENUE|32.jpg
332|27 WESTERN AVENUE|27 WESTERN AVENUE|30.jpg
332|27 WESTERN AVENUE|27 WESTERN AVENUE|58.jpg
333|35 WESTERN AVENUE|35 WESTERN AVENUE|26.jpg
333|35 WESTERN AVENUE|35 WESTERN AVENUE|27.jpg
334|41 WESTERN AVENUE|41 WESTERN AVENUE|70.jpg
334|41 WESTERN AVENUE|41 WESTERN AVENUE|71.jpg
334|41 WESTERN AVENUE|41 WESTERN AVENUE|66.jpg
334|41 WESTERN AVENUE|41 WESTERN AVENUE|67.jpg
335|45 WESTERN AVENUE |45 WESTERN AVENUE |73.jpg
335|45 WESTERN AVENUE |45 WESTERN AVENUE |71.jpg
335|45 WESTERN AVENUE |45 WESTERN AVENUE |72.jpg
336|14 BIRCH STREET |14 BIRCH STREET |BIR14.JPG
336|14 BIRCH STREET |14 BIRCH STREET |74.jpg
336|14 BIRCH STREET |14 BIRCH STREET |90.jpg
336|14 BIRCH STREET |14 BIRCH STREET |91.jpg
337|11 BIRCH STREET|11 BIRCH STREET|54.jpg
337|11 BIRCH STREET|11 BIRCH STREET|17.jpg
338|60 WESTERN AVENUE|60 WESTERN AVENUE|81.jpg
338|60 WESTERN AVENUE|60 WESTERN AVENUE|69.jpg
338|60 WESTERN AVENUE|60 WESTERN AVENUE|70.jpg
339|56 WESTERN AVENUE|56 WESTERN AVENUE|67.jpg
339|56 WESTERN AVENUE|56 WESTERN AVENUE|68.jpg
340|54 WESTERN AVENUE|54 WESTERN AVENUE|66.jpg
340|54 WESTERN AVENUE|54 WESTERN AVENUE|16.jpg
341|50 WESTERN AVENUE|50 WESTERN AVENUE|63.jpg
341|50 WESTERN AVENUE|50 WESTERN AVENUE|64.jpg
342|42 WESTERN AVENUE |42 WESTERN AVENUE |73.jpg
342|42 WESTERN AVENUE |42 WESTERN AVENUE |74.jpg
343|36 WESTERN AVENUE|36 WESTERN AVENUE|12.jpg
343|36 WESTERN AVENUE|36 WESTERN AVENUE|66.jpg
343|36 WESTERN AVENUE|36 WESTERN AVENUE|67.jpg
344|30 WESTERN AVENUE|30 WESTERN AVENUE|28.jpg
344|30 WESTERN AVENUE|30 WESTERN AVENUE|29.jpg
345|28 WESTERN AVENUE |28 WESTERN AVENUE |37.jpg
345|28 WESTERN AVENUE |28 WESTERN AVENUE |38.jpg
346|15 ELM STREET|15 ELM STREET|47.jpg
346|15 ELM STREET|15 ELM STREET|48.jpg
347|21 ELM STREET |21 ELM STREET |51.jpg
347|21 ELM STREET |21 ELM STREET |52.jpg
347|21 ELM STREET |21 ELM STREET |21elm.jpg
348|23 ELM STREET|23 ELM STREET|53.jpg
348|23 ELM STREET|23 ELM STREET|54.jpg
348|23 ELM STREET|23 ELM STREET|29.jpg
349|31 ELM STREET|31 ELM STREET|33.jpg
349|31 ELM STREET|31 ELM STREET|34.jpg
349|31 ELM STREET|31 ELM STREET|42.jpg
349|31 ELM STREET|31 ELM STREET|44.jpg
350|37 ELM STREET|37 ELM STREET|55.jpg
350|37 ELM STREET|37 ELM STREET|56.jpg
351|42 ELM STREET|42 ELM STREET|57.jpg
351|42 ELM STREET|42 ELM STREET|58.jpg
352|40 ELM STREET|40 ELM STREET|59.jpg
352|40 ELM STREET|40 ELM STREET|60.jpg
353|36 ELM STREET |36 ELM STREET |45.jpg
353|36 ELM STREET |36 ELM STREET |46.jpg
354|30 ELM STREET |30 ELM STREET |73.jpg
354|30 ELM STREET |30 ELM STREET |74.jpg
354|30 ELM STREET |30 ELM STREET |35.jpg
355|28 ELM STREET|28 ELM STREET|31.jpg
355|28 ELM STREET|28 ELM STREET|61.jpg
355|28 ELM STREET|28 ELM STREET|62.jpg
356|22 ELM STREET|22 ELM STREET|49.jpg
356|22 ELM STREET|22 ELM STREET|50.jpg
357|18 ELM STREET|18 ELM STREET|23.jpg
357|18 ELM STREET|18 ELM STREET|24.jpg
357|18 ELM STREET|18 ELM STREET|30.jpg
357|18 ELM STREET|18 ELM STREET|31.jpg
358|16 ELM STREET|16 ELM STREET|45.jpg
358|16 ELM STREET|16 ELM STREET|46.jpg
359|14 ELM STREET|14 ELM STREET|43.jpg
359|14 ELM STREET|14 ELM STREET|44.jpg
359|14 ELM STREET|14 ELM STREET|ELM0014B.JPG
360|277 STERLING STREET|277 STERLING STREET|44.jpg
360|277 STERLING STREET|277 STERLING STREET|06.jpg
362|61 STERLING PLACE |61 STERLING PLACE |46.jpg
362|61 STERLING PLACE |61 STERLING PLACE |11.jpg
362|61 STERLING PLACE |61 STERLING PLACE |12.jpg
364|63 STERLING PLACE |63 STERLING PLACE |15.jpg
364|63 STERLING PLACE |63 STERLING PLACE |16.jpg
365|65 STERLING PLACE|65 STERLING PLACE|13.jpg
365|65 STERLING PLACE|65 STERLING PLACE|14.jpg
365|65 STERLING PLACE|65 STERLING PLACE|55.jpg
366|71 STERLING PLACE|71 STERLING PLACE|22.jpg
366|71 STERLING PLACE|71 STERLING PLACE|23.jpg
367|73 STERLING PLACE |73 STERLING PLACE |20.jpg
367|73 STERLING PLACE |73 STERLING PLACE |61.jpg
367|73 STERLING PLACE |73 STERLING PLACE |62.jpg
368|77-79 STERLING PLACE |77-79 STERLING PLACE |63.jpg
368|77-79 STERLING PLACE |77-79 STERLING PLACE |24.jpg
368|77-79 STERLING PLACE |77-79 STERLING PLACE |25.jpg
370|68 STERLING PLACE|68 STERLING PLACE|20.jpg
370|68 STERLING PLACE|68 STERLING PLACE|56.jpg
370|68 STERLING PLACE|68 STERLING PLACE|58.jpg
371|64 STERLING PLACE|64 STERLING PLACE|51.jpg
371|64 STERLING PLACE|64 STERLING PLACE|95.jpg
371|64 STERLING PLACE|64 STERLING PLACE|17.jpg
371|64 STERLING PLACE|64 STERLING PLACE|18.jpg
372|60 STERLING PLACE|60 STERLING PLACE|09.jpg
372|60 STERLING PLACE|60 STERLING PLACE|10.jpg
373|21 REED STREET |21 REED STREET |83.jpg
373|21 REED STREET |21 REED STREET |84.jpg
374|39 WAUSHACUM STREET |39 WAUSHACUM STREET |14.jpg
374|39 WAUSHACUM STREET |39 WAUSHACUM STREET |15.jpg
375|45 WAUSHACUM STREET |45 WAUSHACUM STREET |16.jpg
375|45 WAUSHACUM STREET |45 WAUSHACUM STREET |18.jpg
375|45 WAUSHACUM STREET |45 WAUSHACUM STREET |10.jpg
377|34 WAUSHACUM STREET |34 WAUSHACUM STREET |11.jpg
377|34 WAUSHACUM STREET |34 WAUSHACUM STREET |12.jpg
377|34 WAUSHACUM STREET |34 WAUSHACUM STREET |13.jpg
378|30 NORTH MAIN STREET|30 NORTH MAIN STREET|35.jpg
378|30 NORTH MAIN STREET|30 NORTH MAIN STREET|36.jpg
378|30 NORTH MAIN STREET|30 NORTH MAIN STREET|37.jpg
382|8 MAY STREET|8 MAY STREET|21.jpg
382|8 MAY STREET|8 MAY STREET|51.jpg
383|10 MAY STREET |10 MAY STREET |93.jpg
383|10 MAY STREET |10 MAY STREET |94.jpg
383|10 MAY STREET |10 MAY STREET |54.jpg
383|10 MAY STREET |10 MAY STREET |55.jpg
383|10 MAY STREET |10 MAY STREET |56.jpg
384|14 MAY STREET |14 MAY STREET |49.jpg
385|24 MAY STREET|24 MAY STREET|87.jpg
385|24 MAY STREET|24 MAY STREET|88.jpg
385|24 MAY STREET|24 MAY STREET|24.jpg
386|20 MAY STREET |20 MAY STREET |89.jpg
386|20 MAY STREET |20 MAY STREET |90.jpg
387|18 MAY STREET|18 MAY STREET|04.jpg
387|18 MAY STREET|18 MAY STREET|05.jpg
388|10 GREEN STREET|10 GREEN STREET|01.jpg
388|10 GREEN STREET|10 GREEN STREET|02.jpg
388|10 GREEN STREET|10 GREEN STREET|03.jpg
389|6 GREEN STREET|6 GREEN STREET|77.jpg
389|6 GREEN STREET|6 GREEN STREET|78.jpg
390|11 NORTH MAIN STREET |11 NORTH MAIN STREET |44.jpg
391|15 NORTH MAIN STREET|15 NORTH MAIN STREET|48.jpg
391|15 NORTH MAIN STREET|15 NORTH MAIN STREET|49.jpg
391|15 NORTH MAIN STREET|15 NORTH MAIN STREET|50.jpg
392|23 HIGH STREET|23 HIGH STREET|81.jpg
392|23 HIGH STREET|23 HIGH STREET|82.jpg
393|10 FOSTER STREET |10 FOSTER STREET |82.jpg
393|10 FOSTER STREET |10 FOSTER STREET |83.jpg
393|10 FOSTER STREET |10 FOSTER STREET |59.jpg
393|10 FOSTER STREET |10 FOSTER STREET |FOS10B.JPG
393|10 FOSTER STREET |10 FOSTER STREET |FOS10.JPG
394|4 FOSTER STREET|4 FOSTER STREET|79.jpg
394|4 FOSTER STREET|4 FOSTER STREET|80.jpg
395|39 HIGH STREET|39 HIGH STREET|98.jpg
395|39 HIGH STREET|39 HIGH STREET|00.jpg
396| HIGH STREET| HIGH STREET|15.jpg
397|38 HIGH STREET|38 HIGH STREET|96.jpg
397|38 HIGH STREET|38 HIGH STREET|97.jpg
397|38 HIGH STREET|38 HIGH STREET|HGH0038A.JPG
398|26 HIGH STREET|26 HIGH STREET|93.jpg
398|26 HIGH STREET|26 HIGH STREET|94.jpg
398|26 HIGH STREET|26 HIGH STREET|95.jpg
399|16 HIGH STREET|16 HIGH STREET|90.jpg
399|16 HIGH STREET|16 HIGH STREET|91.jpg
399|16 HIGH STREET|16 HIGH STREET|92.jpg
400|12 HIGH STREET |12 HIGH STREET |88.jpg
400|12 HIGH STREET |12 HIGH STREET |64.jpg
402|23 NORTH MAIN STREET|23 NORTH MAIN STREET|06.jpg
402|23 NORTH MAIN STREET|23 NORTH MAIN STREET|07.jpg
405|81 LAUREL STREET|81 LAUREL STREET|72.jpg
405|81 LAUREL STREET|81 LAUREL STREET|73.jpg
405|81 LAUREL STREET|81 LAUREL STREET|74.jpg
406| LAUREL STREET| LAUREL STREET|26.jpg
407|106 LAUREL STREET|106 LAUREL STREET|98.jpg
407|106 LAUREL STREET|106 LAUREL STREET|00.jpg
407|106 LAUREL STREET|106 LAUREL STREET|10.jpg
407|106 LAUREL STREET|106 LAUREL STREET|11.jpg
407|106 LAUREL STREET|106 LAUREL STREET|85.jpg
408|98 LAUREL STREET|98 LAUREL STREET|23.jpg
408|98 LAUREL STREET|98 LAUREL STREET|24.jpg
411|80 LAUREL STREET|80 LAUREL STREET|21.jpg
411|80 LAUREL STREET|80 LAUREL STREET|22.jpg
412|72 LAUREL STREET|72 LAUREL STREET|19.jpg
412|72 LAUREL STREET|72 LAUREL STREET|20.jpg
414|68 LAUREL STREET|68 LAUREL STREET|16.jpg
414|68 LAUREL STREET|68 LAUREL STREET|17.jpg
414|68 LAUREL STREET|68 LAUREL STREET|18.jpg
415|62 LAUREL STREET|62 LAUREL STREET|15.jpg
415|62 LAUREL STREET|62 LAUREL STREET|98.jpg
415|62 LAUREL STREET|62 LAUREL STREET|00.jpg
416|31 KEYES STREET|31 KEYES STREET|90.jpg
416|31 KEYES STREET|31 KEYES STREET|91.jpg
416|31 KEYES STREET|31 KEYES STREET|88.jpg
416|31 KEYES STREET|31 KEYES STREET|89.jpg
418|36 KEYES STREET |36 KEYES STREET |73.jpg
418|36 KEYES STREET |36 KEYES STREET |74.jpg
418|36 KEYES STREET |36 KEYES STREET |38.jpg
418|36 KEYES STREET |36 KEYES STREET |36kys.jpg
419|32 KEYES STREET|32 KEYES STREET|03.jpg
419|32 KEYES STREET|32 KEYES STREET|04.jpg
419|32 KEYES STREET|32 KEYES STREET|72.jpg
420|28 KEYES STREET|28 KEYES STREET|08.jpg
420|28 KEYES STREET|28 KEYES STREET|09.jpg
421|24 KEYES STREET |24 KEYES STREET |06.jpg
421|24 KEYES STREET |24 KEYES STREET |07.jpg
422|7 ALMANAC WAY |7 ALMANAC WAY |85.jpg
422|7 ALMANAC WAY |7 ALMANAC WAY |86.jpg
423|13 ALMANAC WAY |13 ALMANAC WAY |89.jpg
423|13 ALMANAC WAY |13 ALMANAC WAY |90.jpg
423|13 ALMANAC WAY |13 ALMANAC WAY |ALM13.JPG
424|38 ALMANAC WAY |38 ALMANAC WAY |10.jpg
424|38 ALMANAC WAY |38 ALMANAC WAY |53.jpg
424|38 ALMANAC WAY |38 ALMANAC WAY |55.jpg
425|32 ALMANAC WAY|32 ALMANAC WAY|14.jpg
425|32 ALMANAC WAY|32 ALMANAC WAY|15.jpg
426|26 ALMANAC WAY |26 ALMANAC WAY |26.jpg
426|26 ALMANAC WAY |26 ALMANAC WAY |83.jpg
426|26 ALMANAC WAY |26 ALMANAC WAY |84.jpg
427|20 ALMANAC WAY |20 ALMANAC WAY |17.jpg
427|20 ALMANAC WAY |20 ALMANAC WAY |18.jpg
428|14 ALMANAC WAY |14 ALMANAC WAY |87.jpg
428|14 ALMANAC WAY |14 ALMANAC WAY |88.jpg
429|8 ALMANAC WAY |8 ALMANAC WAY |27.jpg
429|8 ALMANAC WAY |8 ALMANAC WAY |28.jpg
429|8 ALMANAC WAY |8 ALMANAC WAY |00.jpg
430|18 KEYES STREET|18 KEYES STREET|08.jpg
430|18 KEYES STREET|18 KEYES STREET|09.jpg
432|38 LAUREL STREET |38 LAUREL STREET |13.jpg
432|38 LAUREL STREET |38 LAUREL STREET |14.jpg
432|38 LAUREL STREET |38 LAUREL STREET |96.jpg
433|32 LAUREL STREET |32 LAUREL STREET |12.jpg
435|20 LAUREL STREET |20 LAUREL STREET |94.jpg
435|20 LAUREL STREET |20 LAUREL STREET |95.jpg
435|20 LAUREL STREET |20 LAUREL STREET |85.jpg
435|20 LAUREL STREET |20 LAUREL STREET |46.jpg
435|20 LAUREL STREET |20 LAUREL STREET |47.jpg
436|12 LAUREL STREET|12 LAUREL STREET|10.jpg
436|12 LAUREL STREET|12 LAUREL STREET|11.jpg
436|12 LAUREL STREET|12 LAUREL STREET|LAU12A.jpg
437|10 LAUREL STREET |10 LAUREL STREET |66.jpg
437|10 LAUREL STREET |10 LAUREL STREET |90.jpg
437|10 LAUREL STREET |10 LAUREL STREET |50.jpg
438|6 LAUREL STREET |6 LAUREL STREET |88.jpg
438|6 LAUREL STREET |6 LAUREL STREET |89.jpg
439|33 NORTH MAIN STREET |33 NORTH MAIN STREET |15.jpg
439|33 NORTH MAIN STREET |33 NORTH MAIN STREET |16.jpg
440|41 NORTH MAIN STREET|41 NORTH MAIN STREET|83.jpg
440|41 NORTH MAIN STREET|41 NORTH MAIN STREET|84.jpg
440|41 NORTH MAIN STREET|41 NORTH MAIN STREET|45.jpg
441|43 NORTH MAIN STREET |43 NORTH MAIN STREET |79.jpg
441|43 NORTH MAIN STREET |43 NORTH MAIN STREET |80.jpg
441|43 NORTH MAIN STREET |43 NORTH MAIN STREET |43nm.jpg
442|45 NORTH MAIN STREET|45 NORTH MAIN STREET|75.jpg
442|45 NORTH MAIN STREET|45 NORTH MAIN STREET|76.jpg
443|47 NORTH MAIN STREET |47 NORTH MAIN STREET |77.jpg
443|47 NORTH MAIN STREET |47 NORTH MAIN STREET |78.jpg
443|47 NORTH MAIN STREET |47 NORTH MAIN STREET |47nms.jpg
444|59 NORTH MAIN STREET|59 NORTH MAIN STREET|69.jpg
444|59 NORTH MAIN STREET|59 NORTH MAIN STREET|70.jpg
445|67 NORTH MAIN STREET |67 NORTH MAIN STREET |51.jpg
445|67 NORTH MAIN STREET |67 NORTH MAIN STREET |52.jpg
445|67 NORTH MAIN STREET |67 NORTH MAIN STREET |98.jpg
446|71 NORTH MAIN STREET|71 NORTH MAIN STREET|13.jpg
446|71 NORTH MAIN STREET|71 NORTH MAIN STREET|14.jpg
446|71 NORTH MAIN STREET|71 NORTH MAIN STREET|98.jpg
446|71 NORTH MAIN STREET|71 NORTH MAIN STREET|NMS71A.JPG
447|76 NORTH MAIN STREET|76 NORTH MAIN STREET|19.jpg
447|76 NORTH MAIN STREET|76 NORTH MAIN STREET|10.jpg
448|68 NORTH MAIN STREET|68 NORTH MAIN STREET|25.jpg
448|68 NORTH MAIN STREET|68 NORTH MAIN STREET|26.jpg
448|68 NORTH MAIN STREET|68 NORTH MAIN STREET|27.jpg
449|11 REED STREET|11 REED STREET|38.jpg
449|11 REED STREET|11 REED STREET|39.jpg
450|15 REED STREET|15 REED STREET|69.jpg
450|15 REED STREET|15 REED STREET|08.jpg
450|15 REED STREET|15 REED STREET|09.jpg
451|64 NORTH MAIN STREET |64 NORTH MAIN STREET |23.jpg
451|64 NORTH MAIN STREET |64 NORTH MAIN STREET |24.jpg
453|17 WAUSHACUM STREET|17 WAUSHACUM STREET|07.jpg
453|17 WAUSHACUM STREET|17 WAUSHACUM STREET|08.jpg
454|16 WAUSHACUM STREET|16 WAUSHACUM STREET|09.jpg
454|16 WAUSHACUM STREET|16 WAUSHACUM STREET|10.jpg
454|16 WAUSHACUM STREET|16 WAUSHACUM STREET|01.jpg
454|16 WAUSHACUM STREET|16 WAUSHACUM STREET|02.jpg
455|14 WAUSHACUM STREET|14 WAUSHACUM STREET|04.jpg
455|14 WAUSHACUM STREET|14 WAUSHACUM STREET|05.jpg
455|14 WAUSHACUM STREET|14 WAUSHACUM STREET|06.jpg
456|24 NORTH MAIN STREET|24 NORTH MAIN STREET|13.jpg
456|24 NORTH MAIN STREET|24 NORTH MAIN STREET|67.jpg
456|24 NORTH MAIN STREET|24 NORTH MAIN STREET|68.jpg
457|22 NORTH MAIN STREET|22 NORTH MAIN STREET|21.jpg
457|22 NORTH MAIN STREET|22 NORTH MAIN STREET|22.jpg
458|18 NORTH MAIN STREET |18 NORTH MAIN STREET |15.jpg
458|18 NORTH MAIN STREET |18 NORTH MAIN STREET |37.jpg
459|16 NORTH MAIN STREET |16 NORTH MAIN STREET |22.jpg
459|16 NORTH MAIN STREET |16 NORTH MAIN STREET |23.jpg
459|16 NORTH MAIN STREET |16 NORTH MAIN STREET |25.jpg
460|14 NORTH MAIN STREET|14 NORTH MAIN STREET|19.jpg
460|14 NORTH MAIN STREET|14 NORTH MAIN STREET|20.jpg
462|109 LAUREL STREET |109 LAUREL STREET |70.jpg
462|109 LAUREL STREET |109 LAUREL STREET |71.jpg
462|109 LAUREL STREET |109 LAUREL STREET |109lrl.jpeg
463|115 LAUREL STREET|115 LAUREL STREET|68.jpg
463|115 LAUREL STREET|115 LAUREL STREET|69.jpg
464|121 LAUREL STREET|121 LAUREL STREET|66.jpg
464|121 LAUREL STREET|121 LAUREL STREET|67.jpg
465|125 LAUREL STREET|125 LAUREL STREET|64.jpg
465|125 LAUREL STREET|125 LAUREL STREET|65.jpg
466|127 LAUREL STREET|127 LAUREL STREET|62.jpg
466|127 LAUREL STREET|127 LAUREL STREET|63.jpg
467|135 LAUREL STREET |135 LAUREL STREET |60.jpg
467|135 LAUREL STREET |135 LAUREL STREET |135 laurel-b.JPG
467|135 LAUREL STREET |135 LAUREL STREET |135 laurel-a.JPG
467|135 LAUREL STREET |135 LAUREL STREET |48.jpg
468|3 RIVINGTON DRIVE |3 RIVINGTON DRIVE |10.jpg
468|3 RIVINGTON DRIVE |3 RIVINGTON DRIVE |28.jpg
469|68 RIVINGTON DRIVE|68 RIVINGTON DRIVE|38.jpg
469|68 RIVINGTON DRIVE|68 RIVINGTON DRIVE|39.jpg
470|64 RIVINGTON DRIVE|64 RIVINGTON DRIVE|36.jpg
470|64 RIVINGTON DRIVE|64 RIVINGTON DRIVE|37.jpg
471|60 RIVINGTON DRIVE |60 RIVINGTON DRIVE |32.jpg
471|60 RIVINGTON DRIVE |60 RIVINGTON DRIVE |33.jpg
472|56 RIVINGTON DRIVE|56 RIVINGTON DRIVE|30.jpg
472|56 RIVINGTON DRIVE|56 RIVINGTON DRIVE|31.jpg
473|52 RIVINGTON DRIVE|52 RIVINGTON DRIVE|31.jpg
473|52 RIVINGTON DRIVE|52 RIVINGTON DRIVE|32.jpg
474|48 RIVINGTON DRIVE|48 RIVINGTON DRIVE|99.jpg
483|12 RIVINGTON DRIVE |12 RIVINGTON DRIVE |22.jpg
483|12 RIVINGTON DRIVE |12 RIVINGTON DRIVE |23.jpg
483|12 RIVINGTON DRIVE |12 RIVINGTON DRIVE |RIV12B.JPG
483|12 RIVINGTON DRIVE |12 RIVINGTON DRIVE |RIV12A.JPG
484|31 RIVINGTON DRIVE|31 RIVINGTON DRIVE|40.jpg
484|31 RIVINGTON DRIVE|31 RIVINGTON DRIVE|41.jpg
484|31 RIVINGTON DRIVE|31 RIVINGTON DRIVE|71.jpg
485|11 RIVINGTON DRIVE |11 RIVINGTON DRIVE |29.jpg
485|11 RIVINGTON DRIVE |11 RIVINGTON DRIVE |30.jpg
486|15 RIVINGTON DRIVE|15 RIVINGTON DRIVE|24.jpg
486|15 RIVINGTON DRIVE|15 RIVINGTON DRIVE|25.jpg
487|19 RIVINGTON DRIVE |19 RIVINGTON DRIVE |26.jpg
487|19 RIVINGTON DRIVE |19 RIVINGTON DRIVE |27.jpg
488|23 RIVINGTON DRIVE|23 RIVINGTON DRIVE|28.jpg
488|23 RIVINGTON DRIVE|23 RIVINGTON DRIVE|29.jpg
488|23 RIVINGTON DRIVE|23 RIVINGTON DRIVE|12.jpg
488|23 RIVINGTON DRIVE|23 RIVINGTON DRIVE|13.jpg
488|23 RIVINGTON DRIVE|23 RIVINGTON DRIVE|01.jpg
489|27 RIVINGTON DRIVE|27 RIVINGTON DRIVE|34.jpg
489|27 RIVINGTON DRIVE|27 RIVINGTON DRIVE|35.jpg
489|27 RIVINGTON DRIVE|27 RIVINGTON DRIVE|RVG0027B1.JPG
492|139 LAUREL STREET|139 LAUREL STREET|58.jpg
492|139 LAUREL STREET|139 LAUREL STREET|59.jpg
493|145 LAUREL STREET|145 LAUREL STREET|44.jpg
493|145 LAUREL STREET|145 LAUREL STREET|45.jpg
493|145 LAUREL STREET|145 LAUREL STREET|45.jpg
495|159 LAUREL STREET|159 LAUREL STREET|56.jpg
495|159 LAUREL STREET|159 LAUREL STREET|57.jpg
496|18 TOBIN LANE|18 TOBIN LANE|58.jpg
496|18 TOBIN LANE|18 TOBIN LANE|59.jpg
498|LAUREL LANE OFF |LAUREL LANE OFF |53.jpg
499|167 LAUREL STREET|167 LAUREL STREET|54.jpg
499|167 LAUREL STREET|167 LAUREL STREET|55.jpg
500|173 LAUREL STREET|173 LAUREL STREET|51.jpg
500|173 LAUREL STREET|173 LAUREL STREET|52.jpg
501|185 LAUREL STREET |185 LAUREL STREET |38.jpg
501|185 LAUREL STREET |185 LAUREL STREET |39.jpg
502|189 LAUREL STREET |189 LAUREL STREET |49.jpg
502|189 LAUREL STREET |189 LAUREL STREET |50.jpg
503|193 LAUREL STREET |193 LAUREL STREET |48.jpg
503|193 LAUREL STREET |193 LAUREL STREET |34.jpg
508|208 LAUREL STREET|208 LAUREL STREET|09.jpg
508|208 LAUREL STREET|208 LAUREL STREET|80.jpg
508|208 LAUREL STREET|208 LAUREL STREET|81.jpg
509|204 LAUREL STREET|204 LAUREL STREET|37.jpg
510|194 LAUREL STREET |194 LAUREL STREET |77.jpg
510|194 LAUREL STREET |194 LAUREL STREET |78.jpg
510|194 LAUREL STREET |194 LAUREL STREET |79.jpg
510|194 LAUREL STREET |194 LAUREL STREET |17.jpg
512|148 LAUREL STREET |148 LAUREL STREET |34.jpg
512|148 LAUREL STREET |148 LAUREL STREET |35.jpg
512|148 LAUREL STREET |148 LAUREL STREET |36.jpg
513|144 LAUREL STREET |144 LAUREL STREET |32.jpg
513|144 LAUREL STREET |144 LAUREL STREET |33.jpg
514|136 LAUREL STREET|136 LAUREL STREET|29.jpg
514|136 LAUREL STREET|136 LAUREL STREET|30.jpg
514|136 LAUREL STREET|136 LAUREL STREET|31.jpg
514|136 LAUREL STREET|136 LAUREL STREET|82.jpg
515|11 HOSMER STREET |11 HOSMER STREET |11hos.jpg
515|11 HOSMER STREET |11 HOSMER STREET |11hosb.jpg
516|17 HOSMER STREET |17 HOSMER STREET |86.jpg
516|17 HOSMER STREET |17 HOSMER STREET |87.jpg
516|17 HOSMER STREET |17 HOSMER STREET |HOS17A.JPG
516|17 HOSMER STREET |17 HOSMER STREET |HOS17.JPG
522|25 HOSMER STREET|25 HOSMER STREET|90.jpg
522|25 HOSMER STREET|25 HOSMER STREET|91.jpg
523|30 HOSMER STREET|30 HOSMER STREET|71.jpg
523|30 HOSMER STREET|30 HOSMER STREET|72.jpg
524|26 HOSMER STREET|26 HOSMER STREET|73.jpg
524|26 HOSMER STREET|26 HOSMER STREET|74.jpg
525|20 HOSMER STREET|20 HOSMER STREET|88.jpg
525|20 HOSMER STREET|20 HOSMER STREET|89.jpg
526|18 HOSMER STREET|18 HOSMER STREET|85.jpg
526|18 HOSMER STREET|18 HOSMER STREET|67.jpg
526|18 HOSMER STREET|18 HOSMER STREET|68.jpg
527|14 HOSMER STREET |14 HOSMER STREET |83.jpg
527|14 HOSMER STREET |14 HOSMER STREET |84.jpg
528|10 HOSMER STREET|10 HOSMER STREET|72.jpg
528|10 HOSMER STREET|10 HOSMER STREET|73.jpg
528|10 HOSMER STREET|10 HOSMER STREET|11.jpg
529|126 LAUREL STREET |126 LAUREL STREET |19.jpg
529|126 LAUREL STREET |126 LAUREL STREET |20.jpg
530|118 LAUREL STREET|118 LAUREL STREET|17.jpg
530|118 LAUREL STREET|118 LAUREL STREET|18.jpg
530|118 LAUREL STREET|118 LAUREL STREET|08.jpg
530|118 LAUREL STREET|118 LAUREL STREET|09.jpg
531|114 LAUREL STREET |114 LAUREL STREET |14.jpg
531|114 LAUREL STREET |114 LAUREL STREET |27.jpg
531|114 LAUREL STREET |114 LAUREL STREET |28.jpg
532|110 LAUREL STREET|110 LAUREL STREET|25.jpg
532|110 LAUREL STREET|110 LAUREL STREET|26.jpg
532|110 LAUREL STREET|110 LAUREL STREET|48.jpg
532|110 LAUREL STREET|110 LAUREL STREET|49.jpg
532|110 LAUREL STREET|110 LAUREL STREET|50.jpg
533|241 LAUREL STREET|241 LAUREL STREET|46.jpg
533|241 LAUREL STREET|241 LAUREL STREET|47.jpg
534|251 LAUREL STREET|251 LAUREL STREET|44.jpg
534|251 LAUREL STREET|251 LAUREL STREET|45.jpg
534|251 LAUREL STREET|251 LAUREL STREET|29.jpg
534|251 LAUREL STREET|251 LAUREL STREET|16.jpg
534|251 LAUREL STREET|251 LAUREL STREET|17.jpg
534|251 LAUREL STREET|251 LAUREL STREET|18.jpg
534|251 LAUREL STREET|251 LAUREL STREET|19.jpg
536|287 LAUREL STREET |287 LAUREL STREET |42.jpg
536|287 LAUREL STREET |287 LAUREL STREET |43.jpg
538|286 LAUREL STREET|286 LAUREL STREET|38.jpg
538|286 LAUREL STREET|286 LAUREL STREET|39.jpg
538|286 LAUREL STREET|286 LAUREL STREET|72.jpg
539|1 RAYMOND S HUNTINGTON |1 RAYMOND S HUNTINGTON |25.jpg
539|1 RAYMOND S HUNTINGTON |1 RAYMOND S HUNTINGTON |26.jpg
541|11 RAYMOND S HUNTINGTON |11 RAYMOND S HUNTINGTON |33.jpg
541|11 RAYMOND S HUNTINGTON |11 RAYMOND S HUNTINGTON |34.jpg
541|11 RAYMOND S HUNTINGTON |11 RAYMOND S HUNTINGTON |RAY11AA.JPG
554| THOMAS STREET| THOMAS STREET|60.jpg
554| THOMAS STREET| THOMAS STREET|73.jpg
555| THOMAS STREET| THOMAS STREET|123 2.JPG
556|699 THOMAS STREET |699 THOMAS STREET |THO699D.JPG
559|14 FOSTER STREET|14 FOSTER STREET|52.jpg
559|14 FOSTER STREET|14 FOSTER STREET|53.jpg
562|1 CUTTING STREET |1 CUTTING STREET |52.jpg
562|1 CUTTING STREET |1 CUTTING STREET |53.jpg
563|208 BEAMAN STREET |208 BEAMAN STREET |16.jpg
563|208 BEAMAN STREET |208 BEAMAN STREET |17.jpg
564|180 BEAMAN STREET |180 BEAMAN STREET |71.jpg
564|180 BEAMAN STREET |180 BEAMAN STREET |16.jpg
564|180 BEAMAN STREET |180 BEAMAN STREET |17.jpg
564|180 BEAMAN STREET |180 BEAMAN STREET |18.jpg
564|180 BEAMAN STREET |180 BEAMAN STREET |19.jpg
565|77 PRESCOTT STREET|77 PRESCOTT STREET|87.jpg
565|77 PRESCOTT STREET|77 PRESCOTT STREET|88.jpg
566|83 PRESCOTT STREET|83 PRESCOTT STREET|83prs.jpg
566|83 PRESCOTT STREET|83 PRESCOTT STREET|61.jpg
566|83 PRESCOTT STREET|83 PRESCOTT STREET|62.jpg
566|83 PRESCOTT STREET|83 PRESCOTT STREET|37.jpg
567|85 PRESCOTT STREET|85 PRESCOTT STREET|59.jpg
567|85 PRESCOTT STREET|85 PRESCOTT STREET|60.jpg
568|93 PRESCOTT STREET|93 PRESCOTT STREET|85.jpg
568|93 PRESCOTT STREET|93 PRESCOTT STREET|86.jpg
569|97 PRESCOTT STREET |97 PRESCOTT STREET |55.jpg
569|97 PRESCOTT STREET |97 PRESCOTT STREET |56.jpg
569|97 PRESCOTT STREET |97 PRESCOTT STREET |72.jpg
569|97 PRESCOTT STREET |97 PRESCOTT STREET |44.jpg
570|127 PRESCOTT STREET |127 PRESCOTT STREET |83.jpg
570|127 PRESCOTT STREET |127 PRESCOTT STREET |84.jpg
571|131 PRESCOTT STREET|131 PRESCOTT STREET|81.jpg
571|131 PRESCOTT STREET|131 PRESCOTT STREET|82.jpg
571|131 PRESCOTT STREET|131 PRESCOTT STREET|52.jpg
572|133 PRESCOTT STREET|133 PRESCOTT STREET|49.jpg
572|133 PRESCOTT STREET|133 PRESCOTT STREET|50.jpg
572|133 PRESCOTT STREET|133 PRESCOTT STREET|36.jpg
572|133 PRESCOTT STREET|133 PRESCOTT STREET|37.jpg
574|141 PRESCOTT STREET|141 PRESCOTT STREET|69.jpg
574|141 PRESCOTT STREET|141 PRESCOTT STREET|70.jpg
579|157 PRESCOTT STREET |157 PRESCOTT STREET |65.jpg
579|157 PRESCOTT STREET |157 PRESCOTT STREET |66.jpg
579|157 PRESCOTT STREET |157 PRESCOTT STREET |33.jpg
580|156 PRESCOTT STREET|156 PRESCOTT STREET|17.jpg
580|156 PRESCOTT STREET|156 PRESCOTT STREET|18.jpg
581|150 PRESCOTT STREET |150 PRESCOTT STREET |15.jpg
581|150 PRESCOTT STREET |150 PRESCOTT STREET |16.jpg
581|150 PRESCOTT STREET |150 PRESCOTT STREET |86.jpg
582|3 SHADY LANE|3 SHADY LANE|87.jpg
582|3 SHADY LANE|3 SHADY LANE|31.jpg
582|3 SHADY LANE|3 SHADY LANE|32.jpg
583|7 SHADY LANE|7 SHADY LANE|33.jpg
583|7 SHADY LANE|7 SHADY LANE|34.jpg
584|11 SHADY LANE|11 SHADY LANE|35.jpg
584|11 SHADY LANE|11 SHADY LANE|36.jpg
586|23 SHADY LANE|23 SHADY LANE|43.jpg
586|23 SHADY LANE|23 SHADY LANE|44.jpg
587|29 SHADY LANE |29 SHADY LANE |41.jpg
587|29 SHADY LANE |29 SHADY LANE |42.jpg
587|29 SHADY LANE |29 SHADY LANE |PXL_20250205_143121325.jpg
587|29 SHADY LANE |29 SHADY LANE |PXL_20250205_143226478.jpg
588|35 SHADY LANE |35 SHADY LANE |47.jpg
588|35 SHADY LANE |35 SHADY LANE |48.jpg
589|40 SHADY LANE |40 SHADY LANE |45.jpg
589|40 SHADY LANE |40 SHADY LANE |46.jpg
589|40 SHADY LANE |40 SHADY LANE |07.jpg
590|36 SHADY LANE |36 SHADY LANE |04.jpg
590|36 SHADY LANE |36 SHADY LANE |05.jpg
590|36 SHADY LANE |36 SHADY LANE |03.jpg
590|36 SHADY LANE |36 SHADY LANE |71.jpg
591|26 SHADY LANE|26 SHADY LANE|39.jpg
591|26 SHADY LANE|26 SHADY LANE|40.jpg
593|8 SHADY LANE|8 SHADY LANE|37.jpg
593|8 SHADY LANE|8 SHADY LANE|38.jpg
595|136 PRESCOTT STREET|136 PRESCOTT STREET|70.jpg
595|136 PRESCOTT STREET|136 PRESCOTT STREET|65.jpg
595|136 PRESCOTT STREET|136 PRESCOTT STREET|84.jpg
595|136 PRESCOTT STREET|136 PRESCOTT STREET|85.jpg
596|132 PRESCOTT STREET |132 PRESCOTT STREET |13.jpg
596|132 PRESCOTT STREET |132 PRESCOTT STREET |14.jpg
597|120 PRESCOTT STREET|120 PRESCOTT STREET|81.jpg
597|120 PRESCOTT STREET|120 PRESCOTT STREET|82.jpg
597|120 PRESCOTT STREET|120 PRESCOTT STREET|83.jpg
597|120 PRESCOTT STREET|120 PRESCOTT STREET|84.jpg
597|120 PRESCOTT STREET|120 PRESCOTT STREET|85.jpg
598|116 PRESCOTT STREET |116 PRESCOTT STREET |11.jpg
598|116 PRESCOTT STREET |116 PRESCOTT STREET |12.jpg
599|90 PRESCOTT STREET|90 PRESCOTT STREET|05.jpg
599|90 PRESCOTT STREET|90 PRESCOTT STREET|06.jpg
599|90 PRESCOTT STREET|90 PRESCOTT STREET|07.jpg
599|90 PRESCOTT STREET|90 PRESCOTT STREET|08.jpg
599|90 PRESCOTT STREET|90 PRESCOTT STREET|09.jpg
599|90 PRESCOTT STREET|90 PRESCOTT STREET|77.jpg
600|78 PRESCOTT STREET|78 PRESCOTT STREET|75.jpg
600|78 PRESCOTT STREET|78 PRESCOTT STREET|03.jpg
600|78 PRESCOTT STREET|78 PRESCOTT STREET|04.jpg
601|131 STERLING STREET|131 STERLING STREET|63.jpg
601|131 STERLING STREET|131 STERLING STREET|64.jpg
601|131 STERLING STREET|131 STERLING STREET|43.jpg
601|131 STERLING STREET|131 STERLING STREET|95.jpg
602|135 STERLING STREET |135 STERLING STREET |25.jpg
602|135 STERLING STREET |135 STERLING STREET |60.jpg
602|135 STERLING STREET |135 STERLING STREET |61.jpg
603|137 STERLING STREET |137 STERLING STREET |58.jpg
603|137 STERLING STREET |137 STERLING STREET |59.jpg
604|139 STERLING STREET |139 STERLING STREET |56.jpg
604|139 STERLING STREET |139 STERLING STREET |57.jpg
605|141 STERLING STREET|141 STERLING STREET|65.jpg
606|1 HORSESHOE DRIVE|1 HORSESHOE DRIVE|42.jpg
606|1 HORSESHOE DRIVE|1 HORSESHOE DRIVE|52.jpg
606|1 HORSESHOE DRIVE|1 HORSESHOE DRIVE|53.jpg
607|7 HORSESHOE DRIVE |7 HORSESHOE DRIVE |46.jpg
607|7 HORSESHOE DRIVE |7 HORSESHOE DRIVE |47.jpg
607|7 HORSESHOE DRIVE |7 HORSESHOE DRIVE |16.jpg
607|7 HORSESHOE DRIVE |7 HORSESHOE DRIVE |17.jpg
607|7 HORSESHOE DRIVE |7 HORSESHOE DRIVE |34.jpg
608|11 HORSESHOE DRIVE|11 HORSESHOE DRIVE|50.jpg
608|11 HORSESHOE DRIVE|11 HORSESHOE DRIVE|51.jpg
608|11 HORSESHOE DRIVE|11 HORSESHOE DRIVE|45.jpg
609|151 STERLING STREET |151 STERLING STREET |21.jpg
609|151 STERLING STREET |151 STERLING STREET |43.jpg
609|151 STERLING STREET |151 STERLING STREET |STE0151A.JPG
609|151 STERLING STREET |151 STERLING STREET |STR0151C (1).JPG
610|15 HORSESHOE DRIVE|15 HORSESHOE DRIVE|60.jpg
610|15 HORSESHOE DRIVE|15 HORSESHOE DRIVE|61.jpg
611|17 HORSESHOE DRIVE|17 HORSESHOE DRIVE|59.jpg
611|17 HORSESHOE DRIVE|17 HORSESHOE DRIVE|55.jpg
612|21 HORSESHOE DRIVE|21 HORSESHOE DRIVE|62.jpg
612|21 HORSESHOE DRIVE|21 HORSESHOE DRIVE|63.jpg
613|25 HORSESHOE DRIVE |25 HORSESHOE DRIVE |58.jpg
613|25 HORSESHOE DRIVE |25 HORSESHOE DRIVE |59.jpg
613|25 HORSESHOE DRIVE |25 HORSESHOE DRIVE |96.jpg
613|25 HORSESHOE DRIVE |25 HORSESHOE DRIVE |97.jpg
613|25 HORSESHOE DRIVE |25 HORSESHOE DRIVE |98.jpg
613|25 HORSESHOE DRIVE |25 HORSESHOE DRIVE |00.jpg
613|25 HORSESHOE DRIVE |25 HORSESHOE DRIVE |84.jpg
613|25 HORSESHOE DRIVE |25 HORSESHOE DRIVE |48.jpg
614|29 HORSESHOE DRIVE|29 HORSESHOE DRIVE|62.jpg
614|29 HORSESHOE DRIVE|29 HORSESHOE DRIVE|44.jpg
615|33 HORSESHOE DRIVE|33 HORSESHOE DRIVE|64.jpg
615|33 HORSESHOE DRIVE|33 HORSESHOE DRIVE|65.jpg
615|33 HORSESHOE DRIVE|33 HORSESHOE DRIVE|67.jpg
616|39 HORSESHOE DRIVE|39 HORSESHOE DRIVE|76.jpg
616|39 HORSESHOE DRIVE|39 HORSESHOE DRIVE|77.jpg
616|39 HORSESHOE DRIVE|39 HORSESHOE DRIVE|42.jpg
616|39 HORSESHOE DRIVE|39 HORSESHOE DRIVE|43.jpg
616|39 HORSESHOE DRIVE|39 HORSESHOE DRIVE|11.jpg
617|43 HORSESHOE DRIVE |43 HORSESHOE DRIVE |72.jpg
617|43 HORSESHOE DRIVE |43 HORSESHOE DRIVE |73.jpg
618|49 HORSESHOE DRIVE|49 HORSESHOE DRIVE|83.jpg
618|49 HORSESHOE DRIVE|49 HORSESHOE DRIVE|84.jpg
619|53 HORSESHOE DRIVE |53 HORSESHOE DRIVE |81.jpg
619|53 HORSESHOE DRIVE |53 HORSESHOE DRIVE |82.jpg
620|55 HORSESHOE DRIVE|55 HORSESHOE DRIVE|79.jpg
620|55 HORSESHOE DRIVE|55 HORSESHOE DRIVE|80.jpg
621|54 HORSESHOE DRIVE|54 HORSESHOE DRIVE|74.jpg
621|54 HORSESHOE DRIVE|54 HORSESHOE DRIVE|75.jpg
621|54 HORSESHOE DRIVE|54 HORSESHOE DRIVE|92.jpg
622|50 HORSESHOE DRIVE|50 HORSESHOE DRIVE|81.jpg
622|50 HORSESHOE DRIVE|50 HORSESHOE DRIVE|88.jpg
623|46 HORSESHOE DRIVE|46 HORSESHOE DRIVE|85.jpg
623|46 HORSESHOE DRIVE|46 HORSESHOE DRIVE|86.jpg
624|42 HORSESHOE DRIVE|42 HORSESHOE DRIVE|70.jpg
624|42 HORSESHOE DRIVE|42 HORSESHOE DRIVE|71.jpg
625|38 HORSESHOE DRIVE |38 HORSESHOE DRIVE |68.jpg
625|38 HORSESHOE DRIVE |38 HORSESHOE DRIVE |69.jpg
626|34 HORSESHOE DRIVE|34 HORSESHOE DRIVE|66.jpg
626|34 HORSESHOE DRIVE|34 HORSESHOE DRIVE|67.jpg
626|34 HORSESHOE DRIVE|34 HORSESHOE DRIVE|66.jpg
627|30 HORSESHOE DRIVE|30 HORSESHOE DRIVE|68.jpg
627|30 HORSESHOE DRIVE|30 HORSESHOE DRIVE|69.jpg
627|30 HORSESHOE DRIVE|30 HORSESHOE DRIVE|91.jpg
627|30 HORSESHOE DRIVE|30 HORSESHOE DRIVE|92.jpg
627|30 HORSESHOE DRIVE|30 HORSESHOE DRIVE|93.jpg
627|30 HORSESHOE DRIVE|30 HORSESHOE DRIVE|64.jpg
628|26 HORSESHOE DRIVE|26 HORSESHOE DRIVE|64.jpg
628|26 HORSESHOE DRIVE|26 HORSESHOE DRIVE|65.jpg
629|24 HORSESHOE DRIVE|24 HORSESHOE DRIVE|13.jpg
629|24 HORSESHOE DRIVE|24 HORSESHOE DRIVE|06.jpg
630|3 LINDEN STREET |3 LINDEN STREET |37.jpg
630|3 LINDEN STREET |3 LINDEN STREET |38.jpg
631|11 LINDEN STREET|11 LINDEN STREET|41.jpg
631|11 LINDEN STREET|11 LINDEN STREET|42.jpg
632|15 LINDEN STREET|15 LINDEN STREET|43.jpg
632|15 LINDEN STREET|15 LINDEN STREET|44.jpg
633|17 LINDEN STREET|17 LINDEN STREET|76.jpg
633|17 LINDEN STREET|17 LINDEN STREET|77.jpg
634|21 LINDEN STREET |21 LINDEN STREET |45.jpg
634|21 LINDEN STREET |21 LINDEN STREET |46.jpg
635|1 WESTERN AVENUE|1 WESTERN AVENUE|42.jpg
635|1 WESTERN AVENUE|1 WESTERN AVENUE|43.jpg
636|9 WESTERN AVENUE|9 WESTERN AVENUE|47.jpg
636|9 WESTERN AVENUE|9 WESTERN AVENUE|47.jpg
637|11 WESTERN AVENUE|11 WESTERN AVENUE|39.jpg
637|11 WESTERN AVENUE|11 WESTERN AVENUE|40.jpg
638|23 WESTERN AVENUE |23 WESTERN AVENUE |33.jpg
638|23 WESTERN AVENUE |23 WESTERN AVENUE |34.jpg
638|23 WESTERN AVENUE |23 WESTERN AVENUE |WES23.JPG
638|23 WESTERN AVENUE |23 WESTERN AVENUE |55.jpg
639|20 WESTERN AVENUE|20 WESTERN AVENUE|35.jpg
639|20 WESTERN AVENUE|20 WESTERN AVENUE|36.jpg
640|12 ELM STREET|12 ELM STREET|41.jpg
640|12 ELM STREET|12 ELM STREET|42.jpg
641|10 WESTERN AVENUE|10 WESTERN AVENUE|51.jpg
641|10 WESTERN AVENUE|10 WESTERN AVENUE|52.jpg
641|10 WESTERN AVENUE|10 WESTERN AVENUE|50.jpg
641|10 WESTERN AVENUE|10 WESTERN AVENUE|51.jpg
642|6 WESTERN AVENUE |6 WESTERN AVENUE |45.jpg
642|6 WESTERN AVENUE |6 WESTERN AVENUE |41.jpg
642|6 WESTERN AVENUE |6 WESTERN AVENUE |IMG_0001.JPG
642|6 WESTERN AVENUE |6 WESTERN AVENUE |IMG_0003.JPG
643|24 LINDEN STREET|24 LINDEN STREET|LIN24A.JPG
643|24 LINDEN STREET|24 LINDEN STREET|82.jpg
643|24 LINDEN STREET|24 LINDEN STREET|83.jpg
644|4 LINDEN STREET|4 LINDEN STREET|39.jpg
644|4 LINDEN STREET|4 LINDEN STREET|40.jpg
645|8 HORSESHOE DRIVE |8 HORSESHOE DRIVE |56.jpg
645|8 HORSESHOE DRIVE |8 HORSESHOE DRIVE |57.jpg
646|4 HORSESHOE DRIVE|4 HORSESHOE DRIVE|54.jpg
646|4 HORSESHOE DRIVE|4 HORSESHOE DRIVE|55.jpg
647|161 STERLING STREET|161 STERLING STREET|53.jpg
647|161 STERLING STREET|161 STERLING STREET|55.jpg
648|165 STERLING STREET|165 STERLING STREET|49.jpg
648|165 STERLING STREET|165 STERLING STREET|50.jpg
648|165 STERLING STREET|165 STERLING STREET|165str.jpg
649|167 STERLING STREET |167 STERLING STREET |15.jpg
649|167 STERLING STREET |167 STERLING STREET |16.jpg
650|179 STERLING STREET|179 STERLING STREET|47.jpg
650|179 STERLING STREET|179 STERLING STREET|48.jpg
651|183 STERLING STREET |183 STERLING STREET |11.jpg
651|183 STERLING STREET |183 STERLING STREET |12.jpg
651|183 STERLING STREET |183 STERLING STREET |88.jpg
652|187 STERLING STREET|187 STERLING STREET|09.jpg
652|187 STERLING STREET|187 STERLING STREET|64.jpg
653|195 STERLING STREET |195 STERLING STREET |15.jpg
653|195 STERLING STREET |195 STERLING STREET |45.jpg
653|195 STERLING STREET |195 STERLING STREET |46.jpg
654|214 STERLING STREET|214 STERLING STREET|04.jpg
654|214 STERLING STREET|214 STERLING STREET|05.jpg
655|196 STERLING STREET|196 STERLING STREET|02.jpg
655|196 STERLING STREET|196 STERLING STREET|03.jpg
656|11 STERLING PLACE|11 STERLING PLACE|81.jpg
656|11 STERLING PLACE|11 STERLING PLACE|82.jpg
657|15 STERLING PLACE|15 STERLING PLACE|22.jpg
657|15 STERLING PLACE|15 STERLING PLACE|23.jpg
657|15 STERLING PLACE|15 STERLING PLACE|82.jpg
657|15 STERLING PLACE|15 STERLING PLACE|83.jpg
658|21 STERLING PLACE|21 STERLING PLACE|84.jpg
658|21 STERLING PLACE|21 STERLING PLACE|88.jpg
659|25 STERLING PLACE |25 STERLING PLACE |89.jpg
659|25 STERLING PLACE |25 STERLING PLACE |90.jpg
660|27 STERLING PLACE|27 STERLING PLACE|91.jpg
660|27 STERLING PLACE|27 STERLING PLACE|92.jpg
662|33 STERLING PLACE|33 STERLING PLACE|95.jpg
662|33 STERLING PLACE|33 STERLING PLACE|96.jpg
663|45 STERLING PLACE|45 STERLING PLACE|04.jpg
663|45 STERLING PLACE|45 STERLING PLACE|05.jpg
664|49 STERLING PLACE|49 STERLING PLACE|07.jpg
664|49 STERLING PLACE|49 STERLING PLACE|08.jpg
665|48 STERLING PLACE|48 STERLING PLACE|06.jpg
665|48 STERLING PLACE|48 STERLING PLACE|41.jpg
665|48 STERLING PLACE|48 STERLING PLACE|42.jpg
665|48 STERLING PLACE|48 STERLING PLACE|43.jpg
666|44 STERLING PLACE |44 STERLING PLACE |02.jpg
666|44 STERLING PLACE |44 STERLING PLACE |03.jpg
667|30 STERLING PLACE|30 STERLING PLACE|93.jpg
667|30 STERLING PLACE|30 STERLING PLACE|94.jpg
668|24 STERLING PLACE |24 STERLING PLACE |24.jpg
668|24 STERLING PLACE |24 STERLING PLACE |25.jpg
668|24 STERLING PLACE |24 STERLING PLACE |62.jpg
668|24 STERLING PLACE |24 STERLING PLACE |63.jpg
668|24 STERLING PLACE |24 STERLING PLACE |64.jpg
669|20 STERLING PLACE|20 STERLING PLACE|97.jpg
669|20 STERLING PLACE|20 STERLING PLACE|98.jpg
670|16 STERLING PLACE|16 STERLING PLACE|83.jpg
670|16 STERLING PLACE|16 STERLING PLACE|84.jpg
670|16 STERLING PLACE|16 STERLING PLACE|86.jpg
671|12 STERLING PLACE|12 STERLING PLACE|79.jpg
671|12 STERLING PLACE|12 STERLING PLACE|80.jpg
672|8 STERLING PLACE |8 STERLING PLACE |77.jpg
672|8 STERLING PLACE |8 STERLING PLACE |78.jpg
678|26 HERITAGE LANE|26 HERITAGE LANE|14.jpg
678|26 HERITAGE LANE|26 HERITAGE LANE|15.jpg
679|24 HERITAGE LANE|24 HERITAGE LANE|34.jpg
679|24 HERITAGE LANE|24 HERITAGE LANE|61.jpg
680|22 HERITAGE LANE|22 HERITAGE LANE|81.jpg
680|22 HERITAGE LANE|22 HERITAGE LANE|32.jpg
680|22 HERITAGE LANE|22 HERITAGE LANE|33.jpg
680|22 HERITAGE LANE|22 HERITAGE LANE|42.jpg
681|20 HERITAGE LANE|20 HERITAGE LANE|31.jpg
681|20 HERITAGE LANE|20 HERITAGE LANE|12.jpg
681|20 HERITAGE LANE|20 HERITAGE LANE|13.jpg
682|18 HERITAGE LANE |18 HERITAGE LANE |10.jpg
682|18 HERITAGE LANE |18 HERITAGE LANE |11.jpg
683|16 HERITAGE LANE|16 HERITAGE LANE|98.jpg
683|16 HERITAGE LANE|16 HERITAGE LANE|55.jpg
683|16 HERITAGE LANE|16 HERITAGE LANE|56.jpg
684|14 HERITAGE LANE |14 HERITAGE LANE |20.jpg
684|14 HERITAGE LANE |14 HERITAGE LANE |21.jpg
684|14 HERITAGE LANE |14 HERITAGE LANE |03.jpg
685|12 HERITAGE LANE |12 HERITAGE LANE |01.jpg
685|12 HERITAGE LANE |12 HERITAGE LANE |02.jpg
686|10 HERITAGE LANE |10 HERITAGE LANE |HER10.JPG
686|10 HERITAGE LANE |10 HERITAGE LANE |24.jpg
686|10 HERITAGE LANE |10 HERITAGE LANE |25.jpg
686|10 HERITAGE LANE |10 HERITAGE LANE |95.jpg
686|10 HERITAGE LANE |10 HERITAGE LANE |96.jpg
687|13 HERITAGE LANE|13 HERITAGE LANE|04.jpg
687|13 HERITAGE LANE|13 HERITAGE LANE|05.jpg
687|13 HERITAGE LANE|13 HERITAGE LANE|19.jpg
689|2 STERLING PLACE |2 STERLING PLACE |75.jpg
689|2 STERLING PLACE |2 STERLING PLACE |76.jpg
689|2 STERLING PLACE |2 STERLING PLACE |2stpl.jpg
690|160 STERLING STREET |160 STERLING STREET |80.jpg
690|160 STERLING STREET |160 STERLING STREET |81.jpg
691|158 STERLING STREET|158 STERLING STREET|00.jpg
691|158 STERLING STREET|158 STERLING STREET|65.jpg
692|136 STERLING STREET  A1 |136 STERLING STREET  A1 |18.jpg
692|136 STERLING STREET  A1 |136 STERLING STREET  A1 |59.jpg
692|136 STERLING STREET  A1 |136 STERLING STREET  A1 |60.jpg
692|136 STERLING STREET  A1 |136 STERLING STREET  A1 |STE136-A1.JPG
693|136 STERLING STREET  A2|136 STERLING STREET  A2|STE136-A2.JPG
693|136 STERLING STREET  A2|136 STERLING STREET  A2|57.jpg
693|136 STERLING STREET  A2|136 STERLING STREET  A2|58.jpg
693|136 STERLING STREET  A2|136 STERLING STREET  A2|19.jpg
694|136 STERLING STREET  A3|136 STERLING STREET  A3|61.jpg
694|136 STERLING STREET  A3|136 STERLING STREET  A3|62.jpg
695|136 STERLING STREET  A4 |136 STERLING STREET  A4 |35.jpg
695|136 STERLING STREET  A4 |136 STERLING STREET  A4 |36.jpg
696|136 STERLING STREET  A5|136 STERLING STREET  A5|63.jpg
696|136 STERLING STREET  A5|136 STERLING STREET  A5|64.jpg
697|136 STERLING STREET  A6|136 STERLING STREET  A6|08.jpg
698|136 STERLING STREET  A7|136 STERLING STREET  A7|65.jpg
698|136 STERLING STREET  A7|136 STERLING STREET  A7|66.jpg
699|136 STERLING STREET  A8|136 STERLING STREET  A8|69.jpg
699|136 STERLING STREET  A8|136 STERLING STREET  A8|25.jpg
700|136 STERLING STREET  B8|136 STERLING STREET  B8|67.jpg
700|136 STERLING STREET  B8|136 STERLING STREET  B8|68.jpg
700|136 STERLING STREET  B8|136 STERLING STREET  B8|STE136-B8.JPG
701|136 STERLING STREET  B7|136 STERLING STREET  B7|STE136-B8 &B7.JPG
701|136 STERLING STREET  B7|136 STERLING STREET  B7|58.jpg
701|136 STERLING STREET  B7|136 STERLING STREET  B7|59.jpg
702|136 STERLING STREET  B6 |136 STERLING STREET  B6 |69.jpg
702|136 STERLING STREET  B6 |136 STERLING STREET  B6 |70.jpg
702|136 STERLING STREET  B6 |136 STERLING STREET  B6 |STE136-B6.JPG
702|136 STERLING STREET  B6 |136 STERLING STREET  B6 |STE136-B6AA.JPG
703|136 STERLING STREET  B5|136 STERLING STREET  B5|104_1843.JPG
703|136 STERLING STREET  B5|136 STERLING STREET  B5|68.jpg
703|136 STERLING STREET  B5|136 STERLING STREET  B5|29.jpg
704|136 STERLING STREET  B4|136 STERLING STREET  B4|30.jpg
704|136 STERLING STREET  B4|136 STERLING STREET  B4|STE136-B8.JPG
705|136 STERLING STREET  B3|136 STERLING STREET  B3|STE136-A2.JPG
705|136 STERLING STREET  B3|136 STERLING STREET  B3|STE136-A6.JPG
705|136 STERLING STREET  B3|136 STERLING STREET  B3|71.jpg
705|136 STERLING STREET  B3|136 STERLING STREET  B3|72.jpg
706|136 STERLING STREET  B2|136 STERLING STREET  B2|32.jpg
706|136 STERLING STREET  B2|136 STERLING STREET  B2|60.jpg
706|136 STERLING STREET  B2|136 STERLING STREET  B2|61.jpg
706|136 STERLING STREET  B2|136 STERLING STREET  B2|STE136-B2.JPG
707|136 STERLING STREET   B1|136 STERLING STREET   B1|STE136-B1.JPG
707|136 STERLING STREET   B1|136 STERLING STREET   B1|33.jpg
707|136 STERLING STREET   B1|136 STERLING STREET   B1|89.jpg
707|136 STERLING STREET   B1|136 STERLING STREET   B1|90.jpg
709|155 LANCASTER STREET |155 LANCASTER STREET |73.jpg
709|155 LANCASTER STREET |155 LANCASTER STREET |74.jpg
710|159 LANCASTER STREET|159 LANCASTER STREET|71.jpg
710|159 LANCASTER STREET|159 LANCASTER STREET|72.jpg
712|165 LANCASTER STREET|165 LANCASTER STREET|30.jpg
712|165 LANCASTER STREET|165 LANCASTER STREET|31.jpg
713|199 LANCASTER STREET|199 LANCASTER STREET|20.jpg
713|199 LANCASTER STREET|199 LANCASTER STREET|21.jpg
713|199 LANCASTER STREET|199 LANCASTER STREET|12.jpg
713|199 LANCASTER STREET|199 LANCASTER STREET|LAN199.jpg
714|173 LANCASTER STREET|173 LANCASTER STREET|08.jpg
714|173 LANCASTER STREET|173 LANCASTER STREET|23.jpg
714|173 LANCASTER STREET|173 LANCASTER STREET|24.jpg
715|187 LANCASTER STREET |187 LANCASTER STREET |69.jpg
715|187 LANCASTER STREET |187 LANCASTER STREET |70.jpg
716|191 LANCASTER STREET |191 LANCASTER STREET |67.jpg
716|191 LANCASTER STREET |191 LANCASTER STREET |68.jpg
717|15 FAIRBANKS STREET|15 FAIRBANKS STREET|38.jpg
717|15 FAIRBANKS STREET|15 FAIRBANKS STREET|39.jpg
717|15 FAIRBANKS STREET|15 FAIRBANKS STREET|40.jpg
718|25 FAIRBANKS STREET |25 FAIRBANKS STREET |33.jpg
718|25 FAIRBANKS STREET |25 FAIRBANKS STREET |34.jpg
718|25 FAIRBANKS STREET |25 FAIRBANKS STREET |25frb.jpg
719|33 FAIRBANKS STREET|33 FAIRBANKS STREET|31.jpg
719|33 FAIRBANKS STREET|33 FAIRBANKS STREET|32.jpg
719|33 FAIRBANKS STREET|33 FAIRBANKS STREET|45.jpg
719|33 FAIRBANKS STREET|33 FAIRBANKS STREET|47.jpg
720|43 FAIRBANKS STREET|43 FAIRBANKS STREET|48.jpg
720|43 FAIRBANKS STREET|43 FAIRBANKS STREET|29.jpg
720|43 FAIRBANKS STREET|43 FAIRBANKS STREET|30.jpg
721|47 FAIRBANKS STREET |47 FAIRBANKS STREET |27.jpg
721|47 FAIRBANKS STREET |47 FAIRBANKS STREET |28.jpg
722|14 FAIRBANKS STREET|14 FAIRBANKS STREET|16.jpg
722|14 FAIRBANKS STREET|14 FAIRBANKS STREET|17.jpg
723|225 LANCASTER STREET|225 LANCASTER STREET|57.jpg
723|225 LANCASTER STREET|225 LANCASTER STREET|58.jpg
723|225 LANCASTER STREET|225 LANCASTER STREET|59.jpg
723|225 LANCASTER STREET|225 LANCASTER STREET|18.jpg
723|225 LANCASTER STREET|225 LANCASTER STREET|19.jpg
724|231 LANCASTER STREET |231 LANCASTER STREET |18.jpg
724|231 LANCASTER STREET |231 LANCASTER STREET |33.jpg
725|235 LANCASTER STREET|235 LANCASTER STREET|10.jpg
725|235 LANCASTER STREET|235 LANCASTER STREET|16.jpg
725|235 LANCASTER STREET|235 LANCASTER STREET|17.jpg
725|235 LANCASTER STREET|235 LANCASTER STREET|LAN235.jpg
726|15 LANCASTER MEADOWS |15 LANCASTER MEADOWS |86.jpg
726|15 LANCASTER MEADOWS |15 LANCASTER MEADOWS |87.jpg
726|15 LANCASTER MEADOWS |15 LANCASTER MEADOWS |29.jpg
727|21 LANCASTER MEADOWS |21 LANCASTER MEADOWS |84.jpg
727|21 LANCASTER MEADOWS |21 LANCASTER MEADOWS |85.jpg
728|232 LANCASTER STREET |232 LANCASTER STREET |71.jpg
728|232 LANCASTER STREET |232 LANCASTER STREET |32.jpg
728|232 LANCASTER STREET |232 LANCASTER STREET |33.jpg
729|228 LANCASTER STREET|228 LANCASTER STREET|16.jpg
729|228 LANCASTER STREET|228 LANCASTER STREET|17.jpg
729|228 LANCASTER STREET|228 LANCASTER STREET|06.jpg
730|222 LANCASTER STREET|222 LANCASTER STREET|67.jpg
730|222 LANCASTER STREET|222 LANCASTER STREET|30.jpg
730|222 LANCASTER STREET|222 LANCASTER STREET|31.jpg
731|218 LANCASTER STREET|218 LANCASTER STREET|28.jpg
731|218 LANCASTER STREET|218 LANCASTER STREET|29.jpg
732|214 LANCASTER STREET|214 LANCASTER STREET|26.jpg
732|214 LANCASTER STREET|214 LANCASTER STREET|62.jpg
732|214 LANCASTER STREET|214 LANCASTER STREET|63.jpg
733|206 LANCASTER STREET |206 LANCASTER STREET |59.jpg
733|206 LANCASTER STREET |206 LANCASTER STREET |60.jpg
733|206 LANCASTER STREET |206 LANCASTER STREET |61.jpg
733|206 LANCASTER STREET |206 LANCASTER STREET |11.jpg
733|206 LANCASTER STREET |206 LANCASTER STREET |12.jpg
733|206 LANCASTER STREET |206 LANCASTER STREET |13.jpg
733|206 LANCASTER STREET |206 LANCASTER STREET |14.jpg
735|237 LANCASTER STREET|237 LANCASTER STREET|65.jpg
735|237 LANCASTER STREET|237 LANCASTER STREET|66.jpg
736|243 LANCASTER STREET|243 LANCASTER STREET|63.jpg
736|243 LANCASTER STREET|243 LANCASTER STREET|64.jpg
736|243 LANCASTER STREET|243 LANCASTER STREET|13.jpg
737|9 LANCASTER MEADOWS |9 LANCASTER MEADOWS |88.jpg
737|9 LANCASTER MEADOWS |9 LANCASTER MEADOWS |89.jpg
737|9 LANCASTER MEADOWS |9 LANCASTER MEADOWS |02.jpg
738|25 LANCASTER MEADOWS |25 LANCASTER MEADOWS |23.jpg
738|25 LANCASTER MEADOWS |25 LANCASTER MEADOWS |24.jpg
738|25 LANCASTER MEADOWS |25 LANCASTER MEADOWS |88.jpg
738|25 LANCASTER MEADOWS |25 LANCASTER MEADOWS |89.jpg
738|25 LANCASTER MEADOWS |25 LANCASTER MEADOWS |90.jpg
739|30 LANCASTER MEADOWS |30 LANCASTER MEADOWS |81.jpg
739|30 LANCASTER MEADOWS |30 LANCASTER MEADOWS |82.jpg
740|26 LANCASTER MEADOWS |26 LANCASTER MEADOWS |79.jpg
740|26 LANCASTER MEADOWS |26 LANCASTER MEADOWS |80.jpg
740|26 LANCASTER MEADOWS |26 LANCASTER MEADOWS |18.jpg
740|26 LANCASTER MEADOWS |26 LANCASTER MEADOWS |19.jpg
741|20 LANCASTER MEADOWS |20 LANCASTER MEADOWS |27.jpg
741|20 LANCASTER MEADOWS |20 LANCASTER MEADOWS |28.jpg
742|16 LANCASTER MEADOWS |16 LANCASTER MEADOWS |31.jpg
742|16 LANCASTER MEADOWS |16 LANCASTER MEADOWS |32.jpg
742|16 LANCASTER MEADOWS |16 LANCASTER MEADOWS |34.jpg
742|16 LANCASTER MEADOWS |16 LANCASTER MEADOWS |35.jpg
743|12 LANCASTER MEADOWS |12 LANCASTER MEADOWS |77.jpg
743|12 LANCASTER MEADOWS |12 LANCASTER MEADOWS |78.jpg
744|6 LANCASTER MEADOWS |6 LANCASTER MEADOWS |38.jpg
744|6 LANCASTER MEADOWS |6 LANCASTER MEADOWS |39.jpg
745|307 LANCASTER STREET|307 LANCASTER STREET|61.jpg
745|307 LANCASTER STREET|307 LANCASTER STREET|62.jpg
749|333 LANCASTER STREET |333 LANCASTER STREET |65.jpg
752|330 LANCASTER STREET|330 LANCASTER STREET|82.jpg
752|330 LANCASTER STREET|330 LANCASTER STREET|83.jpg
752|330 LANCASTER STREET|330 LANCASTER STREET|87.jpg
752|330 LANCASTER STREET|330 LANCASTER STREET|90.jpg
755|LANCASTER STREET|LANCASTER STREET|19.jpg
757|304 LANCASTER STREET |304 LANCASTER STREET |81.jpg
757|304 LANCASTER STREET |304 LANCASTER STREET |40.jpg
757|304 LANCASTER STREET |304 LANCASTER STREET |41.jpg
758|272 LANCASTER STREET |272 LANCASTER STREET |38.jpg
758|272 LANCASTER STREET |272 LANCASTER STREET |39.jpg
758|272 LANCASTER STREET |272 LANCASTER STREET |IMG_0005.JPG
758|272 LANCASTER STREET |272 LANCASTER STREET |IMG_0006.JPG
762|109 LANCASTER STREET|109 LANCASTER STREET|75.jpg
762|109 LANCASTER STREET|109 LANCASTER STREET|76.jpg
762|109 LANCASTER STREET|109 LANCASTER STREET|33.jpg
764|147 LANCASTER STREET|147 LANCASTER STREET|29.jpg
764|147 LANCASTER STREET|147 LANCASTER STREET|30.jpg
764|147 LANCASTER STREET|147 LANCASTER STREET|31.jpg
764|147 LANCASTER STREET|147 LANCASTER STREET|32.jpg
764|147 LANCASTER STREET|147 LANCASTER STREET|45.jpg
764|147 LANCASTER STREET|147 LANCASTER STREET|46.jpg
764|147 LANCASTER STREET|147 LANCASTER STREET|48.jpg
764|147 LANCASTER STREET|147 LANCASTER STREET|49.jpg
765|160 LANCASTER STREET |160 LANCASTER STREET |56.jpg
765|160 LANCASTER STREET |160 LANCASTER STREET |57.jpg
765|160 LANCASTER STREET |160 LANCASTER STREET |58.jpg
765|160 LANCASTER STREET |160 LANCASTER STREET |60.jpg
765|160 LANCASTER STREET |160 LANCASTER STREET |61.jpg
765|160 LANCASTER STREET |160 LANCASTER STREET |62.jpg
767|110 LANCASTER STREET|110 LANCASTER STREET|90.jpg
767|110 LANCASTER STREET|110 LANCASTER STREET|93.jpg
767|110 LANCASTER STREET|110 LANCASTER STREET|24.jpg
767|110 LANCASTER STREET|110 LANCASTER STREET|25.jpg
769|105 LANCASTER STREET|105 LANCASTER STREET|14.jpg
769|105 LANCASTER STREET|105 LANCASTER STREET|15.jpg
771|45 STERLING STREET |45 STERLING STREET |88.jpg
771|45 STERLING STREET |45 STERLING STREET |89.jpg
771|45 STERLING STREET |45 STERLING STREET |90.jpg
771|45 STERLING STREET |45 STERLING STREET |05.jpg
771|45 STERLING STREET |45 STERLING STREET |06.jpg
772|1 PRESCOTT STREET |1 PRESCOTT STREET |61.jpg
772|1 PRESCOTT STREET |1 PRESCOTT STREET |62.jpg
772|1 PRESCOTT STREET |1 PRESCOTT STREET |63.jpg
772|1 PRESCOTT STREET |1 PRESCOTT STREET |56.jpg
773|9 PRESCOTT STREET |9 PRESCOTT STREET |31.jpg
773|9 PRESCOTT STREET |9 PRESCOTT STREET |32.jpg
773|9 PRESCOTT STREET |9 PRESCOTT STREET |81.jpg
773|9 PRESCOTT STREET |9 PRESCOTT STREET |82.jpg
774|0 PRESCOTT STREET|0 PRESCOTT STREET|01.jpg
775|21 PRESCOTT STREET|21 PRESCOTT STREET|79.jpg
775|21 PRESCOTT STREET|21 PRESCOTT STREET|80.jpg
775|21 PRESCOTT STREET|21 PRESCOTT STREET|41.jpg
776|9 WOOD STREET|9 WOOD STREET|89.jpg
776|9 WOOD STREET|9 WOOD STREET|90.jpg
777|15 WOOD STREET|15 WOOD STREET|64.jpg
777|15 WOOD STREET|15 WOOD STREET|65.jpg
778|19 WOOD STREET|19 WOOD STREET|92.jpg
778|19 WOOD STREET|19 WOOD STREET|93.jpg
779|25 WOOD STREET |25 WOOD STREET |68.jpg
779|25 WOOD STREET |25 WOOD STREET |69.jpg
779|25 WOOD STREET |25 WOOD STREET |WOO0025B.JPG
779|25 WOOD STREET |25 WOOD STREET |WOO0025A.JPG
780|40 HOLT STREET|40 HOLT STREET|80.jpg
780|40 HOLT STREET|40 HOLT STREET|81.jpg
781|36 HOLT STREET |36 HOLT STREET |78.jpg
781|36 HOLT STREET |36 HOLT STREET |79.jpg
782|30 HOLT STREET |30 HOLT STREET |76.jpg
782|30 HOLT STREET |30 HOLT STREET |77.jpg
782|30 HOLT STREET |30 HOLT STREET |HOL0030B.JPG
782|30 HOLT STREET |30 HOLT STREET |30 holt-c.JPG
782|30 HOLT STREET |30 HOLT STREET |IMG_0187.JPG
783|26 HOLT STREET|26 HOLT STREET|74.jpg
783|26 HOLT STREET|26 HOLT STREET|75.jpg
784|25 HOLT STREET|25 HOLT STREET|71.jpg
784|25 HOLT STREET|25 HOLT STREET|72.jpg
784|25 HOLT STREET|25 HOLT STREET|07.jpg
784|25 HOLT STREET|25 HOLT STREET|34.jpg
785|37 HOLT STREET|37 HOLT STREET|28.jpg
785|37 HOLT STREET|37 HOLT STREET|88.jpg
785|37 HOLT STREET|37 HOLT STREET|83.jpg
786|30 WOOD STREET|30 WOOD STREET|82.jpg
786|30 WOOD STREET|30 WOOD STREET|83.jpg
786|30 WOOD STREET|30 WOOD STREET|84.jpg
788|24 WOOD STREET |24 WOOD STREET |85.jpg
788|24 WOOD STREET |24 WOOD STREET |86.jpg
789|20 WOOD STREET|20 WOOD STREET|66.jpg
789|20 WOOD STREET|20 WOOD STREET|67.jpg
790|45 PRESCOTT STREET |45 PRESCOTT STREET |02.jpg
790|45 PRESCOTT STREET |45 PRESCOTT STREET |03.jpg
791|10 WOOD STREET|10 WOOD STREET|87.jpg
791|10 WOOD STREET|10 WOOD STREET|88.jpg
792|4 WOOD STREET|4 WOOD STREET|91.jpg
792|4 WOOD STREET|4 WOOD STREET|92.jpg
792|4 WOOD STREET|4 WOOD STREET|WOO4.JPG
792|4 WOOD STREET|4 WOOD STREET|WOO4A.JPG
793|33 PRESCOTT STREET|33 PRESCOTT STREET|PRE33A.JPG
793|33 PRESCOTT STREET|33 PRESCOTT STREET|PRE33AA.JPG
793|33 PRESCOTT STREET|33 PRESCOTT STREET|PRE33AAAA.JPG
793|33 PRESCOTT STREET|33 PRESCOTT STREET|PRE33B.JPG
793|33 PRESCOTT STREET|33 PRESCOTT STREET|PRE33CA.JPG
793|33 PRESCOTT STREET|33 PRESCOTT STREET|PRE33A.JPG
794|37 PRESCOTT STREET |37 PRESCOTT STREET |PRE37.jpg
794|37 PRESCOTT STREET |37 PRESCOTT STREET |PRE37AAA.jpg
794|37 PRESCOTT STREET |37 PRESCOTT STREET |37.jpg
794|37 PRESCOTT STREET |37 PRESCOTT STREET |38.jpg
794|37 PRESCOTT STREET |37 PRESCOTT STREET |75.jpg
795|5 WINTHROP STREET|5 WINTHROP STREET|70.jpg
795|5 WINTHROP STREET|5 WINTHROP STREET|71.jpg
796|9 WINTHROP STREET|9 WINTHROP STREET|73.jpg
796|9 WINTHROP STREET|9 WINTHROP STREET|74.jpg
797|13 WINTHROP STREET|13 WINTHROP STREET|95.jpg
797|13 WINTHROP STREET|13 WINTHROP STREET|96.jpg
797|13 WINTHROP STREET|13 WINTHROP STREET|WIN13B.JPG
797|13 WINTHROP STREET|13 WINTHROP STREET|WIN13A.JPG
798|17 WINTHROP STREET|17 WINTHROP STREET|00.jpg
798|17 WINTHROP STREET|17 WINTHROP STREET|63.jpg
798|17 WINTHROP STREET|17 WINTHROP STREET|42.jpg
799|21 WINTHROP STREET |21 WINTHROP STREET |00.jpg
799|21 WINTHROP STREET |21 WINTHROP STREET |01.jpg
800|27 WINTHROP STREET|27 WINTHROP STREET|02.jpg
800|27 WINTHROP STREET|27 WINTHROP STREET|03.jpg
801|33 WINTHROP STREET|33 WINTHROP STREET|06.jpg
801|33 WINTHROP STREET|33 WINTHROP STREET|07.jpg
801|33 WINTHROP STREET|33 WINTHROP STREET|08.jpg
802|37 WINTHROP STREET |37 WINTHROP STREET |72.jpg
802|37 WINTHROP STREET |37 WINTHROP STREET |73.jpg
803|41 WINTHROP STREET|41 WINTHROP STREET|13.jpg
803|41 WINTHROP STREET|41 WINTHROP STREET|14.jpg
804|40 WINTHROP STREET|40 WINTHROP STREET|11.jpg
804|40 WINTHROP STREET|40 WINTHROP STREET|12.jpg
804|40 WINTHROP STREET|40 WINTHROP STREET|75.jpg
805|36 WINTHROP STREET|36 WINTHROP STREET|09.jpg
805|36 WINTHROP STREET|36 WINTHROP STREET|10.jpg
806|32 WINTHROP STREET |32 WINTHROP STREET |04.jpg
806|32 WINTHROP STREET |32 WINTHROP STREET |05.jpg
807|24 WINTHROP STREET|24 WINTHROP STREET|33.jpg
807|24 WINTHROP STREET|24 WINTHROP STREET|34.jpg
807|24 WINTHROP STREET|24 WINTHROP STREET|75.jpg
807|24 WINTHROP STREET|24 WINTHROP STREET|76.jpg
807|24 WINTHROP STREET|24 WINTHROP STREET|24wnb.jpeg
807|24 WINTHROP STREET|24 WINTHROP STREET|24wna.jpeg
808|20 WINTHROP STREET |20 WINTHROP STREET |97.jpg
808|20 WINTHROP STREET |20 WINTHROP STREET |98.jpg
809|16 WINTHROP STREET|16 WINTHROP STREET|35.jpg
809|16 WINTHROP STREET|16 WINTHROP STREET|36.jpg
809|16 WINTHROP STREET|16 WINTHROP STREET|29.jpg
810|12 WINTHROP STREET|12 WINTHROP STREET|97.jpg
810|12 WINTHROP STREET|12 WINTHROP STREET|62.jpg
812|1 REGAN CIRCLE|1 REGAN CIRCLE|28.jpg
812|1 REGAN CIRCLE|1 REGAN CIRCLE|29.jpg
812|1 REGAN CIRCLE|1 REGAN CIRCLE|80.jpg
813|3 REGAN CIRCLE|3 REGAN CIRCLE|26.jpg
813|3 REGAN CIRCLE|3 REGAN CIRCLE|27.jpg
814|5 REGAN CIRCLE|5 REGAN CIRCLE|24.jpg
814|5 REGAN CIRCLE|5 REGAN CIRCLE|25.jpg
815|7 REGAN CIRCLE|7 REGAN CIRCLE|74.jpg
815|7 REGAN CIRCLE|7 REGAN CIRCLE|75.jpg
815|7 REGAN CIRCLE|7 REGAN CIRCLE|45.jpg
816|8 WINTHROP STREET|8 WINTHROP STREET|93.jpg
816|8 WINTHROP STREET|8 WINTHROP STREET|94.jpg
816|8 WINTHROP STREET|8 WINTHROP STREET|8win.jpg
817|53 PRESCOTT STREET|53 PRESCOTT STREET|91.jpg
817|53 PRESCOTT STREET|53 PRESCOTT STREET|92.jpg
818|57 PRESCOTT STREET|57 PRESCOTT STREET|71.jpg
818|57 PRESCOTT STREET|57 PRESCOTT STREET|72.jpg
818|57 PRESCOTT STREET|57 PRESCOTT STREET|16.jpg
818|57 PRESCOTT STREET|57 PRESCOTT STREET|18.jpg
819|63 PRESCOTT STREET|63 PRESCOTT STREET|23.jpg
819|63 PRESCOTT STREET|63 PRESCOTT STREET|24.jpg
819|63 PRESCOTT STREET|63 PRESCOTT STREET|33.jpg
819|63 PRESCOTT STREET|63 PRESCOTT STREET|34.jpg
819|63 PRESCOTT STREET|63 PRESCOTT STREET|69.jpg
819|63 PRESCOTT STREET|63 PRESCOTT STREET|70.jpg
819|63 PRESCOTT STREET|63 PRESCOTT STREET|00.jpg
820|67 PRESCOTT STREET |67 PRESCOTT STREET |89.jpg
820|67 PRESCOTT STREET |67 PRESCOTT STREET |67.jpg
821|73 PRESCOTT STREET|73 PRESCOTT STREET|65.jpg
821|73 PRESCOTT STREET|73 PRESCOTT STREET|66.jpg
821|73 PRESCOTT STREET|73 PRESCOTT STREET|83.jpg
821|73 PRESCOTT STREET|73 PRESCOTT STREET|84.jpg
821|73 PRESCOTT STREET|73 PRESCOTT STREET|08.jpg
822|64 PRESCOTT STREET |64 PRESCOTT STREET |14.jpg
822|64 PRESCOTT STREET |64 PRESCOTT STREET |15.jpg
822|64 PRESCOTT STREET |64 PRESCOTT STREET |73.jpg
822|64 PRESCOTT STREET |64 PRESCOTT STREET |74.jpg
823|60 PRESCOTT STREET |60 PRESCOTT STREET |01.jpg
823|60 PRESCOTT STREET |60 PRESCOTT STREET |02.jpg
824|58 PRESCOTT STREET |58 PRESCOTT STREET |98.jpg
824|58 PRESCOTT STREET |58 PRESCOTT STREET |00.jpg
825|50 PRESCOTT STREET|50 PRESCOTT STREET|97.jpg
825|50 PRESCOTT STREET|50 PRESCOTT STREET|98.jpg
825|50 PRESCOTT STREET|50 PRESCOTT STREET|00.jpg
826|42 PRESCOTT STREET|42 PRESCOTT STREET|64.jpg
826|42 PRESCOTT STREET|42 PRESCOTT STREET|96.jpg
826|42 PRESCOTT STREET|42 PRESCOTT STREET|97.jpg
827|34 PRESCOTT STREET|34 PRESCOTT STREET|94.jpg
827|34 PRESCOTT STREET|34 PRESCOTT STREET|95.jpg
827|34 PRESCOTT STREET|34 PRESCOTT STREET|62.jpg
828|28 PRESCOTT STREET|28 PRESCOTT STREET|92.jpg
828|28 PRESCOTT STREET|28 PRESCOTT STREET|93.jpg
829|26 PRESCOTT STREET |26 PRESCOTT STREET |90.jpg
829|26 PRESCOTT STREET |26 PRESCOTT STREET |91.jpg
830|67 STERLING STREET|67 STERLING STREET|79.jpg
830|67 STERLING STREET|67 STERLING STREET|80.jpg
830|67 STERLING STREET|67 STERLING STREET|91.jpg
831|81 STERLING STREET |81 STERLING STREET |77.jpg
831|81 STERLING STREET |81 STERLING STREET |78.jpg
831|81 STERLING STREET |81 STERLING STREET |STE81C.JPG
831|81 STERLING STREET |81 STERLING STREET |STE81A.JPG
832|87 STERLING STREET|87 STERLING STREET|75.jpg
832|87 STERLING STREET|87 STERLING STREET|76.jpg
832|87 STERLING STREET|87 STERLING STREET|42.jpg
833|91 STERLING STREET |91 STERLING STREET |73.jpg
833|91 STERLING STREET |91 STERLING STREET |74.jpg
834|95 STERLING STREET |95 STERLING STREET |70.jpg
834|95 STERLING STREET |95 STERLING STREET |71.jpg
834|95 STERLING STREET |95 STERLING STREET |72.jpg
834|95 STERLING STREET |95 STERLING STREET |36.jpg
835|101 STERLING STREET|101 STERLING STREET|39.jpg
835|101 STERLING STREET|101 STERLING STREET|42.jpg
836|109 STERLING STREET|109 STERLING STREET|31.jpg
836|109 STERLING STREET|109 STERLING STREET|32.jpg
836|109 STERLING STREET|109 STERLING STREET|67.jpg
836|109 STERLING STREET|109 STERLING STREET|68.jpg
837|115 STERLING STREET|115 STERLING STREET|67.jpg
837|115 STERLING STREET|115 STERLING STREET|68.jpg
837|115 STERLING STREET|115 STERLING STREET|69.jpg
838|121 STERLING STREET |121 STERLING STREET |28.jpg
838|121 STERLING STREET |121 STERLING STREET |66.jpg
838|121 STERLING STREET |121 STERLING STREET |121Str.jpg
839|132 STERLING STREET|132 STERLING STREET|97.jpg
839|132 STERLING STREET|132 STERLING STREET|98.jpg
839|132 STERLING STREET|132 STERLING STREET|76.jpg
839|132 STERLING STREET|132 STERLING STREET|77.jpg
840|116 STERLING STREET|116 STERLING STREET|02.jpg
840|116 STERLING STREET|116 STERLING STREET|03.jpg
841|114 STERLING STREET |114 STERLING STREET |00.jpg
841|114 STERLING STREET |114 STERLING STREET |01.jpg
842|90 STERLING STREET |90 STERLING STREET |21.jpg
842|90 STERLING STREET |90 STERLING STREET |22.jpg
842|90 STERLING STREET |90 STERLING STREET |23.jpg
842|90 STERLING STREET |90 STERLING STREET |81.jpg
842|90 STERLING STREET |90 STERLING STREET |82.jpg
843|86 STERLING STREET A |86 STERLING STREET A |68.jpg
843|86 STERLING STREET A |86 STERLING STREET A |69.jpg
843|86 STERLING STREET A |86 STERLING STREET A |STE86-A.JPG
843|86 STERLING STREET A |86 STERLING STREET A |STE85REARB.JPG
844|86 STERLING STREET B|86 STERLING STREET B|STE86-B.JPG
844|86 STERLING STREET B|86 STERLING STREET B|STE85REARB.JPG
844|86 STERLING STREET B|86 STERLING STREET B|70.jpg
844|86 STERLING STREET B|86 STERLING STREET B|71.jpg
845|86 STERLING STREET C|86 STERLING STREET C|84.jpg
845|86 STERLING STREET C|86 STERLING STREET C|36.jpg
845|86 STERLING STREET C|86 STERLING STREET C|STE86-C.JPG
845|86 STERLING STREET C|86 STERLING STREET C|STE85REARB.JPG
846|86 STERLING STREET D |86 STERLING STREET D |STE86-D.JPG
846|86 STERLING STREET D |86 STERLING STREET D |STE86B.JPG
846|86 STERLING STREET D |86 STERLING STREET D |72.jpg
846|86 STERLING STREET D |86 STERLING STREET D |73.jpg
847|86 STERLING STREET E|86 STERLING STREET E|74.jpg
847|86 STERLING STREET E|86 STERLING STREET E|75.jpg
847|86 STERLING STREET E|86 STERLING STREET E|STE86-E.JPG
847|86 STERLING STREET E|86 STERLING STREET E|STE86B.JPG
847|86 STERLING STREET E|86 STERLING STREET E|STE86.JPG
848|86 STERLING STREET F|86 STERLING STREET F|STE86-F.JPG
848|86 STERLING STREET F|86 STERLING STREET F|STE86B.JPG
848|86 STERLING STREET F|86 STERLING STREET F|76.jpg
848|86 STERLING STREET F|86 STERLING STREET F|77.jpg
849|86 STERLING STREET G|86 STERLING STREET G|78.jpg
849|86 STERLING STREET G|86 STERLING STREET G|79.jpg
849|86 STERLING STREET G|86 STERLING STREET G|STE86-G.JPG
849|86 STERLING STREET G|86 STERLING STREET G|STE86B.JPG
850|86 STERLING STREET H |86 STERLING STREET H |STE86-HA.JPG
850|86 STERLING STREET H |86 STERLING STREET H |STE86B.JPG
850|86 STERLING STREET H |86 STERLING STREET H |18.jpg
851|76 STERLING STREET |76 STERLING STREET |78.jpg
851|76 STERLING STREET |76 STERLING STREET |76str.jpg
851|76 STERLING STREET |76 STERLING STREET |97.jpg
851|76 STERLING STREET |76 STERLING STREET |98.jpg
852|72 STERLING STREET|72 STERLING STREET|95.jpg
852|72 STERLING STREET|72 STERLING STREET|96.jpg
853|68 STERLING STREET|68 STERLING STREET|89.jpg
853|68 STERLING STREET|68 STERLING STREET|90.jpg
854|19 LANCASTER STREET|19 LANCASTER STREET|74.jpg
854|19 LANCASTER STREET|19 LANCASTER STREET|75.jpg
855|35 LANCASTER STREET|35 LANCASTER STREET|14.jpg
855|35 LANCASTER STREET|35 LANCASTER STREET|15.jpg
856|39 LANCASTER STREET|39 LANCASTER STREET|12.jpg
856|39 LANCASTER STREET|39 LANCASTER STREET|13.jpg
857|45 LANCASTER STREET|45 LANCASTER STREET|16.jpg
857|45 LANCASTER STREET|45 LANCASTER STREET|17.jpg
858|51 LANCASTER STREET|51 LANCASTER STREET|18.jpg
858|51 LANCASTER STREET|51 LANCASTER STREET|19.jpg
859|63 LANCASTER STREET|63 LANCASTER STREET|87.jpg
859|63 LANCASTER STREET|63 LANCASTER STREET|88.jpg
859|63 LANCASTER STREET|63 LANCASTER STREET|89.jpg
859|63 LANCASTER STREET|63 LANCASTER STREET|46.jpg
860|77 LANCASTER STREET|77 LANCASTER STREET|34.jpg
862|91 LANCASTER STREET|91 LANCASTER STREET|85.jpg
862|91 LANCASTER STREET|91 LANCASTER STREET|86.jpg
863|95 LANCASTER STREET|95 LANCASTER STREET|83.jpg
863|95 LANCASTER STREET|95 LANCASTER STREET|84.jpg
864|99 LANCASTER STREET|99 LANCASTER STREET|81.jpg
864|99 LANCASTER STREET|99 LANCASTER STREET|82.jpg
865|2 HERITAGE LANE|2 HERITAGE LANE|90.jpg
865|2 HERITAGE LANE|2 HERITAGE LANE|91.jpg
865|2 HERITAGE LANE|2 HERITAGE LANE|00.jpg
866|103 LANCASTER STREET |103 LANCASTER STREET |79.jpg
866|103 LANCASTER STREET |103 LANCASTER STREET |80.jpg
866|103 LANCASTER STREET |103 LANCASTER STREET |103lnc.jpg
867|4A HERITAGE LANE|4A HERITAGE LANE|92.jpg
867|4A HERITAGE LANE|4A HERITAGE LANE|12.jpg
868|4 HERITAGE LANE |4 HERITAGE LANE |94.jpg
868|4 HERITAGE LANE |4 HERITAGE LANE |95.jpg
868|4 HERITAGE LANE |4 HERITAGE LANE |HER4A.JPG
869|6 HERITAGE LANE |6 HERITAGE LANE |96.jpg
869|6 HERITAGE LANE |6 HERITAGE LANE |97.jpg
869|6 HERITAGE LANE |6 HERITAGE LANE |14.jpg
870|8 HERITAGE LANE|8 HERITAGE LANE|14.jpg
870|8 HERITAGE LANE|8 HERITAGE LANE|18.jpg
871|1 HERITAGE LANE |1 HERITAGE LANE |98.jpg
871|1 HERITAGE LANE |1 HERITAGE LANE |00.jpg
872|3 HERITAGE LANE |3 HERITAGE LANE |01.jpg
872|3 HERITAGE LANE |3 HERITAGE LANE |02.jpg
872|3 HERITAGE LANE |3 HERITAGE LANE |69.jpg
872|3 HERITAGE LANE |3 HERITAGE LANE |55.jpg
872|3 HERITAGE LANE |3 HERITAGE LANE |65.jpg
873|5 HERITAGE LANE|5 HERITAGE LANE|08.jpg
873|5 HERITAGE LANE|5 HERITAGE LANE|09.jpg
874|7 HERITAGE LANE|7 HERITAGE LANE|06.jpg
874|7 HERITAGE LANE|7 HERITAGE LANE|07.jpg
875|9 HERITAGE LANE|9 HERITAGE LANE|35.jpg
875|9 HERITAGE LANE|9 HERITAGE LANE|15.jpg
875|9 HERITAGE LANE|9 HERITAGE LANE|16.jpg
876|11 HERITAGE LANE |11 HERITAGE LANE |17.jpg
876|11 HERITAGE LANE |11 HERITAGE LANE |36.jpg
876|11 HERITAGE LANE |11 HERITAGE LANE |66.jpg
877|94 LANCASTER STREET |94 LANCASTER STREET |54.jpg
877|94 LANCASTER STREET |94 LANCASTER STREET |55.jpg
878|70 LANCASTER STREET|70 LANCASTER STREET|22.jpg
878|70 LANCASTER STREET|70 LANCASTER STREET|23.jpg
880|56 LANCASTER STREET|56 LANCASTER STREET|20.jpg
880|56 LANCASTER STREET|56 LANCASTER STREET|21.jpg
881|54 LANCASTER STREET|54 LANCASTER STREET|10.jpg
881|54 LANCASTER STREET|54 LANCASTER STREET|11.jpg
882|46 LANCASTER STREET|46 LANCASTER STREET|08.jpg
882|46 LANCASTER STREET|46 LANCASTER STREET|09.jpg
882|46 LANCASTER STREET|46 LANCASTER STREET|47.jpg
883|40 LANCASTER STREET|40 LANCASTER STREET|06.jpg
883|40 LANCASTER STREET|40 LANCASTER STREET|07.jpg
885|47 WINTHROP STREET|47 WINTHROP STREET|18.jpg
885|47 WINTHROP STREET|47 WINTHROP STREET|19.jpg
886|55 WINTHROP STREET|55 WINTHROP STREET|20.jpg
886|55 WINTHROP STREET|55 WINTHROP STREET|21.jpg
887|52 WINTHROP STREET |52 WINTHROP STREET |22.jpg
887|52 WINTHROP STREET |52 WINTHROP STREET |23.jpg
888|44 WINTHROP STREET|44 WINTHROP STREET|15.jpg
888|44 WINTHROP STREET|44 WINTHROP STREET|16.jpg
888|44 WINTHROP STREET|44 WINTHROP STREET|17.jpg
890|71 PINE ARDEN DRIVE |71 PINE ARDEN DRIVE |66.jpg
890|71 PINE ARDEN DRIVE |71 PINE ARDEN DRIVE |67.jpg
892|77 PINE ARDEN DRIVE|77 PINE ARDEN DRIVE|70.jpg
892|77 PINE ARDEN DRIVE|77 PINE ARDEN DRIVE|71.jpg
893|81 PINE ARDEN DRIVE |81 PINE ARDEN DRIVE |73.jpg
893|81 PINE ARDEN DRIVE |81 PINE ARDEN DRIVE |74.jpg
894|85 PINE ARDEN DRIVE|85 PINE ARDEN DRIVE|75.jpg
894|85 PINE ARDEN DRIVE|85 PINE ARDEN DRIVE|76.jpg
895|93 PINE ARDEN DRIVE|93 PINE ARDEN DRIVE|48.jpg
895|93 PINE ARDEN DRIVE|93 PINE ARDEN DRIVE|49.jpg
895|93 PINE ARDEN DRIVE|93 PINE ARDEN DRIVE|40.jpg
895|93 PINE ARDEN DRIVE|93 PINE ARDEN DRIVE|PAD93B.JPG
895|93 PINE ARDEN DRIVE|93 PINE ARDEN DRIVE|PAD93AA.JPG
896|88 PINE ARDEN DRIVE |88 PINE ARDEN DRIVE |72.jpg
896|88 PINE ARDEN DRIVE |88 PINE ARDEN DRIVE |73.jpg
896|88 PINE ARDEN DRIVE |88 PINE ARDEN DRIVE |74.jpg
897|46 TOWNSEND DRIVE|46 TOWNSEND DRIVE|98.jpg
897|46 TOWNSEND DRIVE|46 TOWNSEND DRIVE|00.jpg
898|42 TOWNSEND DRIVE|42 TOWNSEND DRIVE|01.jpg
898|42 TOWNSEND DRIVE|42 TOWNSEND DRIVE|02.jpg
899|38 TOWNSEND DRIVE |38 TOWNSEND DRIVE |58.jpg
899|38 TOWNSEND DRIVE |38 TOWNSEND DRIVE |59.jpg
900|32 TOWNSEND DRIVE |32 TOWNSEND DRIVE |03.jpg
900|32 TOWNSEND DRIVE |32 TOWNSEND DRIVE |04.jpg
910|151 MALDEN STREET |151 MALDEN STREET |MAL0151C.JPG
910|151 MALDEN STREET |151 MALDEN STREET |MAL0151C1.JPG
910|151 MALDEN STREET |151 MALDEN STREET |MAL0151A.JPG
910|151 MALDEN STREET |151 MALDEN STREET |MAL0151B.JPG
910|151 MALDEN STREET |151 MALDEN STREET |MAL0151B1.JPG
910|151 MALDEN STREET |151 MALDEN STREET |MAL0151B2.JPG
911|163 MALDEN STREET|163 MALDEN STREET|MAL0163A.JPG
911|163 MALDEN STREET|163 MALDEN STREET|MAL0163B.JPG
911|163 MALDEN STREET|163 MALDEN STREET|MAL0163C.JPG
912|173 MALDEN STREET |173 MALDEN STREET |MAL0173A.JPG
912|173 MALDEN STREET |173 MALDEN STREET |MAL0173B.JPG
914|185 MALDEN STREET |185 MALDEN STREET |MAL0185A.JPG
914|185 MALDEN STREET |185 MALDEN STREET |MAL0185B.JPG
915|191 MALDEN STREET|191 MALDEN STREET|MAL0191A.JPG
915|191 MALDEN STREET|191 MALDEN STREET|MAL0191B.JPG
918|213 MALDEN STREET|213 MALDEN STREET|31.jpg
918|213 MALDEN STREET|213 MALDEN STREET|32.jpg
918|213 MALDEN STREET|213 MALDEN STREET|33.jpg
918|213 MALDEN STREET|213 MALDEN STREET|34.jpg
919|217 MALDEN STREET |217 MALDEN STREET |77.jpg
919|217 MALDEN STREET |217 MALDEN STREET |MAL0217A.JPG
919|217 MALDEN STREET |217 MALDEN STREET |MAL0217B.JPG
920|221 MALDEN STREET |221 MALDEN STREET |24.jpg
920|221 MALDEN STREET |221 MALDEN STREET |25.jpg
921|223 MALDEN STREET |223 MALDEN STREET |29.jpg
921|223 MALDEN STREET |223 MALDEN STREET |30.jpg
943|216 MALDEN STREET|216 MALDEN STREET|26.jpg
943|216 MALDEN STREET|216 MALDEN STREET|27.jpg
943|216 MALDEN STREET|216 MALDEN STREET|28.jpg
944|212 MALDEN STREET|212 MALDEN STREET|79.jpg
944|212 MALDEN STREET|212 MALDEN STREET|54.jpg
945|200 MALDEN STREET |200 MALDEN STREET |22.jpg
945|200 MALDEN STREET |200 MALDEN STREET |23.jpg
946|184 MALDEN STREET|184 MALDEN STREET|MAL0184A.JPG
946|184 MALDEN STREET|184 MALDEN STREET|MAL0184B.JPG
946|184 MALDEN STREET|184 MALDEN STREET|MAL0184C.JPG
947|180 MALDEN STREET |180 MALDEN STREET |20.jpg
947|180 MALDEN STREET |180 MALDEN STREET |21.jpg
947|180 MALDEN STREET |180 MALDEN STREET |45.jpg
948|176 MALDEN STREET|176 MALDEN STREET|MAL0176A.JPG
948|176 MALDEN STREET|176 MALDEN STREET|MAL0176B.JPG
949|164 MALDEN STREET|164 MALDEN STREET|MAL0164A.JPG
949|164 MALDEN STREET|164 MALDEN STREET|MAL0164B.JPG
949|164 MALDEN STREET|164 MALDEN STREET|MAL0164C.JPG
949|164 MALDEN STREET|164 MALDEN STREET|12.jpg
950|156 MALDEN STREET |156 MALDEN STREET |17.jpg
950|156 MALDEN STREET |156 MALDEN STREET |18.jpg
950|156 MALDEN STREET |156 MALDEN STREET |19.jpg
951|150 MALDEN STREET |150 MALDEN STREET |15.jpg
951|150 MALDEN STREET |150 MALDEN STREET |16.jpg
952|135 MALDEN STREET|135 MALDEN STREET|12.jpg
952|135 MALDEN STREET|135 MALDEN STREET|13.jpg
952|135 MALDEN STREET|135 MALDEN STREET|14.jpg
953|141 MALDEN STREET|141 MALDEN STREET|MAL0141A.JPG
953|141 MALDEN STREET|141 MALDEN STREET|MAL0141B.JPG
953|141 MALDEN STREET|141 MALDEN STREET|MAL0141C.JPG
955|146 MALDEN STREET |146 MALDEN STREET |MAL0146A.JPG
955|146 MALDEN STREET |146 MALDEN STREET |MAL0146B.JPG
955|146 MALDEN STREET |146 MALDEN STREET |11.jpg
956|140 MALDEN STREET|140 MALDEN STREET|06.jpg
956|140 MALDEN STREET|140 MALDEN STREET|MAL0140A.JPG
956|140 MALDEN STREET|140 MALDEN STREET|MAL0140B.JPG
957|124 MALDEN STREET |124 MALDEN STREET |08.jpg
957|124 MALDEN STREET |124 MALDEN STREET |09.jpg
957|124 MALDEN STREET |124 MALDEN STREET |10.jpg
957|124 MALDEN STREET |124 MALDEN STREET |11.jpg
958|122 MALDEN STREET |122 MALDEN STREET |05.jpg
958|122 MALDEN STREET |122 MALDEN STREET |06.jpg
958|122 MALDEN STREET |122 MALDEN STREET |07.jpg
959|118 MALDEN STREET|118 MALDEN STREET|76.jpg
959|118 MALDEN STREET|118 MALDEN STREET|77.jpg
959|118 MALDEN STREET|118 MALDEN STREET|12.jpg
959|118 MALDEN STREET|118 MALDEN STREET|13.jpg
961|3 PINE ARDEN DRIVE|3 PINE ARDEN DRIVE|48.jpg
961|3 PINE ARDEN DRIVE|3 PINE ARDEN DRIVE|49.jpg
962|9 PINE ARDEN DRIVE|9 PINE ARDEN DRIVE|84.jpg
962|9 PINE ARDEN DRIVE|9 PINE ARDEN DRIVE|85.jpg
962|9 PINE ARDEN DRIVE|9 PINE ARDEN DRIVE|00.jpg
963|15 PINE ARDEN DRIVE|15 PINE ARDEN DRIVE|52.jpg
963|15 PINE ARDEN DRIVE|15 PINE ARDEN DRIVE|53.jpg
963|15 PINE ARDEN DRIVE|15 PINE ARDEN DRIVE|PAD15.JPG
963|15 PINE ARDEN DRIVE|15 PINE ARDEN DRIVE|PAD15A.JPG
964|21 PINE ARDEN DRIVE|21 PINE ARDEN DRIVE|PRD0021A.JPG
964|21 PINE ARDEN DRIVE|21 PINE ARDEN DRIVE|PRD0021B.JPG
965|33 PINE ARDEN DRIVE |33 PINE ARDEN DRIVE |PRD0033A.JPG
965|33 PINE ARDEN DRIVE |33 PINE ARDEN DRIVE |PRD0033B.JPG
965|33 PINE ARDEN DRIVE |33 PINE ARDEN DRIVE |33PAR.jpg
966|35 PINE ARDEN DRIVE|35 PINE ARDEN DRIVE|PRD0035A.JPG
966|35 PINE ARDEN DRIVE|35 PINE ARDEN DRIVE|PRD0035B.JPG
966|35 PINE ARDEN DRIVE|35 PINE ARDEN DRIVE|09.jpg
966|35 PINE ARDEN DRIVE|35 PINE ARDEN DRIVE|10.jpg
967|39 PINE ARDEN DRIVE |39 PINE ARDEN DRIVE |59.jpg
967|39 PINE ARDEN DRIVE |39 PINE ARDEN DRIVE |60.jpg
968|47 PINE ARDEN DRIVE|47 PINE ARDEN DRIVE|71.jpg
968|47 PINE ARDEN DRIVE|47 PINE ARDEN DRIVE|72.jpg
969|57 PINE ARDEN DRIVE|57 PINE ARDEN DRIVE|61.jpg
969|57 PINE ARDEN DRIVE|57 PINE ARDEN DRIVE|62.jpg
969|57 PINE ARDEN DRIVE|57 PINE ARDEN DRIVE|63.jpg
970|65 PINE ARDEN DRIVE|65 PINE ARDEN DRIVE|64.jpg
970|65 PINE ARDEN DRIVE|65 PINE ARDEN DRIVE|65.jpg
971|74 PINE ARDEN DRIVE|74 PINE ARDEN DRIVE|68.jpg
971|74 PINE ARDEN DRIVE|74 PINE ARDEN DRIVE|69.jpg
972|66 PINE ARDEN DRIVE|66 PINE ARDEN DRIVE|88.jpg
972|66 PINE ARDEN DRIVE|66 PINE ARDEN DRIVE|PRD0066A.JPG
972|66 PINE ARDEN DRIVE|66 PINE ARDEN DRIVE|PRD0066B.JPG
972|66 PINE ARDEN DRIVE|66 PINE ARDEN DRIVE|PAD66.JPG
974|28 PINE ARDEN DRIVE|28 PINE ARDEN DRIVE|54.jpg
974|28 PINE ARDEN DRIVE|28 PINE ARDEN DRIVE|55.jpg
974|28 PINE ARDEN DRIVE|28 PINE ARDEN DRIVE|56.jpg
974|28 PINE ARDEN DRIVE|28 PINE ARDEN DRIVE|57.jpg
974|28 PINE ARDEN DRIVE|28 PINE ARDEN DRIVE|58.jpg
975|15 TOWNSEND DRIVE|15 TOWNSEND DRIVE|93.jpg
975|15 TOWNSEND DRIVE|15 TOWNSEND DRIVE|94.jpg
976|19 TOWNSEND DRIVE|19 TOWNSEND DRIVE|91.jpg
976|19 TOWNSEND DRIVE|19 TOWNSEND DRIVE|92.jpg
977|25 TOWNSEND DRIVE|25 TOWNSEND DRIVE|89.jpg
977|25 TOWNSEND DRIVE|25 TOWNSEND DRIVE|90.jpg
978|29 TOWNSEND DRIVE|29 TOWNSEND DRIVE|95.jpg
978|29 TOWNSEND DRIVE|29 TOWNSEND DRIVE|96.jpg
978|29 TOWNSEND DRIVE|29 TOWNSEND DRIVE|97.jpg
979|26 TOWNSEND DRIVE |26 TOWNSEND DRIVE |86.jpg
979|26 TOWNSEND DRIVE |26 TOWNSEND DRIVE |87.jpg
980|22 TOWNSEND DRIVE |22 TOWNSEND DRIVE |87.jpg
980|22 TOWNSEND DRIVE |22 TOWNSEND DRIVE |88.jpg
980|22 TOWNSEND DRIVE |22 TOWNSEND DRIVE |22twn.jpg
981|18 TOWNSEND DRIVE|18 TOWNSEND DRIVE|18twnB.jpg
981|18 TOWNSEND DRIVE|18 TOWNSEND DRIVE|18twnA.jpg
981|18 TOWNSEND DRIVE|18 TOWNSEND DRIVE|85.jpg
981|18 TOWNSEND DRIVE|18 TOWNSEND DRIVE|86.jpg
982|5 TOWNSEND CIRCLE |5 TOWNSEND CIRCLE |81.jpg
982|5 TOWNSEND CIRCLE |5 TOWNSEND CIRCLE |82.jpg
982|5 TOWNSEND CIRCLE |5 TOWNSEND CIRCLE |26.jpg
982|5 TOWNSEND CIRCLE |5 TOWNSEND CIRCLE |5 townsend cir-a.JPG
982|5 TOWNSEND CIRCLE |5 TOWNSEND CIRCLE |86.jpg
982|5 TOWNSEND CIRCLE |5 TOWNSEND CIRCLE |87.jpg
983|9 TOWNSEND CIRCLE|9 TOWNSEND CIRCLE|83.jpg
983|9 TOWNSEND CIRCLE|9 TOWNSEND CIRCLE|84.jpg
984|8 TOWNSEND CIRCLE |8 TOWNSEND CIRCLE |04.jpg
984|8 TOWNSEND CIRCLE |8 TOWNSEND CIRCLE |82.jpg
984|8 TOWNSEND CIRCLE |8 TOWNSEND CIRCLE |TOW8CB.JPG
984|8 TOWNSEND CIRCLE |8 TOWNSEND CIRCLE |TOW8AA.JPG
984|8 TOWNSEND CIRCLE |8 TOWNSEND CIRCLE |TOW8C.JPG
985|4 TOWNSEND CIRCLE|4 TOWNSEND CIRCLE|79.jpg
985|4 TOWNSEND CIRCLE|4 TOWNSEND CIRCLE|80.jpg
986|6 TOWNSEND DRIVE|6 TOWNSEND DRIVE|77.jpg
986|6 TOWNSEND DRIVE|6 TOWNSEND DRIVE|78.jpg
987|24 PINE ARDEN DRIVE|24 PINE ARDEN DRIVE|69.jpg
987|24 PINE ARDEN DRIVE|24 PINE ARDEN DRIVE|70.jpg
988|16 PINE ARDEN DRIVE |16 PINE ARDEN DRIVE |50.jpg
988|16 PINE ARDEN DRIVE |16 PINE ARDEN DRIVE |51.jpg
989|10 PINE ARDEN DRIVE|10 PINE ARDEN DRIVE|67.jpg
989|10 PINE ARDEN DRIVE|10 PINE ARDEN DRIVE|68.jpg
990|150 CRESCENT STREET |150 CRESCENT STREET |55.jpg
990|150 CRESCENT STREET |150 CRESCENT STREET |56.jpg
990|150 CRESCENT STREET |150 CRESCENT STREET |58.jpg
990|150 CRESCENT STREET |150 CRESCENT STREET |150 crescent-a.JPG
991|144 CRESCENT STREET |144 CRESCENT STREET |CRE0144A.JPG
991|144 CRESCENT STREET |144 CRESCENT STREET |62.jpg
991|144 CRESCENT STREET |144 CRESCENT STREET |63.jpg
993|1 LYNWOOD LANE|1 LYNWOOD LANE|44.jpg
993|1 LYNWOOD LANE|1 LYNWOOD LANE|45.jpg
994|15 LYNWOOD LANE|15 LYNWOOD LANE|65.jpg
994|15 LYNWOOD LANE|15 LYNWOOD LANE|66.jpg
996|28 LYNWOOD LANE|28 LYNWOOD LANE|62.jpg
996|28 LYNWOOD LANE|28 LYNWOOD LANE|63.jpg
996|28 LYNWOOD LANE|28 LYNWOOD LANE|64.jpg
997|22 LYNWOOD LANE|22 LYNWOOD LANE|60.jpg
997|22 LYNWOOD LANE|22 LYNWOOD LANE|61.jpg
997|22 LYNWOOD LANE|22 LYNWOOD LANE|87.jpg
998|16 LYNWOOD LANE|16 LYNWOOD LANE|46.jpg
998|16 LYNWOOD LANE|16 LYNWOOD LANE|47.jpg
999|149 CRESCENT STREET|149 CRESCENT STREET|42.jpg
999|149 CRESCENT STREET|149 CRESCENT STREET|43.jpg
1000|153 CRESCENT STREET |153 CRESCENT STREET |06.jpg
1000|153 CRESCENT STREET |153 CRESCENT STREET |CRE0153A.JPG
1000|153 CRESCENT STREET |153 CRESCENT STREET |CRE0153B.JPG
1000|153 CRESCENT STREET |153 CRESCENT STREET |CRE0153C.JPG
1000|153 CRESCENT STREET |153 CRESCENT STREET |CRE0153C1.JPG
1001|195 CRESCENT STREET|195 CRESCENT STREET|CRE0195A.JPG
1001|195 CRESCENT STREET|195 CRESCENT STREET|CRE0195B.JPG
1001|195 CRESCENT STREET|195 CRESCENT STREET|90.jpg
1001|195 CRESCENT STREET|195 CRESCENT STREET|91.jpg
1001|195 CRESCENT STREET|195 CRESCENT STREET|92.jpg
1002|125 CRESCENT STREET |125 CRESCENT STREET |01.jpg
1002|125 CRESCENT STREET |125 CRESCENT STREET |02.jpg
1002|125 CRESCENT STREET |125 CRESCENT STREET |CRE0125A1.JPG
1002|125 CRESCENT STREET |125 CRESCENT STREET |CRE0125B1.JPG
1003|112 CRESCENT STREET |112 CRESCENT STREET |51.jpg
1003|112 CRESCENT STREET |112 CRESCENT STREET |52.jpg
1004|70 CRESCENT STREET|70 CRESCENT STREET|CRE0070A.JPG
1004|70 CRESCENT STREET|70 CRESCENT STREET|CRE0070B.JPG
1004|70 CRESCENT STREET|70 CRESCENT STREET|CRE0070A1.JPG
1004|70 CRESCENT STREET|70 CRESCENT STREET|CRE0070A2.JPG
1004|70 CRESCENT STREET|70 CRESCENT STREET|CRE0070B1.JPG
1006|5 HOLT STREET|5 HOLT STREET|61.jpg
1006|5 HOLT STREET|5 HOLT STREET|62.jpg
1006|5 HOLT STREET|5 HOLT STREET|56.jpg
1007|21 HOLT STREET |21 HOLT STREET |68.jpg
1007|21 HOLT STREET |21 HOLT STREET |69.jpg
1007|21 HOLT STREET |21 HOLT STREET |70.jpg
1008|20 HOLT STREET |20 HOLT STREET |20Holt.jpg
1008|20 HOLT STREET |20 HOLT STREET |HOL0020A.JPG
1008|20 HOLT STREET |20 HOLT STREET |IMG_0165.JPG
1008|20 HOLT STREET |20 HOLT STREET |IMG_0162.JPG
1009|27 STERLING STREET |27 STERLING STREET |27str.jpg
1009|27 STERLING STREET |27 STERLING STREET |67.jpg
1009|27 STERLING STREET |27 STERLING STREET |68.jpg
1010|27 STERLING STREET |27 STERLING STREET |27ster.JPG
1010|27 STERLING STREET |27 STERLING STREET |85.jpg
1010|27 STERLING STREET |27 STERLING STREET |86.jpg
1011|33 STERLING STREET|33 STERLING STREET|72.jpg
1012|44 STERLING STREET|44 STERLING STREET|65.jpg
1012|44 STERLING STREET|44 STERLING STREET|88.jpg
1013|16 LANCASTER STREET |16 LANCASTER STREET |IMG_0189.JPG
1013|16 LANCASTER STREET |16 LANCASTER STREET |LAN0016A.JPG
1013|16 LANCASTER STREET |16 LANCASTER STREET |LAN0016B.JPG
1013|16 LANCASTER STREET |16 LANCASTER STREET |LAN0016A1.JPG
1013|16 LANCASTER STREET |16 LANCASTER STREET |LAN0016C1.JPG
1013|16 LANCASTER STREET |16 LANCASTER STREET |LAN16E.JPG
1013|16 LANCASTER STREET |16 LANCASTER STREET |LAN16B.JPG
1014|51 NEWTON STREET |51 NEWTON STREET |NEW51.JPG
1014|51 NEWTON STREET |51 NEWTON STREET |NEW0051A.JPG
1014|51 NEWTON STREET |51 NEWTON STREET |NEW0051B.JPG
1014|51 NEWTON STREET |51 NEWTON STREET |NEW0051C.JPG
1015|57 NEWTON STREET |57 NEWTON STREET |NEW0057A.JPG
1015|57 NEWTON STREET |57 NEWTON STREET |NEW0057B.JPG
1015|57 NEWTON STREET |57 NEWTON STREET |NEW0057B1.JPG
1015|57 NEWTON STREET |57 NEWTON STREET |NEW0057C.JPG
1015|57 NEWTON STREET |57 NEWTON STREET |56.jpg
1016|65 NEWTON STREET|65 NEWTON STREET|NEW0065A.JPG
1016|65 NEWTON STREET|65 NEWTON STREET|NEW0065B.JPG
1017|71 NEWTON STREET |71 NEWTON STREET |NEW0071A.JPG
1017|71 NEWTON STREET |71 NEWTON STREET |39.jpg
1017|71 NEWTON STREET |71 NEWTON STREET |40.jpg
1018|75 NEWTON STREET |75 NEWTON STREET |NEW0075A.JPG
1018|75 NEWTON STREET |75 NEWTON STREET |NEW0075B.JPG
1019|81 NEWTON STREET|81 NEWTON STREET|NEW0081A.JPG
1019|81 NEWTON STREET|81 NEWTON STREET|NEW0081B.JPG
1019|81 NEWTON STREET|81 NEWTON STREET|NEW0081C.JPG
1019|81 NEWTON STREET|81 NEWTON STREET|NEW0081C1.JPG
1020|89 NEWTON STREET |89 NEWTON STREET |NEW0089A.JPG
1020|89 NEWTON STREET |89 NEWTON STREET |NEW0089B.JPG
1020|89 NEWTON STREET |89 NEWTON STREET |NEW0089C.JPG
1021|95 NEWTON STREET|95 NEWTON STREET|NEW0095A.JPG
1021|95 NEWTON STREET|95 NEWTON STREET|NEW0095B.JPG
1022|99 NEWTON STREET|99 NEWTON STREET|NEW0099A.JPG
1022|99 NEWTON STREET|99 NEWTON STREET|NEW0099B.JPG
1022|99 NEWTON STREET|99 NEWTON STREET|99nwt.jpg
1022|99 NEWTON STREET|99 NEWTON STREET|NEW99.JPG
1022|99 NEWTON STREET|99 NEWTON STREET|NEW99A.JPG
1022|99 NEWTON STREET|99 NEWTON STREET|60.jpg
1023|101 GOODALE STREET|101 GOODALE STREET|36.jpg
1023|101 GOODALE STREET|101 GOODALE STREET|52.jpg
1023|101 GOODALE STREET|101 GOODALE STREET|53.jpg
1023|101 GOODALE STREET|101 GOODALE STREET|26.jpg
1023|101 GOODALE STREET|101 GOODALE STREET|27.jpg
1023|101 GOODALE STREET|101 GOODALE STREET|GOO101.JPG
1024|107 GOODALE STREET |107 GOODALE STREET |GOO0107A.JPG
1024|107 GOODALE STREET |107 GOODALE STREET |GOO0107B.JPG
1025|113 GOODALE STREET |113 GOODALE STREET |14.jpg
1025|113 GOODALE STREET |113 GOODALE STREET |15.jpg
1026|104 GOODALE STREET |104 GOODALE STREET |104gdl.jpg
1026|104 GOODALE STREET |104 GOODALE STREET |104gdlf.jpg
1026|104 GOODALE STREET |104 GOODALE STREET |GOO0104A.JPG
1026|104 GOODALE STREET |104 GOODALE STREET |GOO0104B.JPG
1027|107 NEWTON STREET |107 NEWTON STREET |NEW0107A.JPG
1027|107 NEWTON STREET |107 NEWTON STREET |NEW0107B.JPG
1027|107 NEWTON STREET |107 NEWTON STREET |NEW0107C.JPG
1027|107 NEWTON STREET |107 NEWTON STREET |79.jpg
1028|111 NEWTON STREET |111 NEWTON STREET |111newt.jpg
1030|106 NEWTON STREET|106 NEWTON STREET|NEW0106A.JPG
1030|106 NEWTON STREET|106 NEWTON STREET|NEW0106B.JPG
1030|106 NEWTON STREET|106 NEWTON STREET|24.jpg
1032|43 GOODALE STREET|43 GOODALE STREET|39.jpg
1032|43 GOODALE STREET|43 GOODALE STREET|GOO0043A.JPG
1032|43 GOODALE STREET|43 GOODALE STREET|GOO0043B.JPG
1032|43 GOODALE STREET|43 GOODALE STREET|GOO0043C.JPG
1033|57 GOODALE STREET|57 GOODALE STREET|70.jpg
1033|57 GOODALE STREET|57 GOODALE STREET|71.jpg
1033|57 GOODALE STREET|57 GOODALE STREET|72.jpg
1033|57 GOODALE STREET|57 GOODALE STREET|17.jpg
1034|55 GOODALE STREET|55 GOODALE STREET|55 goodale-a.JPG
1034|55 GOODALE STREET|55 GOODALE STREET|34.jpg
1034|55 GOODALE STREET|55 GOODALE STREET|35.jpg
1034|55 GOODALE STREET|55 GOODALE STREET|61.jpg
1035|59 GOODALE STREET |59 GOODALE STREET |GOO0059A.JPG
1035|59 GOODALE STREET |59 GOODALE STREET |GOO0059B.JPG
1036|63 GOODALE STREET |63 GOODALE STREET |GOO0063A.JPG
1036|63 GOODALE STREET |63 GOODALE STREET |GOO0063B.JPG
1036|63 GOODALE STREET |63 GOODALE STREET |31.jpg
1037|69 GOODALE STREET|69 GOODALE STREET|28.jpg
1037|69 GOODALE STREET|69 GOODALE STREET|29.jpg
1037|69 GOODALE STREET|69 GOODALE STREET|16.jpg
1038|73 GOODALE STREET|73 GOODALE STREET|18.jpg
1038|73 GOODALE STREET|73 GOODALE STREET|19.jpg
1039|83 GOODALE STREET|83 GOODALE STREET|16.jpg
1039|83 GOODALE STREET|83 GOODALE STREET|17.jpg
1040|92 NEWTON STREET |92 NEWTON STREET |23.jpg
1040|92 NEWTON STREET |92 NEWTON STREET |NEW0092A.JPG
1040|92 NEWTON STREET |92 NEWTON STREET |NEW0092B.JPG
1042|78 NEWTON STREET |78 NEWTON STREET |NEW0078A.JPG
1042|78 NEWTON STREET |78 NEWTON STREET |NEW0078B.JPG
1043|74 NEWTON STREET|74 NEWTON STREET|NEW0074B.JPG
1043|74 NEWTON STREET|74 NEWTON STREET|NEW0074B1.JPG
1043|74 NEWTON STREET|74 NEWTON STREET|19.jpg
1044|68 NEWTON STREET |68 NEWTON STREET |70.jpg
1044|68 NEWTON STREET |68 NEWTON STREET |71.jpg
1045|64 NEWTON STREET |64 NEWTON STREET |NEW0064A.JPG
1045|64 NEWTON STREET |64 NEWTON STREET |NEW0064B.JPG
1046|58 NEWTON STREET|58 NEWTON STREET|NEW0058A.JPG
1046|58 NEWTON STREET|58 NEWTON STREET|NEW0058B.JPG
1047|52 NEWTON STREET |52 NEWTON STREET |NEW0052A.JPG
1047|52 NEWTON STREET |52 NEWTON STREET |NEW0052B.JPG
1047|52 NEWTON STREET |52 NEWTON STREET |14.jpg
1047|52 NEWTON STREET |52 NEWTON STREET |15.jpg
1048|50 NEWTON STREET|50 NEWTON STREET|NEW0050A.JPG
1048|50 NEWTON STREET|50 NEWTON STREET|NEW0050B.JPG
1049|58 PROSPECT STREET|58 PROSPECT STREET|PRO0058A1.JPG
1049|58 PROSPECT STREET|58 PROSPECT STREET|58 prospect-a.JPG
1049|58 PROSPECT STREET|58 PROSPECT STREET|67.jpg
1049|58 PROSPECT STREET|58 PROSPECT STREET|68.jpg
1050|46 PROSPECT STREET |46 PROSPECT STREET |65.jpg
1050|46 PROSPECT STREET |46 PROSPECT STREET |PRO0046A.JPG
1050|46 PROSPECT STREET |46 PROSPECT STREET |PRO0046B.JPG
1050|46 PROSPECT STREET |46 PROSPECT STREET |PRO0046C.JPG
1051|42 PROSPECT STREET |42 PROSPECT STREET |PRO0042A.JPG
1051|42 PROSPECT STREET |42 PROSPECT STREET |PRO0042B.JPG
1052|5 CRESCENT STREET|5 CRESCENT STREET|CRE0005A.JPG
1052|5 CRESCENT STREET|5 CRESCENT STREET|CRE0005B.JPG
1053|9 CRESCENT STREET |9 CRESCENT STREET |CRE0009A.JPG
1053|9 CRESCENT STREET |9 CRESCENT STREET |CRE0009B.JPG
1055|19 CRESCENT STREET |19 CRESCENT STREET |90.jpg
1055|19 CRESCENT STREET |19 CRESCENT STREET |18.jpg
1056|25 CRESCENT STREET |25 CRESCENT STREET |91.jpg
1056|25 CRESCENT STREET |25 CRESCENT STREET |92.jpg
1056|25 CRESCENT STREET |25 CRESCENT STREET |CRE0025A.JPG
1057|29 CRESCENT STREET |29 CRESCENT STREET |46.jpg
1057|29 CRESCENT STREET |29 CRESCENT STREET |57.jpg
1057|29 CRESCENT STREET |29 CRESCENT STREET |58.jpg
1061|30 GOODALE STREET |30 GOODALE STREET |98.jpg
1061|30 GOODALE STREET |30 GOODALE STREET |00.jpg
1062|33 GOODALE STREET |33 GOODALE STREET |GOO0033A.JPG
1062|33 GOODALE STREET |33 GOODALE STREET |GOO0033B.JPG
1062|33 GOODALE STREET |33 GOODALE STREET |43.jpg
1063|37 GOODALE STREET|37 GOODALE STREET|GOO0037A.JPG
1063|37 GOODALE STREET|37 GOODALE STREET|GOO0037B.JPG
1064|34 CRESCENT STREET|34 CRESCENT STREET|53.jpg
1064|34 CRESCENT STREET|34 CRESCENT STREET|54.jpg
1065|30 CRESCENT STREET|30 CRESCENT STREET|51.jpg
1065|30 CRESCENT STREET|30 CRESCENT STREET|52.jpg
1065|30 CRESCENT STREET|30 CRESCENT STREET|98.jpg
1066|26 CRESCENT STREET |26 CRESCENT STREET |CRE0026A.JPG
1066|26 CRESCENT STREET |26 CRESCENT STREET |CRE0026B.JPG
1067|20 CRESCENT STREET|20 CRESCENT STREET|49.jpg
1067|20 CRESCENT STREET|20 CRESCENT STREET|50.jpg
1068|18 CRESCENT STREET |18 CRESCENT STREET |47.jpg
1068|18 CRESCENT STREET |18 CRESCENT STREET |48.jpg
1069|2 CRESCENT STREET |2 CRESCENT STREET |39.jpg
1069|2 CRESCENT STREET |2 CRESCENT STREET |40.jpg
1069|2 CRESCENT STREET |2 CRESCENT STREET |41.jpg
1069|2 CRESCENT STREET |2 CRESCENT STREET |42.jpg
1070|85 CENTRAL STREET|85 CENTRAL STREET|36.jpg
1070|85 CENTRAL STREET|85 CENTRAL STREET|37.jpg
1070|85 CENTRAL STREET|85 CENTRAL STREET|75.jpg
1071|89 CENTRAL STREET |89 CENTRAL STREET |82.jpg
1071|89 CENTRAL STREET |89 CENTRAL STREET |71.jpg
1071|89 CENTRAL STREET |89 CENTRAL STREET |72.jpg
1071|89 CENTRAL STREET |89 CENTRAL STREET |08.jpg
1072|91-93 CENTRAL STREET|91-93 CENTRAL STREET|73.jpg
1072|91-93 CENTRAL STREET|91-93 CENTRAL STREET|74.jpg
1072|91-93 CENTRAL STREET|91-93 CENTRAL STREET|53.jpg
1072|91-93 CENTRAL STREET|91-93 CENTRAL STREET|54.jpg
1073|101 CENTRAL STREET|101 CENTRAL STREET|51.jpg
1073|101 CENTRAL STREET|101 CENTRAL STREET|63.jpg
1073|101 CENTRAL STREET|101 CENTRAL STREET|64.jpg
1073|101 CENTRAL STREET|101 CENTRAL STREET|CTR0101B.JPG
1074|103 CENTRAL STREET |103 CENTRAL STREET |CTR0103A.JPG
1074|103 CENTRAL STREET |103 CENTRAL STREET |CTR0103B.JPG
1074|103 CENTRAL STREET |103 CENTRAL STREET |75.jpg
1075|107 CENTRAL STREET|107 CENTRAL STREET|77.jpg
1075|107 CENTRAL STREET|107 CENTRAL STREET|CTR0107A.JPG
1075|107 CENTRAL STREET|107 CENTRAL STREET|CTR0107B.JPG
1076|111 CENTRAL STREET |111 CENTRAL STREET |CTR0111A.JPG
1076|111 CENTRAL STREET |111 CENTRAL STREET |CTR0111B.JPG
1077|119 CENTRAL STREET |119 CENTRAL STREET |CTR0119A.JPG
1077|119 CENTRAL STREET |119 CENTRAL STREET |CTR0119B.JPG
1077|119 CENTRAL STREET |119 CENTRAL STREET |40.jpg
1078|127 CENTRAL STREET |127 CENTRAL STREET |CTR0127A.JPG
1078|127 CENTRAL STREET |127 CENTRAL STREET |CTR0127B.JPG
1079|116 CENTRAL STREET|116 CENTRAL STREET|CTR0116A.JPG
1079|116 CENTRAL STREET|116 CENTRAL STREET|86.jpg
1079|116 CENTRAL STREET|116 CENTRAL STREET|70.jpg
1081|2 GOODALE STREET |2 GOODALE STREET |98.jpg
1081|2 GOODALE STREET |2 GOODALE STREET |00.jpg
1081|2 GOODALE STREET |2 GOODALE STREET |Screenshot 2025-08-20 134331.png
1085|39 WORCESTER STREET|39 WORCESTER STREET|32.jpg
1085|39 WORCESTER STREET|39 WORCESTER STREET|33.jpg
1086|43 WORCESTER STREET|43 WORCESTER STREET|WOR0043A.JPG
1086|43 WORCESTER STREET|43 WORCESTER STREET|36.jpg
1086|43 WORCESTER STREET|43 WORCESTER STREET|37.jpg
1087|44 WORCESTER STREET|44 WORCESTER STREET|WOR0044A.JPG
1087|44 WORCESTER STREET|44 WORCESTER STREET|WOR0044B.JPG
1088|40 WORCESTER STREET |40 WORCESTER STREET |WOR0040A.JPG
1088|40 WORCESTER STREET |40 WORCESTER STREET |WOR0040B.JPG
1088|40 WORCESTER STREET |40 WORCESTER STREET |77.jpg
1090|24 WORCESTER STREET|24 WORCESTER STREET|53.jpg
1090|24 WORCESTER STREET|24 WORCESTER STREET|54.jpg
1090|24 WORCESTER STREET|24 WORCESTER STREET|55.jpg
1090|24 WORCESTER STREET|24 WORCESTER STREET|56.jpg
1091|12 WORCESTER STREET|12 WORCESTER STREET|59.jpg
1091|12 WORCESTER STREET|12 WORCESTER STREET|60.jpg
1091|12 WORCESTER STREET|12 WORCESTER STREET|61.jpg
1091|12 WORCESTER STREET|12 WORCESTER STREET|62.jpg
1092|8 WORCESTER STREET|8 WORCESTER STREET|WOR0008A.JPG
1092|8 WORCESTER STREET|8 WORCESTER STREET|WOR0008B.JPG
1093|1 / 9 PROSPECT STREET |1 / 9 PROSPECT STREET |56.jpg
1093|1 / 9 PROSPECT STREET |1 / 9 PROSPECT STREET |59.jpg
1093|1 / 9 PROSPECT STREET |1 / 9 PROSPECT STREET |60.jpg
1094|13 GOODALE STREET|13 GOODALE STREET|GOO0013A.JPG
1094|13 GOODALE STREET|13 GOODALE STREET|GOO0013B.JPG
1095|17 GOODALE STREET |17 GOODALE STREET |GOO0017A.JPG
1095|17 GOODALE STREET |17 GOODALE STREET |GOO0017B.JPG
1096|112 CENTRAL STREET |112 CENTRAL STREET |CTR0112A.JPG
1096|112 CENTRAL STREET |112 CENTRAL STREET |CTR0112B.JPG
1096|112 CENTRAL STREET |112 CENTRAL STREET |81.jpg
1097|104 CENTRAL STREET|104 CENTRAL STREET|CTR0104A.JPG
1097|104 CENTRAL STREET|104 CENTRAL STREET|CTR0104B.JPG
1098|12 PROSPECT STREET |12 PROSPECT STREET |PRO0012A.JPG
1098|12 PROSPECT STREET |12 PROSPECT STREET |PRO0012B.JPG
1098|12 PROSPECT STREET |12 PROSPECT STREET |PRO0012A1.JPG
1100|8 PROSPECT STREET |8 PROSPECT STREET |PRO0008A.JPG
1100|8 PROSPECT STREET |8 PROSPECT STREET |PRO0008B.JPG
1101|13 PROSPECT STREET |13 PROSPECT STREET |PRO0013A.JPG
1101|13 PROSPECT STREET |13 PROSPECT STREET |PRO0013B.JPG
1101|13 PROSPECT STREET |13 PROSPECT STREET |PRO13.JPG
1101|13 PROSPECT STREET |13 PROSPECT STREET |PRO13A.JPG
1101|13 PROSPECT STREET |13 PROSPECT STREET |PRO13B.JPG
1101|13 PROSPECT STREET |13 PROSPECT STREET |PRO13BB.JPG
1101|13 PROSPECT STREET |13 PROSPECT STREET |59.jpg
1101|13 PROSPECT STREET |13 PROSPECT STREET |08.jpg
1101|13 PROSPECT STREET |13 PROSPECT STREET |09.jpg
1102|15 PROSPECT STREET |15 PROSPECT STREET |PRO0015A.JPG
1102|15 PROSPECT STREET |15 PROSPECT STREET |PRO0015B.JPG
1103|19 PROSPECT STREET |19 PROSPECT STREET |PRO0019A.JPG
1103|19 PROSPECT STREET |19 PROSPECT STREET |PRO0019B.JPG
1104|25 PROSPECT STREET |25 PROSPECT STREET |PRO0025A.JPG
1104|25 PROSPECT STREET |25 PROSPECT STREET |PRO0025B.JPG
1104|25 PROSPECT STREET |25 PROSPECT STREET |PRO0025C.JPG
1105|29 PROSPECT STREET |29 PROSPECT STREET |PRO29.JPG
1105|29 PROSPECT STREET |29 PROSPECT STREET |PRO29A.JPG
1106|76 CENTRAL STREET |76 CENTRAL STREET |CTR0076A.JPG
1106|76 CENTRAL STREET |76 CENTRAL STREET |98.jpg
1107|66 CENTRAL STREET|66 CENTRAL STREET|88.jpg
1109|62 CENTRAL STREET |62 CENTRAL STREET |CTR0062A.JPG
1109|62 CENTRAL STREET |62 CENTRAL STREET |CTR0062B.JPG
1109|62 CENTRAL STREET |62 CENTRAL STREET |CTR0062B1.JPG
1109|62 CENTRAL STREET |62 CENTRAL STREET |CTR0062C.JPG
1111|58 CENTRAL STREET|58 CENTRAL STREET|33.jpg
1111|58 CENTRAL STREET|58 CENTRAL STREET|34.jpg
1111|58 CENTRAL STREET|58 CENTRAL STREET|35.jpg
1112|52 CENTRAL STREET|52 CENTRAL STREET|59.jpg
1112|52 CENTRAL STREET|52 CENTRAL STREET|CTR0052A.JPG
1112|52 CENTRAL STREET|52 CENTRAL STREET|CTR0052B.JPG
1113|55 CENTRAL STREET|55 CENTRAL STREET|40.jpg
1113|55 CENTRAL STREET|55 CENTRAL STREET|41.jpg
1114|57 CENTRAL STREET |57 CENTRAL STREET |38.jpg
1114|57 CENTRAL STREET |57 CENTRAL STREET |39.jpg
1114|57 CENTRAL STREET |57 CENTRAL STREET |15.jpg
1115|65 CENTRAL STREET |65 CENTRAL STREET |CTR0065A.JPG
1115|65 CENTRAL STREET |65 CENTRAL STREET |CTR0065B.JPG
1115|65 CENTRAL STREET |65 CENTRAL STREET |CTR0065C.JPG
1115|65 CENTRAL STREET |65 CENTRAL STREET |86.jpg
1116|71 CENTRAL STREET |71 CENTRAL STREET |89.jpg
1116|71 CENTRAL STREET |71 CENTRAL STREET |65.jpg
1116|71 CENTRAL STREET |71 CENTRAL STREET |66.jpg
1117|41 PROSPECT STREET |41 PROSPECT STREET |PRO0041A.JPG
1117|41 PROSPECT STREET |41 PROSPECT STREET |PRO0041B.JPG
1118|47 PROSPECT STREET |47 PROSPECT STREET |PRO0047A.JPG
1118|47 PROSPECT STREET |47 PROSPECT STREET |PRO0047B.JPG
1118|47 PROSPECT STREET |47 PROSPECT STREET |47prsB.jpg
1118|47 PROSPECT STREET |47 PROSPECT STREET |47PRsA.jpg
1119|51 PROSPECT STREET|51 PROSPECT STREET|PRO0051A.JPG
1119|51 PROSPECT STREET|51 PROSPECT STREET|71.jpg
1120|57 PROSPECT STREET |57 PROSPECT STREET |70.jpg
1120|57 PROSPECT STREET |57 PROSPECT STREET |PRO0057A.JPG
1120|57 PROSPECT STREET |57 PROSPECT STREET |PRO0057B.JPG
1121|174 GOODALE STREET |174 GOODALE STREET |GOO0174A.JPG
1121|174 GOODALE STREET |174 GOODALE STREET |GOO0174B.JPG
1121|174 GOODALE STREET |174 GOODALE STREET |GOO0174B1.JPG
1121|174 GOODALE STREET |174 GOODALE STREET |IMG_0008.JPG
1121|174 GOODALE STREET |174 GOODALE STREET |GOO174.JPG
1121|174 GOODALE STREET |174 GOODALE STREET |21.jpg
1122|170 GOODALE STREET |170 GOODALE STREET |GOO0170A.JPG
1122|170 GOODALE STREET |170 GOODALE STREET |GOO0170B.JPG
1123|166 GOODALE STREET |166 GOODALE STREET |GOO0166A.JPG
1123|166 GOODALE STREET |166 GOODALE STREET |GOO0166B.JPG
1123|166 GOODALE STREET |166 GOODALE STREET |15.jpg
1124|162 GOODALE STREET|162 GOODALE STREET|47.jpg
1124|162 GOODALE STREET|162 GOODALE STREET|86.jpg
1124|162 GOODALE STREET|162 GOODALE STREET|87.jpg
1125|152 GOODALE STREET |152 GOODALE STREET |68.jpg
1125|152 GOODALE STREET |152 GOODALE STREET |12.jpg
1125|152 GOODALE STREET |152 GOODALE STREET |85.jpg
1126|148 GOODALE STREET|148 GOODALE STREET|84.jpg
1126|148 GOODALE STREET|148 GOODALE STREET|85.jpg
1126|148 GOODALE STREET|148 GOODALE STREET|67.jpg
1127|7 BLAKE AVENUE |7 BLAKE AVENUE |BLA0007A.JPG
1127|7 BLAKE AVENUE |7 BLAKE AVENUE |BLA0007B.JPG
1128|11 BLAKE AVENUE|11 BLAKE AVENUE|BLA0011A.JPG
1128|11 BLAKE AVENUE|11 BLAKE AVENUE|BLA0011B.JPG
1129|15 BLAKE AVENUE|15 BLAKE AVENUE|BLA0015A.JPG
1129|15 BLAKE AVENUE|15 BLAKE AVENUE|BLA0015B.JPG
1130|19 BLAKE AVENUE |19 BLAKE AVENUE |BLA0019A.JPG
1130|19 BLAKE AVENUE |19 BLAKE AVENUE |BLA0019B.JPG
1131|25 BLAKE AVENUE|25 BLAKE AVENUE|82.jpg
1131|25 BLAKE AVENUE|25 BLAKE AVENUE|83.jpg
1132|24 BLAKE AVENUE |24 BLAKE AVENUE |91.jpg
1132|24 BLAKE AVENUE |24 BLAKE AVENUE |92.jpg
1132|24 BLAKE AVENUE |24 BLAKE AVENUE |79.jpg
1132|24 BLAKE AVENUE |24 BLAKE AVENUE |80.jpg
1133|20 BLAKE AVENUE|20 BLAKE AVENUE|89.jpg
1133|20 BLAKE AVENUE|20 BLAKE AVENUE|BLA0020A.JPG
1133|20 BLAKE AVENUE|20 BLAKE AVENUE|BLA0020B.JPG
1134|16 BLAKE AVENUE|16 BLAKE AVENUE|BLA0016A.JPG
1134|16 BLAKE AVENUE|16 BLAKE AVENUE|BLA0016B.JPG
1135|12 BLAKE AVENUE|12 BLAKE AVENUE|BLA0012A.JPG
1135|12 BLAKE AVENUE|12 BLAKE AVENUE|BLA0012B.JPG
1136|8 BLAKE AVENUE|8 BLAKE AVENUE|BLA0008A.JPG
1136|8 BLAKE AVENUE|8 BLAKE AVENUE|BLA0008B.JPG
1136|8 BLAKE AVENUE|8 BLAKE AVENUE|84.jpg
1137|142 GOODALE STREET |142 GOODALE STREET |81.jpg
1137|142 GOODALE STREET |142 GOODALE STREET |82.jpg
1137|142 GOODALE STREET |142 GOODALE STREET |GOO0142A.JPG
1137|142 GOODALE STREET |142 GOODALE STREET |GOO0142B.JPG
1137|142 GOODALE STREET |142 GOODALE STREET |142.jpeg
1138|136 GOODALE STREET|136 GOODALE STREET|76.jpg
1138|136 GOODALE STREET|136 GOODALE STREET|77.jpg
1138|136 GOODALE STREET|136 GOODALE STREET|78.jpg
1139|132 GOODALE STREET|132 GOODALE STREET|80.jpg
1139|132 GOODALE STREET|132 GOODALE STREET|81.jpg
1140|3 MALDEN STREET|3 MALDEN STREET|15.jpg
1140|3 MALDEN STREET|3 MALDEN STREET|MAL0003A.JPG
1140|3 MALDEN STREET|3 MALDEN STREET|MAL0003B.JPG
1141|7 MALDEN STREET|7 MALDEN STREET|MAL0007A.JPG
1141|7 MALDEN STREET|7 MALDEN STREET|MAL0007B.JPG
1141|7 MALDEN STREET|7 MALDEN STREET|28.jpg
1142|9 MALDEN STREET |9 MALDEN STREET |MAL0009B.JPG
1142|9 MALDEN STREET |9 MALDEN STREET |79.jpg
1142|9 MALDEN STREET |9 MALDEN STREET |80.jpg
1143|27 MALDEN STREET|27 MALDEN STREET|MAL0027A.JPG
1143|27 MALDEN STREET|27 MALDEN STREET|MAL0027B.JPG
1143|27 MALDEN STREET|27 MALDEN STREET|MAL0027B1.JPG
1143|27 MALDEN STREET|27 MALDEN STREET|MAL0027B2.JPG
1144|55 MALDEN STREET|55 MALDEN STREET|MAL0055A.JPG
1144|55 MALDEN STREET|55 MALDEN STREET|MAL0055B.JPG
1145|61 MALDEN STREET |61 MALDEN STREET |MAL0061A.JPG
1145|61 MALDEN STREET |61 MALDEN STREET |MAL0061B.JPG
1145|61 MALDEN STREET |61 MALDEN STREET |MAL0061C.JPG
1146|67 MALDEN STREET |67 MALDEN STREET |MAL0067A.JPG
1146|67 MALDEN STREET |67 MALDEN STREET |MAL0067B.JPG
1146|67 MALDEN STREET |67 MALDEN STREET |MAL67A.JPG
1146|67 MALDEN STREET |67 MALDEN STREET |47.jpg
1147|69 MALDEN STREET |69 MALDEN STREET |MAL0069A.JPG
1147|69 MALDEN STREET |69 MALDEN STREET |MAL0069B.JPG
1148|73 MALDEN STREET |73 MALDEN STREET |MAL0073A.JPG
1148|73 MALDEN STREET |73 MALDEN STREET |MAL0073B.JPG
1149|77 MALDEN STREET|77 MALDEN STREET|MAL0077A.JPG
1149|77 MALDEN STREET|77 MALDEN STREET|MAL0077B.JPG
1149|77 MALDEN STREET|77 MALDEN STREET|19.jpg
1150|79 MALDEN STREET |79 MALDEN STREET |17.jpg
1150|79 MALDEN STREET |79 MALDEN STREET |MAL0079A.JPG
1150|79 MALDEN STREET |79 MALDEN STREET |MAL0079B.JPG
1151|81 MALDEN STREET|81 MALDEN STREET|MAL0081A.JPG
1151|81 MALDEN STREET|81 MALDEN STREET|MAL0081B.JPG
1151|81 MALDEN STREET|81 MALDEN STREET|15.jpg
1152|85 MALDEN STREET |85 MALDEN STREET |MAL0085A.JPG
1152|85 MALDEN STREET |85 MALDEN STREET |MAL0085B.JPG
1152|85 MALDEN STREET |85 MALDEN STREET |MAL0085B1.JPG
1153|89 MALDEN STREET |89 MALDEN STREET |MAL0089A.JPG
1153|89 MALDEN STREET |89 MALDEN STREET |MAL0089B.JPG
1153|89 MALDEN STREET |89 MALDEN STREET |MAL0089A1.JPG
1155|125 MALDEN STREET |125 MALDEN STREET |MAL0125A.JPG
1155|125 MALDEN STREET |125 MALDEN STREET |MAL0125B.JPG
1155|125 MALDEN STREET |125 MALDEN STREET |MAL0125B1.JPG
1155|125 MALDEN STREET |125 MALDEN STREET |13.jpg
1156|147 MALDEN STREET |147 MALDEN STREET |MAL0147A.JPG
1156|147 MALDEN STREET |147 MALDEN STREET |MAL0147B.JPG
1157|72 MALDEN STREET |72 MALDEN STREET |MAL0072A.JPG
1157|72 MALDEN STREET |72 MALDEN STREET |MAL0072B.JPG
1157|72 MALDEN STREET |72 MALDEN STREET |MAL0072B1.JPG
1158|70 MALDEN STREET |70 MALDEN STREET |MAL0070A.JPG
1158|70 MALDEN STREET |70 MALDEN STREET |MAL0070B.JPG
1158|70 MALDEN STREET |70 MALDEN STREET |03.jpg
1159|66 MALDEN STREET |66 MALDEN STREET |27.jpg
1160|56 MALDEN STREET |56 MALDEN STREET |98.jpg
1160|56 MALDEN STREET |56 MALDEN STREET |MAL0056A.JPG
1160|56 MALDEN STREET |56 MALDEN STREET |MAL0056B.JPG
1161|18 MALDEN STREET |18 MALDEN STREET |00.jpg
1161|18 MALDEN STREET |18 MALDEN STREET |01.jpg
1161|18 MALDEN STREET |18 MALDEN STREET |51.jpg
1161|18 MALDEN STREET |18 MALDEN STREET |52.jpg
1161|18 MALDEN STREET |18 MALDEN STREET |53.jpg
1162|14 MALDEN STREET|14 MALDEN STREET|MAL0014A.JPG
1162|14 MALDEN STREET|14 MALDEN STREET|MAL0014B.JPG
1162|14 MALDEN STREET|14 MALDEN STREET|IMG_0199.JPG
1163|106 GOODALE STREET |106 GOODALE STREET |IMG_0155.JPG
1163|106 GOODALE STREET |106 GOODALE STREET |IMG_0157.JPG
1164|117 GOODALE STREET |117 GOODALE STREET |GOO0117A.JPG
1164|117 GOODALE STREET |117 GOODALE STREET |GOO0117B.JPG
1164|117 GOODALE STREET |117 GOODALE STREET |GOO0117B1.JPG
1164|117 GOODALE STREET |117 GOODALE STREET |GOO0117C.JPG
1166|5 MARSH HAWK WAY|5 MARSH HAWK WAY|MHW0005A.JPG
1166|5 MARSH HAWK WAY|5 MARSH HAWK WAY|MHW0005B.JPG
1166|5 MARSH HAWK WAY|5 MARSH HAWK WAY|51.jpg
1167|11 MARSH HAWK WAY |11 MARSH HAWK WAY |MHW0011A.JPG
1167|11 MARSH HAWK WAY |11 MARSH HAWK WAY |MHW0011B.JPG
1167|11 MARSH HAWK WAY |11 MARSH HAWK WAY |MHW0011B1.JPG
1168|4 MARSH HAWK WAY|4 MARSH HAWK WAY|MHW0004A.JPG
1168|4 MARSH HAWK WAY|4 MARSH HAWK WAY|11.jpg
1169|143 GOODALE STREET|143 GOODALE STREET|09.jpg
1169|143 GOODALE STREET|143 GOODALE STREET|GOO0143A.JPG
1169|143 GOODALE STREET|143 GOODALE STREET|GOO0143B.JPG
1170|147 GOODALE STREET |147 GOODALE STREET |GOO0147A.JPG
1170|147 GOODALE STREET |147 GOODALE STREET |GOO0147B.JPG
1171|155 GOODALE STREET|155 GOODALE STREET|GOO0155A.JPG
1171|155 GOODALE STREET|155 GOODALE STREET|GOO0155B.JPG
1171|155 GOODALE STREET|155 GOODALE STREET|GOO0155C.JPG
1172|163 GOODALE STREET|163 GOODALE STREET|GOO0163A.JPG
1172|163 GOODALE STREET|163 GOODALE STREET|GOO0163B.JPG
1172|163 GOODALE STREET|163 GOODALE STREET|03.jpg
1173|1000 GOODALE STREET |1000 GOODALE STREET |73.jpg
1174|316 GOODALE STREET|316 GOODALE STREET|316 goodale-b.JPG
1174|316 GOODALE STREET|316 GOODALE STREET|316 goodale-a.JPG
1174|316 GOODALE STREET|316 GOODALE STREET|GOO0316A.JPG
1174|316 GOODALE STREET|316 GOODALE STREET|GOO0316B.JPG
1174|316 GOODALE STREET|316 GOODALE STREET|GOO0316B1.JPG
1175|312 GOODALE STREET|312 GOODALE STREET|GOO0312A.JPG
1175|312 GOODALE STREET|312 GOODALE STREET|GOO0312B.JPG
1175|312 GOODALE STREET|312 GOODALE STREET|57.jpg
1177|306 GOODALE STREET |306 GOODALE STREET |55.jpg
1177|306 GOODALE STREET |306 GOODALE STREET |GOO0306A.JPG
1177|306 GOODALE STREET |306 GOODALE STREET |GOO0306B.JPG
1177|306 GOODALE STREET |306 GOODALE STREET |GOO0306B1.JPG
1178|304 GOODALE STREET |304 GOODALE STREET |GOO0304A.JPG
1178|304 GOODALE STREET |304 GOODALE STREET |GOO0304B.JPG
1178|304 GOODALE STREET |304 GOODALE STREET |GOO0304C.JPG
1180|290 GOODALE STREET|290 GOODALE STREET|GOO0290A.JPG
1180|290 GOODALE STREET|290 GOODALE STREET|GOO0290B.JPG
1180|290 GOODALE STREET|290 GOODALE STREET|50.jpg
1180|290 GOODALE STREET|290 GOODALE STREET|51.jpg
1181|288 GOODALE STREET |288 GOODALE STREET |48.jpg
1181|288 GOODALE STREET |288 GOODALE STREET |GOO0288A.JPG
1181|288 GOODALE STREET |288 GOODALE STREET |GOO0288B.JPG
1182|286 GOODALE STREET |286 GOODALE STREET |GOO0286A.JPG
1182|286 GOODALE STREET |286 GOODALE STREET |GOO0286B.JPG
1183|280 GOODALE STREET|280 GOODALE STREET|GOO0280A.JPG
1183|280 GOODALE STREET|280 GOODALE STREET|GOO0280B.JPG
1183|280 GOODALE STREET|280 GOODALE STREET|44.jpg
1183|280 GOODALE STREET|280 GOODALE STREET|45.jpg
1184|7 PHELPS PLACE|7 PHELPS PLACE|43.jpg
1184|7 PHELPS PLACE|7 PHELPS PLACE|PHE0007A.JPG
1184|7 PHELPS PLACE|7 PHELPS PLACE|PHE0007B.JPG
1185|42 PHELPS PLACE |42 PHELPS PLACE |PHE0042A.JPG
1185|42 PHELPS PLACE |42 PHELPS PLACE |PHE0042B.JPG
1185|42 PHELPS PLACE |42 PHELPS PLACE |06.jpg
1185|42 PHELPS PLACE |42 PHELPS PLACE |08.jpg
1185|42 PHELPS PLACE |42 PHELPS PLACE |09.jpg
1185|42 PHELPS PLACE |42 PHELPS PLACE |10.jpg
1187|287 GOODALE STREET|287 GOODALE STREET|08.jpg
1187|287 GOODALE STREET|287 GOODALE STREET|09.jpg
1188|291 GOODALE STREET|291 GOODALE STREET|73.jpg
1188|291 GOODALE STREET|291 GOODALE STREET|84.jpg
1188|291 GOODALE STREET|291 GOODALE STREET|85.jpg
1189|295 GOODALE STREET|295 GOODALE STREET|06.jpg
1189|295 GOODALE STREET|295 GOODALE STREET|07.jpg
1190|299 GOODALE STREET|299 GOODALE STREET|82.jpg
1190|299 GOODALE STREET|299 GOODALE STREET|83.jpg
1190|299 GOODALE STREET|299 GOODALE STREET|86.jpg
1190|299 GOODALE STREET|299 GOODALE STREET|89.jpg
1191|3 PHELPS PLACE|3 PHELPS PLACE|90.jpg
1191|3 PHELPS PLACE|3 PHELPS PLACE|91.jpg
1192|30 PHELPS PLACE |30 PHELPS PLACE |PHE0030A.JPG
1192|30 PHELPS PLACE |30 PHELPS PLACE |PHE0030B.JPG
1193|18 PHELPS PLACE |18 PHELPS PLACE |PHE0018A.JPG
1193|18 PHELPS PLACE |18 PHELPS PLACE |PHE0018B.JPG
1194|248 GOODALE STREET|248 GOODALE STREET|GOO0248A.JPG
1194|248 GOODALE STREET|248 GOODALE STREET|GOO0248B.JPG
1195|236 GOODALE STREET |236 GOODALE STREET |GOO0236A.JPG
1195|236 GOODALE STREET |236 GOODALE STREET |GOO0236B.JPG
1196|10 PHELPS PLACE|10 PHELPS PLACE|88.jpg
1196|10 PHELPS PLACE|10 PHELPS PLACE|89.jpg
1197|230 GOODALE STREET|230 GOODALE STREET|81.jpg
1197|230 GOODALE STREET|230 GOODALE STREET|82.jpg
1197|230 GOODALE STREET|230 GOODALE STREET|27.jpg
1197|230 GOODALE STREET|230 GOODALE STREET|28.jpg
1198|196 GOODALE STREET|196 GOODALE STREET|GOO0196A.JPG
1198|196 GOODALE STREET|196 GOODALE STREET|GOO0196B.JPG
1199|194 GOODALE STREET|194 GOODALE STREET|GOO0194A.JPG
1199|194 GOODALE STREET|194 GOODALE STREET|GOO0194B.JPG
1199|194 GOODALE STREET|194 GOODALE STREET|22.jpg
1199|194 GOODALE STREET|194 GOODALE STREET|23.jpg
1200|198 GOODALE STREET|198 GOODALE STREET|GOO0198A.JPG
1200|198 GOODALE STREET|198 GOODALE STREET|GOO0198B.JPG
1200|198 GOODALE STREET|198 GOODALE STREET|GOO198B.JPG
1200|198 GOODALE STREET|198 GOODALE STREET|GOO198A.JPG
1201|22 OLDE CENTURY FARM ROAD|22 OLDE CENTURY FARM ROAD|24.jpg
1201|22 OLDE CENTURY FARM ROAD|22 OLDE CENTURY FARM ROAD|25.jpg
1201|22 OLDE CENTURY FARM ROAD|22 OLDE CENTURY FARM ROAD|28.jpg
1201|22 OLDE CENTURY FARM ROAD|22 OLDE CENTURY FARM ROAD|29.jpg
1201|22 OLDE CENTURY FARM ROAD|22 OLDE CENTURY FARM ROAD|64.jpg
1201|22 OLDE CENTURY FARM ROAD|22 OLDE CENTURY FARM ROAD|65.jpg
1202|188 GOODALE STREET |188 GOODALE STREET |20.jpg
1202|188 GOODALE STREET |188 GOODALE STREET |GOO0188A.JPG
1202|188 GOODALE STREET |188 GOODALE STREET |GOO0188B.JPG
1203|182 GOODALE STREET|182 GOODALE STREET|GOO0182A.JPG
1203|182 GOODALE STREET|182 GOODALE STREET|GOO0182B.JPG
1203|182 GOODALE STREET|182 GOODALE STREET|41.jpg
1204|180 GOODALE STREET |180 GOODALE STREET |19.jpg
1204|180 GOODALE STREET |180 GOODALE STREET |GOO0180A.JPG
1204|180 GOODALE STREET |180 GOODALE STREET |GOO0180B.JPG
1205|10 MARSH HAWK WAY|10 MARSH HAWK WAY|MHW0010A.JPG
1205|10 MARSH HAWK WAY|10 MARSH HAWK WAY|MHW10.JPG
1205|10 MARSH HAWK WAY|10 MARSH HAWK WAY|MHW10A.JPG
1205|10 MARSH HAWK WAY|10 MARSH HAWK WAY|13.jpg
1205|10 MARSH HAWK WAY|10 MARSH HAWK WAY|73.jpg
1206|165 GOODALE STREET|165 GOODALE STREET|GOO0165A.JPG
1206|165 GOODALE STREET|165 GOODALE STREET|GOO0165B.JPG
1207|169 GOODALE STREET|169 GOODALE STREET|GOO0169A.JPG
1207|169 GOODALE STREET|169 GOODALE STREET|GOO0169B.JPG
1208|173 GOODALE STREET |173 GOODALE STREET |69.jpg
1208|173 GOODALE STREET |173 GOODALE STREET |13.jpg
1209|177 GOODALE STREET|177 GOODALE STREET|GOO0177A.JPG
1209|177 GOODALE STREET|177 GOODALE STREET|GOO0177B.JPG
1213|183 GOODALE STREET|183 GOODALE STREET|GOO0183A.JPG
1213|183 GOODALE STREET|183 GOODALE STREET|GOO0183B.JPG
1214|187 GOODALE STREET|187 GOODALE STREET|GOO0187A.JPG
1214|187 GOODALE STREET|187 GOODALE STREET|GOO0187B.JPG
1215|193 GOODALE STREET|193 GOODALE STREET|71.jpg
1215|193 GOODALE STREET|193 GOODALE STREET|90.jpg
1215|193 GOODALE STREET|193 GOODALE STREET|92.jpg
1216|195 GOODALE STREET|195 GOODALE STREET|15.jpg
1216|195 GOODALE STREET|195 GOODALE STREET|10.jpg
1216|195 GOODALE STREET|195 GOODALE STREET|11.jpg
1217|201 GOODALE STREET |201 GOODALE STREET |GOO0201A.JPG
1217|201 GOODALE STREET |201 GOODALE STREET |GOO0201B.JPG
1218|215 GOODALE STREET |215 GOODALE STREET |GOO215B.JPG
1218|215 GOODALE STREET |215 GOODALE STREET |GOO215AA.JPG
1218|215 GOODALE STREET |215 GOODALE STREET |73.jpg
1218|215 GOODALE STREET |215 GOODALE STREET |88.jpg
1218|215 GOODALE STREET |215 GOODALE STREET |88.jpg
1219|217 GOODALE STREET|217 GOODALE STREET|GOO0217A.JPG
1219|217 GOODALE STREET|217 GOODALE STREET|GOO0217B.JPG
1221|247 GOODALE STREET|247 GOODALE STREET|GOO0247A.JPG
1221|247 GOODALE STREET|247 GOODALE STREET|GOO0247B.JPG
1221|247 GOODALE STREET|247 GOODALE STREET|60.jpg
1222|154 PROSPECT STREET |154 PROSPECT STREET |81.jpg
1222|154 PROSPECT STREET |154 PROSPECT STREET |82.jpg
1222|154 PROSPECT STREET |154 PROSPECT STREET |PRO0154A.JPG
1222|154 PROSPECT STREET |154 PROSPECT STREET |PRO0154B.JPG
1222|154 PROSPECT STREET |154 PROSPECT STREET |PRO154A.JPG
1223|6 LOST OAK ROAD|6 LOST OAK ROAD|LOR0006A.JPG
1223|6 LOST OAK ROAD|6 LOST OAK ROAD|LOR0006B.JPG
1223|6 LOST OAK ROAD|6 LOST OAK ROAD|LOR0006C.JPG
1224|5 LOST OAK ROAD|5 LOST OAK ROAD|LOR0005A.JPG
1224|5 LOST OAK ROAD|5 LOST OAK ROAD|LOR0005B.JPG
1225|9 LOST OAK ROAD |9 LOST OAK ROAD |LOR0009A.JPG
1225|9 LOST OAK ROAD |9 LOST OAK ROAD |LOR0009B.JPG
1225|9 LOST OAK ROAD |9 LOST OAK ROAD |45.jpg
1225|9 LOST OAK ROAD |9 LOST OAK ROAD |46.jpg
1226|13 LOST OAK ROAD|13 LOST OAK ROAD|42.jpg
1226|13 LOST OAK ROAD|13 LOST OAK ROAD|43.jpg
1226|13 LOST OAK ROAD|13 LOST OAK ROAD|08.jpg
1226|13 LOST OAK ROAD|13 LOST OAK ROAD|10.jpg
1226|13 LOST OAK ROAD|13 LOST OAK ROAD|LOR0013A.JPG
1226|13 LOST OAK ROAD|13 LOST OAK ROAD|LOR0013B.JPG
1227|17 LOST OAK ROAD |17 LOST OAK ROAD |LOR0017A.JPG
1227|17 LOST OAK ROAD |17 LOST OAK ROAD |LOR0017B.JPG
1227|17 LOST OAK ROAD |17 LOST OAK ROAD |18.jpg
1228|21 LOST OAK ROAD |21 LOST OAK ROAD |40.jpg
1228|21 LOST OAK ROAD |21 LOST OAK ROAD |LOR0021A.JPG
1228|21 LOST OAK ROAD |21 LOST OAK ROAD |LOR0021B.JPG
1229|30 LOST OAK ROAD |30 LOST OAK ROAD |LOR0030A.JPG
1230|26 LOST OAK ROAD |26 LOST OAK ROAD |LOR0026A.JPG
1230|26 LOST OAK ROAD |26 LOST OAK ROAD |LOR0026B.JPG
1230|26 LOST OAK ROAD |26 LOST OAK ROAD |38.jpg
1230|26 LOST OAK ROAD |26 LOST OAK ROAD |39.jpg
1232|18 LOST OAK ROAD|18 LOST OAK ROAD|LOR0018A.JPG
1232|18 LOST OAK ROAD|18 LOST OAK ROAD|LOR0018B.JPG
1232|18 LOST OAK ROAD|18 LOST OAK ROAD|25.jpg
1233|22 LOST OAK ROAD|22 LOST OAK ROAD|36.jpg
1233|22 LOST OAK ROAD|22 LOST OAK ROAD|37.jpg
1233|22 LOST OAK ROAD|22 LOST OAK ROAD|21.jpg
1235|47 FRANKLIN STREET |47 FRANKLIN STREET |03.jpg
1235|47 FRANKLIN STREET |47 FRANKLIN STREET |04.jpg
1235|47 FRANKLIN STREET |47 FRANKLIN STREET |FRA47.JPG
1235|47 FRANKLIN STREET |47 FRANKLIN STREET |FRA47A.JPG
1236|51 FRANKLIN STREET|51 FRANKLIN STREET|01.jpg
1236|51 FRANKLIN STREET|51 FRANKLIN STREET|02.jpg
1237|55 FRANKLIN STREET |55 FRANKLIN STREET |98.jpg
1237|55 FRANKLIN STREET |55 FRANKLIN STREET |00.jpg
1238|57 FRANKLIN STREET |57 FRANKLIN STREET |96.jpg
1238|57 FRANKLIN STREET |57 FRANKLIN STREET |97.jpg
1238|57 FRANKLIN STREET |57 FRANKLIN STREET |FRK0057C.JPG
1239|7 HENRY STREET|7 HENRY STREET|HEN0007A.JPG
1239|7 HENRY STREET|7 HENRY STREET|16.jpg
1240|14 HENRY STREET|14 HENRY STREET|HEN0014A.JPG
1240|14 HENRY STREET|14 HENRY STREET|HEN0014B.JPG
1241|73 FRANKLIN STREET|73 FRANKLIN STREET|14.jpg
1241|73 FRANKLIN STREET|73 FRANKLIN STREET|15.jpg
1242|5 BOWEN STREET |5 BOWEN STREET |16.jpg
1242|5 BOWEN STREET |5 BOWEN STREET |17.jpg
1242|5 BOWEN STREET |5 BOWEN STREET |BOW5.JPG
1242|5 BOWEN STREET |5 BOWEN STREET |BOW5.JPG
1243|9 BOWEN STREET |9 BOWEN STREET |25.jpg
1243|9 BOWEN STREET |9 BOWEN STREET |26.jpg
1244|13 BOWEN STREET |13 BOWEN STREET |23.jpg
1244|13 BOWEN STREET |13 BOWEN STREET |24.jpg
1245|18 BOWEN STREET |18 BOWEN STREET |BOW18A.JPG
1245|18 BOWEN STREET |18 BOWEN STREET |BOW18C.JPG
1245|18 BOWEN STREET |18 BOWEN STREET |18.jpg
1245|18 BOWEN STREET |18 BOWEN STREET |19.jpg
1245|18 BOWEN STREET |18 BOWEN STREET |94.jpg
1246|14 BOWEN STREET |14 BOWEN STREET |08.jpg
1246|14 BOWEN STREET |14 BOWEN STREET |BOW14B.JPG
1246|14 BOWEN STREET |14 BOWEN STREET |BOW14A.JPG
1246|14 BOWEN STREET |14 BOWEN STREET |21.jpg
1246|14 BOWEN STREET |14 BOWEN STREET |22.jpg
1247|10 BOWEN STREET |10 BOWEN STREET |19.jpg
1247|10 BOWEN STREET |10 BOWEN STREET |20.jpg
1247|10 BOWEN STREET |10 BOWEN STREET |12.jpg
1248|2 BOWEN STREET |2 BOWEN STREET |06.jpg
1248|2 BOWEN STREET |2 BOWEN STREET |17.jpg
1248|2 BOWEN STREET |2 BOWEN STREET |18.jpg
1249|129 PROSPECT STREET|129 PROSPECT STREET|PRO0129A.JPG
1249|129 PROSPECT STREET|129 PROSPECT STREET|PRO0129B.JPG
1249|129 PROSPECT STREET|129 PROSPECT STREET|39.jpg
1250|151 PROSPECT STREET|151 PROSPECT STREET|38.jpg
1250|151 PROSPECT STREET|151 PROSPECT STREET|PRO0151A.JPG
1250|151 PROSPECT STREET|151 PROSPECT STREET|PRO0151B.JPG
1251|158 PROSPECT STREET|158 PROSPECT STREET|PRO0158A.JPG
1251|158 PROSPECT STREET|158 PROSPECT STREET|PRO0158B.JPG
1252|152 PROSPECT STREET |152 PROSPECT STREET |PRO0152A.JPG
1252|152 PROSPECT STREET |152 PROSPECT STREET |11.jpg
1254|98 PROSPECT STREET|98 PROSPECT STREET|PRO0098A.JPG
1254|98 PROSPECT STREET|98 PROSPECT STREET|PRO0098B.JPG
1254|98 PROSPECT STREET|98 PROSPECT STREET|PRO0098A1.JPG
1254|98 PROSPECT STREET|98 PROSPECT STREET|PRO0098B1.JPG
1254|98 PROSPECT STREET|98 PROSPECT STREET|PRO0098B2.JPG
1254|98 PROSPECT STREET|98 PROSPECT STREET|PRO0098C.JPG
1254|98 PROSPECT STREET|98 PROSPECT STREET|PRO0098C1.JPG
1255|43 SCARLETT STREET |43 SCARLETT STREET |SCA0043A.JPG
1255|43 SCARLETT STREET |43 SCARLETT STREET |SCA0043B.JPG
1255|43 SCARLETT STREET |43 SCARLETT STREET |SCA0043C.JPG
1256|53 SCARLETT STREET |53 SCARLETT STREET |12.jpg
1256|53 SCARLETT STREET |53 SCARLETT STREET |13.jpg
1257|65 SCARLETT STREET|65 SCARLETT STREET|02.jpg
1257|65 SCARLETT STREET|65 SCARLETT STREET|SCA0065A.JPG
1257|65 SCARLETT STREET|65 SCARLETT STREET|SCA0065A1.JPG
1258|67 SCARLETT STREET |67 SCARLETT STREET |SCA0067A.JPG
1258|67 SCARLETT STREET |67 SCARLETT STREET |00.jpg
1258|67 SCARLETT STREET |67 SCARLETT STREET |01.jpg
1260|58 SCARLETT STREET |58 SCARLETT STREET |97.jpg
1260|58 SCARLETT STREET |58 SCARLETT STREET |SCA0058A.JPG
1260|58 SCARLETT STREET |58 SCARLETT STREET |SCA0058B.JPG
1260|58 SCARLETT STREET |58 SCARLETT STREET |SCA0058C.JPG
1261|44 SCARLETT STREET|44 SCARLETT STREET|SCA0044B.JPG
1261|44 SCARLETT STREET|44 SCARLETT STREET|63.jpg
1262|43 NEWTON STREET |43 NEWTON STREET |NEW0043A.JPG
1262|43 NEWTON STREET |43 NEWTON STREET |NEW0043B.JPG
1262|43 NEWTON STREET |43 NEWTON STREET |NEW43BB.JPG
1262|43 NEWTON STREET |43 NEWTON STREET |NEW43A.JPG
1262|43 NEWTON STREET |43 NEWTON STREET |NEW43B.JPG
1262|43 NEWTON STREET |43 NEWTON STREET |51.jpg
1263|17 MARSH HAWK WAY|17 MARSH HAWK WAY|75.jpg
1263|17 MARSH HAWK WAY|17 MARSH HAWK WAY|MHW0017A.JPG
1263|17 MARSH HAWK WAY|17 MARSH HAWK WAY|MHW0017B.JPG
1263|17 MARSH HAWK WAY|17 MARSH HAWK WAY|MHW0017B1.JPG
1263|17 MARSH HAWK WAY|17 MARSH HAWK WAY|photo.jpg
1264|16 MARSH HAWK WAY |16 MARSH HAWK WAY |MHW0016A.JPG
1264|16 MARSH HAWK WAY |16 MARSH HAWK WAY |MHW0016B.JPG
1265|59 PROSPECT STREET|59 PROSPECT STREET|90.jpg
1266|32 NEWTON STREET|32 NEWTON STREET|NEW0032A.JPG
1266|32 NEWTON STREET|32 NEWTON STREET|NEW0032B.JPG
1267|28 NEWTON STREET|28 NEWTON STREET|64.jpg
1267|28 NEWTON STREET|28 NEWTON STREET|65.jpg
1268|26 NEWTON STREET  A |26 NEWTON STREET  A |05.jpg
1268|26 NEWTON STREET  A |26 NEWTON STREET  A |06.jpg
1268|26 NEWTON STREET  A |26 NEWTON STREET  A |NEW0026A.JPG
1268|26 NEWTON STREET  A |26 NEWTON STREET  A |NEW0026B.JPG
1269|24 NEWTON STREET  B |24 NEWTON STREET  B |NEW0024A.JPG
1269|24 NEWTON STREET  B |24 NEWTON STREET  B |NEW0024B.JPG
1269|24 NEWTON STREET  B |24 NEWTON STREET  B |03.jpg
1269|24 NEWTON STREET  B |24 NEWTON STREET  B |04.jpg
1270|22 NEWTON STREET  C|22 NEWTON STREET  C|62.jpg
1270|22 NEWTON STREET  C|22 NEWTON STREET  C|63.jpg
1271|20 NEWTON STREET  D |20 NEWTON STREET  D |01.jpg
1271|20 NEWTON STREET  D |20 NEWTON STREET  D |02.jpg
1271|20 NEWTON STREET  D |20 NEWTON STREET  D |NEW0020A.JPG
1271|20 NEWTON STREET  D |20 NEWTON STREET  D |NEW0020B.JPG
1272|14 NEWTON STREET|14 NEWTON STREET|NEW0014A.JPG
1272|14 NEWTON STREET|14 NEWTON STREET|NEW0014B.JPG
1272|14 NEWTON STREET|14 NEWTON STREET|NEW0014C.JPG
1273|8 NEWTON STREET|8 NEWTON STREET|53.jpg
1273|8 NEWTON STREET|8 NEWTON STREET|54.jpg
1273|8 NEWTON STREET|8 NEWTON STREET|55.jpg
1274|7 NEWTON STREET |7 NEWTON STREET |91.jpg
1275|11 NEWTON STREET|11 NEWTON STREET|61.jpg
1275|11 NEWTON STREET|11 NEWTON STREET|NEW0011A.JPG
1275|11 NEWTON STREET|11 NEWTON STREET|NEW0011B.JPG
1276|15 NEWTON STREET |15 NEWTON STREET |62.jpg
1276|15 NEWTON STREET |15 NEWTON STREET |68.jpg
1276|15 NEWTON STREET |15 NEWTON STREET |69.jpg
1277|17 NEWTON STREET|17 NEWTON STREET|66.jpg
1277|17 NEWTON STREET|17 NEWTON STREET|67.jpg
1278|23 NEWTON STREET|23 NEWTON STREET|58.jpg
1278|23 NEWTON STREET|23 NEWTON STREET|NEW0023A.JPG
1278|23 NEWTON STREET|23 NEWTON STREET|NEW0023B.JPG
1279|27 NEWTON STREET|27 NEWTON STREET|NEW0027A.JPG
1279|27 NEWTON STREET|27 NEWTON STREET|NEW0027B.JPG
1280|31 NEWTON STREET|31 NEWTON STREET|NEW0031A.JPG
1280|31 NEWTON STREET|31 NEWTON STREET|NEW31A.JPG
1280|31 NEWTON STREET|31 NEWTON STREET|NEW31B.JPG
1280|31 NEWTON STREET|31 NEWTON STREET|NEW31CC.jpg
1280|31 NEWTON STREET|31 NEWTON STREET|49.jpg
1281|34 SCARLETT STREET |34 SCARLETT STREET |SCA0034A.JPG
1281|34 SCARLETT STREET |34 SCARLETT STREET |SCA0034B.JPG
1282|30 SCARLETT STREET|30 SCARLETT STREET|SCA0030A.JPG
1282|30 SCARLETT STREET|30 SCARLETT STREET|SCA0030B.JPG
1282|30 SCARLETT STREET|30 SCARLETT STREET|92.jpg
1283|26 SCARLETT STREET|26 SCARLETT STREET|SCA0026A.JPG
1283|26 SCARLETT STREET|26 SCARLETT STREET|SCA0026B.JPG
1283|26 SCARLETT STREET|26 SCARLETT STREET|SCA26.jpg
1283|26 SCARLETT STREET|26 SCARLETT STREET|SCA26A.JPG
1284|22 SCARLETT STREET|22 SCARLETT STREET|10.jpg
1284|22 SCARLETT STREET|22 SCARLETT STREET|11.jpg
1285|18 SCARLETT STREET|18 SCARLETT STREET|SCA0018A.JPG
1285|18 SCARLETT STREET|18 SCARLETT STREET|SCA0018B.JPG
1286|14 SCARLETT STREET|14 SCARLETT STREET|SCA0014A.JPG
1286|14 SCARLETT STREET|14 SCARLETT STREET|SCA0014B.JPG
1287|21 SCARLETT STREET|21 SCARLETT STREET|SCA0021A.JPG
1287|21 SCARLETT STREET|21 SCARLETT STREET|SCA0021B.JPG
1288|25 SCARLETT STREET|25 SCARLETT STREET|08.jpg
1288|25 SCARLETT STREET|25 SCARLETT STREET|09.jpg
1289|29 SCARLETT STREET|29 SCARLETT STREET|SCA0029A.JPG
1289|29 SCARLETT STREET|29 SCARLETT STREET|SCA0029B.JPG
1290|33 SCARLETT STREET|33 SCARLETT STREET|06.jpg
1290|33 SCARLETT STREET|33 SCARLETT STREET|07.jpg
1291|35 SCARLETT STREET|35 SCARLETT STREET|SCA0035A.JPG
1291|35 SCARLETT STREET|35 SCARLETT STREET|SCA0035B.JPG
1292|93 PROSPECT STREET |93 PROSPECT STREET |PRO0093A.JPG
1292|93 PROSPECT STREET |93 PROSPECT STREET |PRO0093B.JPG
1292|93 PROSPECT STREET |93 PROSPECT STREET |PRO93.JPG
1293|99 PROSPECT STREET |99 PROSPECT STREET |PRO0099A.JPG
1293|99 PROSPECT STREET |99 PROSPECT STREET |PRO0099B.JPG
1293|99 PROSPECT STREET |99 PROSPECT STREET |46.jpg
1294|105 PROSPECT STREET|105 PROSPECT STREET|PRO0105A.JPG
1294|105 PROSPECT STREET|105 PROSPECT STREET|PRO0105B.JPG
1294|105 PROSPECT STREET|105 PROSPECT STREET|PRO0105A1.JPG
1295|107 PROSPECT STREET|107 PROSPECT STREET|PRO0107A.JPG
1295|107 PROSPECT STREET|107 PROSPECT STREET|PRO0107B.JPG
1296|82 FRANKLIN STREET|82 FRANKLIN STREET|94.jpg
1296|82 FRANKLIN STREET|82 FRANKLIN STREET|95.jpg
1296|82 FRANKLIN STREET|82 FRANKLIN STREET|48.jpg
1297|80 FRANKLIN STREET|80 FRANKLIN STREET|91.jpg
1297|80 FRANKLIN STREET|80 FRANKLIN STREET|92.jpg
1297|80 FRANKLIN STREET|80 FRANKLIN STREET|93.jpg
1298|74 FRANKLIN STREET|74 FRANKLIN STREET|88.jpg
1298|74 FRANKLIN STREET|74 FRANKLIN STREET|89.jpg
1298|74 FRANKLIN STREET|74 FRANKLIN STREET|90.jpg
1299|68 FRANKLIN STREET|68 FRANKLIN STREET|86.jpg
1299|68 FRANKLIN STREET|68 FRANKLIN STREET|87.jpg
1299|68 FRANKLIN STREET|68 FRANKLIN STREET|67.jpg
1300|64 FRANKLIN STREET |64 FRANKLIN STREET |IMG_0009.JPG
1300|64 FRANKLIN STREET |64 FRANKLIN STREET |64fran.jpg
1300|64 FRANKLIN STREET |64 FRANKLIN STREET |FRA64.JPG
1301|60 FRANKLIN STREET |60 FRANKLIN STREET |84.jpg
1301|60 FRANKLIN STREET |60 FRANKLIN STREET |85.jpg
1301|60 FRANKLIN STREET |60 FRANKLIN STREET |65.jpg
1302|56 FRANKLIN STREET|56 FRANKLIN STREET|61.jpg
1302|56 FRANKLIN STREET|56 FRANKLIN STREET|30.jpg
1302|56 FRANKLIN STREET|56 FRANKLIN STREET|31.jpg
1303|52 FRANKLIN STREET |52 FRANKLIN STREET |58.jpg
1303|52 FRANKLIN STREET |52 FRANKLIN STREET |82.jpg
1303|52 FRANKLIN STREET |52 FRANKLIN STREET |83.jpg
1304|48 FRANKLIN STREET|48 FRANKLIN STREET|80.jpg
1304|48 FRANKLIN STREET|48 FRANKLIN STREET|81.jpg
1305|44 FRANKLIN STREET|44 FRANKLIN STREET|78.jpg
1305|44 FRANKLIN STREET|44 FRANKLIN STREET|79.jpg
1307|36 FRANKLIN STREET|36 FRANKLIN STREET|76.jpg
1307|36 FRANKLIN STREET|36 FRANKLIN STREET|77.jpg
1308|26 WEST BOYLSTON STREET |26 WEST BOYLSTON STREET |35.jpg
1308|26 WEST BOYLSTON STREET |26 WEST BOYLSTON STREET |36.jpg
1308|26 WEST BOYLSTON STREET |26 WEST BOYLSTON STREET |37.jpg
1308|26 WEST BOYLSTON STREET |26 WEST BOYLSTON STREET |38.jpg
1308|26 WEST BOYLSTON STREET |26 WEST BOYLSTON STREET |WBS26.JPG
1308|26 WEST BOYLSTON STREET |26 WEST BOYLSTON STREET |WBS26A.JPG
1309|20 WEST BOYLSTON STREET |20 WEST BOYLSTON STREET |61.jpg
1309|20 WEST BOYLSTON STREET |20 WEST BOYLSTON STREET |62.jpg
1309|20 WEST BOYLSTON STREET |20 WEST BOYLSTON STREET |WBS0020A1.JPG
1309|20 WEST BOYLSTON STREET |20 WEST BOYLSTON STREET |WBS0020B1.JPG
1310|12 WEST BOYLSTON STREET |12 WEST BOYLSTON STREET |59.jpg
1310|12 WEST BOYLSTON STREET |12 WEST BOYLSTON STREET |60.jpg
1310|12 WEST BOYLSTON STREET |12 WEST BOYLSTON STREET |12wb.jpg
1311|2 WEST BOYLSTON STREET |2 WEST BOYLSTON STREET |95.jpg
1311|2 WEST BOYLSTON STREET |2 WEST BOYLSTON STREET |96.jpg
1311|2 WEST BOYLSTON STREET |2 WEST BOYLSTON STREET |38.jpg
1311|2 WEST BOYLSTON STREET |2 WEST BOYLSTON STREET |40.jpg
1312|24-26 CHURCH STREET |24-26 CHURCH STREET |12.jpg
1313|20 CHURCH STREET|20 CHURCH STREET|CHR0020A.JPG
1313|20 CHURCH STREET|20 CHURCH STREET|CHR0020B.JPG
1314|18 CHURCH STREET|18 CHURCH STREET|CHR0018A.JPG
1314|18 CHURCH STREET|18 CHURCH STREET|CHR0018B.JPG
1314|18 CHURCH STREET|18 CHURCH STREET|48.jpg
1315|12 CHURCH STREET|12 CHURCH STREET|96.jpg
1316|6 CHURCH STREET|6 CHURCH STREET|38.jpg
1316|6 CHURCH STREET|6 CHURCH STREET|CHR0006A.JPG
1316|6 CHURCH STREET|6 CHURCH STREET|CHR0006B.JPG
1318|45 CENTRAL STREET |45 CENTRAL STREET |44.jpg
1318|45 CENTRAL STREET |45 CENTRAL STREET |45.jpg
1318|45 CENTRAL STREET |45 CENTRAL STREET |46.jpg
1319|49 CENTRAL STREET |49 CENTRAL STREET |42.jpg
1319|49 CENTRAL STREET |49 CENTRAL STREET |43.jpg
1319|49 CENTRAL STREET |49 CENTRAL STREET |49 central.jpg
1320|53 CENTRAL STREET |53 CENTRAL STREET |CTR0053A.JPG
1320|53 CENTRAL STREET |53 CENTRAL STREET |CTR0053B.JPG
1320|53 CENTRAL STREET |53 CENTRAL STREET |CTR0053B1.JPG
1321|46 CENTRAL STREET |46 CENTRAL STREET |CTR0046A.JPG
1321|46 CENTRAL STREET |46 CENTRAL STREET |CTR0046B.JPG
1322|44 CENTRAL STREET |44 CENTRAL STREET |31.jpg
1322|44 CENTRAL STREET |44 CENTRAL STREET |32.jpg
1323|40 CENTRAL STREET |40 CENTRAL STREET |CTR0040A.JPG
1323|40 CENTRAL STREET |40 CENTRAL STREET |CTR0040B.JPG
1323|40 CENTRAL STREET |40 CENTRAL STREET |CTR0040B1.JPG
1324|38 CENTRAL STREET|38 CENTRAL STREET|CTR0038A.JPG
1324|38 CENTRAL STREET|38 CENTRAL STREET|CTR0038B.JPG
1324|38 CENTRAL STREET|38 CENTRAL STREET|50.jpg
1325|34 CENTRAL STREET |34 CENTRAL STREET |CTR0034A.JPG
1325|34 CENTRAL STREET |34 CENTRAL STREET |CTR0034B.JPG
1325|34 CENTRAL STREET |34 CENTRAL STREET |CTR0034A1.JPG
1325|34 CENTRAL STREET |34 CENTRAL STREET |CTR0034C.JPG
1326|34A CENTRAL STREET|34A CENTRAL STREET|CTR0034A-A.JPG
1326|34A CENTRAL STREET|34A CENTRAL STREET|CTR0034A-B.JPG
1326|34A CENTRAL STREET|34A CENTRAL STREET|04.jpg
1327|30 CENTRAL STREET|30 CENTRAL STREET|CTR0030A.JPG
1327|30 CENTRAL STREET|30 CENTRAL STREET|CTR0030B.JPG
1327|30 CENTRAL STREET|30 CENTRAL STREET|30CTRL.jpg
1328|26 CENTRAL STREET|26 CENTRAL STREET|36.jpg
1328|26 CENTRAL STREET|26 CENTRAL STREET|37.jpg
1328|26 CENTRAL STREET|26 CENTRAL STREET|38.jpg
1330|64 WORCESTER STREET |64 WORCESTER STREET |59.jpg
1330|64 WORCESTER STREET |64 WORCESTER STREET |60.jpg
1330|64 WORCESTER STREET |64 WORCESTER STREET |61.jpg
1331|60 WORCESTER STREET|60 WORCESTER STREET|81.jpg
1331|60 WORCESTER STREET|60 WORCESTER STREET|WOR0060A.JPG
1331|60 WORCESTER STREET|60 WORCESTER STREET|WOR0060B.JPG
1332|54 WORCESTER STREET|54 WORCESTER STREET|79.jpg
1332|54 WORCESTER STREET|54 WORCESTER STREET|76.jpg
1333|50 WORCESTER STREET|50 WORCESTER STREET|57.jpg
1333|50 WORCESTER STREET|50 WORCESTER STREET|58.jpg
1335|53 WORCESTER STREET |53 WORCESTER STREET |34.jpg
1335|53 WORCESTER STREET |53 WORCESTER STREET |WOR53C.JPG
1335|53 WORCESTER STREET |53 WORCESTER STREET |WOR53B.JPG
1335|53 WORCESTER STREET |53 WORCESTER STREET |WOR53.JPG
1335|53 WORCESTER STREET |53 WORCESTER STREET |WOR53AA.JPG
1336|59 WORCESTER STREET |59 WORCESTER STREET |WOR59.JPG
1336|59 WORCESTER STREET |59 WORCESTER STREET |WOR0059A.JPG
1336|59 WORCESTER STREET |59 WORCESTER STREET |WOR0059B.JPG
1336|59 WORCESTER STREET |59 WORCESTER STREET |WOR0059C.JPG
1337|65 WORCESTER STREET|65 WORCESTER STREET|28.jpg
1337|65 WORCESTER STREET|65 WORCESTER STREET|29.jpg
1337|65 WORCESTER STREET|65 WORCESTER STREET|30.jpg
1337|65 WORCESTER STREET|65 WORCESTER STREET|31.jpg
1338| WORCESTER & CHURCH| WORCESTER & CHURCH|41.jpg
1339|40 CHURCH STREET |40 CHURCH STREET |03.jpg
1339|40 CHURCH STREET |40 CHURCH STREET |52.jpg
1339|40 CHURCH STREET |40 CHURCH STREET |53.jpg
1339|40 CHURCH STREET |40 CHURCH STREET |40 church-a.JPG
1340|36 CHURCH STREET |36 CHURCH STREET |CHR0036A.JPG
1340|36 CHURCH STREET |36 CHURCH STREET |CHR0036B.JPG
1340|36 CHURCH STREET |36 CHURCH STREET |50.jpg
1340|36 CHURCH STREET |36 CHURCH STREET |51.jpg
1341|95 WORCESTER STREET |95 WORCESTER STREET |WOR0095A.JPG
1341|95 WORCESTER STREET |95 WORCESTER STREET |WOR0095B.JPG
1341|95 WORCESTER STREET |95 WORCESTER STREET |WWW.jpg
1342|111 WORCESTER STREET |111 WORCESTER STREET |26.jpg
1342|111 WORCESTER STREET |111 WORCESTER STREET |27.jpg
1343|111 WORCESTER STREET |111 WORCESTER STREET |23.jpg
1343|111 WORCESTER STREET |111 WORCESTER STREET |24.jpg
1343|111 WORCESTER STREET |111 WORCESTER STREET |25.jpg
1343|111 WORCESTER STREET |111 WORCESTER STREET |03.jpg
1344|120 WORCESTER STREET |120 WORCESTER STREET |93.jpg
1344|120 WORCESTER STREET |120 WORCESTER STREET |96.jpg
1344|120 WORCESTER STREET |120 WORCESTER STREET |48.jpg
1344|120 WORCESTER STREET |120 WORCESTER STREET |83.jpg
1344|120 WORCESTER STREET |120 WORCESTER STREET |84.jpg
1345|118 WORCESTER STREET|118 WORCESTER STREET|81.jpg
1345|118 WORCESTER STREET|118 WORCESTER STREET|82.jpg
1345|118 WORCESTER STREET|118 WORCESTER STREET|43.jpg
1346|114 WORCESTER STREET |114 WORCESTER STREET |79.jpg
1346|114 WORCESTER STREET |114 WORCESTER STREET |82.jpg
1346|114 WORCESTER STREET |114 WORCESTER STREET |83.jpg
1346|114 WORCESTER STREET |114 WORCESTER STREET |114wor.jpg
1347|106 WORCESTER STREET |106 WORCESTER STREET |94.jpg
1348|19 WEST BOYLSTON STREET |19 WEST BOYLSTON STREET |92.jpg
1348|19 WEST BOYLSTON STREET |19 WEST BOYLSTON STREET |93.jpg
1350|0 CHURCH STREET|0 CHURCH STREET|60.jpg
1351|117A WORCESTER STREET |117A WORCESTER STREET |03.jpg
1351|117A WORCESTER STREET |117A WORCESTER STREET |23.jpg
1351|117A WORCESTER STREET |117A WORCESTER STREET |24.jpg
1351|117A WORCESTER STREET |117A WORCESTER STREET |117wst.jpeg
1352|127 WORCESTER STREET|127 WORCESTER STREET|98.jpg
1352|127 WORCESTER STREET|127 WORCESTER STREET|00.jpg
1352|127 WORCESTER STREET|127 WORCESTER STREET|01.jpg
1352|127 WORCESTER STREET|127 WORCESTER STREET|02.jpg
1355|113 TEMPLE STREET|113 TEMPLE STREET|TEM0113A.JPG
1355|113 TEMPLE STREET|113 TEMPLE STREET|TEM0113B.JPG
1356|1 PINEWOOD DRIVE|1 PINEWOOD DRIVE|PWD0001A.JPG
1356|1 PINEWOOD DRIVE|1 PINEWOOD DRIVE|PWD0001B.JPG
1357|3 PINEWOOD DRIVE|3 PINEWOOD DRIVE|PWD0003A.JPG
1357|3 PINEWOOD DRIVE|3 PINEWOOD DRIVE|PWD0003B.JPG
1358|5 PINEWOOD DRIVE |5 PINEWOOD DRIVE |PWD0005A.JPG
1358|5 PINEWOOD DRIVE |5 PINEWOOD DRIVE |PWD0005B.JPG
1359|7 PINEWOOD DRIVE|7 PINEWOOD DRIVE|PWD0007A.JPG
1359|7 PINEWOOD DRIVE|7 PINEWOOD DRIVE|PWD0007B.JPG
1360|9 PINEWOOD DRIVE|9 PINEWOOD DRIVE|PWD0009A.JPG
1360|9 PINEWOOD DRIVE|9 PINEWOOD DRIVE|PWD0009B.JPG
1361|11 PINEWOOD DRIVE |11 PINEWOOD DRIVE |PWD0011A.JPG
1361|11 PINEWOOD DRIVE |11 PINEWOOD DRIVE |PWD0011B.JPG
1361|11 PINEWOOD DRIVE |11 PINEWOOD DRIVE |46.jpg
1362|13 PINEWOOD DRIVE|13 PINEWOOD DRIVE|53.jpg
1362|13 PINEWOOD DRIVE|13 PINEWOOD DRIVE|PWD0013A.JPG
1362|13 PINEWOOD DRIVE|13 PINEWOOD DRIVE|PWD0013B.JPG
1363|15 PINEWOOD DRIVE|15 PINEWOOD DRIVE|PWD0015A.JPG
1363|15 PINEWOOD DRIVE|15 PINEWOOD DRIVE|PWD0015B.JPG
1364|17 PINEWOOD DRIVE |17 PINEWOOD DRIVE |PWD0017A.JPG
1364|17 PINEWOOD DRIVE |17 PINEWOOD DRIVE |PWD0017B.JPG
1364|17 PINEWOOD DRIVE |17 PINEWOOD DRIVE |52.jpg
1364|17 PINEWOOD DRIVE |17 PINEWOOD DRIVE |19.jpg
1365|10 PINEWOOD DRIVE |10 PINEWOOD DRIVE |PWD0010A.JPG
1365|10 PINEWOOD DRIVE |10 PINEWOOD DRIVE |PWD0010B.JPG
1366|8 PINEWOOD DRIVE |8 PINEWOOD DRIVE |PWD0008A.JPG
1366|8 PINEWOOD DRIVE |8 PINEWOOD DRIVE |PWD0008B.JPG
1367|6 PINEWOOD DRIVE|6 PINEWOOD DRIVE|PWD0006A.JPG
1367|6 PINEWOOD DRIVE|6 PINEWOOD DRIVE|PWD0006B.JPG
1368|4 PINEWOOD DRIVE|4 PINEWOOD DRIVE|PWD0004A.JPG
1368|4 PINEWOOD DRIVE|4 PINEWOOD DRIVE|PWD0004B.JPG
1369|2 PINEWOOD DRIVE|2 PINEWOOD DRIVE|PWD0002A.JPG
1369|2 PINEWOOD DRIVE|2 PINEWOOD DRIVE|35.jpg
1370|54 MAPLE STREET |54 MAPLE STREET |MAP0054A.JPG
1370|54 MAPLE STREET |54 MAPLE STREET |MAP0054B.JPG
1371|48 MAPLE STREET|48 MAPLE STREET|MAP0048A.JPG
1371|48 MAPLE STREET|48 MAPLE STREET|MAP0048B.JPG
1372|44 MAPLE STREET|44 MAPLE STREET|MAP0044A.JPG
1372|44 MAPLE STREET|44 MAPLE STREET|MAP0044B.JPG
1373|38 MAPLE STREET|38 MAPLE STREET|MAP0038A.JPG
1373|38 MAPLE STREET|38 MAPLE STREET|MAP0038B.JPG
1374|34 MAPLE STREET|34 MAPLE STREET|34 maple-a (1).JPG
1374|34 MAPLE STREET|34 MAPLE STREET|02.jpg
1374|34 MAPLE STREET|34 MAPLE STREET|74.jpg
1374|34 MAPLE STREET|34 MAPLE STREET|75.jpg
1375|30 MAPLE STREET|30 MAPLE STREET|MAP0030A.JPG
1375|30 MAPLE STREET|30 MAPLE STREET|MAP0030B.JPG
1376|26 MAPLE STREET|26 MAPLE STREET|MAP0026A.JPG
1376|26 MAPLE STREET|26 MAPLE STREET|MAP0026B.JPG
1377|20 MAPLE STREET |20 MAPLE STREET |MAP0020A.JPG
1377|20 MAPLE STREET |20 MAPLE STREET |MAP0020B.JPG
1378|14 MAPLE STREET |14 MAPLE STREET |MAP0014A.JPG
1378|14 MAPLE STREET |14 MAPLE STREET |MAP0014B.JPG
1379|10 MAPLE STREET|10 MAPLE STREET|MAP0010A.JPG
1379|10 MAPLE STREET|10 MAPLE STREET|MAP0010B.JPG
1380|161 WORCESTER STREET|161 WORCESTER STREET|79.jpg
1380|161 WORCESTER STREET|161 WORCESTER STREET|80.jpg
1381|167 WORCESTER STREET|167 WORCESTER STREET|96.jpg
1381|167 WORCESTER STREET|167 WORCESTER STREET|97.jpg
1382|171 WORCESTER STREET |171 WORCESTER STREET |77.jpg
1382|171 WORCESTER STREET |171 WORCESTER STREET |78.jpg
1383|175 WORCESTER STREET|175 WORCESTER STREET|57.jpg
1383|175 WORCESTER STREET|175 WORCESTER STREET|58.jpg
1384|181 WORCESTER STREET|181 WORCESTER STREET|75.jpg
1384|181 WORCESTER STREET|181 WORCESTER STREET|76.jpg
1384|181 WORCESTER STREET|181 WORCESTER STREET|38.jpg
1384|181 WORCESTER STREET|181 WORCESTER STREET|02.jpg
1384|181 WORCESTER STREET|181 WORCESTER STREET|03.jpg
1385|183 WORCESTER STREET|183 WORCESTER STREET|20.jpg
1385|183 WORCESTER STREET|183 WORCESTER STREET|21.jpg
1385|183 WORCESTER STREET|183 WORCESTER STREET|22.jpg
1386|9 BANCROFT STREET |9 BANCROFT STREET |19.jpg
1386|9 BANCROFT STREET |9 BANCROFT STREET |20.jpg
1387|11 BANCROFT STREET |11 BANCROFT STREET |BAN0011A.JPG
1387|11 BANCROFT STREET |11 BANCROFT STREET |BAN0011B.JPG
1388|13 BANCROFT STREET |13 BANCROFT STREET |BAN0013A.JPG
1388|13 BANCROFT STREET |13 BANCROFT STREET |BAN0013B.JPG
1388|13 BANCROFT STREET |13 BANCROFT STREET |BAN0013C.JPG
1389|14 RICHARD AVENUE|14 RICHARD AVENUE|RIC0014A.JPG
1389|14 RICHARD AVENUE|14 RICHARD AVENUE|RIC0014B.JPG
1390|8 RICHARD AVENUE |8 RICHARD AVENUE |RIC0008A.JPG
1390|8 RICHARD AVENUE |8 RICHARD AVENUE |RIC0008B.JPG
1391|19 RICHARD AVENUE|19 RICHARD AVENUE|RIC0019A.JPG
1391|19 RICHARD AVENUE|19 RICHARD AVENUE|RIC0019B.JPG
1391|19 RICHARD AVENUE|19 RICHARD AVENUE|45.jpg
1392|10 BANCROFT STREET |10 BANCROFT STREET |79.jpg
1392|10 BANCROFT STREET |10 BANCROFT STREET |82.jpg
1393|133 WORCESTER STREET|133 WORCESTER STREET|21.jpg
1393|133 WORCESTER STREET|133 WORCESTER STREET|85.jpg
1394|135 WORCESTER STREET |135 WORCESTER STREET |83.jpg
1394|135 WORCESTER STREET |135 WORCESTER STREET |84.jpg
1395|137 WORCESTER STREET|137 WORCESTER STREET|81.jpg
1395|137 WORCESTER STREET|137 WORCESTER STREET|82.jpg
1396|139 WORCESTER STREET|139 WORCESTER STREET|74.jpg
1396|139 WORCESTER STREET|139 WORCESTER STREET|75.jpg
1396|139 WORCESTER STREET|139 WORCESTER STREET|76.jpg
1397|145 WORCESTER STREET|145 WORCESTER STREET|30.jpg
1398|151 WORCESTER STREET |151 WORCESTER STREET |10.jpg
1398|151 WORCESTER STREET |151 WORCESTER STREET |71.jpg
1398|151 WORCESTER STREET |151 WORCESTER STREET |72.jpg
1398|151 WORCESTER STREET |151 WORCESTER STREET |73.jpg
1400|9 MAPLE STREET |9 MAPLE STREET |72.jpg
1400|9 MAPLE STREET |9 MAPLE STREET |73.jpg
1400|9 MAPLE STREET |9 MAPLE STREET |06.jpg
1400|9 MAPLE STREET |9 MAPLE STREET |07.jpg
1401|11 MAPLE STREET|11 MAPLE STREET|MAP0011A.JPG
1401|11 MAPLE STREET|11 MAPLE STREET|MAP0011B.JPG
1402|3 TEMPLE STREET |3 TEMPLE STREET |TEM0003A.JPG
1402|3 TEMPLE STREET |3 TEMPLE STREET |TEM0003B.JPG
1402|3 TEMPLE STREET |3 TEMPLE STREET |TEM0003B1.JPG
1403|5 TEMPLE STREET|5 TEMPLE STREET|44.jpg
1403|5 TEMPLE STREET|5 TEMPLE STREET|89.jpg
1403|5 TEMPLE STREET|5 TEMPLE STREET|82.jpg
1404|11 TEMPLE STREET|11 TEMPLE STREET|10.jpg
1404|11 TEMPLE STREET|11 TEMPLE STREET|11.jpg
1404|11 TEMPLE STREET|11 TEMPLE STREET|12.jpg
1405|13 TEMPLE STREET|13 TEMPLE STREET|08.jpg
1405|13 TEMPLE STREET|13 TEMPLE STREET|09.jpg
1405|13 TEMPLE STREET|13 TEMPLE STREET|13tem.jpg
1405|13 TEMPLE STREET|13 TEMPLE STREET|TEM13.jpg
1406|15 TEMPLE STREET|15 TEMPLE STREET|TEM0015A.JPG
1406|15 TEMPLE STREET|15 TEMPLE STREET|TEM0015B.JPG
1406|15 TEMPLE STREET|15 TEMPLE STREET|88.jpg
1407|19 TEMPLE STREET|19 TEMPLE STREET|TEM0019A.JPG
1407|19 TEMPLE STREET|19 TEMPLE STREET|TEM0019B.JPG
1407|19 TEMPLE STREET|19 TEMPLE STREET|TEM0019B1.JPG
1408|23 TEMPLE STREET|23 TEMPLE STREET|TEM0023A.JPG
1408|23 TEMPLE STREET|23 TEMPLE STREET|TEM0023B.JPG
1409|27 TEMPLE STREET|27 TEMPLE STREET|TEM0027A.JPG
1409|27 TEMPLE STREET|27 TEMPLE STREET|TEM0027B.JPG
1409|27 TEMPLE STREET|27 TEMPLE STREET|
1409|27 TEMPLE STREET|27 TEMPLE STREET|91.jpg
1409|27 TEMPLE STREET|27 TEMPLE STREET|92.jpg
1409|27 TEMPLE STREET|27 TEMPLE STREET|93.jpg
1410|31 TEMPLE STREET|31 TEMPLE STREET|TEM0031A.JPG
1410|31 TEMPLE STREET|31 TEMPLE STREET|TEM0031B.JPG
1411|33 TEMPLE STREET|33 TEMPLE STREET|TEM0033A.JPG
1411|33 TEMPLE STREET|33 TEMPLE STREET|TEM0033B.JPG
1411|33 TEMPLE STREET|33 TEMPLE STREET|TEM0033A1.JPG
1411|33 TEMPLE STREET|33 TEMPLE STREET|TEM0033B1.JPG
1412|53 TEMPLE STREET|53 TEMPLE STREET|92.jpg
1415|63 TEMPLE STREET|63 TEMPLE STREET|TEM0063A.JPG
1415|63 TEMPLE STREET|63 TEMPLE STREET|TEM0063B.JPG
1415|63 TEMPLE STREET|63 TEMPLE STREET|TEM0063B1.JPG
1416|67 TEMPLE STREET |67 TEMPLE STREET |TEM0067A.JPG
1416|67 TEMPLE STREET |67 TEMPLE STREET |TEM0067B.JPG
1417|71 TEMPLE STREET |71 TEMPLE STREET |TEM0071A.JPG
1417|71 TEMPLE STREET |71 TEMPLE STREET |TEM0071B.JPG
1417|71 TEMPLE STREET |71 TEMPLE STREET |TEM71.jpg
1418|81 TEMPLE STREET |81 TEMPLE STREET |TEM0081A.JPG
1418|81 TEMPLE STREET |81 TEMPLE STREET |TEM0081B.JPG
1418|81 TEMPLE STREET |81 TEMPLE STREET |TEM0081C.JPG
1419|95 TEMPLE STREET |95 TEMPLE STREET |TEM0095A.JPG
1419|95 TEMPLE STREET |95 TEMPLE STREET |TEM0095B.JPG
1420|99 TEMPLE STREET |99 TEMPLE STREET |TEM0099A.JPG
1420|99 TEMPLE STREET |99 TEMPLE STREET |TEM0099B.JPG
1421|101 TEMPLE STREET|101 TEMPLE STREET|TEM0101A.JPG
1421|101 TEMPLE STREET|101 TEMPLE STREET|TEM0101B.JPG
1421|101 TEMPLE STREET|101 TEMPLE STREET|TEM0101B1.JPG
1422|104 TEMPLE STREET |104 TEMPLE STREET |TEM104B.JPG
1422|104 TEMPLE STREET |104 TEMPLE STREET |TEM104A.JPG
1422|104 TEMPLE STREET |104 TEMPLE STREET |95.jpg
1423|98 TEMPLE STREET|98 TEMPLE STREET|92.jpg
1423|98 TEMPLE STREET|98 TEMPLE STREET|93.jpg
1424|96 TEMPLE STREET |96 TEMPLE STREET |TEM0096A.JPG
1424|96 TEMPLE STREET |96 TEMPLE STREET |TEM0096B.JPG
1425|82 TEMPLE STREET|82 TEMPLE STREET|46.jpg
1425|82 TEMPLE STREET|82 TEMPLE STREET|47.jpg
1426|80 TEMPLE STREET |80 TEMPLE STREET |TEM0080A.JPG
1426|80 TEMPLE STREET |80 TEMPLE STREET |TEM0080B.JPG
1426|80 TEMPLE STREET |80 TEMPLE STREET |TEM0080C.JPG
1426|80 TEMPLE STREET |80 TEMPLE STREET |TEM80.jpg
1427|74 TEMPLE STREET|74 TEMPLE STREET|TEM74.JPG
1427|74 TEMPLE STREET|74 TEMPLE STREET|TEM0074A.JPG
1427|74 TEMPLE STREET|74 TEMPLE STREET|TEM0074B.JPG
1427|74 TEMPLE STREET|74 TEMPLE STREET|TEM0074B1.JPG
1428|70 TEMPLE STREET |70 TEMPLE STREET |TEM0070A.JPG
1428|70 TEMPLE STREET |70 TEMPLE STREET |TEM0070B.JPG
1428|70 TEMPLE STREET |70 TEMPLE STREET |37.jpg
1431|42 TEMPLE STREET|42 TEMPLE STREET|88.jpg
1431|42 TEMPLE STREET|42 TEMPLE STREET|89.jpg
1431|42 TEMPLE STREET|42 TEMPLE STREET|90.jpg
1431|42 TEMPLE STREET|42 TEMPLE STREET|91.jpg
1432|36 TEMPLE STREET |36 TEMPLE STREET |TEM0036A.JPG
1432|36 TEMPLE STREET |36 TEMPLE STREET |TEM0036B.JPG
1433|34 TEMPLE STREET|34 TEMPLE STREET|TEM0034A.JPG
1433|34 TEMPLE STREET|34 TEMPLE STREET|TEM0034B.JPG
1434|30 TEMPLE STREET|30 TEMPLE STREET|86.jpg
1434|30 TEMPLE STREET|30 TEMPLE STREET|87.jpg
1435|24 TEMPLE STREET|24 TEMPLE STREET|TEM0024A.JPG
1435|24 TEMPLE STREET|24 TEMPLE STREET|TEM0024B.JPG
1435|24 TEMPLE STREET|24 TEMPLE STREET|TEM0024C.JPG
1436|20 TEMPLE STREET|20 TEMPLE STREET|TEM0020A.JPG
1436|20 TEMPLE STREET|20 TEMPLE STREET|TEM0020B.JPG
1437|18 TEMPLE STREET |18 TEMPLE STREET |TEM0018A.JPG
1437|18 TEMPLE STREET |18 TEMPLE STREET |TEM0018B.JPG
1438|12 TEMPLE STREET|12 TEMPLE STREET|TEM0012A.JPG
1438|12 TEMPLE STREET|12 TEMPLE STREET|TEM0012B.JPG
1439|8 TEMPLE STREET|8 TEMPLE STREET|8tmplB.jpg
1439|8 TEMPLE STREET|8 TEMPLE STREET|8tmplA.jpg
1439|8 TEMPLE STREET|8 TEMPLE STREET|84.jpg
1439|8 TEMPLE STREET|8 TEMPLE STREET|85.jpg
1440|37 MAPLE STREET|37 MAPLE STREET|60.jpg
1440|37 MAPLE STREET|37 MAPLE STREET|61.jpg
1441|45 MAPLE STREET |45 MAPLE STREET |52.jpg
1441|45 MAPLE STREET |45 MAPLE STREET |MAP0045A.JPG
1441|45 MAPLE STREET |45 MAPLE STREET |MAP0045B.JPG
1441|45 MAPLE STREET |45 MAPLE STREET |MAP0045B1.JPG
1442|49 MAPLE STREET|49 MAPLE STREET|MAP0049A.JPG
1442|49 MAPLE STREET|49 MAPLE STREET|MAP0049B.JPG
1442|49 MAPLE STREET|49 MAPLE STREET|MAP0049B1.JPG
1442|49 MAPLE STREET|49 MAPLE STREET|MAP0049C1.JPG
1442|49 MAPLE STREET|49 MAPLE STREET|MAP0049C2.JPG
1443|59 MAPLE STREET |59 MAPLE STREET |MAP0059A.JPG
1443|59 MAPLE STREET |59 MAPLE STREET |MAP0059B.JPG
1445|104 WEST BOYLSTON STREET|104 WEST BOYLSTON STREET|65.jpg
1445|104 WEST BOYLSTON STREET|104 WEST BOYLSTON STREET|85.jpg
1447|76 WEST BOYLSTON STREET |76 WEST BOYLSTON STREET |31.jpg
1447|76 WEST BOYLSTON STREET |76 WEST BOYLSTON STREET |41.jpg
1447|76 WEST BOYLSTON STREET |76 WEST BOYLSTON STREET |42.jpg
1449|66 WEST BOYLSTON STREET |66 WEST BOYLSTON STREET |39.jpg
1449|66 WEST BOYLSTON STREET |66 WEST BOYLSTON STREET |40.jpg
1449|66 WEST BOYLSTON STREET |66 WEST BOYLSTON STREET |IMG_0150.JPG
1450|42 WEST BOYLSTON STREET|42 WEST BOYLSTON STREET|97.jpg
1450|42 WEST BOYLSTON STREET|42 WEST BOYLSTON STREET|98.jpg
1450|42 WEST BOYLSTON STREET|42 WEST BOYLSTON STREET|88.jpg
1450|42 WEST BOYLSTON STREET|42 WEST BOYLSTON STREET|89.jpg
1451|45 FRANKLIN STREET|45 FRANKLIN STREET|05.jpg
1451|45 FRANKLIN STREET|45 FRANKLIN STREET|06.jpg
1452|13 HENRY STREET|13 HENRY STREET|28.jpg
1452|13 HENRY STREET|13 HENRY STREET|29.jpg
1453|19 HENRY STREET|19 HENRY STREET|80.jpg
1453|19 HENRY STREET|19 HENRY STREET|81.jpg
1453|19 HENRY STREET|19 HENRY STREET|HEN0019A.JPG
1453|19 HENRY STREET|19 HENRY STREET|HEN0019B.JPG
1454|27 HENRY STREET|27 HENRY STREET|HEN0027A.JPG
1454|27 HENRY STREET|27 HENRY STREET|HEN0027B.JPG
1454|27 HENRY STREET|27 HENRY STREET|84.jpg
1455|1 MERRIMOUNT ROAD |1 MERRIMOUNT ROAD |MER0001A.JPG
1455|1 MERRIMOUNT ROAD |1 MERRIMOUNT ROAD |MER0001B.JPG
1456|3 MONTICELLO AVENUE|3 MONTICELLO AVENUE|MON0003A.JPG
1456|3 MONTICELLO AVENUE|3 MONTICELLO AVENUE|MON0003B.JPG
1457|5 MONTICELLO AVENUE|5 MONTICELLO AVENUE|MON0005A.JPG
1457|5 MONTICELLO AVENUE|5 MONTICELLO AVENUE|MON0005B.JPG
1457|5 MONTICELLO AVENUE|5 MONTICELLO AVENUE|62.jpg
1458|7 MONTICELLO AVENUE|7 MONTICELLO AVENUE|MON0007A.JPG
1458|7 MONTICELLO AVENUE|7 MONTICELLO AVENUE|MON0007B.JPG
1459|9 MONTICELLO AVENUE |9 MONTICELLO AVENUE |MON0009A.JPG
1459|9 MONTICELLO AVENUE |9 MONTICELLO AVENUE |MON0009B.JPG
1460|11 MONTICELLO AVENUE |11 MONTICELLO AVENUE |11mnt.jpg
1460|11 MONTICELLO AVENUE |11 MONTICELLO AVENUE |47.jpg
1460|11 MONTICELLO AVENUE |11 MONTICELLO AVENUE |48.jpg
1460|11 MONTICELLO AVENUE |11 MONTICELLO AVENUE |75.jpg
1461|13 MONTICELLO AVENUE|13 MONTICELLO AVENUE|33.jpg
1461|13 MONTICELLO AVENUE|13 MONTICELLO AVENUE|26.jpg
1461|13 MONTICELLO AVENUE|13 MONTICELLO AVENUE|27.jpg
1462|15 MONTICELLO AVENUE|15 MONTICELLO AVENUE|90.jpg
1462|15 MONTICELLO AVENUE|15 MONTICELLO AVENUE|91.jpg
1463|11 COLONIAL HILL DRIVE|11 COLONIAL HILL DRIVE|22.jpg
1463|11 COLONIAL HILL DRIVE|11 COLONIAL HILL DRIVE|23.jpg
1464|9 COLONIAL HILL DRIVE|9 COLONIAL HILL DRIVE|CHD0009A.JPG
1464|9 COLONIAL HILL DRIVE|9 COLONIAL HILL DRIVE|CHD0009B.JPG
1465|14 MONTICELLO AVENUE |14 MONTICELLO AVENUE |66.jpg
1465|14 MONTICELLO AVENUE |14 MONTICELLO AVENUE |67.jpg
1466|12 MONTICELLO AVENUE |12 MONTICELLO AVENUE |43.jpg
1466|12 MONTICELLO AVENUE |12 MONTICELLO AVENUE |44.jpg
1466|12 MONTICELLO AVENUE |12 MONTICELLO AVENUE |49.jpg
1466|12 MONTICELLO AVENUE |12 MONTICELLO AVENUE |50.jpg
1467|10 MONTICELLO AVENUE |10 MONTICELLO AVENUE |51.jpg
1467|10 MONTICELLO AVENUE |10 MONTICELLO AVENUE |52.jpg
1467|10 MONTICELLO AVENUE |10 MONTICELLO AVENUE |12.jpg
1468|8 MONTICELLO AVENUE |8 MONTICELLO AVENUE |MON0008A.JPG
1468|8 MONTICELLO AVENUE |8 MONTICELLO AVENUE |MON0008B.JPG
1469|6 MONTICELLO AVENUE|6 MONTICELLO AVENUE|MON0006A.JPG
1469|6 MONTICELLO AVENUE|6 MONTICELLO AVENUE|MON0006B.JPG
1470|4 MONTICELLO AVENUE|4 MONTICELLO AVENUE|MON0004A.JPG
1470|4 MONTICELLO AVENUE|4 MONTICELLO AVENUE|MON0004B.JPG
1470|4 MONTICELLO AVENUE|4 MONTICELLO AVENUE|MON4.JPG
1471|2 MERRIMOUNT ROAD|2 MERRIMOUNT ROAD|MER0002A.JPG
1471|2 MERRIMOUNT ROAD|2 MERRIMOUNT ROAD|MER0002B.JPG
1471|2 MERRIMOUNT ROAD|2 MERRIMOUNT ROAD|59.jpg
1472|35 HENRY STREET |35 HENRY STREET |HEN0035A.JPG
1472|35 HENRY STREET |35 HENRY STREET |HEN0035B.JPG
1473|41 HENRY STREET|41 HENRY STREET|HEN0041A.JPG
1473|41 HENRY STREET|41 HENRY STREET|HEN0041B.JPG
1474|43 HENRY STREET |43 HENRY STREET |HEN0043A.JPG
1474|43 HENRY STREET |43 HENRY STREET |HEN0043B.JPG
1475|45 HENRY STREET|45 HENRY STREET|HEN0045A.JPG
1475|45 HENRY STREET|45 HENRY STREET|HEN0045B.JPG
1476|47 HENRY STREET|47 HENRY STREET|HEN0047A.JPG
1476|47 HENRY STREET|47 HENRY STREET|HEN0047B.JPG
1477|15 COLONIAL HILL DRIVE |15 COLONIAL HILL DRIVE |CHD0015A.JPG
1477|15 COLONIAL HILL DRIVE |15 COLONIAL HILL DRIVE |CHD0015B.JPG
1478|7 COLONIAL HILL DRIVE|7 COLONIAL HILL DRIVE|CHD0007A.JPG
1478|7 COLONIAL HILL DRIVE|7 COLONIAL HILL DRIVE|CHD0007B.JPG
1479|14 COLONIAL HILL DRIVE |14 COLONIAL HILL DRIVE |43.jpg
1479|14 COLONIAL HILL DRIVE |14 COLONIAL HILL DRIVE |45.jpg
1479|14 COLONIAL HILL DRIVE |14 COLONIAL HILL DRIVE |24.jpg
1479|14 COLONIAL HILL DRIVE |14 COLONIAL HILL DRIVE |25.jpg
1479|14 COLONIAL HILL DRIVE |14 COLONIAL HILL DRIVE |75.jpg
1479|14 COLONIAL HILL DRIVE |14 COLONIAL HILL DRIVE |76.jpg
1480|10 COLONIAL HILL DRIVE |10 COLONIAL HILL DRIVE |CHD0010A.JPG
1480|10 COLONIAL HILL DRIVE |10 COLONIAL HILL DRIVE |CHD0010B.JPG
1481|6 COLONIAL HILL DRIVE |6 COLONIAL HILL DRIVE |CHD0006A.JPG
1481|6 COLONIAL HILL DRIVE |6 COLONIAL HILL DRIVE |CHD0006B.JPG
1482|50 HENRY STREET |50 HENRY STREET |HEN0050A.JPG
1482|50 HENRY STREET |50 HENRY STREET |HEN0050B.JPG
1482|50 HENRY STREET |50 HENRY STREET |HEN0050B.JPG
1482|50 HENRY STREET |50 HENRY STREET |HEN50.JPG
1483|48 HENRY STREET|48 HENRY STREET|HEN0048A.JPG
1483|48 HENRY STREET|48 HENRY STREET|HEN0048B.JPG
1483|48 HENRY STREET|48 HENRY STREET|68.jpg
1484|46 HENRY STREET |46 HENRY STREET |70.jpg
1484|46 HENRY STREET |46 HENRY STREET |HEN0046A.JPG
1484|46 HENRY STREET |46 HENRY STREET |HEN0046B.JPG
1485|44 HENRY STREET|44 HENRY STREET|HEN0044A.JPG
1485|44 HENRY STREET|44 HENRY STREET|HEN0044B.JPG
1486|42 HENRY STREET|42 HENRY STREET|HEN0042A.JPG
1486|42 HENRY STREET|42 HENRY STREET|HEN0042B.JPG
1487|40 HENRY STREET|40 HENRY STREET|HEN0040A.JPG
1487|40 HENRY STREET|40 HENRY STREET|HEN0040B.JPG
1487|40 HENRY STREET|40 HENRY STREET|40 henry-a.JPG
1488|38 HENRY STREET|38 HENRY STREET|IMG_0010.JPG
1488|38 HENRY STREET|38 HENRY STREET|IMG_0011.JPG
1488|38 HENRY STREET|38 HENRY STREET|38Haenry.jpg
1488|38 HENRY STREET|38 HENRY STREET|HEN0038A.JPG
1488|38 HENRY STREET|38 HENRY STREET|HEN0038B.JPG
1488|38 HENRY STREET|38 HENRY STREET|HEN38.JPG
1488|38 HENRY STREET|38 HENRY STREET|HEN38A.JPG
1488|38 HENRY STREET|38 HENRY STREET|88.jpg
1489|30 HENRY STREET|30 HENRY STREET|HEN0030A.JPG
1489|30 HENRY STREET|30 HENRY STREET|HEN0030B.JPG
1490|22 HENRY STREET |22 HENRY STREET |HEN0022A.JPG
1490|22 HENRY STREET |22 HENRY STREET |94.jpg
1491|16 HENRY STREET|16 HENRY STREET|96.jpg
1491|16 HENRY STREET|16 HENRY STREET|HEN0016A.JPG
1491|16 HENRY STREET|16 HENRY STREET|HEN0016B.JPG
1492|27 BOWEN STREET|27 BOWEN STREET|34.jpg
1492|27 BOWEN STREET|27 BOWEN STREET|35.jpg
1493|37 BOWEN STREET|37 BOWEN STREET|32.jpg
1493|37 BOWEN STREET|37 BOWEN STREET|33.jpg
1495|55 BOWEN STREET|55 BOWEN STREET|BOW0055A.JPG
1495|55 BOWEN STREET|55 BOWEN STREET|BOW0055B.JPG
1496|61 BOWEN STREET|61 BOWEN STREET|BOW0061A.JPG
1496|61 BOWEN STREET|61 BOWEN STREET|BOW0061B.JPG
1497|68 BOWEN STREET|68 BOWEN STREET|BOW0068A.JPG
1497|68 BOWEN STREET|68 BOWEN STREET|BOW0068B.JPG
1498|64 BOWEN STREET |64 BOWEN STREET |BOW0064A.JPG
1498|64 BOWEN STREET |64 BOWEN STREET |BOW0064B.JPG
1498|64 BOWEN STREET |64 BOWEN STREET |34.jpg
1499|60 BOWEN STREET|60 BOWEN STREET|20.jpg
1499|60 BOWEN STREET|60 BOWEN STREET|21.jpg
1500|58 BOWEN STREET |58 BOWEN STREET |BOW0058A.JPG
1500|58 BOWEN STREET |58 BOWEN STREET |BOW0058B.JPG
1501|56 BOWEN STREET |56 BOWEN STREET |BOW0056A.JPG
1501|56 BOWEN STREET |56 BOWEN STREET |BOW0056B.JPG
1502|42 BOWEN STREET|42 BOWEN STREET|36.jpg
1502|42 BOWEN STREET|42 BOWEN STREET|64.jpg
1503|38 BOWEN STREET |38 BOWEN STREET |63.jpg
1503|38 BOWEN STREET |38 BOWEN STREET |25.jpg
1503|38 BOWEN STREET |38 BOWEN STREET |26.jpg
1504|32 BOWEN STREET |32 BOWEN STREET |61.jpg
1504|32 BOWEN STREET |32 BOWEN STREET |30.jpg
1504|32 BOWEN STREET |32 BOWEN STREET |31.jpg
1505|26 BOWEN STREET |26 BOWEN STREET |29.jpg
1505|26 BOWEN STREET |26 BOWEN STREET |19.jpg
1506|24 BOWEN STREET |24 BOWEN STREET |27.jpg
1506|24 BOWEN STREET |24 BOWEN STREET |28.jpg
1506|24 BOWEN STREET |24 BOWEN STREET |BOW24C.JPG
1506|24 BOWEN STREET |24 BOWEN STREET |BOW24A.JPG
1507|163 PROSPECT STREET|163 PROSPECT STREET|PRO0163A.JPG
1507|163 PROSPECT STREET|163 PROSPECT STREET|PRO0163B.JPG
1507|163 PROSPECT STREET|163 PROSPECT STREET|36.jpg
1508|2 LOST OAK ROAD |2 LOST OAK ROAD |32.jpg
1508|2 LOST OAK ROAD |2 LOST OAK ROAD |LOR0002A.JPG
1508|2 LOST OAK ROAD |2 LOST OAK ROAD |LOR0002B.JPG
1509|32 WEST BOYLSTON STREET|32 WEST BOYLSTON STREET|63.jpg
1509|32 WEST BOYLSTON STREET|32 WEST BOYLSTON STREET|64.jpg
1510|33 WEST BOYLSTON STREET|33 WEST BOYLSTON STREET|19.jpg
1511|140 WORCESTER STREET|140 WORCESTER STREET|47.jpg
1511|140 WORCESTER STREET|140 WORCESTER STREET|48.jpg
1512|128 WORCESTER STREET|128 WORCESTER STREET|85.jpg
1512|128 WORCESTER STREET|128 WORCESTER STREET|87.jpg
1512|128 WORCESTER STREET|128 WORCESTER STREET|84.jpg
1512|128 WORCESTER STREET|128 WORCESTER STREET|85.jpg
1512|128 WORCESTER STREET|128 WORCESTER STREET|86.jpg
1512|128 WORCESTER STREET|128 WORCESTER STREET|WOR128.JPG
1513|185 WORCESTER STREET|185 WORCESTER STREET|55.jpg
1513|185 WORCESTER STREET|185 WORCESTER STREET|56.jpg
1514|203 WORCESTER STREET|203 WORCESTER STREET|53.jpg
1514|203 WORCESTER STREET|203 WORCESTER STREET|54.jpg
1514|203 WORCESTER STREET|203 WORCESTER STREET|97.jpg
1515|1 HOWARD AVENUE|1 HOWARD AVENUE|80.jpg
1515|1 HOWARD AVENUE|1 HOWARD AVENUE|47.jpg
1516|5 HOWARD AVENUE|5 HOWARD AVENUE|HOW0005A.JPG
1516|5 HOWARD AVENUE|5 HOWARD AVENUE|HOW0005B.JPG
1517|184 WORCESTER STREET|184 WORCESTER STREET|87.jpg
1517|184 WORCESTER STREET|184 WORCESTER STREET|88.jpg
1518|180 WORCESTER STREET UNIT 7|180 WORCESTER STREET UNIT 7|44.jpg
1518|180 WORCESTER STREET UNIT 7|180 WORCESTER STREET UNIT 7|45.jpg
1519|180 WORCESTER STREET UNIT 6|180 WORCESTER STREET UNIT 6|42.jpg
1519|180 WORCESTER STREET UNIT 6|180 WORCESTER STREET UNIT 6|43.jpg
1520|180 WORCESTER STREET UNIT 5 |180 WORCESTER STREET UNIT 5 |40.jpg
1520|180 WORCESTER STREET UNIT 5 |180 WORCESTER STREET UNIT 5 |41.jpg
1521|180 WORCESTER STREET UNIT 4|180 WORCESTER STREET UNIT 4|38.jpg
1521|180 WORCESTER STREET UNIT 4|180 WORCESTER STREET UNIT 4|39.jpg
1522|180 WORCESTER STREET UNIT 3|180 WORCESTER STREET UNIT 3|36.jpg
1522|180 WORCESTER STREET UNIT 3|180 WORCESTER STREET UNIT 3|37.jpg
1523|180 WORCESTER STREET UNIT 2|180 WORCESTER STREET UNIT 2|34.jpg
1523|180 WORCESTER STREET UNIT 2|180 WORCESTER STREET UNIT 2|35.jpg
1524|180 WORCESTER STREET UNIT 1|180 WORCESTER STREET UNIT 1|32.jpg
1524|180 WORCESTER STREET UNIT 1|180 WORCESTER STREET UNIT 1|33.jpg
1525|178 WORCESTER STREET UNIT 7 |178 WORCESTER STREET UNIT 7 |30.jpg
1525|178 WORCESTER STREET UNIT 7 |178 WORCESTER STREET UNIT 7 |31.jpg
1526|178 WORCESTER STREET UNIT 6 |178 WORCESTER STREET UNIT 6 |28.jpg
1526|178 WORCESTER STREET UNIT 6 |178 WORCESTER STREET UNIT 6 |29.jpg
1527|178 WORCESTER STREET UNIT 5 |178 WORCESTER STREET UNIT 5 |26.jpg
1527|178 WORCESTER STREET UNIT 5 |178 WORCESTER STREET UNIT 5 |27.jpg
1528|178 WORCESTER STREET UNIT 4|178 WORCESTER STREET UNIT 4|24.jpg
1528|178 WORCESTER STREET UNIT 4|178 WORCESTER STREET UNIT 4|25.jpg
1529|178 WORCESTER STREET UNIT 3 |178 WORCESTER STREET UNIT 3 |22.jpg
1529|178 WORCESTER STREET UNIT 3 |178 WORCESTER STREET UNIT 3 |23.jpg
1530|178 WORCESTER STREET UNIT 2|178 WORCESTER STREET UNIT 2|20.jpg
1530|178 WORCESTER STREET UNIT 2|178 WORCESTER STREET UNIT 2|21.jpg
1531|178 WORCESTER STREET UNIT 1|178 WORCESTER STREET UNIT 1|18.jpg
1531|178 WORCESTER STREET UNIT 1|178 WORCESTER STREET UNIT 1|19.jpg
1532|182 WORCESTER STREET UNIT 7|182 WORCESTER STREET UNIT 7|16.jpg
1532|182 WORCESTER STREET UNIT 7|182 WORCESTER STREET UNIT 7|17.jpg
1533|182 WORCESTER STREET UNIT 6|182 WORCESTER STREET UNIT 6|14.jpg
1533|182 WORCESTER STREET UNIT 6|182 WORCESTER STREET UNIT 6|15.jpg
1534|182 WORCESTER STREET UNIT 5|182 WORCESTER STREET UNIT 5|12.jpg
1534|182 WORCESTER STREET UNIT 5|182 WORCESTER STREET UNIT 5|13.jpg
1535|182 WORCESTER STREET UNIT 4|182 WORCESTER STREET UNIT 4|10.jpg
1535|182 WORCESTER STREET UNIT 4|182 WORCESTER STREET UNIT 4|11.jpg
1536|182 WORCESTER STREET UNIT 3|182 WORCESTER STREET UNIT 3|08.jpg
1536|182 WORCESTER STREET UNIT 3|182 WORCESTER STREET UNIT 3|09.jpg
1537|182 WORCESTER STREET UNIT 2|182 WORCESTER STREET UNIT 2|06.jpg
1537|182 WORCESTER STREET UNIT 2|182 WORCESTER STREET UNIT 2|07.jpg
1538|182 WORCESTER STREET UNIT 1|182 WORCESTER STREET UNIT 1|04.jpg
1538|182 WORCESTER STREET UNIT 1|182 WORCESTER STREET UNIT 1|05.jpg
1540|148 WORCESTER STREET |148 WORCESTER STREET |148wor.jpg
1540|148 WORCESTER STREET |148 WORCESTER STREET |44.jpg
1540|148 WORCESTER STREET |148 WORCESTER STREET |08.jpg
1541|17 FRANKLIN STREET|17 FRANKLIN STREET|10.jpg
1541|17 FRANKLIN STREET|17 FRANKLIN STREET|11.jpg
1542|21 FRANKLIN STREET|21 FRANKLIN STREET|08.jpg
1542|21 FRANKLIN STREET|21 FRANKLIN STREET|09.jpg
1543|67 WEST BOYLSTON STREET |67 WEST BOYLSTON STREET |88.jpg
1543|67 WEST BOYLSTON STREET |67 WEST BOYLSTON STREET |WBS67C.JPG
1543|67 WEST BOYLSTON STREET |67 WEST BOYLSTON STREET |WBS67.JPG
1543|67 WEST BOYLSTON STREET |67 WEST BOYLSTON STREET |WBS67D.JPG
1543|67 WEST BOYLSTON STREET |67 WEST BOYLSTON STREET |26.jpg
1545|83 WEST BOYLSTON STREET|83 WEST BOYLSTON STREET|50.jpg
1545|83 WEST BOYLSTON STREET|83 WEST BOYLSTON STREET|51.jpg
1546|99-129 WEST BOYLSTON STREET |99-129 WEST BOYLSTON STREET |86.jpg
1546|99-129 WEST BOYLSTON STREET |99-129 WEST BOYLSTON STREET |83.jpg
1546|99-129 WEST BOYLSTON STREET |99-129 WEST BOYLSTON STREET |84.jpg
1547|137 WEST BOYLSTON STREET|137 WEST BOYLSTON STREET|41.jpg
1550|218 PROSPECT STREET |218 PROSPECT STREET |85.jpg
1550|218 PROSPECT STREET |218 PROSPECT STREET |86.jpg
1551|3 LOST OAK ROAD|3 LOST OAK ROAD|LOR0003A.JPG
1553|187 PROSPECT STREET |187 PROSPECT STREET |80.jpg
1553|187 PROSPECT STREET |187 PROSPECT STREET |59.jpg
1553|187 PROSPECT STREET |187 PROSPECT STREET |28.jpg
1553|187 PROSPECT STREET |187 PROSPECT STREET |29.jpg
1554|241 PROSPECT STREET |241 PROSPECT STREET |35.jpg
1554|241 PROSPECT STREET |241 PROSPECT STREET |PRO0241A.JPG
1554|241 PROSPECT STREET |241 PROSPECT STREET |PRO0241B.JPG
1555|247 PROSPECT STREET|247 PROSPECT STREET|PRO0247A.JPG
1555|247 PROSPECT STREET|247 PROSPECT STREET|PRO0247B.JPG
1557|255 PROSPECT STREET |255 PROSPECT STREET |PRO0255A.JPG
1557|255 PROSPECT STREET |255 PROSPECT STREET |PRO0255B.JPG
1557|255 PROSPECT STREET |255 PROSPECT STREET |30.jpg
1558|91 LEE STREET |91 LEE STREET |31.jpg
1558|91 LEE STREET |91 LEE STREET |LEE0091A.JPG
1558|91 LEE STREET |91 LEE STREET |LEE0091B.JPG
1559|97 LEE STREET|97 LEE STREET|LEE0097A.JPG
1559|97 LEE STREET|97 LEE STREET|LEE0097B.JPG
1559|97 LEE STREET|97 LEE STREET|04.jpg
1560|103 LEE STREET |103 LEE STREET |15.jpg
1560|103 LEE STREET |103 LEE STREET |16.jpg
1560|103 LEE STREET |103 LEE STREET |103lee.jpg
1561|109 LEE STREET|109 LEE STREET|LEE0109A.JPG
1561|109 LEE STREET|109 LEE STREET|LEE0109B.JPG
1561|109 LEE STREET|109 LEE STREET|01.jpg
1561|109 LEE STREET|109 LEE STREET|02.jpg
1561|109 LEE STREET|109 LEE STREET|03.jpg
1562|117 LEE STREET|117 LEE STREET|04.jpg
1562|117 LEE STREET|117 LEE STREET|05.jpg
1562|117 LEE STREET|117 LEE STREET|06.jpg
1562|117 LEE STREET|117 LEE STREET|07.jpg
1563|123 LEE STREET |123 LEE STREET |03.jpg
1563|123 LEE STREET |123 LEE STREET |71.jpg
1563|123 LEE STREET |123 LEE STREET |72.jpg
1564|125 LEE STREET|125 LEE STREET|98.jpg
1564|125 LEE STREET|125 LEE STREET|85.jpg
1564|125 LEE STREET|125 LEE STREET|LEE0125A.JPG
1564|125 LEE STREET|125 LEE STREET|LEE0125B.JPG
1565|157 LEE STREET|157 LEE STREET|LEE0157A.JPG
1565|157 LEE STREET|157 LEE STREET|LEE0157B.JPG
1568|363 GOODALE STREET|363 GOODALE STREET|GOO0363A.JPG
1568|363 GOODALE STREET|363 GOODALE STREET|GOO0363B.JPG
1569|357 GOODALE STREET |357 GOODALE STREET |GOO0357A.JPG
1569|357 GOODALE STREET |357 GOODALE STREET |GOO0357B.JPG
1572|366 GOODALE STREET|366 GOODALE STREET|55.jpg
1572|366 GOODALE STREET|366 GOODALE STREET|96.jpg
1572|366 GOODALE STREET|366 GOODALE STREET|97.jpg
1573|350 GOODALE STREET |350 GOODALE STREET |GOO0350A.JPG
1573|350 GOODALE STREET |350 GOODALE STREET |GOO0350B.JPG
1574|344 GOODALE STREET |344 GOODALE STREET |GOO0344A.JPG
1574|344 GOODALE STREET |344 GOODALE STREET |GOO0344B.JPG
1575|340 GOODALE STREET|340 GOODALE STREET|94.jpg
1575|340 GOODALE STREET|340 GOODALE STREET|74.jpg
1576|336 GOODALE STREET |336 GOODALE STREET |63.jpg
1576|336 GOODALE STREET |336 GOODALE STREET |GOO0336A.JPG
1577|332 GOODALE STREET|332 GOODALE STREET|GOO0332A.JPG
1577|332 GOODALE STREET|332 GOODALE STREET|GOO0332B.JPG
1578|330 GOODALE STREET |330 GOODALE STREET |GOO0330A.JPG
1578|330 GOODALE STREET |330 GOODALE STREET |GOO0330B.JPG
1578|330 GOODALE STREET |330 GOODALE STREET |GOO330B.JPG
1578|330 GOODALE STREET |330 GOODALE STREET |GOO330A.JPG
1580|324 GOODALE STREET|324 GOODALE STREET|59.jpg
1580|324 GOODALE STREET|324 GOODALE STREET|72.jpg
1581|320 GOODALE STREET |320 GOODALE STREET |92.jpg
1581|320 GOODALE STREET |320 GOODALE STREET |93.jpg
1582|305 GOODALE STREET|305 GOODALE STREET|80.jpg
1582|305 GOODALE STREET|305 GOODALE STREET|81.jpg
1582|305 GOODALE STREET|305 GOODALE STREET|GOO0305A.JPG
1582|305 GOODALE STREET|305 GOODALE STREET|GOO0305B.JPG
1583|311 GOODALE STREET |311 GOODALE STREET |GOO0311A.JPG
1583|311 GOODALE STREET |311 GOODALE STREET |GOO0311B.JPG
1584|315 GOODALE STREET|315 GOODALE STREET|68.jpg
1584|315 GOODALE STREET|315 GOODALE STREET|79.jpg
1584|315 GOODALE STREET|315 GOODALE STREET|77.jpg
1585|321 GOODALE STREET|321 GOODALE STREET|03.jpg
1585|321 GOODALE STREET|321 GOODALE STREET|04.jpg
1585|321 GOODALE STREET|321 GOODALE STREET|05.jpg
1586|325 GOODALE STREET|325 GOODALE STREET|GOO0325A.JPG
1586|325 GOODALE STREET|325 GOODALE STREET|GOO0325B.JPG
1587|329 GOODALE STREET |329 GOODALE STREET |01.jpg
1587|329 GOODALE STREET |329 GOODALE STREET |02.jpg
1588|335 GOODALE STREET |335 GOODALE STREET |GOO0335A.JPG
1588|335 GOODALE STREET |335 GOODALE STREET |GOO0335B.JPG
1589|132 LEE STREET |132 LEE STREET |LEE0132A.JPG
1589|132 LEE STREET |132 LEE STREET |LEE0132B.JPG
1590|128 LEE STREET|128 LEE STREET|LEE0128A.JPG
1590|128 LEE STREET|128 LEE STREET|LEE0128B.JPG
1591|122 LEE STREET|122 LEE STREET|LEE0122A.JPG
1591|122 LEE STREET|122 LEE STREET|LEE0122B.JPG
1591|122 LEE STREET|122 LEE STREET|LEE122.JPG
1592|118 LEE STREET|118 LEE STREET|17.jpg
1592|118 LEE STREET|118 LEE STREET|18.jpg
1593|114 LEE STREET|114 LEE STREET|LEE0114A.JPG
1593|114 LEE STREET|114 LEE STREET|LEE0114B.JPG
1594|108 LEE STREET |108 LEE STREET |LEE0108A.JPG
1594|108 LEE STREET |108 LEE STREET |LEE0108B.JPG
1595|102 LEE STREET |102 LEE STREET |06.jpg
1595|102 LEE STREET |102 LEE STREET |73.jpg
1595|102 LEE STREET |102 LEE STREET |74.jpg
1595|102 LEE STREET |102 LEE STREET |84.jpg
1595|102 LEE STREET |102 LEE STREET |85.jpg
1596|98 LEE STREET|98 LEE STREET|48.jpg
1596|98 LEE STREET|98 LEE STREET|49.jpg
1597|3 BROOKS CROSSING|3 BROOKS CROSSING|10.jpg
1597|3 BROOKS CROSSING|3 BROOKS CROSSING|BRO0003A.JPG
1597|3 BROOKS CROSSING|3 BROOKS CROSSING|BRO0003B.JPG
1598|7 BROOKS CROSSING|7 BROOKS CROSSING|BRO0007A.JPG
1598|7 BROOKS CROSSING|7 BROOKS CROSSING|BRO0007B.JPG
1599|11 BROOKS CROSSING|11 BROOKS CROSSING|BRO0011A.JPG
1599|11 BROOKS CROSSING|11 BROOKS CROSSING|BRO0011B.JPG
1600|15 BROOKS CROSSING |15 BROOKS CROSSING |BRO0015A.JPG
1600|15 BROOKS CROSSING |15 BROOKS CROSSING |BRO0015B.JPG
1600|15 BROOKS CROSSING |15 BROOKS CROSSING |BRO15.JPG
1600|15 BROOKS CROSSING |15 BROOKS CROSSING |BRO15A.JPG
1601|19 BROOKS CROSSING|19 BROOKS CROSSING|BRO0019A.JPG
1601|19 BROOKS CROSSING|19 BROOKS CROSSING|BRO0019B.JPG
1601|19 BROOKS CROSSING|19 BROOKS CROSSING|56.jpg
1601|19 BROOKS CROSSING|19 BROOKS CROSSING|57.jpg
1602|23 BROOKS CROSSING|23 BROOKS CROSSING|26.jpg
1602|23 BROOKS CROSSING|23 BROOKS CROSSING|27.jpg
1602|23 BROOKS CROSSING|23 BROOKS CROSSING|BRO0023A.JPG
1602|23 BROOKS CROSSING|23 BROOKS CROSSING|BRO0023B.JPG
1603|34 BROOKS CROSSING|34 BROOKS CROSSING|BRO0034A.JPG
1603|34 BROOKS CROSSING|34 BROOKS CROSSING|BRO0034B.JPG
1603|34 BROOKS CROSSING|34 BROOKS CROSSING|BRO34B.JPG
1603|34 BROOKS CROSSING|34 BROOKS CROSSING|BRO34BB.JPG
1603|34 BROOKS CROSSING|34 BROOKS CROSSING|BRO34A.JPG
1604|30 BROOKS CROSSING|30 BROOKS CROSSING|BRO0030A.JPG
1604|30 BROOKS CROSSING|30 BROOKS CROSSING|BRO0030B.JPG
1605|26 BROOKS CROSSING |26 BROOKS CROSSING |BRO0026A.JPG
1605|26 BROOKS CROSSING |26 BROOKS CROSSING |BRO0026B.JPG
1605|26 BROOKS CROSSING |26 BROOKS CROSSING |92.jpg
1606|22 BROOKS CROSSING |22 BROOKS CROSSING |BRO0022A.JPG
1606|22 BROOKS CROSSING |22 BROOKS CROSSING |BRO0022B.JPG
1606|22 BROOKS CROSSING |22 BROOKS CROSSING |22brk.jpg
1607|18 BROOKS CROSSING|18 BROOKS CROSSING|BRO0018A.JPG
1607|18 BROOKS CROSSING|18 BROOKS CROSSING|BRO0018B.JPG
1608|14 BROOKS CROSSING |14 BROOKS CROSSING |BRO0014A.JPG
1608|14 BROOKS CROSSING |14 BROOKS CROSSING |BRO0014B.JPG
1609|10 BROOKS CROSSING |10 BROOKS CROSSING |BRO0010A.JPG
1609|10 BROOKS CROSSING |10 BROOKS CROSSING |BRO0010B.JPG
1610|6 BROOKS CROSSING |6 BROOKS CROSSING |BRO0006A.JPG
1610|6 BROOKS CROSSING |6 BROOKS CROSSING |BRO0006B.JPG
1610|6 BROOKS CROSSING |6 BROOKS CROSSING |PXL_20250226_134714958.jpg
1610|6 BROOKS CROSSING |6 BROOKS CROSSING |PXL_20250226_134802017.jpg
1610|6 BROOKS CROSSING |6 BROOKS CROSSING |50.jpg
1611|2 BROOKS CROSSING|2 BROOKS CROSSING|BRO0002A.JPG
1611|2 BROOKS CROSSING|2 BROOKS CROSSING|BRO0002B.JPG
1612|90 LEE STREET|90 LEE STREET|LEE0090A.JPG
1612|90 LEE STREET|90 LEE STREET|IMG_0001.JPG
1613|86 LEE STREET|86 LEE STREET|LEE0086A.JPG
1613|86 LEE STREET|86 LEE STREET|LEE0086B.JPG
1614|80 LEE STREET|80 LEE STREET|LEE0080A.JPG
1614|80 LEE STREET|80 LEE STREET|LEE0080B.JPG
1614|80 LEE STREET|80 LEE STREET|28.jpg
1615|71 LEE STREET |71 LEE STREET |04.jpg
1615|71 LEE STREET |71 LEE STREET |05.jpg
1616|85 LEE STREET|85 LEE STREET|06.jpg
1616|85 LEE STREET|85 LEE STREET|07.jpg
1616|85 LEE STREET|85 LEE STREET|54.jpg
1616|85 LEE STREET|85 LEE STREET|55.jpg
1617|72 LEE STREET|72 LEE STREET|31.jpg
1617|72 LEE STREET|72 LEE STREET|78.jpg
1617|72 LEE STREET|72 LEE STREET|79.jpg
1623|22 LEE STREET|22 LEE STREET|76.jpg
1623|22 LEE STREET|22 LEE STREET|77.jpg
1623|22 LEE STREET|22 LEE STREET|56.jpg
1623|22 LEE STREET|22 LEE STREET|57.jpg
1624|18 LEE STREET |18 LEE STREET |62.jpg
1624|18 LEE STREET |18 LEE STREET |63.jpg
1624|18 LEE STREET |18 LEE STREET |LEE0018B.JPG
1625|14 LEE STREET |14 LEE STREET |13.jpg
1625|14 LEE STREET |14 LEE STREET |14.jpg
1626|10 LEE STREET |10 LEE STREET |74.jpg
1626|10 LEE STREET |10 LEE STREET |75.jpg
1626|10 LEE STREET |10 LEE STREET |49.jpg
1626|10 LEE STREET |10 LEE STREET |50.jpg
1627|6 LEE STREET|6 LEE STREET|11.jpg
1627|6 LEE STREET|6 LEE STREET|12.jpg
1628|318 PROSPECT STREET|318 PROSPECT STREET|91.jpg
1628|318 PROSPECT STREET|318 PROSPECT STREET|92.jpg
1629|312 PROSPECT STREET|312 PROSPECT STREET|37.jpg
1629|312 PROSPECT STREET|312 PROSPECT STREET|38.jpg
1630|306 PROSPECT STREET|306 PROSPECT STREET|72.jpg
1630|306 PROSPECT STREET|306 PROSPECT STREET|95.jpg
1630|306 PROSPECT STREET|306 PROSPECT STREET|96.jpg
1631|300 PROSPECT STREET|300 PROSPECT STREET|89.jpg
1631|300 PROSPECT STREET|300 PROSPECT STREET|90.jpg
1632|294 PROSPECT STREET |294 PROSPECT STREET |23.jpg
1632|294 PROSPECT STREET |294 PROSPECT STREET |24.jpg
1632|294 PROSPECT STREET |294 PROSPECT STREET |25.jpg
1632|294 PROSPECT STREET |294 PROSPECT STREET |69.jpg
1632|294 PROSPECT STREET |294 PROSPECT STREET |07.jpg
1632|294 PROSPECT STREET |294 PROSPECT STREET |32.jpg
1632|294 PROSPECT STREET |294 PROSPECT STREET |PRO0294C.JPG
1633|264 PROSPECT STREET |264 PROSPECT STREET |IMG_0190.JPG
1633|264 PROSPECT STREET |264 PROSPECT STREET |264prs.jpg
1633|264 PROSPECT STREET |264 PROSPECT STREET |IMG_0192.JPG
1633|264 PROSPECT STREET |264 PROSPECT STREET |
1633|264 PROSPECT STREET |264 PROSPECT STREET |264pros.jpg
1634|257 PROSPECT STREET|257 PROSPECT STREET|50.jpg
1636|265 PROSPECT STREET|265 PROSPECT STREET|92.jpg
1636|265 PROSPECT STREET|265 PROSPECT STREET|93.jpg
1636|265 PROSPECT STREET|265 PROSPECT STREET|94.jpg
1637|271 PROSPECT STREET|271 PROSPECT STREET|45.jpg
1637|271 PROSPECT STREET|271 PROSPECT STREET|46.jpg
1637|271 PROSPECT STREET|271 PROSPECT STREET|28.jpg
1637|271 PROSPECT STREET|271 PROSPECT STREET|29.jpg
1638|275 PROSPECT STREET|275 PROSPECT STREET|26.jpg
1638|275 PROSPECT STREET|275 PROSPECT STREET|27.jpg
1638|275 PROSPECT STREET|275 PROSPECT STREET|43.jpg
1638|275 PROSPECT STREET|275 PROSPECT STREET|44.jpg
1639|5 APPLEWOOD ROAD |5 APPLEWOOD ROAD |97.jpg
1639|5 APPLEWOOD ROAD |5 APPLEWOOD ROAD |98.jpg
1639|5 APPLEWOOD ROAD |5 APPLEWOOD ROAD |51.jpg
1639|5 APPLEWOOD ROAD |5 APPLEWOOD ROAD |52.jpg
1640|11 APPLEWOOD ROAD |11 APPLEWOOD ROAD |57.jpg
1640|11 APPLEWOOD ROAD |11 APPLEWOOD ROAD |58.jpg
1640|11 APPLEWOOD ROAD |11 APPLEWOOD ROAD |52.jpg
1640|11 APPLEWOOD ROAD |11 APPLEWOOD ROAD |53.jpg
1641|17 APPLEWOOD ROAD |17 APPLEWOOD ROAD |54.jpg
1641|17 APPLEWOOD ROAD |17 APPLEWOOD ROAD |55.jpg
1641|17 APPLEWOOD ROAD |17 APPLEWOOD ROAD |59.jpg
1642|21 APPLEWOOD ROAD |21 APPLEWOOD ROAD |62.jpg
1642|21 APPLEWOOD ROAD |21 APPLEWOOD ROAD |63.jpg
1642|21 APPLEWOOD ROAD |21 APPLEWOOD ROAD |94.jpg
1642|21 APPLEWOOD ROAD |21 APPLEWOOD ROAD |95.jpg
1643|25 APPLEWOOD ROAD|25 APPLEWOOD ROAD|49.jpg
1643|25 APPLEWOOD ROAD|25 APPLEWOOD ROAD|64.jpg
1643|25 APPLEWOOD ROAD|25 APPLEWOOD ROAD|65.jpg
1644|31 APPLEWOOD ROAD |31 APPLEWOOD ROAD |70.jpg
1644|31 APPLEWOOD ROAD |31 APPLEWOOD ROAD |71.jpg
1644|31 APPLEWOOD ROAD |31 APPLEWOOD ROAD |98.jpg
1644|31 APPLEWOOD ROAD |31 APPLEWOOD ROAD |00.jpg
1644|31 APPLEWOOD ROAD |31 APPLEWOOD ROAD |31 applewood-a.JPG
1645|36 APPLEWOOD ROAD|36 APPLEWOOD ROAD|05.jpg
1645|36 APPLEWOOD ROAD|36 APPLEWOOD ROAD|06.jpg
1645|36 APPLEWOOD ROAD|36 APPLEWOOD ROAD|68.jpg
1645|36 APPLEWOOD ROAD|36 APPLEWOOD ROAD|69.jpg
1646|32 APPLEWOOD ROAD |32 APPLEWOOD ROAD |08.jpg
1646|32 APPLEWOOD ROAD |32 APPLEWOOD ROAD |09.jpg
1646|32 APPLEWOOD ROAD |32 APPLEWOOD ROAD |10.jpg
1647|26 APPLEWOOD ROAD |26 APPLEWOOD ROAD |66.jpg
1647|26 APPLEWOOD ROAD |26 APPLEWOOD ROAD |67.jpg
1647|26 APPLEWOOD ROAD |26 APPLEWOOD ROAD |96.jpg
1647|26 APPLEWOOD ROAD |26 APPLEWOOD ROAD |APP26B.JPG
1647|26 APPLEWOOD ROAD |26 APPLEWOOD ROAD |APP26A.JPG
1648|22 APPLEWOOD ROAD |22 APPLEWOOD ROAD |78.jpg
1648|22 APPLEWOOD ROAD |22 APPLEWOOD ROAD |79.jpg
1648|22 APPLEWOOD ROAD |22 APPLEWOOD ROAD |60.jpg
1648|22 APPLEWOOD ROAD |22 APPLEWOOD ROAD |61.jpg
1649|16 APPLEWOOD ROAD |16 APPLEWOOD ROAD |63.jpg
1649|16 APPLEWOOD ROAD |16 APPLEWOOD ROAD |64.jpg
1649|16 APPLEWOOD ROAD |16 APPLEWOOD ROAD |81.jpg
1650|12 APPLEWOOD ROAD |12 APPLEWOOD ROAD |02.jpg
1650|12 APPLEWOOD ROAD |12 APPLEWOOD ROAD |03.jpg
1650|12 APPLEWOOD ROAD |12 APPLEWOOD ROAD |55.jpg
1650|12 APPLEWOOD ROAD |12 APPLEWOOD ROAD |56.jpg
1651|8 APPLEWOOD ROAD |8 APPLEWOOD ROAD |53.jpg
1651|8 APPLEWOOD ROAD |8 APPLEWOOD ROAD |54.jpg
1651|8 APPLEWOOD ROAD |8 APPLEWOOD ROAD |00.jpg
1651|8 APPLEWOOD ROAD |8 APPLEWOOD ROAD |01.jpg
1652|2 APPLEWOOD ROAD |2 APPLEWOOD ROAD |48.jpg
1652|2 APPLEWOOD ROAD |2 APPLEWOOD ROAD |49.jpg
1652|2 APPLEWOOD ROAD |2 APPLEWOOD ROAD |46.jpg
1653|289 PROSPECT STREET|289 PROSPECT STREET|82.jpg
1653|289 PROSPECT STREET|289 PROSPECT STREET|83.jpg
1654|295 PROSPECT STREET|295 PROSPECT STREET|70.jpg
1654|295 PROSPECT STREET|295 PROSPECT STREET|90.jpg
1654|295 PROSPECT STREET|295 PROSPECT STREET|91.jpg
1654|295 PROSPECT STREET|295 PROSPECT STREET|PRO295.JPG
1655|301 PROSPECT STREET|301 PROSPECT STREET|PRO301.jpg
1655|301 PROSPECT STREET|301 PROSPECT STREET|21.jpg
1655|301 PROSPECT STREET|301 PROSPECT STREET|22.jpg
1656|307 PROSPECT STREET |307 PROSPECT STREET |19.jpg
1656|307 PROSPECT STREET |307 PROSPECT STREET |20.jpg
1656|307 PROSPECT STREET |307 PROSPECT STREET |73.jpg
1657|313 PROSPECT STREET|313 PROSPECT STREET|35.jpg
1657|313 PROSPECT STREET|313 PROSPECT STREET|36.jpg
1657|313 PROSPECT STREET|313 PROSPECT STREET|17.jpg
1657|313 PROSPECT STREET|313 PROSPECT STREET|18.jpg
1658|319 PROSPECT STREET |319 PROSPECT STREET |88.jpg
1658|319 PROSPECT STREET |319 PROSPECT STREET |89.jpg
1659|323 PROSPECT STREET|323 PROSPECT STREET|15.jpg
1659|323 PROSPECT STREET|323 PROSPECT STREET|16.jpg
1660|333 PROSPECT STREET|333 PROSPECT STREET|13.jpg
1660|333 PROSPECT STREET|333 PROSPECT STREET|14.jpg
1660|333 PROSPECT STREET|333 PROSPECT STREET|30.jpg
1661|335 PROSPECT STREET |335 PROSPECT STREET |79.jpg
1661|335 PROSPECT STREET |335 PROSPECT STREET |11.jpg
1661|335 PROSPECT STREET |335 PROSPECT STREET |12.jpg
1662|339 PROSPECT STREET|339 PROSPECT STREET|09.jpg
1662|339 PROSPECT STREET|339 PROSPECT STREET|10.jpg
1662|339 PROSPECT STREET|339 PROSPECT STREET|28.jpg
1662|339 PROSPECT STREET|339 PROSPECT STREET|29.jpg
1663|341 PROSPECT STREET|341 PROSPECT STREET|26.jpg
1663|341 PROSPECT STREET|341 PROSPECT STREET|27.jpg
1663|341 PROSPECT STREET|341 PROSPECT STREET|07.jpg
1663|341 PROSPECT STREET|341 PROSPECT STREET|08.jpg
1664|184 WEST BOYLSTON STREET |184 WEST BOYLSTON STREET |36.jpg
1664|184 WEST BOYLSTON STREET |184 WEST BOYLSTON STREET |54.jpg
1664|184 WEST BOYLSTON STREET |184 WEST BOYLSTON STREET |55.jpg
1664|184 WEST BOYLSTON STREET |184 WEST BOYLSTON STREET |image_67148801.JPG
1664|184 WEST BOYLSTON STREET |184 WEST BOYLSTON STREET |image_67158273.JPG
1664|184 WEST BOYLSTON STREET |184 WEST BOYLSTON STREET |image_67180801.JPG
1664|184 WEST BOYLSTON STREET |184 WEST BOYLSTON STREET |image_67183105.JPG
1664|184 WEST BOYLSTON STREET |184 WEST BOYLSTON STREET |image_67188737.JPG
1664|184 WEST BOYLSTON STREET |184 WEST BOYLSTON STREET |image_67194369.JPG
1664|184 WEST BOYLSTON STREET |184 WEST BOYLSTON STREET |image_67190785.JPG
1664|184 WEST BOYLSTON STREET |184 WEST BOYLSTON STREET |image_67199233.JPG
1664|184 WEST BOYLSTON STREET |184 WEST BOYLSTON STREET |image_67221505.JPG
1665|168 WEST BOYLSTON STREET|168 WEST BOYLSTON STREET|76.jpg
1665|168 WEST BOYLSTON STREET|168 WEST BOYLSTON STREET|77.jpg
1666|160 WEST BOYLSTON STREET|160 WEST BOYLSTON STREET|72.jpg
1666|160 WEST BOYLSTON STREET|160 WEST BOYLSTON STREET|73.jpg
1666|160 WEST BOYLSTON STREET|160 WEST BOYLSTON STREET|74.jpg
1666|160 WEST BOYLSTON STREET|160 WEST BOYLSTON STREET|75.jpg
1666|160 WEST BOYLSTON STREET|160 WEST BOYLSTON STREET|14.jpg
1667|164 WEST BOYLSTON STREET |164 WEST BOYLSTON STREET |49.jpg
1667|164 WEST BOYLSTON STREET |164 WEST BOYLSTON STREET |70.jpg
1667|164 WEST BOYLSTON STREET |164 WEST BOYLSTON STREET |71.jpg
1668|152 WEST BOYLSTON STREET|152 WEST BOYLSTON STREET|68.jpg
1668|152 WEST BOYLSTON STREET|152 WEST BOYLSTON STREET|69.jpg
1669|174 WEST BOYLSTON STREET |174 WEST BOYLSTON STREET |78.jpg
1670|1 STOCKWELL ROAD |1 STOCKWELL ROAD |1 stockwell-b.JPG
1670|1 STOCKWELL ROAD |1 STOCKWELL ROAD |1 stockwell-a.JPG
1670|1 STOCKWELL ROAD |1 STOCKWELL ROAD |STO1B.JPG
1670|1 STOCKWELL ROAD |1 STOCKWELL ROAD |STO1A.JPG
1670|1 STOCKWELL ROAD |1 STOCKWELL ROAD |1stockwell.jpg
1670|1 STOCKWELL ROAD |1 STOCKWELL ROAD |20.jpg
1670|1 STOCKWELL ROAD |1 STOCKWELL ROAD |21.jpg
1672|122 WEST BOYLSTON STREET|122 WEST BOYLSTON STREET|66.jpg
1672|122 WEST BOYLSTON STREET|122 WEST BOYLSTON STREET|67.jpg
1673|130 WEST BOYLSTON STREET |130 WEST BOYLSTON STREET |98.jpg
1673|130 WEST BOYLSTON STREET |130 WEST BOYLSTON STREET |00.jpg
1673|130 WEST BOYLSTON STREET |130 WEST BOYLSTON STREET |01.jpg
1674|114 WEST BOYLSTON STREET |114 WEST BOYLSTON STREET |96.jpg
1674|114 WEST BOYLSTON STREET |114 WEST BOYLSTON STREET |97.jpg
1675|141 WEST BOYLSTON STREET|141 WEST BOYLSTON STREET|82.jpg
1675|141 WEST BOYLSTON STREET|141 WEST BOYLSTON STREET|83.jpg
1675|141 WEST BOYLSTON STREET|141 WEST BOYLSTON STREET|84.jpg
1676|149 WEST BOYLSTON STREET|149 WEST BOYLSTON STREET|53.jpg
1676|149 WEST BOYLSTON STREET|149 WEST BOYLSTON STREET|87.jpg
1677|153 WEST BOYLSTON STREET |153 WEST BOYLSTON STREET |48.jpg
1677|153 WEST BOYLSTON STREET |153 WEST BOYLSTON STREET |49.jpg
1678|165 WEST BOYLSTON STREET |165 WEST BOYLSTON STREET |88.jpg
1679|171 WEST BOYLSTON STREET |171 WEST BOYLSTON STREET |79.jpg
1679|171 WEST BOYLSTON STREET |171 WEST BOYLSTON STREET |80.jpg
1680|175 WEST BOYLSTON STREET |175 WEST BOYLSTON STREET |50.jpg
1680|175 WEST BOYLSTON STREET |175 WEST BOYLSTON STREET |51.jpg
1683|185 WEST BOYLSTON STREET|185 WEST BOYLSTON STREET|72.jpg
1683|185 WEST BOYLSTON STREET|185 WEST BOYLSTON STREET|73.jpg
1683|185 WEST BOYLSTON STREET|185 WEST BOYLSTON STREET|74.jpg
1683|185 WEST BOYLSTON STREET|185 WEST BOYLSTON STREET|75.jpg
1684|272 WORCESTER STREET |272 WORCESTER STREET |89.jpg
1684|272 WORCESTER STREET |272 WORCESTER STREET |90.jpg
1686|256 WORCESTER STREET |256 WORCESTER STREET |46.jpg
1686|256 WORCESTER STREET |256 WORCESTER STREET |47.jpg
1686|256 WORCESTER STREET |256 WORCESTER STREET |WOR256AA.JPG
1686|256 WORCESTER STREET |256 WORCESTER STREET |WOR256.JPG
1688|9 HOWARD AVENUE|9 HOWARD AVENUE|33.jpg
1688|9 HOWARD AVENUE|9 HOWARD AVENUE|83.jpg
1689|11 HOWARD AVENUE |11 HOWARD AVENUE |76.jpg
1689|11 HOWARD AVENUE |11 HOWARD AVENUE |77.jpg
1690|13 HOWARD AVENUE|13 HOWARD AVENUE|35.jpg
1690|13 HOWARD AVENUE|13 HOWARD AVENUE|36.jpg
1691|221 WORCESTER STREET|221 WORCESTER STREET|42.jpg
1691|221 WORCESTER STREET|221 WORCESTER STREET|43.jpg
1691|221 WORCESTER STREET|221 WORCESTER STREET|95.jpg
1691|221 WORCESTER STREET|221 WORCESTER STREET|96.jpg
1692|10 BRAYTON ROAD |10 BRAYTON ROAD |23.jpg
1692|10 BRAYTON ROAD |10 BRAYTON ROAD |24.jpg
1693|247 WORCESTER STREET |247 WORCESTER STREET |51.jpg
1693|247 WORCESTER STREET |247 WORCESTER STREET |52.jpg
1694|259 WORCESTER STREET|259 WORCESTER STREET|93.jpg
1694|259 WORCESTER STREET|259 WORCESTER STREET|29.jpg
1694|259 WORCESTER STREET|259 WORCESTER STREET|02.jpg
1695|275 WORCESTER STREET|275 WORCESTER STREET|275wor.jpg
1695|275 WORCESTER STREET|275 WORCESTER STREET|275worb.jpg
1696|83 PIERCE STREET|83 PIERCE STREET|69.jpg
1696|83 PIERCE STREET|83 PIERCE STREET|61.jpg
1696|83 PIERCE STREET|83 PIERCE STREET|62.jpg
1696|83 PIERCE STREET|83 PIERCE STREET|63.jpg
1696|83 PIERCE STREET|83 PIERCE STREET|64.jpg
1697|118 MAPLE STREET |118 MAPLE STREET |30.jpg
1697|118 MAPLE STREET |118 MAPLE STREET |31.jpg
1697|118 MAPLE STREET |118 MAPLE STREET |70.jpg
1698|114 MAPLE STREET|114 MAPLE STREET|90.jpg
1698|114 MAPLE STREET|114 MAPLE STREET|08.jpg
1698|114 MAPLE STREET|114 MAPLE STREET|09.jpg
1698|114 MAPLE STREET|114 MAPLE STREET|MAP114.JPG
1698|114 MAPLE STREET|114 MAPLE STREET|MAP114C.JPG
1699|108 MAPLE STREET|108 MAPLE STREET|108mpl.jpg
1699|108 MAPLE STREET|108 MAPLE STREET|21.jpg
1699|108 MAPLE STREET|108 MAPLE STREET|22.jpg
1700|104 MAPLE STREET|104 MAPLE STREET|19.jpg
1700|104 MAPLE STREET|104 MAPLE STREET|20.jpg
1701|98 MAPLE STREET|98 MAPLE STREET|91.jpg
1702|92 MAPLE STREET |92 MAPLE STREET |17.jpg
1702|92 MAPLE STREET |92 MAPLE STREET |18.jpg
1702|92 MAPLE STREET |92 MAPLE STREET |MAP0092A.JPG
1703|86 MAPLE STREET|86 MAPLE STREET|45.jpg
1703|86 MAPLE STREET|86 MAPLE STREET|84.jpg
1703|86 MAPLE STREET|86 MAPLE STREET|85.jpg
1704|80 MAPLE STREET|80 MAPLE STREET|06.jpg
1704|80 MAPLE STREET|80 MAPLE STREET|07.jpg
1705|62 MAPLE STREET |62 MAPLE STREET |88.jpg
1705|62 MAPLE STREET |62 MAPLE STREET |89.jpg
1706|58 MAPLE STREET|58 MAPLE STREET|92.jpg
1706|58 MAPLE STREET|58 MAPLE STREET|93.jpg
1706|58 MAPLE STREET|58 MAPLE STREET|
1707|65 MAPLE STREET |65 MAPLE STREET |23.jpg
1707|65 MAPLE STREET |65 MAPLE STREET |01.jpg
1707|65 MAPLE STREET |65 MAPLE STREET |66.jpg
1708|69 MAPLE STREET|69 MAPLE STREET|75.jpg
1708|69 MAPLE STREET|69 MAPLE STREET|76.jpg
1708|69 MAPLE STREET|69 MAPLE STREET|77.jpg
1709|71 MAPLE STREET|71 MAPLE STREET|58.jpg
1709|71 MAPLE STREET|71 MAPLE STREET|59.jpg
1710|87 MAPLE STREET |87 MAPLE STREET |IMG_0138.JPG
1710|87 MAPLE STREET |87 MAPLE STREET |00.jpg
1712|89 MAPLE STREET|89 MAPLE STREET|65.jpg
1712|89 MAPLE STREET|89 MAPLE STREET|45.jpg
1712|89 MAPLE STREET|89 MAPLE STREET|46.jpg
1713|91 MAPLE STREET|91 MAPLE STREET|08.jpg
1714|95 MAPLE STREET|95 MAPLE STREET|82.jpg
1714|95 MAPLE STREET|95 MAPLE STREET|83.jpg
1715|99 MAPLE STREET|99 MAPLE STREET|56.jpg
1715|99 MAPLE STREET|99 MAPLE STREET|57.jpg
1716|107 MAPLE STREET|107 MAPLE STREET|63.jpg
1716|107 MAPLE STREET|107 MAPLE STREET|64.jpg
1716|107 MAPLE STREET|107 MAPLE STREET|MAP107B.JPG
1716|107 MAPLE STREET|107 MAPLE STREET|MAP107A.JPG
1717|111 MAPLE STREET|111 MAPLE STREET|68.jpg
1717|111 MAPLE STREET|111 MAPLE STREET|69.jpg
1717|111 MAPLE STREET|111 MAPLE STREET|57.jpg
1717|111 MAPLE STREET|111 MAPLE STREET|58.jpg
1717|111 MAPLE STREET|111 MAPLE STREET|59.jpg
1718|115 MAPLE STREET|115 MAPLE STREET|22.jpg
1719|121 MAPLE STREET|121 MAPLE STREET|32.jpg
1719|121 MAPLE STREET|121 MAPLE STREET|33.jpg
1719|121 MAPLE STREET|121 MAPLE STREET|24.jpg
1720|127 MAPLE STREET |127 MAPLE STREET |77.jpg
1720|127 MAPLE STREET |127 MAPLE STREET |03.jpg
1721|135 MAPLE STREET|135 MAPLE STREET|34.jpg
1721|135 MAPLE STREET|135 MAPLE STREET|35.jpg
1721|135 MAPLE STREET|135 MAPLE STREET|36.jpg
1722|165 PIERCE STREET |165 PIERCE STREET |72.jpg
1722|165 PIERCE STREET |165 PIERCE STREET |81.jpg
1722|165 PIERCE STREET |165 PIERCE STREET |82.jpg
1722|165 PIERCE STREET |165 PIERCE STREET |83.jpg
1722|165 PIERCE STREET |165 PIERCE STREET |84.jpg
1722|165 PIERCE STREET |165 PIERCE STREET |51.jpg
1723|179 PIERCE STREET|179 PIERCE STREET|50.jpg
1723|179 PIERCE STREET|179 PIERCE STREET|85.jpg
1723|179 PIERCE STREET|179 PIERCE STREET|86.jpg
1724|191 PIERCE STREET|191 PIERCE STREET|76.jpg
1724|191 PIERCE STREET|191 PIERCE STREET|73.jpg
1725|195 PIERCE STREET|195 PIERCE STREET|49.jpg
1725|195 PIERCE STREET|195 PIERCE STREET|55.jpg
1729|182 PIERCE STREET|182 PIERCE STREET|47.jpg
1729|182 PIERCE STREET|182 PIERCE STREET|77.jpg
1729|182 PIERCE STREET|182 PIERCE STREET|12.jpg
1729|182 PIERCE STREET|182 PIERCE STREET|13.jpg
1734|166 TEMPLE STREET|166 TEMPLE STREET|01.jpg
1734|166 TEMPLE STREET|166 TEMPLE STREET|02.jpg
1735|156 TEMPLE STREET|156 TEMPLE STREET|59.jpg
1735|156 TEMPLE STREET|156 TEMPLE STREET|60.jpg
1736|152 TEMPLE STREET|152 TEMPLE STREET|57.jpg
1736|152 TEMPLE STREET|152 TEMPLE STREET|58.jpg
1738|10 OAK AVENUE|10 OAK AVENUE|98.jpg
1738|10 OAK AVENUE|10 OAK AVENUE|00.jpg
1739|21 ARDMORE AVENUE |21 ARDMORE AVENUE |73.jpg
1739|21 ARDMORE AVENUE |21 ARDMORE AVENUE |74.jpg
1740|134 TEMPLE STREET|134 TEMPLE STREET|53.jpg
1740|134 TEMPLE STREET|134 TEMPLE STREET|54.jpg
1741|18 ARDMORE AVENUE |18 ARDMORE AVENUE |75.jpg
1741|18 ARDMORE AVENUE |18 ARDMORE AVENUE |76.jpg
1743|132 TEMPLE STREET |132 TEMPLE STREET |94.jpg
1743|132 TEMPLE STREET |132 TEMPLE STREET |95.jpg
1744|130 TEMPLE STREET|130 TEMPLE STREET|65.jpg
1744|130 TEMPLE STREET|130 TEMPLE STREET|66.jpg
1744|130 TEMPLE STREET|130 TEMPLE STREET|33.jpg
1744|130 TEMPLE STREET|130 TEMPLE STREET|34.jpg
1750|207 MAPLE STREET|207 MAPLE STREET|51.jpg
1750|207 MAPLE STREET|207 MAPLE STREET|52.jpg
1750|207 MAPLE STREET|207 MAPLE STREET|53.jpg
1751|220 MAPLE STREET|220 MAPLE STREET|48.jpg
1751|220 MAPLE STREET|220 MAPLE STREET|49.jpg
1751|220 MAPLE STREET|220 MAPLE STREET|64.jpg
1752|7 KINGS MOUNTAIN DRIVE |7 KINGS MOUNTAIN DRIVE |80.jpg
1752|7 KINGS MOUNTAIN DRIVE |7 KINGS MOUNTAIN DRIVE |81.jpg
1753|9 KINGS MOUNTAIN DRIVE|9 KINGS MOUNTAIN DRIVE|55.jpg
1753|9 KINGS MOUNTAIN DRIVE|9 KINGS MOUNTAIN DRIVE|56.jpg
1754|15 KINGS MOUNTAIN DRIVE |15 KINGS MOUNTAIN DRIVE |57.jpg
1754|15 KINGS MOUNTAIN DRIVE |15 KINGS MOUNTAIN DRIVE |58.jpg
1755|3 FORT NIAGARA DRIVE|3 FORT NIAGARA DRIVE|45.jpg
1755|3 FORT NIAGARA DRIVE|3 FORT NIAGARA DRIVE|46.jpg
1755|3 FORT NIAGARA DRIVE|3 FORT NIAGARA DRIVE|16.jpg
1756|14 KINGS MOUNTAIN DRIVE|14 KINGS MOUNTAIN DRIVE|57.jpg
1756|14 KINGS MOUNTAIN DRIVE|14 KINGS MOUNTAIN DRIVE|58.jpg
1757|28 LEXINGTON DRIVE |28 LEXINGTON DRIVE |69.jpg
1757|28 LEXINGTON DRIVE |28 LEXINGTON DRIVE |70.jpg
1758|24 LEXINGTON DRIVE|24 LEXINGTON DRIVE|67.jpg
1758|24 LEXINGTON DRIVE|24 LEXINGTON DRIVE|68.jpg
1759|9 TRENTON LANE |9 TRENTON LANE |51.jpg
1759|9 TRENTON LANE |9 TRENTON LANE |52.jpg
1760|18 LEXINGTON DRIVE|18 LEXINGTON DRIVE|64.jpg
1760|18 LEXINGTON DRIVE|18 LEXINGTON DRIVE|65.jpg
1760|18 LEXINGTON DRIVE|18 LEXINGTON DRIVE|LEX18A.JPG
1761|3 BRANDYWINE ROAD|3 BRANDYWINE ROAD|3brn.jpg
1761|3 BRANDYWINE ROAD|3 BRANDYWINE ROAD|88.jpg
1761|3 BRANDYWINE ROAD|3 BRANDYWINE ROAD|89.jpg
1762|7 BRANDYWINE ROAD |7 BRANDYWINE ROAD |41.jpg
1762|7 BRANDYWINE ROAD |7 BRANDYWINE ROAD |42.jpg
1763|10 BRANDYWINE ROAD|10 BRANDYWINE ROAD|43.jpg
1763|10 BRANDYWINE ROAD|10 BRANDYWINE ROAD|44.jpg
1764|8 LEXINGTON DRIVE |8 LEXINGTON DRIVE |61.jpg
1764|8 LEXINGTON DRIVE |8 LEXINGTON DRIVE |62.jpg
1765|15 BUNKER HILL PARKWAY |15 BUNKER HILL PARKWAY |89.jpg
1765|15 BUNKER HILL PARKWAY |15 BUNKER HILL PARKWAY |44.jpg
1765|15 BUNKER HILL PARKWAY |15 BUNKER HILL PARKWAY |45.jpg
1766|19 BUNKER HILL PARKWAY|19 BUNKER HILL PARKWAY|50.jpg
1766|19 BUNKER HILL PARKWAY|19 BUNKER HILL PARKWAY|51.jpg
1766|19 BUNKER HILL PARKWAY|19 BUNKER HILL PARKWAY|69.jpg
1767|14 BUNKER HILL PARKWAY|14 BUNKER HILL PARKWAY|71.jpg
1767|14 BUNKER HILL PARKWAY|14 BUNKER HILL PARKWAY|46.jpg
1767|14 BUNKER HILL PARKWAY|14 BUNKER HILL PARKWAY|47.jpg
1768|10 BUNKER HILL PARKWAY|10 BUNKER HILL PARKWAY|63.jpg
1768|10 BUNKER HILL PARKWAY|10 BUNKER HILL PARKWAY|86.jpg
1768|10 BUNKER HILL PARKWAY|10 BUNKER HILL PARKWAY|87.jpg
1769|6 BUNKER HILL PARKWAY |6 BUNKER HILL PARKWAY |23.jpg
1769|6 BUNKER HILL PARKWAY |6 BUNKER HILL PARKWAY |43.jpg
1769|6 BUNKER HILL PARKWAY |6 BUNKER HILL PARKWAY |BUN6.JPG
1769|6 BUNKER HILL PARKWAY |6 BUNKER HILL PARKWAY |BUN6.JPG
1769|6 BUNKER HILL PARKWAY |6 BUNKER HILL PARKWAY |BUN6B.JPG
1770|3 LEXINGTON DRIVE|3 LEXINGTON DRIVE|77.jpg
1770|3 LEXINGTON DRIVE|3 LEXINGTON DRIVE|78.jpg
1771|7 LEXINGTON DRIVE |7 LEXINGTON DRIVE |59.jpg
1771|7 LEXINGTON DRIVE |7 LEXINGTON DRIVE |60.jpg
1772|11 LEXINGTON DRIVE |11 LEXINGTON DRIVE |13.jpg
1772|11 LEXINGTON DRIVE |11 LEXINGTON DRIVE |14.jpg
1772|11 LEXINGTON DRIVE |11 LEXINGTON DRIVE |39.jpg
1773|17 LEXINGTON DRIVE|17 LEXINGTON DRIVE|64.jpg
1773|17 LEXINGTON DRIVE|17 LEXINGTON DRIVE|25.jpg
1774|21 LEXINGTON DRIVE|21 LEXINGTON DRIVE|65.jpg
1774|21 LEXINGTON DRIVE|21 LEXINGTON DRIVE|66.jpg
1775|25 LEXINGTON DRIVE |25 LEXINGTON DRIVE |35.jpg
1775|25 LEXINGTON DRIVE |25 LEXINGTON DRIVE |36.jpg
1775|25 LEXINGTON DRIVE |25 LEXINGTON DRIVE |01.jpg
1776|6 KINGS MOUNTAIN DRIVE|6 KINGS MOUNTAIN DRIVE|54.jpg
1776|6 KINGS MOUNTAIN DRIVE|6 KINGS MOUNTAIN DRIVE|59.jpg
1776|6 KINGS MOUNTAIN DRIVE|6 KINGS MOUNTAIN DRIVE|60.jpg
1777|202 MAPLE STREET |202 MAPLE STREET |23.jpg
1777|202 MAPLE STREET |202 MAPLE STREET |24.jpg
1778|194 MAPLE STREET |194 MAPLE STREET |73.jpg
1778|194 MAPLE STREET |194 MAPLE STREET |75.jpg
1779|192 MAPLE STREET|192 MAPLE STREET|46.jpg
1779|192 MAPLE STREET|192 MAPLE STREET|47.jpg
1779|192 MAPLE STREET|192 MAPLE STREET|46.jpg
1780|190 MAPLE STREET |190 MAPLE STREET |57.jpg
1780|190 MAPLE STREET |190 MAPLE STREET |58.jpg
1780|190 MAPLE STREET |190 MAPLE STREET |71.jpg
1780|190 MAPLE STREET |190 MAPLE STREET |72.jpg
1781|188 MAPLE STREET|188 MAPLE STREET|69.jpg
1781|188 MAPLE STREET|188 MAPLE STREET|70.jpg
1781|188 MAPLE STREET|188 MAPLE STREET|188 maple-b.JPG
1781|188 MAPLE STREET|188 MAPLE STREET|188 maple-a (5).JPG
1782|178 MAPLE STREET|178 MAPLE STREET|178mpl.jpg
1782|178 MAPLE STREET|178 MAPLE STREET|21.jpg
1782|178 MAPLE STREET|178 MAPLE STREET|67.jpg
1783|166 MAPLE STREET|166 MAPLE STREET|65.jpg
1783|166 MAPLE STREET|166 MAPLE STREET|66.jpg
1783|166 MAPLE STREET|166 MAPLE STREET|166mpl.jpg
1784|170 MAPLE STREET|170 MAPLE STREET|88.jpg
1784|170 MAPLE STREET|170 MAPLE STREET|64.jpg
1785|162 MAPLE STREET |162 MAPLE STREET |67.jpg
1785|162 MAPLE STREET |162 MAPLE STREET |22.jpg
1786|156 MAPLE STREET|156 MAPLE STREET|21.jpg
1786|156 MAPLE STREET|156 MAPLE STREET|MAP156.JPG
1786|156 MAPLE STREET|156 MAPLE STREET|MAP156A.JPG
1787|108 PIERCE STREET|108 PIERCE STREET|37.jpg
1787|108 PIERCE STREET|108 PIERCE STREET|39.jpg
1788|104 PIERCE STREET |104 PIERCE STREET |33.jpg
1788|104 PIERCE STREET |104 PIERCE STREET |34.jpg
1789|100 PIERCE STREET|100 PIERCE STREET|31.jpg
1789|100 PIERCE STREET|100 PIERCE STREET|32.jpg
1790|95 PIERCE STREET |95 PIERCE STREET |34.jpg
1790|95 PIERCE STREET |95 PIERCE STREET |97.jpg
1790|95 PIERCE STREET |95 PIERCE STREET |
1791|97 PIERCE STREET |97 PIERCE STREET |31.jpg
1791|97 PIERCE STREET |97 PIERCE STREET |32.jpg
1792|107 PIERCE STREET|107 PIERCE STREET|35.jpg
1792|107 PIERCE STREET|107 PIERCE STREET|36.jpg
1793|152 MAPLE STREET|152 MAPLE STREET|61.jpg
1793|152 MAPLE STREET|152 MAPLE STREET|62.jpg
1794|144 MAPLE STREET|144 MAPLE STREET|59.jpg
1794|144 MAPLE STREET|144 MAPLE STREET|60.jpg
1795|140 MAPLE STREET |140 MAPLE STREET |57.jpg
1795|140 MAPLE STREET |140 MAPLE STREET |58.jpg
1795|140 MAPLE STREET |140 MAPLE STREET |MAP140.JPG
1796|145 MAPLE STREET|145 MAPLE STREET|MAP145.JPG
1796|145 MAPLE STREET|145 MAPLE STREET|MAP145G.jpg
1796|145 MAPLE STREET|145 MAPLE STREET|54.jpg
1796|145 MAPLE STREET|145 MAPLE STREET|55.jpg
1796|145 MAPLE STREET|145 MAPLE STREET|56.jpg
1797|149 MAPLE STREET|149 MAPLE STREET|50.jpg
1797|149 MAPLE STREET|149 MAPLE STREET|51.jpg
1797|149 MAPLE STREET|149 MAPLE STREET|52.jpg
1797|149 MAPLE STREET|149 MAPLE STREET|53.jpg
1797|149 MAPLE STREET|149 MAPLE STREET|30.jpg
1798|123 PIERCE STREET|123 PIERCE STREET|86.jpg
1798|123 PIERCE STREET|123 PIERCE STREET|83.jpg
1798|123 PIERCE STREET|123 PIERCE STREET|84.jpg
1799|129 PIERCE STREET|129 PIERCE STREET|42.jpg
1799|129 PIERCE STREET|129 PIERCE STREET|43.jpg
1800|137 PIERCE STREET |137 PIERCE STREET |48.jpg
1800|137 PIERCE STREET |137 PIERCE STREET |49.jpg
1800|137 PIERCE STREET |137 PIERCE STREET |76.jpg
1801|139 PIERCE STREET|139 PIERCE STREET|46.jpg
1801|139 PIERCE STREET|139 PIERCE STREET|47.jpg
1802|135 PIERCE STREET |135 PIERCE STREET |15.jpg
1802|135 PIERCE STREET |135 PIERCE STREET |67.jpg
1803|149 PIERCE STREET|149 PIERCE STREET|54.jpg
1803|149 PIERCE STREET|149 PIERCE STREET|55.jpg
1804|157 PIERCE STREET|157 PIERCE STREET|56.jpg
1804|157 PIERCE STREET|157 PIERCE STREET|57.jpg
1806|176 PIERCE STREET|176 PIERCE STREET|62.jpg
1806|176 PIERCE STREET|176 PIERCE STREET|63.jpg
1807|174 PIERCE STREET|174 PIERCE STREET|60.jpg
1807|174 PIERCE STREET|174 PIERCE STREET|61.jpg
1808|162 PIERCE STREET|162 PIERCE STREET|58.jpg
1808|162 PIERCE STREET|162 PIERCE STREET|59.jpg
1808|162 PIERCE STREET|162 PIERCE STREET|21.jpg
1808|162 PIERCE STREET|162 PIERCE STREET|15.jpg
1810|146 PIERCE STREET|146 PIERCE STREET|59.jpg
1810|146 PIERCE STREET|146 PIERCE STREET|60.jpg
1811|144 PIERCE STREET|144 PIERCE STREET|55.jpg
1811|144 PIERCE STREET|144 PIERCE STREET|56.jpg
1812|140 PIERCE STREET|140 PIERCE STREET|50.jpg
1812|140 PIERCE STREET|140 PIERCE STREET|51.jpg
1813|134 PIERCE STREET |134 PIERCE STREET |52.jpg
1813|134 PIERCE STREET |134 PIERCE STREET |96.jpg
1814|130 PIERCE STREET |130 PIERCE STREET |44.jpg
1814|130 PIERCE STREET |130 PIERCE STREET |45.jpg
1815|128 PIERCE STREET|128 PIERCE STREET|53.jpg
1815|128 PIERCE STREET|128 PIERCE STREET|43.jpg
1815|128 PIERCE STREET|128 PIERCE STREET|44.jpg
1816|124 PIERCE STREET |124 PIERCE STREET |40.jpg
1816|124 PIERCE STREET |124 PIERCE STREET |41.jpg
1816|124 PIERCE STREET |124 PIERCE STREET |31.jpg
1817|151 MAPLE STREET|151 MAPLE STREET|48.jpg
1817|151 MAPLE STREET|151 MAPLE STREET|49.jpg
1818|153 MAPLE STREET |153 MAPLE STREET |12.jpg
1818|153 MAPLE STREET |153 MAPLE STREET |13.jpg
1818|153 MAPLE STREET |153 MAPLE STREET |49.jpg
1818|153 MAPLE STREET |153 MAPLE STREET |50.jpg
1818|153 MAPLE STREET |153 MAPLE STREET |MAP153A.JPG
1819|167 MAPLE STREET|167 MAPLE STREET|88.jpg
1819|167 MAPLE STREET|167 MAPLE STREET|62.jpg
1820|171 MAPLE STREET|171 MAPLE STREET|46.jpg
1820|171 MAPLE STREET|171 MAPLE STREET|47.jpg
1820|171 MAPLE STREET|171 MAPLE STREET|171mpl.jpg
1821|175 MAPLE STREET |175 MAPLE STREET |175mpl.jpg
1821|175 MAPLE STREET |175 MAPLE STREET |44.jpg
1821|175 MAPLE STREET |175 MAPLE STREET |45.jpg
1822|179 MAPLE STREET|179 MAPLE STREET|42.jpg
1822|179 MAPLE STREET|179 MAPLE STREET|43.jpg
1823|181 MAPLE STREET|181 MAPLE STREET|41.jpg
1823|181 MAPLE STREET|181 MAPLE STREET|30.jpg
1824|187 MAPLE STREET|187 MAPLE STREET|54.jpg
1824|187 MAPLE STREET|187 MAPLE STREET|55.jpg
1824|187 MAPLE STREET|187 MAPLE STREET|53.jpg
1825|9 VALLEY FORGE CIRCLE|9 VALLEY FORGE CIRCLE|45.jpg
1825|9 VALLEY FORGE CIRCLE|9 VALLEY FORGE CIRCLE|46.jpg
1826|11 VALLEY FORGE CIRCLE|11 VALLEY FORGE CIRCLE|56.jpg
1826|11 VALLEY FORGE CIRCLE|11 VALLEY FORGE CIRCLE|71.jpg
1826|11 VALLEY FORGE CIRCLE|11 VALLEY FORGE CIRCLE|72.jpg
1827|15 VALLEY FORGE CIRCLE|15 VALLEY FORGE CIRCLE|05.jpg
1827|15 VALLEY FORGE CIRCLE|15 VALLEY FORGE CIRCLE|06.jpg
1827|15 VALLEY FORGE CIRCLE|15 VALLEY FORGE CIRCLE|27.jpg
1828|19 VALLEY FORGE CIRCLE|19 VALLEY FORGE CIRCLE|09.jpg
1828|19 VALLEY FORGE CIRCLE|19 VALLEY FORGE CIRCLE|10.jpg
1829|25 VALLEY FORGE CIRCLE|25 VALLEY FORGE CIRCLE|11.jpg
1829|25 VALLEY FORGE CIRCLE|25 VALLEY FORGE CIRCLE|12.jpg
1830|29 VALLEY FORGE CIRCLE|29 VALLEY FORGE CIRCLE|13.jpg
1830|29 VALLEY FORGE CIRCLE|29 VALLEY FORGE CIRCLE|14.jpg
1831|31 VALLEY FORGE CIRCLE|31 VALLEY FORGE CIRCLE|15.jpg
1831|31 VALLEY FORGE CIRCLE|31 VALLEY FORGE CIRCLE|16.jpg
1831|31 VALLEY FORGE CIRCLE|31 VALLEY FORGE CIRCLE|31 valley forge cir-a.JPG
1832|35 VALLEY FORGE CIRCLE |35 VALLEY FORGE CIRCLE |17.jpg
1832|35 VALLEY FORGE CIRCLE |35 VALLEY FORGE CIRCLE |18.jpg
1833|38 VALLEY FORGE CIRCLE|38 VALLEY FORGE CIRCLE|41.jpg
1833|38 VALLEY FORGE CIRCLE|38 VALLEY FORGE CIRCLE|42.jpg
1834|26 VALLEY FORGE CIRCLE|26 VALLEY FORGE CIRCLE|25.jpg
1834|26 VALLEY FORGE CIRCLE|26 VALLEY FORGE CIRCLE|26.jpg
1834|26 VALLEY FORGE CIRCLE|26 VALLEY FORGE CIRCLE|55.jpg
1836|18 VALLEY FORGE CIRCLE|18 VALLEY FORGE CIRCLE|81.jpg
1836|18 VALLEY FORGE CIRCLE|18 VALLEY FORGE CIRCLE|07.jpg
1836|18 VALLEY FORGE CIRCLE|18 VALLEY FORGE CIRCLE|08.jpg
1837|14 VALLEY FORGE CIRCLE|14 VALLEY FORGE CIRCLE|57.jpg
1837|14 VALLEY FORGE CIRCLE|14 VALLEY FORGE CIRCLE|58.jpg
1837|14 VALLEY FORGE CIRCLE|14 VALLEY FORGE CIRCLE|60.jpg
1838|10 VALLEY FORGE CIRCLE|10 VALLEY FORGE CIRCLE|43.jpg
1838|10 VALLEY FORGE CIRCLE|10 VALLEY FORGE CIRCLE|44.jpg
1839|8A VALLEY FORGE CIRCLE|8A VALLEY FORGE CIRCLE|01.jpg
1839|8A VALLEY FORGE CIRCLE|8A VALLEY FORGE CIRCLE|02.jpg
1839|8A VALLEY FORGE CIRCLE|8A VALLEY FORGE CIRCLE|04.jpg
1839|8A VALLEY FORGE CIRCLE|8A VALLEY FORGE CIRCLE|95.jpg
1840|8 VALLEY FORGE CIRCLE|8 VALLEY FORGE CIRCLE|98.jpg
1840|8 VALLEY FORGE CIRCLE|8 VALLEY FORGE CIRCLE|00.jpg
1841|6 VALLEY FORGE CIRCLE|6 VALLEY FORGE CIRCLE|69.jpg
1841|6 VALLEY FORGE CIRCLE|6 VALLEY FORGE CIRCLE|70.jpg
1841|6 VALLEY FORGE CIRCLE|6 VALLEY FORGE CIRCLE|26.jpg
1842|4 VALLEY FORGE CIRCLE |4 VALLEY FORGE CIRCLE |96.jpg
1842|4 VALLEY FORGE CIRCLE |4 VALLEY FORGE CIRCLE |97.jpg
1843|23 SHREWSBURY STREET|23 SHREWSBURY STREET|43.jpg
1843|23 SHREWSBURY STREET|23 SHREWSBURY STREET|44.jpg
1843|23 SHREWSBURY STREET|23 SHREWSBURY STREET|45.jpg
1843|23 SHREWSBURY STREET|23 SHREWSBURY STREET|17.jpg
1844|25 SHREWSBURY STREET|25 SHREWSBURY STREET|16.jpg
1844|25 SHREWSBURY STREET|25 SHREWSBURY STREET|41.jpg
1844|25 SHREWSBURY STREET|25 SHREWSBURY STREET|42.jpg
1846|11 WOODLAND STREET |11 WOODLAND STREET |94.jpg
1846|11 WOODLAND STREET |11 WOODLAND STREET |95.jpg
1847|15 WOODLAND STREET|15 WOODLAND STREET|44.jpg
1849|271 WEST BOYLSTON STREET|271 WEST BOYLSTON STREET|92.jpg
1849|271 WEST BOYLSTON STREET|271 WEST BOYLSTON STREET|93.jpg
1850|4 SHRINE AVENUE|4 SHRINE AVENUE|94.jpg
1850|4 SHRINE AVENUE|4 SHRINE AVENUE|95.jpg
1851|44 WOODLAND STREET|44 WOODLAND STREET|18.jpg
1851|44 WOODLAND STREET|44 WOODLAND STREET|19.jpg
1852|40 WOODLAND STREET|40 WOODLAND STREET|92.jpg
1852|40 WOODLAND STREET|40 WOODLAND STREET|93.jpg
1853|36 WOODLAND STREET|36 WOODLAND STREET|39.jpg
1853|36 WOODLAND STREET|36 WOODLAND STREET|40.jpg
1855|264 WEST BOYLSTON STREET |264 WEST BOYLSTON STREET |50.jpg
1855|264 WEST BOYLSTON STREET |264 WEST BOYLSTON STREET |51.jpg
1855|264 WEST BOYLSTON STREET |264 WEST BOYLSTON STREET |WBS264A.JPG
1857|244 WEST BOYLSTON STREET |244 WEST BOYLSTON STREET |46.jpg
1857|244 WEST BOYLSTON STREET |244 WEST BOYLSTON STREET |47.jpg
1857|244 WEST BOYLSTON STREET |244 WEST BOYLSTON STREET |48.jpg
1857|244 WEST BOYLSTON STREET |244 WEST BOYLSTON STREET |49.jpg
1857|244 WEST BOYLSTON STREET |244 WEST BOYLSTON STREET |51.jpg
1857|244 WEST BOYLSTON STREET |244 WEST BOYLSTON STREET |52.jpg
1858|240 WEST BOYLSTON STREET |240 WEST BOYLSTON STREET |02.jpg
1858|240 WEST BOYLSTON STREET |240 WEST BOYLSTON STREET |03.jpg
1859|232 WEST BOYLSTON STREET |232 WEST BOYLSTON STREET |38.jpg
1859|232 WEST BOYLSTON STREET |232 WEST BOYLSTON STREET |WBS232.JPG
1859|232 WEST BOYLSTON STREET |232 WEST BOYLSTON STREET |WBS232A.JPG
1860|34 CAROL DRIVE |34 CAROL DRIVE |81.jpg
1860|34 CAROL DRIVE |34 CAROL DRIVE |82.jpg
1861|104 SHRINE AVENUE |104 SHRINE AVENUE |83.jpg
1861|104 SHRINE AVENUE |104 SHRINE AVENUE |84.jpg
1862|30 CAROL DRIVE|30 CAROL DRIVE|17.jpg
1862|30 CAROL DRIVE|30 CAROL DRIVE|18.jpg
1862|30 CAROL DRIVE|30 CAROL DRIVE|66.jpg
1863|26 CAROL DRIVE |26 CAROL DRIVE |48.jpg
1863|26 CAROL DRIVE |26 CAROL DRIVE |94.jpg
1863|26 CAROL DRIVE |26 CAROL DRIVE |95.jpg
1864|22 CAROL DRIVE|22 CAROL DRIVE|92.jpg
1864|22 CAROL DRIVE|22 CAROL DRIVE|93.jpg
1865|18 CAROL DRIVE|18 CAROL DRIVE|90.jpg
1865|18 CAROL DRIVE|18 CAROL DRIVE|91.jpg
1866|14 CAROL DRIVE|14 CAROL DRIVE|42.jpg
1866|14 CAROL DRIVE|14 CAROL DRIVE|15.jpg
1866|14 CAROL DRIVE|14 CAROL DRIVE|16.jpg
1867|10 CAROL DRIVE |10 CAROL DRIVE |13.jpg
1867|10 CAROL DRIVE |10 CAROL DRIVE |14.jpg
1868|4 CAROL DRIVE |4 CAROL DRIVE |80.jpg
1868|4 CAROL DRIVE |4 CAROL DRIVE |81.jpg
1871|12 PHILLIPS DRIVE|12 PHILLIPS DRIVE|11.jpg
1871|12 PHILLIPS DRIVE|12 PHILLIPS DRIVE|12.jpg
1872|10 PHILLIPS DRIVE |10 PHILLIPS DRIVE |87.jpg
1872|10 PHILLIPS DRIVE |10 PHILLIPS DRIVE |42.jpg
1872|10 PHILLIPS DRIVE |10 PHILLIPS DRIVE |43.jpg
1873|11 PHILLIPS DRIVE|11 PHILLIPS DRIVE|76.jpg
1873|11 PHILLIPS DRIVE|11 PHILLIPS DRIVE|77.jpg
1874|13 PHILLIPS DRIVE |13 PHILLIPS DRIVE |78.jpg
1874|13 PHILLIPS DRIVE |13 PHILLIPS DRIVE |79.jpg
1876|3 CAROL DRIVE |3 CAROL DRIVE |82.jpg
1876|3 CAROL DRIVE |3 CAROL DRIVE |83.jpg
1877|7 CAROL DRIVE |7 CAROL DRIVE |84.jpg
1877|7 CAROL DRIVE |7 CAROL DRIVE |85.jpg
1878|11 CAROL DRIVE |11 CAROL DRIVE |87.jpg
1878|11 CAROL DRIVE |11 CAROL DRIVE |40.jpg
1879|17 CAROL DRIVE|17 CAROL DRIVE|88.jpg
1879|17 CAROL DRIVE|17 CAROL DRIVE|89.jpg
1880|21 CAROL DRIVE|21 CAROL DRIVE|98.jpg
1880|21 CAROL DRIVE|21 CAROL DRIVE|00.jpg
1881|25 CAROL DRIVE|25 CAROL DRIVE|96.jpg
1881|25 CAROL DRIVE|25 CAROL DRIVE|97.jpg
1882|29 CAROL DRIVE |29 CAROL DRIVE |01.jpg
1882|29 CAROL DRIVE |29 CAROL DRIVE |02.jpg
1883|33 CAROL DRIVE|33 CAROL DRIVE|03.jpg
1883|33 CAROL DRIVE|33 CAROL DRIVE|04.jpg
1884|49 CAROL DRIVE |49 CAROL DRIVE |08.jpg
1884|49 CAROL DRIVE |49 CAROL DRIVE |56.jpg
1884|49 CAROL DRIVE |49 CAROL DRIVE |57.jpg
1884|49 CAROL DRIVE |49 CAROL DRIVE |59.jpg
1884|49 CAROL DRIVE |49 CAROL DRIVE |12.jpg
1884|49 CAROL DRIVE |49 CAROL DRIVE |14.jpg
1884|49 CAROL DRIVE |49 CAROL DRIVE |CAR49.JPG
1884|49 CAROL DRIVE |49 CAROL DRIVE |CAR49A.JPG
1885|38 HELEN DRIVE |38 HELEN DRIVE |38 helen-a.JPG
1885|38 HELEN DRIVE |38 HELEN DRIVE |05.jpg
1885|38 HELEN DRIVE |38 HELEN DRIVE |06.jpg
1886|28 HELEN DRIVE|28 HELEN DRIVE|09.jpg
1886|28 HELEN DRIVE|28 HELEN DRIVE|10.jpg
1886|28 HELEN DRIVE|28 HELEN DRIVE|68.jpg
1887|26 HELEN DRIVE|26 HELEN DRIVE|52.jpg
1887|26 HELEN DRIVE|26 HELEN DRIVE|53.jpg
1887|26 HELEN DRIVE|26 HELEN DRIVE|53.jpg
1888|24 HELEN DRIVE|24 HELEN DRIVE|17.jpg
1888|24 HELEN DRIVE|24 HELEN DRIVE|18.jpg
1889|22 HELEN DRIVE|22 HELEN DRIVE|15.jpg
1889|22 HELEN DRIVE|22 HELEN DRIVE|16.jpg
1890|20 HELEN DRIVE |20 HELEN DRIVE |13.jpg
1890|20 HELEN DRIVE |20 HELEN DRIVE |14.jpg
1890|20 HELEN DRIVE |20 HELEN DRIVE |20hln.jpg
1890|20 HELEN DRIVE |20 HELEN DRIVE |09.jpg
1891|16 HELEN DRIVE|16 HELEN DRIVE|11.jpg
1891|16 HELEN DRIVE|16 HELEN DRIVE|12.jpg
1892|12 HELEN DRIVE|12 HELEN DRIVE|79.jpg
1892|12 HELEN DRIVE|12 HELEN DRIVE|80.jpg
1893|8 HELEN DRIVE |8 HELEN DRIVE |05.jpg
1893|8 HELEN DRIVE |8 HELEN DRIVE |06.jpg
1893|8 HELEN DRIVE |8 HELEN DRIVE |IMG_0013.JPG
1893|8 HELEN DRIVE |8 HELEN DRIVE |IMG_0014.JPG
1893|8 HELEN DRIVE |8 HELEN DRIVE |IMG_0202.JPG
1894|20 SHRINE AVENUE |20 SHRINE AVENUE |52.jpg
1894|20 SHRINE AVENUE |20 SHRINE AVENUE |53.jpg
1895|16 SHRINE AVENUE|16 SHRINE AVENUE|01.jpg
1895|16 SHRINE AVENUE|16 SHRINE AVENUE|02.jpg
1895|16 SHRINE AVENUE|16 SHRINE AVENUE|78.jpg
1896|9 SHRINE AVENUE|9 SHRINE AVENUE|14.jpg
1896|9 SHRINE AVENUE|9 SHRINE AVENUE|98.jpg
1897|13 SHRINE AVENUE |13 SHRINE AVENUE |50.jpg
1897|13 SHRINE AVENUE |13 SHRINE AVENUE |51.jpg
1898|17 SHRINE AVENUE|17 SHRINE AVENUE|84.jpg
1898|17 SHRINE AVENUE|17 SHRINE AVENUE|44.jpg
1899|21 SHRINE AVENUE|21 SHRINE AVENUE|25.jpg
1899|21 SHRINE AVENUE|21 SHRINE AVENUE|54.jpg
1899|21 SHRINE AVENUE|21 SHRINE AVENUE|55.jpg
1900|25 SHRINE AVENUE|25 SHRINE AVENUE|56.jpg
1900|25 SHRINE AVENUE|25 SHRINE AVENUE|57.jpg
1901|26 SHRINE AVENUE|26 SHRINE AVENUE|58.jpg
1901|26 SHRINE AVENUE|26 SHRINE AVENUE|59.jpg
1902|9 HELEN DRIVE|9 HELEN DRIVE|09.jpg
1902|9 HELEN DRIVE|9 HELEN DRIVE|10.jpg
1903|13 HELEN DRIVE |13 HELEN DRIVE |07.jpg
1903|13 HELEN DRIVE |13 HELEN DRIVE |08.jpg
1904|17 HELEN DRIVE|17 HELEN DRIVE|21.jpg
1904|17 HELEN DRIVE|17 HELEN DRIVE|22.jpg
1905|21 HELEN DRIVE|21 HELEN DRIVE|20.jpg
1905|21 HELEN DRIVE|21 HELEN DRIVE|44.jpg
1906|25 HELEN DRIVE|25 HELEN DRIVE|25.jpg
1906|25 HELEN DRIVE|25 HELEN DRIVE|26.jpg
1907|27 HELEN DRIVE|27 HELEN DRIVE|51.jpg
1907|27 HELEN DRIVE|27 HELEN DRIVE|39.jpg
1908|31 HELEN DRIVE|31 HELEN DRIVE|16.jpg
1908|31 HELEN DRIVE|31 HELEN DRIVE|07.jpg
1908|31 HELEN DRIVE|31 HELEN DRIVE|08.jpg
1909|35 HELEN DRIVE |35 HELEN DRIVE |27.jpg
1909|35 HELEN DRIVE |35 HELEN DRIVE |28.jpg
1910|45 HELEN DRIVE|45 HELEN DRIVE|53.jpg
1910|45 HELEN DRIVE|45 HELEN DRIVE|54.jpg
1910|45 HELEN DRIVE|45 HELEN DRIVE|02.jpg
1910|45 HELEN DRIVE|45 HELEN DRIVE|03.jpg
1911|60 SHRINE AVENUE |60 SHRINE AVENUE |41.jpg
1911|60 SHRINE AVENUE |60 SHRINE AVENUE |05.jpg
1911|60 SHRINE AVENUE |60 SHRINE AVENUE |06.jpg
1911|60 SHRINE AVENUE |60 SHRINE AVENUE |IMG_0012.JPG
1911|60 SHRINE AVENUE |60 SHRINE AVENUE |60 shrine-a.JPG
1912|52 SHRINE AVENUE|52 SHRINE AVENUE|17.jpg
1912|52 SHRINE AVENUE|52 SHRINE AVENUE|69.jpg
1912|52 SHRINE AVENUE|52 SHRINE AVENUE|70.jpg
1913|46 SHRINE AVENUE|46 SHRINE AVENUE|68.jpg
1913|46 SHRINE AVENUE|46 SHRINE AVENUE|69.jpg
1914|44 SHRINE AVENUE|44 SHRINE AVENUE|47.jpg
1914|44 SHRINE AVENUE|44 SHRINE AVENUE|42.jpg
1914|44 SHRINE AVENUE|44 SHRINE AVENUE|42.jpg
1915|40 SHRINE AVENUE|40 SHRINE AVENUE|43.jpg
1915|40 SHRINE AVENUE|40 SHRINE AVENUE|SHR40A.JPG
1915|40 SHRINE AVENUE|40 SHRINE AVENUE|95.jpg
1916|36 SHRINE AVENUE |36 SHRINE AVENUE |62.jpg
1916|36 SHRINE AVENUE |36 SHRINE AVENUE |63.jpg
1916|36 SHRINE AVENUE |36 SHRINE AVENUE |SHR36B.JPG
1916|36 SHRINE AVENUE |36 SHRINE AVENUE |SHR36A.JPG
1917|32 SHRINE AVENUE|32 SHRINE AVENUE|60.jpg
1917|32 SHRINE AVENUE|32 SHRINE AVENUE|61.jpg
1918|29 SHRINE AVENUE |29 SHRINE AVENUE |41.jpg
1918|29 SHRINE AVENUE |29 SHRINE AVENUE |29.jpg
1918|29 SHRINE AVENUE |29 SHRINE AVENUE |30.jpg
1919|41 DAVIDSON ROAD|41 DAVIDSON ROAD|20.jpg
1919|41 DAVIDSON ROAD|41 DAVIDSON ROAD|91.jpg
1919|41 DAVIDSON ROAD|41 DAVIDSON ROAD|92.jpg
1920|38 DAVIDSON ROAD|38 DAVIDSON ROAD|38.jpg
1920|38 DAVIDSON ROAD|38 DAVIDSON ROAD|39.jpg
1921|32 WOODLAND HEIGHTS |32 WOODLAND HEIGHTS |19.jpg
1921|32 WOODLAND HEIGHTS |32 WOODLAND HEIGHTS |20.jpg
1921|32 WOODLAND HEIGHTS |32 WOODLAND HEIGHTS |05062020 011.JPG
1922|24 WOODLAND HEIGHTS|24 WOODLAND HEIGHTS|91.jpg
1922|24 WOODLAND HEIGHTS|24 WOODLAND HEIGHTS|92.jpg
1922|24 WOODLAND HEIGHTS|24 WOODLAND HEIGHTS|47.jpg
1922|24 WOODLAND HEIGHTS|24 WOODLAND HEIGHTS|03.jpg
1923|22 WOODLAND HEIGHTS|22 WOODLAND HEIGHTS|18.jpg
1923|22 WOODLAND HEIGHTS|22 WOODLAND HEIGHTS|19.jpg
1923|22 WOODLAND HEIGHTS|22 WOODLAND HEIGHTS|49.jpg
1924|17 WOODLAND HEIGHTS|17 WOODLAND HEIGHTS|17.jpg
1924|17 WOODLAND HEIGHTS|17 WOODLAND HEIGHTS|18.jpg
1924|17 WOODLAND HEIGHTS|17 WOODLAND HEIGHTS|17wdl.jpg
1926|39 DAVIDSON ROAD |39 DAVIDSON ROAD |40.jpg
1926|39 DAVIDSON ROAD |39 DAVIDSON ROAD |41.jpg
1927|35 SHRINE AVENUE|35 SHRINE AVENUE|70.jpg
1927|35 SHRINE AVENUE|35 SHRINE AVENUE|71.jpg
1928|39 SHRINE AVENUE|39 SHRINE AVENUE|51.jpg
1928|39 SHRINE AVENUE|39 SHRINE AVENUE|52.jpg
1928|39 SHRINE AVENUE|39 SHRINE AVENUE|43.jpg
1928|39 SHRINE AVENUE|39 SHRINE AVENUE|45.jpg
1929|41 SHRINE AVENUE|41 SHRINE AVENUE|64.jpg
1929|41 SHRINE AVENUE|41 SHRINE AVENUE|65.jpg
1930|47 SHRINE AVENUE|47 SHRINE AVENUE|66.jpg
1930|47 SHRINE AVENUE|47 SHRINE AVENUE|67.jpg
1931|51 SHRINE AVENUE |51 SHRINE AVENUE |72.jpg
1931|51 SHRINE AVENUE |51 SHRINE AVENUE |73.jpg
1932|57 SHRINE AVENUE|57 SHRINE AVENUE|74.jpg
1932|57 SHRINE AVENUE|57 SHRINE AVENUE|75.jpg
1933|61 SHRINE AVENUE|61 SHRINE AVENUE|66.jpg
1933|61 SHRINE AVENUE|61 SHRINE AVENUE|96.jpg
1933|61 SHRINE AVENUE|61 SHRINE AVENUE|97.jpg
1934|70 CAVOUR CIRCLE|70 CAVOUR CIRCLE|03.jpg
1934|70 CAVOUR CIRCLE|70 CAVOUR CIRCLE|04.jpg
1935|68 CAVOUR CIRCLE |68 CAVOUR CIRCLE |66.jpg
1936|64 CAVOUR CIRCLE|64 CAVOUR CIRCLE|16.jpg
1936|64 CAVOUR CIRCLE|64 CAVOUR CIRCLE|17.jpg
1937|60 CAVOUR CIRCLE|60 CAVOUR CIRCLE|94.jpg
1937|60 CAVOUR CIRCLE|60 CAVOUR CIRCLE|95.jpg
1938|56 CAVOUR CIRCLE|56 CAVOUR CIRCLE|12.jpg
1938|56 CAVOUR CIRCLE|56 CAVOUR CIRCLE|13.jpg
1939|54 CAVOUR CIRCLE|54 CAVOUR CIRCLE|98.jpg
1939|54 CAVOUR CIRCLE|54 CAVOUR CIRCLE|00.jpg
1940|50 CAVOUR CIRCLE|50 CAVOUR CIRCLE|08.jpg
1940|50 CAVOUR CIRCLE|50 CAVOUR CIRCLE|09.jpg
1941|51 CAVOUR CIRCLE|51 CAVOUR CIRCLE|10.jpg
1941|51 CAVOUR CIRCLE|51 CAVOUR CIRCLE|11.jpg
1941|51 CAVOUR CIRCLE|51 CAVOUR CIRCLE|38.jpg
1942|57 CAVOUR CIRCLE |57 CAVOUR CIRCLE |01.jpg
1942|57 CAVOUR CIRCLE |57 CAVOUR CIRCLE |02.jpg
1943|61 CAVOUR CIRCLE |61 CAVOUR CIRCLE |14.jpg
1943|61 CAVOUR CIRCLE |61 CAVOUR CIRCLE |15.jpg
1944|15 CAVOUR CIRCLE|15 CAVOUR CIRCLE|89.jpg
1944|15 CAVOUR CIRCLE|15 CAVOUR CIRCLE|90.jpg
1945|19 CAVOUR CIRCLE |19 CAVOUR CIRCLE |87.jpg
1945|19 CAVOUR CIRCLE |19 CAVOUR CIRCLE |88.jpg
1946|23 CAVOUR CIRCLE|23 CAVOUR CIRCLE|54.jpg
1946|23 CAVOUR CIRCLE|23 CAVOUR CIRCLE|40.jpg
1946|23 CAVOUR CIRCLE|23 CAVOUR CIRCLE|CAV0023A.JPG
1947|24 CAVOUR CIRCLE|24 CAVOUR CIRCLE|33.jpg
1947|24 CAVOUR CIRCLE|24 CAVOUR CIRCLE|34.jpg
1948|20 CAVOUR CIRCLE|20 CAVOUR CIRCLE|92.jpg
1948|20 CAVOUR CIRCLE|20 CAVOUR CIRCLE|41.jpg
1949|16 CAVOUR CIRCLE |16 CAVOUR CIRCLE |31.jpg
1949|16 CAVOUR CIRCLE |16 CAVOUR CIRCLE |32.jpg
1950|12 CAVOUR CIRCLE |12 CAVOUR CIRCLE |41.jpg
1950|12 CAVOUR CIRCLE |12 CAVOUR CIRCLE |42.jpg
1951|8 CAVOUR CIRCLE|8 CAVOUR CIRCLE|69.jpg
1951|8 CAVOUR CIRCLE|8 CAVOUR CIRCLE|25.jpg
1951|8 CAVOUR CIRCLE|8 CAVOUR CIRCLE|26.jpg
1952|4 CAVOUR CIRCLE|4 CAVOUR CIRCLE|85.jpg
1952|4 CAVOUR CIRCLE|4 CAVOUR CIRCLE|86.jpg
1953|2 CAVOUR CIRCLE |2 CAVOUR CIRCLE |29.jpg
1953|2 CAVOUR CIRCLE |2 CAVOUR CIRCLE |30.jpg
1954|63 SHRINE AVENUE |63 SHRINE AVENUE |71.jpg
1955|216 WEST BOYLSTON STREET |216 WEST BOYLSTON STREET |85.jpg
1955|216 WEST BOYLSTON STREET |216 WEST BOYLSTON STREET |51.jpg
1955|216 WEST BOYLSTON STREET |216 WEST BOYLSTON STREET |WBS216A.JPG
1955|216 WEST BOYLSTON STREET |216 WEST BOYLSTON STREET |WBS216S.JPG
1955|216 WEST BOYLSTON STREET |216 WEST BOYLSTON STREET |WBS216Z.JPG
1955|216 WEST BOYLSTON STREET |216 WEST BOYLSTON STREET |WBS216O.JPG
1955|216 WEST BOYLSTON STREET |216 WEST BOYLSTON STREET |WBS216A.JPG
1956|193 WEST BOYLSTON STREET|193 WEST BOYLSTON STREET|30.jpg
1956|193 WEST BOYLSTON STREET|193 WEST BOYLSTON STREET|31.jpg
1956|193 WEST BOYLSTON STREET|193 WEST BOYLSTON STREET|32.jpg
1957|201 WEST BOYLSTON STREET |201 WEST BOYLSTON STREET |28.jpg
1957|201 WEST BOYLSTON STREET |201 WEST BOYLSTON STREET |29.jpg
1957|201 WEST BOYLSTON STREET |201 WEST BOYLSTON STREET |201 w boylston-a.JPG
1958|205 WEST BOYLSTON STREET |205 WEST BOYLSTON STREET |26.jpg
1958|205 WEST BOYLSTON STREET |205 WEST BOYLSTON STREET |27.jpg
1959|205A WEST BOYLSTON STREET|205A WEST BOYLSTON STREET|23.jpg
1959|205A WEST BOYLSTON STREET|205A WEST BOYLSTON STREET|24.jpg
1960|215 WEST BOYLSTON STREET |215 WEST BOYLSTON STREET |19.jpg
1960|215 WEST BOYLSTON STREET |215 WEST BOYLSTON STREET |20.jpg
1960|215 WEST BOYLSTON STREET |215 WEST BOYLSTON STREET |44.jpg
1961|217 WEST BOYLSTON STREET |217 WEST BOYLSTON STREET |21.jpg
1961|217 WEST BOYLSTON STREET |217 WEST BOYLSTON STREET |22.jpg
1962|219 WEST BOYLSTON STREET |219 WEST BOYLSTON STREET |66.jpg
1962|219 WEST BOYLSTON STREET |219 WEST BOYLSTON STREET |67.jpg
1962|219 WEST BOYLSTON STREET |219 WEST BOYLSTON STREET |68.jpg
1962|219 WEST BOYLSTON STREET |219 WEST BOYLSTON STREET |69.jpg
1962|219 WEST BOYLSTON STREET |219 WEST BOYLSTON STREET |70.jpg
1963|231 WEST BOYLSTON STREET |231 WEST BOYLSTON STREET |21.jpg
1964|235 WEST BOYLSTON STREET|235 WEST BOYLSTON STREET|15.jpg
1964|235 WEST BOYLSTON STREET|235 WEST BOYLSTON STREET|16.jpg
1965|245 WEST BOYLSTON STREET |245 WEST BOYLSTON STREET |13.jpg
1965|245 WEST BOYLSTON STREET |245 WEST BOYLSTON STREET |14.jpg
1966|249 WEST BOYLSTON STREET |249 WEST BOYLSTON STREET |249 w boylston-a.JPG
1967|257 WEST BOYLSTON STREET |257 WEST BOYLSTON STREET |63.jpg
1967|257 WEST BOYLSTON STREET |257 WEST BOYLSTON STREET |64.jpg
1967|257 WEST BOYLSTON STREET |257 WEST BOYLSTON STREET |24.jpg
1968|17 PIERCE STREET |17 PIERCE STREET |04.jpg
1968|17 PIERCE STREET |17 PIERCE STREET |05.jpg
1969|19 PIERCE STREET|19 PIERCE STREET|25.jpg
1969|19 PIERCE STREET|19 PIERCE STREET|26.jpg
1969|19 PIERCE STREET|19 PIERCE STREET|27.jpg
1971|27 PIERCE STREET|27 PIERCE STREET|16.jpg
1971|27 PIERCE STREET|27 PIERCE STREET|16.jpg
1971|27 PIERCE STREET|27 PIERCE STREET|17.jpg
1972|57 PIERCE STREET |57 PIERCE STREET |09.jpg
1972|57 PIERCE STREET |57 PIERCE STREET |10.jpg
1972|57 PIERCE STREET |57 PIERCE STREET |11.jpg
1973|18 PIERCE STREET|18 PIERCE STREET|06.jpg
1973|18 PIERCE STREET|18 PIERCE STREET|07.jpg
1973|18 PIERCE STREET|18 PIERCE STREET|08.jpg
1975|16 WOODLAND STREET|16 WOODLAND STREET|51.jpg
1975|16 WOODLAND STREET|16 WOODLAND STREET|52.jpg
1976|8 WOODLAND STREET|8 WOODLAND STREET|98.jpg
1976|8 WOODLAND STREET|8 WOODLAND STREET|45.jpg
1976|8 WOODLAND STREET|8 WOODLAND STREET|01.jpg
1977|370 WORCESTER STREET|370 WORCESTER STREET|27.jpg
1977|370 WORCESTER STREET|370 WORCESTER STREET|92.jpg
1978|364 WORCESTER STREET|364 WORCESTER STREET|21.jpg
1978|364 WORCESTER STREET|364 WORCESTER STREET|22.jpg
1978|364 WORCESTER STREET|364 WORCESTER STREET|61.jpg
1979|354 WORCESTER STREET|354 WORCESTER STREET|66.jpg
1979|354 WORCESTER STREET|354 WORCESTER STREET|67.jpg
1979|354 WORCESTER STREET|354 WORCESTER STREET|68.jpg
1980|350 WORCESTER STREET|350 WORCESTER STREET|18.jpg
1981|342 WORCESTER STREET|342 WORCESTER STREET|64.jpg
1981|342 WORCESTER STREET|342 WORCESTER STREET|65.jpg
1982|338 WORCESTER STREET|338 WORCESTER STREET|62.jpg
1982|338 WORCESTER STREET|338 WORCESTER STREET|63.jpg
1983|52 PIERCE STREET|52 PIERCE STREET|28.jpg
1983|52 PIERCE STREET|52 PIERCE STREET|29.jpg
1983|52 PIERCE STREET|52 PIERCE STREET|30.jpg
1985|73 PIERCE STREET |73 PIERCE STREET |14.jpg
1985|73 PIERCE STREET |73 PIERCE STREET |15.jpg
1986|81 PIERCE STREET|81 PIERCE STREET|20.jpg
1986|81 PIERCE STREET|81 PIERCE STREET|21.jpg
1986|81 PIERCE STREET|81 PIERCE STREET|22.jpg
1988|87 PIERCE STREET|87 PIERCE STREET|23.jpg
1988|87 PIERCE STREET|87 PIERCE STREET|24.jpg
1988|87 PIERCE STREET|87 PIERCE STREET|72.jpg
1989|93 PIERCE STREET|93 PIERCE STREET|98.jpg
1989|93 PIERCE STREET|93 PIERCE STREET|00.jpg
1990|96 PIERCE STREET|96 PIERCE STREET|32.jpg
1990|96 PIERCE STREET|96 PIERCE STREET|33.jpg
1991|92 PIERCE STREET|92 PIERCE STREET|27.jpg
1991|92 PIERCE STREET|92 PIERCE STREET|28.jpg
1992|88 PIERCE STREET|88 PIERCE STREET|25.jpg
1992|88 PIERCE STREET|88 PIERCE STREET|26.jpg
1993|80 PIERCE STREET|80 PIERCE STREET|18.jpg
1993|80 PIERCE STREET|80 PIERCE STREET|19.jpg
1993|80 PIERCE STREET|80 PIERCE STREET|97.jpg
1993|80 PIERCE STREET|80 PIERCE STREET|80 pierce-a.JPG
1994|78 PIERCE STREET|78 PIERCE STREET|16.jpg
1994|78 PIERCE STREET|78 PIERCE STREET|17.jpg
1995|72 PIERCE STREET|72 PIERCE STREET|12.jpg
1995|72 PIERCE STREET|72 PIERCE STREET|13.jpg
1995|72 PIERCE STREET|72 PIERCE STREET|PIE72A.JPG
1996|321 WORCESTER STREET|321 WORCESTER STREET|68.jpg
1996|321 WORCESTER STREET|321 WORCESTER STREET|11.jpg
1997|323 WORCESTER STREET|323 WORCESTER STREET|94.jpg
1997|323 WORCESTER STREET|323 WORCESTER STREET|95.jpg
1998|325 WORCESTER STREET|325 WORCESTER STREET|23.jpg
1998|325 WORCESTER STREET|325 WORCESTER STREET|44.jpg
1998|325 WORCESTER STREET|325 WORCESTER STREET|45.jpg
1999|327 WORCESTER STREET |327 WORCESTER STREET |92.jpg
1999|327 WORCESTER STREET |327 WORCESTER STREET |93.jpg
2001|74 BUNKER HILL PARKWAY |74 BUNKER HILL PARKWAY |86.jpg
2001|74 BUNKER HILL PARKWAY |74 BUNKER HILL PARKWAY |87.jpg
2001|74 BUNKER HILL PARKWAY |74 BUNKER HILL PARKWAY |74bnk.jpg
2001|74 BUNKER HILL PARKWAY |74 BUNKER HILL PARKWAY |BHP74B.JPG
2002|70 BUNKER HILL PARKWAY |70 BUNKER HILL PARKWAY |41.jpg
2002|70 BUNKER HILL PARKWAY |70 BUNKER HILL PARKWAY |42.jpg
2003|66 BUNKER HILL PARKWAY|66 BUNKER HILL PARKWAY|82.jpg
2003|66 BUNKER HILL PARKWAY|66 BUNKER HILL PARKWAY|83.jpg
2004|62 BUNKER HILL PARKWAY|62 BUNKER HILL PARKWAY|39.jpg
2004|62 BUNKER HILL PARKWAY|62 BUNKER HILL PARKWAY|40.jpg
2005|58 BUNKER HILL PARKWAY|58 BUNKER HILL PARKWAY|78.jpg
2005|58 BUNKER HILL PARKWAY|58 BUNKER HILL PARKWAY|79.jpg
2006|54 BUNKER HILL PARKWAY|54 BUNKER HILL PARKWAY|76.jpg
2006|54 BUNKER HILL PARKWAY|54 BUNKER HILL PARKWAY|77.jpg
2007|50 BUNKER HILL PARKWAY|50 BUNKER HILL PARKWAY|74.jpg
2007|50 BUNKER HILL PARKWAY|50 BUNKER HILL PARKWAY|75.jpg
2008|46 BUNKER HILL PARKWAY |46 BUNKER HILL PARKWAY |59.jpg
2008|46 BUNKER HILL PARKWAY |46 BUNKER HILL PARKWAY |62.jpg
2008|46 BUNKER HILL PARKWAY |46 BUNKER HILL PARKWAY |63.jpg
2009|42 BUNKER HILL PARKWAY|42 BUNKER HILL PARKWAY|37.jpg
2009|42 BUNKER HILL PARKWAY|42 BUNKER HILL PARKWAY|38.jpg
2010|38 BUNKER HILL PARKWAY |38 BUNKER HILL PARKWAY |61.jpg
2010|38 BUNKER HILL PARKWAY |38 BUNKER HILL PARKWAY |IMG_0016.JPG
2011|34 BUNKER HILL PARKWAY|34 BUNKER HILL PARKWAY|56.jpg
2011|34 BUNKER HILL PARKWAY|34 BUNKER HILL PARKWAY|57.jpg
2011|34 BUNKER HILL PARKWAY|34 BUNKER HILL PARKWAY|62.jpg
2012|30 BUNKER HILL PARKWAY|30 BUNKER HILL PARKWAY|35.jpg
2012|30 BUNKER HILL PARKWAY|30 BUNKER HILL PARKWAY|36.jpg
2013|26 BUNKER HILL PARKWAY|26 BUNKER HILL PARKWAY|66.jpg
2013|26 BUNKER HILL PARKWAY|26 BUNKER HILL PARKWAY|54.jpg
2013|26 BUNKER HILL PARKWAY|26 BUNKER HILL PARKWAY|55.jpg
2014|22 BUNKER HILL PARKWAY|22 BUNKER HILL PARKWAY|69.jpg
2014|22 BUNKER HILL PARKWAY|22 BUNKER HILL PARKWAY|68.jpg
2015|18 BUNKER HILL PARKWAY|18 BUNKER HILL PARKWAY|70.jpg
2015|18 BUNKER HILL PARKWAY|18 BUNKER HILL PARKWAY|48.jpg
2015|18 BUNKER HILL PARKWAY|18 BUNKER HILL PARKWAY|49.jpg
2015|18 BUNKER HILL PARKWAY|18 BUNKER HILL PARKWAY|07.jpg
2015|18 BUNKER HILL PARKWAY|18 BUNKER HILL PARKWAY|08.jpg
2016|23 BUNKER HILL PARKWAY|23 BUNKER HILL PARKWAY|72.jpg
2016|23 BUNKER HILL PARKWAY|23 BUNKER HILL PARKWAY|73.jpg
2017|27 BUNKER HILL PARKWAY|27 BUNKER HILL PARKWAY|52.jpg
2017|27 BUNKER HILL PARKWAY|27 BUNKER HILL PARKWAY|53.jpg
2017|27 BUNKER HILL PARKWAY|27 BUNKER HILL PARKWAY|65.jpg
2018|31 BUNKER HILL PARKWAY |31 BUNKER HILL PARKWAY |63.jpg
2018|31 BUNKER HILL PARKWAY |31 BUNKER HILL PARKWAY |58.jpg
2018|31 BUNKER HILL PARKWAY |31 BUNKER HILL PARKWAY |59.jpg
2018|31 BUNKER HILL PARKWAY |31 BUNKER HILL PARKWAY |31bkh.jpg
2019|22 BRANDYWINE ROAD |22 BRANDYWINE ROAD |35.jpg
2019|22 BRANDYWINE ROAD |22 BRANDYWINE ROAD |36.jpg
2020|18 BRANDYWINE ROAD|18 BRANDYWINE ROAD|37.jpg
2020|18 BRANDYWINE ROAD|18 BRANDYWINE ROAD|38.jpg
2021|14 BRANDYWINE ROAD|14 BRANDYWINE ROAD|11.jpg
2021|14 BRANDYWINE ROAD|14 BRANDYWINE ROAD|12.jpg
2021|14 BRANDYWINE ROAD|14 BRANDYWINE ROAD|03.jpg
2022|12 BRANDYWINE ROAD|12 BRANDYWINE ROAD|39.jpg
2022|12 BRANDYWINE ROAD|12 BRANDYWINE ROAD|40.jpg
2023|11 BRANDYWINE ROAD|11 BRANDYWINE ROAD|90.jpg
2023|11 BRANDYWINE ROAD|11 BRANDYWINE ROAD|91.jpg
2023|11 BRANDYWINE ROAD|11 BRANDYWINE ROAD|89.jpg
2023|11 BRANDYWINE ROAD|11 BRANDYWINE ROAD|90.jpg
2024|15 BRANDYWINE ROAD|15 BRANDYWINE ROAD|70.jpg
2024|15 BRANDYWINE ROAD|15 BRANDYWINE ROAD|71.jpg
2025|19 BRANDYWINE ROAD|19 BRANDYWINE ROAD|68.jpg
2025|19 BRANDYWINE ROAD|19 BRANDYWINE ROAD|69.jpg
2025|19 BRANDYWINE ROAD|19 BRANDYWINE ROAD|24.jpg
2026|23 BRANDYWINE ROAD|23 BRANDYWINE ROAD|33.jpg
2026|23 BRANDYWINE ROAD|23 BRANDYWINE ROAD|34.jpg
2026|23 BRANDYWINE ROAD|23 BRANDYWINE ROAD|BRA0023A.JPG
2027|51 BUNKER HILL PARKWAY|51 BUNKER HILL PARKWAY|57.jpg
2027|51 BUNKER HILL PARKWAY|51 BUNKER HILL PARKWAY|09.jpg
2027|51 BUNKER HILL PARKWAY|51 BUNKER HILL PARKWAY|10.jpg
2029|10 TRENTON LANE|10 TRENTON LANE|49.jpg
2029|10 TRENTON LANE|10 TRENTON LANE|50.jpg
2030|13 TRENTON LANE |13 TRENTON LANE |84.jpg
2030|13 TRENTON LANE |13 TRENTON LANE |85.jpg
2030|13 TRENTON LANE |13 TRENTON LANE |98.jpg
2031|17 TRENTON LANE|17 TRENTON LANE|66.jpg
2031|17 TRENTON LANE|17 TRENTON LANE|67.jpg
2032|21 TRENTON LANE|21 TRENTON LANE|47.jpg
2032|21 TRENTON LANE|21 TRENTON LANE|48.jpg
2033|61 BUNKER HILL PARKWAY |61 BUNKER HILL PARKWAY |80.jpg
2033|61 BUNKER HILL PARKWAY |61 BUNKER HILL PARKWAY |81.jpg
2034|67 BUNKER HILL PARKWAY |67 BUNKER HILL PARKWAY |84.jpg
2034|67 BUNKER HILL PARKWAY |67 BUNKER HILL PARKWAY |85.jpg
2035|16 FORT NIAGARA DRIVE|16 FORT NIAGARA DRIVE|98.jpg
2035|16 FORT NIAGARA DRIVE|16 FORT NIAGARA DRIVE|00.jpg
2036|14 FORT NIAGARA DRIVE |14 FORT NIAGARA DRIVE |96.jpg
2036|14 FORT NIAGARA DRIVE |14 FORT NIAGARA DRIVE |97.jpg
2037|8 FORT NIAGARA DRIVE|8 FORT NIAGARA DRIVE|94.jpg
2037|8 FORT NIAGARA DRIVE|8 FORT NIAGARA DRIVE|95.jpg
2038|4 FORT NIAGARA DRIVE|4 FORT NIAGARA DRIVE|92.jpg
2038|4 FORT NIAGARA DRIVE|4 FORT NIAGARA DRIVE|93.jpg
2040|15 FORT NIAGARA DRIVE |15 FORT NIAGARA DRIVE |90.jpg
2040|15 FORT NIAGARA DRIVE |15 FORT NIAGARA DRIVE |91.jpg
2041|19 FORT NIAGARA DRIVE|19 FORT NIAGARA DRIVE|87.jpg
2041|19 FORT NIAGARA DRIVE|19 FORT NIAGARA DRIVE|88.jpg
2041|19 FORT NIAGARA DRIVE|19 FORT NIAGARA DRIVE|89.jpg
2042|73 BUNKER HILL PARKWAY|73 BUNKER HILL PARKWAY|45.jpg
2042|73 BUNKER HILL PARKWAY|73 BUNKER HILL PARKWAY|46.jpg
2043|77 BUNKER HILL PARKWAY|77 BUNKER HILL PARKWAY|43.jpg
2043|77 BUNKER HILL PARKWAY|77 BUNKER HILL PARKWAY|44.jpg
2044|38 KINGS MOUNTAIN DRIVE|38 KINGS MOUNTAIN DRIVE|82.jpg
2044|38 KINGS MOUNTAIN DRIVE|38 KINGS MOUNTAIN DRIVE|83.jpg
2044|38 KINGS MOUNTAIN DRIVE|38 KINGS MOUNTAIN DRIVE|04.jpg
2045|34 KINGS MOUNTAIN DRIVE|34 KINGS MOUNTAIN DRIVE|08.jpg
2045|34 KINGS MOUNTAIN DRIVE|34 KINGS MOUNTAIN DRIVE|30.jpg
2045|34 KINGS MOUNTAIN DRIVE|34 KINGS MOUNTAIN DRIVE|31.jpg
2046|30 KINGS MOUNTAIN DRIVE|30 KINGS MOUNTAIN DRIVE|15.jpg
2046|30 KINGS MOUNTAIN DRIVE|30 KINGS MOUNTAIN DRIVE|16.jpg
2047|22 KINGS MOUNTAIN DRIVE|22 KINGS MOUNTAIN DRIVE|46.jpg
2047|22 KINGS MOUNTAIN DRIVE|22 KINGS MOUNTAIN DRIVE|09.jpg
2047|22 KINGS MOUNTAIN DRIVE|22 KINGS MOUNTAIN DRIVE|10.jpg
2048|20 KINGS MOUNTAIN DRIVE|20 KINGS MOUNTAIN DRIVE|09.jpg
2048|20 KINGS MOUNTAIN DRIVE|20 KINGS MOUNTAIN DRIVE|10.jpg
2049|21 KINGS MOUNTAIN DRIVE|21 KINGS MOUNTAIN DRIVE|21 kings mountain-a.JPG
2049|21 KINGS MOUNTAIN DRIVE|21 KINGS MOUNTAIN DRIVE|71.jpg
2049|21 KINGS MOUNTAIN DRIVE|21 KINGS MOUNTAIN DRIVE|72.jpg
2050|25 KINGS MOUNTAIN DRIVE|25 KINGS MOUNTAIN DRIVE|71.jpg
2050|25 KINGS MOUNTAIN DRIVE|25 KINGS MOUNTAIN DRIVE|72.jpg
2050|25 KINGS MOUNTAIN DRIVE|25 KINGS MOUNTAIN DRIVE|36.jpg
2050|25 KINGS MOUNTAIN DRIVE|25 KINGS MOUNTAIN DRIVE|47.jpg
2051|50 YORKTOWN ROAD|50 YORKTOWN ROAD|82.jpg
2051|50 YORKTOWN ROAD|50 YORKTOWN ROAD|83.jpg
2051|50 YORKTOWN ROAD|50 YORKTOWN ROAD|88.jpg
2052|27 KINGS MOUNTAIN DRIVE|27 KINGS MOUNTAIN DRIVE|51.jpg
2052|27 KINGS MOUNTAIN DRIVE|27 KINGS MOUNTAIN DRIVE|17.jpg
2052|27 KINGS MOUNTAIN DRIVE|27 KINGS MOUNTAIN DRIVE|18.jpg
2053|33 KINGS MOUNTAIN DRIVE|33 KINGS MOUNTAIN DRIVE|69.jpg
2053|33 KINGS MOUNTAIN DRIVE|33 KINGS MOUNTAIN DRIVE|03.jpg
2053|33 KINGS MOUNTAIN DRIVE|33 KINGS MOUNTAIN DRIVE|KMD33.jpg
2054|37 KINGS MOUNTAIN DRIVE|37 KINGS MOUNTAIN DRIVE|75.jpg
2054|37 KINGS MOUNTAIN DRIVE|37 KINGS MOUNTAIN DRIVE|76.jpg
2055|39 KINGS MOUNTAIN DRIVE|39 KINGS MOUNTAIN DRIVE|77.jpg
2055|39 KINGS MOUNTAIN DRIVE|39 KINGS MOUNTAIN DRIVE|78.jpg
2056|79 BUNKER HILL PARKWAY|79 BUNKER HILL PARKWAY|88.jpg
2056|79 BUNKER HILL PARKWAY|79 BUNKER HILL PARKWAY|89.jpg
2057|80 BUNKER HILL PARKWAY|80 BUNKER HILL PARKWAY|90.jpg
2057|80 BUNKER HILL PARKWAY|80 BUNKER HILL PARKWAY|91.jpg
2058|78 BUNKER HILL PARKWAY|78 BUNKER HILL PARKWAY|50.jpg
2058|78 BUNKER HILL PARKWAY|78 BUNKER HILL PARKWAY|70.jpg
2059|375 WORCESTER STREET|375 WORCESTER STREET|51.jpg
2059|375 WORCESTER STREET|375 WORCESTER STREET|01.jpg
2059|375 WORCESTER STREET|375 WORCESTER STREET|02.jpg
2061|418 PROSPECT STREET |418 PROSPECT STREET |73.jpg
2061|418 PROSPECT STREET |418 PROSPECT STREET |74.jpg
2063|416 PROSPECT STREET |416 PROSPECT STREET |32.jpg
2063|416 PROSPECT STREET |416 PROSPECT STREET |33.jpg
2064|412 PROSPECT STREET |412 PROSPECT STREET |18.jpg
2064|412 PROSPECT STREET |412 PROSPECT STREET |72.jpg
2064|412 PROSPECT STREET |412 PROSPECT STREET |PRO412CA.JPG
2064|412 PROSPECT STREET |412 PROSPECT STREET |PRO412CBB.JPG
2064|412 PROSPECT STREET |412 PROSPECT STREET |PRO412B.JPG
2064|412 PROSPECT STREET |412 PROSPECT STREET |PRO412A.JPG
2066|402 PROSPECT STREET |402 PROSPECT STREET |71.jpg
2066|402 PROSPECT STREET |402 PROSPECT STREET |72.jpg
2067|382 PROSPECT STREET |382 PROSPECT STREET |68.jpg
2067|382 PROSPECT STREET |382 PROSPECT STREET |69.jpg
2067|382 PROSPECT STREET |382 PROSPECT STREET |70.jpg
2069|378 PROSPECT STREET|378 PROSPECT STREET|92.jpg
2069|378 PROSPECT STREET|378 PROSPECT STREET|93.jpg
2069|378 PROSPECT STREET|378 PROSPECT STREET|94.jpg
2072|363 PROSPECT STREET |363 PROSPECT STREET |82.jpg
2072|363 PROSPECT STREET |363 PROSPECT STREET |83.jpg
2072|363 PROSPECT STREET |363 PROSPECT STREET |39.jpg
2072|363 PROSPECT STREET |363 PROSPECT STREET |26.jpg
2072|363 PROSPECT STREET |363 PROSPECT STREET |363 prospect-a.JPG
2072|363 PROSPECT STREET |363 PROSPECT STREET |363prod.jpg
2074|385 PROSPECT STREET|385 PROSPECT STREET|23.jpg
2074|385 PROSPECT STREET|385 PROSPECT STREET|24.jpg
2074|385 PROSPECT STREET|385 PROSPECT STREET|37.jpg
2075|15 LAWRENCE STREET |15 LAWRENCE STREET |00.jpg
2075|15 LAWRENCE STREET |15 LAWRENCE STREET |01.jpg
2075|15 LAWRENCE STREET |15 LAWRENCE STREET |LAW15.JPG
2076|21 LAWRENCE STREET|21 LAWRENCE STREET|84.jpg
2076|21 LAWRENCE STREET|21 LAWRENCE STREET|85.jpg
2076|21 LAWRENCE STREET|21 LAWRENCE STREET|80.jpg
2077|27 LAWRENCE STREET|27 LAWRENCE STREET|06.jpg
2077|27 LAWRENCE STREET|27 LAWRENCE STREET|07.jpg
2077|27 LAWRENCE STREET|27 LAWRENCE STREET|08.jpg
2077|27 LAWRENCE STREET|27 LAWRENCE STREET|09.jpg
2078|35 LAWRENCE STREET|35 LAWRENCE STREET|12.jpg
2078|35 LAWRENCE STREET|35 LAWRENCE STREET|13.jpg
2078|35 LAWRENCE STREET|35 LAWRENCE STREET|67.jpg
2078|35 LAWRENCE STREET|35 LAWRENCE STREET|68.jpg
2079|39 LAWRENCE STREET |39 LAWRENCE STREET |14.jpg
2079|39 LAWRENCE STREET |39 LAWRENCE STREET |15.jpg
2080|45 LAWRENCE STREET|45 LAWRENCE STREET|22.jpg
2080|45 LAWRENCE STREET|45 LAWRENCE STREET|23.jpg
2081|49 LAWRENCE STREET|49 LAWRENCE STREET|20.jpg
2081|49 LAWRENCE STREET|49 LAWRENCE STREET|21.jpg
2082|53 LAWRENCE STREET|53 LAWRENCE STREET|18.jpg
2082|53 LAWRENCE STREET|53 LAWRENCE STREET|19.jpg
2083|62 LAWRENCE STREET |62 LAWRENCE STREET |03.jpg
2083|62 LAWRENCE STREET |62 LAWRENCE STREET |04.jpg
2083|62 LAWRENCE STREET |62 LAWRENCE STREET |35.jpg
2084|52 LAWRENCE STREET |52 LAWRENCE STREET |86.jpg
2084|52 LAWRENCE STREET |52 LAWRENCE STREET |87.jpg
2084|52 LAWRENCE STREET |52 LAWRENCE STREET |18.jpg
2085|48 LAWRENCE STREET|48 LAWRENCE STREET|16.jpg
2085|48 LAWRENCE STREET|48 LAWRENCE STREET|17.jpg
2086|44 LAWRENCE STREET |44 LAWRENCE STREET |04.jpg
2086|44 LAWRENCE STREET |44 LAWRENCE STREET |69.jpg
2087|40 LAWRENCE STREET|40 LAWRENCE STREET|43.jpg
2087|40 LAWRENCE STREET|40 LAWRENCE STREET|12.jpg
2087|40 LAWRENCE STREET|40 LAWRENCE STREET|13.jpg
2088|36 LAWRENCE STREET|36 LAWRENCE STREET|10.jpg
2088|36 LAWRENCE STREET|36 LAWRENCE STREET|11.jpg
2090|28 LAWRENCE STREET|28 LAWRENCE STREET|04.jpg
2090|28 LAWRENCE STREET|28 LAWRENCE STREET|05.jpg
2090|28 LAWRENCE STREET|28 LAWRENCE STREET|38.jpg
2091|24 LAWRENCE STREET|24 LAWRENCE STREET|02.jpg
2091|24 LAWRENCE STREET|24 LAWRENCE STREET|03.jpg
2092|14 LAWRENCE STREET |14 LAWRENCE STREET |97.jpg
2092|14 LAWRENCE STREET |14 LAWRENCE STREET |98.jpg
2093|12 LAWRENCE STREET |12 LAWRENCE STREET |95.jpg
2093|12 LAWRENCE STREET |12 LAWRENCE STREET |96.jpg
2093|12 LAWRENCE STREET |12 LAWRENCE STREET |LAW12.JPG
2094|395 PROSPECT STREET |395 PROSPECT STREET |39.jpg
2094|395 PROSPECT STREET |395 PROSPECT STREET |40.jpg
2095|405 PROSPECT STREET |405 PROSPECT STREET |35.jpg
2095|405 PROSPECT STREET |405 PROSPECT STREET |36.jpg
2095|405 PROSPECT STREET |405 PROSPECT STREET |37.jpg
2095|405 PROSPECT STREET |405 PROSPECT STREET |38.jpg
2095|405 PROSPECT STREET |405 PROSPECT STREET |05062020 024.JPG
2096|419 PROSPECT STREET |419 PROSPECT STREET |75.jpg
2096|419 PROSPECT STREET |419 PROSPECT STREET |77.jpg
2097|8 CENTER DRIVE|8 CENTER DRIVE|00.jpg
2097|8 CENTER DRIVE|8 CENTER DRIVE|01.jpg
2097|8 CENTER DRIVE|8 CENTER DRIVE|CEN8.JPG
2098|4 CENTER DRIVE |4 CENTER DRIVE |46.jpg
2099|4 DAVIDSON ROAD |4 DAVIDSON ROAD |82.jpg
2099|4 DAVIDSON ROAD |4 DAVIDSON ROAD |83.jpg
2100|7 DAVIDSON ROAD |7 DAVIDSON ROAD |81.jpg
2100|7 DAVIDSON ROAD |7 DAVIDSON ROAD |29.jpg
2101|14 DAVIDSON ROAD|14 DAVIDSON ROAD|30.jpg
2101|14 DAVIDSON ROAD|14 DAVIDSON ROAD|31.jpg
2102|3 CENTER DRIVE|3 CENTER DRIVE|65.jpg
2102|3 CENTER DRIVE|3 CENTER DRIVE|66.jpg
2102|3 CENTER DRIVE|3 CENTER DRIVE|13.jpg
2103|7 CENTER DRIVE|7 CENTER DRIVE|67.jpg
2103|7 CENTER DRIVE|7 CENTER DRIVE|68.jpg
2104|21 WOODLAND HEIGHTS|21 WOODLAND HEIGHTS|22.jpg
2104|21 WOODLAND HEIGHTS|21 WOODLAND HEIGHTS|23.jpg
2104|21 WOODLAND HEIGHTS|21 WOODLAND HEIGHTS|24.jpg
2105|33 WOODLAND HEIGHTS |33 WOODLAND HEIGHTS |04.jpg
2105|33 WOODLAND HEIGHTS |33 WOODLAND HEIGHTS |05.jpg
2106|37 WOODLAND HEIGHTS|37 WOODLAND HEIGHTS|25.jpg
2106|37 WOODLAND HEIGHTS|37 WOODLAND HEIGHTS|26.jpg
2107|41 WOODLAND HEIGHTS |41 WOODLAND HEIGHTS |15.jpg
2107|41 WOODLAND HEIGHTS |41 WOODLAND HEIGHTS |50.jpg
2108|18 DAVIDSON ROAD |18 DAVIDSON ROAD |32.jpg
2108|18 DAVIDSON ROAD |18 DAVIDSON ROAD |33.jpg
2108|18 DAVIDSON ROAD |18 DAVIDSON ROAD |18dvd.jpg
2109|17 DAVIDSON ROAD |17 DAVIDSON ROAD |00.jpg
2110|15 DAVIDSON ROAD|15 DAVIDSON ROAD|78.jpg
2110|15 DAVIDSON ROAD|15 DAVIDSON ROAD|32.jpg
2112|31 DAVIDSON ROAD|31 DAVIDSON ROAD|34.jpg
2112|31 DAVIDSON ROAD|31 DAVIDSON ROAD|35.jpg
2113|36 DAVIDSON ROAD|36 DAVIDSON ROAD|36.jpg
2113|36 DAVIDSON ROAD|36 DAVIDSON ROAD|37.jpg
2114|38 WOODLAND HEIGHTS|38 WOODLAND HEIGHTS|44.jpg
2114|38 WOODLAND HEIGHTS|38 WOODLAND HEIGHTS|45.jpg
2114|38 WOODLAND HEIGHTS|38 WOODLAND HEIGHTS|WOO38B.JPG
2114|38 WOODLAND HEIGHTS|38 WOODLAND HEIGHTS|WOO38A.JPG
2115|36 WOODLAND HEIGHTS|36 WOODLAND HEIGHTS|21.jpg
2115|36 WOODLAND HEIGHTS|36 WOODLAND HEIGHTS|22.jpg
2116|46 CAVOUR CIRCLE|46 CAVOUR CIRCLE|38.jpg
2116|46 CAVOUR CIRCLE|46 CAVOUR CIRCLE|93.jpg
2117|42 CAVOUR CIRCLE|42 CAVOUR CIRCLE|04.jpg
2117|42 CAVOUR CIRCLE|42 CAVOUR CIRCLE|05.jpg
2117|42 CAVOUR CIRCLE|42 CAVOUR CIRCLE|42cav.jpg
2118|40 CAVOUR CIRCLE |40 CAVOUR CIRCLE |00.jpg
2118|40 CAVOUR CIRCLE |40 CAVOUR CIRCLE |01.jpg
2119|36 CAVOUR CIRCLE|36 CAVOUR CIRCLE|35.jpg
2119|36 CAVOUR CIRCLE|36 CAVOUR CIRCLE|36.jpg
2120|32 CAVOUR CIRCLE |32 CAVOUR CIRCLE |97.jpg
2120|32 CAVOUR CIRCLE |32 CAVOUR CIRCLE |98.jpg
2121|28 CAVOUR CIRCLE|28 CAVOUR CIRCLE|95.jpg
2121|28 CAVOUR CIRCLE|28 CAVOUR CIRCLE|96.jpg
2122|27 CAVOUR CIRCLE|27 CAVOUR CIRCLE|93.jpg
2122|27 CAVOUR CIRCLE|27 CAVOUR CIRCLE|94.jpg
2122|27 CAVOUR CIRCLE|27 CAVOUR CIRCLE|27cvr.jpg
2123|35 CAVOUR CIRCLE|35 CAVOUR CIRCLE|06.jpg
2123|35 CAVOUR CIRCLE|35 CAVOUR CIRCLE|07.jpg
2123|35 CAVOUR CIRCLE|35 CAVOUR CIRCLE|58.jpg
2124|45 CAVOUR CIRCLE|45 CAVOUR CIRCLE|02.jpg
2124|45 CAVOUR CIRCLE|45 CAVOUR CIRCLE|03.jpg
2125|1 EVANS ROAD |1 EVANS ROAD |52.jpg
2125|1 EVANS ROAD |1 EVANS ROAD |53.jpg
2126|3 EVANS ROAD |3 EVANS ROAD |56.jpg
2126|3 EVANS ROAD |3 EVANS ROAD |57.jpg
2127|5 EVANS ROAD|5 EVANS ROAD|58.jpg
2127|5 EVANS ROAD|5 EVANS ROAD|59.jpg
2128|9 EVANS ROAD |9 EVANS ROAD |60.jpg
2128|9 EVANS ROAD |9 EVANS ROAD |61.jpg
2129|13 EVANS ROAD|13 EVANS ROAD|81.jpg
2129|13 EVANS ROAD|13 EVANS ROAD|82.jpg
2130|17 EVANS ROAD|17 EVANS ROAD|66.jpg
2130|17 EVANS ROAD|17 EVANS ROAD|67.jpg
2131|21 EVANS ROAD|21 EVANS ROAD|83.jpg
2131|21 EVANS ROAD|21 EVANS ROAD|84.jpg
2134|278 WOODLAND STREET|278 WOODLAND STREET|60.jpg
2134|278 WOODLAND STREET|278 WOODLAND STREET|61.jpg
2134|278 WOODLAND STREET|278 WOODLAND STREET|98.jpg
2135|272 WOODLAND STREET|272 WOODLAND STREET|64.jpg
2135|272 WOODLAND STREET|272 WOODLAND STREET|65.jpg
2135|272 WOODLAND STREET|272 WOODLAND STREET|272wood.jpg
2136|18 EVANS ROAD|18 EVANS ROAD|64.jpg
2136|18 EVANS ROAD|18 EVANS ROAD|65.jpg
2137|14 EVANS ROAD|14 EVANS ROAD|62.jpg
2137|14 EVANS ROAD|14 EVANS ROAD|63.jpg
2138|10 EVANS ROAD|10 EVANS ROAD|43.jpg
2138|10 EVANS ROAD|10 EVANS ROAD|44.jpg
2139|6 EVANS ROAD|6 EVANS ROAD|62.jpg
2139|6 EVANS ROAD|6 EVANS ROAD|63.jpg
2140|4 EVANS ROAD|4 EVANS ROAD|54.jpg
2140|4 EVANS ROAD|4 EVANS ROAD|55.jpg
2141|2 EVANS ROAD|2 EVANS ROAD|60.jpg
2141|2 EVANS ROAD|2 EVANS ROAD|61.jpg
2143|476 PROSPECT STREET |476 PROSPECT STREET |79.jpg
2143|476 PROSPECT STREET |476 PROSPECT STREET |80.jpg
2144|472 PROSPECT STREET|472 PROSPECT STREET|36.jpg
2144|472 PROSPECT STREET|472 PROSPECT STREET|37.jpg
2144|472 PROSPECT STREET|472 PROSPECT STREET|84.jpg
2145|468 PROSPECT STREET|468 PROSPECT STREET|90.jpg
2145|468 PROSPECT STREET|468 PROSPECT STREET|91.jpg
2145|468 PROSPECT STREET|468 PROSPECT STREET|06.jpg
2145|468 PROSPECT STREET|468 PROSPECT STREET|PRO468B.JPG
2145|468 PROSPECT STREET|468 PROSPECT STREET|PRO468A.JPG
2146|464 PROSPECT STREET |464 PROSPECT STREET |34.jpg
2146|464 PROSPECT STREET |464 PROSPECT STREET |35.jpg
2147|11 PARKER STREET|11 PARKER STREET|75.jpg
2147|11 PARKER STREET|11 PARKER STREET|76.jpg
2148|15 PARKER STREET |15 PARKER STREET |72.jpg
2148|15 PARKER STREET |15 PARKER STREET |73.jpg
2149|29 PARKER STREET|29 PARKER STREET|74.jpg
2149|29 PARKER STREET|29 PARKER STREET|75.jpg
2149|29 PARKER STREET|29 PARKER STREET|76.jpg
2150| PARKER STREET| PARKER STREET|77.jpg
2150| PARKER STREET| PARKER STREET|78.jpg
2151|28 PARKER STREET |28 PARKER STREET |94.jpg
2151|28 PARKER STREET |28 PARKER STREET |28park.jpg
2152|5 NEVADA DRIVE |5 NEVADA DRIVE |81.jpg
2152|5 NEVADA DRIVE |5 NEVADA DRIVE |82.jpg
2153|7 NEVADA DRIVE |7 NEVADA DRIVE |91.jpg
2153|7 NEVADA DRIVE |7 NEVADA DRIVE |25.jpg
2153|7 NEVADA DRIVE |7 NEVADA DRIVE |26.jpg
2153|7 NEVADA DRIVE |7 NEVADA DRIVE |27.jpg
2156|8 NEVADA DRIVE |8 NEVADA DRIVE |83.jpg
2156|8 NEVADA DRIVE |8 NEVADA DRIVE |27.jpg
2157|6 NEVADA DRIVE|6 NEVADA DRIVE|NEV6B.JPG
2157|6 NEVADA DRIVE|6 NEVADA DRIVE|NEV6A.JPG
2157|6 NEVADA DRIVE|6 NEVADA DRIVE|77.jpg
2157|6 NEVADA DRIVE|6 NEVADA DRIVE|78.jpg
2158|4 NEVADA DRIVE|4 NEVADA DRIVE|79.jpg
2158|4 NEVADA DRIVE|4 NEVADA DRIVE|80.jpg
2159|16 PARKER STREET |16 PARKER STREET |50.jpg
2159|16 PARKER STREET |16 PARKER STREET |51.jpg
2161|516 PROSPECT STREET|516 PROSPECT STREET|84.jpg
2161|516 PROSPECT STREET|516 PROSPECT STREET|85.jpg
2161|516 PROSPECT STREET|516 PROSPECT STREET|16.jpg
2161|516 PROSPECT STREET|516 PROSPECT STREET|516pro.jpg
2162|512 PROSPECT STREET|512 PROSPECT STREET|14.jpg
2162|512 PROSPECT STREET|512 PROSPECT STREET|86.jpg
2162|512 PROSPECT STREET|512 PROSPECT STREET|87.jpg
2163|508 PROSPECT STREET|508 PROSPECT STREET|56.jpg
2163|508 PROSPECT STREET|508 PROSPECT STREET|95.jpg
2163|508 PROSPECT STREET|508 PROSPECT STREET|96.jpg
2164|504 PROSPECT STREET |504 PROSPECT STREET |93.jpg
2164|504 PROSPECT STREET |504 PROSPECT STREET |94.jpg
2164|504 PROSPECT STREET |504 PROSPECT STREET |28.jpg
2165|500 PROSPECT STREET |500 PROSPECT STREET |11.jpg
2165|500 PROSPECT STREET |500 PROSPECT STREET |88.jpg
2165|500 PROSPECT STREET |500 PROSPECT STREET |89.jpg
2166|435 PROSPECT STREET|435 PROSPECT STREET|31.jpg
2166|435 PROSPECT STREET|435 PROSPECT STREET|32.jpg
2167|445 PROSPECT STREET|445 PROSPECT STREET|33.jpg
2167|445 PROSPECT STREET|445 PROSPECT STREET|34.jpg
2168|471 PROSPECT STREET|471 PROSPECT STREET|22.jpg
2168|471 PROSPECT STREET|471 PROSPECT STREET|35.jpg
2168|471 PROSPECT STREET|471 PROSPECT STREET|36.jpg
2169|475 PROSPECT STREET |475 PROSPECT STREET |07.jpg
2169|475 PROSPECT STREET |475 PROSPECT STREET |80.jpg
2169|475 PROSPECT STREET |475 PROSPECT STREET |81.jpg
2170|485 PROSPECT STREET|485 PROSPECT STREET|84.jpg
2170|485 PROSPECT STREET|485 PROSPECT STREET|85.jpg
2171|491 PROSPECT STREET|491 PROSPECT STREET|29.jpg
2171|491 PROSPECT STREET|491 PROSPECT STREET|30.jpg
2172|493 PROSPECT STREET |493 PROSPECT STREET |82.jpg
2172|493 PROSPECT STREET |493 PROSPECT STREET |PRO0493B.JPG
2173|495 PROSPECT STREET |495 PROSPECT STREET |PRO495.jpg
2173|495 PROSPECT STREET |495 PROSPECT STREET |27.jpg
2173|495 PROSPECT STREET |495 PROSPECT STREET |28.jpg
2174|501 PROSPECT STREET|501 PROSPECT STREET|78.jpg
2174|501 PROSPECT STREET|501 PROSPECT STREET|79.jpg
2174|501 PROSPECT STREET|501 PROSPECT STREET|13.jpg
2175|505 PROSPECT STREET|505 PROSPECT STREET|15.jpg
2175|505 PROSPECT STREET|505 PROSPECT STREET|76.jpg
2175|505 PROSPECT STREET|505 PROSPECT STREET|77.jpg
2176|515 PROSPECT STREET|515 PROSPECT STREET|47.jpg
2176|515 PROSPECT STREET|515 PROSPECT STREET|48.jpg
2176|515 PROSPECT STREET|515 PROSPECT STREET|33.jpg
2176|515 PROSPECT STREET|515 PROSPECT STREET|34.jpg
2177|517 PROSPECT STREET |517 PROSPECT STREET |48.jpg
2177|517 PROSPECT STREET |517 PROSPECT STREET |49.jpg
2178|178 WOODLAND STREET|178 WOODLAND STREET|60.jpg
2178|178 WOODLAND STREET|178 WOODLAND STREET|61.jpg
2179|174 WOODLAND STREET|174 WOODLAND STREET|58.jpg
2179|174 WOODLAND STREET|174 WOODLAND STREET|59.jpg
2179|174 WOODLAND STREET|174 WOODLAND STREET|96.jpg
2179|174 WOODLAND STREET|174 WOODLAND STREET|WOO174.JPG
2179|174 WOODLAND STREET|174 WOODLAND STREET|28.jpg
2180|172 WOODLAND STREET|172 WOODLAND STREET|56.jpg
2180|172 WOODLAND STREET|172 WOODLAND STREET|57.jpg
2181|170 WOODLAND STREET |170 WOODLAND STREET |45.jpg
2181|170 WOODLAND STREET |170 WOODLAND STREET |68.jpg
2182|168 WOODLAND STREET|168 WOODLAND STREET|47.jpg
2182|168 WOODLAND STREET|168 WOODLAND STREET|48.jpg
2182|168 WOODLAND STREET|168 WOODLAND STREET|35.jpg
2183|166 WOODLAND STREET|166 WOODLAND STREET|34.jpg
2183|166 WOODLAND STREET|166 WOODLAND STREET|45.jpg
2183|166 WOODLAND STREET|166 WOODLAND STREET|46.jpg
2184|164 WOODLAND STREET |164 WOODLAND STREET |54.jpg
2184|164 WOODLAND STREET |164 WOODLAND STREET |55.jpg
2185|158 WOODLAND STREET|158 WOODLAND STREET|52.jpg
2185|158 WOODLAND STREET|158 WOODLAND STREET|53.jpg
2186|156 WOODLAND STREET|156 WOODLAND STREET|50.jpg
2186|156 WOODLAND STREET|156 WOODLAND STREET|51.jpg
2188|110 WOODLAND STREET |110 WOODLAND STREET |44.jpg
2188|110 WOODLAND STREET |110 WOODLAND STREET |WOO110B.JPG
2188|110 WOODLAND STREET |110 WOODLAND STREET |WOO110C.JPG
2188|110 WOODLAND STREET |110 WOODLAND STREET |WOO110A.JPG
2189|106 WOODLAND STREET |106 WOODLAND STREET |22.jpg
2189|106 WOODLAND STREET |106 WOODLAND STREET |23.jpg
2189|106 WOODLAND STREET |106 WOODLAND STREET |24.jpg
2190|102 WOODLAND STREET|102 WOODLAND STREET|42.jpg
2190|102 WOODLAND STREET|102 WOODLAND STREET|43.jpg
2191|16 EDWARD STREET|16 EDWARD STREET|47.jpg
2191|16 EDWARD STREET|16 EDWARD STREET|48.jpg
2191|16 EDWARD STREET|16 EDWARD STREET|16edw.jpg
2192|25 MARY DRIVE|25 MARY DRIVE|37.jpg
2192|25 MARY DRIVE|25 MARY DRIVE|38.jpg
2192|25 MARY DRIVE|25 MARY DRIVE|54.jpg
2193|31 MARY DRIVE |31 MARY DRIVE |39.jpg
2193|31 MARY DRIVE |31 MARY DRIVE |40.jpg
2193|31 MARY DRIVE |31 MARY DRIVE |41.jpg
2194|30 MARY DRIVE |30 MARY DRIVE |46.jpg
2194|30 MARY DRIVE |30 MARY DRIVE |47.jpg
2195|22 MARY DRIVE |22 MARY DRIVE |51.jpg
2195|22 MARY DRIVE |22 MARY DRIVE |52.jpg
2195|22 MARY DRIVE |22 MARY DRIVE |221mry.jpg
2196|16 MARY DRIVE|16 MARY DRIVE|06.jpg
2196|16 MARY DRIVE|16 MARY DRIVE|49.jpg
2196|16 MARY DRIVE|16 MARY DRIVE|50.jpg
2197|10 MARY DRIVE|10 MARY DRIVE|35.jpg
2197|10 MARY DRIVE|10 MARY DRIVE|36.jpg
2198|6 MARY DRIVE |6 MARY DRIVE |42.jpg
2198|6 MARY DRIVE |6 MARY DRIVE |43.jpg
2199|2 MARY DRIVE |2 MARY DRIVE |19.jpg
2199|2 MARY DRIVE |2 MARY DRIVE |20.jpg
2199|2 MARY DRIVE |2 MARY DRIVE |32.jpg
2199|2 MARY DRIVE |2 MARY DRIVE |2mry.jpg
2200|3 MARY DRIVE|3 MARY DRIVE|29.jpg
2200|3 MARY DRIVE|3 MARY DRIVE|50.jpg
2201|9 MARY DRIVE|9 MARY DRIVE|33.jpg
2201|9 MARY DRIVE|9 MARY DRIVE|34.jpg
2201|9 MARY DRIVE|9 MARY DRIVE|91.jpg
2201|9 MARY DRIVE|9 MARY DRIVE|9 mary dr-a.JPG
2202|13 MARY DRIVE|13 MARY DRIVE|MAR13.JPG
2202|13 MARY DRIVE|13 MARY DRIVE|MAR13A.JPG
2202|13 MARY DRIVE|13 MARY DRIVE|44.jpg
2202|13 MARY DRIVE|13 MARY DRIVE|45.jpg
2203|12 EDWARD STREET|12 EDWARD STREET|45.jpg
2203|12 EDWARD STREET|12 EDWARD STREET|46.jpg
2204|13 WESTLAND CIRCLE|13 WESTLAND CIRCLE|57.jpg
2204|13 WESTLAND CIRCLE|13 WESTLAND CIRCLE|58.jpg
2205|15 WESTLAND CIRCLE|15 WESTLAND CIRCLE|59.jpg
2205|15 WESTLAND CIRCLE|15 WESTLAND CIRCLE|60.jpg
2205|15 WESTLAND CIRCLE|15 WESTLAND CIRCLE|03.jpg
2206|21 WESTLAND CIRCLE|21 WESTLAND CIRCLE|61.jpg
2206|21 WESTLAND CIRCLE|21 WESTLAND CIRCLE|62.jpg
2207|25 WESTLAND CIRCLE|25 WESTLAND CIRCLE|63.jpg
2207|25 WESTLAND CIRCLE|25 WESTLAND CIRCLE|64.jpg
2208|27 WESTLAND CIRCLE|27 WESTLAND CIRCLE|20.jpg
2208|27 WESTLAND CIRCLE|27 WESTLAND CIRCLE|21.jpg
2208|27 WESTLAND CIRCLE|27 WESTLAND CIRCLE|17.jpg
2209|1 DAVIDSON ROAD|1 DAVIDSON ROAD|27.jpg
2209|1 DAVIDSON ROAD|1 DAVIDSON ROAD|28.jpg
2210|18 WESTLAND CIRCLE|18 WESTLAND CIRCLE|39.jpg
2210|18 WESTLAND CIRCLE|18 WESTLAND CIRCLE|88.jpg
2211|6 WESTLAND CIRCLE|6 WESTLAND CIRCLE|48.jpg
2212|4 WESTLAND CIRCLE|4 WESTLAND CIRCLE|90.jpg
2212|4 WESTLAND CIRCLE|4 WESTLAND CIRCLE|56.jpg
2213|4 HAWTHORNE DRIVE|4 HAWTHORNE DRIVE|30.jpg
2213|4 HAWTHORNE DRIVE|4 HAWTHORNE DRIVE|31.jpg
2214|3 SHENANDOAH HILL |3 SHENANDOAH HILL |09.jpg
2214|3 SHENANDOAH HILL |3 SHENANDOAH HILL |10.jpg
2215| BLUE RIDGE ROAD| BLUE RIDGE ROAD|76.jpg
2216|28 BLUE RIDGE ROAD|28 BLUE RIDGE ROAD|05.jpg
2216|28 BLUE RIDGE ROAD|28 BLUE RIDGE ROAD|06.jpg
2217|24 BLUE RIDGE ROAD|24 BLUE RIDGE ROAD|15.jpg
2217|24 BLUE RIDGE ROAD|24 BLUE RIDGE ROAD|28.jpg
2217|24 BLUE RIDGE ROAD|24 BLUE RIDGE ROAD|29.jpg
2218|20 BLUE RIDGE ROAD|20 BLUE RIDGE ROAD|26.jpg
2218|20 BLUE RIDGE ROAD|20 BLUE RIDGE ROAD|27.jpg
2218|20 BLUE RIDGE ROAD|20 BLUE RIDGE ROAD|76.jpg
2219|18 BLUE RIDGE ROAD|18 BLUE RIDGE ROAD|77.jpg
2219|18 BLUE RIDGE ROAD|18 BLUE RIDGE ROAD|24.jpg
2219|18 BLUE RIDGE ROAD|18 BLUE RIDGE ROAD|25.jpg
2221|137 WOODLAND STREET |137 WOODLAND STREET |16.jpg
2221|137 WOODLAND STREET |137 WOODLAND STREET |33.jpg
2221|137 WOODLAND STREET |137 WOODLAND STREET |34.jpg
2222|139 WOODLAND STREET|139 WOODLAND STREET|14.jpg
2222|139 WOODLAND STREET|139 WOODLAND STREET|15.jpg
2223|149 WOODLAND STREET|149 WOODLAND STREET|09.jpg
2223|149 WOODLAND STREET|149 WOODLAND STREET|10.jpg
2224|153 WOODLAND STREET|153 WOODLAND STREET|87.jpg
2224|153 WOODLAND STREET|153 WOODLAND STREET|88.jpg
2224|153 WOODLAND STREET|153 WOODLAND STREET|89.jpg
2225|159 WOODLAND STREET|159 WOODLAND STREET|72.jpg
2225|159 WOODLAND STREET|159 WOODLAND STREET|73.jpg
2226|163 WOODLAND STREET|163 WOODLAND STREET|70.jpg
2226|163 WOODLAND STREET|163 WOODLAND STREET|71.jpg
2228|173 WOODLAND STREET|173 WOODLAND STREET|49.jpg
2228|173 WOODLAND STREET|173 WOODLAND STREET|50.jpg
2229|179 WOODLAND STREET |179 WOODLAND STREET |68.jpg
2229|179 WOODLAND STREET |179 WOODLAND STREET |69.jpg
2229|179 WOODLAND STREET |179 WOODLAND STREET |37.jpg
2229|179 WOODLAND STREET |179 WOODLAND STREET |38.jpg
2230|185 WOODLAND STREET |185 WOODLAND STREET |55.jpg
2230|185 WOODLAND STREET |185 WOODLAND STREET |50.jpg
2230|185 WOODLAND STREET |185 WOODLAND STREET |22.jpg
2231|32 PHEASANT HILL RUN|32 PHEASANT HILL RUN|43.jpg
2231|32 PHEASANT HILL RUN|32 PHEASANT HILL RUN|44.jpg
2232|30 PHEASANT HILL RUN |30 PHEASANT HILL RUN |23.jpg
2232|30 PHEASANT HILL RUN |30 PHEASANT HILL RUN |24.jpg
2233|342 WEST BOYLSTON STREET |342 WEST BOYLSTON STREET |20.jpg
2233|342 WEST BOYLSTON STREET |342 WEST BOYLSTON STREET |21.jpg
2233|342 WEST BOYLSTON STREET |342 WEST BOYLSTON STREET |54.jpg
2233|342 WEST BOYLSTON STREET |342 WEST BOYLSTON STREET |55.jpg
2233|342 WEST BOYLSTON STREET |342 WEST BOYLSTON STREET |56.jpg
2233|342 WEST BOYLSTON STREET |342 WEST BOYLSTON STREET |57.jpg
2233|342 WEST BOYLSTON STREET |342 WEST BOYLSTON STREET |58.jpg
2233|342 WEST BOYLSTON STREET |342 WEST BOYLSTON STREET |WBS342.JPG
2234|340 WEST BOYLSTON STREET|340 WEST BOYLSTON STREET|47.jpg
2235|24 CUMBERLAND DRIVE|24 CUMBERLAND DRIVE|15.jpg
2235|24 CUMBERLAND DRIVE|24 CUMBERLAND DRIVE|16.jpg
2236|20 CUMBERLAND DRIVE|20 CUMBERLAND DRIVE|81.jpg
2236|20 CUMBERLAND DRIVE|20 CUMBERLAND DRIVE|45.jpg
2237|7 BLUE RIDGE ROAD|7 BLUE RIDGE ROAD|03.jpg
2237|7 BLUE RIDGE ROAD|7 BLUE RIDGE ROAD|04.jpg
2238|9 BLUE RIDGE ROAD|9 BLUE RIDGE ROAD|22.jpg
2238|9 BLUE RIDGE ROAD|9 BLUE RIDGE ROAD|23.jpg
2238|9 BLUE RIDGE ROAD|9 BLUE RIDGE ROAD|83.jpg
2239|7 HAWTHORNE DRIVE|7 HAWTHORNE DRIVE|44.jpg
2239|7 HAWTHORNE DRIVE|7 HAWTHORNE DRIVE|34.jpg
2239|7 HAWTHORNE DRIVE|7 HAWTHORNE DRIVE|35.jpg
2240|8 HAWTHORNE DRIVE|8 HAWTHORNE DRIVE|32.jpg
2240|8 HAWTHORNE DRIVE|8 HAWTHORNE DRIVE|33.jpg
2241|14 BLUE RIDGE ROAD |14 BLUE RIDGE ROAD |87.jpg
2241|14 BLUE RIDGE ROAD |14 BLUE RIDGE ROAD |82.jpg
2242| BLUE RIDGE ROAD| BLUE RIDGE ROAD|75.jpg
2243|8 BLUE RIDGE ROAD|8 BLUE RIDGE ROAD|96.jpg
2243|8 BLUE RIDGE ROAD|8 BLUE RIDGE ROAD|97.jpg
2244|12 CUMBERLAND DRIVE|12 CUMBERLAND DRIVE|37.jpg
2244|12 CUMBERLAND DRIVE|12 CUMBERLAND DRIVE|38.jpg
2245|8 CUMBERLAND DRIVE |8 CUMBERLAND DRIVE |39.jpg
2245|8 CUMBERLAND DRIVE |8 CUMBERLAND DRIVE |40.jpg
2246|8 DANIELIAN DRIVE|8 DANIELIAN DRIVE|34.jpg
2246|8 DANIELIAN DRIVE|8 DANIELIAN DRIVE|79.jpg
2246|8 DANIELIAN DRIVE|8 DANIELIAN DRIVE|80.jpg
2247|6 DANIELIAN DRIVE|6 DANIELIAN DRIVE|71.jpg
2247|6 DANIELIAN DRIVE|6 DANIELIAN DRIVE|72.jpg
2248|4 DANIELIAN DRIVE |4 DANIELIAN DRIVE |69.jpg
2248|4 DANIELIAN DRIVE |4 DANIELIAN DRIVE |70.jpg
2249|105 WOODLAND STREET|105 WOODLAND STREET|WOO105AA.JPG
2249|105 WOODLAND STREET|105 WOODLAND STREET|76.jpg
2249|105 WOODLAND STREET|105 WOODLAND STREET|77.jpg
2250|109 WOODLAND STREET |109 WOODLAND STREET |74.jpg
2250|109 WOODLAND STREET |109 WOODLAND STREET |75.jpg
2250|109 WOODLAND STREET |109 WOODLAND STREET |109wdl.jpeg
2251|100 WOODLAND STREET|100 WOODLAND STREET|48.jpg
2251|100 WOODLAND STREET|100 WOODLAND STREET|49.jpg
2252|92 WOODLAND STREET |92 WOODLAND STREET |45.jpg
2252|92 WOODLAND STREET |92 WOODLAND STREET |46.jpg
2252|92 WOODLAND STREET |92 WOODLAND STREET |47.jpg
2253|84 WOODLAND STREET|84 WOODLAND STREET|27.jpg
2253|84 WOODLAND STREET|84 WOODLAND STREET|28.jpg
2253|84 WOODLAND STREET|84 WOODLAND STREET|WOO84B.JPG
2253|84 WOODLAND STREET|84 WOODLAND STREET|WOO84A.JPG
2254|78 WOODLAND STREET|78 WOODLAND STREET|43.jpg
2254|78 WOODLAND STREET|78 WOODLAND STREET|44.jpg
2255|74 WOODLAND STREET |74 WOODLAND STREET |25.jpg
2255|74 WOODLAND STREET |74 WOODLAND STREET |26.jpg
2255|74 WOODLAND STREET |74 WOODLAND STREET |99.jpg
2256|66 WOODLAND STREET|66 WOODLAND STREET|41.jpg
2256|66 WOODLAND STREET|66 WOODLAND STREET|42.jpg
2256|66 WOODLAND STREET|66 WOODLAND STREET|30.jpg
2257|1 WOODLAND HEIGHTS|1 WOODLAND HEIGHTS|52.jpg
2257|1 WOODLAND HEIGHTS|1 WOODLAND HEIGHTS|53.jpg
2258|3 WESTLAND CIRCLE |3 WESTLAND CIRCLE |53.jpg
2258|3 WESTLAND CIRCLE |3 WESTLAND CIRCLE |58.jpg
2259|7 WESTLAND CIRCLE |7 WESTLAND CIRCLE |21.jpg
2259|7 WESTLAND CIRCLE |7 WESTLAND CIRCLE |22.jpg
2260|2 WESTLAND CIRCLE|2 WESTLAND CIRCLE|19.jpg
2260|2 WESTLAND CIRCLE|2 WESTLAND CIRCLE|20.jpg
2261|6 WOODLAND HEIGHTS|6 WOODLAND HEIGHTS|44.jpg
2261|6 WOODLAND HEIGHTS|6 WOODLAND HEIGHTS|66.jpg
2261|6 WOODLAND HEIGHTS|6 WOODLAND HEIGHTS|16.jpg
2262|60 WOODLAND STREET |60 WOODLAND STREET |20.jpg
2262|60 WOODLAND STREET |60 WOODLAND STREET |21.jpg
2263|5 SHRINE AVENUE|5 SHRINE AVENUE|48.jpg
2263|5 SHRINE AVENUE|5 SHRINE AVENUE|49.jpg
2265|77 WOODLAND STREET |77 WOODLAND STREET |93.jpg
2265|77 WOODLAND STREET |77 WOODLAND STREET |88.jpg
2265|77 WOODLAND STREET |77 WOODLAND STREET |89.jpg
2266|85 WOODLAND STREET|85 WOODLAND STREET|20.jpg
2266|85 WOODLAND STREET|85 WOODLAND STREET|21.jpg
2266|85 WOODLAND STREET|85 WOODLAND STREET|97.jpg
2267|89 WOODLAND STREET|89 WOODLAND STREET|80.jpg
2267|89 WOODLAND STREET|89 WOODLAND STREET|81.jpg
2268|93 WOODLAND STREET |93 WOODLAND STREET |06.jpg
2268|93 WOODLAND STREET |93 WOODLAND STREET |WOO93B.JPG
2268|93 WOODLAND STREET |93 WOODLAND STREET |WOO93A.JPG
2269|97 WOODLAND STREET|97 WOODLAND STREET|18.jpg
2269|97 WOODLAND STREET|97 WOODLAND STREET|19.jpg
2270|101 WOODLAND STREET |101 WOODLAND STREET |78.jpg
2270|101 WOODLAND STREET |101 WOODLAND STREET |79.jpg
2271|10 ALPINE DRIVE|10 ALPINE DRIVE|31.jpg
2271|10 ALPINE DRIVE|10 ALPINE DRIVE|32.jpg
2272|8 ALPINE DRIVE|8 ALPINE DRIVE|98.jpg
2272|8 ALPINE DRIVE|8 ALPINE DRIVE|00.jpg
2273|6 ALPINE DRIVE|6 ALPINE DRIVE|46.jpg
2273|6 ALPINE DRIVE|6 ALPINE DRIVE|47.jpg
2274|4 ALPINE DRIVE|4 ALPINE DRIVE|23.jpg
2274|4 ALPINE DRIVE|4 ALPINE DRIVE|24.jpg
2275|2 ALPINE DRIVE|2 ALPINE DRIVE|92.jpg
2275|2 ALPINE DRIVE|2 ALPINE DRIVE|93.jpg
2276|3 MEADOWBROOK DRIVE|3 MEADOWBROOK DRIVE|43.jpg
2276|3 MEADOWBROOK DRIVE|3 MEADOWBROOK DRIVE|44.jpg
2277|5 MEADOWBROOK DRIVE|5 MEADOWBROOK DRIVE|41.jpg
2277|5 MEADOWBROOK DRIVE|5 MEADOWBROOK DRIVE|42.jpg
2279|1 ALPINE DRIVE |1 ALPINE DRIVE |94.jpg
2279|1 ALPINE DRIVE |1 ALPINE DRIVE |95.jpg
2279|1 ALPINE DRIVE |1 ALPINE DRIVE |1 alpine-a.JPG
2280|3 ALPINE DRIVE|3 ALPINE DRIVE|IMG_0136.JPG
2280|3 ALPINE DRIVE|3 ALPINE DRIVE|ALP3.JPG
2280|3 ALPINE DRIVE|3 ALPINE DRIVE|96.jpg
2280|3 ALPINE DRIVE|3 ALPINE DRIVE|97.jpg
2281|5 ALPINE DRIVE |5 ALPINE DRIVE |68.jpg
2281|5 ALPINE DRIVE |5 ALPINE DRIVE |15.jpg
2282|7 ALPINE DRIVE |7 ALPINE DRIVE |29.jpg
2282|7 ALPINE DRIVE |7 ALPINE DRIVE |30.jpg
2283|5 DANIELIAN DRIVE|5 DANIELIAN DRIVE|81.jpg
2283|5 DANIELIAN DRIVE|5 DANIELIAN DRIVE|82.jpg
2284|21 MEADOWBROOK DRIVE|21 MEADOWBROOK DRIVE|10.jpg
2284|21 MEADOWBROOK DRIVE|21 MEADOWBROOK DRIVE|19.jpg
2285|14 MEADOWBROOK DRIVE|14 MEADOWBROOK DRIVE|45.jpg
2285|14 MEADOWBROOK DRIVE|14 MEADOWBROOK DRIVE|46.jpg
2286|12 MEADOWBROOK DRIVE|12 MEADOWBROOK DRIVE|87.jpg
2286|12 MEADOWBROOK DRIVE|12 MEADOWBROOK DRIVE|33.jpg
2286|12 MEADOWBROOK DRIVE|12 MEADOWBROOK DRIVE|34.jpg
2287|10 MEADOWBROOK DRIVE|10 MEADOWBROOK DRIVE|31.jpg
2287|10 MEADOWBROOK DRIVE|10 MEADOWBROOK DRIVE|32.jpg
2287|10 MEADOWBROOK DRIVE|10 MEADOWBROOK DRIVE|03.jpg
2287|10 MEADOWBROOK DRIVE|10 MEADOWBROOK DRIVE|04.jpg
2287|10 MEADOWBROOK DRIVE|10 MEADOWBROOK DRIVE|05.jpg
2288|6 MEADOWBROOK DRIVE |6 MEADOWBROOK DRIVE |96.jpg
2288|6 MEADOWBROOK DRIVE |6 MEADOWBROOK DRIVE |94.jpg
2288|6 MEADOWBROOK DRIVE |6 MEADOWBROOK DRIVE |95.jpg
2290|334 WEST BOYLSTON STREET |334 WEST BOYLSTON STREET |87.jpg
2290|334 WEST BOYLSTON STREET |334 WEST BOYLSTON STREET |88.jpg
2290|334 WEST BOYLSTON STREET |334 WEST BOYLSTON STREET |49.jpg
2291|328 WEST BOYLSTON STREET|328 WEST BOYLSTON STREET|09.jpg
2291|328 WEST BOYLSTON STREET|328 WEST BOYLSTON STREET|10.jpg
2293|320 WEST BOYLSTON STREET|320 WEST BOYLSTON STREET|07.jpg
2293|320 WEST BOYLSTON STREET|320 WEST BOYLSTON STREET|08.jpg
2294|314 WEST BOYLSTON STREET |314 WEST BOYLSTON STREET |43.jpg
2294|314 WEST BOYLSTON STREET |314 WEST BOYLSTON STREET |44.jpg
2294|314 WEST BOYLSTON STREET |314 WEST BOYLSTON STREET |76.jpg
2295|312 WEST BOYLSTON STREET |312 WEST BOYLSTON STREET |45.jpg
2295|312 WEST BOYLSTON STREET |312 WEST BOYLSTON STREET |46.jpg
2296|26 ALHAMBRA ROAD |26 ALHAMBRA ROAD |38.jpg
2296|26 ALHAMBRA ROAD |26 ALHAMBRA ROAD |39.jpg
2297|24 ALHAMBRA ROAD|24 ALHAMBRA ROAD|49.jpg
2297|24 ALHAMBRA ROAD|24 ALHAMBRA ROAD|50.jpg
2297|24 ALHAMBRA ROAD|24 ALHAMBRA ROAD|ALH24.JPG
2298|29 WOODLAND STREET|29 WOODLAND STREET|82.jpg
2298|29 WOODLAND STREET|29 WOODLAND STREET|83.jpg
2299|5 ALHAMBRA ROAD|5 ALHAMBRA ROAD|47.jpg
2299|5 ALHAMBRA ROAD|5 ALHAMBRA ROAD|48.jpg
2300|19 ALHAMBRA ROAD |19 ALHAMBRA ROAD |36.jpg
2300|19 ALHAMBRA ROAD |19 ALHAMBRA ROAD |37.jpg
2301|1 ALCAZAR AVENUE |1 ALCAZAR AVENUE |54.jpg
2301|1 ALCAZAR AVENUE |1 ALCAZAR AVENUE |55.jpg
2301|1 ALCAZAR AVENUE |1 ALCAZAR AVENUE |57.jpg
2301|1 ALCAZAR AVENUE |1 ALCAZAR AVENUE |90.jpg
2301|1 ALCAZAR AVENUE |1 ALCAZAR AVENUE |91.jpg
2302|306 WEST BOYLSTON STREET|306 WEST BOYLSTON STREET|04.jpg
2302|306 WEST BOYLSTON STREET|306 WEST BOYLSTON STREET|05.jpg
2302|306 WEST BOYLSTON STREET|306 WEST BOYLSTON STREET|06.jpg
2303|294 WEST BOYLSTON STREET|294 WEST BOYLSTON STREET|79.jpg
2303|294 WEST BOYLSTON STREET|294 WEST BOYLSTON STREET|80.jpg
2304|292 WEST BOYLSTON STREET|292 WEST BOYLSTON STREET|13.jpg
2305|288 WEST BOYLSTON STREET|288 WEST BOYLSTON STREET|40.jpg
2305|288 WEST BOYLSTON STREET|288 WEST BOYLSTON STREET|41.jpg
2305|288 WEST BOYLSTON STREET|288 WEST BOYLSTON STREET|42.jpg
2306|278 WEST BOYLSTON STREET|278 WEST BOYLSTON STREET|39.jpg
2307|277 WEST BOYLSTON STREET |277 WEST BOYLSTON STREET |90.jpg
2307|277 WEST BOYLSTON STREET |277 WEST BOYLSTON STREET |91.jpg
2308|11 BOWLES AVENUE |11 BOWLES AVENUE |66.jpg
2308|11 BOWLES AVENUE |11 BOWLES AVENUE |67.jpg
2308|11 BOWLES AVENUE |11 BOWLES AVENUE |68.jpg
2309|9 BOWLES AVENUE |9 BOWLES AVENUE |77.jpg
2309|9 BOWLES AVENUE |9 BOWLES AVENUE |78.jpg
2310|386 WORCESTER STREET|386 WORCESTER STREET|69.jpg
2310|386 WORCESTER STREET|386 WORCESTER STREET|70.jpg
2312|379 WORCESTER STREET |379 WORCESTER STREET |07.jpg
2312|379 WORCESTER STREET |379 WORCESTER STREET |08.jpg
2312|379 WORCESTER STREET |379 WORCESTER STREET |379worB.jpg
2312|379 WORCESTER STREET |379 WORCESTER STREET |379worA.jpg
2313|383 WORCESTER STREET|383 WORCESTER STREET|37.jpg
2313|383 WORCESTER STREET|383 WORCESTER STREET|23.jpg
2313|383 WORCESTER STREET|383 WORCESTER STREET|24.jpg
2314|387 WORCESTER STREET|387 WORCESTER STREET|90.jpg
2314|387 WORCESTER STREET|387 WORCESTER STREET|06.jpg
2315|391 WORCESTER STREET|391 WORCESTER STREET|88.jpg
2315|391 WORCESTER STREET|391 WORCESTER STREET|89.jpg
2316|96 BUNKER HILL PARKWAY |96 BUNKER HILL PARKWAY |51.jpg
2316|96 BUNKER HILL PARKWAY |96 BUNKER HILL PARKWAY |52.jpg
2317|92 BUNKER HILL PARKWAY|92 BUNKER HILL PARKWAY|47.jpg
2317|92 BUNKER HILL PARKWAY|92 BUNKER HILL PARKWAY|48.jpg
2317|92 BUNKER HILL PARKWAY|92 BUNKER HILL PARKWAY|92 bunker hill-a.JPG
2317|92 BUNKER HILL PARKWAY|92 BUNKER HILL PARKWAY|BUN92.JPG
2317|92 BUNKER HILL PARKWAY|92 BUNKER HILL PARKWAY|BUN92A.JPG
2318|88 BUNKER HILL PARKWAY |88 BUNKER HILL PARKWAY |49.jpg
2318|88 BUNKER HILL PARKWAY |88 BUNKER HILL PARKWAY |50.jpg
2319|84 BUNKER HILL PARKWAY |84 BUNKER HILL PARKWAY |94.jpg
2319|84 BUNKER HILL PARKWAY |84 BUNKER HILL PARKWAY |95.jpg
2320|83 BUNKER HILL PARKWAY|83 BUNKER HILL PARKWAY|92.jpg
2320|83 BUNKER HILL PARKWAY|83 BUNKER HILL PARKWAY|93.jpg
2321|87 BUNKER HILL PARKWAY |87 BUNKER HILL PARKWAY |98.jpg
2321|87 BUNKER HILL PARKWAY |87 BUNKER HILL PARKWAY |00.jpg
2321|87 BUNKER HILL PARKWAY |87 BUNKER HILL PARKWAY |46.jpg
2322|91 BUNKER HILL PARKWAY|91 BUNKER HILL PARKWAY|96.jpg
2322|91 BUNKER HILL PARKWAY|91 BUNKER HILL PARKWAY|97.jpg
2323|23 YORKTOWN ROAD|23 YORKTOWN ROAD|79.jpg
2323|23 YORKTOWN ROAD|23 YORKTOWN ROAD|80.jpg
2324|27 YORKTOWN ROAD|27 YORKTOWN ROAD|81.jpg
2324|27 YORKTOWN ROAD|27 YORKTOWN ROAD|82.jpg
2325|31 YORKTOWN ROAD|31 YORKTOWN ROAD|28.jpg
2325|31 YORKTOWN ROAD|31 YORKTOWN ROAD|70.jpg
2325|31 YORKTOWN ROAD|31 YORKTOWN ROAD|71.jpg
2326|35 YORKTOWN ROAD|35 YORKTOWN ROAD|02.jpg
2327|39 YORKTOWN ROAD|39 YORKTOWN ROAD|78.jpg
2327|39 YORKTOWN ROAD|39 YORKTOWN ROAD|79.jpg
2327|39 YORKTOWN ROAD|39 YORKTOWN ROAD|40.jpg
2328|48 YORKTOWN ROAD|48 YORKTOWN ROAD|89.jpg
2328|48 YORKTOWN ROAD|48 YORKTOWN ROAD|80.jpg
2328|48 YORKTOWN ROAD|48 YORKTOWN ROAD|81.jpg
2329|38 YORKTOWN ROAD|38 YORKTOWN ROAD|76.jpg
2329|38 YORKTOWN ROAD|38 YORKTOWN ROAD|77.jpg
2329|38 YORKTOWN ROAD|38 YORKTOWN ROAD|54.jpg
2330|36 YORKTOWN ROAD|36 YORKTOWN ROAD|03.jpg
2330|36 YORKTOWN ROAD|36 YORKTOWN ROAD|74.jpg
2330|36 YORKTOWN ROAD|36 YORKTOWN ROAD|75.jpg
2331|32 YORKTOWN ROAD|32 YORKTOWN ROAD|72.jpg
2331|32 YORKTOWN ROAD|32 YORKTOWN ROAD|73.jpg
2331|32 YORKTOWN ROAD|32 YORKTOWN ROAD|27.jpg
2332|28 YORKTOWN ROAD |28 YORKTOWN ROAD |29.jpg
2332|28 YORKTOWN ROAD |28 YORKTOWN ROAD |68.jpg
2332|28 YORKTOWN ROAD |28 YORKTOWN ROAD |69.jpg
2333|24 YORKTOWN ROAD|24 YORKTOWN ROAD|66.jpg
2333|24 YORKTOWN ROAD|24 YORKTOWN ROAD|67.jpg
2333|24 YORKTOWN ROAD|24 YORKTOWN ROAD|33.jpg
2333|24 YORKTOWN ROAD|24 YORKTOWN ROAD|YOR24.JPG
2334|20 YORKTOWN ROAD|20 YORKTOWN ROAD|YOR20.JPG
2334|20 YORKTOWN ROAD|20 YORKTOWN ROAD|YOR20A.JPG
2334|20 YORKTOWN ROAD|20 YORKTOWN ROAD|32.jpg
2334|20 YORKTOWN ROAD|20 YORKTOWN ROAD|64.jpg
2334|20 YORKTOWN ROAD|20 YORKTOWN ROAD|65.jpg
2335|16 YORKTOWN ROAD|16 YORKTOWN ROAD|19.jpg
2335|16 YORKTOWN ROAD|16 YORKTOWN ROAD|20.jpg
2335|16 YORKTOWN ROAD|16 YORKTOWN ROAD|34.jpg
2335|16 YORKTOWN ROAD|16 YORKTOWN ROAD|68.jpg
2336|12 YORKTOWN ROAD|12 YORKTOWN ROAD|62.jpg
2336|12 YORKTOWN ROAD|12 YORKTOWN ROAD|63.jpg
2337|8 YORKTOWN ROAD |8 YORKTOWN ROAD |36.jpg
2337|8 YORKTOWN ROAD |8 YORKTOWN ROAD |07.jpg
2338|4 YORKTOWN ROAD|4 YORKTOWN ROAD|37.jpg
2338|4 YORKTOWN ROAD|4 YORKTOWN ROAD|61.jpg
2339|405 WORCESTER STREET|405 WORCESTER STREET|25.jpg
2339|405 WORCESTER STREET|405 WORCESTER STREET|26.jpg
2339|405 WORCESTER STREET|405 WORCESTER STREET|27.jpg
2340|17 EDGEWOOD AVENUE|17 EDGEWOOD AVENUE|33.jpg
2340|17 EDGEWOOD AVENUE|17 EDGEWOOD AVENUE|34.jpg
2340|17 EDGEWOOD AVENUE|17 EDGEWOOD AVENUE|52.jpg
2341|21 EDGEWOOD AVENUE|21 EDGEWOOD AVENUE|50.jpg
2341|21 EDGEWOOD AVENUE|21 EDGEWOOD AVENUE|31.jpg
2341|21 EDGEWOOD AVENUE|21 EDGEWOOD AVENUE|32.jpg
2342|27 EDGEWOOD AVENUE|27 EDGEWOOD AVENUE|38.jpg
2342|27 EDGEWOOD AVENUE|27 EDGEWOOD AVENUE|39.jpg
2342|27 EDGEWOOD AVENUE|27 EDGEWOOD AVENUE|41.jpg
2343|33 EDGEWOOD AVENUE |33 EDGEWOOD AVENUE |48.jpg
2343|33 EDGEWOOD AVENUE |33 EDGEWOOD AVENUE |25.jpg
2343|33 EDGEWOOD AVENUE |33 EDGEWOOD AVENUE |26.jpg
2343|33 EDGEWOOD AVENUE |33 EDGEWOOD AVENUE |27.jpg
2344|38 EDGEWOOD AVENUE|38 EDGEWOOD AVENUE|47.jpg
2344|38 EDGEWOOD AVENUE|38 EDGEWOOD AVENUE|93.jpg
2344|38 EDGEWOOD AVENUE|38 EDGEWOOD AVENUE|30.jpg
2345|3 PEACHTREE STREET|3 PEACHTREE STREET|09.jpg
2345|3 PEACHTREE STREET|3 PEACHTREE STREET|10.jpg
2346|22 EDGEWOOD AVENUE |22 EDGEWOOD AVENUE |07.jpg
2346|22 EDGEWOOD AVENUE |22 EDGEWOOD AVENUE |08.jpg
2347|20 EDGEWOOD AVENUE|20 EDGEWOOD AVENUE|05.jpg
2347|20 EDGEWOOD AVENUE|20 EDGEWOOD AVENUE|06.jpg
2348|16 EDGEWOOD AVENUE|16 EDGEWOOD AVENUE|51.jpg
2348|16 EDGEWOOD AVENUE|16 EDGEWOOD AVENUE|35.jpg
2348|16 EDGEWOOD AVENUE|16 EDGEWOOD AVENUE|36.jpg
2348|16 EDGEWOOD AVENUE|16 EDGEWOOD AVENUE|37.jpg
2349|10 EDGEWOOD AVENUE|10 EDGEWOOD AVENUE|03.jpg
2349|10 EDGEWOOD AVENUE|10 EDGEWOOD AVENUE|04.jpg
2350|415 WORCESTER STREET|415 WORCESTER STREET|86.jpg
2350|415 WORCESTER STREET|415 WORCESTER STREET|87.jpg
2351|1 HIGHLAND AVENUE |1 HIGHLAND AVENUE |84.jpg
2351|1 HIGHLAND AVENUE |1 HIGHLAND AVENUE |85.jpg
2351|1 HIGHLAND AVENUE |1 HIGHLAND AVENUE |40.jpg
2353|13 HIGHLAND AVENUE |13 HIGHLAND AVENUE |42.jpg
2353|13 HIGHLAND AVENUE |13 HIGHLAND AVENUE |76.jpg
2353|13 HIGHLAND AVENUE |13 HIGHLAND AVENUE |50.jpg
2355|21 HIGHLAND AVENUE|21 HIGHLAND AVENUE|19.jpg
2355|21 HIGHLAND AVENUE|21 HIGHLAND AVENUE|48.jpg
2356|25 HIGHLAND AVENUE |25 HIGHLAND AVENUE |48.jpg
2356|25 HIGHLAND AVENUE |25 HIGHLAND AVENUE |49.jpg
2356|25 HIGHLAND AVENUE |25 HIGHLAND AVENUE |50.jpg
2357|31 HIGHLAND AVENUE|31 HIGHLAND AVENUE|46.jpg
2357|31 HIGHLAND AVENUE|31 HIGHLAND AVENUE|47.jpg
2357|31 HIGHLAND AVENUE|31 HIGHLAND AVENUE|84.jpg
2358|7 PEACHTREE STREET|7 PEACHTREE STREET|42.jpg
2358|7 PEACHTREE STREET|7 PEACHTREE STREET|44.jpg
2358|7 PEACHTREE STREET|7 PEACHTREE STREET|45.jpg
2360|11 PEACHTREE STREET|11 PEACHTREE STREET|42.jpg
2360|11 PEACHTREE STREET|11 PEACHTREE STREET|43.jpg
2360|11 PEACHTREE STREET|11 PEACHTREE STREET|39.jpg
2361|30 HIGHLAND AVENUE|30 HIGHLAND AVENUE|41.jpg
2361|30 HIGHLAND AVENUE|30 HIGHLAND AVENUE|53.jpg
2361|30 HIGHLAND AVENUE|30 HIGHLAND AVENUE|54.jpg
2362|28 HIGHLAND AVENUE|28 HIGHLAND AVENUE|51.jpg
2362|28 HIGHLAND AVENUE|28 HIGHLAND AVENUE|52.jpg
2362|28 HIGHLAND AVENUE|28 HIGHLAND AVENUE|85.jpg
2363|12 HIGHLAND AVENUE|12 HIGHLAND AVENUE|44.jpg
2363|12 HIGHLAND AVENUE|12 HIGHLAND AVENUE|59.jpg
2363|12 HIGHLAND AVENUE|12 HIGHLAND AVENUE|60.jpg
2364|8 HIGHLAND AVENUE |8 HIGHLAND AVENUE |57.jpg
2364|8 HIGHLAND AVENUE |8 HIGHLAND AVENUE |58.jpg
2365|6 HIGHLAND AVENUE|6 HIGHLAND AVENUE|55.jpg
2365|6 HIGHLAND AVENUE|6 HIGHLAND AVENUE|56.jpg
2365|6 HIGHLAND AVENUE|6 HIGHLAND AVENUE|46.jpg
2367|9 MAPLEWOOD AVENUE|9 MAPLEWOOD AVENUE|82.jpg
2367|9 MAPLEWOOD AVENUE|9 MAPLEWOOD AVENUE|65.jpg
2367|9 MAPLEWOOD AVENUE|9 MAPLEWOOD AVENUE|66.jpg
2368|15 MAPLEWOOD AVENUE |15 MAPLEWOOD AVENUE |93.jpg
2368|15 MAPLEWOOD AVENUE |15 MAPLEWOOD AVENUE |94.jpg
2368|15 MAPLEWOOD AVENUE |15 MAPLEWOOD AVENUE |15 maplewood-c.JPG
2368|15 MAPLEWOOD AVENUE |15 MAPLEWOOD AVENUE |15 maplewood-a.JPG
2369|19 MAPLEWOOD AVENUE|19 MAPLEWOOD AVENUE|90.jpg
2369|19 MAPLEWOOD AVENUE|19 MAPLEWOOD AVENUE|91.jpg
2369|19 MAPLEWOOD AVENUE|19 MAPLEWOOD AVENUE|92.jpg
2370|27 MAPLEWOOD AVENUE|27 MAPLEWOOD AVENUE|86.jpg
2370|27 MAPLEWOOD AVENUE|27 MAPLEWOOD AVENUE|87.jpg
2371|39 MAPLEWOOD AVENUE |39 MAPLEWOOD AVENUE |75.jpg
2371|39 MAPLEWOOD AVENUE |39 MAPLEWOOD AVENUE |76.jpg
2371|39 MAPLEWOOD AVENUE |39 MAPLEWOOD AVENUE |76.jpg
2372|41 MAPLEWOOD AVENUE |41 MAPLEWOOD AVENUE |73.jpg
2372|41 MAPLEWOOD AVENUE |41 MAPLEWOOD AVENUE |05.jpg
2373|17 PEACHTREE STREET|17 PEACHTREE STREET|02.jpg
2373|17 PEACHTREE STREET|17 PEACHTREE STREET|40.jpg
2373|17 PEACHTREE STREET|17 PEACHTREE STREET|41.jpg
2375|44 MAPLEWOOD AVENUE|44 MAPLEWOOD AVENUE|71.jpg
2375|44 MAPLEWOOD AVENUE|44 MAPLEWOOD AVENUE|72.jpg
2375|44 MAPLEWOOD AVENUE|44 MAPLEWOOD AVENUE|73.jpg
2375|44 MAPLEWOOD AVENUE|44 MAPLEWOOD AVENUE|MAP44 MLS.jpg
2375|44 MAPLEWOOD AVENUE|44 MAPLEWOOD AVENUE|MAP44A.JPG
2376|40 MAPLEWOOD AVENUE |40 MAPLEWOOD AVENUE |MAP40A.JPG
2376|40 MAPLEWOOD AVENUE |40 MAPLEWOOD AVENUE |75.jpg
2376|40 MAPLEWOOD AVENUE |40 MAPLEWOOD AVENUE |69.jpg
2376|40 MAPLEWOOD AVENUE |40 MAPLEWOOD AVENUE |70.jpg
2377|1 LONGVIEW STREET|1 LONGVIEW STREET|77.jpg
2377|1 LONGVIEW STREET|1 LONGVIEW STREET|78.jpg
2377|1 LONGVIEW STREET|1 LONGVIEW STREET|24.jpg
2378|7 LONGVIEW STREET |7 LONGVIEW STREET |23.jpg
2378|7 LONGVIEW STREET |7 LONGVIEW STREET |79.jpg
2378|7 LONGVIEW STREET |7 LONGVIEW STREET |80.jpg
2379|23 EVERGREEN AVENUE|23 EVERGREEN AVENUE|83.jpg
2379|23 EVERGREEN AVENUE|23 EVERGREEN AVENUE|84.jpg
2379|23 EVERGREEN AVENUE|23 EVERGREEN AVENUE|85.jpg
2379|23 EVERGREEN AVENUE|23 EVERGREEN AVENUE|66.jpg
2380|26 EVERGREEN AVENUE|26 EVERGREEN AVENUE|65.jpg
2380|26 EVERGREEN AVENUE|26 EVERGREEN AVENUE|81.jpg
2380|26 EVERGREEN AVENUE|26 EVERGREEN AVENUE|82.jpg
2381|22 EVERGREEN AVENUE|22 EVERGREEN AVENUE|49.jpg
2381|22 EVERGREEN AVENUE|22 EVERGREEN AVENUE|50.jpg
2381|22 EVERGREEN AVENUE|22 EVERGREEN AVENUE|05.jpg
2381|22 EVERGREEN AVENUE|22 EVERGREEN AVENUE|22evg.jpg
2382|23 HARVARD AVENUE|23 HARVARD AVENUE|19.jpg
2382|23 HARVARD AVENUE|23 HARVARD AVENUE|20.jpg
2382|23 HARVARD AVENUE|23 HARVARD AVENUE|43.jpg
2383|23 LONGVIEW STREET |23 LONGVIEW STREET |20.jpg
2383|23 LONGVIEW STREET |23 LONGVIEW STREET |94.jpg
2383|23 LONGVIEW STREET |23 LONGVIEW STREET |95.jpg
2384|25 LONGVIEW STREET |25 LONGVIEW STREET |19.jpg
2384|25 LONGVIEW STREET |25 LONGVIEW STREET |11.jpg
2384|25 LONGVIEW STREET |25 LONGVIEW STREET |12.jpg
2385|292 MAPLE STREET |292 MAPLE STREET |85.jpg
2385|292 MAPLE STREET |292 MAPLE STREET |86.jpg
2385|292 MAPLE STREET |292 MAPLE STREET |292maple.jpg
2386|290 MAPLE STREET |290 MAPLE STREET |50.jpg
2386|290 MAPLE STREET |290 MAPLE STREET |51.jpg
2386|290 MAPLE STREET |290 MAPLE STREET |45.jpg
2387|284 MAPLE STREET|284 MAPLE STREET|83.jpg
2387|284 MAPLE STREET|284 MAPLE STREET|28.jpg
2388|280 MAPLE STREET|280 MAPLE STREET|12.jpg
2388|280 MAPLE STREET|280 MAPLE STREET|13.jpg
2389|276 MAPLE STREET |276 MAPLE STREET |10.jpg
2389|276 MAPLE STREET |276 MAPLE STREET |11.jpg
2389|276 MAPLE STREET |276 MAPLE STREET |68.jpg
2390|262 MAPLE STREET |262 MAPLE STREET |80.jpg
2390|262 MAPLE STREET |262 MAPLE STREET |81.jpg
2390|262 MAPLE STREET |262 MAPLE STREET |82.jpg
2390|262 MAPLE STREET |262 MAPLE STREET |MAP262A.JPG
2390|262 MAPLE STREET |262 MAPLE STREET |MAP262.JPG
2391|250 MAPLE STREET|250 MAPLE STREET|06.jpg
2391|250 MAPLE STREET|250 MAPLE STREET|07.jpg
2392|287 MAPLE STREET |287 MAPLE STREET |49.jpg
2392|287 MAPLE STREET |287 MAPLE STREET |50.jpg
2393|291 MAPLE STREET|291 MAPLE STREET|03.jpg
2393|291 MAPLE STREET|291 MAPLE STREET|04.jpg
2393|291 MAPLE STREET|291 MAPLE STREET|05.jpg
2393|291 MAPLE STREET|291 MAPLE STREET|68.jpg
2394|297 MAPLE STREET|297 MAPLE STREET|95.jpg
2394|297 MAPLE STREET|297 MAPLE STREET|01.jpg
2394|297 MAPLE STREET|297 MAPLE STREET|02.jpg
2395|299 MAPLE STREET |299 MAPLE STREET |33.jpg
2395|299 MAPLE STREET |299 MAPLE STREET |34.jpg
2395|299 MAPLE STREET |299 MAPLE STREET |299mpl.jpg
2396|305 MAPLE STREET |305 MAPLE STREET |305mpl.jpeg
2396|305 MAPLE STREET |305 MAPLE STREET |13.jpg
2396|305 MAPLE STREET |305 MAPLE STREET |14.jpg
2396|305 MAPLE STREET |305 MAPLE STREET |15.jpg
2396|305 MAPLE STREET |305 MAPLE STREET |16.jpg
2396|305 MAPLE STREET |305 MAPLE STREET |20.jpg
2397|302 MAPLE STREET|302 MAPLE STREET|01.jpg
2397|302 MAPLE STREET|302 MAPLE STREET|02.jpg
2397|302 MAPLE STREET|302 MAPLE STREET|03.jpg
2398|12 PRINCETON AVENUE|12 PRINCETON AVENUE|26.jpg
2398|12 PRINCETON AVENUE|12 PRINCETON AVENUE|27.jpg
2399|40 PRINCETON AVENUE|40 PRINCETON AVENUE|25.jpg
2399|40 PRINCETON AVENUE|40 PRINCETON AVENUE|26.jpg
2399|40 PRINCETON AVENUE|40 PRINCETON AVENUE|59.jpg
2400|5 PRINCETON AVENUE |5 PRINCETON AVENUE |24.jpg
2400|5 PRINCETON AVENUE |5 PRINCETON AVENUE |25.jpg
2401|7 PRINCETON AVENUE|7 PRINCETON AVENUE|27.jpg
2401|7 PRINCETON AVENUE|7 PRINCETON AVENUE|28.jpg
2401|7 PRINCETON AVENUE|7 PRINCETON AVENUE|83.jpg
2402|28 LONGVIEW STREET|28 LONGVIEW STREET|92.jpg
2402|28 LONGVIEW STREET|28 LONGVIEW STREET|93.jpg
2403|24 LONGVIEW STREET|24 LONGVIEW STREET|21.jpg
2403|24 LONGVIEW STREET|24 LONGVIEW STREET|90.jpg
2403|24 LONGVIEW STREET|24 LONGVIEW STREET|91.jpg
2404|18 LONGVIEW STREET |18 LONGVIEW STREET |88.jpg
2404|18 LONGVIEW STREET |18 LONGVIEW STREET |89.jpg
2404|18 LONGVIEW STREET |18 LONGVIEW STREET |22.jpg
2405|16 EVERGREEN AVENUE|16 EVERGREEN AVENUE|92.jpg
2405|16 EVERGREEN AVENUE|16 EVERGREEN AVENUE|93.jpg
2405|16 EVERGREEN AVENUE|16 EVERGREEN AVENUE|59.jpg
2405|16 EVERGREEN AVENUE|16 EVERGREEN AVENUE|60.jpg
2405|16 EVERGREEN AVENUE|16 EVERGREEN AVENUE|60.jpg
2406|15 EVERGREEN AVENUE |15 EVERGREEN AVENUE |13.jpg
2406|15 EVERGREEN AVENUE |15 EVERGREEN AVENUE |14.jpg
2407|26 MAPLEWOOD AVENUE|26 MAPLEWOOD AVENUE|67.jpg
2407|26 MAPLEWOOD AVENUE|26 MAPLEWOOD AVENUE|68.jpg
2407|26 MAPLEWOOD AVENUE|26 MAPLEWOOD AVENUE|78.jpg
2408|24 MAPLEWOOD AVENUE|24 MAPLEWOOD AVENUE|88.jpg
2408|24 MAPLEWOOD AVENUE|24 MAPLEWOOD AVENUE|89.jpg
2409|20 MAPLEWOOD AVENUE |20 MAPLEWOOD AVENUE |15.jpg
2409|20 MAPLEWOOD AVENUE |20 MAPLEWOOD AVENUE |16.jpg
2409|20 MAPLEWOOD AVENUE |20 MAPLEWOOD AVENUE |82.jpg
2410|5 EVERGREEN AVENUE|5 EVERGREEN AVENUE|16.jpg
2410|5 EVERGREEN AVENUE|5 EVERGREEN AVENUE|02.jpg
2410|5 EVERGREEN AVENUE|5 EVERGREEN AVENUE|03.jpg
2411|7 EVERGREEN AVENUE|7 EVERGREEN AVENUE|69.jpg
2411|7 EVERGREEN AVENUE|7 EVERGREEN AVENUE|17.jpg
2411|7 EVERGREEN AVENUE|7 EVERGREEN AVENUE|EVE7.JPG
2411|7 EVERGREEN AVENUE|7 EVERGREEN AVENUE|EVE7A.JPG
2412|14 EVERGREEN AVENUE |14 EVERGREEN AVENUE |IMG_0137.JPG
2412|14 EVERGREEN AVENUE |14 EVERGREEN AVENUE |EVG0014A.JPG
2413|10 EVERGREEN AVENUE|10 EVERGREEN AVENUE|58.jpg
2413|10 EVERGREEN AVENUE|10 EVERGREEN AVENUE|70.jpg
2413|10 EVERGREEN AVENUE|10 EVERGREEN AVENUE|06.jpg
2414|6 EVERGREEN AVENUE|6 EVERGREEN AVENUE|72.jpg
2414|6 EVERGREEN AVENUE|6 EVERGREEN AVENUE|86.jpg
2414|6 EVERGREEN AVENUE|6 EVERGREEN AVENUE|87.jpg
2415|11 HARVARD AVENUE |11 HARVARD AVENUE |64.jpg
2415|11 HARVARD AVENUE |11 HARVARD AVENUE |21.jpg
2415|11 HARVARD AVENUE |11 HARVARD AVENUE |22.jpg
2415|11 HARVARD AVENUE |11 HARVARD AVENUE |HVD0011A.JPG
2416|10 HARVARD AVENUE|10 HARVARD AVENUE|23.jpg
2416|10 HARVARD AVENUE|10 HARVARD AVENUE|24.jpg
2416|10 HARVARD AVENUE|10 HARVARD AVENUE|63.jpg
2417|4 HARVARD AVENUE |4 HARVARD AVENUE |62.jpg
2417|4 HARVARD AVENUE |4 HARVARD AVENUE |57.jpg
2417|4 HARVARD AVENUE |4 HARVARD AVENUE |58.jpg
2417|4 HARVARD AVENUE |4 HARVARD AVENUE |67.jpg
2420|18 OXFORD STREET |18 OXFORD STREET |97.jpg
2420|18 OXFORD STREET |18 OXFORD STREET |98.jpg
2421|16 OXFORD STREET|16 OXFORD STREET|95.jpg
2421|16 OXFORD STREET|16 OXFORD STREET|96.jpg
2423|8 MAPLEWOOD AVENUE |8 MAPLEWOOD AVENUE |63.jpg
2423|8 MAPLEWOOD AVENUE |8 MAPLEWOOD AVENUE |64.jpg
2423|8 MAPLEWOOD AVENUE |8 MAPLEWOOD AVENUE |8mplw.jpg
2430|422 WORCESTER STREET|422 WORCESTER STREET|82.jpg
2430|422 WORCESTER STREET|422 WORCESTER STREET|83.jpg
2431|418 WORCESTER STREET |418 WORCESTER STREET |80.jpg
2431|418 WORCESTER STREET |418 WORCESTER STREET |81.jpg
2432|416 WORCESTER STREET|416 WORCESTER STREET|78.jpg
2432|416 WORCESTER STREET|416 WORCESTER STREET|79.jpg
2433|412 WORCESTER STREET |412 WORCESTER STREET |76.jpg
2433|412 WORCESTER STREET |412 WORCESTER STREET |77.jpg
2434|408 WORCESTER STREET |408 WORCESTER STREET |75.jpg
2434|408 WORCESTER STREET |408 WORCESTER STREET |14.jpg
2435|398 WORCESTER STREET|398 WORCESTER STREET|73.jpg
2435|398 WORCESTER STREET|398 WORCESTER STREET|74.jpg
2436|18 BUCKINGHAM AVENUE|18 BUCKINGHAM AVENUE|25.jpg
2436|18 BUCKINGHAM AVENUE|18 BUCKINGHAM AVENUE|26.jpg
2437|392 WORCESTER STREET|392 WORCESTER STREET|71.jpg
2437|392 WORCESTER STREET|392 WORCESTER STREET|72.jpg
2439|6 BOWLES AVENUE |6 BOWLES AVENUE |64.jpg
2439|6 BOWLES AVENUE |6 BOWLES AVENUE |65.jpg
2440|2 BOWLES AVENUE |2 BOWLES AVENUE |62.jpg
2440|2 BOWLES AVENUE |2 BOWLES AVENUE |63.jpg
2441|287 WEST BOYLSTON STREET|287 WEST BOYLSTON STREET|88.jpg
2441|287 WEST BOYLSTON STREET|287 WEST BOYLSTON STREET|89.jpg
2442|12 BUCKINGHAM AVENUE|12 BUCKINGHAM AVENUE|17.jpg
2442|12 BUCKINGHAM AVENUE|12 BUCKINGHAM AVENUE|18.jpg
2442|12 BUCKINGHAM AVENUE|12 BUCKINGHAM AVENUE|58.jpg
2445|291 WEST BOYLSTON STREET|291 WEST BOYLSTON STREET|86.jpg
2445|291 WEST BOYLSTON STREET|291 WEST BOYLSTON STREET|87.jpg
2446|293 WEST BOYLSTON STREET|293 WEST BOYLSTON STREET|84.jpg
2446|293 WEST BOYLSTON STREET|293 WEST BOYLSTON STREET|85.jpg
2448|9 LEBANON AVENUE|9 LEBANON AVENUE|29.jpg
2448|9 LEBANON AVENUE|9 LEBANON AVENUE|30.jpg
2449|11 LEBANON AVENUE|11 LEBANON AVENUE|27.jpg
2449|11 LEBANON AVENUE|11 LEBANON AVENUE|28.jpg
2450|6 LEBANON AVENUE |6 LEBANON AVENUE |31.jpg
2450|6 LEBANON AVENUE |6 LEBANON AVENUE |32.jpg
2451|301 WEST BOYLSTON STREET|301 WEST BOYLSTON STREET|77.jpg
2452|7 LOMBARD AVENUE |7 LOMBARD AVENUE |45.jpg
2452|7 LOMBARD AVENUE |7 LOMBARD AVENUE |28.jpg
2452|7 LOMBARD AVENUE |7 LOMBARD AVENUE |29.jpg
2452|7 LOMBARD AVENUE |7 LOMBARD AVENUE |30.jpg
2455|307 WEST BOYLSTON STREET|307 WEST BOYLSTON STREET|84.jpg
2457|317 WEST BOYLSTON STREET |317 WEST BOYLSTON STREET |81.jpg
2457|317 WEST BOYLSTON STREET |317 WEST BOYLSTON STREET |82.jpg
2457|317 WEST BOYLSTON STREET |317 WEST BOYLSTON STREET |83.jpg
2457|317 WEST BOYLSTON STREET |317 WEST BOYLSTON STREET |WBS317.JPG
2458| CHAPMAN AVENUE| CHAPMAN AVENUE|78.jpg
2461|12 CHAPMAN AVENUE |12 CHAPMAN AVENUE |96.jpg
2461|12 CHAPMAN AVENUE |12 CHAPMAN AVENUE |23.jpg
2461|12 CHAPMAN AVENUE |12 CHAPMAN AVENUE |24.jpg
2462|8 CHAPMAN AVENUE |8 CHAPMAN AVENUE |84.jpg
2462|8 CHAPMAN AVENUE |8 CHAPMAN AVENUE |85.jpg
2463|321 WEST BOYLSTON STREET |321 WEST BOYLSTON STREET |61.jpg
2463|321 WEST BOYLSTON STREET |321 WEST BOYLSTON STREET |62.jpg
2465|339 WEST BOYLSTON STREET |339 WEST BOYLSTON STREET |59.jpg
2465|339 WEST BOYLSTON STREET |339 WEST BOYLSTON STREET |60.jpg
2467|341 WEST BOYLSTON STREET|341 WEST BOYLSTON STREET|11.jpg
2467|341 WEST BOYLSTON STREET|341 WEST BOYLSTON STREET|12.jpg
2468|WEST BOYLSTON STREET|WEST BOYLSTON STREET|27.jpg
2468|WEST BOYLSTON STREET|WEST BOYLSTON STREET|28.jpg
2469|127 HARTWELL STREET |127 HARTWELL STREET |60.jpg
2472|133 HARTWELL STREET|133 HARTWELL STREET|61.jpg
2473|137 HARTWELL STREET|137 HARTWELL STREET|06.jpg
2473|137 HARTWELL STREET|137 HARTWELL STREET|07.jpg
2473|137 HARTWELL STREET|137 HARTWELL STREET|08.jpg
2474|143 HARTWELL STREET|143 HARTWELL STREET|72.jpg
2474|143 HARTWELL STREET|143 HARTWELL STREET|73.jpg
2474|143 HARTWELL STREET|143 HARTWELL STREET|74.jpg
2474|143 HARTWELL STREET|143 HARTWELL STREET|12.jpg
2474|143 HARTWELL STREET|143 HARTWELL STREET|13.jpg
2475|98 SHREWSBURY STREET|98 SHREWSBURY STREET|52.jpg
2475|98 SHREWSBURY STREET|98 SHREWSBURY STREET|53.jpg
2475|98 SHREWSBURY STREET|98 SHREWSBURY STREET|53.jpg
2476|92 SHREWSBURY STREET|92 SHREWSBURY STREET|13.jpg
2476|92 SHREWSBURY STREET|92 SHREWSBURY STREET|22.jpg
2476|92 SHREWSBURY STREET|92 SHREWSBURY STREET|23.jpg
2477|88 SHREWSBURY STREET |88 SHREWSBURY STREET |50.jpg
2477|88 SHREWSBURY STREET |88 SHREWSBURY STREET |51.jpg
2479|50 SHREWSBURY STREET|50 SHREWSBURY STREET|47.jpg
2479|50 SHREWSBURY STREET|50 SHREWSBURY STREET|48.jpg
2479|50 SHREWSBURY STREET|50 SHREWSBURY STREET|49.jpg
2480|257 MAPLE STREET|257 MAPLE STREET|03.jpg
2480|257 MAPLE STREET|257 MAPLE STREET|04.jpg
2480|257 MAPLE STREET|257 MAPLE STREET|05.jpg
2480|257 MAPLE STREET|257 MAPLE STREET|24.jpg
2482|261 MAPLE STREET|261 MAPLE STREET|58.jpg
2482|261 MAPLE STREET|261 MAPLE STREET|59.jpg
2482|261 MAPLE STREET|261 MAPLE STREET|80.jpg
2482|261 MAPLE STREET|261 MAPLE STREET|81.jpg
2483|263 MAPLE STREET|263 MAPLE STREET|35.jpg
2483|263 MAPLE STREET|263 MAPLE STREET|36.jpg
2483|263 MAPLE STREET|263 MAPLE STREET|37.jpg
2483|263 MAPLE STREET|263 MAPLE STREET|29.jpg
2485|265 MAPLE STREET |265 MAPLE STREET |00.jpg
2485|265 MAPLE STREET |265 MAPLE STREET |01.jpg
2486|254 MAPLE STREET|254 MAPLE STREET|78.jpg
2486|254 MAPLE STREET|254 MAPLE STREET|79.jpg
2487|236 MAPLE STREET|236 MAPLE STREET|76.jpg
2487|236 MAPLE STREET|236 MAPLE STREET|77.jpg
2488|224 MAPLE STREET|224 MAPLE STREET|48.jpg
2488|224 MAPLE STREET|224 MAPLE STREET|57.jpg
2488|224 MAPLE STREET|224 MAPLE STREET|MAP224C.JPG
2488|224 MAPLE STREET|224 MAPLE STREET|MAP224A.jpg
2488|224 MAPLE STREET|224 MAPLE STREET|MAP224.JPG
2489|75 SHREWSBURY STREET|75 SHREWSBURY STREET|52.jpg
2489|75 SHREWSBURY STREET|75 SHREWSBURY STREET|39.jpg
2489|75 SHREWSBURY STREET|75 SHREWSBURY STREET|40.jpg
2490|87 SHREWSBURY STREET |87 SHREWSBURY STREET |94.jpg
2490|87 SHREWSBURY STREET |87 SHREWSBURY STREET |95.jpg
2490|87 SHREWSBURY STREET |87 SHREWSBURY STREET |87srw.jpg
2491|95 SHREWSBURY STREET |95 SHREWSBURY STREET |36.jpg
2491|95 SHREWSBURY STREET |95 SHREWSBURY STREET |37.jpg
2491|95 SHREWSBURY STREET |95 SHREWSBURY STREET |38.jpg
2491|95 SHREWSBURY STREET |95 SHREWSBURY STREET |12.jpg
2492|157 HARTWELL STREET|157 HARTWELL STREET|45.jpg
2492|157 HARTWELL STREET|157 HARTWELL STREET|46.jpg
2493|165 HARTWELL STREET|165 HARTWELL STREET|13.jpg
2493|165 HARTWELL STREET|165 HARTWELL STREET|63.jpg
2497|111 SHREWSBURY STREET |111 SHREWSBURY STREET |SHW0111B.JPG
2497|111 SHREWSBURY STREET |111 SHREWSBURY STREET |SHW0111A.JPG
2499|159 HARTWELL STREET|159 HARTWELL STREET|35.jpg
2499|159 HARTWELL STREET|159 HARTWELL STREET|36.jpg
2500|211 HARTWELL STREET|211 HARTWELL STREET|69.jpg
2500|211 HARTWELL STREET|211 HARTWELL STREET|07.jpg
2500|211 HARTWELL STREET|211 HARTWELL STREET|IMG_0017.JPG
2500|211 HARTWELL STREET|211 HARTWELL STREET|HAR211A.JPG
2504|180 SHREWSBURY STREET |180 SHREWSBURY STREET |70.jpg
2505|150 HARTWELL STREET |150 HARTWELL STREET |62.jpg
2506|164 SHREWSBURY STREET|164 SHREWSBURY STREET|69.jpg
2507|124 HARTWELL STREET |124 HARTWELL STREET |79.jpg
2508|104 HARTWELL STREET|104 HARTWELL STREET|94.jpg
2509|100 HARTWELL STREET |100 HARTWELL STREET |78.jpg
2510|60 HARTWELL STREET|60 HARTWELL STREET|95.jpg
2510|60 HARTWELL STREET|60 HARTWELL STREET|49.jpg
2510|60 HARTWELL STREET|60 HARTWELL STREET|50.jpg
2511|44 HARTWELL STREET|44 HARTWELL STREET|41.jpg
2511|44 HARTWELL STREET|44 HARTWELL STREET|42.jpg
2512|40 HARTWELL STREET|40 HARTWELL STREET|37.jpg
2512|40 HARTWELL STREET|40 HARTWELL STREET|38.jpg
2513|65 HARTWELL STREET|65 HARTWELL STREET|58.jpg
2514|99 HARTWELL STREET |99 HARTWELL STREET |77.jpg
2515|137 SHREWSBURY STREET |137 SHREWSBURY STREET |64.jpg
2515|137 SHREWSBURY STREET |137 SHREWSBURY STREET |25.jpg
2515|137 SHREWSBURY STREET |137 SHREWSBURY STREET |26.jpg
2515|137 SHREWSBURY STREET |137 SHREWSBURY STREET |27.jpg
2516|165 SHREWSBURY STREET |165 SHREWSBURY STREET |65.jpg
2519|185 SHREWSBURY STREET|185 SHREWSBURY STREET|66.jpg
2521|125 HARTWELL STREET |125 HARTWELL STREET |59.jpg
2522|101 & 101 R HARTWELL STREET |101 & 101 R HARTWELL STREET |IMG_0204.JPG
2522|101 & 101 R HARTWELL STREET |101 & 101 R HARTWELL STREET |IMG_0203.JPG
2522|101 & 101 R HARTWELL STREET |101 & 101 R HARTWELL STREET |IMG_0205.JPG
2522|101 & 101 R HARTWELL STREET |101 & 101 R HARTWELL STREET |IMG_0206.JPG
2522|101 & 101 R HARTWELL STREET |101 & 101 R HARTWELL STREET |
2522|101 & 101 R HARTWELL STREET |101 & 101 R HARTWELL STREET |IMG_0143.JPG
2522|101 & 101 R HARTWELL STREET |101 & 101 R HARTWELL STREET |IMG_0144.JPG
2522|101 & 101 R HARTWELL STREET |101 & 101 R HARTWELL STREET |IMG_0145.JPG
2523|20 HAWTHORNE DRIVE|20 HAWTHORNE DRIVE|67.jpg
2523|20 HAWTHORNE DRIVE|20 HAWTHORNE DRIVE|40.jpg
2523|20 HAWTHORNE DRIVE|20 HAWTHORNE DRIVE|41.jpg
2524|16 HAWTHORNE DRIVE |16 HAWTHORNE DRIVE |72.jpg
2524|16 HAWTHORNE DRIVE |16 HAWTHORNE DRIVE |18.jpg
2525|10 HAWTHORNE DRIVE|10 HAWTHORNE DRIVE|36.jpg
2525|10 HAWTHORNE DRIVE|10 HAWTHORNE DRIVE|37.jpg
2526|11 HAWTHORNE DRIVE |11 HAWTHORNE DRIVE |38.jpg
2526|11 HAWTHORNE DRIVE |11 HAWTHORNE DRIVE |39.jpg
2526|11 HAWTHORNE DRIVE |11 HAWTHORNE DRIVE |74.jpg
2526|11 HAWTHORNE DRIVE |11 HAWTHORNE DRIVE |00.jpg
2527|15 HAWTHORNE DRIVE|15 HAWTHORNE DRIVE|16.jpg
2527|15 HAWTHORNE DRIVE|15 HAWTHORNE DRIVE|17.jpg
2528|28 CUMBERLAND DRIVE|28 CUMBERLAND DRIVE|10.jpg
2529|342 MAPLE STREET |342 MAPLE STREET |98.jpg
2529|342 MAPLE STREET |342 MAPLE STREET |00.jpg
2530|336 MAPLE STREET |336 MAPLE STREET |96.jpg
2530|336 MAPLE STREET |336 MAPLE STREET |97.jpg
2530|336 MAPLE STREET |336 MAPLE STREET |336mpl.jpg
2531|332 MAPLE STREET|332 MAPLE STREET|MAP332.JPG
2531|332 MAPLE STREET|332 MAPLE STREET|34.jpg
2531|332 MAPLE STREET|332 MAPLE STREET|35.jpg
2532|328 MAPLE STREET|328 MAPLE STREET|25.jpg
2532|328 MAPLE STREET|328 MAPLE STREET|26.jpg
2533|326 MAPLE STREET|326 MAPLE STREET|94.jpg
2533|326 MAPLE STREET|326 MAPLE STREET|95.jpg
2534|318 MAPLE STREET |318 MAPLE STREET |92.jpg
2534|318 MAPLE STREET |318 MAPLE STREET |93.jpg
2535|316 MAPLE STREET|316 MAPLE STREET|90.jpg
2535|316 MAPLE STREET|316 MAPLE STREET|91.jpg
2536|4 YALE AVENUE |4 YALE AVENUE |58.jpg
2536|4 YALE AVENUE |4 YALE AVENUE |90.jpg
2536|4 YALE AVENUE |4 YALE AVENUE |91.jpg
2537|6 YALE AVENUE|6 YALE AVENUE|88.jpg
2537|6 YALE AVENUE|6 YALE AVENUE|89.jpg
2537|6 YALE AVENUE|6 YALE AVENUE|56.jpg
2538|5 YALE AVENUE |5 YALE AVENUE |55.jpg
2538|5 YALE AVENUE |5 YALE AVENUE |86.jpg
2538|5 YALE AVENUE |5 YALE AVENUE |87.jpg
2540|9 YALE AVENUE|9 YALE AVENUE|84.jpg
2540|9 YALE AVENUE|9 YALE AVENUE|85.jpg
2540|9 YALE AVENUE|9 YALE AVENUE|57.jpg
2540|9 YALE AVENUE|9 YALE AVENUE|YAL9.JPG
2541|306 MAPLE STREET |306 MAPLE STREET |MAP0306B.JPG
2541|306 MAPLE STREET |306 MAPLE STREET |60.jpg
2541|306 MAPLE STREET |306 MAPLE STREET |61.jpg
2542|40 BONNIE VIEW DRIVE|40 BONNIE VIEW DRIVE|40.jpg
2542|40 BONNIE VIEW DRIVE|40 BONNIE VIEW DRIVE|29.jpg
2542|40 BONNIE VIEW DRIVE|40 BONNIE VIEW DRIVE|30.jpg
2542|40 BONNIE VIEW DRIVE|40 BONNIE VIEW DRIVE|40bv.jpg
2543|2 CHINO AVENUE |2 CHINO AVENUE |83.jpg
2543|2 CHINO AVENUE |2 CHINO AVENUE |79.jpg
2544|38 BONNIE VIEW DRIVE|38 BONNIE VIEW DRIVE|39.jpg
2544|38 BONNIE VIEW DRIVE|38 BONNIE VIEW DRIVE|40.jpg
2545|34 BONNIE VIEW DRIVE|34 BONNIE VIEW DRIVE|37.jpg
2545|34 BONNIE VIEW DRIVE|34 BONNIE VIEW DRIVE|38.jpg
2546|26 BONNIE VIEW DRIVE|26 BONNIE VIEW DRIVE|33.jpg
2546|26 BONNIE VIEW DRIVE|26 BONNIE VIEW DRIVE|34.jpg
2547|20 BONNIE VIEW DRIVE|20 BONNIE VIEW DRIVE|32.jpg
2547|20 BONNIE VIEW DRIVE|20 BONNIE VIEW DRIVE|31.jpg
2548|16 BONNIE VIEW DRIVE |16 BONNIE VIEW DRIVE |35.jpg
2548|16 BONNIE VIEW DRIVE |16 BONNIE VIEW DRIVE |36.jpg
2548|16 BONNIE VIEW DRIVE |16 BONNIE VIEW DRIVE |95.jpg
2549|12 BONNIE VIEW DRIVE|12 BONNIE VIEW DRIVE|93.jpg
2549|12 BONNIE VIEW DRIVE|12 BONNIE VIEW DRIVE|37.jpg
2549|12 BONNIE VIEW DRIVE|12 BONNIE VIEW DRIVE|38.jpg
2550|17 BONNIE VIEW DRIVE|17 BONNIE VIEW DRIVE|33.jpg
2550|17 BONNIE VIEW DRIVE|17 BONNIE VIEW DRIVE|34.jpg
2550|17 BONNIE VIEW DRIVE|17 BONNIE VIEW DRIVE|96.jpg
2551|25 BONNIE VIEW DRIVE |25 BONNIE VIEW DRIVE |39.jpg
2551|25 BONNIE VIEW DRIVE |25 BONNIE VIEW DRIVE |16.jpg
2552|31 BONNIE VIEW DRIVE |31 BONNIE VIEW DRIVE |35.jpg
2552|31 BONNIE VIEW DRIVE |31 BONNIE VIEW DRIVE |36.jpg
2553|5 LINCOLN AVENUE|5 LINCOLN AVENUE|45.jpg
2553|5 LINCOLN AVENUE|5 LINCOLN AVENUE|46.jpg
2553|5 LINCOLN AVENUE|5 LINCOLN AVENUE|90.jpg
2554|9 LINCOLN AVENUE|9 LINCOLN AVENUE|55.jpg
2554|9 LINCOLN AVENUE|9 LINCOLN AVENUE|41.jpg
2554|9 LINCOLN AVENUE|9 LINCOLN AVENUE|42.jpg
2555|11 BONNIE VIEW DRIVE|11 BONNIE VIEW DRIVE|30.jpg
2555|11 BONNIE VIEW DRIVE|11 BONNIE VIEW DRIVE|31.jpg
2556|5 BONNIE VIEW DRIVE|5 BONNIE VIEW DRIVE|39.jpg
2556|5 BONNIE VIEW DRIVE|5 BONNIE VIEW DRIVE|40.jpg
2556|5 BONNIE VIEW DRIVE|5 BONNIE VIEW DRIVE|92.jpg
2557|10 LINCOLN AVENUE|10 LINCOLN AVENUE|25.jpg
2557|10 LINCOLN AVENUE|10 LINCOLN AVENUE|26.jpg
2558|3 LINCOLN AVENUE |3 LINCOLN AVENUE |28.jpg
2558|3 LINCOLN AVENUE |3 LINCOLN AVENUE |29.jpg
2559|2 LINCOLN AVENUE|2 LINCOLN AVENUE|43.jpg
2559|2 LINCOLN AVENUE|2 LINCOLN AVENUE|44.jpg
2559|2 LINCOLN AVENUE|2 LINCOLN AVENUE|91.jpg
2560|309 MAPLE STREET|309 MAPLE STREET|90.jpg
2560|309 MAPLE STREET|309 MAPLE STREET|02.jpg
2561|311 MAPLE STREET|311 MAPLE STREET|89.jpg
2561|311 MAPLE STREET|311 MAPLE STREET|21.jpg
2562|315 MAPLE STREET|315 MAPLE STREET|97.jpg
2562|315 MAPLE STREET|315 MAPLE STREET|98.jpg
2563|323 MAPLE STREET |323 MAPLE STREET |95.jpg
2563|323 MAPLE STREET |323 MAPLE STREET |96.jpg
2564|331 MAPLE STREET|331 MAPLE STREET|47.jpg
2564|331 MAPLE STREET|331 MAPLE STREET|48.jpg
2564|331 MAPLE STREET|331 MAPLE STREET|56.jpg
2565|335 MAPLE STREET|335 MAPLE STREET|86.jpg
2565|335 MAPLE STREET|335 MAPLE STREET|48.jpg
2565|335 MAPLE STREET|335 MAPLE STREET|49.jpg
2566|339 MAPLE STREET|339 MAPLE STREET|23.jpg
2566|339 MAPLE STREET|339 MAPLE STREET|24.jpg
2566|339 MAPLE STREET|339 MAPLE STREET|IMG_0141.JPG
2567|351 MAPLE STREET |351 MAPLE STREET |351mpl.jpg
2567|351 MAPLE STREET |351 MAPLE STREET |MAP351.JPG
2567|351 MAPLE STREET |351 MAPLE STREET |21.jpg
2567|351 MAPLE STREET |351 MAPLE STREET |22.jpg
2568|355 MAPLE STREET |355 MAPLE STREET |96.jpg
2568|355 MAPLE STREET |355 MAPLE STREET |97.jpg
2568|355 MAPLE STREET |355 MAPLE STREET |98.jpg
2569|353 MAPLE STREET|353 MAPLE STREET|19.jpg
2569|353 MAPLE STREET|353 MAPLE STREET|20.jpg
2571|11 HARTWELL STREET|11 HARTWELL STREET|47.jpg
2571|11 HARTWELL STREET|11 HARTWELL STREET|48.jpg
2571|11 HARTWELL STREET|11 HARTWELL STREET|76.jpg
2572|17 HARTWELL STREET |17 HARTWELL STREET |28.jpg
2572|17 HARTWELL STREET |17 HARTWELL STREET |29.jpg
2573|21 HARTWELL STREET |21 HARTWELL STREET |32.jpg
2573|21 HARTWELL STREET |21 HARTWELL STREET |55.jpg
2573|21 HARTWELL STREET |21 HARTWELL STREET |HAR21.JPG
2574|27 HARTWELL STREET|27 HARTWELL STREET|68.jpg
2574|27 HARTWELL STREET|27 HARTWELL STREET|69.jpg
2575|31 HARTWELL STREET|31 HARTWELL STREET|75.jpg
2575|31 HARTWELL STREET|31 HARTWELL STREET|76.jpg
2577|20 HARTWELL STREET|20 HARTWELL STREET|34.jpg
2577|20 HARTWELL STREET|20 HARTWELL STREET|35.jpg
2577|20 HARTWELL STREET|20 HARTWELL STREET|36.jpg
2578|14 HARTWELL STREET |14 HARTWELL STREET |30.jpg
2578|14 HARTWELL STREET |14 HARTWELL STREET |31.jpg
2578|14 HARTWELL STREET |14 HARTWELL STREET |32.jpg
2578|14 HARTWELL STREET |14 HARTWELL STREET |33.jpg
2584|5 OSGOOD AVENUE|5 OSGOOD AVENUE|16.jpg
2584|5 OSGOOD AVENUE|5 OSGOOD AVENUE|17.jpg
2584|5 OSGOOD AVENUE|5 OSGOOD AVENUE|18.jpg
2585|7 OSGOOD AVENUE|7 OSGOOD AVENUE|53.jpg
2585|7 OSGOOD AVENUE|7 OSGOOD AVENUE|96.jpg
2585|7 OSGOOD AVENUE|7 OSGOOD AVENUE|97.jpg
2586|OSGOOD AVENUE |OSGOOD AVENUE |02.jpg
2587| OSGOOD AVENUE| OSGOOD AVENUE|95.jpg
2592|12 VALLEY STREET|12 VALLEY STREET|80.jpg
2592|12 VALLEY STREET|12 VALLEY STREET|81.jpg
2593|14 OSGOOD AVENUE|14 OSGOOD AVENUE|74.jpg
2593|14 OSGOOD AVENUE|14 OSGOOD AVENUE|75.jpg
2594|12 OSGOOD AVENUE|12 OSGOOD AVENUE|01.jpg
2594|12 OSGOOD AVENUE|12 OSGOOD AVENUE|02.jpg
2594|12 OSGOOD AVENUE|12 OSGOOD AVENUE|66.jpg
2595|10 OSGOOD AVENUE |10 OSGOOD AVENUE |72.jpg
2595|10 OSGOOD AVENUE |10 OSGOOD AVENUE |73.jpg
2596|8 OSGOOD AVENUE|8 OSGOOD AVENUE|52.jpg
2596|8 OSGOOD AVENUE|8 OSGOOD AVENUE|98.jpg
2596|8 OSGOOD AVENUE|8 OSGOOD AVENUE|00.jpg
2597|6 OSGOOD AVENUE|6 OSGOOD AVENUE|94.jpg
2597|6 OSGOOD AVENUE|6 OSGOOD AVENUE|95.jpg
2597|6 OSGOOD AVENUE|6 OSGOOD AVENUE|63.jpg
2598|4 OSGOOD AVENUE|4 OSGOOD AVENUE|62.jpg
2598|4 OSGOOD AVENUE|4 OSGOOD AVENUE|92.jpg
2598|4 OSGOOD AVENUE|4 OSGOOD AVENUE|93.jpg
2599|602 PROSPECT STREET |602 PROSPECT STREET |46.jpg
2599|602 PROSPECT STREET |602 PROSPECT STREET |68.jpg
2599|602 PROSPECT STREET |602 PROSPECT STREET |69.jpg
2600|598 PROSPECT STREET |598 PROSPECT STREET |44.jpg
2600|598 PROSPECT STREET |598 PROSPECT STREET |45.jpg
2601|596 PROSPECT STREET|596 PROSPECT STREET|42.jpg
2601|596 PROSPECT STREET|596 PROSPECT STREET|43.jpg
2602|590 PROSPECT STREET |590 PROSPECT STREET |71.jpg
2602|590 PROSPECT STREET |590 PROSPECT STREET |72.jpg
2602|590 PROSPECT STREET |590 PROSPECT STREET |73.jpg
2602|590 PROSPECT STREET |590 PROSPECT STREET |01.jpg
2602|590 PROSPECT STREET |590 PROSPECT STREET |02.jpg
2602|590 PROSPECT STREET |590 PROSPECT STREET |PRO590.jpg
2603|586 PROSPECT STREET|586 PROSPECT STREET|88.jpg
2603|586 PROSPECT STREET|586 PROSPECT STREET|96.jpg
2603|586 PROSPECT STREET|586 PROSPECT STREET|97.jpg
2604|6 DELMAR DRIVE |6 DELMAR DRIVE |85.jpg
2604|6 DELMAR DRIVE |6 DELMAR DRIVE |86.jpg
2605|4 DELMAR DRIVE|4 DELMAR DRIVE|83.jpg
2605|4 DELMAR DRIVE|4 DELMAR DRIVE|84.jpg
2606|584 PROSPECT STREET|584 PROSPECT STREET|94.jpg
2606|584 PROSPECT STREET|584 PROSPECT STREET|95.jpg
2607|578 PROSPECT STREET |578 PROSPECT STREET |91.jpg
2607|578 PROSPECT STREET |578 PROSPECT STREET |92.jpg
2607|578 PROSPECT STREET |578 PROSPECT STREET |93.jpg
2607|578 PROSPECT STREET |578 PROSPECT STREET |94.jpg
2608|574 PROSPECT STREET|574 PROSPECT STREET|97.jpg
2608|574 PROSPECT STREET|574 PROSPECT STREET|40.jpg
2608|574 PROSPECT STREET|574 PROSPECT STREET|41.jpg
2609|570 PROSPECT STREET|570 PROSPECT STREET|92.jpg
2609|570 PROSPECT STREET|570 PROSPECT STREET|93.jpg
2610|7 PINECROFT AVENUE|7 PINECROFT AVENUE|45.jpg
2610|7 PINECROFT AVENUE|7 PINECROFT AVENUE|87.jpg
2610|7 PINECROFT AVENUE|7 PINECROFT AVENUE|88.jpg
2611|12 PINECROFT AVENUE|12 PINECROFT AVENUE|89.jpg
2611|12 PINECROFT AVENUE|12 PINECROFT AVENUE|90.jpg
2612|17 PINECROFT AVENUE|17 PINECROFT AVENUE|93.jpg
2612|17 PINECROFT AVENUE|17 PINECROFT AVENUE|94.jpg
2613|18 OSGOOD AVENUE|18 OSGOOD AVENUE|70.jpg
2613|18 OSGOOD AVENUE|18 OSGOOD AVENUE|71.jpg
2614|29 PINECROFT AVENUE |29 PINECROFT AVENUE |97.jpg
2614|29 PINECROFT AVENUE |29 PINECROFT AVENUE |98.jpg
2615|31 PINECROFT AVENUE|31 PINECROFT AVENUE|95.jpg
2615|31 PINECROFT AVENUE|31 PINECROFT AVENUE|96.jpg
2616|29 OSGOOD AVENUE|29 OSGOOD AVENUE|00.jpg
2616|29 OSGOOD AVENUE|29 OSGOOD AVENUE|01.jpg
2617|47 OSGOOD AVENUE |47 OSGOOD AVENUE |68.jpg
2617|47 OSGOOD AVENUE |47 OSGOOD AVENUE |69.jpg
2617|47 OSGOOD AVENUE |47 OSGOOD AVENUE |47osg.jpg
2618|30 OSGOOD AVENUE |30 OSGOOD AVENUE |66.jpg
2618|30 OSGOOD AVENUE |30 OSGOOD AVENUE |67.jpg
2619|20 PINECROFT AVENUE|20 PINECROFT AVENUE|03.jpg
2619|20 PINECROFT AVENUE|20 PINECROFT AVENUE|04.jpg
2620|15 PINECROFT AVENUE|15 PINECROFT AVENUE|91.jpg
2620|15 PINECROFT AVENUE|15 PINECROFT AVENUE|92.jpg
2621|6 PINECROFT AVENUE|6 PINECROFT AVENUE|85.jpg
2621|6 PINECROFT AVENUE|6 PINECROFT AVENUE|86.jpg
2622|560 PROSPECT STREET|560 PROSPECT STREET|89.jpg
2622|560 PROSPECT STREET|560 PROSPECT STREET|90.jpg
2622|560 PROSPECT STREET|560 PROSPECT STREET|91.jpg
2624|554 PROSPECT STREET|554 PROSPECT STREET|38.jpg
2624|554 PROSPECT STREET|554 PROSPECT STREET|39.jpg
2625|249 WOODLAND STREET|249 WOODLAND STREET|66.jpg
2625|249 WOODLAND STREET|249 WOODLAND STREET|67.jpg
2626|265 WOODLAND STREET|265 WOODLAND STREET|56.jpg
2626|265 WOODLAND STREET|265 WOODLAND STREET|57.jpg
2627|269 WOODLAND STREET |269 WOODLAND STREET |269wood.jpg
2628|262 WOODLAND STREET|262 WOODLAND STREET|62.jpg
2628|262 WOODLAND STREET|262 WOODLAND STREET|63.jpg
2629|258 WOODLAND STREET|258 WOODLAND STREET|54.jpg
2629|258 WOODLAND STREET|258 WOODLAND STREET|55.jpg
2629|258 WOODLAND STREET|258 WOODLAND STREET|26.jpg
2630|254 WOODLAND STREET|254 WOODLAND STREET|25.jpg
2630|254 WOODLAND STREET|254 WOODLAND STREET|52.jpg
2630|254 WOODLAND STREET|254 WOODLAND STREET|53.jpg
2631|250 WOODLAND STREET|250 WOODLAND STREET|25.jpg
2631|250 WOODLAND STREET|250 WOODLAND STREET|26.jpg
2632|242 WOODLAND STREET|242 WOODLAND STREET|84.jpg
2632|242 WOODLAND STREET|242 WOODLAND STREET|85.jpg
2632|242 WOODLAND STREET|242 WOODLAND STREET|86.jpg
2633|528 PROSPECT STREET |528 PROSPECT STREET |87.jpg
2633|528 PROSPECT STREET |528 PROSPECT STREET |88.jpg
2633|528 PROSPECT STREET |528 PROSPECT STREET |528 prospect-a.JPG
2634|524 PROSPECT STREET|524 PROSPECT STREET|66.jpg
2634|524 PROSPECT STREET|524 PROSPECT STREET|67.jpg
2634|524 PROSPECT STREET|524 PROSPECT STREET|20.jpg
2635|520 PROSPECT STREET |520 PROSPECT STREET |85.jpg
2635|520 PROSPECT STREET |520 PROSPECT STREET |86.jpg
2636|525 PROSPECT STREET|525 PROSPECT STREET|74.jpg
2636|525 PROSPECT STREET|525 PROSPECT STREET|75.jpg
2636|525 PROSPECT STREET|525 PROSPECT STREET|525psp.jpg
2636|525 PROSPECT STREET|525 PROSPECT STREET|525pspR.jpg
2637|535 PROSPECT STREET |535 PROSPECT STREET |image_67179777.JPG
2637|535 PROSPECT STREET |535 PROSPECT STREET |image_67503361.JPG
2637|535 PROSPECT STREET |535 PROSPECT STREET |image_67228417.JPG
2637|535 PROSPECT STREET |535 PROSPECT STREET |IMG_3402.HEIC
2637|535 PROSPECT STREET |535 PROSPECT STREET |24.jpg
2637|535 PROSPECT STREET |535 PROSPECT STREET |25.jpg
2637|535 PROSPECT STREET |535 PROSPECT STREET |26.jpg
2638|214 WOODLAND STREET|214 WOODLAND STREET|31.jpg
2639|7 SHENANDOAH HILL|7 SHENANDOAH HILL|11.jpg
2639|7 SHENANDOAH HILL|7 SHENANDOAH HILL|12.jpg
2641|8 SHENANDOAH HILL|8 SHENANDOAH HILL|13.jpg
2641|8 SHENANDOAH HILL|8 SHENANDOAH HILL|14.jpg
2642|4 SHENANDOAH HILL |4 SHENANDOAH HILL |07.jpg
2642|4 SHENANDOAH HILL |4 SHENANDOAH HILL |08.jpg
2642|4 SHENANDOAH HILL |4 SHENANDOAH HILL |SHE4AA.JPG
2642|4 SHENANDOAH HILL |4 SHENANDOAH HILL |SHE4A.JPG
2643|1 PHEASANT HILL RUN |1 PHEASANT HILL RUN |1 pheasant hill-a.JPG
2643|1 PHEASANT HILL RUN |1 PHEASANT HILL RUN |98.jpg
2644|3 PHEASANT HILL RUN |3 PHEASANT HILL RUN |71.jpg
2644|3 PHEASANT HILL RUN |3 PHEASANT HILL RUN |03.jpg
2644|3 PHEASANT HILL RUN |3 PHEASANT HILL RUN |04.jpg
2645|36 PHEASANT HILL RUN|36 PHEASANT HILL RUN|17.jpg
2645|36 PHEASANT HILL RUN|36 PHEASANT HILL RUN|18.jpg
2646|34 PHEASANT HILL RUN |34 PHEASANT HILL RUN |15.jpg
2646|34 PHEASANT HILL RUN |34 PHEASANT HILL RUN |16.jpg
2646|34 PHEASANT HILL RUN |34 PHEASANT HILL RUN |34phst.jpg
2647|28 PHEASANT HILL RUN|28 PHEASANT HILL RUN|13.jpg
2647|28 PHEASANT HILL RUN|28 PHEASANT HILL RUN|14.jpg
2648|26 PHEASANT HILL RUN|26 PHEASANT HILL RUN|11.jpg
2648|26 PHEASANT HILL RUN|26 PHEASANT HILL RUN|12.jpg
2649|24 PHEASANT HILL RUN |24 PHEASANT HILL RUN |09.jpg
2649|24 PHEASANT HILL RUN |24 PHEASANT HILL RUN |10.jpg
2650|22 PHEASANT HILL RUN|22 PHEASANT HILL RUN|93.jpg
2650|22 PHEASANT HILL RUN|22 PHEASANT HILL RUN|94.jpg
2650|22 PHEASANT HILL RUN|22 PHEASANT HILL RUN|80.jpg
2650|22 PHEASANT HILL RUN|22 PHEASANT HILL RUN|36.jpg
2650|22 PHEASANT HILL RUN|22 PHEASANT HILL RUN|96.jpg
2651|20 PHEASANT HILL RUN|20 PHEASANT HILL RUN|98.jpg
2651|20 PHEASANT HILL RUN|20 PHEASANT HILL RUN|00.jpg
2651|20 PHEASANT HILL RUN|20 PHEASANT HILL RUN|PHE20B.JPG
2651|20 PHEASANT HILL RUN|20 PHEASANT HILL RUN|PHE20AA.JPG
2652|18 PHEASANT HILL RUN|18 PHEASANT HILL RUN|41.jpg
2652|18 PHEASANT HILL RUN|18 PHEASANT HILL RUN|42.jpg
2652|18 PHEASANT HILL RUN|18 PHEASANT HILL RUN|86.jpg
2654|16 PHEASANT HILL RUN|16 PHEASANT HILL RUN|96.jpg
2654|16 PHEASANT HILL RUN|16 PHEASANT HILL RUN|97.jpg
2655|14 PHEASANT HILL RUN|14 PHEASANT HILL RUN|94.jpg
2655|14 PHEASANT HILL RUN|14 PHEASANT HILL RUN|95.jpg
2656|12 PHEASANT HILL RUN |12 PHEASANT HILL RUN |41.jpg
2656|12 PHEASANT HILL RUN |12 PHEASANT HILL RUN |42.jpg
2657|10 PHEASANT HILL RUN|10 PHEASANT HILL RUN|90.jpg
2657|10 PHEASANT HILL RUN|10 PHEASANT HILL RUN|91.jpg
2658|8 PHEASANT HILL RUN|8 PHEASANT HILL RUN|88.jpg
2658|8 PHEASANT HILL RUN|8 PHEASANT HILL RUN|89.jpg
2659|5 PHEASANT HILL RUN|5 PHEASANT HILL RUN|86.jpg
2659|5 PHEASANT HILL RUN|5 PHEASANT HILL RUN|87.jpg
2660|7 PHEASANT HILL RUN |7 PHEASANT HILL RUN |96.jpg
2660|7 PHEASANT HILL RUN |7 PHEASANT HILL RUN |97.jpg
2661|9 PHEASANT HILL RUN|9 PHEASANT HILL RUN|64.jpg
2661|9 PHEASANT HILL RUN|9 PHEASANT HILL RUN|05.jpg
2661|9 PHEASANT HILL RUN|9 PHEASANT HILL RUN|06.jpg
2662|11 PHEASANT HILL RUN|11 PHEASANT HILL RUN|92.jpg
2662|11 PHEASANT HILL RUN|11 PHEASANT HILL RUN|93.jpg
2663|15 PHEASANT HILL RUN|15 PHEASANT HILL RUN|39.jpg
2663|15 PHEASANT HILL RUN|15 PHEASANT HILL RUN|40.jpg
2663|15 PHEASANT HILL RUN|15 PHEASANT HILL RUN|50.jpg
2664|17 PHEASANT HILL RUN|17 PHEASANT HILL RUN|03.jpg
2664|17 PHEASANT HILL RUN|17 PHEASANT HILL RUN|04.jpg
2665|19 PHEASANT HILL RUN |19 PHEASANT HILL RUN |01.jpg
2665|19 PHEASANT HILL RUN |19 PHEASANT HILL RUN |02.jpg
2666|21 PHEASANT HILL RUN|21 PHEASANT HILL RUN|07.jpg
2666|21 PHEASANT HILL RUN|21 PHEASANT HILL RUN|08.jpg
2667|23 PHEASANT HILL RUN|23 PHEASANT HILL RUN|05.jpg
2667|23 PHEASANT HILL RUN|23 PHEASANT HILL RUN|06.jpg
2668|25 PHEASANT HILL RUN|25 PHEASANT HILL RUN|21.jpg
2668|25 PHEASANT HILL RUN|25 PHEASANT HILL RUN|22.jpg
2669|27 PHEASANT HILL RUN |27 PHEASANT HILL RUN |19.jpg
2669|27 PHEASANT HILL RUN |27 PHEASANT HILL RUN |20.jpg
2669|27 PHEASANT HILL RUN |27 PHEASANT HILL RUN |27 pheasant hill-b.JPG
2669|27 PHEASANT HILL RUN |27 PHEASANT HILL RUN |27 pheasant hill-a.JPG
2670|29 PHEASANT HILL RUN|29 PHEASANT HILL RUN|87.jpg
2670|29 PHEASANT HILL RUN|29 PHEASANT HILL RUN|07.jpg
2670|29 PHEASANT HILL RUN|29 PHEASANT HILL RUN|08.jpg
2671|6 PHEASANT HILL RUN|6 PHEASANT HILL RUN|93.jpg
2671|6 PHEASANT HILL RUN|6 PHEASANT HILL RUN|94.jpg
2671|6 PHEASANT HILL RUN|6 PHEASANT HILL RUN|20.jpg
2672|4 PHEASANT HILL RUN|4 PHEASANT HILL RUN|84.jpg
2672|4 PHEASANT HILL RUN|4 PHEASANT HILL RUN|85.jpg
2674|235 WOODLAND STREET|235 WOODLAND STREET|23.jpg
2674|235 WOODLAND STREET|235 WOODLAND STREET|70.jpg
2674|235 WOODLAND STREET|235 WOODLAND STREET|71.jpg
2675|543 PROSPECT STREET |543 PROSPECT STREET |00.jpg
2675|543 PROSPECT STREET |543 PROSPECT STREET |64.jpg
2676|559 PROSPECT STREET|559 PROSPECT STREET|21.jpg
2676|559 PROSPECT STREET|559 PROSPECT STREET|22.jpg
2676|559 PROSPECT STREET|559 PROSPECT STREET|23.jpg
2676|559 PROSPECT STREET|559 PROSPECT STREET|74.jpg
2677|565 PROSPECT STREET|565 PROSPECT STREET|03.jpg
2677|565 PROSPECT STREET|565 PROSPECT STREET|04.jpg
2677|565 PROSPECT STREET|565 PROSPECT STREET|73.jpg
2678|573 PROSPECT STREET|573 PROSPECT STREET|01.jpg
2678|573 PROSPECT STREET|573 PROSPECT STREET|19.jpg
2678|573 PROSPECT STREET|573 PROSPECT STREET|20.jpg
2679|575A PROSPECT STREET|575A PROSPECT STREET|86.jpg
2679|575A PROSPECT STREET|575A PROSPECT STREET|87.jpg
2680|575B PROSPECT STREET|575B PROSPECT STREET|01.jpg
2680|575B PROSPECT STREET|575B PROSPECT STREET|02.jpg
2680|575B PROSPECT STREET|575B PROSPECT STREET|53.jpg
2681|583 PROSPECT STREET |583 PROSPECT STREET |89.jpg
2681|583 PROSPECT STREET |583 PROSPECT STREET |97.jpg
2681|583 PROSPECT STREET |583 PROSPECT STREET |98.jpg
2681|583 PROSPECT STREET |583 PROSPECT STREET |00.jpg
2681|583 PROSPECT STREET |583 PROSPECT STREET |32.jpg
2682|585 PROSPECT STREET|585 PROSPECT STREET|98.jpg
2682|585 PROSPECT STREET|585 PROSPECT STREET|00.jpg
2683|587 PROSPECT STREET|587 PROSPECT STREET|70.jpg
2683|587 PROSPECT STREET|587 PROSPECT STREET|71.jpg
2683|587 PROSPECT STREET|587 PROSPECT STREET|photo.jpg
2684|591 PROSPECT STREET|591 PROSPECT STREET|03.jpg
2684|591 PROSPECT STREET|591 PROSPECT STREET|04.jpg
2684|591 PROSPECT STREET|591 PROSPECT STREET|29.jpg
2684|591 PROSPECT STREET|591 PROSPECT STREET|42.jpg
2685|593 PROSPECT STREET |593 PROSPECT STREET |43.jpg
2685|593 PROSPECT STREET |593 PROSPECT STREET |84.jpg
2685|593 PROSPECT STREET |593 PROSPECT STREET |05.jpg
2685|593 PROSPECT STREET |593 PROSPECT STREET |593psp.jpg
2685|593 PROSPECT STREET |593 PROSPECT STREET |593pspf.jpg
2686|5 GLENWOOD AVENUE|5 GLENWOOD AVENUE|GLE5.JPG
2686|5 GLENWOOD AVENUE|5 GLENWOOD AVENUE|09.jpg
2686|5 GLENWOOD AVENUE|5 GLENWOOD AVENUE|10.jpg
2686|5 GLENWOOD AVENUE|5 GLENWOOD AVENUE|11.jpg
2686|5 GLENWOOD AVENUE|5 GLENWOOD AVENUE|85.jpg
2687|7 GLENWOOD AVENUE|7 GLENWOOD AVENUE|12.jpg
2687|7 GLENWOOD AVENUE|7 GLENWOOD AVENUE|13.jpg
2687|7 GLENWOOD AVENUE|7 GLENWOOD AVENUE|72.jpg
2688|9 GLENWOOD AVENUE|9 GLENWOOD AVENUE|14.jpg
2688|9 GLENWOOD AVENUE|9 GLENWOOD AVENUE|15.jpg
2689|11 GLENWOOD AVENUE|11 GLENWOOD AVENUE|78.jpg
2689|11 GLENWOOD AVENUE|11 GLENWOOD AVENUE|79.jpg
2690|13 GLENWOOD AVENUE|13 GLENWOOD AVENUE|52.jpg
2690|13 GLENWOOD AVENUE|13 GLENWOOD AVENUE|02.jpg
2690|13 GLENWOOD AVENUE|13 GLENWOOD AVENUE|03.jpg
2690|13 GLENWOOD AVENUE|13 GLENWOOD AVENUE|GLE13.JPG
2692|8 GLENWOOD AVENUE|8 GLENWOOD AVENUE|06.jpg
2692|8 GLENWOOD AVENUE|8 GLENWOOD AVENUE|07.jpg
2692|8 GLENWOOD AVENUE|8 GLENWOOD AVENUE|46.jpg
2693|8A GLENWOOD AVENUE|8A GLENWOOD AVENUE|04.jpg
2693|8A GLENWOOD AVENUE|8A GLENWOOD AVENUE|05.jpg
2693|8A GLENWOOD AVENUE|8A GLENWOOD AVENUE|57.jpg
2693|8A GLENWOOD AVENUE|8A GLENWOOD AVENUE|58.jpg
2694|2 VALLEY STREET|2 VALLEY STREET|76.jpg
2694|2 VALLEY STREET|2 VALLEY STREET|77.jpg
2695|3 VALLEY STREET|3 VALLEY STREET|12.jpg
2695|3 VALLEY STREET|3 VALLEY STREET|13.jpg
2695|3 VALLEY STREET|3 VALLEY STREET|57.jpg
2696|5 VALLEY STREET|5 VALLEY STREET|10.jpg
2696|5 VALLEY STREET|5 VALLEY STREET|11.jpg
2697|1 VALLEY STREET|1 VALLEY STREET|08.jpg
2697|1 VALLEY STREET|1 VALLEY STREET|09.jpg
2698|1 OSGOOD AVENUE |1 OSGOOD AVENUE |03.jpg
2698|1 OSGOOD AVENUE |1 OSGOOD AVENUE |55.jpg
2699|2 OSGOOD AVENUE|2 OSGOOD AVENUE|61.jpg
2699|2 OSGOOD AVENUE|2 OSGOOD AVENUE|90.jpg
2699|2 OSGOOD AVENUE|2 OSGOOD AVENUE|91.jpg
2700|4 GLENWOOD AVENUE |4 GLENWOOD AVENUE |05.jpg
2700|4 GLENWOOD AVENUE |4 GLENWOOD AVENUE |06.jpg
2700|4 GLENWOOD AVENUE |4 GLENWOOD AVENUE |07.jpg
2700|4 GLENWOOD AVENUE |4 GLENWOOD AVENUE |36.jpg
2705|211 SHREWSBURY STREET |211 SHREWSBURY STREET |74.jpg
2706|215 SHREWSBURY STREET |215 SHREWSBURY STREET |17.jpg
2706|215 SHREWSBURY STREET |215 SHREWSBURY STREET |18.jpg
2706|215 SHREWSBURY STREET |215 SHREWSBURY STREET |19.jpg
2706|215 SHREWSBURY STREET |215 SHREWSBURY STREET |IMG_0207.JPG
2712|315 SHREWSBURY STREET|315 SHREWSBURY STREET|92.jpg
2712|315 SHREWSBURY STREET|315 SHREWSBURY STREET|93.jpg
2713|317 SHREWSBURY STREET|317 SHREWSBURY STREET|30.jpg
2713|317 SHREWSBURY STREET|317 SHREWSBURY STREET|31.jpg
2713|317 SHREWSBURY STREET|317 SHREWSBURY STREET|82.jpg
2714|319 SHREWSBURY STREET|319 SHREWSBURY STREET|54.jpg
2714|319 SHREWSBURY STREET|319 SHREWSBURY STREET|55.jpg
2715|321 SHREWSBURY STREET |321 SHREWSBURY STREET |06.jpg
2715|321 SHREWSBURY STREET |321 SHREWSBURY STREET |81.jpg
2715|321 SHREWSBURY STREET |321 SHREWSBURY STREET |82.jpg
2716|323 SHREWSBURY STREET|323 SHREWSBURY STREET|05.jpg
2716|323 SHREWSBURY STREET|323 SHREWSBURY STREET|28.jpg
2716|323 SHREWSBURY STREET|323 SHREWSBURY STREET|29.jpg
2716|323 SHREWSBURY STREET|323 SHREWSBURY STREET|SHR323.jpg
2717|325 SHREWSBURY STREET|325 SHREWSBURY STREET|75.jpg
2717|325 SHREWSBURY STREET|325 SHREWSBURY STREET|76.jpg
2718|327 SHREWSBURY STREET|327 SHREWSBURY STREET|26.jpg
2718|327 SHREWSBURY STREET|327 SHREWSBURY STREET|27.jpg
2718|327 SHREWSBURY STREET|327 SHREWSBURY STREET|83.jpg
2719|329 SHREWSBURY STREET|329 SHREWSBURY STREET|92.jpg
2719|329 SHREWSBURY STREET|329 SHREWSBURY STREET|24.jpg
2719|329 SHREWSBURY STREET|329 SHREWSBURY STREET|25.jpg
2720|70 BRIARWOOD CIRCLE |70 BRIARWOOD CIRCLE |29.jpg
2720|70 BRIARWOOD CIRCLE |70 BRIARWOOD CIRCLE |30.jpg
2721|70 BRIARWOOD CIRCLE |70 BRIARWOOD CIRCLE |72.jpg
2724|317 EAST MOUNTAIN STREET|317 EAST MOUNTAIN STREET|03.jpg
2728|179-181 WEST BOYLSTON STREET |179-181 WEST BOYLSTON STREET |33.jpg
2728|179-181 WEST BOYLSTON STREET |179-181 WEST BOYLSTON STREET |76.jpg
2728|179-181 WEST BOYLSTON STREET |179-181 WEST BOYLSTON STREET |77.jpg
2728|179-181 WEST BOYLSTON STREET |179-181 WEST BOYLSTON STREET |78.jpg
2729|264 LANCASTER STREET |264 LANCASTER STREET |36.jpg
2729|264 LANCASTER STREET |264 LANCASTER STREET |37.jpg
2729|264 LANCASTER STREET |264 LANCASTER STREET |73.jpg
2729|264 LANCASTER STREET |264 LANCASTER STREET |74.jpg
2732|FAIRBANKS STREET |FAIRBANKS STREET |18.jpg
100001|17 PHELPS PLACE |17 PHELPS PLACE |PHE0017A.JPG
100001|17 PHELPS PLACE |17 PHELPS PLACE |PHE0017B.JPG
100001|17 PHELPS PLACE |17 PHELPS PLACE |41.jpg
100007|533 PROSPECT STREET |533 PROSPECT STREET |84.jpg
100007|533 PROSPECT STREET |533 PROSPECT STREET |72.jpg
100007|533 PROSPECT STREET |533 PROSPECT STREET |73.jpg
100007|533 PROSPECT STREET |533 PROSPECT STREET |533psp.JPG
100008|110 PROSPECT STREET|110 PROSPECT STREET|PRO0110A.JPG
100008|110 PROSPECT STREET|110 PROSPECT STREET|PRO0110B.JPG
100008|110 PROSPECT STREET|110 PROSPECT STREET|79.jpg
100011|12 HOLT STREET #12|12 HOLT STREET #12|64.jpg
100011|12 HOLT STREET #12|12 HOLT STREET #12|65.jpg
100012|8 HOLT STREET #8|8 HOLT STREET #8|60.jpg
100012|8 HOLT STREET #8|8 HOLT STREET #8|61.jpg
100014|6 HOLT STREET #6|6 HOLT STREET #6|58.jpg
100014|6 HOLT STREET #6|6 HOLT STREET #6|59.jpg
100015|10 HOLT STREET #10|10 HOLT STREET #10|62.jpg
100015|10 HOLT STREET #10|10 HOLT STREET #10|63.jpg
100016|84 PROSPECT STREET|84 PROSPECT STREET|PRO0084A.JPG
100016|84 PROSPECT STREET|84 PROSPECT STREET|PRO0084B.JPG
100018|335 LANCASTER STREET |335 LANCASTER STREET |60.jpg
100018|335 LANCASTER STREET |335 LANCASTER STREET |61.jpg
100021|10 MALDEN STREET |10 MALDEN STREET |IMG_0153.JPG
100021|10 MALDEN STREET |10 MALDEN STREET |IMG_0154.JPG
100021|10 MALDEN STREET |10 MALDEN STREET |IMG_0197.JPG
100022|168 TEMPLE STREET|168 TEMPLE STREET|73.jpg
100022|168 TEMPLE STREET|168 TEMPLE STREET|74.jpg
100022|168 TEMPLE STREET|168 TEMPLE STREET|TEM168C.JPG
100022|168 TEMPLE STREET|168 TEMPLE STREET|TEM168A.JPG
100046|16 WOODLAND HEIGHTS |16 WOODLAND HEIGHTS |21.jpg
100046|16 WOODLAND HEIGHTS |16 WOODLAND HEIGHTS |22.jpg
100047|24 SHREWSBURY STREET|24 SHREWSBURY STREET|60.jpg
100047|24 SHREWSBURY STREET|24 SHREWSBURY STREET|61.jpg
100049|277 MAPLE STREET |277 MAPLE STREET |31.jpg
100049|277 MAPLE STREET |277 MAPLE STREET |32.jpg
100067|70 HARTWELL STREET |70 HARTWELL STREET |57.jpg
100107|80 HOSMER STREET|80 HOSMER STREET|48.jpg
100107|80 HOSMER STREET|80 HOSMER STREET|49.jpg
100121|27 CUMBERLAND DRIVE|27 CUMBERLAND DRIVE|92.jpg
100121|27 CUMBERLAND DRIVE|27 CUMBERLAND DRIVE|93.jpg
100121|27 CUMBERLAND DRIVE|27 CUMBERLAND DRIVE|35.jpg
100121|27 CUMBERLAND DRIVE|27 CUMBERLAND DRIVE|36.jpg
100151|216 FAIRBANKS STREET |216 FAIRBANKS STREET |02.jpg
100151|216 FAIRBANKS STREET |216 FAIRBANKS STREET |45.jpg
100151|216 FAIRBANKS STREET |216 FAIRBANKS STREET |46.jpg
100167|221 MAPLE STREET |221 MAPLE STREET |26.jpg
100167|221 MAPLE STREET |221 MAPLE STREET |93.jpg
100167|221 MAPLE STREET |221 MAPLE STREET |10.jpg
100167|221 MAPLE STREET |221 MAPLE STREET |11.jpg
100168|26 SHREWSBURY STREET|26 SHREWSBURY STREET|87.jpg
100168|26 SHREWSBURY STREET|26 SHREWSBURY STREET|88.jpg
100168|26 SHREWSBURY STREET|26 SHREWSBURY STREET|89.jpg
100169|217 MAPLE STREET |217 MAPLE STREET |18.jpg
100169|217 MAPLE STREET |217 MAPLE STREET |217mpl.jpg
100267|48 STILLWATER HEIGHTS|48 STILLWATER HEIGHTS|STI48.JPG
100267|48 STILLWATER HEIGHTS|48 STILLWATER HEIGHTS|60.jpg
100267|48 STILLWATER HEIGHTS|48 STILLWATER HEIGHTS|61.jpg
100268|46 STILLWATER HEIGHTS|46 STILLWATER HEIGHTS|56.jpg
100268|46 STILLWATER HEIGHTS|46 STILLWATER HEIGHTS|57.jpg
100269|40 STILLWATER HEIGHTS|40 STILLWATER HEIGHTS|54.jpg
100269|40 STILLWATER HEIGHTS|40 STILLWATER HEIGHTS|55.jpg
100270|38 STILLWATER HEIGHTS|38 STILLWATER HEIGHTS|53.jpg
100270|38 STILLWATER HEIGHTS|38 STILLWATER HEIGHTS|49.jpg
100271|37 STILLWATER HEIGHTS |37 STILLWATER HEIGHTS |52.jpg
100271|37 STILLWATER HEIGHTS |37 STILLWATER HEIGHTS |53.jpg
100271|37 STILLWATER HEIGHTS |37 STILLWATER HEIGHTS |37stl.jpg
100272|43 STILLWATER HEIGHTS |43 STILLWATER HEIGHTS |58.jpg
100272|43 STILLWATER HEIGHTS |43 STILLWATER HEIGHTS |59.jpg
100287|231 MAPLE STREET|231 MAPLE STREET|82.jpg
100288|235 MAPLE STREET|235 MAPLE STREET|56.jpg
100288|235 MAPLE STREET|235 MAPLE STREET|08.jpg
100288|235 MAPLE STREET|235 MAPLE STREET|09.jpg
100289|245 MAPLE STREET|245 MAPLE STREET|38.jpg
100289|245 MAPLE STREET|245 MAPLE STREET|39.jpg
100289|245 MAPLE STREET|245 MAPLE STREET|32.jpg
100290|30 SHREWSBURY STREET|30 SHREWSBURY STREET|90.jpg
100290|30 SHREWSBURY STREET|30 SHREWSBURY STREET|91.jpg
100291|28 SHREWSBURY STREET|28 SHREWSBURY STREET|18.jpg
100291|28 SHREWSBURY STREET|28 SHREWSBURY STREET|37.jpg
100327|133 NORTH MAIN STREET|133 NORTH MAIN STREET|37.jpg
100327|133 NORTH MAIN STREET|133 NORTH MAIN STREET|38.jpg
100328|296 LAUREL STREET|296 LAUREL STREET|24.jpg
100328|296 LAUREL STREET|296 LAUREL STREET|40.jpg
100328|296 LAUREL STREET|296 LAUREL STREET|41.jpg
100329|145 PRESCOTT STREET|145 PRESCOTT STREET|71.jpg
100329|145 PRESCOTT STREET|145 PRESCOTT STREET|72.jpg
100329|145 PRESCOTT STREET|145 PRESCOTT STREET|73.jpg
100329|145 PRESCOTT STREET|145 PRESCOTT STREET|74.jpg
100330|149 PRESCOTT STREET|149 PRESCOTT STREET|67.jpg
100330|149 PRESCOTT STREET|149 PRESCOTT STREET|68.jpg
100330|149 PRESCOTT STREET|149 PRESCOTT STREET|33.jpg
100331|153 PRESCOTT STREET |153 PRESCOTT STREET |36.jpg
100331|153 PRESCOTT STREET |153 PRESCOTT STREET |37.jpg
100331|153 PRESCOTT STREET |153 PRESCOTT STREET |38.jpg
100331|153 PRESCOTT STREET |153 PRESCOTT STREET |75.jpg
100331|153 PRESCOTT STREET |153 PRESCOTT STREET |76.jpg
100332|255 WOODLAND STREET |255 WOODLAND STREET |255wdl.jpg
100332|255 WOODLAND STREET |255 WOODLAND STREET |27.jpg
100332|255 WOODLAND STREET |255 WOODLAND STREET |28.jpg
100334|253 WOODLAND STREET|253 WOODLAND STREET|68.jpg
100334|253 WOODLAND STREET|253 WOODLAND STREET|69.jpg
100347|142 FAIRBANKS STREET |142 FAIRBANKS STREET |30.jpg
100347|142 FAIRBANKS STREET |142 FAIRBANKS STREET |31.jpg
100348|1500 CENTURY DRIVE|1500 CENTURY DRIVE|91.jpg
100367|300 CENTURY DRIVE |300 CENTURY DRIVE |94.jpg
100407|2 HILLSIDE VILLAGE DRIVE |2 HILLSIDE VILLAGE DRIVE |19.jpg
100407|2 HILLSIDE VILLAGE DRIVE |2 HILLSIDE VILLAGE DRIVE |10.jpg
100407|2 HILLSIDE VILLAGE DRIVE |2 HILLSIDE VILLAGE DRIVE |11.jpg
100407|2 HILLSIDE VILLAGE DRIVE |2 HILLSIDE VILLAGE DRIVE |HVD2.JPG
100408|4 HILLSIDE VILLAGE DRIVE|4 HILLSIDE VILLAGE DRIVE|HVD4.JPG
100408|4 HILLSIDE VILLAGE DRIVE|4 HILLSIDE VILLAGE DRIVE|12.jpg
100408|4 HILLSIDE VILLAGE DRIVE|4 HILLSIDE VILLAGE DRIVE|13.jpg
100408|4 HILLSIDE VILLAGE DRIVE|4 HILLSIDE VILLAGE DRIVE|20.jpg
100409|6 HILLSIDE VILLAGE DRIVE|6 HILLSIDE VILLAGE DRIVE|21.jpg
100409|6 HILLSIDE VILLAGE DRIVE|6 HILLSIDE VILLAGE DRIVE|14.jpg
100409|6 HILLSIDE VILLAGE DRIVE|6 HILLSIDE VILLAGE DRIVE|15.jpg
100409|6 HILLSIDE VILLAGE DRIVE|6 HILLSIDE VILLAGE DRIVE|HVD6.JPG
100410|8 HILLSIDE VILLAGE DRIVE |8 HILLSIDE VILLAGE DRIVE |HVD8.JPG
100410|8 HILLSIDE VILLAGE DRIVE |8 HILLSIDE VILLAGE DRIVE |16.jpg
100410|8 HILLSIDE VILLAGE DRIVE |8 HILLSIDE VILLAGE DRIVE |17.jpg
100410|8 HILLSIDE VILLAGE DRIVE |8 HILLSIDE VILLAGE DRIVE |23.jpg
100411|13 HILLSIDE VILLAGE DRIVE |13 HILLSIDE VILLAGE DRIVE |24.jpg
100411|13 HILLSIDE VILLAGE DRIVE |13 HILLSIDE VILLAGE DRIVE |44.jpg
100411|13 HILLSIDE VILLAGE DRIVE |13 HILLSIDE VILLAGE DRIVE |45.jpg
100411|13 HILLSIDE VILLAGE DRIVE |13 HILLSIDE VILLAGE DRIVE |HVD13.jpg
100412|15 HILLSIDE VILLAGE DRIVE|15 HILLSIDE VILLAGE DRIVE|46.jpg
100412|15 HILLSIDE VILLAGE DRIVE|15 HILLSIDE VILLAGE DRIVE|47.jpg
100412|15 HILLSIDE VILLAGE DRIVE|15 HILLSIDE VILLAGE DRIVE|26.jpg
100413|17 HILLSIDE VILLAGE DRIVE |17 HILLSIDE VILLAGE DRIVE |28.jpg
100413|17 HILLSIDE VILLAGE DRIVE |17 HILLSIDE VILLAGE DRIVE |48.jpg
100413|17 HILLSIDE VILLAGE DRIVE |17 HILLSIDE VILLAGE DRIVE |49.jpg
100413|17 HILLSIDE VILLAGE DRIVE |17 HILLSIDE VILLAGE DRIVE |HVD17.JPG
100413|17 HILLSIDE VILLAGE DRIVE |17 HILLSIDE VILLAGE DRIVE |17hill.jpg
100414|14 HILLSIDE VILLAGE DRIVE|14 HILLSIDE VILLAGE DRIVE|HVD14.JPG
100414|14 HILLSIDE VILLAGE DRIVE|14 HILLSIDE VILLAGE DRIVE|18.jpg
100414|14 HILLSIDE VILLAGE DRIVE|14 HILLSIDE VILLAGE DRIVE|19.jpg
100415|16 HILLSIDE VILLAGE DRIVE|16 HILLSIDE VILLAGE DRIVE|20.jpg
100415|16 HILLSIDE VILLAGE DRIVE|16 HILLSIDE VILLAGE DRIVE|21.jpg
100415|16 HILLSIDE VILLAGE DRIVE|16 HILLSIDE VILLAGE DRIVE|27.jpg
100415|16 HILLSIDE VILLAGE DRIVE|16 HILLSIDE VILLAGE DRIVE|HVD16.JPG
100416|24 HILLSIDE VILLAGE DRIVE|24 HILLSIDE VILLAGE DRIVE|HVD24.JPG
100416|24 HILLSIDE VILLAGE DRIVE|24 HILLSIDE VILLAGE DRIVE|08.jpg
100417|26 HILLSIDE VILLAGE DRIVE|26 HILLSIDE VILLAGE DRIVE|22.jpg
100417|26 HILLSIDE VILLAGE DRIVE|26 HILLSIDE VILLAGE DRIVE|23.jpg
100417|26 HILLSIDE VILLAGE DRIVE|26 HILLSIDE VILLAGE DRIVE|30.jpg
100417|26 HILLSIDE VILLAGE DRIVE|26 HILLSIDE VILLAGE DRIVE|HVD26.JPG
100418|28 HILLSIDE VILLAGE DRIVE |28 HILLSIDE VILLAGE DRIVE |HVD28.JPG
100418|28 HILLSIDE VILLAGE DRIVE |28 HILLSIDE VILLAGE DRIVE |31.jpg
100418|28 HILLSIDE VILLAGE DRIVE |28 HILLSIDE VILLAGE DRIVE |24.jpg
100418|28 HILLSIDE VILLAGE DRIVE |28 HILLSIDE VILLAGE DRIVE |25.jpg
100419|30 HILLSIDE VILLAGE DRIVE|30 HILLSIDE VILLAGE DRIVE|77.jpg
100419|30 HILLSIDE VILLAGE DRIVE|30 HILLSIDE VILLAGE DRIVE|78.jpg
100419|30 HILLSIDE VILLAGE DRIVE|30 HILLSIDE VILLAGE DRIVE|HVD30.JPG
100420|29 HILLSIDE VILLAGE DRIVE|29 HILLSIDE VILLAGE DRIVE|HVD29.jpg
100420|29 HILLSIDE VILLAGE DRIVE|29 HILLSIDE VILLAGE DRIVE|50.jpg
100420|29 HILLSIDE VILLAGE DRIVE|29 HILLSIDE VILLAGE DRIVE|51.jpg
100420|29 HILLSIDE VILLAGE DRIVE|29 HILLSIDE VILLAGE DRIVE|12.jpg
100421|31 HILLSIDE VILLAGE DRIVE|31 HILLSIDE VILLAGE DRIVE|14.jpg
100421|31 HILLSIDE VILLAGE DRIVE|31 HILLSIDE VILLAGE DRIVE|52.jpg
100421|31 HILLSIDE VILLAGE DRIVE|31 HILLSIDE VILLAGE DRIVE|53.jpg
100421|31 HILLSIDE VILLAGE DRIVE|31 HILLSIDE VILLAGE DRIVE|HVD31.jpg
100422|33 HILLSIDE VILLAGE DRIVE|33 HILLSIDE VILLAGE DRIVE|HVD33.jpg
100422|33 HILLSIDE VILLAGE DRIVE|33 HILLSIDE VILLAGE DRIVE|HVD33.JPG
100422|33 HILLSIDE VILLAGE DRIVE|33 HILLSIDE VILLAGE DRIVE|54.jpg
100422|33 HILLSIDE VILLAGE DRIVE|33 HILLSIDE VILLAGE DRIVE|55.jpg
100423|35 HILLSIDE VILLAGE DRIVE|35 HILLSIDE VILLAGE DRIVE|56.jpg
100423|35 HILLSIDE VILLAGE DRIVE|35 HILLSIDE VILLAGE DRIVE|57.jpg
100423|35 HILLSIDE VILLAGE DRIVE|35 HILLSIDE VILLAGE DRIVE|16.jpg
100423|35 HILLSIDE VILLAGE DRIVE|35 HILLSIDE VILLAGE DRIVE|HVD35.JPG
100424|34 HILLSIDE VILLAGE DRIVE|34 HILLSIDE VILLAGE DRIVE|HVD34A.JPG
100424|34 HILLSIDE VILLAGE DRIVE|34 HILLSIDE VILLAGE DRIVE|15.jpg
100424|34 HILLSIDE VILLAGE DRIVE|34 HILLSIDE VILLAGE DRIVE|26.jpg
100424|34 HILLSIDE VILLAGE DRIVE|34 HILLSIDE VILLAGE DRIVE|27.jpg
100425|36 HILLSIDE VILLAGE DRIVE|36 HILLSIDE VILLAGE DRIVE|28.jpg
100425|36 HILLSIDE VILLAGE DRIVE|36 HILLSIDE VILLAGE DRIVE|29.jpg
100425|36 HILLSIDE VILLAGE DRIVE|36 HILLSIDE VILLAGE DRIVE|17.jpg
100425|36 HILLSIDE VILLAGE DRIVE|36 HILLSIDE VILLAGE DRIVE|HVD36.JPG
100426|38 HILLSIDE VILLAGE DRIVE|38 HILLSIDE VILLAGE DRIVE|HVD38.JPG
100426|38 HILLSIDE VILLAGE DRIVE|38 HILLSIDE VILLAGE DRIVE|18.jpg
100426|38 HILLSIDE VILLAGE DRIVE|38 HILLSIDE VILLAGE DRIVE|30.jpg
100426|38 HILLSIDE VILLAGE DRIVE|38 HILLSIDE VILLAGE DRIVE|31.jpg
100427|40 HILLSIDE VILLAGE DRIVE|40 HILLSIDE VILLAGE DRIVE|32.jpg
100427|40 HILLSIDE VILLAGE DRIVE|40 HILLSIDE VILLAGE DRIVE|33.jpg
100427|40 HILLSIDE VILLAGE DRIVE|40 HILLSIDE VILLAGE DRIVE|19.jpg
100427|40 HILLSIDE VILLAGE DRIVE|40 HILLSIDE VILLAGE DRIVE|HVD40.JPG
100428|41 HILLSIDE VILLAGE DRIVE|41 HILLSIDE VILLAGE DRIVE|13.jpg
100428|41 HILLSIDE VILLAGE DRIVE|41 HILLSIDE VILLAGE DRIVE|58.jpg
100428|41 HILLSIDE VILLAGE DRIVE|41 HILLSIDE VILLAGE DRIVE|59.jpg
100429|43 HILLSIDE VILLAGE DRIVE|43 HILLSIDE VILLAGE DRIVE|60.jpg
100429|43 HILLSIDE VILLAGE DRIVE|43 HILLSIDE VILLAGE DRIVE|61.jpg
100429|43 HILLSIDE VILLAGE DRIVE|43 HILLSIDE VILLAGE DRIVE|14.jpg
100429|43 HILLSIDE VILLAGE DRIVE|43 HILLSIDE VILLAGE DRIVE|HVD43.JPG
100430|45 HILLSIDE VILLAGE DRIVE|45 HILLSIDE VILLAGE DRIVE|HVD45.JPG
100430|45 HILLSIDE VILLAGE DRIVE|45 HILLSIDE VILLAGE DRIVE|15.jpg
100430|45 HILLSIDE VILLAGE DRIVE|45 HILLSIDE VILLAGE DRIVE|62.jpg
100430|45 HILLSIDE VILLAGE DRIVE|45 HILLSIDE VILLAGE DRIVE|63.jpg
100431|47 HILLSIDE VILLAGE DRIVE|47 HILLSIDE VILLAGE DRIVE|64.jpg
100431|47 HILLSIDE VILLAGE DRIVE|47 HILLSIDE VILLAGE DRIVE|65.jpg
100431|47 HILLSIDE VILLAGE DRIVE|47 HILLSIDE VILLAGE DRIVE|HVD47.jpg
100432|49 HILLSIDE VILLAGE DRIVE |49 HILLSIDE VILLAGE DRIVE |HVD49.jpg
100432|49 HILLSIDE VILLAGE DRIVE |49 HILLSIDE VILLAGE DRIVE |66.jpg
100432|49 HILLSIDE VILLAGE DRIVE |49 HILLSIDE VILLAGE DRIVE |67.jpg
100433|51 HILLSIDE VILLAGE DRIVE|51 HILLSIDE VILLAGE DRIVE|68.jpg
100433|51 HILLSIDE VILLAGE DRIVE|51 HILLSIDE VILLAGE DRIVE|69.jpg
100434|53 HILLSIDE VILLAGE DRIVE|53 HILLSIDE VILLAGE DRIVE|70.jpg
100434|53 HILLSIDE VILLAGE DRIVE|53 HILLSIDE VILLAGE DRIVE|71.jpg
100434|53 HILLSIDE VILLAGE DRIVE|53 HILLSIDE VILLAGE DRIVE|19.jpg
100434|53 HILLSIDE VILLAGE DRIVE|53 HILLSIDE VILLAGE DRIVE|HVD53.jpg
100435|42 HILLSIDE VILLAGE DRIVE|42 HILLSIDE VILLAGE DRIVE|HVD42.JPG
100435|42 HILLSIDE VILLAGE DRIVE|42 HILLSIDE VILLAGE DRIVE|04.jpg
100435|42 HILLSIDE VILLAGE DRIVE|42 HILLSIDE VILLAGE DRIVE|34.jpg
100435|42 HILLSIDE VILLAGE DRIVE|42 HILLSIDE VILLAGE DRIVE|35.jpg
100436|44 HILLSIDE VILLAGE DRIVE |44 HILLSIDE VILLAGE DRIVE |36.jpg
100436|44 HILLSIDE VILLAGE DRIVE |44 HILLSIDE VILLAGE DRIVE |37.jpg
100436|44 HILLSIDE VILLAGE DRIVE |44 HILLSIDE VILLAGE DRIVE |06.jpg
100436|44 HILLSIDE VILLAGE DRIVE |44 HILLSIDE VILLAGE DRIVE |HVD44.JPG
100437|46 HILLSIDE VILLAGE DRIVE |46 HILLSIDE VILLAGE DRIVE |HVD46.JPG
100437|46 HILLSIDE VILLAGE DRIVE |46 HILLSIDE VILLAGE DRIVE |07.jpg
100437|46 HILLSIDE VILLAGE DRIVE |46 HILLSIDE VILLAGE DRIVE |38.jpg
100437|46 HILLSIDE VILLAGE DRIVE |46 HILLSIDE VILLAGE DRIVE |39.jpg
100438|48 HILLSIDE VILLAGE DRIVE|48 HILLSIDE VILLAGE DRIVE|40.jpg
100438|48 HILLSIDE VILLAGE DRIVE|48 HILLSIDE VILLAGE DRIVE|41.jpg
100438|48 HILLSIDE VILLAGE DRIVE|48 HILLSIDE VILLAGE DRIVE|08.jpg
100439|50 HILLSIDE VILLAGE DRIVE|50 HILLSIDE VILLAGE DRIVE|09.jpg
100439|50 HILLSIDE VILLAGE DRIVE|50 HILLSIDE VILLAGE DRIVE|42.jpg
100439|50 HILLSIDE VILLAGE DRIVE|50 HILLSIDE VILLAGE DRIVE|43.jpg
100439|50 HILLSIDE VILLAGE DRIVE|50 HILLSIDE VILLAGE DRIVE|HVD50.JPG
100440|61 HILLSIDE VILLAGE DRIVE |61 HILLSIDE VILLAGE DRIVE |HVD61.JPG
100440|61 HILLSIDE VILLAGE DRIVE |61 HILLSIDE VILLAGE DRIVE |72.jpg
100440|61 HILLSIDE VILLAGE DRIVE |61 HILLSIDE VILLAGE DRIVE |73.jpg
100440|61 HILLSIDE VILLAGE DRIVE |61 HILLSIDE VILLAGE DRIVE |20.jpg
100441|63 HILLSIDE VILLAGE DRIVE|63 HILLSIDE VILLAGE DRIVE|00.jpg
100441|63 HILLSIDE VILLAGE DRIVE|63 HILLSIDE VILLAGE DRIVE|95.jpg
100441|63 HILLSIDE VILLAGE DRIVE|63 HILLSIDE VILLAGE DRIVE|96.jpg
100441|63 HILLSIDE VILLAGE DRIVE|63 HILLSIDE VILLAGE DRIVE|HVD63.JPG
100442|65 HILLSIDE VILLAGE DRIVE |65 HILLSIDE VILLAGE DRIVE |HVD65.jpg
100442|65 HILLSIDE VILLAGE DRIVE |65 HILLSIDE VILLAGE DRIVE |97.jpg
100442|65 HILLSIDE VILLAGE DRIVE |65 HILLSIDE VILLAGE DRIVE |98.jpg
100442|65 HILLSIDE VILLAGE DRIVE |65 HILLSIDE VILLAGE DRIVE |21.jpg
100443|67 HILLSIDE VILLAGE DRIVE|67 HILLSIDE VILLAGE DRIVE|00.jpg
100443|67 HILLSIDE VILLAGE DRIVE|67 HILLSIDE VILLAGE DRIVE|01.jpg
100443|67 HILLSIDE VILLAGE DRIVE|67 HILLSIDE VILLAGE DRIVE|HVD67.JPG
100447|69 HILLSIDE VILLAGE DRIVE |69 HILLSIDE VILLAGE DRIVE |HVD69.JPG
100447|69 HILLSIDE VILLAGE DRIVE |69 HILLSIDE VILLAGE DRIVE |23.jpg
100448|71 HILLSIDE VILLAGE DRIVE |71 HILLSIDE VILLAGE DRIVE |24.jpg
100448|71 HILLSIDE VILLAGE DRIVE |71 HILLSIDE VILLAGE DRIVE |02.jpg
100448|71 HILLSIDE VILLAGE DRIVE |71 HILLSIDE VILLAGE DRIVE |03.jpg
100448|71 HILLSIDE VILLAGE DRIVE |71 HILLSIDE VILLAGE DRIVE |HVD71.JPG
100449|73 HILLSIDE VILLAGE DRIVE |73 HILLSIDE VILLAGE DRIVE |HVD73.JPG
100449|73 HILLSIDE VILLAGE DRIVE |73 HILLSIDE VILLAGE DRIVE |HVD73B.JPG
100449|73 HILLSIDE VILLAGE DRIVE |73 HILLSIDE VILLAGE DRIVE |HVD73A.JPG
100449|73 HILLSIDE VILLAGE DRIVE |73 HILLSIDE VILLAGE DRIVE |04.jpg
100449|73 HILLSIDE VILLAGE DRIVE |73 HILLSIDE VILLAGE DRIVE |05.jpg
100450|62 HILLSIDE VILLAGE DRIVE|62 HILLSIDE VILLAGE DRIVE|74.jpg
100450|62 HILLSIDE VILLAGE DRIVE|62 HILLSIDE VILLAGE DRIVE|75.jpg
100450|62 HILLSIDE VILLAGE DRIVE|62 HILLSIDE VILLAGE DRIVE|34.jpg
100450|62 HILLSIDE VILLAGE DRIVE|62 HILLSIDE VILLAGE DRIVE|HVD62A.JPG
100451|64 HILLSIDE VILLAGE DRIVE |64 HILLSIDE VILLAGE DRIVE |HVD64.JPG
100451|64 HILLSIDE VILLAGE DRIVE |64 HILLSIDE VILLAGE DRIVE |08.jpg
100451|64 HILLSIDE VILLAGE DRIVE |64 HILLSIDE VILLAGE DRIVE |09.jpg
100451|64 HILLSIDE VILLAGE DRIVE |64 HILLSIDE VILLAGE DRIVE |31.jpg
100452|66 HILLSIDE VILLAGE DRIVE |66 HILLSIDE VILLAGE DRIVE |30.jpg
100452|66 HILLSIDE VILLAGE DRIVE |66 HILLSIDE VILLAGE DRIVE |06.jpg
100452|66 HILLSIDE VILLAGE DRIVE |66 HILLSIDE VILLAGE DRIVE |07.jpg
100452|66 HILLSIDE VILLAGE DRIVE |66 HILLSIDE VILLAGE DRIVE |HVD66.JPG
100453|70 HILLSIDE VILLAGE DRIVE |70 HILLSIDE VILLAGE DRIVE |HVD70.JPG
100453|70 HILLSIDE VILLAGE DRIVE |70 HILLSIDE VILLAGE DRIVE |76.jpg
100453|70 HILLSIDE VILLAGE DRIVE |70 HILLSIDE VILLAGE DRIVE |77.jpg
100453|70 HILLSIDE VILLAGE DRIVE |70 HILLSIDE VILLAGE DRIVE |10.jpg
100454|72 HILLSIDE VILLAGE DRIVE|72 HILLSIDE VILLAGE DRIVE|03.jpg
100454|72 HILLSIDE VILLAGE DRIVE|72 HILLSIDE VILLAGE DRIVE|78.jpg
100454|72 HILLSIDE VILLAGE DRIVE|72 HILLSIDE VILLAGE DRIVE|79.jpg
100454|72 HILLSIDE VILLAGE DRIVE|72 HILLSIDE VILLAGE DRIVE|HVD72.JPG
100455|74 HILLSIDE VILLAGE DRIVE|74 HILLSIDE VILLAGE DRIVE|HVD74.JPG
100455|74 HILLSIDE VILLAGE DRIVE|74 HILLSIDE VILLAGE DRIVE|11.jpg
100456|78 HILLSIDE VILLAGE DRIVE |78 HILLSIDE VILLAGE DRIVE |56.jpg
100456|78 HILLSIDE VILLAGE DRIVE |78 HILLSIDE VILLAGE DRIVE |84.jpg
100456|78 HILLSIDE VILLAGE DRIVE |78 HILLSIDE VILLAGE DRIVE |85.jpg
100456|78 HILLSIDE VILLAGE DRIVE |78 HILLSIDE VILLAGE DRIVE |HVD78.JPG
100457|80 HILLSIDE VILLAGE DRIVE |80 HILLSIDE VILLAGE DRIVE |HVD80.JPG
100457|80 HILLSIDE VILLAGE DRIVE |80 HILLSIDE VILLAGE DRIVE |86.jpg
100457|80 HILLSIDE VILLAGE DRIVE |80 HILLSIDE VILLAGE DRIVE |87.jpg
100457|80 HILLSIDE VILLAGE DRIVE |80 HILLSIDE VILLAGE DRIVE |57.jpg
100458|82 HILLSIDE VILLAGE DRIVE|82 HILLSIDE VILLAGE DRIVE|58.jpg
100458|82 HILLSIDE VILLAGE DRIVE|82 HILLSIDE VILLAGE DRIVE|HVD82.JPG
100459|84 HILLSIDE VILLAGE DRIVE |84 HILLSIDE VILLAGE DRIVE |HVD84.JPG
100459|84 HILLSIDE VILLAGE DRIVE |84 HILLSIDE VILLAGE DRIVE |29.jpg
100459|84 HILLSIDE VILLAGE DRIVE |84 HILLSIDE VILLAGE DRIVE |88.jpg
100459|84 HILLSIDE VILLAGE DRIVE |84 HILLSIDE VILLAGE DRIVE |89.jpg
100460|86 HILLSIDE VILLAGE DRIVE|86 HILLSIDE VILLAGE DRIVE|28.jpg
100460|86 HILLSIDE VILLAGE DRIVE|86 HILLSIDE VILLAGE DRIVE|HVD86.JPG
100461|88 HILLSIDE VILLAGE DRIVE|88 HILLSIDE VILLAGE DRIVE|HVD88.JPG
100461|88 HILLSIDE VILLAGE DRIVE|88 HILLSIDE VILLAGE DRIVE|79.jpg
100461|88 HILLSIDE VILLAGE DRIVE|88 HILLSIDE VILLAGE DRIVE|80.jpg
100462|91 HILLSIDE VILLAGE DRIVE|91 HILLSIDE VILLAGE DRIVE|05.jpg
100462|91 HILLSIDE VILLAGE DRIVE|91 HILLSIDE VILLAGE DRIVE|HVD91A.JPG
100463|93 HILLSIDE VILLAGE DRIVE|93 HILLSIDE VILLAGE DRIVE|HVD93.JPG
100463|93 HILLSIDE VILLAGE DRIVE|93 HILLSIDE VILLAGE DRIVE|31.jpg
100463|93 HILLSIDE VILLAGE DRIVE|93 HILLSIDE VILLAGE DRIVE|98.jpg
100463|93 HILLSIDE VILLAGE DRIVE|93 HILLSIDE VILLAGE DRIVE|00.jpg
100464|90 HILLSIDE VILLAGE DRIVE|90 HILLSIDE VILLAGE DRIVE|90.jpg
100464|90 HILLSIDE VILLAGE DRIVE|90 HILLSIDE VILLAGE DRIVE|91.jpg
100464|90 HILLSIDE VILLAGE DRIVE|90 HILLSIDE VILLAGE DRIVE|75.jpg
100464|90 HILLSIDE VILLAGE DRIVE|90 HILLSIDE VILLAGE DRIVE|HVD90.JPG
100465|92 HILLSIDE VILLAGE DRIVE|92 HILLSIDE VILLAGE DRIVE|HVD92.JPG
100465|92 HILLSIDE VILLAGE DRIVE|92 HILLSIDE VILLAGE DRIVE|59.jpg
100465|92 HILLSIDE VILLAGE DRIVE|92 HILLSIDE VILLAGE DRIVE|92.jpg
100465|92 HILLSIDE VILLAGE DRIVE|92 HILLSIDE VILLAGE DRIVE|93.jpg
100466|94 HILLSIDE VILLAGE DRIVE|94 HILLSIDE VILLAGE DRIVE|94.jpg
100466|94 HILLSIDE VILLAGE DRIVE|94 HILLSIDE VILLAGE DRIVE|95.jpg
100466|94 HILLSIDE VILLAGE DRIVE|94 HILLSIDE VILLAGE DRIVE|07.jpg
100466|94 HILLSIDE VILLAGE DRIVE|94 HILLSIDE VILLAGE DRIVE|HVD94.JPG
100466|94 HILLSIDE VILLAGE DRIVE|94 HILLSIDE VILLAGE DRIVE|HVD94z&96.JPG
100467|96 HILLSIDE VILLAGE DRIVE|96 HILLSIDE VILLAGE DRIVE|HVD96.JPG
100467|96 HILLSIDE VILLAGE DRIVE|96 HILLSIDE VILLAGE DRIVE|01.jpg
100467|96 HILLSIDE VILLAGE DRIVE|96 HILLSIDE VILLAGE DRIVE|05.jpg
100467|96 HILLSIDE VILLAGE DRIVE|96 HILLSIDE VILLAGE DRIVE|06.jpg
100468|95 HILLSIDE VILLAGE DRIVE |95 HILLSIDE VILLAGE DRIVE |96.jpg
100468|95 HILLSIDE VILLAGE DRIVE |95 HILLSIDE VILLAGE DRIVE |97.jpg
100468|95 HILLSIDE VILLAGE DRIVE |95 HILLSIDE VILLAGE DRIVE |60.jpg
100468|95 HILLSIDE VILLAGE DRIVE |95 HILLSIDE VILLAGE DRIVE |HVD95.JPG
100469|97 HILLSIDE VILLAGE DRIVE |97 HILLSIDE VILLAGE DRIVE |HVD97.JPG
100469|97 HILLSIDE VILLAGE DRIVE |97 HILLSIDE VILLAGE DRIVE |61.jpg
100469|97 HILLSIDE VILLAGE DRIVE |97 HILLSIDE VILLAGE DRIVE |25.jpg
100469|97 HILLSIDE VILLAGE DRIVE |97 HILLSIDE VILLAGE DRIVE |26.jpg
100470|100 HILLSIDE VILLAGE DRIVE|100 HILLSIDE VILLAGE DRIVE|07.jpg
100470|100 HILLSIDE VILLAGE DRIVE|100 HILLSIDE VILLAGE DRIVE|08.jpg
100470|100 HILLSIDE VILLAGE DRIVE|100 HILLSIDE VILLAGE DRIVE|27.jpg
100470|100 HILLSIDE VILLAGE DRIVE|100 HILLSIDE VILLAGE DRIVE|HVD100.JPG
100471|102 HILLSIDE VILLAGE DRIVE |102 HILLSIDE VILLAGE DRIVE |HVD102.JPG
100471|102 HILLSIDE VILLAGE DRIVE |102 HILLSIDE VILLAGE DRIVE |26.jpg
100471|102 HILLSIDE VILLAGE DRIVE |102 HILLSIDE VILLAGE DRIVE |09.jpg
100471|102 HILLSIDE VILLAGE DRIVE |102 HILLSIDE VILLAGE DRIVE |10.jpg
100472|104 HILLSIDE VILLAGE DRIVE |104 HILLSIDE VILLAGE DRIVE |11.jpg
100472|104 HILLSIDE VILLAGE DRIVE |104 HILLSIDE VILLAGE DRIVE |12.jpg
100472|104 HILLSIDE VILLAGE DRIVE |104 HILLSIDE VILLAGE DRIVE |06.jpg
100472|104 HILLSIDE VILLAGE DRIVE |104 HILLSIDE VILLAGE DRIVE |HVD104.JPG
100473|106 HILLSIDE VILLAGE DRIVE|106 HILLSIDE VILLAGE DRIVE|HVD106.JPG
100473|106 HILLSIDE VILLAGE DRIVE|106 HILLSIDE VILLAGE DRIVE|25.jpg
100473|106 HILLSIDE VILLAGE DRIVE|106 HILLSIDE VILLAGE DRIVE|13.jpg
100473|106 HILLSIDE VILLAGE DRIVE|106 HILLSIDE VILLAGE DRIVE|14.jpg
100487|77 HILLSIDE VILLAGE DRIVE |77 HILLSIDE VILLAGE DRIVE |03.jpg
100487|77 HILLSIDE VILLAGE DRIVE |77 HILLSIDE VILLAGE DRIVE |04.jpg
100487|77 HILLSIDE VILLAGE DRIVE |77 HILLSIDE VILLAGE DRIVE |26.jpg
100488|79 HILLSIDE VILLAGE DRIVE|79 HILLSIDE VILLAGE DRIVE|27.jpg
100488|79 HILLSIDE VILLAGE DRIVE|79 HILLSIDE VILLAGE DRIVE|01.jpg
100488|79 HILLSIDE VILLAGE DRIVE|79 HILLSIDE VILLAGE DRIVE|02.jpg
100488|79 HILLSIDE VILLAGE DRIVE|79 HILLSIDE VILLAGE DRIVE|HVD79.jpg
100489|81 HILLSIDE VILLAGE DRIVE |81 HILLSIDE VILLAGE DRIVE |HVD81.JPG
100489|81 HILLSIDE VILLAGE DRIVE |81 HILLSIDE VILLAGE DRIVE |82.jpg
100489|81 HILLSIDE VILLAGE DRIVE |81 HILLSIDE VILLAGE DRIVE |83.jpg
100489|81 HILLSIDE VILLAGE DRIVE |81 HILLSIDE VILLAGE DRIVE |29.jpg
100490|83 HILLSIDE VILLAGE DRIVE |83 HILLSIDE VILLAGE DRIVE |30.jpg
100490|83 HILLSIDE VILLAGE DRIVE |83 HILLSIDE VILLAGE DRIVE |80.jpg
100490|83 HILLSIDE VILLAGE DRIVE |83 HILLSIDE VILLAGE DRIVE |81.jpg
100490|83 HILLSIDE VILLAGE DRIVE |83 HILLSIDE VILLAGE DRIVE |HVD83.JPG
100507|108 HILLSIDE VILLAGE DRIVE |108 HILLSIDE VILLAGE DRIVE |HVD108.JPG
100507|108 HILLSIDE VILLAGE DRIVE |108 HILLSIDE VILLAGE DRIVE |15.jpg
100507|108 HILLSIDE VILLAGE DRIVE |108 HILLSIDE VILLAGE DRIVE |16.jpg
100507|108 HILLSIDE VILLAGE DRIVE |108 HILLSIDE VILLAGE DRIVE |32.jpg
100508|110 HILLSIDE VILLAGE DRIVE |110 HILLSIDE VILLAGE DRIVE |33.jpg
100508|110 HILLSIDE VILLAGE DRIVE |110 HILLSIDE VILLAGE DRIVE |17.jpg
100508|110 HILLSIDE VILLAGE DRIVE |110 HILLSIDE VILLAGE DRIVE |18.jpg
100508|110 HILLSIDE VILLAGE DRIVE |110 HILLSIDE VILLAGE DRIVE |HVD110.JPG
100509|112 HILLSIDE VILLAGE DRIVE|112 HILLSIDE VILLAGE DRIVE|HVD112.JPG
100509|112 HILLSIDE VILLAGE DRIVE|112 HILLSIDE VILLAGE DRIVE|19.jpg
100509|112 HILLSIDE VILLAGE DRIVE|112 HILLSIDE VILLAGE DRIVE|20.jpg
100509|112 HILLSIDE VILLAGE DRIVE|112 HILLSIDE VILLAGE DRIVE|34.jpg
100510|109 HILLSIDE VILLAGE DRIVE |109 HILLSIDE VILLAGE DRIVE |21.jpg
100510|109 HILLSIDE VILLAGE DRIVE |109 HILLSIDE VILLAGE DRIVE |22.jpg
100510|109 HILLSIDE VILLAGE DRIVE |109 HILLSIDE VILLAGE DRIVE |HVD109.JPG
100511|111 HILLSIDE VILLAGE DRIVE|111 HILLSIDE VILLAGE DRIVE|HVD111.JPG
100511|111 HILLSIDE VILLAGE DRIVE|111 HILLSIDE VILLAGE DRIVE|23.jpg
100511|111 HILLSIDE VILLAGE DRIVE|111 HILLSIDE VILLAGE DRIVE|24.jpg
100511|111 HILLSIDE VILLAGE DRIVE|111 HILLSIDE VILLAGE DRIVE|44.jpg
100512|113 HILLSIDE VILLAGE DRIVE|113 HILLSIDE VILLAGE DRIVE|31.jpg
100512|113 HILLSIDE VILLAGE DRIVE|113 HILLSIDE VILLAGE DRIVE|32.jpg
100512|113 HILLSIDE VILLAGE DRIVE|113 HILLSIDE VILLAGE DRIVE|HVD113.JPG
100513|117 HILLSIDE VILLAGE DRIVE|117 HILLSIDE VILLAGE DRIVE|HVD117.JPG
100513|117 HILLSIDE VILLAGE DRIVE|117 HILLSIDE VILLAGE DRIVE|33.jpg
100513|117 HILLSIDE VILLAGE DRIVE|117 HILLSIDE VILLAGE DRIVE|34.jpg
100514|119 HILLSIDE VILLAGE DRIVE |119 HILLSIDE VILLAGE DRIVE |35.jpg
100514|119 HILLSIDE VILLAGE DRIVE |119 HILLSIDE VILLAGE DRIVE |36.jpg
100514|119 HILLSIDE VILLAGE DRIVE |119 HILLSIDE VILLAGE DRIVE |HVD119.jpg
100515|121 HILLSIDE VILLAGE DRIVE|121 HILLSIDE VILLAGE DRIVE|HVD121.jpg
100515|121 HILLSIDE VILLAGE DRIVE|121 HILLSIDE VILLAGE DRIVE|37.jpg
100515|121 HILLSIDE VILLAGE DRIVE|121 HILLSIDE VILLAGE DRIVE|38.jpg
100516|123 HILLSIDE VILLAGE DRIVE |123 HILLSIDE VILLAGE DRIVE |39.jpg
100516|123 HILLSIDE VILLAGE DRIVE |123 HILLSIDE VILLAGE DRIVE |40.jpg
100516|123 HILLSIDE VILLAGE DRIVE |123 HILLSIDE VILLAGE DRIVE |40.jpg
100516|123 HILLSIDE VILLAGE DRIVE |123 HILLSIDE VILLAGE DRIVE |HVD123.JPG
100517|126 HILLSIDE VILLAGE DRIVE |126 HILLSIDE VILLAGE DRIVE |HVD126.JPG
100517|126 HILLSIDE VILLAGE DRIVE |126 HILLSIDE VILLAGE DRIVE |HVD126AAA.JPG
100517|126 HILLSIDE VILLAGE DRIVE |126 HILLSIDE VILLAGE DRIVE |41.jpg
100517|126 HILLSIDE VILLAGE DRIVE |126 HILLSIDE VILLAGE DRIVE |27.jpg
100517|126 HILLSIDE VILLAGE DRIVE |126 HILLSIDE VILLAGE DRIVE |28.jpg
100518|128 HILLSIDE VILLAGE DRIVE|128 HILLSIDE VILLAGE DRIVE|29.jpg
100518|128 HILLSIDE VILLAGE DRIVE|128 HILLSIDE VILLAGE DRIVE|30.jpg
100518|128 HILLSIDE VILLAGE DRIVE|128 HILLSIDE VILLAGE DRIVE|42.jpg
100518|128 HILLSIDE VILLAGE DRIVE|128 HILLSIDE VILLAGE DRIVE|HVD128.JPG
100519|130 HILLSIDE VILLAGE DRIVE|130 HILLSIDE VILLAGE DRIVE|HVD130.JPG
100519|130 HILLSIDE VILLAGE DRIVE|130 HILLSIDE VILLAGE DRIVE|47.jpg
100519|130 HILLSIDE VILLAGE DRIVE|130 HILLSIDE VILLAGE DRIVE|20.jpg
100519|130 HILLSIDE VILLAGE DRIVE|130 HILLSIDE VILLAGE DRIVE|21.jpg
100520|132 HILLSIDE VILLAGE DRIVE|132 HILLSIDE VILLAGE DRIVE|42.jpg
100520|132 HILLSIDE VILLAGE DRIVE|132 HILLSIDE VILLAGE DRIVE|43.jpg
100520|132 HILLSIDE VILLAGE DRIVE|132 HILLSIDE VILLAGE DRIVE|HVD132.JPG
100521|134 HILLSIDE VILLAGE DRIVE|134 HILLSIDE VILLAGE DRIVE|HVD134.JPG
100521|134 HILLSIDE VILLAGE DRIVE|134 HILLSIDE VILLAGE DRIVE|44.jpg
100521|134 HILLSIDE VILLAGE DRIVE|134 HILLSIDE VILLAGE DRIVE|46.jpg
100522|136 HILLSIDE VILLAGE DRIVE|136 HILLSIDE VILLAGE DRIVE|24.jpg
100522|136 HILLSIDE VILLAGE DRIVE|136 HILLSIDE VILLAGE DRIVE|25.jpg
100522|136 HILLSIDE VILLAGE DRIVE|136 HILLSIDE VILLAGE DRIVE|HVD136.JPG
100523|138 HILLSIDE VILLAGE DRIVE|138 HILLSIDE VILLAGE DRIVE|HVD138.JPG
100523|138 HILLSIDE VILLAGE DRIVE|138 HILLSIDE VILLAGE DRIVE|22.jpg
100523|138 HILLSIDE VILLAGE DRIVE|138 HILLSIDE VILLAGE DRIVE|23.jpg
100524|140 HILLSIDE VILLAGE DRIVE|140 HILLSIDE VILLAGE DRIVE|97.jpg
100524|140 HILLSIDE VILLAGE DRIVE|140 HILLSIDE VILLAGE DRIVE|98.jpg
100524|140 HILLSIDE VILLAGE DRIVE|140 HILLSIDE VILLAGE DRIVE|HVD140.jpg
100525|142 HILLSIDE VILLAGE DRIVE|142 HILLSIDE VILLAGE DRIVE|HVD142.jpg
100525|142 HILLSIDE VILLAGE DRIVE|142 HILLSIDE VILLAGE DRIVE|00.jpg
100525|142 HILLSIDE VILLAGE DRIVE|142 HILLSIDE VILLAGE DRIVE|01.jpg
100525|142 HILLSIDE VILLAGE DRIVE|142 HILLSIDE VILLAGE DRIVE|15.jpg
100526|144 HILLSIDE VILLAGE DRIVE |144 HILLSIDE VILLAGE DRIVE |47.jpg
100526|144 HILLSIDE VILLAGE DRIVE |144 HILLSIDE VILLAGE DRIVE |48.jpg
100526|144 HILLSIDE VILLAGE DRIVE |144 HILLSIDE VILLAGE DRIVE |HVD144.jpg
100527|131 HILLSIDE VILLAGE DRIVE |131 HILLSIDE VILLAGE DRIVE |HVD131.JPG
100527|131 HILLSIDE VILLAGE DRIVE |131 HILLSIDE VILLAGE DRIVE |32.jpg
100527|131 HILLSIDE VILLAGE DRIVE |131 HILLSIDE VILLAGE DRIVE |33.jpg
100527|131 HILLSIDE VILLAGE DRIVE |131 HILLSIDE VILLAGE DRIVE |95.jpg
100528|133 HILLSIDE VILLAGE DRIVE|133 HILLSIDE VILLAGE DRIVE|94.jpg
100528|133 HILLSIDE VILLAGE DRIVE|133 HILLSIDE VILLAGE DRIVE|34.jpg
100528|133 HILLSIDE VILLAGE DRIVE|133 HILLSIDE VILLAGE DRIVE|35.jpg
100528|133 HILLSIDE VILLAGE DRIVE|133 HILLSIDE VILLAGE DRIVE|HVD133.JPG
100529|135 HILLSIDE VILLAGE DRIVE |135 HILLSIDE VILLAGE DRIVE |HVD135.JPG
100529|135 HILLSIDE VILLAGE DRIVE |135 HILLSIDE VILLAGE DRIVE |36.jpg
100529|135 HILLSIDE VILLAGE DRIVE |135 HILLSIDE VILLAGE DRIVE |37.jpg
100530|139 HILLSIDE VILLAGE DRIVE|139 HILLSIDE VILLAGE DRIVE|38.jpg
100530|139 HILLSIDE VILLAGE DRIVE|139 HILLSIDE VILLAGE DRIVE|39.jpg
100530|139 HILLSIDE VILLAGE DRIVE|139 HILLSIDE VILLAGE DRIVE|HVD139.jpg
100531|141 HILLSIDE VILLAGE DRIVE|141 HILLSIDE VILLAGE DRIVE|HVD141.jpg
100531|141 HILLSIDE VILLAGE DRIVE|141 HILLSIDE VILLAGE DRIVE|40.jpg
100531|141 HILLSIDE VILLAGE DRIVE|141 HILLSIDE VILLAGE DRIVE|41.jpg
100532|143 HILLSIDE VILLAGE DRIVE|143 HILLSIDE VILLAGE DRIVE|26.jpg
100532|143 HILLSIDE VILLAGE DRIVE|143 HILLSIDE VILLAGE DRIVE|27.jpg
100532|143 HILLSIDE VILLAGE DRIVE|143 HILLSIDE VILLAGE DRIVE|93.jpg
100533|145 HILLSIDE VILLAGE DRIVE|145 HILLSIDE VILLAGE DRIVE|18.jpg
100533|145 HILLSIDE VILLAGE DRIVE|145 HILLSIDE VILLAGE DRIVE|19.jpg
100534|150 HILLSIDE VILLAGE DRIVE|150 HILLSIDE VILLAGE DRIVE|04.jpg
100534|150 HILLSIDE VILLAGE DRIVE|150 HILLSIDE VILLAGE DRIVE|05.jpg
100534|150 HILLSIDE VILLAGE DRIVE|150 HILLSIDE VILLAGE DRIVE|05.jpg
100534|150 HILLSIDE VILLAGE DRIVE|150 HILLSIDE VILLAGE DRIVE|HVD150.JPG
100535|152 HILLSIDE VILLAGE DRIVE |152 HILLSIDE VILLAGE DRIVE |HVD152.jpg
100535|152 HILLSIDE VILLAGE DRIVE |152 HILLSIDE VILLAGE DRIVE |06.jpg
100535|152 HILLSIDE VILLAGE DRIVE |152 HILLSIDE VILLAGE DRIVE |07.jpg
100536|154 HILLSIDE VILLAGE DRIVE|154 HILLSIDE VILLAGE DRIVE|08.jpg
100536|154 HILLSIDE VILLAGE DRIVE|154 HILLSIDE VILLAGE DRIVE|09.jpg
100536|154 HILLSIDE VILLAGE DRIVE|154 HILLSIDE VILLAGE DRIVE|HVD154.JPG
100537|156 HILLSIDE VILLAGE DRIVE|156 HILLSIDE VILLAGE DRIVE|HVD156.JPG
100537|156 HILLSIDE VILLAGE DRIVE|156 HILLSIDE VILLAGE DRIVE|10.jpg
100537|156 HILLSIDE VILLAGE DRIVE|156 HILLSIDE VILLAGE DRIVE|11.jpg
100537|156 HILLSIDE VILLAGE DRIVE|156 HILLSIDE VILLAGE DRIVE|43.jpg
100538|158 HILLSIDE VILLAGE DRIVE |158 HILLSIDE VILLAGE DRIVE |48.jpg
100538|158 HILLSIDE VILLAGE DRIVE |158 HILLSIDE VILLAGE DRIVE |12.jpg
100538|158 HILLSIDE VILLAGE DRIVE |158 HILLSIDE VILLAGE DRIVE |13.jpg
100538|158 HILLSIDE VILLAGE DRIVE |158 HILLSIDE VILLAGE DRIVE |HVD158.JPG
100539|160 HILLSIDE VILLAGE DRIVE |160 HILLSIDE VILLAGE DRIVE |HVD160.JPG
100539|160 HILLSIDE VILLAGE DRIVE |160 HILLSIDE VILLAGE DRIVE |14.jpg
100539|160 HILLSIDE VILLAGE DRIVE |160 HILLSIDE VILLAGE DRIVE |15.jpg
100539|160 HILLSIDE VILLAGE DRIVE |160 HILLSIDE VILLAGE DRIVE |10.jpg
100540|162 HILLSIDE VILLAGE DRIVE|162 HILLSIDE VILLAGE DRIVE|42.jpg
100540|162 HILLSIDE VILLAGE DRIVE|162 HILLSIDE VILLAGE DRIVE|16.jpg
100540|162 HILLSIDE VILLAGE DRIVE|162 HILLSIDE VILLAGE DRIVE|17.jpg
100540|162 HILLSIDE VILLAGE DRIVE|162 HILLSIDE VILLAGE DRIVE|HVD162.JPG
100541|164 HILLSIDE VILLAGE DRIVE |164 HILLSIDE VILLAGE DRIVE |HVD164.JPG
100541|164 HILLSIDE VILLAGE DRIVE |164 HILLSIDE VILLAGE DRIVE |28.jpg
100541|164 HILLSIDE VILLAGE DRIVE |164 HILLSIDE VILLAGE DRIVE |29.jpg
100541|164 HILLSIDE VILLAGE DRIVE |164 HILLSIDE VILLAGE DRIVE |19.jpg
100542|167 HILLSIDE VILLAGE DRIVE|167 HILLSIDE VILLAGE DRIVE|41.jpg
100542|167 HILLSIDE VILLAGE DRIVE|167 HILLSIDE VILLAGE DRIVE|42.jpg
100542|167 HILLSIDE VILLAGE DRIVE|167 HILLSIDE VILLAGE DRIVE|HVD167.jpg
100543|169 HILLSIDE VILLAGE DRIVE|169 HILLSIDE VILLAGE DRIVE|HVD169.jpg
100543|169 HILLSIDE VILLAGE DRIVE|169 HILLSIDE VILLAGE DRIVE|43.jpg
100543|169 HILLSIDE VILLAGE DRIVE|169 HILLSIDE VILLAGE DRIVE|44.jpg
100544|171 HILLSIDE VILLAGE DRIVE|171 HILLSIDE VILLAGE DRIVE|45.jpg
100544|171 HILLSIDE VILLAGE DRIVE|171 HILLSIDE VILLAGE DRIVE|46.jpg
100544|171 HILLSIDE VILLAGE DRIVE|171 HILLSIDE VILLAGE DRIVE|34.jpg
100545|173 HILLSIDE VILLAGE DRIVE|173 HILLSIDE VILLAGE DRIVE|35.jpg
100545|173 HILLSIDE VILLAGE DRIVE|173 HILLSIDE VILLAGE DRIVE|47.jpg
100545|173 HILLSIDE VILLAGE DRIVE|173 HILLSIDE VILLAGE DRIVE|48.jpg
100545|173 HILLSIDE VILLAGE DRIVE|173 HILLSIDE VILLAGE DRIVE|HVD173.JPG
100546|175 HILLSIDE VILLAGE DRIVE |175 HILLSIDE VILLAGE DRIVE |HVD175.JPG
100546|175 HILLSIDE VILLAGE DRIVE |175 HILLSIDE VILLAGE DRIVE |49.jpg
100546|175 HILLSIDE VILLAGE DRIVE |175 HILLSIDE VILLAGE DRIVE |50.jpg
100546|175 HILLSIDE VILLAGE DRIVE |175 HILLSIDE VILLAGE DRIVE |20.jpg
100547|177 HILLSIDE VILLAGE DRIVE |177 HILLSIDE VILLAGE DRIVE |51.jpg
100547|177 HILLSIDE VILLAGE DRIVE |177 HILLSIDE VILLAGE DRIVE |52.jpg
100547|177 HILLSIDE VILLAGE DRIVE |177 HILLSIDE VILLAGE DRIVE |HVD177A.JPG
100548|179 HILLSIDE VILLAGE DRIVE |179 HILLSIDE VILLAGE DRIVE |HVD179.JPG
100548|179 HILLSIDE VILLAGE DRIVE |179 HILLSIDE VILLAGE DRIVE |HVD179B.JPG
100548|179 HILLSIDE VILLAGE DRIVE |179 HILLSIDE VILLAGE DRIVE |HVD179A.JPG
100548|179 HILLSIDE VILLAGE DRIVE |179 HILLSIDE VILLAGE DRIVE |53.jpg
100548|179 HILLSIDE VILLAGE DRIVE |179 HILLSIDE VILLAGE DRIVE |54.jpg
100549|181 HILLSIDE VILLAGE DRIVE|181 HILLSIDE VILLAGE DRIVE|55.jpg
100549|181 HILLSIDE VILLAGE DRIVE|181 HILLSIDE VILLAGE DRIVE|56.jpg
100549|181 HILLSIDE VILLAGE DRIVE|181 HILLSIDE VILLAGE DRIVE|HVD181.JPG
100567|1800 CENTURY DRIVE|1800 CENTURY DRIVE|15.jpg
100567|1800 CENTURY DRIVE|1800 CENTURY DRIVE|16.jpg
100567|1800 CENTURY DRIVE|1800 CENTURY DRIVE|17.jpg
100667|139 PRESCOTT STREET |139 PRESCOTT STREET |77.jpg
100667|139 PRESCOTT STREET |139 PRESCOTT STREET |78.jpg
100707|100 HOSMER STREET|100 HOSMER STREET|46.jpg
100707|100 HOSMER STREET|100 HOSMER STREET|47.jpg
100708|19 LYNWOOD LANE |19 LYNWOOD LANE |LYN19B.JPG
100708|19 LYNWOOD LANE |19 LYNWOOD LANE |LYN19A.JPG
100708|19 LYNWOOD LANE |19 LYNWOOD LANE |LYN19B.JPG
100710|3 MERRIMOUNT ROAD|3 MERRIMOUNT ROAD|MER0003A.JPG
100710|3 MERRIMOUNT ROAD|3 MERRIMOUNT ROAD|MER0003B.JPG
100728|135 PRESCOTT STREET|135 PRESCOTT STREET|79.jpg
100728|135 PRESCOTT STREET|135 PRESCOTT STREET|80.jpg
100728|135 PRESCOTT STREET|135 PRESCOTT STREET|48.jpg
100747|200 CENTURY DRIVE|200 CENTURY DRIVE|94.jpg
100747|200 CENTURY DRIVE|200 CENTURY DRIVE|95.jpg
100868|155 HILLSIDE VILLAGE DRIVE|155 HILLSIDE VILLAGE DRIVE|16.jpg
100868|155 HILLSIDE VILLAGE DRIVE|155 HILLSIDE VILLAGE DRIVE|HSV0.JPG
100947|39 FRANKLIN STREET|39 FRANKLIN STREET|07.jpg
100947|39 FRANKLIN STREET|39 FRANKLIN STREET|80.jpg
100947|39 FRANKLIN STREET|39 FRANKLIN STREET|81.jpg
100967|129 HILLSIDE VILLAGE DRIVE |129 HILLSIDE VILLAGE DRIVE |30.jpg
100967|129 HILLSIDE VILLAGE DRIVE |129 HILLSIDE VILLAGE DRIVE |31.jpg
100967|129 HILLSIDE VILLAGE DRIVE |129 HILLSIDE VILLAGE DRIVE |HVD129.JPG
101027|4 CHINO AVENUE |4 CHINO AVENUE |27.jpg
101027|4 CHINO AVENUE |4 CHINO AVENUE |28.jpg
101027|4 CHINO AVENUE |4 CHINO AVENUE |14.jpg
101028|6 CHINO AVENUE|6 CHINO AVENUE|29.jpg
101028|6 CHINO AVENUE|6 CHINO AVENUE|30.jpg
101029|8 CHINO AVENUE|8 CHINO AVENUE|31.jpg
101029|8 CHINO AVENUE|8 CHINO AVENUE|32.jpg
101030|61 LAUREL STREET|61 LAUREL STREET|75.jpg
101030|61 LAUREL STREET|61 LAUREL STREET|76.jpg
101047|11 FRANKLIN STREET |11 FRANKLIN STREET |12.jpg
102048|371-371 LANCASTER STREET |371-371 LANCASTER STREET |LAN371 A.JPG
102048|371-371 LANCASTER STREET |371-371 LANCASTER STREET |LAN371 AA.JPG
102048|371-371 LANCASTER STREET |371-371 LANCASTER STREET |42.jpg
102048|371-371 LANCASTER STREET |371-371 LANCASTER STREET |43.jpg
102049|20-20 NEWTON STREET |20-20 NEWTON STREET |NEW0020-20A.JPG
102053|178-182 WORCESTER STREET UNIT|178-182 WORCESTER STREET UNIT|WOR178A.JPG
102053|178-182 WORCESTER STREET UNIT|178-182 WORCESTER STREET UNIT|WOR178.JPG
102053|178-182 WORCESTER STREET UNIT|178-182 WORCESTER STREET UNIT|33.jpg
102056|20 OLDE CENTURY FARM ROAD|20 OLDE CENTURY FARM ROAD|88.jpg
102056|20 OLDE CENTURY FARM ROAD|20 OLDE CENTURY FARM ROAD|89.jpg
102057|9 OLDE CENTURY FARM ROAD|9 OLDE CENTURY FARM ROAD|08.jpg
102057|9 OLDE CENTURY FARM ROAD|9 OLDE CENTURY FARM ROAD|09.jpg
102058|18 OLDE CENTURY FARM ROAD |18 OLDE CENTURY FARM ROAD |69.jpg
102058|18 OLDE CENTURY FARM ROAD |18 OLDE CENTURY FARM ROAD |70.jpg
102059|16 OLDE CENTURY FARM ROAD |16 OLDE CENTURY FARM ROAD |93.jpg
102059|16 OLDE CENTURY FARM ROAD |16 OLDE CENTURY FARM ROAD |94.jpg
102061|8 GARSIDE DRIVE|8 GARSIDE DRIVE|GAR0008A.JPG
102061|8 GARSIDE DRIVE|8 GARSIDE DRIVE|GAR0008B.JPG
102061|8 GARSIDE DRIVE|8 GARSIDE DRIVE|GAR0008B1.JPG
102061|8 GARSIDE DRIVE|8 GARSIDE DRIVE|05.jpg
102061|8 GARSIDE DRIVE|8 GARSIDE DRIVE|06.jpg
102064|2 GARSIDE DRIVE |2 GARSIDE DRIVE |GAR0002L.JPG
102064|2 GARSIDE DRIVE |2 GARSIDE DRIVE |IMG_0177.JPG
102064|2 GARSIDE DRIVE |2 GARSIDE DRIVE |IMG_0178.JPG
102065|12 OLDE CENTURY FARM ROAD |12 OLDE CENTURY FARM ROAD |12ocrb.jpg
102065|12 OLDE CENTURY FARM ROAD |12 OLDE CENTURY FARM ROAD |12ocra.jpg
102065|12 OLDE CENTURY FARM ROAD |12 OLDE CENTURY FARM ROAD |88.jpg
102065|12 OLDE CENTURY FARM ROAD |12 OLDE CENTURY FARM ROAD |89.jpg
102065|12 OLDE CENTURY FARM ROAD |12 OLDE CENTURY FARM ROAD |90.jpg
102065|12 OLDE CENTURY FARM ROAD |12 OLDE CENTURY FARM ROAD |91.jpg
102075|10 OLDE CENTURY FARM ROAD |10 OLDE CENTURY FARM ROAD |22.jpg
102075|10 OLDE CENTURY FARM ROAD |10 OLDE CENTURY FARM ROAD |23.jpg
102076|8 OLDE CENTURY FARM ROAD|8 OLDE CENTURY FARM ROAD|02.jpg
102076|8 OLDE CENTURY FARM ROAD|8 OLDE CENTURY FARM ROAD|03.jpg
102077|6 OLDE CENTURY FARM ROAD |6 OLDE CENTURY FARM ROAD |56.jpg
102077|6 OLDE CENTURY FARM ROAD |6 OLDE CENTURY FARM ROAD |57.jpg
102077|6 OLDE CENTURY FARM ROAD |6 OLDE CENTURY FARM ROAD |02.jpg
102077|6 OLDE CENTURY FARM ROAD |6 OLDE CENTURY FARM ROAD |03.jpg
102078|4 OLDE CENTURY FARM ROAD|4 OLDE CENTURY FARM ROAD|16.jpg
102078|4 OLDE CENTURY FARM ROAD|4 OLDE CENTURY FARM ROAD|17.jpg
102078|4 OLDE CENTURY FARM ROAD|4 OLDE CENTURY FARM ROAD|18.jpg
102078|4 OLDE CENTURY FARM ROAD|4 OLDE CENTURY FARM ROAD|07.jpg
102080|1 OLDE CENTURY FARM ROAD |1 OLDE CENTURY FARM ROAD |58.jpg
102080|1 OLDE CENTURY FARM ROAD |1 OLDE CENTURY FARM ROAD |59.jpg
102080|1 OLDE CENTURY FARM ROAD |1 OLDE CENTURY FARM ROAD |60.jpg
102080|1 OLDE CENTURY FARM ROAD |1 OLDE CENTURY FARM ROAD |10.jpg
102080|1 OLDE CENTURY FARM ROAD |1 OLDE CENTURY FARM ROAD |84.jpg
102081|3 OLDE CENTURY FARM ROAD|3 OLDE CENTURY FARM ROAD|72.jpg
102081|3 OLDE CENTURY FARM ROAD|3 OLDE CENTURY FARM ROAD|73.jpg
102081|3 OLDE CENTURY FARM ROAD|3 OLDE CENTURY FARM ROAD|74.jpg
102081|3 OLDE CENTURY FARM ROAD|3 OLDE CENTURY FARM ROAD|10.jpg
102081|3 OLDE CENTURY FARM ROAD|3 OLDE CENTURY FARM ROAD|11.jpg
102081|3 OLDE CENTURY FARM ROAD|3 OLDE CENTURY FARM ROAD|3olc.jpg
102082|5 OLDE CENTURY FARM ROAD|5 OLDE CENTURY FARM ROAD|14.jpg
102082|5 OLDE CENTURY FARM ROAD|5 OLDE CENTURY FARM ROAD|15.jpg
102083|7 OLDE CENTURY FARM ROAD |7 OLDE CENTURY FARM ROAD |07.jpg
102083|7 OLDE CENTURY FARM ROAD |7 OLDE CENTURY FARM ROAD |09.jpg
102083|7 OLDE CENTURY FARM ROAD |7 OLDE CENTURY FARM ROAD |OCF7.JPG
102083|7 OLDE CENTURY FARM ROAD |7 OLDE CENTURY FARM ROAD |OCF7A.JPG
102083|7 OLDE CENTURY FARM ROAD |7 OLDE CENTURY FARM ROAD |OCF7B.JPG
102096|1 ANGELL BROOK DRIVE |1 ANGELL BROOK DRIVE |70.jpg
102096|1 ANGELL BROOK DRIVE |1 ANGELL BROOK DRIVE |61.jpg
102097|3 ANGELL BROOK DRIVE |3 ANGELL BROOK DRIVE |59.jpg
102097|3 ANGELL BROOK DRIVE |3 ANGELL BROOK DRIVE |60.jpg
102098|2 ANGELL BROOK DRIVE|2 ANGELL BROOK DRIVE|93.jpg
102098|2 ANGELL BROOK DRIVE|2 ANGELL BROOK DRIVE|94.jpg
102099|7 ANGELL BROOK DRIVE |7 ANGELL BROOK DRIVE |67.jpg
102099|7 ANGELL BROOK DRIVE |7 ANGELL BROOK DRIVE |68.jpg
102100|6 ANGELL BROOK DRIVE|6 ANGELL BROOK DRIVE|97.jpg
102100|6 ANGELL BROOK DRIVE|6 ANGELL BROOK DRIVE|98.jpg
102101|5 ANGELL BROOK DRIVE |5 ANGELL BROOK DRIVE |57.jpg
102101|5 ANGELL BROOK DRIVE |5 ANGELL BROOK DRIVE |58.jpg
102102|4 ANGELL BROOK DRIVE |4 ANGELL BROOK DRIVE |95.jpg
102102|4 ANGELL BROOK DRIVE |4 ANGELL BROOK DRIVE |96.jpg
102103|160 ANGELL BROOK DRIVE|160 ANGELL BROOK DRIVE|25.jpg
102103|160 ANGELL BROOK DRIVE|160 ANGELL BROOK DRIVE|26.jpg
102104|159 ANGELL BROOK DRIVE|159 ANGELL BROOK DRIVE|29.jpg
102104|159 ANGELL BROOK DRIVE|159 ANGELL BROOK DRIVE|30.jpg
102104|159 ANGELL BROOK DRIVE|159 ANGELL BROOK DRIVE|18.jpg
102105|158 ANGELL BROOK DRIVE |158 ANGELL BROOK DRIVE |23.jpg
102105|158 ANGELL BROOK DRIVE |158 ANGELL BROOK DRIVE |24.jpg
102106|157 ANGELL BROOK DRIVE|157 ANGELL BROOK DRIVE|27.jpg
102106|157 ANGELL BROOK DRIVE|157 ANGELL BROOK DRIVE|28.jpg
102107|156 ANGELL BROOK DRIVE |156 ANGELL BROOK DRIVE |21.jpg
102107|156 ANGELL BROOK DRIVE |156 ANGELL BROOK DRIVE |22.jpg
102107|156 ANGELL BROOK DRIVE |156 ANGELL BROOK DRIVE |19.jpg
102108|155 ANGELL BROOK DRIVE|155 ANGELL BROOK DRIVE|17.jpg
102108|155 ANGELL BROOK DRIVE|155 ANGELL BROOK DRIVE|18.jpg
102109|154 ANGELL BROOK DRIVE|154 ANGELL BROOK DRIVE|19.jpg
102109|154 ANGELL BROOK DRIVE|154 ANGELL BROOK DRIVE|20.jpg
102110|153 ANGELL BROOK DRIVE|153 ANGELL BROOK DRIVE|15.jpg
102110|153 ANGELL BROOK DRIVE|153 ANGELL BROOK DRIVE|16.jpg
102111|152 ANGELL BROOK DRIVE|152 ANGELL BROOK DRIVE|13.jpg
102111|152 ANGELL BROOK DRIVE|152 ANGELL BROOK DRIVE|14.jpg
102112|151 ANGELL BROOK DRIVE|151 ANGELL BROOK DRIVE|11.jpg
102112|151 ANGELL BROOK DRIVE|151 ANGELL BROOK DRIVE|12.jpg
102113|150 ANGELL BROOK DRIVE |150 ANGELL BROOK DRIVE |51.jpg
102113|150 ANGELL BROOK DRIVE |150 ANGELL BROOK DRIVE |52.jpg
102114|149 ANGELL BROOK DRIVE |149 ANGELL BROOK DRIVE |09.jpg
102114|149 ANGELL BROOK DRIVE |149 ANGELL BROOK DRIVE |10.jpg
102115|148 ANGELL BROOK DRIVE |148 ANGELL BROOK DRIVE |49.jpg
102115|148 ANGELL BROOK DRIVE |148 ANGELL BROOK DRIVE |50.jpg
102116|147 ANGELL BROOK DRIVE |147 ANGELL BROOK DRIVE |07.jpg
102116|147 ANGELL BROOK DRIVE |147 ANGELL BROOK DRIVE |08.jpg
102117|146 ANGELL BROOK DRIVE |146 ANGELL BROOK DRIVE |09.jpg
102117|146 ANGELL BROOK DRIVE |146 ANGELL BROOK DRIVE |10.jpg
102118|144 ANGELL BROOK DRIVE|144 ANGELL BROOK DRIVE|07.jpg
102118|144 ANGELL BROOK DRIVE|144 ANGELL BROOK DRIVE|08.jpg
102119|143 ANGELL BROOK DRIVE|143 ANGELL BROOK DRIVE|03.jpg
102119|143 ANGELL BROOK DRIVE|143 ANGELL BROOK DRIVE|04.jpg
102120|142 ANGELL BROOK DRIVE|142 ANGELL BROOK DRIVE|05.jpg
102120|142 ANGELL BROOK DRIVE|142 ANGELL BROOK DRIVE|06.jpg
102120|142 ANGELL BROOK DRIVE|142 ANGELL BROOK DRIVE|77.jpg
102121|140 ANGELL BROOK DRIVE|140 ANGELL BROOK DRIVE|03.jpg
102121|140 ANGELL BROOK DRIVE|140 ANGELL BROOK DRIVE|04.jpg
102122|138 ANGELL BROOK DRIVE |138 ANGELL BROOK DRIVE |01.jpg
102122|138 ANGELL BROOK DRIVE |138 ANGELL BROOK DRIVE |02.jpg
102122|138 ANGELL BROOK DRIVE |138 ANGELL BROOK DRIVE |75.jpg
102123|136 ANGELL BROOK DRIVE |136 ANGELL BROOK DRIVE |74.jpg
102123|136 ANGELL BROOK DRIVE |136 ANGELL BROOK DRIVE |98.jpg
102123|136 ANGELL BROOK DRIVE |136 ANGELL BROOK DRIVE |00.jpg
102123|136 ANGELL BROOK DRIVE |136 ANGELL BROOK DRIVE |ABD136.JPG
102123|136 ANGELL BROOK DRIVE |136 ANGELL BROOK DRIVE |ABD136A.JPG
102124|134 ANGELL BROOK DRIVE|134 ANGELL BROOK DRIVE|96.jpg
102124|134 ANGELL BROOK DRIVE|134 ANGELL BROOK DRIVE|97.jpg
102124|134 ANGELL BROOK DRIVE|134 ANGELL BROOK DRIVE|78.jpg
102125|132 ANGELL BROOK DRIVE|132 ANGELL BROOK DRIVE|85.jpg
102125|132 ANGELL BROOK DRIVE|132 ANGELL BROOK DRIVE|86.jpg
102125|132 ANGELL BROOK DRIVE|132 ANGELL BROOK DRIVE|87.jpg
102126|128 ANGELL BROOK DRIVE|128 ANGELL BROOK DRIVE|44.jpg
102127|126 ANGELL BROOK DRIVE |126 ANGELL BROOK DRIVE |43.jpg
102128|122 ANGELL BROOK DRIVE|122 ANGELL BROOK DRIVE|19.jpg
102129|120 ANGELL BROOK DRIVE|120 ANGELL BROOK DRIVE|18.jpg
102130|116 ANGELL BROOK DRIVE |116 ANGELL BROOK DRIVE |33.jpg
102130|116 ANGELL BROOK DRIVE |116 ANGELL BROOK DRIVE |12.jpg
102130|116 ANGELL BROOK DRIVE |116 ANGELL BROOK DRIVE |13.jpg
102131|114 ANGELL BROOK DRIVE|114 ANGELL BROOK DRIVE|10.jpg
102131|114 ANGELL BROOK DRIVE|114 ANGELL BROOK DRIVE|11.jpg
102131|114 ANGELL BROOK DRIVE|114 ANGELL BROOK DRIVE|32.jpg
102132|112 ANGELL BROOK DRIVE|112 ANGELL BROOK DRIVE|16.jpg
102133|111 ANGELL BROOK DRIVE |111 ANGELL BROOK DRIVE |13.jpg
102133|111 ANGELL BROOK DRIVE |111 ANGELL BROOK DRIVE |31.jpg
102134|110 ANGELL BROOK DRIVE|110 ANGELL BROOK DRIVE|71.jpg
102134|110 ANGELL BROOK DRIVE|110 ANGELL BROOK DRIVE|72.jpg
102135|109 ANGELL BROOK DRIVE |109 ANGELL BROOK DRIVE |ABD109.JPG
102135|109 ANGELL BROOK DRIVE |109 ANGELL BROOK DRIVE |30.jpg
102135|109 ANGELL BROOK DRIVE |109 ANGELL BROOK DRIVE |84.jpg
102135|109 ANGELL BROOK DRIVE |109 ANGELL BROOK DRIVE |85.jpg
102136|108 ANGELL BROOK DRIVE|108 ANGELL BROOK DRIVE|41.jpg
102137|107 ANGELL BROOK DRIVE |107 ANGELL BROOK DRIVE |60.jpg
102137|107 ANGELL BROOK DRIVE |107 ANGELL BROOK DRIVE |08.jpg
102137|107 ANGELL BROOK DRIVE |107 ANGELL BROOK DRIVE |09.jpg
102138|106 ANGELL BROOK DRIVE |106 ANGELL BROOK DRIVE |93.jpg
102138|106 ANGELL BROOK DRIVE |106 ANGELL BROOK DRIVE |94.jpg
102139|105 ANGELL BROOK DRIVE|105 ANGELL BROOK DRIVE|06.jpg
102139|105 ANGELL BROOK DRIVE|105 ANGELL BROOK DRIVE|07.jpg
102139|105 ANGELL BROOK DRIVE|105 ANGELL BROOK DRIVE|59.jpg
102140|104 ANGELL BROOK DRIVE |104 ANGELL BROOK DRIVE |05.jpg
102141|103 ANGELL BROOK DRIVE|103 ANGELL BROOK DRIVE|10.jpg
102142|102 ANGELL BROOK DRIVE |102 ANGELL BROOK DRIVE |11.jpg
102143|101 ANGELL BROOK DRIVE|101 ANGELL BROOK DRIVE|09.jpg
102144|100 ANGELL BROOK DRIVE |100 ANGELL BROOK DRIVE |06.jpg
102144|100 ANGELL BROOK DRIVE |100 ANGELL BROOK DRIVE |37.jpg
102145|99 ANGELL BROOK DRIVE|99 ANGELL BROOK DRIVE|55.jpg
102146|98 ANGELL BROOK DRIVE |98 ANGELL BROOK DRIVE |40.jpg
102147|97 ANGELL BROOK DRIVE|97 ANGELL BROOK DRIVE|53.jpg
102148|96 ANGELL BROOK DRIVE|96 ANGELL BROOK DRIVE|39.jpg
102149|91 ANGELL BROOK DRIVE|91 ANGELL BROOK DRIVE|68.jpg
102149|91 ANGELL BROOK DRIVE|91 ANGELL BROOK DRIVE|69.jpg
102150|90 ANGELL BROOK DRIVE |90 ANGELL BROOK DRIVE |05.jpg
102151|89 ANGELL BROOK DRIVE|89 ANGELL BROOK DRIVE|88.jpg
102152|88 ANGELL BROOK DRIVE|88 ANGELL BROOK DRIVE|87.jpg
102153|87 ANGELL BROOK DRIVE |87 ANGELL BROOK DRIVE |70.jpg
102153|87 ANGELL BROOK DRIVE |87 ANGELL BROOK DRIVE |71.jpg
102154|86 ANGELL BROOK DRIVE |86 ANGELL BROOK DRIVE |11.jpg
102154|86 ANGELL BROOK DRIVE |86 ANGELL BROOK DRIVE |41.jpg
102155|85 ANGELL BROOK DRIVE|85 ANGELL BROOK DRIVE|06.jpg
102155|85 ANGELL BROOK DRIVE|85 ANGELL BROOK DRIVE|04.jpg
102156|84 ANGELL BROOK DRIVE|84 ANGELL BROOK DRIVE|40.jpg
102156|84 ANGELL BROOK DRIVE|84 ANGELL BROOK DRIVE|41.jpg
102157|83 ANGELL BROOK DRIVE|83 ANGELL BROOK DRIVE|05.jpg
102157|83 ANGELL BROOK DRIVE|83 ANGELL BROOK DRIVE|08.jpg
102158|82 ANGELL BROOK DRIVE|82 ANGELL BROOK DRIVE|57.jpg
102159|81 ANGELL BROOK DRIVE|81 ANGELL BROOK DRIVE|09.jpg
102159|81 ANGELL BROOK DRIVE|81 ANGELL BROOK DRIVE|43.jpg
102159|81 ANGELL BROOK DRIVE|81 ANGELL BROOK DRIVE|06.jpg
102160|80 ANGELL BROOK DRIVE |80 ANGELL BROOK DRIVE |66.jpg
102160|80 ANGELL BROOK DRIVE |80 ANGELL BROOK DRIVE |67.jpg
102161|78 ANGELL BROOK DRIVE |78 ANGELL BROOK DRIVE |64.jpg
102161|78 ANGELL BROOK DRIVE |78 ANGELL BROOK DRIVE |65.jpg
102162|76 ANGELL BROOK DRIVE|76 ANGELL BROOK DRIVE|62.jpg
102162|76 ANGELL BROOK DRIVE|76 ANGELL BROOK DRIVE|63.jpg
102163|75 ANGELL BROOK DRIVE|75 ANGELL BROOK DRIVE|48.jpg
102163|75 ANGELL BROOK DRIVE|75 ANGELL BROOK DRIVE|49.jpg
102164|74 ANGELL BROOK DRIVE |74 ANGELL BROOK DRIVE |60.jpg
102164|74 ANGELL BROOK DRIVE |74 ANGELL BROOK DRIVE |61.jpg
102165|73 ANGELL BROOK DRIVE |73 ANGELL BROOK DRIVE |50.jpg
102165|73 ANGELL BROOK DRIVE |73 ANGELL BROOK DRIVE |51.jpg
102166|72 ANGELL BROOK DRIVE|72 ANGELL BROOK DRIVE|46.jpg
102166|72 ANGELL BROOK DRIVE|72 ANGELL BROOK DRIVE|47.jpg
102167|71 ANGELL BROOK DRIVE |71 ANGELL BROOK DRIVE |52.jpg
102167|71 ANGELL BROOK DRIVE |71 ANGELL BROOK DRIVE |53.jpg
102168|70 ANGELL BROOK DRIVE|70 ANGELL BROOK DRIVE|44.jpg
102168|70 ANGELL BROOK DRIVE|70 ANGELL BROOK DRIVE|45.jpg
102169|64 ANGELL BROOK DRIVE|64 ANGELL BROOK DRIVE|38.jpg
102169|64 ANGELL BROOK DRIVE|64 ANGELL BROOK DRIVE|39.jpg
102170|62 ANGELL BROOK DRIVE|62 ANGELL BROOK DRIVE|36.jpg
102170|62 ANGELL BROOK DRIVE|62 ANGELL BROOK DRIVE|37.jpg
102171|60 ANGELL BROOK DRIVE |60 ANGELL BROOK DRIVE |34.jpg
102171|60 ANGELL BROOK DRIVE |60 ANGELL BROOK DRIVE |35.jpg
102172|55 ANGELL BROOK DRIVE|55 ANGELL BROOK DRIVE|54.jpg
102172|55 ANGELL BROOK DRIVE|55 ANGELL BROOK DRIVE|55.jpg
102173|54 ANGELL BROOK DRIVE|54 ANGELL BROOK DRIVE|28.jpg
102173|54 ANGELL BROOK DRIVE|54 ANGELL BROOK DRIVE|29.jpg
102174|53 ANGELL BROOK DRIVE|53 ANGELL BROOK DRIVE|56.jpg
102174|53 ANGELL BROOK DRIVE|53 ANGELL BROOK DRIVE|57.jpg
102175|52 ANGELL BROOK DRIVE|52 ANGELL BROOK DRIVE|32.jpg
102175|52 ANGELL BROOK DRIVE|52 ANGELL BROOK DRIVE|33.jpg
102176|51 ANGELL BROOK DRIVE|51 ANGELL BROOK DRIVE|58.jpg
102176|51 ANGELL BROOK DRIVE|51 ANGELL BROOK DRIVE|59.jpg
102177|50 ANGELL BROOK DRIVE|50 ANGELL BROOK DRIVE|30.jpg
102177|50 ANGELL BROOK DRIVE|50 ANGELL BROOK DRIVE|31.jpg
102178|48 ANGELL BROOK DRIVE |48 ANGELL BROOK DRIVE |26.jpg
102178|48 ANGELL BROOK DRIVE |48 ANGELL BROOK DRIVE |27.jpg
102179|46 ANGELL BROOK DRIVE|46 ANGELL BROOK DRIVE|24.jpg
102179|46 ANGELL BROOK DRIVE|46 ANGELL BROOK DRIVE|25.jpg
102180|44 ANGELL BROOK DRIVE|44 ANGELL BROOK DRIVE|39.jpg
102181|43 ANGELL BROOK DRIVE |43 ANGELL BROOK DRIVE |16.jpg
102181|43 ANGELL BROOK DRIVE |43 ANGELL BROOK DRIVE |17.jpg
102182|41 ANGELL BROOK DRIVE |41 ANGELL BROOK DRIVE |18.jpg
102182|41 ANGELL BROOK DRIVE |41 ANGELL BROOK DRIVE |19.jpg
102183|40 ANGELL BROOK DRIVE|40 ANGELL BROOK DRIVE|22.jpg
102183|40 ANGELL BROOK DRIVE|40 ANGELL BROOK DRIVE|23.jpg
102184|38 ANGELL BROOK DRIVE|38 ANGELL BROOK DRIVE|20.jpg
102184|38 ANGELL BROOK DRIVE|38 ANGELL BROOK DRIVE|21.jpg
102185|118 ANGELL BROOK DRIVE|118 ANGELL BROOK DRIVE|34.jpg
102185|118 ANGELL BROOK DRIVE|118 ANGELL BROOK DRIVE|14.jpg
102185|118 ANGELL BROOK DRIVE|118 ANGELL BROOK DRIVE|15.jpg
102185|118 ANGELL BROOK DRIVE|118 ANGELL BROOK DRIVE|ABD118.JPG
102186|30 ANGELL BROOK DRIVE |30 ANGELL BROOK DRIVE |08.jpg
102186|30 ANGELL BROOK DRIVE |30 ANGELL BROOK DRIVE |09.jpg
102187|28 ANGELL BROOK DRIVE |28 ANGELL BROOK DRIVE |06.jpg
102187|28 ANGELL BROOK DRIVE |28 ANGELL BROOK DRIVE |07.jpg
102188|26 ANGELL BROOK DRIVE|26 ANGELL BROOK DRIVE|04.jpg
102188|26 ANGELL BROOK DRIVE|26 ANGELL BROOK DRIVE|05.jpg
102189|25 ANGELL BROOK DRIVE|25 ANGELL BROOK DRIVE|14.jpg
102189|25 ANGELL BROOK DRIVE|25 ANGELL BROOK DRIVE|15.jpg
102190|24 ANGELL BROOK DRIVE|24 ANGELL BROOK DRIVE|02.jpg
102190|24 ANGELL BROOK DRIVE|24 ANGELL BROOK DRIVE|03.jpg
102191|23 ANGELL BROOK DRIVE|23 ANGELL BROOK DRIVE|12.jpg
102191|23 ANGELL BROOK DRIVE|23 ANGELL BROOK DRIVE|13.jpg
102192|22 ANGELL BROOK DRIVE |22 ANGELL BROOK DRIVE |25.jpg
102193|21 ANGELL BROOK DRIVE|21 ANGELL BROOK DRIVE|10.jpg
102193|21 ANGELL BROOK DRIVE|21 ANGELL BROOK DRIVE|11.jpg
102194|20 ANGELL BROOK DRIVE |20 ANGELL BROOK DRIVE |00.jpg
102194|20 ANGELL BROOK DRIVE |20 ANGELL BROOK DRIVE |01.jpg
102194|20 ANGELL BROOK DRIVE |20 ANGELL BROOK DRIVE |20ang.jpg
102195|19 ANGELL BROOK DRIVE|19 ANGELL BROOK DRIVE|73.jpg
102195|19 ANGELL BROOK DRIVE|19 ANGELL BROOK DRIVE|74.jpg
102196|18 ANGELL BROOK DRIVE |18 ANGELL BROOK DRIVE |77.jpg
102196|18 ANGELL BROOK DRIVE |18 ANGELL BROOK DRIVE |78.jpg
102197|17 ANGELL BROOK DRIVE|17 ANGELL BROOK DRIVE|71.jpg
102197|17 ANGELL BROOK DRIVE|17 ANGELL BROOK DRIVE|72.jpg
102198|16 ANGELL BROOK DRIVE |16 ANGELL BROOK DRIVE |75.jpg
102198|16 ANGELL BROOK DRIVE |16 ANGELL BROOK DRIVE |76.jpg
102199|15 ANGELL BROOK DRIVE|15 ANGELL BROOK DRIVE|69.jpg
102199|15 ANGELL BROOK DRIVE|15 ANGELL BROOK DRIVE|70.jpg
102200|14 ANGELL BROOK DRIVE |14 ANGELL BROOK DRIVE |79.jpg
102200|14 ANGELL BROOK DRIVE |14 ANGELL BROOK DRIVE |80.jpg
102201|12 ANGELL BROOK DRIVE|12 ANGELL BROOK DRIVE|81.jpg
102201|12 ANGELL BROOK DRIVE|12 ANGELL BROOK DRIVE|82.jpg
102202|11 ANGELL BROOK DRIVE |11 ANGELL BROOK DRIVE |63.jpg
102202|11 ANGELL BROOK DRIVE |11 ANGELL BROOK DRIVE |64.jpg
102203|10 ANGELL BROOK DRIVE|10 ANGELL BROOK DRIVE|01.jpg
102203|10 ANGELL BROOK DRIVE|10 ANGELL BROOK DRIVE|02.jpg
102204|9 ANGELL BROOK DRIVE |9 ANGELL BROOK DRIVE |65.jpg
102204|9 ANGELL BROOK DRIVE |9 ANGELL BROOK DRIVE |66.jpg
102205|8 ANGELL BROOK DRIVE|8 ANGELL BROOK DRIVE|83.jpg
102205|8 ANGELL BROOK DRIVE|8 ANGELL BROOK DRIVE|84.jpg
102206|130 ANGELL BROOK DRIVE |130 ANGELL BROOK DRIVE |70.jpg
102227|201 MAPLE STREET|201 MAPLE STREET|62.jpg
102227|201 MAPLE STREET|201 MAPLE STREET|63.jpg
102228|250 WORCESTER STREET #2|250 WORCESTER STREET #2|91.jpg
102228|250 WORCESTER STREET #2|250 WORCESTER STREET #2|92.jpg
102229|250 WORCESTER STREET #4|250 WORCESTER STREET #4|93.jpg
102229|250 WORCESTER STREET #4|250 WORCESTER STREET #4|94.jpg
102230|250 WORCESTER STREET #6|250 WORCESTER STREET #6|95.jpg
102230|250 WORCESTER STREET #6|250 WORCESTER STREET #6|96.jpg
102231|250 WORCESTER STREET #8|250 WORCESTER STREET #8|97.jpg
102231|250 WORCESTER STREET #8|250 WORCESTER STREET #8|98.jpg
102232|250  WORCESTER STREET  #10|250  WORCESTER STREET  #10|00.jpg
102232|250  WORCESTER STREET  #10|250  WORCESTER STREET  #10|01.jpg
102233|250  WORCESTER STREET  #12|250  WORCESTER STREET  #12|02.jpg
102233|250  WORCESTER STREET  #12|250  WORCESTER STREET  #12|03.jpg
102234|250 WORCESTER STREET #14|250 WORCESTER STREET #14|69.jpg
102234|250 WORCESTER STREET #14|250 WORCESTER STREET #14|48.jpg
102234|250 WORCESTER STREET #14|250 WORCESTER STREET #14|49.jpg
102249|39  ANGELL BROOK DRIVE|39  ANGELL BROOK DRIVE|34.jpg
102268|68  ANGELL BROOK DRIVE|68  ANGELL BROOK DRIVE|42.jpg
102268|68  ANGELL BROOK DRIVE|68  ANGELL BROOK DRIVE|43.jpg
102308|40 STERLING PLACE |40 STERLING PLACE |32.jpg
102308|40 STERLING PLACE |40 STERLING PLACE |00.jpg
102308|40 STERLING PLACE |40 STERLING PLACE |01.jpg
102329|76 MAPLE STREET |76 MAPLE STREET |76.jpg
102329|76 MAPLE STREET |76 MAPLE STREET |77.jpg
102329|76 MAPLE STREET |76 MAPLE STREET |76mapb.jpg
102329|76 MAPLE STREET |76 MAPLE STREET |76map.jpg
102330|74 MAPLE STREET|74 MAPLE STREET|69.jpg
102354|15 REED STREET #A|15 REED STREET #A|15reed.jpg
102354|15 REED STREET #A|15 REED STREET #A|15reed.jpg
102354|15 REED STREET #A|15 REED STREET #A|56.jpg
102354|15 REED STREET #A|15 REED STREET #A|57.jpg
102355|15 REED STREET #B|15 REED STREET #B|54.jpg
102355|15 REED STREET #B|15 REED STREET #B|55.jpg
102355|15 REED STREET #B|15 REED STREET #B|15reedb.jpg
102355|15 REED STREET #B|15 REED STREET #B|PXL_20250205_152337753.jpg
102372|11 NORTH MAIN STREET #1L|11 NORTH MAIN STREET #1L|74.jpg
102373|11 NORTH MAIN STREET #1R|11 NORTH MAIN STREET #1R|75.jpg
102374|11 NORTH MAIN STREET #2|11 NORTH MAIN STREET #2|76.jpg
102375|11 NORTH MAIN STREET #3|11 NORTH MAIN STREET #3|77.jpg
102376|11 NORTH MAIN STREET #B|11 NORTH MAIN STREET #B|78.jpg
102413|1 JASMINE DRIVE |1 JASMINE DRIVE |81.jpg
102413|1 JASMINE DRIVE |1 JASMINE DRIVE |82.jpg
102414|2 JASMINE DRIVE|2 JASMINE DRIVE|70.jpg
102414|2 JASMINE DRIVE|2 JASMINE DRIVE|71.jpg
102415|3 JASMINE DRIVE|3 JASMINE DRIVE|83.jpg
102415|3 JASMINE DRIVE|3 JASMINE DRIVE|84.jpg
102416|4 JASMINE DRIVE |4 JASMINE DRIVE |72.jpg
102416|4 JASMINE DRIVE |4 JASMINE DRIVE |73.jpg
102417|5 JASMINE DRIVE|5 JASMINE DRIVE|85.jpg
102417|5 JASMINE DRIVE|5 JASMINE DRIVE|86.jpg
102418|6 JASMINE DRIVE|6 JASMINE DRIVE|98.jpg
102418|6 JASMINE DRIVE|6 JASMINE DRIVE|00.jpg
102419|7 JASMINE DRIVE |7 JASMINE DRIVE |46.jpg
102420|8 JASMINE DRIVE |8 JASMINE DRIVE |96.jpg
102420|8 JASMINE DRIVE |8 JASMINE DRIVE |97.jpg
102421|9 JASMINE DRIVE|9 JASMINE DRIVE|16.jpg
102421|9 JASMINE DRIVE|9 JASMINE DRIVE|11.jpg
102422|10 JASMINE DRIVE |10 JASMINE DRIVE |97.jpg
102422|10 JASMINE DRIVE |10 JASMINE DRIVE |74.jpg
102422|10 JASMINE DRIVE |10 JASMINE DRIVE |75.jpg
102423|11 JASMINE DRIVE|11 JASMINE DRIVE|10.jpg
102424|12 JASMINE DRIVE |12 JASMINE DRIVE |34.jpg
102425|14 JASMINE DRIVE|14 JASMINE DRIVE|35.jpg
102425|14 JASMINE DRIVE|14 JASMINE DRIVE|17.jpg
102426|15 JASMINE DRIVE |15 JASMINE DRIVE |19.jpg
102426|15 JASMINE DRIVE |15 JASMINE DRIVE |95.jpg
102427|16 JASMINE DRIVE |16 JASMINE DRIVE |36.jpg
102428|17 JASMINE DRIVE |17 JASMINE DRIVE |96.jpg
102429|18 JASMINE DRIVE |18 JASMINE DRIVE |11.jpg
102430|19 JASMINE DRIVE|19 JASMINE DRIVE|97.jpg
102430|19 JASMINE DRIVE|19 JASMINE DRIVE|17.jpg
102431|20 JASMINE DRIVE |20 JASMINE DRIVE |22.jpg
102431|20 JASMINE DRIVE |20 JASMINE DRIVE |09.jpg
102432|22 JASMINE DRIVE|22 JASMINE DRIVE|08.jpg
102432|22 JASMINE DRIVE|22 JASMINE DRIVE|22 jasmine-a.JPG
102433|24 JASMINE DRIVE|24 JASMINE DRIVE|85.jpg
102434|26 JASMINE DRIVE|26 JASMINE DRIVE|23.jpg
102435|28 JASMINE DRIVE|28 JASMINE DRIVE|47.jpg
102436|63 SHRINE AVENUE #1|63 SHRINE AVENUE #1|71.jpg
102436|63 SHRINE AVENUE #1|63 SHRINE AVENUE #1|72.jpg
102438|63  SHRINE AVENUE  #2|63  SHRINE AVENUE  #2|73.jpg
102438|63  SHRINE AVENUE  #2|63  SHRINE AVENUE  #2|74.jpg
102439|63  SHRINE AVENUE  #3|63  SHRINE AVENUE  #3|75.jpg
102439|63  SHRINE AVENUE  #3|63  SHRINE AVENUE  #3|76.jpg
102440|63 SHRINE AVENUE #4|63 SHRINE AVENUE #4|77.jpg
102440|63 SHRINE AVENUE #4|63 SHRINE AVENUE #4|78.jpg
102441|101 AFRA DRIVE |101 AFRA DRIVE |16.jpg
102441|101 AFRA DRIVE |101 AFRA DRIVE |
102442|103 AFRA DRIVE|103 AFRA DRIVE|17.jpg
102443|105 AFRA DRIVE |105 AFRA DRIVE |18.jpg
102444|107 AFRA DRIVE|107 AFRA DRIVE|20.jpg
102445|109 AFRA DRIVE|109 AFRA DRIVE|21.jpg
102446|111 AFRA DRIVE|111 AFRA DRIVE|95.jpg
102446|111 AFRA DRIVE|111 AFRA DRIVE|35.jpg
102446|111 AFRA DRIVE|111 AFRA DRIVE|36.jpg
102447|115 AFRA DRIVE|115 AFRA DRIVE|62.jpg
102447|115 AFRA DRIVE|115 AFRA DRIVE|63.jpg
102448|117 AFRA DRIVE|117 AFRA DRIVE|64.jpg
102448|117 AFRA DRIVE|117 AFRA DRIVE|65.jpg
102448|117 AFRA DRIVE|117 AFRA DRIVE|84.jpg
102449|118 AFRA DRIVE|118 AFRA DRIVE|83.jpg
102449|118 AFRA DRIVE|118 AFRA DRIVE|84.jpg
102450|119 AFRA DRIVE|119 AFRA DRIVE|85.jpg
102450|119 AFRA DRIVE|119 AFRA DRIVE|86.jpg
102451|120 AFRA DRIVE |120 AFRA DRIVE |25.jpg
102451|120 AFRA DRIVE |120 AFRA DRIVE |26.jpg
102452|121 AFRA DRIVE |121 AFRA DRIVE |93.jpg
102453|122 AFRA DRIVE |122 AFRA DRIVE |90.jpg
102454|123 AFRA DRIVE|123 AFRA DRIVE|94.jpg
102455|124 AFRA DRIVE|124 AFRA DRIVE|86.jpg
102456|126 AFRA DRIVE|126 AFRA DRIVE|87.jpg
102456|126 AFRA DRIVE|126 AFRA DRIVE|28.jpg
102457|127 AFRA DRIVE |127 AFRA DRIVE |21.jpg
102458|128 AFRA DRIVE|128 AFRA DRIVE|27.jpg
102458|128 AFRA DRIVE|128 AFRA DRIVE|88.jpg
102459|129 AFRA DRIVE|129 AFRA DRIVE|66.jpg
102459|129 AFRA DRIVE|129 AFRA DRIVE|67.jpg
102460|130 AFRA DRIVE|130 AFRA DRIVE|89.jpg
102460|130 AFRA DRIVE|130 AFRA DRIVE|26.jpg
102461|131 AFRA DRIVE |131 AFRA DRIVE |24.jpg
102461|131 AFRA DRIVE |131 AFRA DRIVE |16.jpg
102462|132 AFRA DRIVE |132 AFRA DRIVE |25.jpg
102463|133 AFRA DRIVE|133 AFRA DRIVE|96.jpg
102464|134 AFRA DRIVE |134 AFRA DRIVE |24.jpg
102465|135 AFRA DRIVE |135 AFRA DRIVE |21.jpg
102465|135 AFRA DRIVE |135 AFRA DRIVE |15.jpg
102466|136 AFRA DRIVE|136 AFRA DRIVE|20.jpg
102466|136 AFRA DRIVE|136 AFRA DRIVE|38.jpg
102466|136 AFRA DRIVE|136 AFRA DRIVE|39.jpg
102467|137 AFRA DRIVE |137 AFRA DRIVE |98.jpg
102468|138 AFRA DRIVE|138 AFRA DRIVE|25.jpg
102468|138 AFRA DRIVE|138 AFRA DRIVE|30.jpg
102469|140 AFRA DRIVE|140 AFRA DRIVE|23.jpg
102469|140 AFRA DRIVE|140 AFRA DRIVE|23.jpg
102469|140 AFRA DRIVE|140 AFRA DRIVE|24.jpg
102470|1  EMILY DRIVE|1  EMILY DRIVE|20.jpg
102470|1  EMILY DRIVE|1  EMILY DRIVE|21.jpg
102472|2  EMILY DRIVE|2  EMILY DRIVE|18.jpg
102472|2  EMILY DRIVE|2  EMILY DRIVE|19.jpg
102473|3  EMILY DRIVE|3  EMILY DRIVE|22.jpg
102473|3  EMILY DRIVE|3  EMILY DRIVE|23.jpg
102474|4  EMILY DRIVE|4  EMILY DRIVE|16.jpg
102474|4  EMILY DRIVE|4  EMILY DRIVE|17.jpg
102475|5  EMILY DRIVE|5  EMILY DRIVE|24.jpg
102475|5  EMILY DRIVE|5  EMILY DRIVE|25.jpg
102476|6  EMILY DRIVE|6  EMILY DRIVE|14.jpg
102476|6  EMILY DRIVE|6  EMILY DRIVE|15.jpg
102477|7  EMILY DRIVE|7  EMILY DRIVE|26.jpg
102477|7  EMILY DRIVE|7  EMILY DRIVE|27.jpg
102478|8 EMILY DRIVE |8 EMILY DRIVE |12.jpg
102478|8 EMILY DRIVE |8 EMILY DRIVE |13.jpg
102479|9  EMILY DRIVE|9  EMILY DRIVE|28.jpg
102479|9  EMILY DRIVE|9  EMILY DRIVE|29.jpg
102480|10 EMILY DRIVE |10 EMILY DRIVE |10.jpg
102480|10 EMILY DRIVE |10 EMILY DRIVE |11.jpg
102481|11  EMILY DRIVE|11  EMILY DRIVE|30.jpg
102481|11  EMILY DRIVE|11  EMILY DRIVE|31.jpg
102482|12 EMILY DRIVE |12 EMILY DRIVE |08.jpg
102482|12 EMILY DRIVE |12 EMILY DRIVE |09.jpg
102483|14  EMILY DRIVE|14  EMILY DRIVE|05.jpg
102483|14  EMILY DRIVE|14  EMILY DRIVE|06.jpg
102484|15 EMILY DRIVE|15 EMILY DRIVE|32.jpg
102484|15 EMILY DRIVE|15 EMILY DRIVE|33.jpg
102485|16 EMILY DRIVE |16 EMILY DRIVE |03.jpg
102485|16 EMILY DRIVE |16 EMILY DRIVE |04.jpg
102486|17 EMILY DRIVE|17 EMILY DRIVE|34.jpg
102486|17 EMILY DRIVE|17 EMILY DRIVE|35.jpg
102486|17 EMILY DRIVE|17 EMILY DRIVE|02.jpg
102487|18 EMILY DRIVE|18 EMILY DRIVE|01.jpg
102487|18 EMILY DRIVE|18 EMILY DRIVE|02.jpg
102488|19 EMILY DRIVE |19 EMILY DRIVE |37.jpg
102488|19 EMILY DRIVE |19 EMILY DRIVE |91.jpg
102494|160 MALDEN STREET|160 MALDEN STREET|MAL0160A.JPG
102494|160 MALDEN STREET|160 MALDEN STREET|MAL0160B.JPG
102494|160 MALDEN STREET|160 MALDEN STREET|MAL0160B1.JPG
102496|21 SHREWSBURY STREET|21 SHREWSBURY STREET|08.jpg
102496|21 SHREWSBURY STREET|21 SHREWSBURY STREET|09.jpg
102514|136 HOSMER STREET #136|136 HOSMER STREET #136|68.jpg
102514|136 HOSMER STREET #136|136 HOSMER STREET #136|08.jpg
102514|136 HOSMER STREET #136|136 HOSMER STREET #136|09.jpg
102515|136B HOSMER STREET #136B|136B HOSMER STREET #136B|10.jpg
102515|136B HOSMER STREET #136B|136B HOSMER STREET #136B|11.jpg
102515|136B HOSMER STREET #136B|136B HOSMER STREET #136B|136hos.jpg
102532|100 PROSPECT STREET |100 PROSPECT STREET |PRO0100A.JPG
102532|100 PROSPECT STREET |100 PROSPECT STREET |PRO0100B.JPG
102552|9 HOSMER STREET|9 HOSMER STREET|79.jpg
102552|9 HOSMER STREET|9 HOSMER STREET|80.jpg
102575|23 FAIRBANKS STREET|23 FAIRBANKS STREET|37.jpg
102575|23 FAIRBANKS STREET|23 FAIRBANKS STREET|65.jpg
102575|23 FAIRBANKS STREET|23 FAIRBANKS STREET|66.jpg
102593|152  WORCESTER STREET|152  WORCESTER STREET|31.jpg
102636|22 VALLEY FORGE CIRCLE|22 VALLEY FORGE CIRCLE|27.jpg
102636|22 VALLEY FORGE CIRCLE|22 VALLEY FORGE CIRCLE|28.jpg
102636|22 VALLEY FORGE CIRCLE|22 VALLEY FORGE CIRCLE|54.jpg
102654|95 ANGELL BROOK DRIVE|95 ANGELL BROOK DRIVE|52.jpg
102679|100 PRESCOTT STREET |100 PRESCOTT STREET |01.jpg
102679|100 PRESCOTT STREET |100 PRESCOTT STREET |03.jpg
102679|100 PRESCOTT STREET |100 PRESCOTT STREET |10.jpg
102679|100 PRESCOTT STREET |100 PRESCOTT STREET |PRE100B.JPG
102679|100 PRESCOTT STREET |100 PRESCOTT STREET |PRE100AA.JPG
102679|100 PRESCOTT STREET |100 PRESCOTT STREET |PRE100A.JPG
102680|152 WORCESTER STREET #2|152 WORCESTER STREET #2|152wor.jpg
102680|152 WORCESTER STREET #2|152 WORCESTER STREET #2|05.jpg
102681|152 WORCESTER STREET #4|152 WORCESTER STREET #4|04.jpg
102681|152 WORCESTER STREET #4|152 WORCESTER STREET #4|152wor.jpg
102682|152 WORCESTER STREET #6|152 WORCESTER STREET #6|152wor.jpg
102682|152 WORCESTER STREET #6|152 WORCESTER STREET #6|03.jpg
102683|152 WORCESTER STREET #8|152 WORCESTER STREET #8|02.jpg
102701|405 LANCASTER STREET|405 LANCASTER STREET|03.jpg
102701|405 LANCASTER STREET|405 LANCASTER STREET|
102722|77 LEE STREET |77 LEE STREET |86.jpg
102722|77 LEE STREET |77 LEE STREET |87.jpg
102722|77 LEE STREET |77 LEE STREET |45.jpg
102722|77 LEE STREET |77 LEE STREET |46.jpg
102722|77 LEE STREET |77 LEE STREET |47.jpg
102722|77 LEE STREET |77 LEE STREET |40.jpg
102767|145 ANGELL BROOK DRIVE |145 ANGELL BROOK DRIVE |05.jpg
102767|145 ANGELL BROOK DRIVE |145 ANGELL BROOK DRIVE |06.jpg
102767|145 ANGELL BROOK DRIVE |145 ANGELL BROOK DRIVE |94.jpg
102767|145 ANGELL BROOK DRIVE |145 ANGELL BROOK DRIVE |ABD145.JPG
102787|204 LANCASTER STREET |204 LANCASTER STREET |89.jpg
102787|204 LANCASTER STREET |204 LANCASTER STREET |91.jpg
102807|150 A WORCESTER STREET |150 A WORCESTER STREET |150wrc.jpg
102807|150 A WORCESTER STREET |150 A WORCESTER STREET |88.jpg
102807|150 A WORCESTER STREET |150 A WORCESTER STREET |89.jpg
102808|150 B WORCESTER STREET |150 B WORCESTER STREET |90.jpg
102808|150 B WORCESTER STREET |150 B WORCESTER STREET |91.jpg
102808|150 B WORCESTER STREET |150 B WORCESTER STREET |150wrc.jpg
102809|150 D WORCESTER STREET|150 D WORCESTER STREET|150wrd.jpg
102809|150 D WORCESTER STREET|150 D WORCESTER STREET|94.jpg
102809|150 D WORCESTER STREET|150 D WORCESTER STREET|95.jpg
102810|150 C WORCESTER STREET |150 C WORCESTER STREET |92.jpg
102810|150 C WORCESTER STREET |150 C WORCESTER STREET |93.jpg
102810|150 C WORCESTER STREET |150 C WORCESTER STREET |150wrd.jpg
102827|218 PRESCOTT STREET |218 PRESCOTT STREET |35.jpg
102827|218 PRESCOTT STREET |218 PRESCOTT STREET |36.jpg
102828|216  PRESCOTT STREET|216  PRESCOTT STREET|33.jpg
102828|216  PRESCOTT STREET|216  PRESCOTT STREET|34.jpg
102829|214  PRESCOTT STREET|214  PRESCOTT STREET|31.jpg
102829|214  PRESCOTT STREET|214  PRESCOTT STREET|32.jpg
102847|58 KEYES STREET |58 KEYES STREET |KEY0058A.JPG
102847|58 KEYES STREET |58 KEYES STREET |IMG_2539 (2).jpg
102847|58 KEYES STREET |58 KEYES STREET |KEY58.JPG
102848|60  KEYES STREET|60  KEYES STREET|IMG_2538 (2).jpg
102848|60  KEYES STREET|60  KEYES STREET|44.jpg
102848|60  KEYES STREET|60  KEYES STREET|79.jpg
102848|60  KEYES STREET|60  KEYES STREET|80.jpg
102848|60  KEYES STREET|60  KEYES STREET|81.jpg
102848|60  KEYES STREET|60  KEYES STREET|82.jpg
102848|60  KEYES STREET|60  KEYES STREET|83.jpg
102848|60  KEYES STREET|60  KEYES STREET|84.jpg
102867|9 EDGEWOOD AVENUE |9 EDGEWOOD AVENUE |14.jpg
102867|9 EDGEWOOD AVENUE |9 EDGEWOOD AVENUE |15.jpg
102907|208 BEAMAN STREET|208 BEAMAN STREET|92.jpg
102907|208 BEAMAN STREET|208 BEAMAN STREET|93.jpg
102907|208 BEAMAN STREET|208 BEAMAN STREET|94.jpg
102907|208 BEAMAN STREET|208 BEAMAN STREET|95.jpg
102907|208 BEAMAN STREET|208 BEAMAN STREET|96.jpg
102908|225 PRESCOTT STREET |225 PRESCOTT STREET |75.jpg
102908|225 PRESCOTT STREET |225 PRESCOTT STREET |76.jpg
102908|225 PRESCOTT STREET |225 PRESCOTT STREET |79.jpg
102908|225 PRESCOTT STREET |225 PRESCOTT STREET |225psp.jpg
102909|223 PRESCOTT STREET|223 PRESCOTT STREET|09.jpg
102909|223 PRESCOTT STREET|223 PRESCOTT STREET|93.jpg
102909|223 PRESCOTT STREET|223 PRESCOTT STREET|95.jpg
102947|2 NUHA CIRCLE|2 NUHA CIRCLE|36.jpg
102947|2 NUHA CIRCLE|2 NUHA CIRCLE|21.jpg
102948|1 NUHA CIRCLE |1 NUHA CIRCLE |NUH1A.JPG
102948|1 NUHA CIRCLE |1 NUHA CIRCLE |NUH1B.JPG
102948|1 NUHA CIRCLE |1 NUHA CIRCLE |NUH1BB.JPG
102948|1 NUHA CIRCLE |1 NUHA CIRCLE |37.jpg
102948|1 NUHA CIRCLE |1 NUHA CIRCLE |85.jpg
102948|1 NUHA CIRCLE |1 NUHA CIRCLE |86.jpg
102949|217 PRESCOTT STREET |217 PRESCOTT STREET |39.jpg
102949|217 PRESCOTT STREET |217 PRESCOTT STREET |40.jpg
102949|217 PRESCOTT STREET |217 PRESCOTT STREET |PRE217.JPG
102949|217 PRESCOTT STREET |217 PRESCOTT STREET |PRE217A.JPG
102949|217 PRESCOTT STREET |217 PRESCOTT STREET |PRE217B.JPG
103027|243 WOODLAND STREET |243 WOODLAND STREET |28.jpg
103027|243 WOODLAND STREET |243 WOODLAND STREET |29.jpg
103028|239 WOODLAND STREET |239 WOODLAND STREET |WOD0239AA.JPG
103028|239 WOODLAND STREET |239 WOODLAND STREET |WOD0239BB.JPG
103047|29 WESTLAND CIRCLE |29 WESTLAND CIRCLE |WLC0029A.JPG
103047|29 WESTLAND CIRCLE |29 WESTLAND CIRCLE |IMG_0015.JPG
103067|4 NUHA CIRCLE|4 NUHA CIRCLE|55.jpg
103067|4 NUHA CIRCLE|4 NUHA CIRCLE|56.jpg
103068|6 NUHA CIRCLE|6 NUHA CIRCLE|39.jpg
103068|6 NUHA CIRCLE|6 NUHA CIRCLE|40.jpg
103069|8 NUHA CIRCLE|8 NUHA CIRCLE|35.jpg
103069|8 NUHA CIRCLE|8 NUHA CIRCLE|36.jpg
103070|10 NUHA CIRCLE |10 NUHA CIRCLE |23.jpg
103070|10 NUHA CIRCLE |10 NUHA CIRCLE |IMG_0004.JPG
103071|9 NUHA CIRCLE |9 NUHA CIRCLE |33.jpg
103071|9 NUHA CIRCLE |9 NUHA CIRCLE |34.jpg
103072|7 NUHA CIRCLE |7 NUHA CIRCLE |38.jpg
103073|5 NUHA CIRCLE|5 NUHA CIRCLE|41.jpg
103073|5 NUHA CIRCLE|5 NUHA CIRCLE|42.jpg
103074|3 NUHA CIRCLE|3 NUHA CIRCLE|53.jpg
103074|3 NUHA CIRCLE|3 NUHA CIRCLE|54.jpg
103107|94 HOSMER STREET|94 HOSMER STREET|43.jpg
103107|94 HOSMER STREET|94 HOSMER STREET|69.jpg
103107|94 HOSMER STREET|94 HOSMER STREET|70.jpg
103107|94 HOSMER STREET|94 HOSMER STREET|IMG_2537 (2).jpg
103108|96 HOSMER STREET |96 HOSMER STREET |IMG_2536 (2).jpg
103108|96 HOSMER STREET |96 HOSMER STREET |39.jpg
103108|96 HOSMER STREET |96 HOSMER STREET |40.jpg
103108|96 HOSMER STREET |96 HOSMER STREET |41.jpg
103108|96 HOSMER STREET |96 HOSMER STREET |42.jpg
103108|96 HOSMER STREET |96 HOSMER STREET |43.jpg
103108|96 HOSMER STREET |96 HOSMER STREET |44.jpg
103108|96 HOSMER STREET |96 HOSMER STREET |45.jpg
103110|2 MARSH HAWK WAY |2 MARSH HAWK WAY |MHW0002A.JPG
103110|2 MARSH HAWK WAY |2 MARSH HAWK WAY |MHW0002B.JPG
103110|2 MARSH HAWK WAY |2 MARSH HAWK WAY |74.jpg
103127|92 NORTH MAIN STREET |92 NORTH MAIN STREET |92nm.JPG
103148|1 LEE STREET |1 LEE STREET |1lee.jpg
103148|1 LEE STREET |1 LEE STREET |LEE1B.JPG
103148|1 LEE STREET |1 LEE STREET |LEE1A.JPG
103187|70 NEWTON STREET |70 NEWTON STREET |54.jpg
103267|158 HARTWELL STREET |158 HARTWELL STREET |HAR158.JPG
103287|252 MAPLE STREET |252 MAPLE STREET |73.jpg
103287|252 MAPLE STREET |252 MAPLE STREET |74.jpg
103287|252 MAPLE STREET |252 MAPLE STREET |75.jpg
103290|90 STERLING STREET #A|90 STERLING STREET #A|46.jpg
103292|90 STERLING STREET #B|90 STERLING STREET #B|47.jpg
103294|90  STERLING STREET #D|90  STERLING STREET #D|49.jpg
103307|90 STERLING STREET #C|90 STERLING STREET #C|48.jpg
103308|90 STERLING STREET #E|90 STERLING STREET #E|50.jpg
103309|90  STERLING STREET #O|90  STERLING STREET #O|60.jpg
103310|90 STERLING STREET #P|90 STERLING STREET #P|75.jpg
103311|90 STERLING STREET #N|90 STERLING STREET #N|59.jpg
103312|90 STERLING STREET #M|90 STERLING STREET #M|58.jpg
103327|90 STERLING STREET #F|90 STERLING STREET #F|51.jpg
103328|90 STERLING STREET #G |90 STERLING STREET #G |52.jpg
103329|90 STERLING STREET #H|90 STERLING STREET #H|53.jpg
103330|90 STERLING STREET #I |90 STERLING STREET #I |54.jpg
103347|90 STERLING STREET #J |90 STERLING STREET #J |55.jpg
103348|90 STERLING STREET #K|90 STERLING STREET #K|56.jpg
103349|90 STERLING STREET #L|90 STERLING STREET #L|57.jpg
103367|115 CENTURY DRIVE |115 CENTURY DRIVE |99 Century.png
103368|258  MAPLE STREET|258  MAPLE STREET|89.jpg
103368|258  MAPLE STREET|258  MAPLE STREET|90.jpg
103368|258  MAPLE STREET|258  MAPLE STREET|91.jpg
103368|258  MAPLE STREET|258  MAPLE STREET|92.jpg
103388|341 MAPLE STREET |341 MAPLE STREET |IMG_0139.JPG
103388|341 MAPLE STREET |341 MAPLE STREET |IMG_0140.JPG
103407|31 WESTLAND CIRCLE |31 WESTLAND CIRCLE |WLC0031A.JPG
103407|31 WESTLAND CIRCLE |31 WESTLAND CIRCLE |31west.jpg
103408|33 WESTLAND CIRCLE |33 WESTLAND CIRCLE |IMG_0200.JPG
103409|35 WESTLAND CIRCLE |35 WESTLAND CIRCLE |WLC0035A.JPG
103410|37 WESTLAND CIRCLE |37 WESTLAND CIRCLE |WLC0037A.JPG
103411|36 WESTLAND CIRCLE |36 WESTLAND CIRCLE |WLC0036A.JPG
103411|36 WESTLAND CIRCLE |36 WESTLAND CIRCLE |36 westland cir-c.JPG
103411|36 WESTLAND CIRCLE |36 WESTLAND CIRCLE |36 westland cir-a.JPG
103412|34 WESTLAND CIRCLE |34 WESTLAND CIRCLE |WLC0034A.JPG
103414|30 WESTLAND CIRCLE |30 WESTLAND CIRCLE |WLC003 A.JPG
103417|239 WOODLAND STREET #1|239 WOODLAND STREET #1|WOD0239AA.JPG
103417|239 WOODLAND STREET #1|239 WOODLAND STREET #1|WOD0239BB.JPG
103418|239 WOODLAND STREET #2|239 WOODLAND STREET #2|WOD0239AA.JPG
103418|239 WOODLAND STREET #2|239 WOODLAND STREET #2|WOD0239BB.JPG
103418|239 WOODLAND STREET #2|239 WOODLAND STREET #2|
103418|239 WOODLAND STREET #2|239 WOODLAND STREET #2|
103419|239 WOODLAND STREET #3|239 WOODLAND STREET #3|WOD0239AA.JPG
103419|239 WOODLAND STREET #3|239 WOODLAND STREET #3|WOD0239BB.JPG
103420|239 WOODLAND STREET #4|239 WOODLAND STREET #4|WOD0239-4A.JPG
103420|239 WOODLAND STREET #4|239 WOODLAND STREET #4|WOD0239BB.JPG
103422|0 THOMAS STREET |0 THOMAS STREET |THO699.JPG
103422|0 THOMAS STREET |0 THOMAS STREET |THO699A.JPG
103423|266 PROSPECT STREET |266 PROSPECT STREET |266prs.jpg
103423|266 PROSPECT STREET |266 PROSPECT STREET |IMG_0193.JPG
103423|266 PROSPECT STREET |266 PROSPECT STREET |IMG_0194.JPG
103423|266 PROSPECT STREET |266 PROSPECT STREET |266pro.jpg
103424|268 PROSPECT STREET |268 PROSPECT STREET |268pros.jpg
103424|268 PROSPECT STREET |268 PROSPECT STREET |268prs.jpg
103424|268 PROSPECT STREET |268 PROSPECT STREET |IMG_0195.JPG
103425|270 PROSPECT STREET |270 PROSPECT STREET |270prs.jpg
103425|270 PROSPECT STREET |270 PROSPECT STREET |270pros.jpg
103428|81  FRANKLIN STREET |81  FRANKLIN STREET |IMG_0151.JPG
103428|81  FRANKLIN STREET |81  FRANKLIN STREET |IMG_0152.JPG
103435|20 HOLT STREET #A|20 HOLT STREET #A|IMG_0162.JPG
103435|20 HOLT STREET #A|20 HOLT STREET #A|IMG_0165.JPG
103436|20 HOLT STREET #B|20 HOLT STREET #B|IMG_0164.JPG
103436|20 HOLT STREET #B|20 HOLT STREET #B|IMG_0167.JPG
103437|20 HOLT STREET #C|20 HOLT STREET #C|IMG_0168.JPG
103437|20 HOLT STREET #C|20 HOLT STREET #C|IMG_0165.JPG
103438|20 HOLT STREET #D|20 HOLT STREET #D|IMG_0169.JPG
103438|20 HOLT STREET #D|20 HOLT STREET #D|IMG_0165.JPG
103439|20 HOLT STREET #E|20 HOLT STREET #E|IMG_0165.JPG
103439|20 HOLT STREET #E|20 HOLT STREET #E|IMG_0162.JPG
103440|20 HOLT STREET #F|20 HOLT STREET #F|IMG_0164.JPG
103440|20 HOLT STREET #F|20 HOLT STREET #F|IMG_0167.JPG
103441|20 HOLT STREET #G|20 HOLT STREET #G|IMG_0165.JPG
103441|20 HOLT STREET #G|20 HOLT STREET #G|IMG_0175.JPG
103441|20 HOLT STREET #G|20 HOLT STREET #G|IMG_0168.JPG
103442|20 HOLT STREET #H|20 HOLT STREET #H|IMG_0173.JPG
103442|20 HOLT STREET #H|20 HOLT STREET #H|IMG_0175.JPG
103446|241 WOODLAND STREET #A|241 WOODLAND STREET #A|241wood1-2.jpg
103447|241 WOODLAND STREET #B|241 WOODLAND STREET #B|241wood1-2.jpg
103448|241 WOODLAND STREET #C|241 WOODLAND STREET #C|241wood3-4.jpg
103455|71 SHRINE AVENUE |71 SHRINE AVENUE |PXL_20250312_150237788.MP.jpg
103455|71 SHRINE AVENUE |71 SHRINE AVENUE |PXL_20250312_150506770.jpg
103456|73 SHRINE AVENUE |73 SHRINE AVENUE |PXL_20250312_150259946.jpg
103456|73 SHRINE AVENUE |73 SHRINE AVENUE |PXL_20250312_150506770.jpg
103456|73 SHRINE AVENUE |73 SHRINE AVENUE |SHR73A.jpg
103456|73 SHRINE AVENUE |73 SHRINE AVENUE |SHR73AA.jpg
103457|75 SHRINE AVENUE |75 SHRINE AVENUE |PXL_20250312_150541489.jpg
103457|75 SHRINE AVENUE |75 SHRINE AVENUE |SHR75.jpg
103458|77 SHRINE AVENUE |77 SHRINE AVENUE |PXL_20250312_150322450.jpg
103458|77 SHRINE AVENUE |77 SHRINE AVENUE |PXL_20250312_150541489.jpg
