"USECODE","FUELTYPE","AREASQ"
"316","Electric",12712
"316","Gas",17269
"316",NA,3000
"720","Gas",9000
"322","Gas",2594
"931","Gas",348
"971","Typical",1152
"934","Typical",53734
"316","Coal or Wood",576
"910","NONE",4211
"412","Oil",576
"412","Oil",0
"412","Oil",1568
"714","Electric",1500
"981","Typical",6450
"316","Coal or Wood",9520
"313","Typical",18000
"990","Typical",1464
"313","Coal or Wood",9600
"313","Coal or Wood",10100
"313","Coal or Wood",11850
"934","Typical",20880
"970","Typical",1600
"970","Typical",1776
"970","Typical",1776
"970","Typical",1776
"970","Typical",1776
"970","Typical",1776
"970","Typical",1776
"970","Typical",1776
"970","Typical",1776
"970","Typical",1776
"970","Typical",1776
"970","Typical",1776
"970","Typical",1776
"970","Typical",1776
"322","Oil",2282
"341","Gas",1158
"341","Gas",1462
"989","Gas",2800
"341","Gas",2326
"341","Gas",8384
"340","Gas",10710
"402","Oil",3024
"400","Gas",2880
"400","Gas",18975
"971","Gas",9516
"112","Oil",3696
"112","Oil",3696
"112","Oil",3696
"112","Oil",3696
"112","Oil",3696
"112","Oil",3696
"112","Oil",3696
"112","Oil",3696
"112","Oil",3696
"112","Oil",3696
"112","Oil",3696
"112","Oil",3696
"314","Coal or Wood",12024
"314","Oil",5280
"400","Gas",275103
"316","Oil",9000
"959","Typical",14616
"316","Oil",29184
"806","Coal or Wood",11450
"400","Oil",18984
"323","Oil",57197
"112","Oil",3640
"112","Oil",3640
"112","Oil",3640
"400","Oil",5000
"010","Gas",2093
"322","Gas",3390
"316","Oil",7340
"322","Oil",1412
"316","Oil",10000
"036","Oil",13104
"322","Gas",5000
"322","Gas",18204
"322","Gas",1044
"400","Oil",60167
"340","Gas",4000
"322","Electric",2480
"322","NONE",0
"322","NONE",0
"340","Gas",2450
"326","Gas",3671
"332","Oil",3140
"332","Oil",3140
"332","Oil",3140
"332","Oil",3140
"316","Gas",19000
"112","Oil",10881
"400","Oil",8240
"960","Oil",4348
"354","NONE",3348
"354","NONE",11220
"354","Gas",2400
"354","Gas",7500
"354","NONE",2016
"354","Electric",13860
"354","Electric",1080
"931","Gas",9506
"326","Gas",1822
"340","Gas",166
"340","Gas",501
"354","Gas",7350
"354","NONE",8575
"354","NONE",11150
"354","NONE",12425
"354","Gas",9313
"354","Gas",10575
"354","Gas",11592
"354","Gas",2750
"354","Oil",5412
"354","Gas",1375
"354","Gas",100
"354","Gas",261
"354","Oil",832
"931","Gas",6000
"931","Gas",15409
"931","Gas",300
"931","Gas",430
"997","Gas",9175
"997","Gas",1869
"340","Gas",6648
"960","Gas",43050
"316","Oil",2016
"316","Oil",4074
"316","Oil",4212
"322","Gas",4100
"322","Oil",4620
"316","Gas",96
"316","Gas",640105
"340","Gas",21740
"321","Oil",6720
"340","Gas",1975
"960","Gas",31662
"960","Gas",31662
"960","Typical",31662
"960","Typical",31662
"334","Gas",4513
"322","Gas",5513
"960","Typical",4414
"960","Typical",7924
"954","Typical",1924
"112","Gas",9480
"400","Oil",26400
"330","Oil",2720
"955","Gas",4250
"955","Gas",75042
"955","Gas",95291
"326","Oil",2010
"326","Oil",2288
"322","Oil",2746
"400","Gas",1640
"400","Gas",2161
"400","Gas",5940
"400","Gas",59627
"400","Gas",4312
"400","Gas",15385
"960","Oil",4275
"960","Oil",5778
"111","Electric",7280
"970","Typical",50745
"316","Oil",4752
"316","Oil",4752
"316","Oil",4752
"316","Oil",4752
"971","Typical",10928
"031","Oil",6480
"316","Oil",8288
"316","Oil",16200
"322","Gas",1176
"322","Oil",2397
"010","Gas",1406
"010","NONE",1663
"322","Gas",3374
"322","Oil",2520
"713","Typical",5442
"011","Oil",20672
"112","Oil",32556
"316","Gas",6612
"402","Gas",31780
"140","Oil",8216
"112","Oil",600
"112","Oil",2048
"112","Oil",17428
"112","Oil",17428
"112","Oil",17428
"112","Oil",17428
"112","Oil",18634
"112","Oil",20064
"112","Oil",20424
"112","Oil",20920
"112","Oil",20920
"112","Oil",21100
"112","Oil",24688
"112","Oil",24688
"332","Oil",2448
"935","Typical",5927
"957","Oil",1428
"959","Gas",2822
"337","Gas",0
"316","Oil",1938
"340","Gas",6110
"340","Oil",16302
"340","Oil",1680
"340","Oil",2800
"010","Gas",5232
"400","Gas",215179
"400","Gas",215179
"400","Gas",215179
"400","Gas",215179
"934","Typical",1980
"934","Typical",30691
"934","Typical",30691
"400","Oil",9168
"112","Electric",7452
"112","Electric",7452
"112","Electric",7452
"112","Electric",7452
"112","Electric",14904
"112","Electric",14904
"112","Electric",18630
"112","Electric",676
"400","Gas",33717
"807","Oil",1620
"340","Gas",3150
"901","Typical",4097
"901","Typical",17596
"961","Oil",1224
"953","Coal or Wood",1663
"322","Oil",2021
"322","Oil",2704
"440","Gas",6400
"440","Gas",24000
"960","Typical",9292
"316","Oil",35866
"316","Coal or Wood",2800
"316","Oil",3016
"316","Gas",5016
"322","Oil",4530
"112","Oil",3840
"112","Oil",3840
"112","Oil",3840
"112","Oil",3840
"112","Oil",3840
"112","Oil",3840
"316","Gas",22480
"316","NONE",18900
"112","Electric",18500
"112","Electric",18500
"112","Electric",18500
"112","Electric",18500
"953","Typical",2010
"322","Oil",1892
"341","Gas",36028
"322","Gas",180130
"322","Gas",180130
"322","Gas",180130
"322","Gas",180130
"010","Oil",2144
"010","Oil",2144
"010","Oil",2144
"010","Oil",2144
"032","Oil",2276
"340","Gas",2240
"805","Oil",11137
"032","Oil",3924
"010","Gas",1480
"010","Oil",2268
"934","Gas",53734
"971","Typical",10020
"332","Oil",3320
"332","Oil",1722
"332","Oil",6860
"400","Oil",1470
"316","Gas",8656
"935","Oil",6808
"322","Coal or Wood",3612
"342","Oil",1093
"981","NONE",338
"316","Gas",40800
"316","Oil",2048
"032","Oil",3400
"959","Gas",2764
"960","Typical",13491
"340","Gas",5433
"340","Gas",1839
"341","Oil",408
"970","Oil",1718
"970","Oil",4134
"970","Solar Assisted",2756
"034","Gas",4314
"400","Gas",36377
"322","Electric",2880
"322","Oil",25188
"970","Electric",8288
"032","Electric",3360
"314","Gas",16500
"400","Oil",22304
"334","Gas",3500
"316","Oil",5400
"334","Oil",2068
"316","Oil",1056
"316","Coal or Wood",12800
"316","NONE",20812
"316","NONE",23760
"316","Oil",2640
"340","Oil",1999
"321","Oil",3000
"330","Oil",12100
"031","Oil",8932
"332","Oil",525
"332","Oil",784
"332","Oil",2000
"341","Gas",2772
"970","Typical",3462
"970","Typical",5094
"970","Typical",5094
"970","Typical",5094
"970","Typical",5094
"970","Typical",5094
"970","Typical",5094
"970","Typical",5094
"970","Typical",5094
"970","Typical",5094
"970","Typical",5094
"970","Typical",5094
"316","Oil",4852
"316","Oil",3840
"400","Oil",2400
"316","Typical",3786
"316","Gas",86790
"316","Oil",6400
"316","Gas",15286
"373","Typical",2130
"330","Gas",1260
"011","Gas",13850
"400","Gas",127500
"901",NA,1440
"901",NA,2672
"901",NA,3044
"901",NA,3401
"901",NA,3768
"901",NA,4000
"901",NA,4800
"901",NA,5092
"901",NA,6000
"901",NA,8344
"901",NA,9464
"901",NA,9796
"901",NA,10648
"901",NA,11280
"901",NA,12292
"901",NA,18100
"901",NA,18308
"901",NA,19224
"901",NA,21405
"901",NA,42312
"934","Typical",264759
"316","Gas",2560
"960","Typical",22152
"401","Gas",7080
"401","Gas",227400
"334","Coal or Wood",595
"334","Oil",1786
"334","Oil",1786
"334","Oil",1786
"334","Oil",1786
"340","Typical",9888
"366","Gas",86524
"326","Gas",4167
"400","Gas",13584
"140","Oil",6691
"316","Electric",3024
"112","Electric",8215
"112","Electric",16430
"322","Oil",1772
"332","Oil",1916
"400","Gas",5814
"322","Typical",1560
"959","Gas",3361
"326","Oil",7386
"322","Gas",1482
"011","Oil",19808
"901","Oil",3645
"301","Electric",22100
"301","Gas",1403
"960","Gas",8668
"316","Oil",2432
"322","Oil",7664
"332","Oil",1640
"032","Gas",2880
"400","Gas",13302
"430","Oil",7447
"322","Gas",7540
"112","Electric",10284
"112","Electric",23904
"316","Gas",34754
"961","Typical",2700
"400","Oil",6655
"011","Gas",5394
"342","Oil",8830
"322","Gas",15108
"322","Oil",4032
"316","Oil",1696
"340","Gas",19562
"340","Gas",19562
"340","Gas",19562
"340","Gas",19562
"957","Gas",5260
"340","Gas",3256
"400","Oil",14616
"400","NONE",169668
"330","Oil",2200
"316","Gas",7930
"316","Oil",4548
"931","Gas",47250
"931","Gas",10059
"931","Gas",42507
"326","Gas",3831
"334","NONE",1818
"334","NONE",3552
"401","Gas",242152
"401","Gas",242152
"401","Gas",242152
"401","Gas",242152
"316","Gas",140840
"316","Gas",306009
"322","Gas",2440
"322","Gas",7490
"400","Oil",99554
"400","Gas",4140
"322","Oil",2958
"322","Oil",3690
"333","Gas",4800
"316","Gas",31198
"316","Gas",31198
"316","Gas",31198
"316","Gas",31198
"316","Gas",31198
"316","Gas",31198
"316","Gas",31198
"316","Gas",31198
"316","Gas",31198
"901","Typical",3120
"340","Oil",18000
"032","Oil",2889
"112","Gas",5520
"112","Oil",5520
"332","Gas",4752
"400","Oil",17530
"316","Oil",1e+05
"960","Typical",3840
"340","Oil",2706
"353","Oil",3596
"400","Gas",43679
"957","Typical",18370
"340","Oil",22856
"316","Gas",20774
"316","Gas",20774
"316","Gas",20774
"316","Gas",20774
"316","Gas",20774
"316","Gas",20774
"316","Gas",20774
"316","Gas",20774
"316","Gas",20774
"316","Gas",20774
"316","Gas",20774
"316","Gas",20774
"316","Gas",20774
"316","Gas",20774
"316","Gas",20774
"316","Gas",20774
"326","Gas",2368
"340","Oil",1736
"316","Oil",1380
"332","Oil",3049
"323","Gas",2856
"323","Gas",32626
"323","Gas",67900
"323","Gas",18504
"332","Oil",1896
"332","Oil",6540
"316","Electric",21160
"333","Gas",4350
"332","Oil",663
"322","Oil",1650
"957","Typical",3310
"400","Oil",3920
"400","Oil",8260
"322","Oil",10128
"322","Gas",14235
"322","Oil",5074
"322","Oil",15844
"011","Oil",5400
"322","Oil",1600
"332","Oil",3700
"322","Oil",1750
"316","Gas",10150
"400","Oil",6780
"340","Gas",1763
"112","Oil",17832
"112","Oil",17832
"316","Oil",2628
"112","Gas",100908
"322","Gas",3020
"316","Gas",21652
"316","Oil",9800
"013","Gas",1310
"334","Gas",1880
"316","Oil",10500
"032","Oil",2340
"011","Electric",7040
"960","Oil",9825
"332","Oil",1700
"316","Gas",5040
"316","Coal or Wood",10593
"011","Gas",6750
"960","Gas",5300
"960","Gas",5300
"960","Gas",5300
"960","Gas",5300
"032","Gas",7614
"960","Typical",16346
"971","Typical",4813
"316","Oil",2775
"316","Oil",10200
"931","Gas",1320
"316","Gas",6854
"101","NONE",1560
"101","NONE",3696
"330","Oil",1200
"326","Oil",3108
"322","Oil",4522
"322","Gas",3500
"322","Gas",4100
"322","Gas",1815
"316","Oil",1668
"316","NONE",5474
"316","NONE",2568
"316","Oil",640
"954","Typical",4816
"332","Oil",1960
"322","Oil",1620
"316","Gas",17456
"322","Oil",3260
"112","Gas",11424
"934","Gas",13350
"934","Oil",187607
"322","Oil",5750
"325","Gas",4640
"325","Gas",6848
"931","Oil",1124
"032","Oil",3232
"332","Gas",8708
"931","Oil",1480
"400","Oil",44680
"326","Gas",2181
"334","Electric",613
"400","Gas",7860
"342","Oil",5281
"354","Gas",21000
"316","Oil",7000
"326","Gas",18460
"326","Gas",2692
"316","Coal or Wood",3800
"316","Gas",7800
"332","Oil",2352
"332","Oil",1344
"316","Oil",5000
"901","Oil",2833
"961","Typical",4360
"326","Gas",4000
"340","Oil",1672
"316","Oil",9639
"901",NA,1232
"400","NONE",38976
"032","Gas",2000
"322","Oil",6346
"400","Oil",15300
"400","Gas",18856
"340","Gas",5539
"340","Gas",6840
"316","Coal or Wood",11900
"961","Oil",1080
"961","Oil",3047
"985","Gas",903
"330","Gas",2052
"353","Oil",2293
"332","Gas",2562
"341","Oil",2576
"316","Oil",9900
"322","Oil",3655
"322","Gas",3370
"322","Gas",69250
"322","Gas",2203
"322","Gas",14456
"341","Gas",20860
"332","Gas",2070
"400","Gas",7560
"400","Gas",7560
"400","Gas",7560
"400","Gas",7560
"323","Gas",6435
"330","Oil",6160
"400","Oil",3388
"805","Oil",434
"032","Gas",5678
"997","Gas",17970
"997","Gas",17970
"997","Gas",17970
"997","Gas",17970
"997","Gas",17970
"997","Gas",17970
"997","Gas",17970
"997","Gas",17970
"997","Gas",17970
"332","Oil",2810
"400","Oil",9000
"010","Oil",4800
"961","Gas",2160
"332","Coal or Wood",1400
"332","Oil",1360
"332","Gas",6800
"316","Coal or Wood",11944
"316","Oil",9910
"316","Oil",10800
"316","Oil",169776
"316","Oil",5468
"316","Oil",15184
"316","Oil",3230
"316","Gas",5550
"401","Gas",7210
"400","Gas",24664
"354","Oil",18964
"354","Oil",30665
"354","Gas",115882
"332","Oil",960
"332","Oil",1349
"316","Coal or Wood",31600
"316","Gas",81200
"316","Oil",75000
"316","Typical",7200
"316","Gas",12000
"322","Oil",7904
"959","Gas",2696
"112","Gas",18048
"934","Gas",68126
"934","Typical",41429
"300","Gas",50911
"322","Gas",2128
"112","Gas",15661
"934","Typical",62648
"960","Typical",4756
"960","Typical",6773
"960","Typical",22875
"931","Oil",1384
"910","Typical",109784
"910","Typical",28468
"335","NONE",2880
"032","Gas",4562
"316","Gas",5000
"316","Gas",1152
"935","Typical",2873
"935","Typical",16856
"400","Oil",7236
"013","Gas",3696
"112","Gas",7032
"112","Gas",7144
"112","Gas",10548
"112","Gas",12312
"112","Gas",12312
"032","Oil",6915
"340","Oil",3520
"934","Oil",52934
"401","Oil",11700
"326","Gas",6590
"112","Electric",7268
"112","Electric",7268
"112","Electric",7268
"112","Electric",7268
"112","Electric",7268
"112","Electric",7268
"112","Electric",7268
"112","Electric",7268
"112","Electric",18135
"112","Electric",18135
"112","Gas",12528
"112","Gas",12528
"112","Gas",12528
"112","Gas",12528
"112","Gas",18135
"071","Oil",1800
"010","Oil",3224
"322","Oil",2736
"341","Oil",2286
"341","Oil",2286
"341","Oil",2286
"341","Oil",2286
"960","Typical",18903
"010","Oil",935
"322","Oil",2819
"316","Gas",6762
"400","Gas",71241
"400","Gas",71241
"400","Gas",71241
"400","Gas",71241
"034","Oil",2808
"934","Typical",16175
"934","Typical",16175
"934","Typical",16175
"934","Typical",88697
"934","Typical",99513
"400","Oil",1056
"101","NONE",2500
"931","Oil",1362
"322","Oil",3360
"960","Oil",9532
"322","Oil",11178
"322","Oil",3400
"322","Oil",2750
"322","Oil",12198
"400","Oil",9257
"931","Oil",979
"935","Gas",5056
"034","Gas",3416
"304","Gas",19257
"031","Oil",2304
"031","Oil",10651
"112","Typical",15810
"112","Typical",18972
"112","Typical",18972
"316","Typical",1500
"934","Gas",4204
"112","Gas",55950
"010","Gas",528
"931","Gas",1472
"032","Gas",1458
"400","Oil",18171
"321","Oil",2190
"034","Gas",3720
"034","Gas",3720
"034","Gas",3720
"034","Gas",3720
"033","NONE",4800
"033","Oil",4320
"031","Oil",2840
"010","Oil",6039
"954","Typical",2039
"400","Gas",281574
"010","Gas",3640
"934","Typical",3874
"934","Typical",12364
"931","Gas",1104
"342","Gas",18212
"342","Gas",18212
"342","Gas",18212
"342","Gas",18212
"322","Gas",2224
"931","Oil",1420
"931","Typical",9891
"322","Oil",1256
"112","Gas",49983
"316","Oil",2560
"340","Oil",1950
"971","Gas",123086
"402","Gas",4428
"322","Gas",945
"322","Coal or Wood",25640
"410","Electric",624
"410","Oil",1015
"316","NONE",7757
"400","Oil",45290
"400","Oil",45290
"400","Oil",45290
"400","Oil",45290
"311","Oil",1344
"400","Gas",7759
"400","Oil",2572
"316","Oil",16375
"112","Electric",22048
"322","Coal or Wood",957
"322","NONE",2400
"322","Oil",9804
"342","Gas",2750
"322","Oil",4800
"354","Oil",10400
"354","Oil",3840
"354","Oil",960
"032","Oil",7869
"322","Oil",5000
"112","Electric",4410
"326","Oil",2340
"334","Gas",3960
"354","Gas",18600
"313","Oil",1228
"313","Typical",5362
"400","Gas",76838
"341","Oil",2187
"322","Oil",3718
"400","Oil",43010
"316","Gas",143568
"903","Gas",19228
"326","Gas",3075
"140","Oil",6658
"400","Oil",4026
"323","Gas",5445
"323","Gas",177397
"323","Gas",10125
"805","Gas",20150
"805","Oil",0
"316","Gas",79522
"330","Coal or Wood",2400
"330","Oil",3000
"326","Gas",2508
"959","Oil",1300
"112","Electric",56948
"322","Oil",3672
"032","Oil",3456
"400","Gas",80942
"340","Gas",2212
"322","Gas",2168
"342","Oil",4500
"340","Gas",3286
"322","Oil",6126
"101","NONE",7080
"322","Gas",26473
"326","Gas",4605
"960","Typical",13800
"034","Gas",480
"322","Gas",7100
"340","Oil",1672
"957","Gas",2472
"324","Gas",59654
"112","Oil",10515
"901",NA,10393
"401","Gas",900
"401","Gas",657600
"010","Oil",2040
"400","Gas",11077
"010","Oil",4000
"970","Typical",3420
"970","Typical",3520
"970","Typical",3560
"970","Typical",3560
"970","Typical",3560
"970","Typical",3560
"970","Typical",3560
"970","Typical",3560
"970","Typical",3560
"970","Typical",3560
"970","Typical",3560
"970","Typical",3560
"970","Typical",3560
"970","Typical",3560
"970","Typical",4800
"322","Coal or Wood",11250
"322","Gas",8864
"934","Typical",14431
"322","Gas",9660
"322","Oil",11700
"931","Oil",700
"340","Gas",3150
"340","Gas",8700
"340","Gas",1034
"340","Gas",2026
"400","Oil",4416
"912","Typical",30158
"353","Oil",4800
"322","Gas",12855
"321","Oil",1092
"322","Gas",113406
"322","Gas",2500
"010","NONE",564
"340","Gas",2974
"400","Oil",15000
"400","Oil",17696
"340","Oil",5189
"032","Gas",3601
"400","Gas",23651
"332","Gas",3780
"961","Gas",23947
"961","Typical",7310
"340","Gas",60186
"323","Oil",21284
"934","Oil",13165
"934","Typical",4452
"934","Typical",15665
"316","Electric",2600
"400","Gas",29175
"034","Oil",2806
"400","Gas",19550
"353","Oil",2880
"316","Oil",1800
"316","Gas",970
"031","Oil",6790
"957","Typical",6976
"340","Oil",2634
"322","Oil",3150
"316","Typical",42500
"112","Gas",99230
"112","Gas",99230
"112","Gas",99230
"112","Gas",99230
"112","Gas",99230
"112","Gas",99230
"112","Gas",99230
"112","Gas",99230
"112","Gas",99230
"316","Gas",24986
"316","Gas",24986
"316","Gas",24986
"316","Gas",24986
"931","Typical",1248
"353","Oil",2536
"353","Oil",2544
"341","Gas",2014
"322","Oil",3310
"341","Gas",2856
"340","Oil",5932
"340","NONE",3328
"400","Oil",2560
"960","Typical",32705
"353","Oil",1502
"324","Gas",64414
"931","Typical",2492
"342","Gas",22500
"332","Gas",8500
"322","Coal or Wood",34815
"400","Gas",19696
"322","Oil",2740
"323","Gas",56853
"400","Gas",10320
"112","Oil",8280
"931","Oil",39412
"316","Oil",5346
"340","Gas",31437
"340","Gas",31437
"340","Gas",31437
"340","Gas",31437
"112","Electric",7672
"400","Gas",93664
"956","Typical",26469
"013","Oil",6198
"353","Oil",3600
"340","Oil",2705
"352","Oil",3632
"010","Oil",3750
"400","Oil",10800
"112","Oil",10744
"326","Oil",4420
"326","Oil",3134
"960","Typical",6612
"342","Gas",3422
"304","Gas",31719
"112","Gas",342
"332","Oil",3070
"322","Coal or Wood",3000
"934","Typical",1222
"335","NONE",3107
"316","Coal or Wood",523840
"316","Oil",400
"316","Oil",527
"316","Oil",9499
"316","Oil",180
"400","Oil",95850
"316","Coal or Wood",6642
"316","Gas",30428
"316","Gas",158338
"316","Gas",158338
"316","Gas",158338
"316","Gas",158338
"316","NONE",10000
"322","Gas",7470
"400","Oil",7705
"400","Electric",1820
"400","Oil",7400
"071","NONE",400
"400","Oil",13112
"326","Gas",7266
"400","Gas",24880
"340","Oil",2242
"322","Oil",2580
"342","Gas",21072
"316","Oil",37442
"316","Gas",17302
"316","Gas",105408
"342","Gas",27969
"400","Gas",12621
"400","Oil",71177
"322","Gas",25496
"316","Oil",11892
"958","Typical",8144
"958","Typical",30924
"322","Oil",3150
"400","Oil",16320
"316","Oil",15420
"960","Typical",3295
"960","Gas",2700
"960","Gas",8296
"316","Oil",10000
"112","Oil",3248
"112","Oil",3248
"112","Oil",3248
"112","Oil",12808
"322","Oil",2500
"334","Oil",1986
"400","Gas",6064
"400","Gas",8166
"400","Gas",16330
"400","Gas",26815
"934","Typical",0
"934","Typical",0
"934","Typical",0
"934","Typical",0
"934","Typical",100045
"112","Oil",434
"112","Oil",748
"112","Oil",1426
"112","Oil",4300
"112","Oil",9913
"332","Oil",1484
"340","Oil",1672
"322","Gas",11011
"957","Typical",11640
"316","Oil",2660
"040","Gas",3756
"341","Electric",359
"326","Oil",3524
"400","Gas",293814
"400","Gas",293814
"400","Gas",293814
"400","Gas",293814
"060","Electric",462
"060","Gas",1200
"060","Oil",8040
"060","Oil",824
"060","Electric",704
"060","Oil",3796
"060","Oil",5400
"060","Oil",8120
"060","Oil",10500
"910","Typical",2920
"321","Oil",2800
"322","Oil",2900
"935","Typical",2096
"316","Gas",527
"917","Gas",125096
"917","Gas",1575
"917","Typical",1575
"917","Typical",1914
"917","Typical",2560
"917","Typical",5412
"917","Typical",5530
"917","Typical",5760
"917","Typical",6236
"917","Typical",6304
"917","Typical",21004
"917","Typical",21004
"917","Typical",21004
"917","Typical",21048
"917","Typical",21768
"917","Typical",26438
"917","Typical",33234
"917","Typical",60197
"917","Typical",60197
"917","Typical",67466
"917","Typical",72642
"917","Typical",79282
"917","Typical",99342
"917","Typical",100297
"917","Typical",145025
"342","Gas",1865
"601","Typical",92164
"032","Oil",2400
"961","Gas",3514
"961","Gas",14300
"060","Oil",3969
"401","Gas",33451
"103","Gas",4900
"103","Gas",2825
"388","Electric",100
"340","Gas",7070
"972","Typical",3580
"342","Oil",15180
"931","Gas",9935
"931","Oil",2804
"355","Oil",11017
"400","Gas",23152
"400","Gas",23152
"400","Gas",23152
"400","Gas",23152
"010","NONE",1852
"340","Gas",83695
"340","Gas",9120
"400","Gas",2100
"400","Gas",22000
"400","Gas",6600
"316","Oil",43432
"032","Gas",2640
"322","Oil",15024
"322","Gas",21292
"322","Oil",3220
"322","Gas",4000
"322","Oil",1280
"400","Oil",19820
"400","Gas",5000
"900","Oil",19956
"322","Oil",7111
"322","Coal or Wood",3720
"400","Oil",12000
"112","Electric",10974
"400","Gas",9600
"400","Gas",12488
"400","Gas",2400
"400","Gas",6450
"400","Gas",10800
"400","Gas",17080
"400","Gas",64069
"400","Gas",9600
"316","Oil",4000
"316","Gas",22012
"322","Oil",2808
"112","Electric",8224
"112","Electric",3840
"112","Electric",3840
"112","Electric",7680
"112","Electric",7680
"112","Electric",7680
"112","Electric",7680
"112","Electric",7680
"322","Oil",13960
"011","Electric",4235
"340","Oil",5454
"034","Oil",8736
"400","Gas",43700
"322","Oil",1060
"322","Oil",1200
"332","Oil",3475
"010","Gas",2606
"011","Oil",7392
"971","Typical",1056
"340","Gas",712
"340","Gas",1500
"322","Gas",1532
"960","Typical",11536
"341","Oil",5733
"400","Typical",27200
"400","Typical",39055
"960","Oil",9215
"960","Gas",8561
"316","Coal or Wood",5040
"316","Oil",9087
"960","Oil",3130
"960","Oil",13844
"805","Gas",8352
"032","Oil",1827
"322","Oil",1170
"400","Oil",6250
"330","Oil",3880
"400","Oil",7350
"322","Gas",8960
"322","Gas",3973
"340","Gas",2454
"354","Gas",3000
"354","Gas",1320
"354","Coal or Wood",7086
"322","Oil",5090
"340","Gas",1880
"401","Gas",36542
"112","Oil",10182
"326","Gas",5100
"334","NONE",3600
"334","NONE",3600
"334","NONE",3600
"334","NONE",3600
"334","Oil",1728
"334","Gas",2112
"316","Gas",2856
"400","Gas",4179
"913","Gas",1121
"913","Gas",3600
"913","Gas",6708
"913","Gas",8400
"913","Gas",9752
"913","Gas",31833
"913","Gas",76655
"913","Gas",0
"013","Gas",33147
"316","Oil",7440
"013","Typical",3648
"955","Gas",1930
"332","Oil",22000
"332","Oil",22000
"332","Oil",22000
"332","Oil",22000
"332","Gas",3532
"112","Electric",13020
"112","Electric",19680
"112","Oil",22816
"322","Gas",2118
"112","Electric",12582
"112","Electric",13840
"374","Gas",17240
"011","Oil",561
"011","Gas",672
"326","Gas",3350
"031","Oil",1940
"341","Gas",3335
"340","Gas",97311
"322","Gas",3360
"322","Gas",3360
"322","Gas",3360
"322","Gas",3360
"332","Gas",6600
"401","Gas",1500
"316","Oil",4000
"316","Oil",10000
"322","Oil",3325
"316","Oil",10000
"332","Gas",3480
"332","Electric",360
"400","Oil",15000
"322","Gas",3600
"400","Gas",16900
"332","Oil",10800
"400","Gas",59772
"322","Gas",4824
"340","Oil",9100
"931","NONE",33200
"010","Oil",1740
"326","Gas",27084
"326","Gas",27084
"326","Gas",27084
"326","Gas",27084
"326","Gas",27084
"326","Gas",27084
"326","Gas",27084
"326","Gas",27084
"326","Gas",27084
"326","Gas",27084
"326","Gas",27084
"326","Gas",27084
"326","Gas",27084
"326","Gas",27084
"326","Gas",27084
"326","Gas",27084
"071","Gas",768
"102","Electric",804
"102","Electric",805
"102","Electric",805
"102","Electric",805
"102","Electric",807
"102","Electric",808
"102","Electric",800
"102","Electric",805
"102","Gas",726
"102","Gas",1216
"102","Gas",1216
"102","Gas",1262
"102","Gas",975
"102","Gas",1262
"102","Gas",1284
"102","Gas",1368
"102","Gas",1284
"102","Gas",1368
"102","Gas",1284
"102","Gas",1240
"102","Gas",910
"102","Gas",1448
"102","Gas",1414
"102","Gas",1448
"102","Gas",1448
"102","Gas",1448
"102","Gas",1436
"102","Gas",1448
"102","Gas",1448
"102","Gas",1448
"102","Gas",1436
"102","Gas",1436
"102","Gas",1448
"102","Gas",1448
"102","Gas",936
"102","Gas",936
"102","Gas",936
"102","Gas",936
"102","Gas",936
"102","Gas",936
"102","Gas",936
"102","Gas",936
"102","Gas",936
"102","Gas",936
"102","Gas",936
"102","Gas",936
"102","Gas",936
"102","Gas",936
"102","Gas",936
"102","Gas",936
"102","Gas",936
"102","Gas",936
"102","Gas",890
"102","Gas",890
"102","Gas",890
"102","Gas",655
"102","Gas",683
"102","Gas",1185
"102","Gas",1006
"102","Gas",1006
"102","Gas",730
"102","Typical",1187
"102","Typical",1187
"102","Gas",1240
"102","NONE",1332
"102","NONE",1332
"102","Gas",800
"102","Gas",800
"102","Gas",850
"102","Gas",800
"102","Gas",800
"102","Gas",800
"102","Gas",800
"102","Gas",800
"102","Gas",850
"102","Gas",850
"102","Gas",850
"102","Gas",850
"102","Gas",850
"102","Gas",800
"102","Gas",850
"102","Gas",850
"102","Gas",850
"102","Gas",850
"102","Gas",914
"102","Gas",1436
"102","Gas",960
"102","Gas",916
"102","Gas",930
"102","Gas",931
"102","Gas",960
"102","Gas",960
"102","Gas",920
"102","Gas",916
"102","Gas",920
"102","Gas",920
"102","Gas",916
"102","Gas",1445
"102","Gas",1450
"102","Gas",1447
"102","Gas",927
"102","Gas",925
"102","Gas",934
"102","Gas",941
"102","Gas",940
"102","Gas",939
"102","Gas",928
"102","Gas",826
"102","Gas",960
"102","Gas",938
"102","Gas",938
"102","Gas",942
"102","Gas",939
"102","Gas",931
"102","Gas",931
"102","Gas",931
"102","Gas",931
"102","Gas",931
"102","Gas",960
"102","Gas",939
"102","Gas",1091
"102","Gas",1087
"102","Gas",1087
"102","Gas",1091
"102","Gas",960
"102","Gas",960
"102","Gas",920
"102","Gas",920
"102","Gas",726
"102","Gas",1456
"102","Gas",1456
"102","Gas",936
"102","Electric",936
"102","Gas",936
"102","Gas",936
"102","Electric",936
"102","Gas",936
"102","Gas",936
"102","Gas",936
"102","Gas",936
"102","Gas",936
"102","Gas",936
"102","Gas",936
"102","Gas",936
"102","Gas",936
"102","Electric",936
"102","Typical",936
"102","Electric",936
"102","Gas",936
"102","Gas",936
"102","Gas",936
"102","Gas",936
"102","Electric",936
"102","Gas",936
"102","Gas",936
"102","Gas",936
"102","Gas",936
"102","Typical",936
"102","Typical",936
"102","Gas",936
"102","Typical",936
"102","Gas",936
"102","Electric",936
"102","Gas",936
"102","Electric",936
"102","Gas",936
"102","Electric",936
"102","Gas",880
"102","Typical",910
"102","Gas",782
"102","Gas",782
"102","Gas",782
"102","Gas",782
"102","Gas",782
"102","Gas",782
"102","Gas",782
"102","Gas",782
"102","Gas",782
"102","Gas",782
"102","Gas",782
"102","Gas",782
"102","Gas",782
"102","Gas",782
"102","Gas",782
"102","Gas",782
"102","Gas",782
"102","Gas",782
"102","Gas",782
"102","Gas",782
"102","Gas",782
"102","Gas",782
"102","Gas",782
"102","Gas",782
"102","Gas",782
"102","Gas",782
"102","Gas",782
"102","Gas",782
"102","Gas",782
"102","Gas",782
"102","Gas",884
"102","Electric",850
"102","Electric",850
"102","Electric",850
"102","Typical",850
"102","Electric",816
"102","Gas",816
"102","Gas",816
"102","Gas",816
"102","Gas",816
"102","Gas",816
"102","Gas",816
"102","Gas",816
"102","Gas",1387
"102","Gas",1370
"102","Gas",782
"102","Gas",782
"102","Gas",782
"102","Gas",782
"102","Gas",782
"102","Gas",782
"102","Gas",782
"102","Gas",782
"102","Gas",1578
"102","Gas",1578
"102","Gas",1347
"102","Gas",1347
"102","Gas",1151
"102","Gas",1151
"102","Gas",1788
"102","Gas",1044
"102","Typical",1036
"102","Gas",1080
"102","Gas",1080
"102","Gas",1788
"402","Gas",10000
"402","Gas",10000
"102","Typical",1163
"102","Typical",1477
"102","Oil",1054
"102","Oil",1054
"102","Electric",775
"102","Electric",801
"102","Electric",804
"102","Electric",806
"102","Electric",807
"102","Electric",807
"102","Electric",807
"102","Electric",808
"102","Gas",1775
"102","Gas",1113
"102","Gas",1113
"102","Gas",1113
"102","Gas",1113
"102","Gas",1113
"102","Gas",1113
"102","Gas",1113
"102","Gas",1113
"102","Gas",1113
"102","Gas",1113
"102","Gas",1775
"102","Gas",1010
"102","Gas",1020
"102","Gas",1148
"102","Gas",1145
"102","Gas",1988
"102","Gas",1632
"102","Gas",1632
"102","Gas",972
"102","Gas",756
"102","Gas",972
"102","Gas",756
"102","Gas",1355
"102","Gas",1364
"102","Gas",850
"102","Gas",850
"102","Typical",850
"102","Typical",850
"102","Typical",850
"102","Typical",850
"102","Typical",850
"102","Typical",850
"102","Gas",1988
"102","Gas",1074
"102","Typical",1074
"102","Gas",986
"102","Gas",986
"102","Gas",986
"102","Gas",986
"102","Gas",986
"102","Gas",986
"102","Typical",986
"102","Typical",986
"102","Typical",986
"102","Electric",1024
"102","Electric",1024
"102","Electric",1024
"102","Electric",1064
"102","Gas",1024
"102","Gas",1024
"102","Gas",1024
"102","Gas",1024
"102","Gas",1024
"102","Gas",1024
"102","Gas",1024
"102","Gas",1024
"102","Gas",1344
"102","Gas",1339
"102","Gas",1296
"102","Gas",990
"102","Gas",1296
"102","Gas",990
"102","Gas",625
"102","Gas",625
"102","Gas",625
"102","Gas",625
"102","Gas",918
"102","Gas",918
"102","Gas",918
"102","Gas",924
"102","Gas",924
"102","Gas",924
"102","Gas",924
"102","Gas",924
"102","Gas",924
"102","Gas",924
"102","Gas",924
"102","Gas",942
"102","Gas",942
"102","Gas",942
"102","Gas",942
"102","Gas",970
"102","Gas",970
"102","Gas",970
"102","Gas",970
"102","Gas",970
"102","Gas",970
"102","Gas",1071
"102","Gas",1071
"102","Gas",1200
"102","Gas",1200
"102","Gas",1200
"102","Gas",1200
"102","Gas",918
"102","Gas",1294
"102","Gas",1296
"102","Gas",1540
"102","Gas",1545
"102","Electric",1012
"102","Electric",1324
"102","Gas",925
"102","Gas",992
"102","Gas",1030
"102","Gas",1364
"102","Gas",1380
"102","Gas",1508
"102","Gas",922
"102","Gas",1105
"102","Gas",875
"102","Gas",1228
"102","Gas",962
"102","Gas",882
"102","Electric",1380
"102","Gas",1324
"102","Gas",1324
"102","Gas",1380
"102","Gas",1197
"102","Gas",1380
"102","Gas",1324
"102","Gas",1243
"102","Gas",1560
"102","Gas",1436
"102","Gas",828
"102","Gas",1030
"102","Electric",882
"102","Electric",1104
"102","Gas",1087
"102","Gas",1087
"102","Typical",1013
"102","Gas",1335
"102","Oil",1054
"102","Oil",1054
"102","Oil",1056
"102","Oil",1056
"102","Oil",1054
"102","Oil",1054
"102","Oil",1054
"102","Oil",1054
"102","Oil",1056
"102","Oil",1056
"102","Oil",1056
"102","Oil",1056
"102","Gas",1519
"102","Gas",1519
"102","Gas",1232
"102","Typical",1232
"102","Gas",1519
"102","Typical",1519
"102","Gas",1232
"102","Typical",1232
"102","Gas",1320
"102","Gas",1736
"102","Typical",1232
"102","Typical",1736
"102","Typical",1519
"102","Typical",1232
"102","Gas",1232
"102","Gas",1519
"102","Gas",1736
"102","Gas",1736
"102","Typical",1519
"102","Typical",1232
"102","Gas",1232
"102","Gas",1519
"102","Typical",1519
"102","Typical",1736
"102","Typical",1736
"102","Electric",1519
"102","Typical",1232
"102","Typical",1232
"102","Typical",1519
"102","Gas",1519
"102","Typical",1232
"102","Gas",1232
"102","Gas",1519
"102","Typical",1519
"102","Typical",1736
"102","Typical",1736
"102","Gas",1519
"102","Typical",1232
"102","Gas",1232
"102","Typical",1736
"102","Gas",1736
"102","Typical",1232
"102","Typical",1232
"102","Gas",1232
"102","Gas",1519
"102","Typical",1736
"102","Typical",1736
"102","Gas",1519
"102","Typical",1232
"102","Gas",1232
"102","Gas",1320
"102","Gas",1675
"102","Typical",1232
"102","Typical",1232
"102","Electric",1232
"102","Typical",1736
"102","Typical",1736
"102","Typical",1232
"102","Gas",1232
"102","Gas",1519
"102","Gas",1675
"102","Typical",1675
"102","Gas",1519
"102","Typical",1232
"102","Gas",1232
"102","Gas",1736
"102","Electric",1519
"102","Typical",1736
"102","Typical",1736
"102","Typical",1519
"102","Typical",1232
"102","Electric",1232
"102","Gas",1519
"102","Gas",1675
"102","Gas",1675
"102","Typical",1519
"102","Gas",1579
"102","Gas",1232
"102","Typical",1232
"102","Gas",1232
"340","Oil",938
"340","Oil",958
"340","Oil",1028
"340","Oil",1034
"340","Oil",1123
"340","Oil",1142
"102","Gas",1044
"102","Gas",864
"102","Gas",768
"102","Gas",768
"102","Gas",768
"102","Gas",768
"102","Gas",768
"102","Gas",768
"102","Gas",768
"102","Gas",768
"102","Gas",768
"102","Gas",768
"102","Gas",768
"102","Gas",768
"102","Gas",768
"102","Gas",768
"102","Gas",768
"102","Gas",768
"102","Gas",768
"102","Gas",768
"102","Gas",768
"102","Oil",768
"102","Gas",768
"102","Gas",768
"102","Gas",768
"102","Gas",768
"102","Gas",768
"102","Gas",768
"102","Gas",768
"102","Gas",768
"102","Gas",768
"102","Gas",768
"102","Gas",768
"102","Gas",768
"102","Gas",768
"102","Gas",768
"102","Gas",768
"102","Gas",768
"102","Gas",768
"102","Gas",768
"102","Gas",768
"102","Gas",768
"102","Gas",768
"102","Gas",768
"102","Gas",768
"102","Gas",768
"102","Gas",768
"102","Gas",768
"102","Gas",768
"102","Gas",768
"102","Gas",768
"102","Gas",768
"102","Gas",759
"102","Gas",768
"102","Gas",768
"102","Gas",768
"102","Gas",768
"102","Gas",768
"102","Gas",768
"102","Gas",768
"102","Typical",768
"102","Gas",768
"102","Gas",768
"102","Gas",768
"102","Gas",768
"102","Electric",768
"102","Gas",768
"102","Gas",768
"102","Gas",768
"102","Gas",768
"102","Electric",962
"102","Electric",962
"102","Electric",962
"102","Electric",962
"102","Gas",962
"102","Gas",962
"102","Gas",962
"102","Gas",962
"102","Gas",962
"102","Gas",962
"102","Gas",962
"102","Gas",962
"102","Gas",962
"102","Gas",962
"102","Gas",962
"102","Gas",962
"102","Gas",962
"102","Gas",962
"102","Gas",962
"102","Gas",962
"102","Gas",962
"102","Gas",962
"102","Gas",962
"102","Gas",962
"102","Electric",962
"102","Gas",962
"102","Gas",962
"102","Gas",962
"102","Electric",962
"102","Gas",962
"102","Gas",962
"102","Gas",962
"102","Electric",962
"102","Gas",962
"102","Gas",962
"102","Gas",962
"102","Gas",962
"102","Electric",962
"102","Gas",962
"102","Gas",962
"102","Gas",962
"102","Gas",962
"102","Gas",962
"102","Gas",962
"102","Electric",962
"102","Gas",962
"102","Gas",962
"102","Gas",962
"102","Electric",962
"102","Gas",962
"102","Gas",962
"102","Gas",962
"102","Gas",1018
"102","Oil",850
"102","Gas",994
"102","Oil",850
"102","Gas",850
"102","Gas",850
"102","Gas",850
"102","Gas",2142
"102","Typical",1521
"102","Typical",1015
"102","Gas",1296
"102","Typical",1521
"102","Gas",987
"102","Gas",1136
"102","Gas",1074
"102","Gas",1073
"102","Typical",1267
"102","Gas",1026
"102","Gas",1026
"102","Gas",1026
"102","Gas",1026
"102","Gas",1026
"102","Gas",1026
"102","Gas",1026
"102","Gas",1026
"102","Gas",1591
"102","Gas",1606
"102","Gas",1839
"102","Gas",1577
"102","Gas",3006
"102","Gas",2530
"102","Gas",2034
"102","Gas",1928
"102","Gas",2247
"102","Gas",2106
"102","Gas",2157
"102","Gas",2359
"102","Gas",2262
"102","Gas",2115
"102","Gas",2730
"102","Gas",3068
"102","Gas",1602
"102","Gas",1980
"102","Gas",2313
"102","Gas",1577
"102","Gas",1577
"102","Gas",2382
"102","Gas",1980
"102","Gas",1598
"102","Gas",1454
"102","Gas",1598
"102","Gas",1598
"102","Gas",1454
"102","Gas",1598
"102","Gas",2275
"102","Gas",2132
"102","Gas",1454
"102","Gas",1433
"102","Gas",1598
"102","Gas",2028
"102","Gas",1971
"102","Gas",1606
"102","Gas",1590
"102","Gas",2169
"102","Gas",1992
"102","Gas",1454
"102","Gas",1598
"102","Gas",1985
"102","Gas",1156
"102","Gas",1156
"102","Gas",2142
"102","Gas",1932
"102","Gas",1932
"102","Gas",728
"102","Gas",1338
"102","Gas",1338
"102","Gas",1985
"959","Gas",720
"102","Gas",774
"102","Gas",774
"102","Electric",774
"102","Gas",774
"102","Gas",774
"102","Gas",774
"102","Gas",774
"102","Gas",774
"102","Gas",774
"102","Gas",720
"102","Gas",774
"959","Gas",774
"102","Gas",774
"102","Gas",774
"102","Gas",774
"102","Gas",774
"102","Gas",774
"102","Gas",774
"102","Gas",774
"959","Gas",720
"102","Gas",774
"102","Gas",774
"102","Gas",774
"102","Gas",774
"102","Gas",774
"102","Gas",774
"102","Gas",774
"102","Gas",774
"102","Gas",774
"102","Gas",720
"102","Gas",774
"102","Gas",774
"102","Gas",774
"102","Oil",774
"102","Gas",774
"102","Gas",720
"102","Gas",720
"102","Gas",720
"959","Gas",774
"102","Gas",720
"102","Gas",774
"102","Gas",774
"102","Gas",774
"102","Gas",1072
"102","Gas",1109
"102","Gas",1072
"102","Gas",1368
"102","Gas",1190
"102","Gas",1190
"102","Gas",1109
"102","Gas",1388
"102","Gas",1280
"102","Gas",1368
"102","Gas",1316
"102","Gas",1388
"102","Gas",1280
"102","Gas",1368
"102","Typical",1629
"102","Typical",1623
"102","Gas",1410
"102","Typical",1410
"102","Gas",1267
"102","Gas",1316
"102","Gas",1008
"102","Gas",1368
"102","Gas",1266
"102","Gas",2162
"102","Gas",1980
"102","Gas",1750
"102","Gas",2418
"102","Gas",1844
"102","Gas",2189
"102","Gas",2275
"102","Gas",2623
"102","Gas",2381
"102","Gas",2162
"102","Gas",2162
"102","Gas",1200
"102","Gas",2381
"102","Gas",2381
"102","Gas",2623
"102","Gas",1957
"102","Gas",1880
"102","Gas",1527
"102","Gas",2623
"102","Gas",1851
"102","Gas",1756
"102","Gas",1982
"102","Gas",2623
"102","Gas",2381
"102","Gas",2162
"102","Gas",1008
"102","Gas",1316
"102","Gas",1186
"102","Gas",1186
"102","Gas",1266
"102","Gas",1228
"102","Gas",1228
"102","Gas",981
"102","Gas",1316
"102","Gas",1223
"102","Gas",981
"102","Gas",1223
"102","Gas",975
"901",NA,0
"130",NA,0
"130",NA,0
"130",NA,0
"130",NA,0
"130",NA,0
"132",NA,0
"130",NA,0
"911",NA,0
"929",NA,0
"101","Oil",6341
"720",NA,0
"961","Gas",1766
"390",NA,0
"958","NONE",1440
"130",NA,0
"910","Oil",1920
"101","Oil",1126
"101","Oil",2096
"901","Gas",3000
"930",NA,0
"930",NA,0
"930",NA,0
"930",NA,0
"130",NA,0
"932",NA,0
"103","Oil",500
"930",NA,0
"930",NA,0
"130",NA,0
"101","Oil",3727
"101","Gas",2816
"101","Gas",2114
"101","Gas",920
"101","Oil",576
"101","Gas",988
"101","Gas",2259
"101","Gas",1558
"101","Gas",1848
"104","Gas",2510
"101","Gas",1552
"101","Oil",1680
"104","Oil",1575
"101","Oil",1344
"104","Gas",2080
"104","Oil",2184
"104","Gas",1012
"101","Oil",960
"101","Oil",960
"101","Oil",960
"101","Oil",960
"101","Gas",3258
"104","Gas",2688
"101","Oil",1037
"101","Gas",2501
"101","Gas",1696
"101","Gas",2521
"101","Oil",1020
"101","Gas",1643
"101","Electric",1425
"101","Oil",1120
"104","Oil",2372
"101","Oil",1432
"101","Oil",1122
"101","Oil",1586
"101","Oil",1586
"101","Oil",1586
"101","Oil",1586
"101","Oil",1586
"101","Oil",1586
"101","Oil",1586
"101","Oil",1586
"101","Oil",1586
"101","Gas",1826
"101","Gas",835
"101","Gas",1104
"101","Gas",1134
"101","Oil",1515
"101","Oil",2029
"101","Gas",1310
"101","Oil",2173
"101","Oil",1393
"101","Oil",1404
"101","Oil",1271
"101","Electric",1610
"104","Gas",1894
"104","Gas",2200
"101","Oil",2142
"104","Oil",2512
"101","Electric",1047
"101","Gas",2144
"101","Gas",936
"101","Gas",2168
"104","Gas",2080
"101","Gas",4648
"105","Gas",3864
"101",NA,1008
"101","Oil",3086
"101","Oil",1008
"104","Oil",2790
"101","Oil",2184
"101","Oil",984
"101","Gas",2858
"101","Oil",1631
"101","Gas",1800
"104","Gas",3233
"101","Oil",1212
"101","Oil",1092
"104","Gas",1958
"101","Oil",1774
"104","Gas",945
"101","Gas",1056
"101","Oil",2122
"101","Oil",1409
"101","Gas",1050
"101","Oil",2029
"104","Gas",2484
"101","Gas",1244
"104","Oil",2670
"101","Oil",1316
"101","Oil",2252
"101","Oil",1152
"970","Gas",9728
"101","Oil",1936
"101","Oil",1273
"101","Gas",2000
"111","Gas",4167
"101","Gas",2438
"101","Gas",1836
"101","Gas",1848
"101","Oil",1394
"101","Gas",1838
"101","Oil",972
"101","Oil",1282
"104","Gas",2147
"101","Oil",1483
"101","Oil",1386
"101","Gas",1402
"104","Gas",2238
"101","Oil",3690
"101","Gas",3557
"101","Oil",828
"101","Gas",2012
"101","Gas",2855
"104","Gas",2606
"104","Gas",2307
"104","Oil",3104
"101","Gas",2824
"101","Oil",1271
"101","Gas",1970
"104","Gas",2340
"101","Oil",1327
"101","Oil",1961
"101","Gas",1528
"101","Oil",1594
"104","Gas",2598
"104","Gas",2980
"101","Oil",2503
"101","Oil",2503
"101","Oil",2503
"101","Oil",2503
"101","Oil",1750
"101","Oil",2192
"101","Gas",1512
"104","Gas",2290
"101","Gas",2707
"101","Gas",2707
"101","Gas",2707
"101","Gas",2707
"101","Oil",1612
"101","Oil",1787
"101","Oil",1800
"104","Oil",2716
"101","Gas",768
"104","Oil",1982
"104","Oil",3556
"101","Oil",1116
"101","Oil",1196
"101","Gas",4556
"101","Oil",1456
"104","Gas",2708
"101","Gas",1874
"101","Gas",1402
"101","Oil",2037
"101","Gas",945
"101","Gas",1178
"101","Gas",1432
"101","Gas",1438
"101","Oil",1056
"101","Gas",2532
"101","Gas",1900
"101","Oil",1512
"101","Gas",1984
"101","Gas",1296
"101","Gas",1296
"101","Gas",1296
"101","Gas",1296
"101","Oil",1386
"101","Oil",1560
"101","Gas",3116
"101","NONE",578
"101","Gas",3142
"101","Oil",972
"101","Oil",2143
"101","Gas",2513
"101","Oil",540
"101","Oil",1596
"104","Gas",2160
"104","Gas",2380
"104","Gas",2218
"101",NA,1402
"101","Oil",1008
"105","Gas",2450
"101","Gas",1127
"101","Gas",1193
"101","Oil",1824
"101","Gas",1389
"101","Gas",2920
"101","Gas",1776
"101","Gas",1128
"101","Gas",1992
"101","Gas",2160
"101","Gas",2045
"101","Oil",1144
"101","Gas",1784
"104","Gas",2121
"104","Oil",1526
"104","Gas",1815
"101","Electric",1196
"104","Gas",2855
"101","Oil",1371
"101","Oil",2370
"111","Oil",5500
"101","Gas",1264
"104","Oil",3292
"101","Oil",1584
"101","Gas",1158
"101","Oil",1704
"101","Electric",1136
"101","Oil",1294
"104","Gas",1861
"101","Oil",5301
"101","Oil",2280
"101","Gas",1364
"101","Gas",1950
"101","Oil",971
"101","Gas",2100
"104","Gas",2347
"101","Gas",1284
"111","Gas",3156
"101","Gas",3180
"101","Gas",3180
"101","Gas",3180
"101","Gas",3180
"101","Gas",1100
"104","Oil",1600
"101","Gas",1841
"101","Electric",1136
"103","Oil",784
"101","Gas",2558
"111","Oil",4854
"104","Gas",3016
"111","Gas",6704
"101",NA,1569
"104","Oil",3320
"101","Gas",1053
"101","Gas",2428
"101","Oil",1368
"101","Gas",2031
"101","Oil",1480
"101","Oil",1977
"101","Gas",2324
"101","Oil",936
"101","Oil",1200
"101","Gas",1494
"101","Oil",4658
"105","Electric",3081
"104","Gas",2110
"104","Gas",1842
"101","Gas",1052
"101","Gas",1838
"101",NA,1530
"101","Gas",1056
"104","Oil",2512
"101","Gas",2733
"101","Oil",2256
"101","Oil",972
"101","Gas",1456
"101","Gas",1798
"101","Gas",1728
"101","Oil",1040
"101","Oil",1395
"101","Oil",1892
"101","Gas",1828
"101","Gas",1950
"101","Oil",2034
"101","Oil",1718
"101","Gas",1340
"101","Gas",1965
"104","Gas",2312
"101","Oil",1166
"101","Oil",2304
"101","Oil",1550
"101","Oil",2087
"101","Oil",1092
"718","Gas",2348
"101","Oil",1632
"101","Gas",1810
"101","Oil",1176
"101","Gas",2460
"101","Gas",984
"101","Oil",2465
"101","Oil",4866
"101","Gas",1372
"101","Oil",1167
"101","Gas",1140
"101","Gas",2610
"105","Electric",2646
"104","Oil",2746
"101","Electric",2562
"101","Gas",1359
"101","Oil",1061
"101","Oil",1473
"101","Gas",1416
"101","Gas",1289
"101","Gas",2471
"101","Gas",1558
"101","Oil",672
"101","Oil",1328
"101","Oil",2710
"101","Oil",1484
"101","Gas",1134
"101","Gas",1224
"101","Gas",1099
"101","Gas",2176
"101","Gas",2481
"101","Gas",1050
"101","Oil",1440
"101","Oil",2760
"101","Gas",2255
"101","Oil",1440
"801","Oil",2516
"101","Oil",940
"101","Oil",2080
"101","Electric",1236
"101","Gas",1949
"101","Gas",1949
"101","Gas",1949
"101","Gas",1949
"101","Gas",1224
"101","Gas",1350
"101","Oil",1305
"101","Oil",1080
"101","Oil",1441
"101","Oil",1503
"101","Gas",1608
"101","Oil",1144
"101","Oil",1952
"104","Oil",2736
"109","Gas",2400
"109","Gas",2784
"101","Oil",1778
"101","Gas",1392
"101","Gas",1686
"101","Oil",1746
"101","Gas",1328
"101","Oil",1085
"101","Gas",1176
"101","Oil",1536
"101","Oil",2983
"101","Oil",2048
"101","Gas",1120
"101","Gas",1456
"101","Oil",1188
"101","Oil",1316
"101","Gas",1014
"101","Oil",1040
"101","Oil",1376
"101","Oil",2568
"101","Oil",1361
"101","Gas",1548
"101","Oil",794
"101","Oil",1512
"101","Gas",1562
"101","NONE",1246
"101","NONE",1246
"101","Oil",1246
"101","Oil",1246
"101","Oil",924
"101","Oil",1558
"970","Oil",3215
"010","Gas",2286
"101","Oil",2048
"101","Gas",1636
"101","Gas",1738
"101","Oil",1164
"101","Gas",1851
"101","Oil",1421
"101","Gas",1020
"101","Gas",1316
"101","Oil",2135
"101","Gas",1200
"101","Gas",2485
"101","Gas",1212
"101","Gas",1104
"101","Gas",1392
"101","Gas",1380
"101","Oil",1008
"101","Gas",1122
"101","Oil",1008
"101","Gas",1728
"101","Gas",1764
"101","Gas",864
"101","Oil",1248
"101","Oil",1527
"101","Oil",1457
"101","Oil",912
"101","Gas",1572
"101","Gas",2000
"101","Gas",1882
"101","Gas",1380
"101","Oil",2282
"104","Oil",2280
"101","Gas",1628
"101","Oil",1445
"101","Oil",942
"713","Oil",2596
"101","Gas",972
"101","Gas",1692
"010","Gas",1744
"010","Gas",600
"101","Oil",2088
"101","Gas",1860
"101","Oil",2020
"101","Gas",3838
"101","Gas",960
"806","Coal or Wood",2128
"806","Coal or Wood",2072
"104","Electric",1050
"101","Oil",1410
"101","Gas",1728
"101","Oil",2488
"101","Gas",1363
"101","Oil",1080
"101","Oil",1512
"101","Gas",1456
"101","Oil",1008
"101","Gas",2440
"101","Gas",2440
"101","Gas",2440
"101","Gas",2440
"101","Electric",1390
"101","Electric",2058
"101","Electric",2058
"101","Electric",2058
"101","Electric",2058
"101","Gas",1512
"104","Gas",546
"104","Oil",2668
"101","Oil",2580
"101","Oil",1152
"101","Gas",1790
"101","Gas",1350
"104","Gas",864
"101","Oil",1632
"101","Gas",1144
"101","Oil",864
"101","Gas",2026
"101","Oil",1203
"101","Oil",2088
"101","Electric",998
"101","Gas",1137
"104","Oil",2460
"101","Oil",2489
"101","Oil",2489
"101","Oil",2489
"101","Oil",2489
"101","Gas",1756
"104","Gas",2252
"101","Gas",3062
"101","Gas",1192
"101","Electric",1035
"101","Oil",1008
"601","Oil",1902
"601","Oil",1902
"601","Oil",1902
"601","Oil",1902
"101","Gas",2200
"101","Oil",1692
"101","Oil",1548
"101","Oil",936
"101","Oil",1618
"101","Oil",1618
"101","Oil",1618
"101","Oil",1618
"101","Gas",1025
"101","Gas",2063
"071","Gas",2646
"101","Gas",1728
"101","Oil",1131
"101","Gas",2892
"101","Electric",1192
"101","Gas",1542
"101","Gas",1024
"101","Oil",1718
"101","Gas",2186
"101","Oil",1422
"101","Oil",2164
"101","Oil",1428
"101","Gas",1530
"101","Gas",2312
"101","Oil",1492
"101","Oil",2444
"101","Gas",1221
"101","Gas",1392
"101","Oil",1176
"101","Gas",1360
"101","Gas",1107
"101","Gas",2867
"101","Oil",1544
"101","Gas",1228
"101","Oil",1008
"060","Oil",2676
"101","Gas",1167
"101","Gas",2293
"071","Oil",2176
"101","Gas",1448
"071","Oil",1976
"101","Electric",1755
"101","Oil",1080
"101","Gas",2449
"101","Gas",1512
"101","Gas",1512
"101","NONE",1512
"101","NONE",1512
"101","Gas",1026
"101","Gas",1026
"101","Gas",1026
"101","Gas",1026
"101","Gas",2690
"101","NONE",1176
"101","NONE",1176
"101","Oil",1176
"101","Oil",1176
"101","Oil",1172
"111","Gas",3132
"101","Oil",1211
"101","Gas",1297
"101","Gas",1326
"101","Gas",1624
"101","Oil",3310
"101","Gas",3205
"104","Oil",2210
"101","Gas",1037
"101","Oil",2487
"101","Gas",1718
"101","Oil",1144
"101","Gas",1037
"101","Oil",2196
"101","Oil",1144
"101",NA,972
"101","Gas",1464
"101","Gas",1872
"101","Gas",1150
"101","Gas",1864
"101","Gas",1058
"101","Oil",1400
"101","Gas",1020
"101","Gas",3342
"101","Gas",1512
"101","Oil",1032
"101","Oil",2841
"101","Oil",1008
"101","Electric",2230
"101","Gas",2652
"101","Gas",1026
"101","Oil",1084
"101","Oil",1704
"101","Oil",1117
"104","Electric",1802
"101","Gas",960
"101","Oil",1936
"101","Oil",1708
"101",NA,1396
"101","Gas",1698
"101","Gas",1524
"101","Oil",1152
"101","Oil",1400
"104","Oil",1790
"101","Gas",2628
"101","Oil",1618
"101","Oil",1008
"101","Oil",1008
"101","Oil",864
"101","Gas",988
"101","Oil",960
"101","Oil",1300
"101","Gas",1026
"101","Oil",1628
"101","Oil",1884
"101","Oil",1815
"101","Oil",1800
"101","Oil",1536
"101","Oil",1008
"101","Gas",1118
"111","Electric",3264
"104","Gas",1600
"104","Gas",864
"101","Oil",2061
"101","Gas",3344
"101","Gas",1381
"101","Electric",1864
"101","Gas",1176
"101","Oil",1800
"101","Oil",1510
"101","Gas",1236
"101","Gas",1728
"105","Oil",2860
"101","Gas",2670
"101","Oil",1008
"101","Coal or Wood",1413
"101","Gas",1296
"101","Gas",2918
"101","Oil",890
"101","Oil",1080
"101","Oil",1698
"101","Oil",1008
"101","Oil",1008
"101","Oil",2164
"105","Gas",2895
"101","Oil",1122
"101","Oil",964
"101","Electric",1616
"105","Gas",2348
"104","Gas",2357
"101","Gas",2235
"104","Gas",2463
"101","Oil",1237
"101","Gas",2629
"101","Oil",2186
"101","Oil",1008
"101",NA,1421
"101","Gas",864
"101","Gas",1356
"104","Gas",2698
"101","Gas",2620
"101","Gas",5480
"101","Gas",942
"104","Oil",2160
"101","Oil",1186
"101","Oil",1820
"101","Gas",1520
"101","Oil",2871
"101","Oil",2248
"104","Gas",2316
"101","Gas",1218
"101","Gas",1417
"104","Gas",2824
"101","Oil",1922
"101","Oil",1924
"101","Gas",3493
"101","Gas",1152
"104","Gas",2367
"101","Oil",1588
"104","Gas",4147
"101","Electric",2054
"101","Oil",1628
"101","Oil",2736
"104","Gas",1904
"104","Gas",2042
"105","Oil",3666
"101","Oil",1528
"101","Electric",2308
"101","Gas",1120
"101","Oil",1872
"101","Oil",1872
"101","Oil",1872
"101","Oil",1872
"101","Gas",2664
"101","Gas",1486
"101","Oil",1299
"101","Gas",1680
"101","Oil",2009
"101","Gas",2480
"101","Gas",1928
"101","Oil",1372
"104","Gas",3594
"101","Oil",1248
"105","Gas",2275
"101","Gas",3820
"101","Gas",1182
"101","Gas",5900
"101","Gas",1415
"101","Gas",2772
"104","Gas",2013
"101","Gas",1995
"101","Gas",744
"104","Gas",1870
"101","Gas",1552
"101","Gas",1608
"101","Gas",1728
"101","Gas",1328
"104","Gas",3239
"105","Oil",1500
"104","Oil",2460
"101","Oil",972
"101","Gas",2984
"101","Oil",3097
"101","Oil",2599
"101","Gas",2374
"104","Gas",3063
"101","Electric",1506
"101","Oil",1101
"101","Gas",3661
"101","Oil",2016
"101","Gas",1280
"101","Oil",1116
"104","Gas",1480
"104","Oil",2494
"101","Oil",1654
"101","Oil",1420
"101","Gas",1144
"101","Gas",2609
"101","Oil",2070
"101","Oil",1178
"101","Gas",1346
"101","Oil",1449
"109","Oil",2036
"109","Oil",2097
"101","Oil",1804
"101","Oil",1313
"101","Oil",2135
"104","Electric",1908
"101","Oil",1248
"101","Gas",1428
"101","Oil",1852
"101","Gas",1190
"101","Gas",1902
"101","Gas",1852
"101","Gas",2504
"101","Gas",1260
"101","Gas",1284
"104","Gas",2510
"109","Gas",1288
"109","Gas",1905
"101","Gas",1440
"104","Oil",1996
"101","Gas",2174
"101","Gas",1511
"104","Oil",2660
"104","Gas",2815
"101","Gas",2600
"010","Gas",756
"101","Oil",1056
"101","Oil",1056
"101","Oil",1056
"101","Oil",1056
"101","Gas",2609
"111","Gas",4977
"101","Oil",1040
"101","Gas",1128
"101","Gas",1260
"101","Oil",2832
"101","Gas",1436
"101","Electric",982
"101","Oil",1640
"101","Gas",2646
"101","Gas",1864
"101","Gas",2055
"101","Gas",912
"101","Gas",1680
"101","Electric",1008
"101","Gas",2020
"101","Oil",2330
"101","Oil",1264
"101","Gas",2036
"101","Oil",992
"101","Gas",1932
"101","Oil",1271
"104","Gas",1596
"101","Gas",1365
"101","Gas",2316
"101","Gas",2760
"101","Gas",3016
"101","Oil",2352
"101","Gas",912
"101","Gas",2170
"101","Oil",1452
"101","Oil",2049
"101","Gas",2384
"101","Oil",1286
"101",NA,1780
"101",NA,1780
"101","Oil",1780
"101","Oil",1780
"104","Gas",2132
"104","Electric",2032
"101","Gas",1952
"101","Gas",1584
"104","Oil",2304
"101","Oil",1468
"101","Gas",1572
"104","Gas",1704
"101","Gas",3424
"101","Oil",1106
"101","Oil",1728
"101","Oil",1512
"101","Gas",1812
"101","Oil",1070
"101","Oil",1592
"101","Oil",1680
"101","Oil",3868
"101","Oil",2232
"104","Gas",1915
"101","Gas",2208
"101","Gas",1134
"101","Gas",2491
"101","Gas",1444
"101","Gas",2313
"101","Gas",2180
"104","Gas",2346
"104","Gas",2346
"104","Gas",2346
"104","Gas",2346
"101","Oil",1440
"101","Gas",1632
"101","Gas",3088
"101","Gas",2287
"101","Gas",1052
"101","Oil",1884
"101","Oil",1534
"111","Gas",2112
"101","Oil",1404
"101","Oil",1080
"101","Gas",2312
"101","Gas",3159
"101","Gas",1246
"101","Gas",1625
"101","Gas",2634
"101","Gas",2072
"101","Oil",1053
"959","Oil",4026
"101","Oil",1388
"101","Gas",2112
"101","Oil",1224
"101","Oil",1008
"101","Oil",2046
"101","Oil",1771
"101","Gas",881
"101","Gas",1050
"104","Oil",3661
"101","Oil",1491
"101","Oil",912
"101","Oil",1092
"101","Oil",1370
"101","Oil",1370
"101","Oil",1370
"101","Oil",1370
"101","Oil",2378
"101","Electric",1924
"101",NA,1764
"101","Oil",1878
"101","Oil",1037
"101","Oil",2751
"101","Oil",1544
"101","Gas",1116
"101","Gas",1716
"101","Gas",1384
"101","Oil",2981
"101","Oil",960
"101","Oil",1152
"101","Oil",5220
"101","Oil",2420
"101","Oil",1008
"101","Oil",1814
"101","Oil",1352
"101","Gas",1104
"101","Gas",2336
"101","Gas",768
"101","Gas",2822
"101","Gas",1882
"101","Oil",1080
"101","Oil",2291
"101","Gas",2322
"101","Oil",3312
"101","Gas",1392
"101","Oil",1104
"105","Gas",4760
"101","Oil",3388
"101","Gas",1996
"101","Oil",2634
"101","Gas",1729
"101","Oil",3072
"101","Gas",960
"101","Oil",1654
"101","Oil",1224
"101","Oil",1248
"104","Oil",2112
"101","Gas",1264
"101","Oil",1920
"101","Oil",1028
"101","Oil",2460
"101","Gas",2809
"101","Electric",1027
"101","Oil",984
"101","Electric",1632
"101","Oil",1368
"103","Gas",280
"101","Gas",2032
"101","Oil",2103
"101","Oil",2002
"101","Electric",864
"101","Gas",1316
"112","Gas",3525
"112","Electric",3768
"101","Oil",1547
"101","Gas",2241
"101","Oil",1941
"101","Oil",1816
"101","Oil",2730
"101","Gas",1781
"101","Oil",2205
"101","Oil",1481
"101","Gas",1640
"101","Oil",3588
"101","Gas",1140
"101","Gas",1292
"101","Gas",1288
"101","Oil",2183
"101","Gas",1212
"101","Oil",1940
"101","Oil",2013
"101","Gas",1386
"104","Oil",1917
"101","Gas",2456
"101","Electric",1028
"101","Electric",1200
"101","Oil",2409
"101","Oil",1488
"101","Electric",1043
"101","Gas",1720
"101","Oil",1976
"105","Oil",3732
"101","Oil",1522
"101","Oil",1310
"101","Gas",1132
"104","Gas",864
"101","Oil",1028
"101","Oil",1028
"101","Oil",1028
"101","Oil",1028
"101",NA,1206
"101","Oil",2472
"101","Gas",2656
"101","Oil",2214
"101","Gas",1470
"101","Gas",3243
"101","Gas",1800
"101","Oil",1389
"101","Oil",2250
"101","Oil",2016
"101","Oil",960
"101","Electric",2668
"101","Gas",1326
"101","Oil",1092
"101","Oil",1303
"101","Gas",1386
"104","Gas",2062
"101","Oil",1456
"101","Oil",960
"101","Gas",2040
"101","Oil",1685
"104","Oil",2234
"101","Gas",2022
"101","Gas",1402
"101","Oil",1344
"101","Gas",1100
"101","Gas",1274
"101","Oil",1862
"101","Oil",1848
"101","Gas",4466
"101","Oil",1466
"101","Gas",2088
"101","Gas",1132
"101","Gas",1932
"101","Gas",1932
"101","Gas",1932
"101","Gas",1932
"101","Oil",1064
"101","Gas",3059
"101","Gas",1008
"101","Oil",2200
"101","Oil",1987
"101","Oil",3112
"101","Gas",1344
"104","Oil",2710
"101","Oil",1896
"101","Oil",1040
"101","Oil",1360
"104","Gas",1680
"101","Gas",1143
"101","Oil",2272
"101","Oil",1728
"101","Gas",856
"101","Oil",1104
"101","Gas",1254
"101","Oil",1044
"101","Gas",3316
"101","Gas",3316
"101","Gas",3316
"101","Gas",3316
"101","Gas",1302
"101","Oil",1160
"101","Gas",1460
"101","Oil",1988
"104","Gas",2060
"101","Oil",1912
"101","Gas",2665
"101","Oil",1232
"101","Oil",1126
"101","Oil",864
"101","Gas",1080
"101","Gas",1184
"101","Gas",2566
"101","Gas",2578
"101","Gas",2578
"101","NONE",2578
"101","NONE",2578
"101","Oil",2045
"101","Oil",1120
"101","Gas",2546
"101","Oil",1712
"101","Oil",1712
"101","Oil",1712
"101","Oil",1712
"104","Gas",1830
"104","Electric",1802
"101","Gas",658
"101","Oil",1792
"101","Oil",1676
"101","Gas",1200
"101","Oil",1952
"101","Oil",2056
"101","Oil",2308
"101","Oil",1152
"101","Oil",1248
"101","Oil",1357
"101","Oil",1736
"101","Gas",2446
"101","Gas",955
"101","Oil",2154
"101","Oil",1344
"101","Electric",1768
"071","Oil",2160
"101","Electric",1376
"101","Oil",1561
"101","Oil",1790
"101","Oil",2760
"101","Gas",1224
"101","Oil",1200
"101","Gas",3016
"101","Gas",920
"101","Gas",1708
"101","Oil",1140
"101","Gas",2424
"101","Gas",1925
"104","Gas",864
"101","Gas",1200
"104","Gas",1862
"101","Oil",1252
"101","NONE",2433
"101","NONE",2433
"101","Oil",2433
"101","Oil",2433
"101","Electric",1728
"101","Oil",1296
"101","Gas",1792
"101","Oil",1102
"111","Electric",3410
"101","Gas",1870
"101","Gas",2037
"101","Gas",2399
"101","Gas",1384
"101","Electric",1940
"101","Oil",1524
"101","Oil",1756
"101","Oil",1512
"101","Oil",1908
"101","Gas",1392
"101","Electric",1050
"101","Gas",2204
"101","Oil",1489
"101","Oil",1792
"101","Oil",1238
"101","Oil",1392
"101","Gas",1277
"101","Gas",3129
"101","Gas",1040
"101","Gas",2520
"101","Gas",3475
"101","Oil",2388
"101","Oil",1721
"101","Gas",1449
"104","Oil",1982
"101","Oil",1092
"101","Oil",964
"101","Electric",1288
"104","Gas",2624
"101","Oil",1286
"101","Oil",1536
"101","Electric",1296
"101","Oil",1426
"101","Oil",1072
"101","Gas",2469
"101","Oil",1080
"101","Gas",816
"101","Electric",1128
"101","Gas",1604
"101",NA,1992
"101","Oil",1240
"104","Gas",2652
"101","Oil",738
"101","NONE",2627
"101","NONE",2627
"101","Oil",2627
"101","Oil",2627
"101","Oil",1309
"101","Gas",1380
"101","Gas",1416
"101","Oil",1132
"101","Oil",2824
"101","Oil",1692
"101","Gas",2516
"101","Gas",2340
"101","Gas",2384
"101","Oil",1053
"101","Oil",1344
"101","Oil",2680
"101","Oil",3290
"101","Gas",1729
"101","Gas",1480
"101","Gas",1144
"104","Oil",3354
"101","Oil",1980
"104","Gas",2922
"101",NA,1236
"101","Gas",1772
"101","Gas",2164
"101","Oil",1718
"104","Gas",3311
"101","Oil",1152
"101","Gas",1076
"101","Oil",1752
"101","Oil",1776
"101","Gas",1880
"105","Gas",1510
"101","Oil",3605
"101","Oil",2043
"101","Oil",1858
"101","Gas",2306
"101","Gas",1216
"101","Gas",1344
"104","Gas",2176
"101","Gas",1400
"111","Gas",3775
"101","Gas",1272
"101","Gas",1578
"101","Oil",1908
"101","Gas",2352
"101","Oil",960
"101","Gas",1750
"104","Gas",2452
"101","Gas",1728
"101","Gas",1824
"101","Gas",1548
"101","Gas",1926
"101","Oil",1276
"101","Oil",1384
"101","Gas",1512
"101","Gas",1512
"101","Gas",1512
"101","Gas",1512
"104","Gas",2046
"104","Oil",3204
"101","Oil",912
"105","Gas",1993
"101","NONE",1248
"101","NONE",1248
"101","Oil",1248
"101","Oil",1248
"104","Gas",2944
"101","Gas",1137
"104","Oil",2010
"101","Gas",1728
"104","Gas",2990
"101","Oil",1312
"101","Gas",734
"101","Oil",1680
"101","Gas",1585
"111","Gas",4503
"970","Oil",2390
"101","Gas",1368
"101","Gas",2234
"101","Gas",1471
"101","Oil",1760
"101","Gas",1561
"104","Oil",3632
"104","Gas",1960
"101","Oil",1632
"101","Oil",1028
"101","Gas",1856
"105","Gas",2400
"101","Oil",1302
"101","Oil",1004
"101","Oil",2200
"101","Oil",1612
"101","Gas",1822
"111","Oil",4133
"101","Gas",2042
"101","Oil",1078
"101","Oil",1660
"101","Oil",1452
"101","Oil",1408
"101","Oil",1017
"101","Gas",1607
"101","Gas",2568
"101","Oil",1393
"101","Oil",1144
"101","Gas",2012
"104","Oil",2102
"104","Gas",3656
"101","Oil",1248
"104","Oil",1730
"104","Gas",2172
"101","Gas",1096
"101","Gas",1987
"101","Oil",2251
"101","Gas",2426
"101","Gas",1722
"104","Oil",2336
"101","Oil",1132
"101","Oil",1056
"104","Electric",1680
"101","Gas",1512
"101","Gas",1512
"101","Gas",1512
"101","Gas",1512
"104","Oil",2050
"105","Gas",2551
"104","Gas",1480
"101","Gas",1428
"104","Gas",3034
"101","Oil",1688
"101","Oil",1434
"101","Oil",1072
"101","Gas",1494
"101","Oil",792
"101","Electric",1672
"101","Oil",1033
"104","Gas",1372
"101","Gas",2029
"101","Gas",1229
"101","Gas",1669
"101","Gas",1892
"101","Oil",1862
"104","Gas",1840
"101","Gas",1620
"104","Oil",1670
"101","Oil",1729
"101","Gas",1186
"101","Gas",2228
"101","Gas",1312
"105","Oil",3712
"101","Gas",1320
"105","Gas",2565
"101","Gas",1242
"101","Gas",2302
"101","Gas",1215
"101","Gas",2366
"101","Gas",1930
"101","Oil",1680
"101","Gas",1796
"101","Oil",1116
"101","Oil",1003
"101","Oil",1438
"104","Gas",2520
"101","Oil",1452
"101","Gas",2472
"101","Oil",1600
"104","Gas",1430
"101","Gas",1128
"104","Oil",1774
"101","Oil",1884
"101","Oil",1552
"104","Gas",2023
"104","Gas",2120
"104","Oil",1986
"101","Gas",5732
"101","Gas",1144
"101","Oil",1632
"101","Gas",1924
"104","Oil",1848
"101","Gas",2890
"101","Gas",1816
"101","Oil",972
"101","Gas",1628
"101","Gas",1923
"104","Gas",1989
"934","Gas",2516
"101","Oil",1224
"101","Gas",1086
"101","Gas",5241
"101","Gas",1800
"101","Gas",2531
"101","Oil",1932
"101","Gas",4314
"104","Oil",2220
"101","Oil",2459
"101","Oil",1538
"101","Oil",1252
"101","Oil",1400
"101","Oil",1788
"101","Gas",2082
"101","Gas",1344
"101","Oil",968
"101","Oil",1424
"101","Oil",3598
"101","Oil",1824
"101","Gas",1344
"101","Oil",1248
"101","Gas",2161
"101","Gas",2161
"101","Gas",2161
"101","Gas",2161
"101","Oil",2205
"101","Oil",1196
"101","Oil",1953
"101","Electric",1632
"101","Gas",1418
"101",NA,1008
"101","Oil",1762
"101","Gas",942
"101","Oil",1680
"101","Oil",720
"101","Gas",2160
"101","Gas",1710
"101","Oil",1976
"101","Oil",1976
"101","Oil",1976
"101","Oil",1976
"101","Gas",996
"101","Oil",1306
"101","Oil",2861
"101","Oil",1319
"101","Gas",1244
"101","Gas",3588
"101","Gas",1167
"101","Gas",5554
"101","Oil",1456
"101","Gas",988
"101","Gas",2414
"101","Oil",2080
"104","Gas",3372
"101","Oil",1981
"101","Oil",1560
"101","Oil",960
"101","Gas",1248
"101","Gas",2064
"101","Gas",1722
"101",NA,2111
"104","Gas",2376
"101","Gas",1794
"101","Oil",1134
"101","Oil",2482
"101","Gas",1248
"101","Oil",1592
"101","Gas",1356
"101","Gas",3301
"101","Oil",1954
"101","Oil",1450
"101","Electric",1764
"101","Oil",1802
"101","Gas",994
"101","Oil",1193
"101","Oil",1260
"101","Oil",1008
"101","Gas",1296
"101","Oil",2128
"104","Oil",2034
"101","Oil",1200
"101","Oil",1457
"101","Gas",2298
"101","Gas",1920
"101","Oil",2166
"101","Gas",975
"101","Gas",2409
"101","Oil",3242
"010","Oil",1816
"101",NA,3097
"101","Electric",2224
"101","Gas",1306
"101","Oil",1608
"010","Gas",1320
"101","Gas",960
"101","Gas",1432
"101","Oil",2093
"101","Oil",2093
"101","Oil",2093
"101","Oil",2093
"101","Oil",2016
"101","Oil",1096
"101","Gas",1248
"101","Electric",1090
"101","Gas",1044
"101","Gas",1392
"101","Oil",1437
"104","Gas",2160
"801","Oil",1968
"101","Electric",1568
"101","Gas",3504
"101","Oil",2340
"101","Gas",1344
"101","Gas",1176
"101","Gas",2995
"101","Oil",1116
"101","Oil",1650
"104","Gas",4418
"101","Oil",1400
"101","Electric",1150
"104","Gas",2620
"101",NA,1275
"101","Gas",3071
"101","Electric",1416
"101","Gas",1736
"101","Oil",1359
"101","Oil",1596
"101","Oil",1549
"101","Gas",1156
"101","Gas",3547
"101","Oil",898
"104","Electric",2232
"101","Oil",1632
"101","Oil",1080
"101","Gas",1920
"101","Gas",1438
"101","Coal or Wood",1372
"101","Oil",958
"101","Gas",3417
"104","Electric",2640
"101","Oil",1396
"961","Oil",1696
"101","Gas",1546
"101","Gas",1261
"101","Oil",1424
"101","Oil",1868
"101","Gas",962
"101","Gas",1092
"101","Oil",2050
"101","Oil",3509
"101","Oil",1632
"101","Oil",1607
"101","Oil",1607
"101","Oil",1607
"101","Oil",1607
"101","Gas",1037
"101","Electric",864
"101","Oil",975
"101","Gas",1037
"101","Gas",3944
"101","Gas",3944
"101","Gas",3944
"101","Gas",3944
"101","Gas",2268
"101","Gas",820
"101","Gas",1334
"101","Gas",2706
"101","Gas",2907
"101","Electric",1400
"140","Oil",1446
"101","Oil",2040
"101","Oil",5992
"101","Oil",2208
"101","Electric",1043
"101","Oil",1552
"101","Oil",2013
"101","Gas",1288
"101","Electric",1026
"101","Gas",1516
"101","Gas",1056
"101","Gas",1180
"101","Electric",870
"104","Oil",3086
"101","Gas",1474
"101","Oil",1772
"101","Oil",1836
"101","Oil",6328
"101","Gas",3228
"101","Gas",3228
"101","Gas",3228
"101","Gas",3228
"101","Oil",864
"101","Gas",2187
"101","Gas",1860
"101","Gas",2646
"101","Oil",828
"101","Gas",1362
"101","Gas",1804
"101","Gas",1974
"101","Gas",1608
"101","Oil",1313
"101","Gas",2132
"101","Oil",996
"101","Oil",1632
"101","Gas",2400
"101","Oil",1561
"101","Oil",780
"101","Gas",1442
"101","Electric",1326
"104","Oil",1592
"101","Gas",2142
"101","Gas",1937
"101","Oil",1933
"101","Oil",1933
"101","Oil",1933
"101","Oil",1933
"104","Oil",2538
"104","Oil",2538
"104","Oil",2538
"104","Oil",2538
"101","Gas",1320
"101","Gas",1769
"101","Oil",1424
"101","Gas",2298
"101","Gas",2844
"101","Oil",2397
"101","Gas",2786
"101","Oil",1558
"104","Gas",4552
"101","Oil",919
"101","Gas",1428
"101","Oil",1248
"101","Oil",1604
"101","Gas",768
"101","Gas",888
"101","Gas",1088
"101","Oil",2840
"101","Gas",2618
"101","Oil",1040
"101","Oil",1342
"101","Gas",1856
"101","Gas",768
"101","Gas",1429
"101","Gas",3533
"101","Oil",3510
"101","Oil",2058
"101","Gas",1048
"101","Oil",1164
"101","Oil",1774
"101","Oil",1840
"101","Gas",912
"101","Oil",1144
"101","Gas",1171
"101","Oil",1419
"101","Gas",1126
"105","Gas",1980
"101","Oil",1080
"104","Oil",1512
"101","Oil",592
"101","Oil",2293
"103","Oil",924
"101","Gas",1137
"101","Oil",1944
"101","Gas",680
"101","Oil",1236
"101","Gas",4324
"101","Oil",6790
"101","Oil",2370
"101","Oil",1711
"101","Gas",2649
"104","Gas",2348
"101","Gas",1665
"101","Gas",1464
"101","Gas",1464
"101","Gas",1464
"101","Gas",1464
"104","Gas",2096
"101","Gas",988
"101","Oil",1656
"101","Oil",2016
"101","Gas",1410
"104","Oil",2522
"101","Oil",1659
"104","Gas",3353
"101","Gas",1596
"101","Gas",1422
"104","Oil",2820
"101","Oil",1570
"101","Oil",1208
"101","Gas",2512
"101","Gas",1260
"101","Oil",972
"101","Oil",1344
"101","Gas",1517
"101","Oil",1881
"101","Gas",1744
"101","Gas",2118
"101","Oil",2104
"101","Oil",2665
"101","Gas",1156
"104","Oil",1940
"101",NA,1144
"101","Oil",1404
"101","Gas",1917
"104","Gas",2564
"101","Gas",1161
"104","Oil",2290
"101","Oil",1675
"104","Electric",1976
"104","Gas",2394
"101","Gas",1376
"101","Oil",1408
"101","Gas",1634
"101","Gas",1542
"101","Gas",1352
"101","Gas",1458
"101","Oil",1189
"104","Oil",2336
"101","Gas",1188
"101","Oil",920
"101","Gas",2472
"104","Oil",2954
"104","Gas",2448
"104","Oil",2378
"101","Gas",1896
"101","Oil",1092
"101","Oil",1224
"101","Oil",2427
"101","Gas",1050
"104","Gas",2970
"101","Oil",1599
"111","Gas",4093
"101","Oil",972
"104","Gas",2555
"101","Oil",1200
"101","Gas",1550
"101","Oil",2302
"101","Oil",1008
"101","Gas",1045
"101","Oil",1144
"104","Gas",2137
"104","Gas",1892
"105","Gas",1860
"101","Gas",1978
"101","Oil",1352
"101","Oil",1200
"101","Oil",2571
"101","Oil",1716
"101","Oil",960
"101","Gas",1305
"101","Gas",2276
"101","Oil",1578
"104","Oil",2858
"104","Gas",2428
"101","Gas",1080
"101","Gas",1080
"101","Gas",1080
"101","Gas",1080
"101","Oil",1917
"101","Oil",949
"101","Oil",2860
"101","Gas",3300
"104","Oil",2962
"101","Coal or Wood",1152
"101","Gas",1872
"101","Oil",2575
"101","Oil",3180
"101","Oil",1088
"101","Oil",2516
"101","Oil",1368
"101","Oil",1007
"101","Gas",1465
"101","Gas",2708
"101","Gas",2700
"101","Gas",1440
"104","Gas",1568
"101","Oil",1952
"101","Gas",2392
"101","Gas",1613
"101","Gas",2716
"101","Oil",1281
"101","Oil",3734
"101","Gas",1932
"101","Oil",842
"101","Electric",3483
"101","Oil",1040
"101","Electric",1404
"101","Oil",2088
"101","Gas",2853
"101","Oil",1136
"101","Oil",1170
"101","Oil",1748
"101","Oil",1344
"101","Gas",2472
"101","Gas",1639
"101","Oil",2686
"101","Oil",2466
"101","Electric",1341
"101","Electric",1341
"101","Electric",1341
"101","Electric",1341
"101","Gas",1082
"101","Gas",1082
"101","Gas",1082
"101","Gas",1082
"101","Gas",3664
"101","Oil",1830
"101","Gas",1080
"101","Oil",1528
"906","Oil",1768
"101","Oil",2968
"104","Electric",1632
"101","Oil",1276
"101","Gas",1244
"101","Oil",1008
"101","Gas",1583
"101","Oil",1116
"101","Oil",1784
"101","Oil",1040
"101","Oil",1344
"101","Oil",1200
"104","Gas",3388
"101","Gas",2082
"101","Gas",2136
"101","Gas",4019
"101","Oil",1248
"130",NA,0
"101","Gas",1512
"101","Gas",1680
"101","Oil",1372
"101","Gas",2591
"101","Oil",2208
"101","Gas",1902
"101","Gas",2808
"101","Gas",714
"101","Oil",1509
"101","Oil",1509
"101","Oil",1509
"101","Oil",1509
"101","Gas",1100
"101","Gas",1330
"101","Gas",964
"104","Gas",1950
"101","Gas",1798
"101","Oil",1408
"101","Gas",2172
"101","Gas",1585
"101","Oil",2416
"101","Oil",1584
"101","Oil",1678
"101","Gas",2658
"101","Oil",2328
"101","Oil",2328
"101","Oil",2328
"101","Oil",2328
"101","Oil",1664
"101","Oil",1664
"101","Oil",1664
"101","Oil",1664
"101","Oil",2502
"101","Oil",1080
"101","Gas",2168
"101","Oil",1196
"101","Oil",1260
"101","Oil",1068
"101","Oil",816
"101","Oil",2888
"101","Oil",3632
"101","Gas",1037
"101","Gas",3114
"101","Gas",2390
"101","Oil",2308
"101","Gas",1734
"101","Gas",2360
"101","Gas",3153
"101","Gas",1416
"101","Oil",900
"101","Oil",2675
"101","Gas",2648
"101","Gas",1207
"104",NA,1568
"101","Gas",2260
"101","Electric",1676
"101","Gas",2482
"101","Gas",2553
"104","Electric",3476
"104","Electric",3476
"104","Electric",3476
"104","Electric",3476
"104","Electric",3476
"104","Electric",3476
"104","Electric",3476
"104","Electric",3476
"104","Electric",3476
"104","Electric",3476
"104","Electric",3476
"104","Electric",3476
"104","Electric",3476
"104","Electric",3476
"104","Electric",3476
"104","Electric",3476
"101","Gas",1188
"101","Oil",1216
"104","Gas",2384
"104","Gas",1745
"101","Oil",1218
"101","Oil",1456
"101","Gas",2254
"101","Oil",1604
"101","Gas",1470
"101","Oil",1968
"101","Oil",1248
"101","Gas",1212
"130",NA,0
"101","Oil",1458
"101","Gas",2466
"101","Oil",2864
"101","Oil",2188
"101","Oil",1032
"101","Oil",1342
"101","Gas",1184
"101","Gas",2536
"101","Oil",2146
"101","Oil",2146
"101","Oil",2146
"101","Oil",2146
"101","Oil",946
"104","Gas",2532
"101","Oil",1573
"101","Electric",1248
"104","Electric",1696
"101","Oil",2128
"104","Gas",2850
"101","Electric",1632
"101","Electric",1316
"101","Gas",1524
"101","Gas",1296
"101","Oil",1116
"101","Oil",1116
"101","Oil",1208
"101","Gas",1704
"101","Oil",1632
"101","Oil",1728
"101","Oil",2372
"101","Gas",1468
"101","Gas",1632
"101","Gas",1284
"101","Gas",3062
"101","Oil",1949
"101","Gas",1260
"101","Gas",1726
"101","Gas",1428
"101","Oil",2276
"101",NA,1489
"105","Gas",3002
"101","Oil",1364
"101","Oil",3695
"101","Gas",768
"101","Gas",2544
"101","Oil",2072
"101","Gas",2485
"101","Gas",2485
"101","NONE",2485
"101","NONE",2485
"109","Oil",3014
"109","Oil",4104
"101","Gas",1260
"101","Oil",1600
"101","Gas",2669
"101","Gas",3532
"101","Oil",1749
"101","Oil",1783
"802","Oil",2608
"101","Oil",1952
"101","Oil",756
"101","Oil",1512
"101","Oil",1218
"101","Gas",1528
"101","Oil",1428
"101","Gas",1331
"101","Gas",1195
"104","Gas",2400
"104","Gas",2400
"104","Gas",2400
"104","Gas",2400
"109","Coal or Wood",730
"109","Oil",1152
"101","Oil",2488
"101","Oil",1800
"101","Oil",720
"071","Oil",4276
"101","Gas",1258
"101","Oil",1782
"101","Oil",1841
"101","Gas",1288
"101","Oil",1524
"101","Oil",1428
"101","Gas",320
"101","Oil",1415
"109","Gas",384
"109","Oil",670
"101","Oil",1763
"101","Oil",1400
"101","Oil",3567
"101","Oil",1938
"101","Oil",1466
"101","Oil",1275
"101",NA,1224
"101","Gas",1123
"101","Oil",1624
"101","Oil",1944
"101","Gas",1870
"101","Gas",1870
"101","Gas",1870
"101","Gas",1870
"101","Oil",2668
"101","Oil",1092
"104","Gas",2128
"101","Gas",2211
"101","Oil",1412
"104","Gas",2565
"105","Gas",3188
"101","Oil",1152
"101","Gas",3622
"101","Oil",1632
"101","Gas",1581
"101","Gas",3926
"101","Gas",1448
"101","Gas",912
"101","Gas",1644
"101","Oil",1092
"109","Gas",746
"109","Gas",832
"101","Gas",1919
"101","Gas",1480
"101","Gas",1771
"101","Oil",832
"101","Gas",875
"101","Oil",2060
"101","Oil",1234
"101","Oil",1632
"101","Oil",1528
"101","Oil",1044
"101","Gas",1270
"111","Gas",2714
"101","Gas",3571
"101","Oil",2216
"101","Gas",936
"101","Gas",1185
"101","Oil",1283
"101","Oil",1484
"101","Gas",1024
"101","Gas",1500
"101","Gas",1546
"101","Gas",1554
"101","Gas",2062
"101","Oil",1008
"101","Oil",1336
"101","Gas",2648
"101","Oil",1683
"101","Gas",1048
"101","Gas",1508
"101","Oil",1328
"101","Oil",2277
"101","Gas",1365
"101","Oil",1192
"101","Oil",1677
"101","Gas",1592
"101","Gas",2355
"101","Gas",1256
"101","Gas",1256
"101","Gas",1256
"101","Gas",1256
"104","Oil",4380
"101","Oil",2168
"101","Oil",1632
"101","Gas",1900
"101","Gas",1536
"101","Gas",1257
"104","Gas",2494
"101","Oil",1260
"101","Oil",4141
"101","Oil",1696
"101","Oil",2200
"101","Oil",1224
"101","Gas",1105
"101","Gas",1704
"101","Gas",1728
"101","Gas",2369
"101","Gas",2000
"101","Oil",1566
"101","Oil",1596
"101","Oil",2315
"104","Gas",2115
"101","Gas",1920
"101","Gas",1764
"101","Gas",1764
"101","Gas",1764
"101","Gas",1764
"101","Oil",1864
"101","Oil",1704
"101","Oil",1176
"101","Oil",2326
"101",NA,864
"101","Gas",2790
"101","Oil",2124
"101","Oil",960
"111","Gas",5434
"104","Gas",2682
"101","Oil",864
"101","Oil",3671
"101","Gas",2592
"101","Oil",1211
"101","Oil",1540
"101","Gas",1866
"101","Gas",2218
"101","Gas",1470
"104","Oil",1575
"101","Oil",1680
"101","Oil",806
"101","Gas",1380
"101","Gas",863
"104","Oil",2854
"104","Gas",3525
"104","Oil",2176
"104","Gas",2464
"101","Gas",1764
"101","Electric",1624
"112","Gas",1612
"101","Gas",1780
"101","Gas",1736
"101","Oil",960
"101","Gas",1172
"104","Oil",2090
"101","Gas",869
"101","Gas",2028
"104","Oil",2538
"101","Gas",1692
"101","Oil",1476
"101","Gas",1774
"104","Gas",1412
"101","Gas",1873
"101","Oil",2943
"013","Oil",1092
"101","Gas",3072
"105","Gas",3730
"104","Gas",2944
"104","Gas",3150
"101","Oil",1592
"101","Oil",1527
"101","Oil",1527
"101","Oil",1527
"101","Oil",1527
"101","Oil",1232
"101","Oil",1215
"101","Gas",1638
"101","Oil",1200
"101","Gas",2836
"104","Gas",2256
"104","Gas",2080
"101","Oil",2180
"101","Oil",1684
"101","Oil",800
"101","Gas",2777
"101","Oil",1394
"101","Gas",2566
"101","Oil",1224
"101","Oil",1394
"953","Oil",1902
"101","Gas",2805
"101","Oil",2008
"101","Oil",1120
"101","Gas",2556
"101","Gas",1512
"101","Oil",1508
"101","Oil",1918
"101","Gas",1200
"101","Gas",2328
"101","Oil",960
"101","Oil",1140
"101","Oil",1840
"101","Gas",1568
"101","Oil",1144
"101","Gas",1540
"101","Oil",768
"101","Oil",3092
"101","Oil",1528
"101","Oil",1328
"101","Gas",1146
"101","Electric",1710
"101","Gas",1842
"101","Oil",1193
"101","Oil",3832
"101","Oil",3832
"101","Oil",3832
"101","Oil",3832
"101","Electric",2480
"010","Oil",1361
"101","Oil",3053
"101","Oil",1200
"101","Gas",2289
"101","Oil",1446
"101","Oil",2692
"101","Gas",1830
"101","Gas",2240
"101","Oil",1405
"101","Electric",1984
"101","Gas",3044
"101","Gas",1152
"101","Electric",1972
"101","Oil",1092
"101",NA,1607
"101",NA,1607
"101","Gas",1607
"101","Gas",1607
"101","Oil",1152
"101","Gas",1007
"101","Oil",1272
"101","Oil",1161
"101","Gas",2718
"101","Gas",2718
"101","Gas",2718
"101","Gas",2718
"101","Oil",1596
"101","Gas",928
"101","Gas",1276
"101","Electric",1716
"101","Gas",2400
"104","Gas",1875
"101","Gas",2363
"101","Oil",2390
"101","Gas",2166
"101","Oil",1040
"101","Oil",1428
"101","Oil",1728
"101","Oil",1137
"101","Oil",1568
"101","Oil",1626
"104","Oil",2703
"101","Oil",1512
"101","Oil",1876
"101","Oil",2080
"101","Gas",3516
"101","Oil",1163
"101","Gas",2878
"101","Oil",1040
"101","Oil",2450
"101","Oil",1604
"101","Gas",1224
"101","Oil",2501
"101","Oil",1936
"101","Oil",1232
"101","Gas",1947
"101","Gas",1308
"101","Oil",1568
"101","Gas",1248
"101","Gas",2416
"101","Oil",1728
"101","Gas",1608
"101","Oil",1428
"101","Oil",1144
"101","Oil",1376
"101","Gas",1037
"104","Electric",1680
"101","Gas",2584
"101","Oil",1576
"101","Oil",2136
"111","Electric",3136
"010","Gas",2928
"101","Gas",1650
"101","Oil",1428
"101","Oil",1102
"101","Oil",1183
"101","Gas",2756
"010","Oil",2002
"101","Oil",1626
"101","Gas",1078
"101","Oil",1080
"101","Gas",1708
"101","Oil",2272
"101","Oil",2272
"101","Oil",2272
"101","Oil",2272
"101","Oil",1840
"101","Gas",1677
"101","Gas",1602
"101","Gas",942
"101","Oil",1492
"101","Oil",1940
"101","Oil",1632
"101","Oil",2016
"101","Gas",3094
"101","Gas",3094
"101","Oil",3094
"101","Oil",3094
"010","Gas",2446
"101","Oil",1464
"101","Oil",1932
"101","Gas",3118
"101","Gas",3118
"101","Oil",3118
"101","Oil",3118
"101","Oil",1650
"101","Oil",1288
"101","Gas",2518
"101","Oil",1349
"101","Oil",2406
"101","Oil",2277
"101","Oil",2061
"101","Gas",1860
"101","Oil",2172
"101","Oil",1803
"104","Gas",4088
"101","Gas",1040
"101","Oil",1248
"101","Electric",840
"101","Oil",1792
"101","Gas",3471
"101","Oil",936
"101","Gas",1764
"101","Oil",1440
"101","Oil",1568
"101","Gas",1110
"101","Gas",2216
"101","Electric",768
"101","Gas",2326
"101","Oil",2358
"101","Oil",1144
"101","Oil",1800
"101","Gas",1376
"101","Gas",2388
"101","Gas",1092
"101","Oil",1512
"101","Gas",2070
"101","Oil",2270
"101","Gas",1930
"101","Gas",688
"101","Gas",2057
"101","Gas",2057
"101","Gas",2057
"101","Gas",2057
"101","Gas",1761
"101","Gas",2160
"104","Oil",2226
"101","Gas",1529
"101","Gas",2797
"101","Oil",2878
"101","Gas",2152
"101","Oil",1180
"104","Oil",2796
"101","Electric",1445
"101","Oil",2918
"101","Oil",1508
"101","Gas",1574
"101","Gas",1574
"101","Gas",1574
"101","Gas",1574
"101","Gas",5723
"101","Oil",1608
"101","Oil",1456
"101","Gas",2584
"101","Gas",2473
"101",NA,1986
"101","Gas",2052
"109","Oil",1254
"109","Gas",3729
"101","Oil",1232
"961","Oil",936
"970","Oil",3502
"101","Oil",2060
"101","Gas",1185
"104","Oil",2263
"101","Gas",2488
"101","Oil",720
"101","Oil",1232
"101",NA,1040
"101","Gas",1162
"101","Gas",1326
"101","Oil",960
"104","Gas",2148
"101","Gas",1600
"101","Oil",1628
"101","Oil",1094
"101","Gas",1838
"101","Gas",2080
"101","Oil",1440
"101","Oil",2280
"970","Oil",2134
"101","Oil",1427
"101","Oil",1674
"101","Oil",2736
"101","Oil",912
"101","Gas",1280
"101",NA,1080
"101","Oil",1932
"101","Oil",1407
"101","Oil",1288
"101","Gas",2953
"105","Gas",2504
"101","Oil",1440
"970","Gas",2200
"101","Oil",2173
"101","Oil",1309
"101","Gas",2984
"101","Gas",2575
"101","Gas",1056
"101","Oil",1096
"104","Gas",3150
"101","Oil",1528
"101","Oil",1325
"101","Gas",1568
"101","Gas",1440
"101","Oil",1188
"101","Oil",1188
"101","Oil",1188
"101","Oil",1188
"101","Gas",1191
"101","Gas",3390
"101","Oil",1570
"101","Gas",2384
"104","Oil",2941
"101","Gas",2347
"101","Gas",2500
"101","Oil",1393
"101","Gas",2251
"101","Oil",984
"104","Gas",2715
"101","Gas",2232
"101","Oil",2084
"101","Gas",1320
"101","Oil",1768
"101","Oil",1822
"101","Gas",1251
"101","Gas",1472
"101","Gas",2643
"101","Oil",2016
"101","Oil",2352
"101","Electric",2252
"101","Oil",1450
"101","Oil",1056
"101","Oil",1080
"101","Gas",1218
"104","Oil",1431
"101","Oil",1686
"101","Oil",2070
"101","Oil",1248
"101","Gas",2988
"101","Oil",1092
"101","Gas",1126
"101","Oil",1284
"101","Gas",1337
"101","Gas",1134
"105","Gas",3378
"101","Gas",2334
"101","Gas",1500
"104","Oil",2056
"101","Gas",1223
"104","Gas",2050
"101","Oil",1664
"101","Gas",1696
"101","Gas",2087
"101","Gas",1118
"104","Gas",2609
"101","Oil",1146
"111","Gas",3988
"101","Oil",1906
"101","Gas",1360
"101","Oil",1300
"105","Gas",2933
"101","Oil",1596
"105","Gas",2961
"101","Gas",2882
"101","Gas",2545
"101","Gas",2545
"101","Gas",2545
"101","Gas",2545
"013","Gas",3096
"101","Oil",1232
"101","Oil",1139
"101","Gas",1532
"101","Gas",1926
"101","Oil",924
"101","Oil",1222
"101","Gas",2621
"104","Oil",2480
"105","Oil",2863
"101","Gas",1906
"101","Gas",1224
"101","Gas",1346
"101","Oil",2182
"105","Gas",2910
"101","Oil",1648
"101","Oil",1264
"104","Oil",3215
"101","Gas",2946
"101","Oil",2434
"101","Gas",2060
"101","Gas",1048
"101","Oil",2184
"101","Gas",1037
"101","Oil",1111
"104","Gas",3736
"101","Gas",3470
"101","Gas",1390
"101","Oil",840
"101","Gas",2596
"104","Oil",2392
"101","Gas",1470
"101","Oil",1344
"101","Gas",1384
"101","Gas",1104
"101","Gas",1081
"101","Gas",2068
"101","Gas",1316
"101","Oil",1424
"101","Gas",2712
"101","Oil",2152
"101","Oil",792
"101",NA,1252
"101","Oil",1244
"101","Oil",1352
"101","Oil",1716
"101","Electric",1394
"111","Gas",4212
"101","Oil",2458
"101","Gas",1424
"101","Oil",2040
"101","Gas",1204
"101","Oil",1232
"101","Gas",2662
"104","Gas",2368
"101","Gas",1288
"101","Oil",1764
"101","Oil",1252
"101","Gas",3838
"101","Gas",2060
"101","Oil",960
"101","Oil",2759
"101","Oil",1495
"101","Gas",2126
"104","Oil",1748
"101","Oil",3295
"101","Oil",1624
"101","Oil",1236
"101","Oil",1092
"101","Oil",1561
"101","Oil",1154
"101","Gas",1512
"101","Oil",1632
"101","Gas",1870
"101","Oil",1800
"104","Oil",1536
"101","Gas",3177
"101","Oil",1065
"101","Gas",1562
"109","Oil",1589
"109","Oil",1152
"101",NA,2992
"101",NA,2992
"101","Gas",2992
"101","Gas",2992
"101","Gas",698
"101","Gas",1469
"101","Gas",1596
"101","Gas",2056
"101","Gas",2834
"101","Oil",1080
"101","Oil",1100
"101","Gas",1999
"101","Oil",1176
"104","Gas",1816
"104","Gas",2240
"101","Gas",1680
"101","Oil",960
"101","Gas",2347
"101","Oil",1144
"101","Gas",1144
"101","Gas",2524
"101","Gas",1768
"101","Oil",2583
"101","Oil",2583
"101","Oil",2583
"101","Oil",2583
"101","Gas",1080
"101","Gas",1074
"101","Oil",1428
"101","Gas",1264
"101","Gas",672
"101","Gas",2898
"101","Oil",1334
"101","Oil",1818
"101","Gas",1700
"101","Oil",1088
"104","Oil",1768
"101","Oil",1182
"104","Electric",1590
"101","Gas",1164
"101","Oil",1352
"101","Gas",864
"101","Oil",1296
"101","Oil",1856
"101","Oil",1759
"101","Oil",1084
"101","Oil",3128
"101","Oil",2288
"101","Oil",1704
"101","Oil",2072
"101","Oil",1232
"101","Gas",1368
"101","Oil",1116
"105","Gas",3048
"101","Gas",2561
"101","Oil",1952
"101","Gas",2087
"711","Oil",984
"101","Oil",3126
"101","Electric",1983
"101","Oil",1590
"101","Gas",1811
"111","Gas",4380
"101","Oil",4706
"101","Oil",1602
"101","Gas",1392
"101","Gas",1070
"101","Gas",1215
"104","Electric",2016
"101","Gas",2176
"101","Oil",1946
"101","Oil",1820
"101","Gas",3412
"101","Gas",3412
"101","Gas",3412
"101","Gas",3412
"101","Gas",2776
"101","Gas",980
"101","Oil",2128
"101","Oil",1268
"101","Oil",1632
"101","Gas",1759
"101","Oil",1053
"101","Oil",1630
"101","Oil",1630
"101","Oil",1630
"101","Oil",1630
"101","Oil",1240
"101","Oil",1770
"101","Gas",2832
"101","Oil",4594
"105","Gas",4378
"101","Oil",1632
"101","Gas",1668
"101","Oil",2348
"101","Oil",1116
"101","Gas",2128
"101","Oil",1396
"101","Oil",1905
"101","Oil",1248
"101","Oil",1992
"101","Gas",2860
"101","Oil",1376
"101","Oil",1236
"101","Oil",1766
"101","Oil",1265
"101","Oil",1440
"101","Gas",3343
"101","Oil",1440
"101","Gas",2472
"101","Oil",2254
"101","Oil",1096
"101","Oil",3730
"109","Gas",589
"109","Gas",960
"101","Gas",1947
"101","Gas",1836
"101","Oil",1632
"101","Oil",1428
"101","Oil",2469
"101","Gas",1453
"101","Oil",1484
"101","Oil",988
"105","Gas",4970
"101","Oil",2224
"104","Oil",2388
"101","Gas",1286
"101","Gas",3014
"101","Gas",2366
"101","Gas",1030
"101","Oil",1084
"101","Gas",1425
"101","Gas",1932
"101","Oil",1584
"101","Oil",1822
"101","Oil",2496
"101",NA,1750
"101","Oil",1218
"101","Gas",864
"901","Oil",737
"712","Oil",850
"101","Oil",1560
"101","Oil",3044
"101","Gas",2774
"101","Gas",2774
"101","Gas",2774
"101","Gas",2774
"101","Oil",1350
"101","Oil",1512
"101","Oil",2884
"101","Oil",1152
"104","Gas",2504
"101","Gas",4050
"101","Oil",1152
"101","Oil",1828
"910","Oil",972
"101","Oil",1970
"101","Oil",1970
"101","Oil",1970
"101","Oil",1970
"101","Electric",1084
"101","Oil",1876
"101","Coal or Wood",832
"101","Oil",1758
"104","Oil",2760
"101","Gas",2612
"101","Gas",1224
"101","Gas",1505
"101","Gas",1152
"101","Gas",1311
"101","Gas",1892
"101","Oil",1696
"101","Gas",1037
"101","Gas",1382
"101","Gas",1525
"101","Oil",1596
"101","Gas",3206
"101","Gas",2612
"101","Oil",1884
"101","Oil",2136
"104","Oil",2996
"101","Oil",2533
"101","Oil",1727
"101","Gas",1152
"104","Gas",1368
"104","Gas",3052
"104","Gas",3680
"101","Gas",1421
"101","Oil",2280
"101","Gas",1570
"101","Gas",1760
"101","Gas",2481
"101","Coal or Wood",1508
"111","Gas",3049
"101","Gas",830
"101","Oil",1976
"101","Gas",1946
"101","Oil",1876
"101","Oil",2156
"101","Oil",1248
"101","Gas",1364
"101","Gas",1364
"101","Gas",1364
"101","Gas",1364
"101","Gas",1364
"101","Gas",1364
"101","Gas",1364
"101","Gas",1364
"101","Gas",1364
"101","Gas",1364
"101","Gas",1364
"101","Gas",1364
"101","NONE",1364
"101","NONE",1364
"101","NONE",1364
"101","NONE",1364
"101","Gas",1288
"101","Oil",1792
"101","Gas",1619
"101","Gas",1198
"101","NONE",1464
"101","NONE",1464
"101","Oil",1464
"101","Oil",1464
"101","Oil",2280
"101","Gas",1554
"104","Oil",2941
"105","Gas",2077
"101","Gas",1420
"101","Gas",1339
"101","Oil",1618
"101","Gas",1547
"101","Gas",1080
"101","Gas",1430
"109","Gas",1036
"109","Gas",2171
"104","Oil",1824
"105","Gas",2799
"101","Gas",3604
"101","Oil",1783
"104","Gas",3063
"101","Gas",1734
"104","Gas",3109
"101","Gas",4211
"101","Oil",1551
"101","Oil",1632
"101","Gas",2088
"104","Oil",2520
"101","Oil",1512
"101","Oil",1116
"104","Gas",3164
"101","Gas",2243
"101","Oil",864
"101","Oil",1272
"101","Oil",1300
"101","Oil",1498
"101","Oil",1408
"101","Gas",1032
"101","Oil",1568
"101","Oil",1904
"101","Oil",1904
"101","Oil",1904
"101","Oil",1904
"104","Oil",1736
"101","Oil",1304
"104","Gas",1530
"104","Gas",2451
"101","Gas",2808
"101","Gas",1502
"104","Gas",1901
"101","Gas",837
"104","Gas",1830
"101","Oil",1913
"104","Oil",2500
"104","Gas",1880
"101","Gas",2270
"101","Oil",1436
"101","Oil",1311
"101","Oil",1560
"101","Oil",1248
"101","Oil",1240
"101","Oil",1440
"101","Electric",994
"101","Oil",980
"101","Oil",1465
"101","Gas",1740
"101","Gas",1376
"101","Gas",2010
"104","Gas",1750
"101","Gas",1528
"104","Gas",2360
"101","Gas",2075
"101","Gas",1120
"101","Oil",1748
"101","Oil",2352
"101","Gas",1980
"101","Gas",2006
"101","Oil",1079
"104","Oil",2450
"101","Gas",1445
"101","Gas",1098
"101","Gas",2873
"101","Gas",1632
"101","Oil",1722
"101","Gas",1006
"101","Gas",1724
"101","Oil",1080
"101","Gas",2184
"104","Oil",2128
"101","Gas",1665
"104","Gas",2262
"101","Oil",1688
"959","Oil",2460
"101","Gas",1472
"104","Electric",1288
"101","Gas",1312
"101","Oil",1464
"101","Oil",1650
"101","Gas",1710
"101","Gas",1710
"101","Oil",1710
"101","Oil",1710
"101","Gas",1092
"101","Gas",864
"101","Oil",1437
"104","Gas",4428
"101","Oil",1424
"101","Oil",1424
"101","Oil",1424
"101","Oil",1424
"101","Gas",1844
"101","Oil",1626
"101","Oil",1764
"101","Gas",3387
"101","Oil",2090
"101","Gas",2129
"101","Gas",1025
"101","Oil",1116
"101","Gas",2206
"101","Electric",1554
"101","Gas",2484
"101","Gas",2484
"101","Gas",2484
"101","Gas",2484
"104","Gas",2226
"101","Oil",1608
"101","Gas",2768
"101","Gas",1968
"101","Gas",2326
"101","Oil",1146
"101","Gas",2100
"101","Gas",1318
"101","Oil",1677
"104","Gas",2380
"101","Gas",1256
"101","Gas",1026
"101","Oil",1210
"105","Gas",3063
"101","Oil",1324
"101","Gas",1750
"101","Gas",1750
"101","Gas",1750
"101","Gas",1750
"109","Oil",540
"109","Oil",1600
"101","Gas",3432
"101","Oil",1802
"101","Oil",1224
"101","Oil",1356
"101","Oil",1324
"101",NA,980
"101","Oil",1938
"101","Oil",1664
"101","Gas",3403
"101","Electric",2880
"101","Gas",1778
"101","Oil",2748
"101","Oil",2040
"101","Electric",2710
"104","Oil",2550
"105","Electric",2435
"101","Gas",1955
"101","Oil",1037
"101","Gas",2068
"101","Oil",1528
"101","Oil",2080
"101","Oil",1514
"101","Gas",2406
"101","Gas",2388
"101","Oil",1494
"101","Oil",1240
"101","Oil",1960
"104","Gas",1710
"101","Gas",1414
"101","Gas",2160
"101","Oil",1224
"101","Oil",820
"101","Oil",1736
"104","Gas",1846
"101","Oil",1638
"101","Oil",1688
"101","Oil",1120
"101","Oil",1550
"101","Oil",1285
"101","Gas",1645
"101","Oil",1661
"101","Oil",1584
"101","Oil",1316
"961","Oil",1500
"961","Oil",1500
"961","Oil",1500
"961","Oil",1500
"101","Gas",916
"101","Gas",916
"101","Gas",916
"101","Gas",916
"101","Oil",2088
"104","Oil",2228
"101","Gas",1652
"101","Oil",1446
"101","Oil",1824
"101","Oil",1296
"101","Oil",1386
"101","Gas",2560
"101","Oil",1275
"101","Gas",1696
"101","Oil",988
"101","Oil",1874
"101","Oil",2924
"101","Gas",1945
"104","Oil",2928
"101","Gas",1048
"101","Oil",1452
"101","Gas",1204
"101","Oil",1848
"101","Gas",960
"101","Gas",3077
"101","Oil",2697
"101","Gas",1471
"101","Gas",1368
"101","Oil",1188
"101","Gas",2128
"101","Gas",2428
"101","Gas",2428
"101","Gas",2428
"101","Gas",2428
"101","Gas",1942
"101","Gas",1464
"101","Gas",1150
"101","Electric",2219
"101","Oil",1356
"101","Gas",3062
"101","Oil",2426
"101","Oil",1344
"101","Gas",3831
"101","Oil",1456
"101","Gas",1632
"101","Oil",1164
"101","Oil",1584
"101","Oil",1248
"101","Gas",2934
"101","Oil",2455
"101","Oil",1495
"101","Gas",1812
"101","Oil",1776
"101","Oil",1428
"101","Gas",4771
"101","Oil",1248
"101","Oil",1440
"101",NA,1620
"101","Gas",1890
"101","Oil",1213
"101","Oil",1008
"101","Gas",2204
"101","Oil",1535
"101","Oil",1952
"101","Oil",594
"101","Oil",1198
"801","Oil",2432
"101","Gas",1263
"101","Electric",1123
"101","Oil",1230
"101","Oil",1756
"101","Gas",1960
"101","Oil",1601
"101","Oil",1654
"101","Gas",1140
"101","Gas",1323
"101","Oil",2239
"101","Gas",1813
"101","Gas",2014
"101","Oil",1654
"101","Gas",1260
"101","Gas",1608
"105","Gas",3957
"101","Gas",988
"101","Oil",2208
"101","Oil",1423
"101","Gas",2300
"101","Oil",1512
"101","Oil",1830
"101","Gas",1052
"101","Oil",1309
"101","Oil",1404
"101","Gas",2033
"101","Oil",1357
"101","Gas",2301
"101","Gas",2248
"101","Gas",1814
"101","Gas",1157
"101","Gas",1800
"101","Gas",850
"101","Gas",1645
"101","Oil",703
"104","Gas",1995
"101","Gas",1144
"101","Oil",2108
"101",NA,1536
"104","Gas",1856
"101","Gas",2340
"101","Oil",1236
"101","Gas",1232
"101","Coal or Wood",806
"101","Oil",2058
"101","Gas",1276
"101","Gas",2128
"101","Gas",2128
"101","Gas",2128
"101","Gas",2128
"101","Oil",2002
"101","Oil",2047
"101","Gas",3074
"101","Oil",2181
"101","Oil",1530
"101","Gas",1376
"101","Oil",940
"101","Oil",1744
"101","Oil",1207
"101","Oil",1248
"101","Oil",1587
"101","Gas",1588
"101","Oil",2036
"101","Gas",2604
"111","Electric",3664
"101","Oil",2175
"101","Gas",2710
"104","Oil",2860
"101","Gas",3851
"101","Oil",1056
"101","Gas",1696
"101","Gas",1248
"105","Gas",3013
"101","Oil",1345
"104","Electric",1928
"104","Oil",2160
"101","Gas",1846
"101","Gas",1344
"104","Gas",1847
"101","Oil",2544
"101","Oil",1348
"101","Gas",1752
"101","Gas",1600
"101","Oil",2582
"101","Oil",1362
"101","Gas",1655
"101","Oil",1202
"101","Oil",1512
"101","Oil",1592
"101","Gas",2394
"101","Gas",912
"101","Gas",2734
"101","Gas",1107
"101","Oil",2723
"101","Gas",2279
"105","Gas",4627
"104","Gas",2232
"101","Gas",3088
"101","Gas",1092
"101","Oil",1152
"101","Gas",2436
"101","Gas",1092
"101","Gas",2320
"104","Oil",4492
"101","Gas",1495
"101","Gas",912
"101","Gas",1056
"101","Gas",1344
"101","Oil",3478
"104","Oil",2970
"101","Gas",1156
"101","Gas",1454
"101","Electric",1400
"101","Oil",1272
"101","Oil",1400
"101","Oil",875
"101","Oil",1824
"101","Gas",1388
"101","Oil",1144
"101","Gas",2798
"101","Gas",2249
"101","Gas",2254
"101","Gas",2254
"101","NONE",2254
"101","NONE",2254
"104","Oil",1524
"101","Gas",1828
"101","Gas",4160
"101","Gas",2944
"101","Gas",1720
"101","Electric",1352
"101","Oil",1962
"101","Gas",1800
"101","Gas",3068
"101","Oil",1144
"101","Oil",1200
"071","Oil",2040
"101","Oil",2118
"104","Gas",1560
"101","Gas",5628
"101","Oil",1854
"101","Oil",1854
"101","Oil",1854
"101","Oil",1854
"101","Gas",2496
"101","Oil",1008
"101","Oil",1020
"101","Oil",1717
"101","Oil",2080
"101","Gas",3911
"101","Oil",1782
"101","Oil",1632
"101","Oil",1640
"101","Oil",1040
"101","Oil",1632
"111","Oil",4428
"104","Gas",2786
"104","Gas",2786
"104","Gas",2786
"104","Gas",2786
"101","Gas",3110
"101","Oil",1536
"101","Oil",2132
"101","Oil",2389
"101","Oil",1529
"101","Oil",1008
"101","Oil",1248
"101","Oil",2280
"101","Oil",2280
"101","Oil",2280
"101","Oil",2280
"101","Oil",1782
"101","Gas",1377
"101","Gas",1308
"101","Gas",2415
"101","Oil",2146
"111","Oil",5790
"111","Oil",5790
"111","Oil",5790
"111","Oil",5790
"101","Oil",995
"101","Gas",1364
"104","Oil",2289
"101","Electric",1904
"101","Gas",1515
"970","Oil",2428
"101","Gas",2110
"101","Oil",1056
"101","Gas",1344
"101","Oil",1176
"101","Electric",1604
"104","Gas",2734
"104","Gas",2734
"104","Gas",2734
"104","Gas",2734
"104","Gas",2734
"104","Gas",2734
"104","Gas",2734
"104","Gas",2734
"104","Gas",2734
"101","Gas",2114
"104","Gas",2178
"104","Gas",1968
"101","Oil",1100
"101","Gas",1104
"101","Oil",1694
"101","Oil",1288
"101","Oil",1305
"101","Gas",2016
"101","Oil",1757
"101",NA,1288
"101","Oil",1466
"101","Gas",1280
"101","Oil",1260
"101","Oil",1440
"101","Oil",2350
"101","Oil",1280
"101","Oil",2356
"104","Gas",2040
"101","Oil",3512
"101","Gas",1812
"101","Oil",2372
"101","Oil",2372
"101","Oil",2372
"101","Oil",2372
"101","Oil",2372
"101","Oil",2372
"101","Oil",2372
"101","Oil",2372
"101","Oil",2372
"101","Oil",1092
"101","Oil",1214
"101","Oil",1404
"101","Gas",982
"101","Gas",1164
"101","Gas",1164
"101","Gas",1164
"101","Gas",1164
"101","Oil",1176
"101","Oil",1176
"101","Coal or Wood",1020
"101","Oil",1754
"101","Gas",1028
"101","Oil",1512
"101","Gas",1631
"101","Gas",4314
"101","Gas",1920
"101","Oil",1956
"101","Gas",1260
"101","Electric",1940
"101","Oil",2332
"101","Oil",1704
"101","Gas",1296
"101","Electric",1086
"109","Oil",1458
"109","Oil",504
"101","Gas",1896
"101","Oil",1059
"101","Electric",1101
"101","Oil",1560
"104","Gas",2637
"101","Gas",3244
"101","Oil",1610
"101","Oil",1620
"101","Oil",1200
"101","Oil",2112
"101","Oil",1344
"101","Oil",1248
"101","Gas",1650
"101","Oil",1278
"101","Gas",828
"101","Oil",1750
"101","Gas",3197
"101","Gas",3197
"101","Gas",3197
"101","Gas",3197
"101","Oil",2579
"101","Gas",1680
"101","Oil",3284
"101","Oil",1123
"101","Oil",1164
"101","Oil",1152
"101","Gas",2972
"101",NA,1234
"101","Gas",1352
"101",NA,1904
"101",NA,1904
"101","Gas",1904
"101","Gas",1904
"101","Gas",1400
"101","Oil",1166
"101","Oil",1044
"101","Gas",1013
"104","Gas",2464
"104","Oil",1664
"105","Oil",2816
"101","Oil",1008
"104","Gas",2628
"101","Gas",1513
"104","Oil",2070
"101","Gas",1332
"101","Oil",1116
"101","Gas",3271
"101","Gas",3271
"101","Gas",3271
"101","Gas",3271
"101","Gas",3127
"101","Gas",1800
"101","Oil",1410
"101","Gas",1582
"101","Oil",2322
"101","Gas",1113
"101","Oil",1984
"101","Oil",1428
"101","Oil",1376
"101","Oil",2884
"101","Oil",1188
"101","Gas",1420
"101","Gas",1953
"101","Gas",1152
"101","Oil",1008
"101","Oil",2594
"101","Gas",2458
"101","Gas",1746
"104","Gas",2198
"105","Gas",2448
"101","Oil",720
"101","Gas",1887
"101","Oil",1184
"101","Oil",1184
"101","Oil",1184
"101","Oil",1184
"104","Gas",1952
"101","Gas",1560
"101","Oil",1561
"101","Gas",2304
"104","Oil",2777
"101","Oil",1296
"104","Gas",2108
"101","Oil",1822
"105","Gas",3300
"104","Gas",2805
"101","Gas",2781
"101","Oil",1442
"101","Gas",3328
"101","Gas",3505
"101","Oil",1092
"101","Oil",1250
"101","Gas",2788
"101","Gas",2070
"104","Gas",2532
"101","Gas",2205
"104","Oil",1921
"101","Oil",1632
"101","Gas",1904
"101","Gas",1054
"101","Gas",1782
"101","Gas",2504
"101","Oil",1640
"104","Oil",2264
"104","Oil",1976
"111","Gas",3354
"101","Oil",1412
"101","Gas",2346
"101","Gas",919
"101","Gas",1456
"101","Oil",2368
"101","Oil",2368
"101","Oil",2368
"101","Oil",2368
"104","Oil",1935
"101","Gas",1224
"101","Gas",3276
"101","Gas",3276
"101","Gas",3276
"101","Gas",3276
"101","Gas",2240
"101","Oil",1664
"101","Oil",1664
"101","Oil",1664
"101","Oil",1664
"101","Oil",2110
"101","Oil",1771
"101","Oil",1730
"101","Oil",1008
"101","Gas",2447
"101","Gas",1037
"104","Gas",2492
"101","Gas",1656
"104","Oil",2157
"101","Gas",1373
"101","Oil",816
"101","Oil",2484
"101","Gas",1479
"101","Oil",1504
"101","Oil",1356
"101","Oil",945
"101","Gas",1428
"101","Gas",1512
"101","Gas",2284
"104","Electric",1666
"104","Gas",2616
"101","Electric",1512
"101","Oil",1982
"101","Oil",1620
"104","Oil",1558
"101","Electric",3496
"101","Gas",984
"101","Gas",1440
"101","Gas",1278
"104","Gas",2788
"101","Gas",1260
"101","Gas",2620
"101","Gas",1972
"101","Oil",1330
"101","Gas",2452
"101","Gas",1902
"101","Oil",972
"101","Oil",1664
"104","Gas",2298
"101","Oil",2254
"101","Gas",1960
"101","Gas",4414
"101","Gas",2072
"101","Oil",866
"101","Gas",2806
"101","Oil",1082
"101","Electric",1838
"101","Oil",3157
"101","Gas",1811
"101","Oil",1800
"101","Gas",1888
"101","Coal or Wood",864
"101","Oil",1425
"803","Oil",2494
"101","Gas",1054
"101","Electric",1152
"101","Oil",3076
"101","Gas",4046
"101",NA,2820
"101","Oil",2867
"101","Gas",2016
"101","Oil",1559
"101","Electric",2716
"101","Gas",1671
"101","Gas",1352
"101","Oil",1992
"101","Oil",982
"101","Oil",1460
"101","Oil",1624
"101","Oil",1186
"101","Oil",1385
"104","Gas",3440
"101","Gas",1248
"101","Oil",1360
"101","Gas",1646
"101","Electric",1552
"101","Electric",1552
"101","Electric",1552
"101","Electric",1552
"101","Gas",1944
"101","Oil",882
"101","Oil",1256
"101","Oil",1594
"101","Oil",1594
"101","Oil",1594
"101","Oil",1594
"104","Gas",2426
"101","Oil",1144
"101","Oil",1564
"101","Oil",1356
"101","Gas",2902
"101","Oil",2356
"071","Oil",1317
"101","Gas",1203
"101","Gas",1240
"101","Electric",1303
"101","Gas",1632
"101","Gas",2002
"101","Oil",1044
"101","Oil",962
"104","Gas",2981
"101","Oil",1706
"101","Gas",768
"101","Oil",4922
"104","Gas",2915
"101","Gas",2905
"101","Gas",1037
"101","Oil",1897
"104","Oil",3196
"104","Oil",3196
"104","Oil",3196
"104","Oil",3196
"101","Gas",3220
"101","Gas",1480
"101","Gas",1542
"101","Gas",1446
"101","Oil",1680
"959","Gas",5140
"959","Oil",4928
"101","Gas",4056
"101","Electric",1148
"101","Oil",1116
"101","Oil",2480
"101","Oil",1845
"101","Electric",1670
"101","Oil",2133
"101","Oil",1010
"101","Oil",1836
"101",NA,1404
"101","Gas",1848
"101","Gas",1533
"101","Electric",1553
"101","Gas",1922
"101","Gas",1270
"101","Oil",2086
"101","Electric",1204
"101","Oil",1068
"101","Oil",1511
"101","Oil",1482
"101","Oil",1208
"105","Oil",4188
"101","Gas",1944
"101","Oil",1200
"101","Gas",1050
"101","Oil",1085
"101","Gas",1991
"101","Gas",2960
"101","Electric",1728
"101","Oil",1846
"101","Oil",1455
"101","Gas",1836
"101","Oil",1810
"101","Gas",2006
"101","Electric",1372
"101","Electric",1608
"101","Gas",1916
"101","Oil",3782
"101","Oil",1639
"101","Electric",1623
"101","Oil",1086
"101","Gas",1428
"101","Gas",2208
"101","Oil",1452
"959","Oil",2531
"101","Oil",2480
"103","Oil",840
"101","Gas",2152
"101","Gas",1050
"101","Oil",1413
"101","Gas",1882
"104","Gas",1960
"109","Gas",720
"109","Gas",2259
"101","Oil",2539
"104","Gas",2180
"104","Oil",2362
"101","Oil",1336
"101","Gas",3159
"101","Gas",2364
"101","Gas",1452
"101","Oil",1152
"111","Gas",7272
"101","Gas",1459
"101","Gas",1506
"101","Gas",1148
"104","Gas",2044
"101","Gas",1040
"101","Gas",2799
"101",NA,960
"101","Gas",1672
"101","Oil",1056
"105","Gas",3224
"101","Oil",1008
"104","Oil",2120
"101","Gas",1482
"101","Oil",1196
"101","Oil",1402
"104","Oil",3078
"101","Gas",1100
"101","Gas",1434
"101","Oil",1995
"101","Oil",1256
"101","Gas",4132
"101","Gas",1083
"101","Oil",2066
"104","Gas",1872
"101",NA,1602
"101","Oil",1592
"101","Oil",1428
"101","Gas",2388
"101","Gas",1376
"101","Oil",1952
"101","Gas",1152
"105","Oil",3604
"970","Gas",1240
"101","Oil",1184
"101","Oil",2279
"101","Gas",1244
"101","Gas",1880
"101","Gas",2132
"101","Gas",2496
"101","Gas",2546
"101","Gas",1939
"101","Oil",2049
"101","Oil",1936
"101","Oil",2934
"104","Oil",1879
"101","Oil",2290
"101","Oil",1886
"104","Gas",2438
"101","Oil",912
"101","Oil",2555
"104","Oil",1934
"101","Gas",1388
"101","Oil",1393
"101","Oil",2122
"101","Gas",2246
"101","Oil",1128
"101","Oil",1152
"101","Oil",1076
"101","Oil",1862
"101","Gas",1404
"101","Oil",2594
"101","Gas",1468
"101","Oil",1140
"101","Electric",1384
"101","Gas",1386
"101","Gas",1512
"101","Gas",2420
"101","Oil",1372
"101","Oil",1236
"111","Oil",3260
"101","Oil",1132
"104","Gas",2640
"101","Gas",1185
"101","Oil",1326
"101","Oil",1232
"101","Oil",2480
"101","Oil",2480
"101","Oil",2480
"101","Oil",2480
"104","Gas",1939
"101","Oil",2256
"101","Oil",1144
"101","Gas",2400
"101","Gas",1248
"101","Oil",1794
"101","Oil",3202
"101","Oil",3202
"101","Oil",3202
"101","Oil",3202
"101","Electric",982
"101","Gas",2710
"104","Oil",2429
"101","Gas",1818
"101","Gas",1064
"101","Gas",1750
"101","Oil",2309
"101","Gas",1875
"101","Gas",1916
"101","Oil",2184
"101","Oil",1054
"101","Gas",2319
"101","Gas",740
"101","Gas",912
"101","Gas",2462
"101","Gas",2780
"101","Gas",3144
"101","Oil",1056
"101","Oil",1092
"104","Gas",2344
"104","Gas",1850
"101","Gas",1312
"101",NA,2906
"101","Gas",1396
"101","Gas",1037
"101","Gas",1992
"101","Gas",1464
"101","Gas",2059
"104","Oil",2420
"109","Gas",1453
"109","Gas",4578
"109","Oil",1710
"101","Oil",1812
"101","Gas",2048
"101","Oil",1596
"101","Electric",1820
"101","Gas",3448
"101","Gas",2555
"101","Gas",2555
"101","Gas",2555
"101","Gas",2555
"101","Oil",1253
"101","Oil",1144
"101","Gas",3710
"101","Gas",3710
"101","Gas",3710
"101","Gas",3710
"101","Gas",2227
"105","Gas",3030
"101","Gas",2020
"101","Gas",3442
"101","Oil",1388
"101","Oil",960
"104","Gas",2813
"101","Gas",2124
"101","Gas",2029
"101","Oil",1088
"101","Gas",1664
"101","Gas",1382
"101","Gas",1382
"101","Gas",1382
"101","Gas",1382
"101","Gas",2806
"101","Gas",2590
"101","Gas",2344
"101","Oil",1400
"101","Gas",1040
"101","Oil",1086
"101","Gas",1224
"101","Gas",1398
"101","Gas",1380
"101","Gas",1220
"101","Oil",1125
"101","Oil",2334
"101","Gas",3144
"101","Gas",1336
"101","Oil",1344
"101","Oil",950
"101","Gas",1008
"101","Gas",2001
"101","Electric",2030
"101","Oil",1280
"101","Gas",2177
"101","Gas",1604
"101","Electric",1700
"101","Oil",1300
"101","Gas",1536
"101","Oil",1711
"101","Oil",1040
"101","Gas",1111
"101","Gas",2819
"109","Oil",1116
"109","Oil",924
"101","Oil",1638
"101","Oil",1305
"101","Oil",1236
"101","Oil",1384
"101","Gas",3495
"101","Gas",1704
"101","Oil",1284
"101","Oil",1176
"101","Oil",1188
"101","Oil",1104
"104","Gas",2234
"101","Oil",1728
"101","Oil",864
"101","Oil",1548
"101","Oil",1344
"101","Gas",2740
"101","Electric",1344
"101","Oil",2281
"101","Gas",1842
"101","Oil",960
"101","Oil",1536
"101","Oil",1110
"101","Gas",2534
"101","Oil",1400
"101","Gas",1388
"101","Oil",1280
"101","Gas",1224
"101","Oil",1040
"101","Oil",1114
"101","Oil",1547
"101","Oil",1884
"101","Gas",1194
"101","Electric",1744
"101","Gas",2796
"101","Gas",2344
"101","Oil",1600
"101","Oil",1648
"101","Gas",1400
"101","Oil",1361
"101","Gas",1440
"101","Gas",1344
"101","Oil",1820
"101","Gas",912
"101","Gas",4068
"101","Gas",4068
"101","Gas",4068
"101","Gas",4068
"101","Gas",1839
"101","Oil",918
"101","Oil",1123
"101","Oil",1920
"101","Oil",816
"101","Gas",778
"101","Oil",1132
"101","Oil",1524
"101","Oil",972
"101","Gas",1442
"101","Oil",1328
"101",NA,874
"101","Gas",2851
"101","Oil",1440
"101","Oil",1037
"101","Oil",1123
"101","Oil",2016
"101","Gas",1344
"101","Oil",2564
"101","Gas",1304
"101","Gas",1849
"101","Oil",2019
"101","Oil",510
"101","Gas",1119
"101","Gas",2491
"101","Gas",1454
"101","Oil",2460
"101","Oil",1220
"101","Oil",1220
"101","Oil",1220
"101","Oil",1220
"101","Gas",2081
"104","Gas",1976
"101","Oil",1010
"101","Oil",1397
"101","Oil",1900
"101","Gas",1284
"101","Gas",676
"101","Oil",1694
"101","Oil",1507
"104","Gas",1584
"101","Oil",920
"101","Oil",1965
"101","Gas",975
"111","Gas",2400
"101","Gas",1601
"104","Gas",1567
"101","Oil",1200
"111","Gas",3040
"101","Gas",1040
"104","Oil",1536
"101","Oil",1512
"101","Oil",1002
"101","Oil",651
"101","Oil",900
"104","Gas",2142
"101","Oil",1008
"101","Oil",1232
"010","Oil",2033
"105","Gas",3660
"101","Oil",1130
"101","Oil",1134
"101","Gas",1352
"104","Gas",2322
"104","Oil",3102
"101","Gas",1800
"104","Gas",2950
"032","Oil",2491
"101","Gas",2793
"101","Oil",1344
"101","Gas",1388
"101","Oil",973
"101","Gas",1204
"111","Electric",3528
"101","Oil",1170
"101","Oil",2434
"101","Gas",1900
"111","Oil",3009
"101","Oil",1408
"101","Gas",1349
"101","Gas",1428
"101","Gas",1259
"101","Oil",1313
"101","Gas",1906
"101","Gas",2593
"101","Gas",3258
"104","Gas",2316
"101","Gas",1250
"101","Gas",2214
"104","Gas",2750
"104","Gas",2810
"101","Gas",1872
"101","Gas",2122
"105","Gas",3217
"101","Gas",2192
"101","Electric",1920
"101","Oil",2437
"101","Oil",936
"101","Oil",2758
"101",NA,956
"101","Oil",1286
"101","Oil",2582
"101","Oil",1979
"101","Gas",1329
"101","Oil",1098
"101","Gas",2380
"101","Gas",3213
"101","Gas",2700
"101","Oil",1890
"101","Oil",2055
"101","Gas",1224
"101","Gas",1752
"101","Gas",1752
"101","Gas",1752
"101","Gas",1752
"101","Gas",3024
"101","Gas",1396
"101","Electric",1472
"101","Oil",2493
"101","Gas",925
"104","Oil",2534
"104","Oil",3125
"101","Gas",2428
"101","Oil",1044
"101","Gas",1720
"101","Oil",1236
"101","Oil",1495
"101","Oil",1208
"105","Oil",3492
"101","Gas",1510
"101","Gas",1248
"101","Oil",1504
"101","Oil",2667
"101","Gas",1222
"101","Gas",768
"101",NA,912
"101","Oil",911
"101","Oil",1232
"101","Oil",1056
"101","Oil",1512
"101","Oil",1950
"111","Gas",3380
"101","Oil",782
"101","Gas",2913
"101","Gas",2016
"101","Gas",1538
"101","Gas",1916
"101","Oil",1764
"101","Oil",1248
"111","Oil",3840
"101","Gas",1092
"104","Gas",2381
"101","Gas",1710
"101","Gas",2425
"101","Gas",3414
"101","Gas",2664
"101","Oil",1620
"101","Gas",4254
"101","Oil",1172
"105","Electric",2441
"101","Oil",1996
"101","Oil",1116
"101","Gas",1944
"101","Oil",1710
"101","Gas",959
"101","Oil",1505
"101","Oil",1684
"101","Oil",1680
"101","Oil",1344
"101","Gas",1216
"101","Oil",1440
"101","Electric",1200
"101","Gas",1503
"101","Gas",1120
"101","Oil",2328
"101","Gas",2891
"104","Oil",1872
"101","Oil",1455
"104","Gas",1872
"104","Gas",2080
"104","Gas",1728
"101","Oil",1288
"101","Gas",1836
"101","Gas",1365
"101","Gas",816
"101","Oil",960
"101","Gas",1807
"101","Oil",888
"101","Oil",1222
"101","Oil",2124
"101","Oil",1512
"104","Gas",1736
"101","Gas",1970
"104","Gas",2352
"101","Gas",1874
"101","Gas",1874
"101","Gas",1874
"101","Gas",1874
"104","Oil",3855
"101","Gas",853
"104","Gas",2598
"101","Gas",2018
"101","Gas",1632
"101","Oil",2488
"101","Gas",2271
"101","Oil",2517
"101","Oil",1680
"104","Oil",3173
"101","Gas",1383
"101","Gas",3163
"101","Gas",1037
"101","Gas",2184
"101","Gas",1632
"101","Gas",4172
"101","Gas",1230
"101","Oil",1874
"101","Oil",1352
"101","Gas",2032
"109","Gas",788
"109","Gas",2540
"101","Oil",1451
"104","Gas",2590
"101","Gas",2715
"101","Gas",3008
"101","Gas",1645
"104","Gas",2594
"101","Gas",1341
"101","Oil",1458
"101","Gas",1344
"101","Gas",957
"104","Oil",2244
"910","Electric",1534
"101","Gas",1560
"101","Gas",1304
"105","Gas",2880
"101","Electric",1313
"101","Oil",1008
"101","Electric",1920
"104","Gas",2075
"101","Oil",1860
"101","Gas",3169
"104","Oil",2467
"101","Oil",1048
"101","Gas",2310
"101","Gas",1764
"104","Gas",2040
"101","Gas",1176
"101","Gas",2471
"101","Oil",1002
"101","Electric",1136
"959","Gas",1992
"101","Oil",2113
"101","Oil",1264
"101","Oil",2232
"101","Oil",1701
"101","Oil",2158
"101","Gas",2306
"101","Oil",1036
"101","Gas",1792
"101","Electric",1840
"101","Gas",3576
"101","Gas",3576
"101","Gas",3576
"101","Gas",3576
"101","Gas",1107
"109","Oil",2088
"109","Electric",1288
"101","Gas",1872
"101","Electric",1232
"101","Oil",1416
"101","Oil",1224
"713","Oil",1630
"101","Oil",2988
"101","Oil",1364
"071","Oil",1244
"101","Oil",1560
"101","Gas",1460
"101","Oil",1638
"101","Oil",2258
"101","Gas",3341
"101","Gas",2472
"101","Gas",940
"101","Oil",2395
"101","Gas",1224
"101","Oil",1632
"101","Oil",1118
"101","Gas",2690
"101","Oil",1640
"101","Oil",1960
"101","Gas",1826
"101","Gas",1308
"101","Oil",1829
"101","Gas",912
"101","Oil",3088
"101","Oil",2628
"101","Gas",1008
"101","Oil",2472
"712","Oil",1960
"101","Oil",2284
"101","Oil",1446
"101","Oil",1026
"101","Oil",1672
"101","Gas",2191
"101","Gas",1436
"101","Gas",775
"101","Gas",2800
"101","Gas",1438
"101","Gas",3464
"101","Electric",1344
"101","Oil",1706
"101","Gas",1700
"101","Gas",1488
"101","Gas",1488
"101","Gas",1488
"101","Gas",1488
"101","Oil",1638
"101","Oil",888
"101","Oil",1397
"101","Oil",1399
"101","Oil",1350
"101","Oil",2216
"101","Oil",1804
"101","Oil",1196
"101",NA,895
"101","Oil",2328
"101","Oil",3096
"101","Oil",3096
"101","Oil",3096
"101","Oil",3096
"101","Gas",1800
"101","Oil",1820
"101","Oil",1000
"101","Oil",1500
"101","Oil",2050
"101","Gas",3386
"101","Oil",1056
"101","Gas",2357
"101","Oil",1992
"101","Gas",1496
"101","Oil",964
"101","Gas",3692
"101","Oil",1505
"104","Gas",2272
"101","Oil",1883
"101",NA,1768
"101",NA,1768
"101","Oil",1768
"101","Oil",1768
"101","Oil",2030
"101","Gas",1235
"105","Oil",3169
"104","Oil",2446
"101","Gas",2387
"101","Oil",992
"101","Oil",2158
"101",NA,2020
"104","Oil",2877
"101","Oil",1476
"104","Gas",3286
"101","Gas",2554
"104","Gas",2470
"101","Gas",1162
"101","Gas",988
"101",NA,2042
"101","Gas",912
"101","Gas",2107
"111","Oil",4052
"101","Gas",2116
"101","Gas",1749
"101","Gas",1620
"101","Oil",2146
"101","Oil",1247
"111","Oil",2652
"111","Oil",3050
"104","Oil",1600
"101","Oil",1008
"104","Coal or Wood",2004
"101","Oil",1274
"101","Gas",1368
"101","Oil",972
"104","Gas",1632
"105","Gas",3024
"101","Oil",2700
"101","Gas",3000
"101","Gas",1650
"101","Oil",2274
"101","Gas",2570
"105","Gas",2280
"101","Gas",1462
"101","Gas",1376
"104","Oil",1960
"101","Oil",2626
"101","Oil",1302
"101","Gas",1264
"101","Gas",2542
"101","Oil",2102
"101","Oil",2288
"101","Gas",1334
"101","Gas",3514
"104","Oil",3480
"101","Oil",2854
"101","Gas",1080
"101","Gas",2859
"104","Oil",2082
"101","Oil",1423
"101","Oil",1952
"101","Gas",1542
"101","Gas",2767
"101","Oil",1176
"101","Oil",1180
"101","Oil",1952
"101","Oil",1208
"101","Oil",1346
"104","Oil",1728
"101","NONE",2080
"101","NONE",2080
"101","Oil",2080
"101","Oil",2080
"101","Electric",1000
"101","Oil",1464
"101","Gas",2637
"101","Gas",2152
"101","Gas",1092
"101","Gas",2657
"101","Gas",2052
"104","Gas",1984
"101","Gas",1026
"105","Gas",3024
"101","Oil",1892
"104","Oil",2460
"101","Gas",1228
"101","Gas",1228
"101","Gas",1228
"101","Gas",1228
"101","Gas",1850
"101","Oil",1337
"101","Gas",1848
"101","Gas",2444
"101","Gas",1945
"104","Gas",2457
"101","Oil",2214
"101","Gas",1704
"101","Oil",1176
"101","Oil",3096
"101","Oil",2499
"101","Gas",1349
"101","Gas",2965
"101","Oil",2286
"101","Gas",1470
"101","Oil",1493
"101","Gas",988
"101","Gas",1898
"101","Oil",1487
"101","Gas",1406
"101","Gas",2384
"101","Oil",3082
"101","Oil",2010
"101","Gas",1104
"104","Gas",2496
"101","Gas",1668
"101","Gas",1668
"101","Oil",1668
"101","Oil",1668
"101","Gas",945
"101","Gas",1282
"101","Oil",1739
"101","Gas",2043
"101","Oil",2282
"101","Oil",1124
"101","Gas",775
"101","Gas",1230
"101","Gas",1324
"101","Gas",2348
"101","Gas",1280
"101","Gas",1440
"101","Gas",2946
"101","Gas",1648
"101","Gas",2076
"101","Oil",1988
"111","Gas",5820
"101","Oil",1028
"101","Oil",1728
"101","Oil",1560
"101","Oil",1264
"101","Gas",2104
"101","Gas",1380
"101","Oil",2236
"101","Oil",1692
"101","Oil",1440
"101","Gas",1503
"101","Gas",912
"101","Oil",870
"101","Oil",864
"101","Gas",2422
"101","Gas",2356
"101","Oil",1541
"101","Oil",1028
"101","Oil",1992
"101","Oil",1847
"101","Gas",2132
"101","Oil",959
"101","Oil",952
"101","Oil",1012
"101","Oil",1608
"101","Oil",967
"101","Gas",1716
"101","Gas",1635
"101","Gas",3405
"101","Oil",1426
"101","Gas",1144
"101","Oil",1278
"101","Oil",1348
"101","Oil",1348
"101","Oil",1348
"101","Oil",1348
"101","Oil",1766
"101","Gas",1322
"101","Oil",2200
"101","Gas",992
"101","Gas",1708
"101","Oil",1344
"101","Gas",1152
"101","Gas",2226
"101","Gas",1956
"101","Oil",1224
"101","Oil",1404
"101","Gas",1132
"101","Oil",1525
"101","Oil",904
"101","Oil",2155
"101","Gas",2946
"101","Electric",1452
"101","Gas",2128
"101","Oil",1456
"101","Gas",2300
"101","Oil",1600
"101","Gas",3232
"101","Oil",864
"101","Gas",816
"101","Coal or Wood",392
"101","Gas",1374
"101",NA,1296
"101","Oil",1428
"101","Oil",1990
"101","Oil",2296
"101","Oil",1447
"101","Gas",2306
"101","Oil",2240
"101","Gas",960
"101","Oil",1828
"101","Electric",937
"101","Gas",1060
"109","Oil",3276
"109","Oil",1485
"101","Gas",2304
"101","Oil",1864
"101","Oil",1317
"101","Gas",1469
"101","Oil",1186
"101","Gas",1300
"101","Oil",864
"101","Oil",3063
"101","Oil",1053
"101","Oil",1600
"101","Oil",1170
"101","Gas",2577
"101","Gas",1850
"101","Oil",1296
"101","Gas",901
"101","Oil",2342
"101","Oil",2026
"010","Gas",1572
"101","Gas",1302
"101","Gas",2200
"101","Oil",3572
"101","Oil",3572
"101","Oil",3572
"101","Oil",3572
"101","Gas",1119
"101","Gas",1151
"101","Oil",1838
"101","Gas",3919
"101","Gas",1044
"101","Oil",3640
"101","Oil",720
"104","Oil",1741
"101","Oil",2392
"101","Oil",1040
"101","Gas",1917
"101","Oil",1638
"101","Oil",720
"105","Gas",2851
"101","Gas",1719
"101","Gas",1088
"101","Oil",1056
"101","Gas",2452
"101","Gas",1037
"101","Oil",2080
"101","Gas",1182
"101","Oil",1095
"101","Oil",1953
"101","Oil",1884
"101","Gas",927
"101","Gas",2885
"101","Gas",882
"101","Oil",3067
"101","Oil",1824
"101","Gas",2452
"101","Oil",2821
"104","Gas",2203
"104","Gas",2486
"101","Gas",1196
"101","Oil",1008
"101","Gas",2245
"101","Oil",1134
"101","Gas",2403
"101","Oil",1828
"101","Gas",1085
"101","Gas",1592
"101","Gas",3356
"101","Gas",2316
"101","Oil",1671
"104","Oil",2922
"101","Oil",1472
"104","Gas",2031
"101","Gas",1775
"101","Oil",2410
"101","Gas",578
"104","Electric",1728
"101","Oil",1447
"104","Gas",1632
"101","Oil",1300
"101","Oil",2644
"101","Gas",966
"101","Gas",1200
"101","Gas",3019
"101","Oil",864
"101","Gas",2719
"101","Gas",1360
"101","Oil",912
"105","Oil",2572
"104","Gas",1986
"101","Gas",912
"101","Gas",2667
"101","Gas",960
"101","Gas",1855
"101","Oil",1229
"101","Oil",1080
"101","Gas",1916
"130",NA,0
"101","Oil",1207
"101","Gas",1060
"104","Gas",3758
"101","Oil",1890
"101","Gas",1933
"101","Gas",1089
"101","Gas",1193
"960","Oil",2224
"101","Oil",1354
"101","Oil",1084
"101","Oil",3148
"101","Oil",2978
"101","Gas",816
"101","Gas",1071
"101","Gas",960
"101","Gas",1593
"101","Gas",1706
"013","Oil",750
"101","Gas",2827
"101","Gas",1728
"101","Oil",2350
"104","Oil",1982
"101","Oil",2443
"101","Oil",2443
"101","Oil",2443
"101","Oil",2443
"101","Oil",2386
"101","Gas",2560
"101","Oil",1140
"101","Oil",1424
"101","Oil",1620
"101","Oil",1013
"101","Oil",1494
"101","Electric",1182
"101","Gas",1362
"101","Gas",1156
"101","Gas",1500
"101","Oil",2264
"101","Gas",2516
"101","Oil",1478
"101","Oil",1568
"101","Oil",1916
"101","Gas",2354
"101","Gas",1339
"101","Gas",884
"101","Gas",1284
"101","Gas",998
"101","Oil",1296
"101",NA,1136
"101","Gas",3946
"101","Oil",1232
"101","Oil",1812
"101","Gas",1872
"101","Oil",2302
"101","Gas",1197
"101","Gas",2603
"101","Oil",2496
"101","Electric",1320
"101","Oil",1123
"101","Oil",2294
"101","Oil",800
"101","Gas",2669
"101","Gas",2240
"101","Gas",2413
"101","Oil",1610
"101","Oil",1984
"101","Gas",1149
"101","Electric",1920
"101","Gas",1077
"101","Oil",1430
"101","Gas",1170
"101","Oil",1116
"101","Gas",2332
"101","Oil",1644
"101","Gas",800
"101","Oil",1544
"101","Gas",948
"101","Oil",2383
"101","Gas",1599
"101","Gas",1599
"101","Oil",1599
"101","Oil",1599
"101","Gas",1269
"101","Gas",3512
"101","Oil",2728
"101","Oil",2728
"101","Oil",2728
"101","Oil",2728
"101","NONE",2226
"101","NONE",2226
"101","Oil",2226
"101","Oil",2226
"101","Gas",1632
"101","Oil",2302
"101","Oil",1152
"101","Gas",1886
"101","Gas",571
"101","Oil",780
"101","Gas",1800
"101","Gas",1436
"101","Gas",1976
"961","Oil",2178
"961","Gas",768
"101","Gas",1596
"101","Gas",988
"101","Gas",1864
"101","Gas",1178
"101","Gas",1236
"101","Oil",1356
"101","Gas",2394
"101","Gas",3115
"101","Electric",1470
"101","Oil",1860
"101","Gas",2274
"101","Gas",1378
"101","Gas",1378
"101","Gas",1378
"101","Gas",1378
"101","Oil",620
"104","Oil",1628
"101","Oil",1040
"101","Gas",2848
"101","Gas",1365
"101","Oil",1644
"101","Oil",1590
"104","Gas",3846
"101","Electric",2560
"101","Gas",1550
"104","Gas",2151
"104","Gas",2340
"101","Oil",1202
"101","Oil",1092
"101","Gas",2128
"101","Oil",2504
"101","Gas",2594
"101","Gas",1068
"105","Gas",2800
"105","Oil",2574
"101","Gas",1200
"101","Gas",1376
"101","Gas",768
"101","Oil",1448
"101","Gas",2016
"111","Oil",4500
"101","Oil",1871
"101","Gas",2506
"101","Electric",1344
"101",NA,1192
"101","Gas",2385
"101","Oil",2240
"101","Oil",1008
"104","Gas",1830
"101","Oil",1008
"101","Electric",1368
"101","Electric",1368
"101","NONE",1368
"101","NONE",1368
"101","Gas",2868
"101","Gas",1398
"101","Oil",1086
"101","Gas",1769
"101","Oil",1238
"101","Oil",1593
"101","Oil",1576
"101","Gas",2703
"101","Oil",1410
"101","Oil",910
"101","Gas",2134
"101","Oil",1432
"109","Gas",1728
"109","Gas",1728
"101","Gas",1260
"101","Oil",2460
"104","Oil",2023
"101","Oil",1452
"101","Gas",1007
"104","Oil",2192
"101","Oil",2016
"101","Oil",1888
"101","Gas",1808
"101","Oil",2172
"101","Oil",3135
"101","Gas",2216
"101","Gas",3283
"101","Gas",2834
"109","Oil",2352
"109","Oil",540
"101","Oil",2134
"101","Oil",1134
"101","Gas",2264
"101","Oil",1500
"101","Oil",936
"101","Gas",1532
"101","Gas",1037
"101","Gas",2180
"105","Oil",2308
"101","Electric",2360
"101","Oil",3336
"101","Oil",1066
"101","Oil",1457
"101","Electric",1904
"104","Gas",3760
"101","Gas",2228
"101","Gas",2228
"101","NONE",2228
"101","NONE",2228
"104","Gas",1944
"101","Gas",2015
"101","Oil",1374
"101","Oil",1730
"101","Oil",1096
"101","Gas",1024
"101","Gas",2912
"101","Oil",1348
"101","Gas",3452
"101","Oil",2066
"104","Oil",1664
"101","Oil",1253
"101","Gas",3126
"101","Gas",3126
"101","Gas",3126
"101","Gas",3126
"101","Electric",1426
"101","Gas",1743
"101","Oil",960
"101","Gas",1917
"101","Oil",2744
"101","Oil",2134
"101","Oil",1380
"101","Gas",3350
"101","Oil",1404
"101","Oil",1758
"101","Oil",1268
"101","Gas",1976
"101","Gas",1248
"101","Oil",1192
"101","Oil",2017
"101","Oil",1412
"101","Gas",1635
"101","Gas",1700
"713","Oil",1860
"101","Oil",1280
"101","Gas",2040
"101","Oil",1080
"101","Oil",1842
"101","Oil",2449
"101","Oil",2449
"101","Oil",2449
"101","Oil",2449
"109","Oil",648
"109","Oil",1508
"101","Gas",1731
"101","Gas",1891
"101","Gas",884
"712","Gas",1939
"101","Oil",2078
"101","Gas",473
"101",NA,2387
"101","Oil",2424
"101","Gas",2280
"101","Gas",4677
"712","Oil",1067
"101","Oil",1365
"101","Gas",2535
"101","Oil",1206
"101","Oil",988
"101","Oil",2054
"101","Oil",2054
"101","Oil",2054
"101","Oil",2054
"101","Gas",2856
"101","Gas",1152
"101","Gas",896
"101","Gas",912
"101","Oil",1272
"101","Gas",1428
"101","Oil",1249
"101","Gas",1000
"101","Gas",2168
"101","Gas",1176
"101","Gas",1029
"101","Gas",1706
"101","Electric",1787
"101","Gas",1344
"101","Gas",2148
"101","Oil",972
"101","Oil",1508
"101","Oil",1008
"101","Gas",1358
"101","Oil",1894
"101","Oil",1948
"101","Gas",1280
"101","Gas",2164
"104","Gas",2832
"101","Oil",1536
"104","Gas",2733
"101",NA,1232
"101","Gas",1791
"101","Gas",2652
"101","Gas",1722
"101","Oil",1161
"101","Oil",1802
"101","Gas",1584
"101","Gas",3961
"101","Oil",1716
"104","Gas",2696
"101","Oil",2975
"104","Gas",1920
"101","Gas",1074
"101","Gas",1366
"101","Gas",1626
"101","Oil",1524
"101","Gas",925
"104",NA,1811
"101","Gas",1598
"104","Oil",2817
"104","Oil",3231
"101","Oil",1952
"101","Gas",1185
"101","Gas",1185
"101","NONE",1185
"101","NONE",1185
"101","Oil",1152
"101","Gas",864
"101","Gas",1548
"101","Oil",1616
"101","Oil",1178
"101","Oil",1220
"101","Oil",1026
"101","Oil",884
"101","Oil",2038
"101","Oil",976
"104","Oil",2340
"101","Gas",2624
"101","Gas",2016
"101","Gas",1120
"101","Gas",2823
"101","Oil",1454
"101","Oil",2324
"101","Gas",1027
"104","Oil",2350
"101","Gas",1036
"104","Gas",2640
"101","Gas",2956
"101","Oil",2240
"105","Gas",3953
"101","Oil",1440
"101","Oil",2492
"101","Oil",960
"101","Gas",2996
"101","Gas",2787
"101","Oil",1344
"101","Oil",1094
"101","Oil",1116
"101","Oil",2122
"101","Oil",1436
"101","Oil",1533
"101","Oil",1092
"101","Gas",1748
"101","Oil",1404
"101","Gas",4928
"101","Oil",2107
"101","Gas",1248
"101","Gas",1248
"101","Gas",1413
"101","Gas",1196
"104","Gas",2563
"101","Oil",1462
"101","Oil",1500
"101","Oil",2896
"101","Gas",986
"104","Electric",1728
"101",NA,996
"101",NA,996
"101","Oil",996
"101","Oil",996
"101","Gas",1700
"101","Oil",1354
"101","Gas",2564
"101","Gas",1159
"101","Oil",1488
"101","Oil",1566
"101","Oil",1236
"101","Oil",1476
"101","Oil",1260
"101","Gas",2564
"101","Coal or Wood",3660
"101","Coal or Wood",3660
"101","Oil",3660
"101","Oil",3660
"101","Gas",2245
"101","Gas",1313
"104","Gas",2426
"104","Oil",2490
"101","Gas",1392
"101","Oil",1010
"101","Gas",2172
"101","Oil",816
"101","Gas",2388
"101","Gas",1860
"101","Gas",1608
"101","Oil",1378
"101","Oil",1300
"101","Gas",2108
"101","Gas",2532
"101","Gas",1243
"101","Gas",2078
"101","Gas",1428
"101","Gas",1274
"101","Electric",2490
"101","Oil",1200
"101","Oil",1719
"101","Gas",1196
"101","Oil",2752
"101","Oil",2124
"101","Gas",1968
"101","Oil",1152
"101","Oil",1637
"101","Oil",1444
"101","Gas",1008
"101","Electric",1262
"101","Gas",2681
"101","Gas",2112
"101","Gas",1195
"101","Coal or Wood",1096
"101","Gas",1460
"101","Gas",1440
"101","Gas",1453
"101","Gas",3044
"101","Gas",2457
"101","Gas",3115
"101","Gas",3115
"101","NONE",3115
"101","NONE",3115
"101","Gas",1968
"101","Gas",1195
"101","Gas",2992
"101","Oil",1050
"101","Gas",1166
"101","Gas",2542
"101","Oil",2194
"101","Oil",2052
"101","Oil",2677
"101","Gas",1812
"101","Gas",1812
"101","Gas",1812
"101","Gas",1812
"101","Gas",1544
"101","Oil",936
"101","Oil",1276
"101","Oil",2520
"101","Gas",2156
"101","Oil",1945
"101","Gas",3063
"718","Oil",2604
"101","Oil",4814
"101","Oil",1424
"101","Oil",1069
"101","Oil",2624
"101","Oil",2140
"101","Gas",1026
"101","Oil",1774
"101","Oil",1456
"101","Oil",912
"101","Gas",1104
"101","Oil",1134
"101","Gas",1078
"101","Gas",1078
"101","Gas",1078
"101","Gas",1078
"101","Oil",2058
"101","Oil",1898
"109","Coal or Wood",442
"109","Coal or Wood",1344
"101","Oil",2062
"104","Gas",1694
"101","Oil",3454
"101","Oil",1346
"101","Gas",1358
"101","Oil",1252
"101","Oil",1262
"101","Oil",1175
"101","Oil",1368
"101","Gas",678
"109","Oil",1853
"109","Oil",750
"101","Gas",3018
"713","Gas",4600
"101","Gas",1482
"101","Oil",1304
"101","Oil",762
"101","Gas",2204
"101","Gas",2666
"101","Oil",1646
"101","Oil",960
"101","Gas",1204
"101","Oil",2340
"101","Electric",1012
"101","Oil",3767
"101","Oil",960
"101","Oil",1152
"101","Oil",1024
"101","Oil",1638
"101","Electric",865
"101","Gas",1152
"101","Gas",1890
"101","Gas",1248
"101","Gas",1418
"101","Gas",2100
"104","Oil",1733
"104","Oil",1896
"060","Oil",1536
"101","Gas",1739
"101","Gas",1805
"101","Gas",2493
"101","Gas",980
"101","Oil",1860
"101","Oil",1656
"101","Oil",1314
"101","Gas",1680
"101","Oil",823
"104","Oil",2482
"101","Oil",816
"101","Gas",1848
"101","Gas",2004
"101","Gas",2580
"101","Oil",1966
"101","Oil",2072
"104","Electric",2022
"101","Oil",1838
"101","Gas",1490
"101","Gas",1114
"101","Oil",1912
"101","Oil",1343
"101","Gas",2352
"105","Gas",2704
"101","Oil",1476
"112","Gas",25160
"104","Gas",1683
"101","Gas",1289
"101","Oil",1632
"101","Oil",1357
"109","Electric",1936
"109","Electric",2688
"105","Gas",2820
"101","Gas",1428
"101","Oil",1340
"101","Gas",1344
"101","Gas",1088
"101","Gas",1084
"101","Gas",1516
"101","Oil",1195
"101","Oil",804
"104","Oil",2016
"101","Oil",2258
"101","Gas",738
"101","Gas",3730
"101","Gas",1248
"101","Gas",1376
"101","Oil",1915
"101","Oil",1288
"104","Oil",2677
"101","Gas",1671
"101","Gas",3048
"101","Oil",2506
"101","Oil",1296
"101","Oil",2372
"101","Oil",1592
"101","Oil",1217
"104","Gas",2780
"101","Gas",1008
"101","Gas",2011
"101","Oil",609
"101","Gas",5843
"101","NONE",2236
"101","NONE",2236
"101","Oil",2236
"101","Oil",2236
"101","Oil",1088
"104","Gas",1886
"101","Gas",1712
"101","Gas",1921
"111","Gas",3576
"101","Oil",2160
"101","Electric",1224
"101","Oil",1092
"101","Gas",2646
"101","Oil",2010
"101","Gas",2154
"101","Oil",1069
"101","Oil",1336
"104","Gas",2791
"101","Oil",1632
"101","Oil",1945
"101","Gas",3486
"101","Oil",2308
"104","Gas",1920
"101","Gas",2512
"101","Gas",2244
"104","Gas",2664
"101","Gas",1274
"101","Oil",3720
"101","Oil",1628
"101","Oil",1694
"101","Gas",2410
"101","Gas",1904
"101","Gas",2900
"101","Gas",1715
"101","Oil",1152
"101","Gas",2406
"101","Gas",1500
"101","Oil",1088
"101","Gas",2638
"101","Electric",1194
"101","Oil",1728
"101","Oil",1481
"101","Gas",1202
"104","Oil",2106
"101","Gas",2333
"101","Oil",1804
"101","Gas",2320
"101","Gas",2738
"104","Gas",2240
"101","Gas",1248
"101","Gas",1247
"104","Gas",3416
"101","Gas",978
"101","Gas",2240
"101","Electric",1536
"101","Gas",1693
"101","NONE",1816
"101","NONE",1816
"101","Oil",1816
"101","Oil",1816
"101","Oil",1969
"101","Gas",2080
"101","Oil",470
"101","Coal or Wood",693
"101","Oil",1428
"101","Oil",1806
"101","Oil",2793
"101","Oil",1660
"101","Oil",1570
"101","Oil",1460
"101","Oil",1460
"101","Oil",1460
"101","Oil",1460
"101","Gas",780
"101","Gas",1120
"101","Oil",1608
"101","Oil",2440
"101","Gas",896
"101","Gas",2660
"101","Oil",1848
"101","Oil",1512
"101","Gas",1092
"109","Gas",614
"109","Oil",1510
"101","Oil",1476
"101","Oil",2084
"101","Oil",2084
"101","Oil",2084
"101","Oil",2084
"101","Gas",2402
"101","Oil",1824
"101","Gas",864
"101","Oil",2624
"101","Gas",1500
"101","Gas",1234
"101","Oil",2464
"101","Oil",1056
"101","Oil",1615
"101","Gas",714
"101","Oil",2546
"718","Oil",1326
"101","Gas",1229
"101",NA,3080
"101","Oil",1104
"101","Oil",1986
"101","Gas",1344
"101","Oil",1152
"101","Oil",2709
"101","Oil",2709
"101","Oil",2709
"101","Oil",2709
"101","Oil",2184
"101","Oil",1953
"013","Gas",1041
"101","Oil",1938
"101","Gas",1256
"101","Gas",1732
"101","Oil",3640
"101","Oil",1240
"101","Oil",1392
"101","Gas",2304
"101","Oil",4454
"101","Gas",2324
"101","Oil",1380
"101","Gas",1037
"101","Gas",1104
"101","Oil",2032
"101","Oil",1038
"101","Gas",1226
"961","Oil",1224
"101","Gas",1471
"101","Gas",2656
"101","Gas",2656
"101","Gas",2656
"101","Gas",2656
"101","Gas",1396
"101","Gas",1776
"101","Gas",1196
"101","Oil",2212
"101","Oil",1008
"101","Oil",3507
"101","Oil",1848
"101","Gas",1025
"104","Oil",2224
"101","Gas",2560
"101","Oil",1229
"101","Oil",1344
"101","Oil",1536
"101","Oil",2379
"101","Oil",1886
"101","Gas",960
"101","Gas",1705
"101","Oil",1548
"101",NA,2233
"101","Gas",2809
"101","Gas",1656
"101","Gas",1605
"101","Gas",988
"111","Gas",4786
"101","Gas",2400
"101","Gas",2532
"101","Gas",1224
"101","Oil",1300
"101","Gas",1412
"104","Oil",2070
"101","Gas",1144
"101","Oil",1728
"101","Gas",1540
"101","Gas",1852
"101","Oil",2416
"101","Oil",2416
"101","Oil",2416
"101","Oil",2416
"111","Gas",2981
"104","Oil",3046
"101","Oil",1116
"101","Gas",744
"104","Oil",2112
"101","Oil",1574
"101","Gas",1128
"101","Gas",2156
"105","Gas",3619
"101","Gas",2978
"101","Gas",1768
"104","Gas",2450
"959","Gas",2766
"959","Gas",2766
"101","Oil",1116
"101","Gas",4296
"101","Gas",1290
"101","Oil",1228
"101","Oil",1064
"101","Oil",1640
"101","Gas",1909
"101","Gas",1716
"101","Electric",1288
"101","Gas",960
"101","Gas",2057
"101","Gas",2690
"104","Gas",1998
"101","Oil",1828
"104","Electric",1728
"101","Oil",1433
"101","Gas",2718
"101","Oil",1144
"101","Oil",1152
"101","Oil",1872
"101","Gas",1344
"111","Gas",3405
"104","Gas",1680
"101","Oil",3319
"101","Oil",1648
"101","Oil",1504
"101","Oil",1504
"101","Oil",1504
"101","Oil",1504
"101","Oil",2280
"104","Oil",2671
"104","Oil",2671
"104","Oil",2671
"104","Oil",2671
"101","Oil",1632
"101","Gas",1219
"101","Gas",2754
"101","Gas",3614
"101","Oil",1320
"101",NA,1296
"101","Gas",2069
"101","Gas",1376
"101","Oil",780
"101","Oil",2000
"101","Oil",1271
"101","Gas",870
"101","Gas",1590
"101","Electric",1505
"101","Gas",1088
"101","Gas",2492
"109","Electric",1008
"109","Oil",2790
"104","Gas",2174
"104","Gas",2299
"101","Oil",1524
"104","Gas",2450
"101","Gas",1432
"101","Oil",2327
"101","Gas",1666
"104","Oil",2224
"101","Oil",1234
"101","Gas",3556
"101","Gas",3556
"101","Gas",3556
"101","Gas",3556
"111","Gas",5142
"101","Gas",1315
"101","Gas",902
"101","Electric",1224
"101","Gas",2912
"101","Oil",872
"101","Electric",1676
"101","Gas",2438
"101","Oil",1158
"101","Gas",1954
"101","Oil",1904
"101","Oil",1904
"101","Oil",1904
"101","Oil",1904
"101","Electric",1892
"101","Oil",1428
"101","Oil",1428
"101","Oil",1428
"101","Oil",1428
"101","Oil",1588
"104","Oil",1741
"101","Oil",1876
"101","Gas",2208
"101","Electric",1890
"101","Oil",2886
"101","Oil",1104
"101","Gas",1273
"101","Oil",912
"101","Gas",3042
"101","Oil",1825
"101","Oil",1429
"101","Oil",3008
"104","Oil",2742
"101","Gas",1104
"101","Oil",2040
"101","Oil",3159
"101","Gas",2918
"101","Gas",2918
"101","Gas",2918
"101","Gas",2918
"101","Oil",2186
"109","Gas",1005
"109","Gas",1120
"960","Gas",1232
"101","Oil",1284
"101","Oil",1896
"101","Oil",1164
"101","Oil",1193
"101","Oil",1048
"101","Gas",1633
"101",NA,980
"101","Oil",1740
"101","Oil",1356
"101","Oil",1642
"101","Gas",1473
"101","Gas",1260
"101","Gas",2148
"101","Gas",2148
"101","Gas",2148
"101","Gas",2148
"101","Gas",1743
"101","Gas",1743
"101","Gas",1743
"101","Gas",1743
"101","Oil",3421
"101","Oil",907
"101","Oil",1400
"101","Oil",1482
"101","Gas",2337
"101","Gas",2316
"101","Oil",2210
"060","Oil",5175
"101","Oil",2148
"101","Gas",2529
"101","Gas",1152
"101","Gas",2282
"101","Oil",1326
"101","Gas",1680
"101","Gas",1680
"101","Gas",1680
"101","Gas",1680
"101","Oil",1300
"101","Gas",1820
"101","Oil",1456
"101","Oil",1102
"104","Gas",2282
"101","Oil",2790
"101","Oil",2640
"101","Gas",2852
"101","Gas",1656
"101","Gas",1974
"101","Electric",2842
"101","Gas",2158
"101","Oil",1170
"101","Oil",1732
"104","Gas",2706
"104","Gas",1976
"101","Electric",1428
"101","Oil",720
"101","Oil",1040
"101","Oil",1666
"101","Gas",1646
"101","Oil",1980
"101","Oil",1394
"101","Oil",1044
"104","Gas",2340
"101","Gas",1848
"101","Gas",1100
"104","Oil",2244
"101","Oil",1218
"104","Gas",2365
"101","Oil",1020
"101","Gas",2274
"101","Gas",4940
"101","Gas",1140
"101","Oil",1430
"105","Gas",3151
"101","Gas",1680
"101","Gas",1778
"101","Gas",2652
"101","Gas",1080
"101","Gas",1376
"101","Oil",1388
"104","Gas",2995
"101","Oil",1050
"101","Gas",1192
"101","Gas",1344
"101","Oil",1858
"101","Oil",3146
"101","Gas",1777
"101","Oil",2284
"101","Gas",768
"101","Gas",2577
"101","Gas",3264
"101","Oil",1216
"101","Oil",1116
"101","Gas",1248
"104","Gas",2456
"101","Gas",1984
"101","Oil",1040
"101","Gas",4418
"101","Gas",1296
"104","Gas",2530
"101","Oil",1416
"101","Gas",1388
"101","Oil",1180
"101","Gas",1806
"101","Gas",3550
"101","Gas",2652
"104","Electric",1232
"101","Oil",3174
"101","Oil",1120
"101","Oil",1769
"101","Oil",2176
"101","Gas",1652
"109","Electric",600
"109","Oil",3384
"101","Gas",1428
"101","Gas",1950
"104","Gas",2604
"101","Oil",1766
"101","Oil",1476
"101","Oil",892
"101","Oil",2442
"104","Oil",2348
"101","Oil",2244
"101","Oil",2244
"101","Oil",2244
"101","Oil",2244
"101","Electric",1130
"101","Oil",1078
"104","Oil",2320
"101","Gas",1805
"101","Gas",2477
"101","Gas",828
"101","Oil",1828
"101","Gas",875
"101","Oil",3201
"101","Oil",1252
"101","Gas",2633
"101","Oil",960
"104","Oil",1798
"101","Gas",2816
"101","Gas",1104
"101","Oil",1937
"101","Gas",1648
"101","Oil",1216
"101","Gas",1044
"101","Gas",1819
"101",NA,1037
"101","Oil",972
"101","Gas",2132
"101","Oil",2093
"101","Gas",1396
"101","Oil",1536
"101","Oil",1192
"101","Oil",1192
"101","Oil",1192
"101","Oil",1192
"101","Oil",1552
"101","Oil",1394
"104","Gas",3760
"101","Gas",2008
"101","Gas",1681
"101","Gas",960
"101","Gas",960
"101","Gas",960
"101","Gas",960
"101","Oil",504
"101","Oil",1408
"101","Gas",1164
"111","Gas",20266
"101","Gas",2076
"101","Gas",3437
"101","Oil",1624
"101","Oil",1685
"101","Gas",1773
"101","Gas",2672
"101","Oil",1008
"101","Gas",3382
"101","Oil",3208
"104","Gas",2487
"101","Oil",1920
"101","Electric",1584
"101","Oil",3176
"101","Gas",3152
"101","Oil",2016
"101","Oil",1473
"101","Gas",2608
"101","Oil",684
"101","Oil",1452
"101","Oil",1248
"101","Oil",1692
"101","Gas",1130
"101","Oil",1632
"101","Gas",1750
"101","Electric",1372
"101","Oil",1544
"101","Oil",1281
"101","Gas",1451
"101","Gas",4076
"101","Oil",2782
"101","Oil",1920
"101","Oil",1026
"101","Oil",1428
"101",NA,2649
"101","Gas",1824
"101","Gas",2479
"101","Oil",1892
"101","Gas",2443
"101","Oil",1692
"101","Gas",1080
"101","Oil",900
"101","Oil",2712
"071","Oil",1971
"101","Oil",2040
"101","Oil",2277
"101","Oil",1460
"101","Oil",1678
"101","Oil",1678
"101","Oil",1678
"101","Oil",1678
"101","Oil",1608
"101","Oil",1608
"101","Oil",1608
"101","Oil",1608
"101","Gas",1680
"101","Gas",1680
"101","Gas",1680
"101","Gas",1680
"101","Gas",1116
"101","Oil",1172
"101","Oil",2366
"101","Electric",682
"101","Oil",1896
"101","Oil",1284
"101","Oil",1520
"101","Gas",1807
"101","Gas",2831
"101","Gas",1715
"101","Oil",2232
"101","Gas",1788
"101","Gas",4056
"101",NA,1200
"101","Oil",1840
"101","Gas",4062
"101","Oil",1993
"101","Gas",1561
"101","Oil",1068
"101","Gas",2388
"104","Oil",2096
"104","Gas",2552
"101","Oil",1008
"101","Oil",1125
"101","Gas",2588
"101","Oil",1830
"101","Gas",3181
"101","Oil",1938
"101","Gas",1728
"104","Oil",2040
"101","Oil",1610
"101","Gas",2538
"101","Oil",1158
"101","Gas",2724
"101","Oil",1818
"101","Gas",1688
"101","Electric",1836
"101","Oil",1225
"101","Oil",1289
"104","Gas",2246
"101","Gas",1952
"101","Gas",1274
"101","Oil",1060
"105","Oil",4379
"101","Gas",1131
"101","Oil",1770
"101","Gas",1392
"101","Oil",1056
"101","Oil",1132
"101","Gas",2282
"101","Gas",2052
"101","Electric",1260
"101","Gas",1330
"101","Oil",2464
"104","Gas",2054
"101","Gas",2651
"101","Gas",1048
"101","Gas",1184
"101","Oil",1668
"101","Oil",1822
"130",NA,0
"101","Gas",1629
"101","Gas",1629
"101","Oil",1629
"101","Oil",1629
"101","Gas",2900
"101","Oil",2262
"101","Gas",1995
"105","Gas",3097
"101","Gas",1344
"101","Oil",1654
"101","Oil",1260
"101","Oil",1044
"104","Gas",3024
"101","Gas",2600
"101","Oil",1344
"101","Oil",1806
"101","Oil",1512
"111","Electric",4218
"101","Oil",1040
"101","Oil",1144
"101","Oil",1592
"101","Oil",1848
"101","Oil",1296
"101","Gas",1480
"101","Gas",2343
"101","Electric",1632
"104","Gas",2012
"101","Gas",2804
"101","Gas",2729
"101","Gas",1216
"101","Oil",2176
"104","Oil",2132
"104","Electric",1728
"101","Oil",1180
"101","Oil",1430
"101","Gas",1344
"104","Electric",1740
"101","Gas",2070
"101","Oil",1306
"101","Gas",4157
"101","Gas",1596
"101","Gas",1470
"101","Gas",2056
"101","Oil",2300
"104","Gas",4120
"101","Gas",2896
"101","Gas",2449
"101","Oil",2020
"104","Gas",1600
"101","Oil",1269
"101","Oil",990
"101","Gas",1092
"101","Gas",1324
"101","Gas",2647
"101","Gas",1456
"104","Gas",2371
"101","Oil",972
"101","Gas",1134
"101","Gas",1064
"101","Gas",1706
"101","Gas",1249
"101","Oil",972
"101","Gas",1624
"101","Oil",2152
"101","Gas",1152
"101","Gas",1126
"101","Oil",1470
"104","Gas",5120
"101","Oil",1248
"101","Oil",1728
"101","Electric",1952
"101","Oil",3200
"101","Gas",1344
"104","Oil",3650
"101","Gas",672
"104","Gas",2309
"101","Oil",1746
"101","Gas",1644
"101","Oil",1296
"101","Gas",1354
"101","Oil",1470
"101","Oil",1386
"101","Gas",1968
"101","Gas",1368
"101","Oil",2333
"101","Oil",1287
"101","Gas",3325
"101","Oil",1800
"101","Oil",2069
"101","Gas",1344
"803","Oil",1690
"101","Oil",1440
"101","Oil",1689
"101","Oil",1253
"101","Oil",1096
"101","Gas",2064
"101","Gas",2132
"101","Gas",2216
"101","Gas",1044
"101","Gas",2114
"101","Gas",2114
"101","Gas",2114
"101","Gas",2114
"101","Gas",1554
"101","Oil",1844
"101","Gas",1583
"104","Gas",2664
"101","Oil",2908
"101","Oil",2524
"101",NA,1646
"101","Oil",1236
"101","Oil",1248
"101","Gas",1960
"101","Oil",1596
"101","Oil",1952
"101","Gas",2929
"101","Oil",1176
"101","Gas",1037
"101","Oil",1107
"101","Gas",2064
"101","Gas",1672
"101","Gas",848
"101",NA,1428
"101","Gas",1080
"101","Oil",1104
"032","Gas",2580
"101","Oil",1440
"101","Gas",2757
"101","Gas",1541
"101","Oil",1080
"101","Gas",2825
"101","Oil",1469
"101","Oil",1450
"101","Oil",1446
"101","Gas",900
"104","Gas",2088
"101","Oil",1224
"101","Oil",948
"101","NONE",1092
"101","NONE",1092
"101","Oil",1092
"101","Oil",1092
"101","Gas",1214
"101","Oil",1572
"101","Gas",1752
"101","Oil",1952
"101","Gas",912
"801","Oil",1820
"101","Electric",1728
"101","Gas",2620
"101","Oil",1234
"101","Gas",1559
"101","Oil",1188
"101","Electric",1432
"104","Gas",1659
"101","Gas",1265
"101","Gas",1502
"101","Oil",1310
"101","Gas",1872
"101","Oil",1202
"101","Oil",1202
"101","Oil",1202
"101","Oil",1202
"101","Oil",728
"101","Gas",1944
"101","Gas",1944
"101","Gas",1944
"101","Gas",1944
"101","Gas",1698
"101","Gas",2015
"101","Oil",1248
"101","Oil",1428
"101","Gas",1974
"101","Electric",1248
"104","Oil",2681
"101","Oil",1350
"101","Gas",5566
"101","Gas",2268
"101","Gas",2496
"101","Electric",1632
"101","Gas",1556
"104","Gas",1568
"101","Gas",1026
"101","Oil",1419
"104","Gas",1932
"111","Gas",3896
"101","Gas",1152
"101","Gas",1896
"101","Oil",1968
"101","Gas",2074
"958","Coal or Wood",924
"101","Gas",1638
"101","Oil",2072
"101","Oil",1344
"101","Oil",1696
"104","Gas",1914
"101","Gas",1863
"104","Oil",3777
"104","Electric",2268
"101","Oil",2512
"101","Oil",1120
"101","Gas",960
"101","Oil",1944
"104","Gas",3965
"101","Oil",1401
"101","Gas",2064
"104","Gas",3412
"101","Electric",1000
"101","Oil",1776
"104","Electric",1288
"101","Oil",2042
"101","Oil",1400
"101","Oil",1084
"101","Gas",2587
"101","Oil",1147
"101","Gas",1323
"101","Oil",1820
"101","Oil",1692
"111","Gas",4950
"101","Gas",1588
"101","Gas",1745
"101","Gas",960
"101","Gas",800
"101","Oil",1392
"101","Gas",2558
"101","Gas",1632
"101","Gas",912
"101","Gas",3232
"101","Gas",2046
"101","Gas",1026
"101","Gas",2836
"101","Oil",1014
"101","Oil",1512
"101","Gas",1566
"101","Gas",2529
"101","Gas",2252
"101","Oil",1444
"101","Gas",912
"105","Gas",2612
"101","Electric",1920
"101","Oil",1862
"101","Gas",2124
"101","Gas",3236
"101","Oil",2390
"111","Gas",2952
"101","Gas",2272
"104","Oil",2264
"101","Gas",1927
"101","Gas",1434
"101","Gas",1434
"101","Gas",1434
"101","Gas",1434
"101","Gas",3508
"101","Gas",3068
"104","Oil",2080
"101","Gas",2033
"101","Oil",864
"104","Oil",1636
"101","Oil",1344
"101","Electric",1300
"101","Oil",2672
"101","Gas",1163
"101","Oil",1261
"101","Oil",3660
"101","Gas",1848
"101","Oil",1046
"101","Oil",2886
"101","Oil",3180
"101","Oil",1151
"101","Oil",2480
"101","Oil",778
"101","Gas",2895
"101","Oil",2477
"101","Oil",2058
"101","Oil",1996
"101","Gas",1428
"101","Oil",1604
"101","Oil",1632
"104","Oil",1728
"101","Oil",2892
"101","Gas",1612
"101","Gas",1631
"101","Oil",1920
"101","Oil",1880
"101","Oil",1770
"101","Gas",3498
"101","Gas",1605
"101","Oil",1071
"101","Gas",1493
"101","Gas",1050
"101","Oil",1986
"101","Oil",1883
"101","Oil",1444
"101","Gas",1626
"101","Oil",1396
"101","Gas",1372
"961","Oil",2120
"101","Oil",1971
"101","Oil",1894
"101","Gas",1617
"101","Electric",2008
"101","Oil",2095
"101","Oil",2095
"101","Oil",2095
"101","Oil",2095
"101","Electric",1664
"101","Oil",1696
"101","Oil",1364
"101","Gas",1324
"101","Gas",2190
"101","Gas",3047
"105","Gas",3816
"101","Oil",1768
"101","Oil",1254
"101","Oil",1372
"104","Gas",2108
"101","Gas",3332
"105","Electric",3299
"101","Oil",1309
"101","Gas",942
"101","Gas",996
"101","Oil",1248
"104","Gas",2304
"101","Gas",846
"101","Oil",2058
"101","Gas",1512
"111","Electric",3914
"101","Oil",1820
"101","Oil",1840
"101","Oil",1840
"101","Oil",1840
"101","Oil",1840
"104","Gas",1704
"104","Gas",2500
"101","Gas",1283
"101","Gas",1400
"101","Gas",1616
"101","Gas",1384
"101","Gas",1546
"101","Oil",1224
"101","Oil",1360
"101","Gas",829
"101","Oil",1142
"101","Oil",1488
"105","Electric",2574
"101","Oil",2016
"104","Oil",2228
"101","Gas",2080
"104","Oil",2970
"101","Oil",2532
"101","Oil",1342
"111","Gas",3058
"101","Oil",1173
"101","Oil",2394
"101","Oil",1178
"101",NA,1551
"105","Gas",2964
"101","Oil",1610
"101","Oil",936
"101","Gas",1349
"104","Gas",1604
"101","Oil",819
"104","Oil",2008
"104","Oil",2312
"101","Gas",1225
"101","Oil",1452
"101","Gas",1274
"101","Gas",1274
"101","Gas",1274
"101","Gas",1274
"101","Gas",1408
"101","Oil",2192
"104","Gas",1440
"101","Gas",1568
"104","Gas",2320
"101","Oil",972
"101","Oil",1248
"101","Oil",1785
"101","Oil",1872
"101","Gas",998
"101","Oil",1656
"111","Gas",7368
"101","Oil",1993
"101","Gas",1053
"101","Oil",2648
"101","Oil",2208
"101","Gas",1980
"032","Gas",1199
"101","Gas",2576
"101","Gas",1947
"101","Oil",1344
"101","Oil",1912
"101","Gas",1783
"101","Oil",1228
"105","Oil",3055
"104","Gas",2330
"104","Electric",1664
"101","Oil",1070
"105","Gas",2338
"101","Oil",982
"104","Gas",1848
"101","Oil",2220
"101","Gas",2191
"101","Oil",2832
"105","Gas",3294
"101","Oil",1664
"104","Gas",2420
"101","Gas",1404
"101","Gas",1726
"101","Gas",1872
"101","Gas",1872
"101","Gas",1872
"101","Gas",1872
"101","Oil",1664
"101","Gas",2132
"961","Gas",7310
"101","Oil",1608
"104","Gas",2492
"718","Gas",3072
"718","Oil",1232
"104","Electric",1710
"101","Gas",1720
"101","Gas",944
"101","Oil",1054
"101","Gas",1816
"101","Oil",2942
"104","Oil",1068
"101","Gas",1824
"101","Gas",2147
"101","Oil",1978
"101","Gas",3609
"101","Oil",1824
"101","Gas",2592
"101","Gas",2001
"101","Oil",1026
"101","Oil",2116
"101","Gas",1008
"101","Oil",1881
"104","Gas",1950
"104","Gas",2385
"101","Gas",2338
"101","Oil",2870
"101","Gas",1752
"101","Gas",1592
"101","Gas",1224
"101","Oil",1080
"101","Oil",2000
"101","Oil",1868
"101","Oil",1868
"101","Oil",1868
"101","Oil",1868
"101","Oil",960
"101","Gas",1761
"101","Oil",1120
"101","Gas",1598
"101","Oil",1260
"104","Oil",2872
"101","Gas",816
"101","Gas",1290
"101","Oil",1767
"101","Electric",1104
"101","Gas",1770
"101","Gas",2638
"104","Oil",2240
"101","Gas",1728
"101","Gas",1864
"101","Gas",1120
"101","Gas",2352
"101","Gas",1197
"104","Gas",1582
"101","Gas",988
"101","Gas",1882
"101","Gas",1872
"104","Gas",3504
"961","Oil",2358
"104","Electric",1728
"101",NA,1188
"101","Oil",2055
"101","Gas",2446
"104","Oil",2308
"101","Oil",1372
"101","Oil",988
"101","Gas",1368
"101","Oil",1478
"104","Oil",2864
"101","Gas",1162
"101","Oil",1558
"101","Oil",1558
"101","Oil",1558
"101","Oil",1558
"101","Gas",1960
"101","Gas",3604
"101","Gas",2331
"959","Oil",2584
"101","Oil",1113
"101","Gas",1037
"101","Gas",2600
"101","Gas",1943
"101","Gas",2102
"101","Gas",1184
"101","Oil",1238
"101","Gas",1117
"101","Oil",1311
"101","Gas",2568
"101","Oil",1440
"101","Gas",1432
"101","Gas",1556
"101","Gas",1176
"104","Gas",3175
"101","Oil",864
"101","Gas",2878
"101","Oil",1502
"101","Gas",1088
"101","Oil",864
"101","Gas",2820
"101","Gas",1248
"101","Oil",4261
"101","Oil",4261
"101","Oil",4261
"101","Oil",4261
"101","Gas",1318
"101","Oil",1942
"101","Oil",1154
"101","Oil",1143
"104","Gas",2367
"101","Gas",1045
"101","Gas",1742
"101","Gas",1624
"101","Gas",4021
"104","Oil",3713
"111","Electric",3456
"101","Gas",1164
"101","Gas",3522
"101","Oil",1260
"104","Gas",2272
"101","Oil",2308
"101","Electric",1754
"101","Oil",1344
"101","Gas",2388
"101","Gas",2037
"101","Gas",2952
"101","Oil",1508
"101","Oil",1464
"101","Oil",1709
"101","Gas",1069
"101","Oil",1346
"101","Oil",1050
"101","Gas",630
"101","Oil",1080
"101","Gas",1118
"101","Gas",1344
"101","Gas",2383
"101","Oil",1086
"101","Gas",3155
"101","Oil",1890
"101","Oil",1764
"101","Oil",1486
"101","Oil",1486
"101","Oil",1486
"101","Oil",1486
"101","Oil",2420
"101","NONE",2060
"101","NONE",2060
"101","Oil",2060
"101","Oil",2060
"101","Gas",1008
"101","Oil",1728
"101","Electric",2256
"101","Gas",1080
"101","Gas",2160
"101","Gas",2160
"101","Gas",2160
"101","Gas",2160
"101","Oil",2036
"101","Oil",975
"101","Oil",1752
"101","Oil",1080
"101","Oil",1080
"101","Oil",1080
"101","Oil",1080
"101","Oil",1080
"101","Oil",1404
"101","Oil",1666
"101","Gas",2660
"101","Gas",2004
"101","Electric",1788
"970","Gas",9120
"101","Oil",1870
"101","Oil",1663
"101","Gas",2426
"101","Gas",1300
"101","Gas",1592
"101","Gas",1448
"101","Oil",2592
"101","Gas",2126
"101","Oil",2292
"104","Gas",2851
"101","Oil",912
"071","Oil",2824
"101","Oil",1356
"713","Oil",1842
"101","Gas",1102
"101","Gas",1065
"101","Electric",1346
"101","Oil",1728
"101","Gas",3095
"101","Oil",1176
"101","Oil",790
"101","Oil",1798
"101","Gas",1307
"101","Oil",720
"101","Oil",964
"101","Oil",1044
"101","Oil",1114
"101","Gas",2662
"101","Gas",1040
"101",NA,1353
"101","Gas",1152
"104","Oil",2028
"101","Gas",1567
"101","Gas",976
"101","Oil",2034
"101","Gas",2600
"101","Gas",1700
"101","Gas",2172
"101","Oil",1632
"101","Gas",2035
"101","Oil",1520
"101","Oil",1840
"101","Gas",1130
"101","Oil",1056
"101","Gas",1028
"101","Oil",1044
"101","Electric",984
"101","Gas",2147
"104","Oil",2388
"111","Electric",3456
"101","Gas",3120
"104","Oil",2760
"101","Gas",1136
"104","Gas",3333
"101","Gas",3780
"101","Gas",2347
"101","Oil",1120
"101","Oil",1424
"101","Gas",2075
"101","Oil",1314
"101","Oil",1321
"101","Gas",950
"101","Oil",1963
"101","Oil",1428
"101","Oil",1140
"104","Oil",2090
"101","Oil",1776
"101","Oil",1605
"101","Gas",1536
"101","Oil",1360
"101","Oil",1344
"105","Gas",4143
"104","Gas",2266
"101","Gas",1872
"101","Oil",1184
"101","Gas",3123
"101","Gas",3123
"101","Oil",3123
"101","Oil",3123
"101","Gas",2116
"101","Oil",1988
"104","Gas",4068
"101","Gas",2312
"101","Gas",1211
"101","Gas",2006
"101","Gas",2616
"105","Oil",2560
"111","Gas",5447
"101","Oil",1476
"101","Gas",3316
"101","Oil",1512
"101","Oil",3592
"101","Oil",2112
"101","Gas",948
"101",NA,1225
"101","Oil",992
"101","Gas",1572
"101","Oil",1518
"101","Gas",1142
"101","Gas",1212
"101","Oil",2916
"101","Oil",1455
"101","Gas",1248
"101","Oil",1760
"101","Oil",1994
"101","Oil",1196
"101","Oil",2326
"101","Oil",1604
"101","Oil",1252
"101","Oil",1394
"101","Gas",1193
"101","Gas",1232
"101","Gas",1278
"101","Gas",1312
"101","Oil",2217
"104","Oil",1820
"104","Oil",2252
"101","Gas",1587
"101","Oil",1865
"101","Oil",2232
"101","Oil",1152
"101","Oil",2704
"101","Electric",1152
"109","Gas",640
"109","Oil",1001
"101","Oil",1344
"101","Gas",2057
"101","Oil",2130
"101","Oil",1282
"101","Electric",2004
"101","Oil",1240
"101","Gas",2051
"101","Gas",2772
"713","Oil",3270
"101","Oil",1299
"101","Oil",1246
"101","Electric",1999
"101","Gas",1850
"101","Gas",1350
"101","Gas",3408
"101","Gas",3408
"101","Gas",3408
"101","Gas",3408
"101","Oil",3408
"101","Oil",3408
"101","Oil",3408
"101","Oil",3408
"101","Oil",3408
"101","Oil",3408
"101","Oil",3408
"101","Oil",3408
"101","Oil",3408
"101","Oil",3408
"101","Oil",3408
"101","Oil",3408
"101","Oil",2294
"101","Oil",1773
"101","Oil",1128
"101","Gas",1708
"101","Gas",2423
"101","Oil",1077
"101","Gas",2080
"101","Oil",1202
"101","Gas",1048
"101","Oil",1224
"101","Gas",1632
"101","Oil",912
"101","Oil",1308
"101","Oil",1186
"101","Oil",1698
"101","Oil",1698
"101","Oil",1698
"101","Oil",1698
"101","Oil",1344
"101","Oil",1128
"101","Gas",1120
"101","Oil",1008
"101","Oil",1037
"101","Gas",2108
"101","Oil",893
"101","Gas",1237
"101","Gas",1883
"101","Gas",1883
"101","NONE",1883
"101","NONE",1883
"101","Oil",1330
"101","Oil",1330
"101","Oil",1330
"101","Oil",1330
"101","Oil",1656
"104","Oil",2156
"104","Oil",4040
"104","Electric",1710
"101","Gas",2582
"101","Gas",2889
"101","Gas",2248
"101","Electric",2280
"104","Gas",1890
"101","Oil",1597
"101","Oil",3433
"101","Oil",3433
"101","Oil",3433
"101","Oil",3433
"101","Oil",2400
"101","Oil",1841
"101","Oil",1920
"101","Oil",1984
"101","Gas",3205
"101","Oil",1982
"101","Oil",1982
"101","Oil",1982
"101","Oil",1982
"101","Oil",1200
"101","Oil",1224
"101","Gas",2892
"101","Oil",1632
"101","Oil",1988
"101","Oil",1688
"101","Gas",1008
"101","Oil",1233
"111","Gas",3174
"101","Gas",1541
"101","Oil",1434
"101","Gas",1048
"101","Gas",2108
"101","Gas",768
"101","Electric",1952
"101","Oil",1742
"101","Gas",3056
"104","Gas",2639
"101","Electric",2648
"101","Electric",2648
"101","Electric",2648
"101","Electric",2648
"101","Oil",1222
"101","Oil",1896
"104","Gas",2056
"101","Gas",3280
"101","Gas",2302
"101","Oil",1688
"101","Oil",978
"101","Gas",1842
"101","Oil",912
"101","Gas",2868
"104","Oil",3155
"101","Gas",2402
"101","Gas",1088
"101","Oil",1040
"101","Oil",1972
"101","Oil",1044
"101","Gas",1192
"101","Oil",2728
"101","Electric",2544
"101","Oil",1824
"101","Electric",988
"101","Oil",1770
"104","Oil",2352
"104","Gas",1921
"101","Gas",1972
"101","Gas",1448
"101","Oil",851
"101","Oil",3503
"104","Electric",1728
"101","Oil",1325
"111","Gas",4200
"101","Oil",2088
"101","Gas",3314
"101","Oil",1520
"101","Oil",1000
"101","Oil",1396
"101","Gas",1232
"105","Gas",3347
"104","Oil",2324
"101","Oil",1428
"101","Oil",2075
"101","Oil",1592
"101","Gas",1056
"101","Oil",1376
"101","Oil",1344
"104","Gas",2180
"101","Oil",1875
"101","Oil",2040
"101","Gas",1096
"101","Gas",1652
"101","Gas",864
"961","Oil",1836
"101","Oil",1632
"101","Typical",1088
"101","Oil",1728
"101","Electric",1842
"101","Gas",2434
"101","Oil",1092
"101","Electric",1248
"101","Gas",1809
"101","Gas",2240
"104","Gas",2423
"101","Gas",1346
"101","Gas",2693
"101","Gas",1984
"101","Oil",1657
"104","Oil",2609
"101","Electric",1162
"101","Oil",1540
"101","Gas",1200
"101","Oil",1436
"101","Oil",1436
"101","Oil",1436
"101","Oil",1436
"718","Oil",1868
"101","Gas",790
"101","Oil",1337
"101","Oil",1470
"101","Gas",2738
"101","Oil",2336
"101","Electric",1080
"101","Gas",2790
"109","Oil",782
"109","Oil",856
"101","Oil",1281
"101","Oil",1512
"101","Oil",1528
"101","Oil",1668
"101","Oil",1056
"101","Gas",1623
"101","Oil",1014
"101","Oil",1852
"101","Oil",912
"101","Gas",2764
"101","Oil",2294
"101","Oil",2029
"101","Oil",1248
"101","Oil",1359
"101","Oil",2287
"101","Oil",2006
"101","Gas",3158
"101","Gas",4317
"101","Gas",4317
"101","Gas",4317
"101","Gas",4317
"101","Oil",1856
"101","Oil",1764
"101","Oil",962
"101","Oil",2896
"101","Oil",2896
"101","Oil",2896
"101","Oil",2896
"101","Oil",2312
"101","Oil",2312
"101","Oil",2312
"101","Oil",2312
"101","Gas",1844
"101","Gas",2320
"101","Gas",2802
"101","Oil",1082
"101","Oil",2568
"101","Oil",1056
"101","Oil",1734
"101","Gas",1728
"101","Oil",1264
"101","Gas",1037
"101","Oil",1577
"101","Gas",2470
"101","Gas",1568
"101","Oil",1174
"101","Gas",1248
"101","Gas",2038
"101","Gas",1524
"101","Gas",1860
"101","Gas",1860
"101","NONE",1860
"101","NONE",1860
"101","Oil",1238
"101","Oil",1442
"112","Oil",7003
"101","Oil",1656
"101","Gas",2124
"101","Oil",1319
"101","Oil",2486
"101","Gas",2805
"101","Oil",1512
"104","Gas",1968
"101","Gas",1512
"101","Gas",1334
"101","Electric",1626
"101","Gas",1819
"101","Gas",1123
"101","Oil",958
"111","Gas",4142
"101","Oil",1008
"101","Gas",1336
"101","Gas",1336
"101","Gas",1336
"101","Gas",1336
"101","Electric",984
"101","Oil",1176
"101","Gas",1632
"316","Gas",2989
"101","Oil",2142
"101","Gas",2905
"101","Oil",958
"104",NA,1568
"101","Gas",1344
"101","Oil",972
"101","Oil",1000
"101","Gas",1401
"101","Oil",2328
"101","Oil",2650
"101","Gas",1915
"101","Gas",2424
"101","Oil",1102
"101","Gas",1986
"101","Oil",1088
"101","Gas",1554
"105","Oil",2536
"101","Gas",2128
"101","Oil",1849
"101","Gas",1545
"101","Gas",3095
"104","Gas",1708
"101","Gas",1011
"101","Gas",2366
"011","Gas",2622
"011","Oil",2318
"104","Oil",1760
"101","Oil",1968
"104","Gas",2841
"101",NA,3360
"101","Oil",2356
"101","Electric",1547
"101","Oil",1632
"101","Oil",5368
"101","Oil",1344
"104","Oil",2914
"101","Gas",972
"101","Oil",1650
"101","Gas",2702
"101","Gas",2982
"101","Gas",2469
"101","Oil",1258
"101","Oil",988
"101","Oil",1299
"101","Oil",1144
"101","Oil",2538
"101","Oil",1485
"101","Gas",1062
"101","Oil",1575
"101","Gas",1037
"101","Gas",1740
"910","Oil",3158
"101","Electric",1848
"101","Oil",1248
"104","Gas",2889
"101","Gas",960
"101","Oil",3152
"101","Oil",1440
"101","Oil",1200
"111","Gas",4503
"101","Gas",2718
"104","Gas",3136
"101","Gas",3480
"101","Gas",1107
"101","Gas",1288
"111","Electric",5440
"101","Gas",1898
"101","Oil",1242
"101","Oil",1582
"101","Gas",1647
"101","Electric",1910
"101","Gas",1515
"101","Oil",988
"101","Electric",1262
"101","Oil",1273
"101","Oil",1264
"101","Oil",2628
"101","Oil",1368
"101","Gas",2260
"101","Oil",2974
"101","Oil",1412
"010","Gas",1798
"010","Gas",1798
"010","Gas",1798
"010","Gas",1798
"101","Gas",2161
"101","Gas",912
"101","Gas",1680
"101","Oil",1868
"101","Oil",1904
"101","Oil",2402
"101","Oil",1456
"101","Gas",1061
"101","Gas",1764
"101","Oil",2412
"101","Gas",1305
"101","Oil",1129
"032","Oil",2800
"101","Gas",1632
"101","Gas",1560
"101","Oil",2069
"101","Gas",1173
"101","Oil",996
"101","Gas",1980
"101","Oil",1328
"101","Gas",2480
"101","Gas",2480
"101","Gas",2480
"101","Gas",2480
"101","Oil",1617
"101","Gas",984
"101","Gas",1728
"101","Oil",2288
"104","Gas",2322
"101","Oil",1597
"101","Gas",1296
"101","Gas",1212
"105","Gas",3590
"101","Gas",2040
"101",NA,992
"101","Gas",1014
"101","Gas",1146
"101","Gas",1892
"101","Oil",1449
"105","Gas",3226
"101","Oil",1944
"101","Gas",1145
"101","Gas",1344
"101","Oil",2435
"101","Gas",3138
"101","Oil",1728
"105","Oil",3373
"101","Gas",1476
"101","Gas",2490
"101","Oil",1968
"101","Oil",993
"101","Gas",1668
"101","Gas",1668
"101","Gas",1668
"101","Gas",1668
"101","Gas",2889
"101","Gas",1722
"101","Gas",2974
"101","Oil",1908
"101","Oil",1920
"101","Oil",1878
"101","Gas",900
"101","Oil",1744
"101","Oil",1500
"101","Oil",2060
"104","Gas",3210
"101","Oil",1404
"101","Oil",1440
"101","Gas",1152
"101","Gas",2080
"101","Oil",2409
"101","Gas",2728
"101","Gas",2747
"101","Oil",1130
"101","Gas",796
"101","Gas",1964
"101","Gas",1964
"101","Gas",1964
"101","Gas",1964
"101","Gas",1423
"104","Oil",2012
"101","Gas",1384
"104","Coal or Wood",3008
"101","Gas",1170
"101","Oil",1013
"961","Typical",1692
"101","Electric",1146
"101","Gas",1680
"101","Oil",2069
"101","Gas",840
"104","Gas",3538
"101","Oil",1728
"101","Gas",1328
"101","Gas",1328
"101","Gas",1328
"101","Gas",1328
"101","Gas",2380
"101","Gas",2069
"111","Electric",3456
"101","Gas",1356
"104","Oil",2392
"101","Oil",1542
"101","Electric",1372
"101","Oil",2025
"101","Gas",2118
"101","Oil",1253
"101","Oil",1318
"101","Oil",952
"101","Gas",1962
"101","Oil",3247
"101","Gas",1575
"101","Oil",1980
"071","Oil",3114
"715","Oil",1719
"101","Gas",1632
"101","Oil",1170
"101","Gas",1389
"101","Oil",1420
"101","Oil",1566
"101","Oil",1205
"101","Oil",1572
"101","Gas",3556
"101","Gas",2016
"101","Gas",2016
"101","Gas",2016
"101","Gas",2016
"101","Electric",2098
"101","Oil",1008
"101","Oil",2022
"101","Gas",1295
"010","Oil",424
"101","Oil",2300
"101","Oil",1996
"101","Gas",1554
"101","Electric",858
"101","Oil",1010
"105","Oil",2844
"101","Oil",1580
"101","Gas",1520
"101","Oil",2033
"101","Gas",1650
"101","Gas",1428
"101","Oil",828
"101","Gas",1025
"101","Oil",1506
"101","Oil",2590
"101","Gas",4466
"101","Gas",2454
"101","Gas",1248
"101","Oil",2264
"104","Gas",1785
"101","Oil",2460
"101","Oil",2724
"101","Oil",1040
"101","Gas",2784
"101","Gas",728
"101","Oil",1224
"101","Gas",1356
"101","Oil",988
"104","Oil",2406
"101","Gas",2080
"101","Oil",2126
"101","Oil",1028
"101","Gas",2472
"101","Oil",1524
"101","Gas",2500
"101","Gas",2888
"101","Oil",1368
"101","Oil",1222
"101","Gas",1264
"101","Oil",1060
"101","Oil",1200
"101","Gas",2184
"101","Oil",1096
"101","Gas",2236
"101","Oil",1672
"101","Oil",1296
"101","Oil",1514
"104","Gas",2136
"101","Gas",1751
"101","Oil",1686
"101","Oil",1284
"101","Oil",940
"101","Gas",1532
"101","Gas",960
"101","Gas",2598
"101","Gas",1667
"010","Gas",2515
"101","Gas",1636
"101","Gas",1736
"101","Gas",1472
"101","Oil",1638
"101","Oil",1638
"101","Oil",1638
"101","Oil",1638
"101","Gas",2276
"101","Oil",1346
"101","Oil",2172
"104","Gas",2824
"101","Gas",1846
"101","Gas",2456
"101","Gas",1235
"101","Oil",1707
"101","Gas",2228
"105","Oil",3837
"101","Oil",1290
"101","Oil",2138
"101","Oil",1476
"101","Gas",2153
"101","Oil",1916
"101","Oil",1916
"101","Oil",1916
"101","Oil",1916
"101","Gas",2511
"101","Oil",848
"101","Gas",1758
"101","Gas",1440
"101","Oil",1924
"101","Oil",2916
"101","Oil",1988
"101","Oil",1394
"101","Gas",2416
"104","Gas",3088
"101","Oil",2486
"105","Oil",2356
"101","Gas",3332
"101","Gas",3226
"101","Gas",2112
"101","Gas",2706
"101","Oil",2345
"101","Oil",1235
"101","Gas",1518
"400","Oil",2144
"101","Gas",936
"101","Gas",2184
"101","Oil",1056
"101","Oil",3246
"101","Gas",1846
"101","Gas",600
"101","Gas",1487
"101","Oil",1104
"101","Oil",1789
"101","Oil",861
"101","Oil",1184
"101","Gas",1370
"101","Oil",1872
"101","Oil",3438
"101","Oil",3438
"101","Oil",3438
"101","Oil",3438
"712","Oil",2015
"101","Oil",1104
"101","Gas",2017
"101","Gas",2017
"101","Gas",2017
"101","Gas",2017
"101","Oil",1040
"101","Oil",1344
"101","Oil",968
"101","Gas",2044
"104","Oil",2408
"101","Oil",4104
"101","Gas",1080
"101","Oil",2525
"101","Oil",1762
"101","Oil",1634
"101","Oil",1638
"101","Oil",1780
"101","Oil",1666
"101","Oil",1444
"101","Oil",2576
"101","Oil",1368
"101","Oil",1630
"101","Oil",1810
"101","Oil",1888
"101","Gas",2856
"101","Gas",1794
"101","Gas",1190
"101","Gas",2216
"101","Gas",3283
"101","Gas",4418
"104","Gas",2940
"101",NA,1494
"101",NA,1494
"101","Oil",1494
"101","Oil",1494
"101","Oil",1800
"101","Oil",720
"101","Gas",988
"101","Gas",2537
"101","Gas",1545
"101","Oil",2912
"101","Gas",3207
"101","Gas",1632
"101","Gas",2709
"101","Oil",1541
"101","Oil",1795
"101","Oil",1194
"101","Gas",2533
"101","Oil",1792
"101","Gas",3440
"101","Oil",2360
"101","Gas",3060
"101","Oil",1666
"105","Gas",2432
"101","Oil",1812
"104","Oil",1808
"101","Oil",1050
"101","Oil",1876
"101","Gas",1512
"101","Gas",1209
"101","Oil",1488
"101",NA,1524
"101","Gas",1982
"101","Oil",1992
"101","Oil",1992
"101","Oil",1992
"101","Oil",1992
"101","Gas",1236
"101","Oil",1896
"101","Oil",1050
"101","Gas",1023
"101","Oil",1904
"104","Gas",2056
"101","Electric",849
"101","Oil",3196
"104","Oil",2196
"101","Gas",4788
"104","Gas",1728
"101","Gas",1864
"101","Gas",1048
"101","Oil",1392
"101","Oil",1388
"101","Gas",1680
"101","Oil",2228
"101","Gas",2068
"101","Oil",1187
"101","Oil",4452
"101","Oil",1862
"101","Oil",1638
"101","Oil",912
"101","Gas",1961
"104","Gas",2334
"101","Gas",1996
"101","Gas",1685
"959","Oil",2186
"101","Oil",1992
"101","Oil",2281
"101","Oil",1392
"101","Oil",2716
"101","Gas",1606
"101","Oil",3780
"101","Gas",1812
"101","Electric",1205
"101","Gas",1619
"104","Oil",2612
"101","Oil",2589
"104","Gas",1792
"101","Gas",1298
"104","Gas",2428
"101","Gas",1632
"101","Gas",1220
"101","Oil",1086
"101","Oil",1072
"101","Gas",1509
"101","Oil",1376
"101","Gas",2487
"104","Gas",2259
"101","Oil",1375
"101","Gas",1401
"101","Gas",1274
"101","Oil",1261
"101","Gas",1560
"101","Gas",2498
"101","Oil",1458
"101","Oil",884
"101","Gas",1428
"101","Gas",1125
"101","Oil",1786
"101","Oil",1632
"101","Gas",1956
"101","Oil",1728
"101","Gas",1636
"101","Gas",1953
"101","Electric",1248
"101","Gas",4072
"101","Gas",1566
"101","Gas",1566
"101","Gas",1566
"101","Gas",1566
"101","Oil",1576
"101","Gas",2239
"101","Gas",1302
"101","Gas",2862
"101","Oil",2722
"101","Gas",2208
"101","Oil",1668
"101","Gas",1916
"109","Gas",1089
"109","Gas",2503
"101","Gas",1008
"101","Oil",1398
"104","Gas",2478
"958","Oil",1834
"101","NONE",0
"101","Oil",1344
"104","Gas",2221
"101","Oil",1757
"101","Oil",1757
"101","Oil",1757
"101","Oil",1757
"101","Oil",2042
"101","Gas",1368
"101","Oil",1262
"109","Gas",3036
"109","Gas",658
"101","Electric",2504
"101","Oil",848
"109","Oil",414
"109","Oil",1249
"101","Oil",1225
"101","Oil",1158
"109","Gas",2240
"109","Oil",2394
"101","Oil",1650
"101","Gas",2462
"101","Oil",2088
"101","Electric",1224
"101","Oil",960
"101","Gas",1494
"101","Electric",1248
"101","Oil",2366
"101","Oil",1130
"101","Gas",1790
"101","Gas",1768
"101","Gas",1768
"101","Gas",1768
"101","Gas",1768
"101","Gas",1274
"101","Oil",900
"101","Gas",1636
"101","Oil",1494
"101","Electric",1286
"101","Oil",2085
"101","Oil",2085
"101","Oil",2085
"101","Oil",2085
"101","Gas",1080
"101","Oil",1513
"101","Gas",2548
"101","Oil",1797
"101","Oil",1797
"101","Oil",1797
"101","Oil",1797
"101","Oil",912
"101","Oil",1320
"101","Gas",1679
"101","Gas",1370
"101","Gas",3209
"101","Oil",1348
"104",NA,2228
"101","Gas",1330
"101","Gas",2421
"101","Oil",1339
"101","Gas",2275
"101","Gas",2772
"101","Oil",1862
"101","Oil",1728
"101","Oil",2052
"101","Oil",1324
"101","Oil",984
"101","Gas",1856
"101","Gas",1400
"104","Gas",1568
"101","Oil",1238
"101","Gas",1232
"101","Gas",1365
"101","Gas",2526
"101","Gas",2526
"101","Gas",2526
"101","Gas",2526
"101","Oil",2051
"101",NA,1632
"101","Gas",2792
"101","Oil",1296
"101","Oil",960
"105","Gas",2447
"101","Oil",1896
"104","Gas",1949
"101","Gas",1868
"101","Oil",1500
"101","Oil",1444
"101","Electric",1530
"101","Oil",2592
"101","Oil",1528
"104","Gas",1936
"903","Oil",1550
"101","Oil",2124
"101","Gas",1789
"101","Oil",1743
"101","Gas",3063
"101","Oil",2048
"101","Oil",1701
"101","Oil",1655
"031","Oil",320
"101","Gas",2818
"101","Oil",1422
"101","Gas",2522
"101","Oil",1278
"101","Oil",2156
"101","Gas",948
"101","Gas",1428
"101","Oil",1365
"101","Oil",1440
"101","Oil",1152
"101","Oil",1196
"101","Oil",1196
"101","Oil",1196
"101","Oil",1196
"101","Gas",2256
"104","Gas",2048
"104","Gas",2074
"101","Oil",1455
"101","Oil",1400
"101","Gas",1486
"101","Oil",1728
"101","Electric",1480
"101","Oil",1708
"101","Oil",1583
"101","Oil",2151
"101","Electric",1361
"101","Oil",2558
"101","Oil",1108
"101","Gas",2628
"101","Electric",1080
"101","Oil",720
"101","Gas",1668
"101","Gas",2057
"101","Gas",1106
"101","Oil",1848
"101","Oil",1501
"101","Oil",2444
"101","Oil",1557
"101","Oil",1230
"101","Oil",1152
"101","Oil",1465
"101","Gas",1253
"101","Gas",1724
"101","Oil",864
"101","Oil",1662
"954","Oil",3808
"101","Oil",1182
"101","Gas",1364
"101","Oil",1408
"101","Oil",1202
"101","Oil",1964
"104","Gas",2304
"101","Oil",1664
"101","Oil",1232
"101","Oil",3135
"104","Oil",2380
"101","Oil",1480
"101","Oil",1607
"101","Gas",2120
"101","Oil",2028
"101","Oil",1716
"101","Oil",1050
"101","Oil",848
"101","Oil",1748
"101","Oil",1116
"105","Coal or Wood",2196
"101","Gas",1188
"101","Gas",1303
"104","Oil",2800
"104","Gas",1845
"101","Oil",1440
"101","Gas",2122
"104","Oil",1994
"101","Oil",912
"101","Gas",2999
"105","Gas",3637
"101","Oil",2592
"101","Oil",1224
"101","Gas",1092
"101","Gas",1128
"101","Oil",1848
"101","Gas",1614
"101","Gas",2382
"104","Gas",2951
"101","Oil",1953
"101","Oil",1823
"101","Gas",2496
"104","Gas",2304
"101","Oil",1778
"101","Gas",2751
"104","Oil",2660
"104","Oil",1876
"104","Gas",1768
"101","Gas",1400
"101","Gas",1642
"104","Oil",2517
"101","Gas",3670
"101","Gas",2766
"101","Oil",2480
"101","Oil",1547
"101","Oil",960
"101","Oil",1656
"101","Gas",1838
"101","Gas",3472
"104","Electric",1810
"101","Gas",1253
"101","Oil",1512
"104","Gas",3258
"101","Gas",1716
"104","Gas",2619
"104","Gas",2740
"101","Gas",960
"101","Gas",1632
"101","Gas",1902
"101","Oil",2310
"101","Oil",1690
"101","Oil",2432
"010","Oil",3371
"010","Oil",728
"010","Oil",1200
"101","Gas",2814
"101","Gas",2814
"101","Oil",2814
"101","Oil",2814
"101","Electric",1514
"032","Gas",942
"101","Oil",1722
"101","Oil",2098
"101","Oil",1171
"010","Oil",3100
"101","Oil",1488
"104","Gas",3933
"101","Oil",1639
"101","Oil",2633
"101","Gas",2288
"101","Oil",1037
"101","Gas",2202
"101","Oil",1211
"101","Oil",1758
"101","Oil",1914
"101","Gas",3128
"101","Oil",1676
"101","Oil",1036
"033","Oil",1960
"101","Gas",1640
"101","Oil",1344
"101","Gas",1700
"101","Oil",1390
"101","Gas",1588
"101","Electric",1804
"101","Gas",1037
"101",NA,1632
"101","Oil",1236
"101","Oil",1844
"101","Oil",1396
"101","Oil",2412
"101","Gas",2313
"101","Gas",816
"101","Gas",2328
"101","Gas",2328
"101","Gas",2328
"101","Gas",2328
"104","Oil",2600
"101","Oil",2256
"101","Gas",2860
"105","Gas",1876
"101","Gas",2072
"101","Gas",2072
"101","Gas",2072
"101","Gas",2072
"101","Gas",1118
"101","Oil",1040
"101","Gas",1093
"101","Gas",967
"101","Gas",967
"101","Gas",967
"101","Gas",967
"101","Oil",1264
"101","Oil",1420
"101","Gas",2717
"111","Electric",3700
"101","Gas",1728
"101",NA,1320
"101","Gas",1224
"104","Gas",1664
"101","Gas",1800
"101","Oil",1588
"101","Gas",3497
"101","Oil",1126
"101","Gas",1706
"101","Gas",2209
"101","Oil",1175
"101","Oil",1404
"101","Oil",1960
"101","Gas",1804
"101","Oil",1719
"101","Gas",2472
"101","Oil",1307
"101","Oil",1279
"101","Oil",1343
"101","Oil",1018
"101","Oil",1712
"101","Gas",2595
"010","Gas",1786
"104","Oil",1595
"101","Oil",2664
"104","Gas",2496
"101","Oil",2357
"101","Oil",1260
"101","Oil",3090
"101","Oil",1336
"104","Gas",2035
"101","Oil",850
"101","Electric",1628
"101","Gas",1974
"101","Gas",1471
"101","Oil",2167
"101","Oil",1292
"104","Gas",2832
"101","Gas",1868
"101","Gas",3336
"101","Electric",1512
"101","Oil",1666
"101","Oil",825
"101","Gas",1304
"104","Oil",2288
"101","Gas",1820
"101","Oil",1664
"101","Gas",864
"101","Gas",1449
"101","Gas",1344
"101","Gas",1462
"101","Gas",1462
"101","Gas",1462
"101","Gas",1462
"101","Oil",1046
"101","Oil",1361
"101","Oil",1675
"101","Oil",1192
"101","Gas",1000
"101","Oil",1362
"101","Gas",3606
"105","Oil",2819
"010","Gas",2919
"104","Oil",1886
"101","Oil",3672
"101","Gas",1228
"101","Gas",2480
"101","Oil",1962
"101","Oil",1310
"959","Gas",2517
"101","Gas",1096
"101","Oil",1480
"101","Oil",1056
"104","Gas",3866
"101",NA,1744
"101","Gas",6760
"101","Oil",2480
"101","Oil",2672
"101","Oil",2366
"101","NONE",1664
"101","Gas",2112
"101","Gas",2280
"101","Oil",1290
"101","Oil",1424
"101","Oil",894
"101","Oil",3971
"101","Oil",3971
"101","Oil",3971
"101","Oil",3971
"101","Oil",1092
"101","Oil",2366
"101","Oil",2327
"101","Oil",1104
"101","Gas",3519
"101","Oil",1715
"101","Gas",1560
"101","Oil",2104
"101","Gas",1880
"400","Gas",968
"104","Gas",2560
"101","Oil",1608
"101","Oil",1512
"101","Gas",1056
"101","Gas",1684
"101","Gas",898
"101","Oil",969
"101","Gas",1464
"101","Oil",1144
"101","Oil",1016
"101","Gas",1458
"104","Oil",3112
"101","Gas",1629
"101","Gas",2226
"101","Electric",1428
"101","Gas",1736
"101","Oil",1158
"101","Electric",1638
"101","Oil",1632
"970","Oil",2480
"101","Oil",1569
"104","Oil",2342
"101","Gas",1454
"104","Gas",2322
"101","Gas",816
"111","Oil",4888
"101","Oil",2024
"101","Oil",1260
"101","Gas",2895
"101","Oil",876
"101","Gas",1345
"101","Oil",1561
"101","Oil",1714
"101","Gas",1050
"010","Oil",1738
"104","Gas",1568
"101","Oil",1024
"101","Gas",944
"101","Electric",1664
"101","Gas",3612
"101","Gas",2028
"101","Oil",1116
"101","Oil",1383
"101","Oil",3124
"101","Gas",1752
"101","Gas",2242
"104","Oil",2679
"101","Oil",966
"101","Oil",2890
"105","Oil",3348
"101","Oil",1102
"101","Oil",1663
"101","Oil",2052
"101","Oil",1008
"101","Oil",1887
"101","Gas",982
"101","Gas",2924
"101","Oil",2040
"101","Gas",1824
"104","Gas",2060
"104","Gas",3318
"104","Oil",1189
"101","Gas",1917
"101","Gas",1056
"101","Oil",2154
"101","Oil",683
"355","Electric",2717
"101","Gas",1216
"101","Gas",1152
"101","Gas",4558
"101","Gas",2948
"101","Oil",1847
"101","Gas",2076
"101","Gas",1768
"101","Oil",1037
"105","Gas",1664
"105","Gas",2226
"101","Oil",2306
"101","Gas",1236
"105","Gas",2497
"101","Gas",1180
"101","Oil",1316
"101","Gas",1344
"101","Oil",1166
"104","Gas",2344
"105","Gas",2139
"101","Gas",2466
"101","Oil",1536
"101","Gas",1270
"101","Gas",1890
"101","Gas",680
"101","Oil",1310
"101","Gas",1643
"101","Gas",2865
"104","Gas",2444
"101","Gas",1524
"101","Gas",2683
"101","Gas",1320
"101","Gas",1737
"101","Oil",1610
"713","Oil",2612
"101","Gas",1176
"101","Oil",1116
"101","Gas",1506
"101","Oil",1044
"101","Gas",2283
"101","Oil",1914
"101","Gas",888
"101","Oil",1435
"101","Oil",1848
"101","Gas",2912
"101","Gas",5218
"101","Gas",2268
"101","Oil",1632
"101","Oil",1784
"101","Oil",1044
"101","Oil",1664
"104","Gas",2004
"101","Oil",1508
"101","Gas",1101
"101","Oil",1044
"101","Gas",1575
"101","Gas",2648
"101","Gas",2648
"101","NONE",2648
"101","NONE",2648
"101","Oil",1104
"101","Gas",2048
"105","Gas",2426
"101","Oil",2283
"104","Gas",2044
"101","Oil",2041
"101","Gas",1762
"101","Gas",858
"104","Gas",2384
"101","Oil",1648
"101","Oil",1160
"101","Oil",1044
"101","Oil",1096
"101","Oil",1800
"109","Gas",863
"109","Gas",3479
"101","Oil",1156
"101","Oil",1316
"101","Gas",1044
"101","Gas",1080
"109","Gas",630
"109","Gas",3645
"101","Gas",2140
"111","Gas",7335
"101","Gas",936
"101","Electric",1166
"101","Oil",1488
"101","Oil",1092
"101","Oil",1092
"101","Oil",1568
"105","Gas",2576
"101","Gas",1750
"101","Oil",1556
"101","Gas",1400
"104","Gas",2929
"101","Gas",1240
"101","Electric",1152
"101","Gas",1056
"101","Oil",2020
"101","Oil",864
"101","Gas",2351
"104","Oil",2594
"101","Oil",1132
"101","Oil",1225
"101","Oil",1800
"101","Oil",1655
"101","Oil",1655
"101","Oil",1655
"101","Oil",1655
"101","Gas",2882
"101","Oil",936
"101","Gas",1180
"101","Oil",2540
"101","Oil",1626
"101","Gas",1320
"101","Gas",1748
"101","Gas",1748
"101","Gas",1748
"101","Gas",1748
"101","Oil",1652
"104","Gas",2914
"101","Gas",1664
"101","Oil",1902
"101","Oil",1136
"101","Oil",1026
"101","Oil",1248
"101","Gas",1714
"101","Oil",2160
"101","Gas",960
"101","Gas",2624
"104","Oil",2727
"101","Gas",3236
"101","Gas",2284
"101","Oil",1872
"101","Gas",1436
"101","Oil",2674
"101","Oil",1260
"101","Oil",1864
"101","Oil",1736
"101","Gas",1226
"101","Gas",1600
"101","Oil",1713
"101","Oil",1080
"101","Oil",2657
"103","Oil",1086
"101","Gas",2648
"316","Coal or Wood",783
"101","Gas",2058
"101","Oil",2528
"101","Oil",1760
"101","Oil",1642
"101","Gas",1800
"101","Oil",2639
"101","Oil",2639
"101","Oil",2639
"101","Oil",2639
"101","Gas",2240
"101","Oil",1028
"101","Gas",2407
"101","Oil",1080
"101","Gas",1900
"101","Electric",1034
"101","Gas",2676
"101","Gas",3402
"101","Oil",1236
"101","Oil",912
"101","Oil",2289
"104","Gas",2925
"101","Gas",2981
"104","Gas",2519
"101","Gas",1008
"101","Gas",1176
"101","Electric",1369
"031","Gas",3696
"101","Oil",1528
"104","Gas",2674
"101","Oil",837
"101","Gas",2908
"101","Electric",996
"101","Gas",1856
"101","Gas",1048
"101","Oil",1065
"101","Oil",988
"101","Gas",1976
"101","Gas",1061
"104","Gas",1916
"101","Gas",1064
"101","Gas",3126
"101","Gas",1722
"101","Oil",1553
"101","Electric",2040
"101","Oil",1084
"105","Gas",2611
"101",NA,1632
"111","Oil",3756
"101","Oil",923
"101","Oil",1260
"104","Gas",2462
"101","Gas",2832
"104","Gas",1726
"101","Gas",1402
"101","Oil",976
"101","Oil",1691
"101","Electric",1852
"101","Gas",2880
"104","Gas",1497
"101","Gas",1832
"101","Oil",2816
"910","Gas",2520
"101","Gas",1494
"101","Gas",1765
"101","Gas",2018
"101","Gas",2246
"101","Oil",960
"104","Oil",3318
"101","Oil",1722
"101","Oil",1738
"101","Gas",2778
"101","Oil",2430
"101","Oil",1218
"101","Gas",2030
"101","Gas",3586
"101","Gas",1584
"101","Gas",1282
"101","Oil",1409
"101","Gas",2462
"101","Gas",1488
"101","Oil",984
"101","Gas",1624
"101","Gas",1058
"101","Gas",2176
"101","Gas",1264
"101","Gas",4043
"101","Gas",2193
"101","Oil",1116
"101","Oil",1643
"101","Oil",1851
"101","Gas",2373
"101","Electric",928
"101","Gas",1964
"101","Oil",1728
"101","Oil",1512
"104","Oil",1672
"101","Gas",2660
"101","Gas",1176
"101","Gas",1176
"101","NONE",1176
"101","NONE",1176
"101","Gas",1872
"101","Electric",1632
"101","Gas",1012
"071","Oil",1468
"101","Oil",1716
"101","Oil",2273
"101","Oil",1107
"101","Gas",1855
"104","Gas",3018
"101","Gas",1703
"101","NONE",1888
"101","NONE",1888
"101","NONE",1888
"101","NONE",1888
"101","Oil",1888
"101","Oil",1888
"101","Oil",1888
"101","Oil",1888
"101","Oil",1888
"101","Oil",1888
"101","Oil",1888
"101","Oil",1888
"101","Oil",1888
"101","Oil",1888
"101","Oil",1888
"101","Oil",1888
"101","Oil",1236
"101","Gas",2611
"101","Oil",2463
"101","Gas",1976
"101","Gas",1300
"101","Oil",2244
"101","Gas",2144
"101","Gas",1180
"101","Gas",1298
"101","Oil",1824
"104","Oil",3169
"101","Gas",803
"105","Gas",3750
"101","Gas",1224
"101","Oil",1632
"101","Gas",1279
"101","Gas",1560
"101","Gas",2456
"101","Oil",1596
"101","Oil",960
"101","Gas",1160
"101","Gas",864
"101","Oil",1164
"101","Oil",960
"101","Gas",4999
"101","Gas",1745
"101","Oil",1025
"101","Gas",1196
"104","Oil",2350
"101","Oil",918
"101","Oil",1656
"101","Gas",2812
"104","Gas",3735
"104","Oil",1540
"101","Gas",1296
"104","Gas",2240
"101","Oil",1249
"101","Oil",1040
"101","Gas",1512
"101","Gas",2874
"101","Gas",2428
"101","Gas",1571
"104","Gas",2556
"101","Gas",1113
"101","Oil",3074
"104","Gas",2240
"101","Gas",1220
"101","Oil",1037
"104","Gas",3021
"101","Oil",1728
"101","Oil",1656
"101","Oil",1466
"101","Oil",2383
"101","Gas",2296
"101","Gas",3094
"101","Gas",1489
"101","Gas",1037
"101","Gas",1718
"101","Gas",2760
"101","Gas",2999
"101","Oil",2088
"101","Oil",1260
"101","Oil",1260
"101","Oil",1260
"101","Oil",1260
"101","Oil",1500
"101","Oil",1508
"101","Gas",2281
"101","Gas",2281
"101","Gas",2281
"101","Gas",2281
"101","Gas",1268
"101","Electric",1564
"101","Oil",1945
"101","Gas",3187
"104","Gas",1616
"101","Gas",1677
"111","Gas",3571
"101","Gas",1666
"101","Gas",5420
"101","Gas",5420
"101","Gas",5420
"101","Gas",5420
"101","Gas",4042
"101","Oil",1540
"101","Gas",2842
"101","Oil",4606
"101","Oil",910
"101","Gas",1608
"718","Gas",1244
"101","Oil",1425
"101",NA,1616
"101","Gas",1864
"104","Oil",1728
"101","Oil",2084
"101","Oil",1698
"101","Gas",2935
"101","Oil",1592
"101","Oil",1544
"101","Gas",1807
"101","Gas",2968
"101","Gas",1800
"101","Oil",1497
"101","Oil",1428
"101","Gas",720
"101","Gas",2337
"101","Gas",1382
"031","Gas",5449
"101","Oil",1986
"101","Oil",1440
"101","Gas",952
"101","Gas",1044
"101","Oil",1670
"101","Oil",1632
"101","Oil",3969
"101","Gas",1102
"101","Oil",2068
"101","Gas",1044
"101","Gas",2308
"101","Oil",2258
"101","Gas",3714
"101","Oil",1092
"101","Oil",1776
"101","Oil",1887
"101","Oil",1624
"101","Gas",3900
"101","Oil",984
"101","Gas",984
"101","Gas",1062
"104","Gas",2118
"101","Gas",2484
"101","Gas",2556
"101","Oil",840
"101","Oil",2102
"101","Gas",2956
"101","Oil",1119
"101","Gas",2608
"101","Oil",1134
"101","Gas",2226
"101","Gas",2651
"101","Gas",2506
"101","Gas",1892
"101","Oil",2282
"101","Gas",2933
"101","Oil",1416
"101","Oil",1230
"101","Oil",1357
"101","Gas",1756
"101","Oil",1842
"101","Oil",951
"101","Electric",1913
"101","Gas",2408
"101","Oil",1486
"101","Oil",1289
"101","Oil",2002
"104","Oil",2724
"101","Gas",1408
"101","Oil",1600
"101","Gas",888
"101","Oil",1276
"101","Oil",1666
"101","Gas",988
"101","Oil",1499
"101","Gas",2645
"101","Oil",1541
"101","Electric",1100
"101","Oil",1536
"101","Oil",1536
"101","Oil",1536
"101","Oil",1536
"101","Oil",998
"013","Gas",1921
"101","Gas",1572
"104","Oil",2660
"101","Oil",1700
"111","Electric",2508
"101","Gas",2457
"101","Gas",3416
"101","Gas",2419
"101","Gas",1974
"101","Gas",2493
"101","Gas",1698
"712","Oil",2520
"104","Gas",3064
"101","Gas",848
"101","Gas",3323
"101","Oil",1886
"104","Gas",3216
"101","Gas",1037
"712","Oil",1635
"101","Oil",1626
"101","Oil",1632
"101","Gas",2059
"101","Gas",1114
"101","Gas",1176
"101","Gas",2244
"101","Gas",964
"101","Oil",1789
"101","Gas",1374
"101","Oil",2492
"105","Oil",1784
"101","Gas",1759
"101","Gas",3140
"101","Oil",1547
"101","Oil",1770
"101","Gas",2486
"101","Oil",1008
"101","Gas",2448
"101","Gas",744
"101","Oil",1992
"101","Oil",1424
"101","Oil",1664
"101","Gas",3815
"101","Oil",1464
"101","Gas",1393
"101","Gas",1096
"101","Gas",1352
"101","Oil",2622
"104","Gas",2596
"101","Gas",1799
"101","Gas",2052
"101","Oil",2032
"101","Gas",3165
"101","Gas",1323
"101","Gas",2524
"101","Oil",1680
"101","Oil",1188
"101","Oil",1110
"101","Gas",1160
"101","Gas",1428
"101","Gas",1182
"109","Gas",2120
"109","Gas",3912
"109","Oil",3912
"101","Gas",1566
"101","Gas",1608
"101","Gas",1674
"101","Oil",1372
"101","Gas",1260
"101","Gas",2504
"101","Gas",1412
"101","Oil",1636
"101","Oil",1104
"111","Oil",3440
"101","Gas",3066
"101","Oil",1520
"101","Gas",2508
"101","Gas",1314
"101","Oil",1144
"101","Gas",1857
"101","Electric",1897
"101","Gas",2140
"101","Oil",2912
"101","Gas",1040
"101","Gas",1176
"104","Gas",1759
"101","Gas",1391
"105","Oil",2502
"104","Gas",3204
"101","Oil",436
"101","Oil",2358
"101","Oil",1040
"101","Oil",2678
"101","Oil",1385
"101","Gas",688
"101","Gas",1264
"101","Oil",2592
"101","Oil",864
"101","Gas",3774
"101","Oil",1546
"101","Gas",1244
"101","Gas",1944
"101","Oil",2440
"101","Oil",1152
"101","Oil",1604
"101","Oil",1056
"101","Gas",1546
"101","Gas",3101
"101","Oil",1096
"101","Gas",2394
"101","Gas",2605
"101","Oil",1428
"101","Gas",936
"101","Oil",1582
"101","Electric",1728
"101","NONE",890
"101","Electric",1324
"101","Oil",1489
"101","Oil",1559
"105","Oil",3435
"101","Gas",2439
"109","Gas",1368
"109","Gas",1816
"101","Gas",1457
"101","Gas",2246
"104","Oil",2612
"104","Oil",2612
"104","Oil",2612
"104","Oil",2612
"101","Electric",1426
"101","Oil",1248
"101","Oil",1650
"101","Gas",3137
"010","Oil",1944
"101","Electric",1328
"101","Oil",1428
"101","Gas",1512
"101","Oil",1180
"101","Electric",1162
"101","Gas",2068
"101","Oil",1584
"101","Gas",2576
"101","Gas",648
"101","Gas",2698
"101","Gas",2698
"101","Gas",2698
"101","Gas",2698
"101","Gas",2698
"101","Gas",2698
"101","Gas",2698
"101","Gas",2698
"101","Gas",2698
"101","Gas",1175
"101","Gas",2828
"101","Oil",2864
"101","Oil",1701
"101","Gas",3116
"101","Oil",1388
"101","Oil",768
"101","Oil",1146
"101","Gas",1542
"101","Gas",2572
"101","Gas",3042
"101","Electric",960
"101","Oil",1008
"101","Gas",1136
"101","Gas",2285
"101","Oil",1907
"101","Gas",2615
"101","Gas",6198
"101","Oil",1728
"101","Gas",2680
"104","Oil",3310
"101","Gas",1316
"101","Electric",2010
"101","Gas",2369
"104","Oil",1988
"101","Gas",1276
"104","Gas",3208
"101","Gas",3040
"101","Oil",1379
"101","Oil",1224
"101","Gas",2048
"101","Gas",2540
"101","Electric",1404
"101","Gas",1000
"101","Oil",1137
"104","Oil",2961
"101","Gas",2066
"101","Gas",1444
"101","Oil",950
"101","Oil",1816
"104","Oil",2568
"101","Gas",2931
"101","Gas",1224
"111","Gas",3381
"101","Gas",1764
"101","Oil",1344
"104","Oil",2316
"101","Oil",950
"101","Oil",2744
"101","Gas",1413
"101","Gas",1486
"101","Oil",964
"101","Oil",2306
"101","Oil",1029
"101","Oil",1428
"101","Oil",2004
"104","Gas",2440
"104","Oil",1650
"101","Gas",1568
"104","Gas",3189
"101","Gas",1213
"101","Oil",1570
"101","Gas",1292
"101","Gas",1053
"101","Oil",960
"101","Gas",2570
"104","Gas",2844
"101","Gas",2666
"101","Oil",2243
"101","Gas",800
"101","Oil",1836
"104","Oil",3376
"101","Gas",2235
"101","Oil",1080
"101","Gas",1611
"101","Oil",1158
"101","Oil",1472
"101","Oil",1267
"101","Oil",1046
"101","Gas",1692
"105","Gas",2961
"101","Gas",1025
"101","Oil",1638
"101","Oil",1494
"101","Gas",2576
"101","Gas",1508
"101","Oil",1584
"101","Oil",1332
"101","Oil",1514
"101","Oil",1182
"101","Gas",1632
"101","Gas",1728
"101","Gas",2702
"101","Oil",5722
"101","Oil",2177
"101","Oil",2524
"101","Gas",824
"101","Oil",1872
"101","Gas",2851
"101","Oil",2289
"101","Oil",2694
"101","Gas",1118
"101","Coal or Wood",2184
"101","Gas",1268
"101","Oil",1757
"101","Gas",3098
"101","Oil",1090
"101","Oil",1558
"340","Gas",1248
"101","Oil",2713
"101","Oil",2713
"101","Oil",2713
"101","Oil",2713
"101","Oil",1584
"101",NA,1224
"101","Oil",3044
"101","Gas",4498
"101","Oil",2098
"101","Gas",2130
"101","Oil",1406
"101","Oil",2150
"101","Oil",1125
"101","Gas",1065
"101","Oil",1236
"101","Gas",2200
"101","Oil",1056
"104","Electric",1840
"101","Electric",1916
"101","Gas",1110
"101","Oil",963
"101","Oil",1040
"104","Gas",2070
"101","Gas",1676
"104","Gas",1640
"101","Oil",2662
"101","Oil",1102
"101","Gas",1092
"101","Oil",960
"111","Electric",4800
"101","Gas",4333
"101","Gas",1273
"101","Gas",2448
"101","Oil",1145
"101","Oil",936
"101","Gas",1524
"104","Oil",2992
"101","Gas",2683
"105","Gas",3066
"101","Gas",2644
"104","Gas",2544
"101","Oil",1737
"101","Oil",1167
"101","Oil",1677
"101","Gas",1964
"101","Oil",1723
"101","Gas",1745
"101","Oil",984
"101","Oil",1238
"101","Oil",1238
"101","Oil",1238
"101","Oil",1238
"101","Oil",1092
"104","Gas",3367
"104",NA,2356
"104",NA,2356
"104","Gas",2356
"104","Gas",2356
"105","Gas",3238
"101","Gas",1893
"101","Gas",2490
"101","Gas",3192
"101","Gas",2307
"101","Electric",2320
"101","Oil",1317
"101","Oil",960
"101","Oil",1014
"101","Gas",1056
"101","Gas",870
"101","Gas",972
"104","Oil",3496
"101","Oil",1080
"101","Oil",1100
"101","Oil",2688
"101","Gas",816
"104","Gas",2301
"101","Gas",2448
"101","Oil",1524
"101","Oil",1092
"101","Gas",2348
"101","Oil",1794
"101","Oil",1248
"101","Oil",1871
"101","Oil",1732
"101","Oil",2510
"101","Oil",3000
"101","Oil",2066
"101","Oil",2066
"101","Oil",2066
"101","Oil",2066
"104","Electric",1764
"101","Oil",1008
"101","Gas",1918
"713","Oil",3000
"101","Oil",2464
"101","Gas",1966
"101","Gas",1008
"101","Gas",2777
"718","Oil",1573
"101","Gas",1538
"101","Gas",1200
"101","Gas",2063
"101","Oil",1234
"101","Gas",3378
"101","Gas",2309
"101","Oil",1632
"101","Gas",1258
"101","Oil",2040
"101","Gas",3079
"101","Gas",999
"101","Oil",1332
"101","Gas",1512
"101","Oil",1226
"101","Oil",1226
"101","Oil",1226
"101","Oil",1226
"101","Gas",2642
"101","Oil",1160
"101","Gas",2201
"101","Oil",961
"101","Gas",1224
"101","Gas",1236
"101","Oil",1522
"101",NA,912
"101","Gas",1232
"101","Gas",1402
"101","Gas",1632
"101","Oil",1408
"101","Oil",2322
"101","Gas",2393
"104",NA,1752
"101","Oil",2008
"101","Oil",800
"101","Gas",3537
"104","Gas",2800
"101","Gas",1040
"101","Oil",1260
"101","Gas",3074
"101","Gas",3074
"101","Gas",3074
"101","Gas",3074
"101","Gas",2996
"101","Oil",984
"101","Gas",1828
"101","Gas",1790
"101","Gas",3202
"101","Gas",1470
"101","Oil",1900
"101","Gas",2343
"101","Gas",1048
"101","Oil",1620
"101","Gas",1956
"101","Oil",1914
"101","Oil",1536
"101","Oil",1150
"101","Gas",2743
"104","Electric",2501
"101","Gas",3096
"101","Oil",2436
"101","Oil",1326
"101","Oil",2548
"101","Gas",1678
"101","Oil",5056
"101","Gas",2752
"101","Gas",832
"101","Gas",1920
"101","Oil",2552
"101","Oil",1099
"101","Gas",2640
"101",NA,1422
"101",NA,1422
"101","Gas",1422
"101","Gas",1422
"101","Oil",2163
"101","Oil",2670
"101","Oil",1534
"101","Gas",1184
"101","Gas",1612
"101","Oil",2978
"101","Oil",1496
"101","Oil",1728
"101","Gas",1130
"104","Gas",2856
"101","Gas",1026
"101","Gas",2701
"101","Oil",1114
"101","Oil",713
"101","Oil",1092
"101","Oil",2356
"101","Oil",1912
"104","Electric",1666
"101","Electric",500
"104","Gas",2554
"104","Gas",1600
"101","Gas",2810
"101","Gas",1284
"101","Oil",1580
"101","Oil",1580
"101","Oil",1580
"101","Oil",1580
"101","Oil",1164
"101","Oil",1608
"101","Oil",3102
"101","Oil",1404
"104","Electric",1764
"101","Oil",1648
"101","Gas",1296
"101","Oil",1821
"101","Oil",1076
"101","Oil",1568
"101","Oil",1428
"101","Gas",3618
"101","Oil",1706
"101","Oil",1726
"101","Oil",1992
"101","Gas",2056
"101","Oil",2276
"101","Oil",1352
"101","Gas",775
"101","Gas",1764
"101","Gas",2160
"101","Oil",1796
"101","Oil",968
"101","Gas",918
"101","Gas",988
"101","Gas",2448
"101","Oil",2828
"101","Gas",2448
"101","Oil",2980
"101","Gas",1066
"101","Oil",1800
"954","Gas",6396
"101","Oil",1578
"101","Oil",2387
"104","Electric",1724
"101","Oil",1456
"101","Gas",1848
"101","Gas",1848
"101","Gas",1848
"101","Gas",1848
"101","Electric",1984
"101",NA,1170
"101","Gas",1726
"101","Oil",1512
"101","Oil",1968
"101","Gas",2332
"101","Gas",1620
"071","Oil",1512
"010","Oil",3490
"101","Oil",1872
"101","Oil",1692
"101","Gas",1521
"101","Oil",2120
"101","Oil",1759
"101","Oil",1068
"111","Gas",4559
"101","Oil",1584
"101","Oil",1290
"101","Gas",912
"101","Oil",1176
"101","Gas",3331
"101","Oil",1624
"101","Gas",3700
"101","Oil",2482
"101","Gas",1209
"101","Oil",1037
"101","Oil",1176
"101","Oil",960
"101","Gas",2302
"101","Oil",988
"101","Oil",1843
"104","Gas",1988
"101","Oil",1548
"101","Oil",1335
"101","Gas",1018
"101","Gas",1992
"101","Oil",1209
"101","Oil",1945
"101","Oil",768
"101","Oil",1287
"101","Oil",1044
"101","Oil",1548
"101","Oil",1298
"101","Oil",950
"101","Gas",1631
"101","Gas",2774
"101","Gas",2588
"101","Gas",1452
"101","Gas",2230
"101","Oil",2097
"101","Oil",2642
"101","Oil",1308
"101","Electric",1412
"104","Oil",1800
"104","Gas",2397
"101","Gas",1300
"101","Gas",1262
"104","Gas",2132
"101","Oil",1382
"101","Gas",1912
"101","Oil",1080
"101","Oil",1140
"101","Gas",2764
"101","Oil",2152
"101","Oil",1512
"112","Gas",867
"112","Gas",2622
"112","Gas",1078
"101","Oil",3445
"101","Oil",2025
"101","Oil",960
"101","Oil",1706
"101","Oil",1968
"101","Oil",2799
"101","Oil",1904
"101","Gas",2436
"101","Oil",1452
"101","Gas",1764
"101","Oil",1296
"101","Oil",1621
"101","Gas",2128
"101","Gas",1876
"104","Oil",2820
"101","Gas",720
"101","Gas",3284
"101",NA,1037
"101","Oil",1274
"101","Oil",1424
"101","Oil",1785
"101","Gas",2789
"104","Oil",2782
"101","Gas",2165
"104",NA,1632
"101","Gas",2895
"101","Oil",1440
"101","Gas",1048
"101","Oil",1222
"101","Gas",1358
"101","Oil",1680
"101","Gas",1344
"101","Gas",1933
"101","Oil",1462
"101","Gas",1821
"101","Gas",1050
"111","Gas",2636
"101","Oil",1715
"104","Gas",2688
"101","Gas",2474
"101","Gas",3089
"104","Gas",4088
"101","Gas",1236
"101","Oil",979
"101","Oil",1824
"101","Gas",840
"104","Gas",3267
"105","Gas",3547
"101","Oil",1426
"101","Oil",1044
"101","Oil",1777
"101","Gas",1285
"101","Gas",1080
"101","Oil",1236
"101","Gas",1076
"101","Gas",2200
"101","Gas",2200
"101","Gas",2200
"101","Gas",2200
"101","Oil",1206
"101","Gas",1720
"101","Gas",1799
"101","Gas",1632
"101","Oil",1640
"101","Oil",1640
"101","Oil",1640
"101","Oil",1640
"101","Oil",1632
"101","Oil",1200
"104","Oil",3251
"101","Gas",1008
"101","Oil",1085
"101","Oil",1916
"101","Gas",2681
"101","Oil",1486
"101","Oil",1848
"101","Oil",2172
"101","Oil",3152
"101","Oil",1428
"101","Oil",1260
"101","Gas",1527
"101","Gas",1760
"101","Oil",1092
"101","Oil",1885
"101","Oil",1520
"713","Oil",1872
"101","Oil",1162
"101","Electric",864
"101","Oil",1160
"101","Oil",2076
"101","Oil",768
"104","Gas",3069
"101","Gas",1852
"101","Gas",1852
"101","Gas",1852
"101","Gas",1852
"101","Oil",1478
"101","Oil",1826
"104","Gas",2208
"104","Gas",2830
"101","Gas",3133
"101","Oil",2798
"101","Gas",2376
"101","Gas",2376
"101","Gas",2376
"101","Gas",2376
"101","Oil",1040
"101","Oil",1236
"101","Gas",1340
"101","Oil",1144
"101","Oil",1061
"104","Oil",3505
"101","Gas",1668
"101","Gas",1500
"101","Gas",2285
"101","Gas",2285
"101","Gas",2285
"101","Gas",2285
"101","Oil",1632
"101","Gas",1243
"101","Gas",1661
"101","Oil",2041
"101","Gas",1933
"104","Gas",2064
"104","Gas",1703
"101","Oil",1638
"101","Gas",1356
"101","Gas",1257
"101","Gas",1796
"104","Gas",1800
"101","Gas",1386
"105","Oil",3424
"101","Oil",1294
"104","Gas",1958
"101","Oil",1736
"101","Oil",1736
"101","Oil",1736
"101","Oil",1736
"104","Gas",2042
"105","Gas",2470
"101","Oil",1176
"101","Gas",3270
"101","Gas",3270
"101","Gas",3270
"101","Gas",3270
"101","Oil",1216
"104","Gas",1702
"101","Electric",1241
"101","Gas",1528
"104","Gas",1624
"101","Gas",1550
"101","Oil",1004
"101","Oil",2240
"101","Gas",1048
"104","Oil",2787
"104","Gas",2668
"101","Oil",1422
"101","Oil",1296
"101","Gas",912
"101","Gas",1632
"101","Oil",3011
"101","Gas",1362
"104","Gas",1658
"104","Electric",1908
"101","Oil",1572
"101","Oil",1490
"101","Oil",1490
"101","Oil",1490
"101","Oil",1490
"101","Gas",954
"101","Gas",851
"101","Gas",2400
"101","Oil",1387
"101","Oil",1335
"105","Gas",2940
"104","Gas",1848
"101","Gas",1688
"101","Oil",1340
"101","Oil",1617
"101","Gas",1196
"010","Gas",1104
"010","Gas",3316
"101","Oil",1632
"101","Gas",2942
"101","Oil",1608
"101","Oil",1988
"101","Gas",1264
"101","Gas",675
"104","Gas",2119
"101","Gas",2260
"101","Gas",2340
"101","Electric",1056
"101","Gas",2022
"101","Gas",2022
"101","NONE",2022
"101","NONE",2022
"101","Oil",1355
"104","Oil",3700
"104","Oil",2264
"101","Gas",2328
"101","Gas",2522
"101","Oil",2168
"101","Oil",1037
"101","Oil",1043
"101","Gas",1332
"101","Oil",960
"101","Gas",1824
"104","Gas",2124
"101","Oil",912
"101","Oil",1960
"101","Gas",2978
"101","Electric",1711
"104","Gas",2074
"104","Gas",2526
"101","Oil",1574
"104","Gas",2394
"101","Gas",2876
"101","Gas",2876
"101","Gas",2876
"101","Gas",2876
"101","Gas",875
"957","Oil",2840
"101","Electric",2924
"101","Electric",2924
"101","Electric",2924
"101","Electric",2924
"101","Oil",1332
"101","Gas",1480
"101","Oil",2228
"101","Electric",1843
"101","Oil",1644
"101","Oil",1161
"101","Gas",3031
"101","Gas",3485
"101","Gas",1521
"101","Gas",3329
"104","Gas",2400
"101","Gas",1248
"101","Oil",750
"101","Oil",1908
"101","Gas",3204
"101","Gas",2160
"101","Oil",1102
"101","Oil",1326
"101","Oil",1248
"101","Gas",2878
"101","Gas",2831
"104","Gas",2136
"101","Gas",1212
"101","Oil",948
"101","Oil",2076
"101","Gas",1274
"101","Gas",2398
"101","Oil",852
"105","Gas",2726
"101","Gas",2864
"101","Oil",2128
"101","Gas",1568
"101","Gas",4788
"101","Gas",4788
"101","Gas",4788
"101","Gas",4788
"104","Oil",2410
"101","Gas",2902
"104","Gas",2081
"101","Gas",2360
"101","Oil",3163
"101","Gas",1523
"101","Gas",1922
"101","Gas",1415
"101","Gas",3230
"101","Oil",1632
"101","Gas",1248
"101","Gas",1248
"101","Gas",1248
"101","Gas",1248
"101","Gas",2311
"104","Oil",2726
"101","Oil",1708
"101","Gas",1200
"010","Gas",1128
"101","Oil",1428
"101","Oil",1731
"101","Oil",4581
"101","Oil",4581
"101","Oil",4581
"101","Oil",4581
"101","Gas",1280
"104","Gas",2288
"101","Gas",2011
"101","Oil",1452
"101","Oil",1474
"101","Oil",1783
"101","Gas",3457
"101","Oil",1568
"101","Gas",1846
"101","Gas",1344
"101","Oil",900
"101","Gas",1279
"101","Gas",2505
"101","Gas",3182
"101","Gas",1728
"101","Oil",1663
"101","Oil",1044
"101","Gas",1820
"010","Oil",2250
"101","Oil",2265
"101","Oil",1008
"101","Gas",1625
"101","Oil",1120
"101","Oil",1863
"101","Oil",1079
"101","Oil",1584
"101","Gas",2542
"101","Gas",1394
"101","Oil",964
"101","Gas",1654
"101","Gas",2524
"101","Oil",1256
"101","Gas",1166
"101","Oil",1932
"101","Oil",1188
"101","Oil",1540
"101","Oil",1632
"101","Gas",2160
"101","Gas",2160
"101","Gas",2160
"101","Gas",2160
"101","Oil",1289
"101","Oil",2363
"101","Oil",1464
"101","Gas",4016
"101","Oil",1290
"101","Oil",1140
"101","Oil",1386
"101","Oil",1824
"101","Gas",2773
"101","Gas",2950
"111","Oil",5781
"101","Oil",1836
"101","Oil",1130
"101","Oil",2232
"104","Oil",2741
"101","Gas",1612
"101","Oil",2297
"104",NA,2250
"101","Gas",1026
"101","Oil",2968
"101","Gas",2234
"101","Electric",2978
"101","Oil",1040
"101","Oil",1348
"101","Gas",1174
"101","Gas",840
"101","Gas",1850
"101","Gas",1694
"101","Gas",1372
"101","Gas",1164
"101","Oil",2208
"101","Gas",2784
"101","Gas",1095
"101","Gas",2585
"104","Oil",2164
"101","Electric",624
"101","Gas",2604
"101","Gas",1752
"101","Gas",2060
"101","Oil",994
"101","Oil",1428
"101","Oil",1720
"101","Oil",1728
"101","Gas",1118
"101","Gas",2534
"101","Gas",2534
"101","Gas",2534
"101","Gas",2534
"101","Oil",2595
"104","Gas",1760
"104","Gas",2688
"101","Gas",2390
"104","Oil",2232
"101","Gas",1816
"101","Oil",1008
"101","Gas",1848
"101","Oil",1400
"101","Oil",2348
"104","Gas",2432
"101","Gas",1053
"101","Gas",1506
"101","Gas",3322
"101","Gas",2979
"101","Oil",1352
"101","Gas",1251
"101","Oil",1512
"101","Gas",1956
"101","Gas",976
"101","Oil",1475
"101","Gas",1904
"101","Gas",1488
"101","Oil",1200
"101","Oil",1296
"104","Gas",2012
"101","Gas",875
"104","Oil",4526
"104","Gas",1632
"101","Gas",2415
"101","Oil",2272
"101","Gas",1356
"101","Oil",1608
"101","Oil",1992
"101","Oil",1652
"101","Oil",1386
"101","Oil",1120
"101","Gas",1680
"101","Oil",5760
"101","Oil",1232
"101","Oil",1479
"010","Oil",1053
"101","Oil",1632
"101","Gas",2543
"101","Gas",832
"101",NA,1356
"101","Oil",1862
"970","Oil",4199
"101","Gas",1248
"101","Oil",1800
"104","Gas",3417
"101","Oil",1050
"104","Oil",2171
"101","Gas",2271
"101","Electric",1300
"101","Gas",2010
"101","Gas",2720
"101","Gas",2720
"101","Gas",2720
"101","Gas",2720
"101","Gas",1951
"101","Oil",2250
"101","Oil",1050
"101","Oil",1114
"101","Oil",1590
"101","Gas",1048
"101","Gas",1048
"101","Gas",1048
"101","Gas",1048
"101","Gas",1104
"101","Gas",2588
"104","Gas",2538
"101","Gas",2440
"101","Oil",1144
"101","Gas",3137
"104","Gas",1532
"104","Gas",1914
"101","Gas",2145
"101","Oil",1898
"101","Oil",1037
"101","Gas",2496
"101","Gas",3330
"101","Gas",2112
"101","Oil",2028
"104","Oil",1984
"101","Oil",1040
"101","Oil",1176
"101","Gas",1916
"010","Gas",886
"101","Gas",1502
"104","Oil",2702
"101","Gas",2890
"101","Gas",2348
"101","Electric",1632
"101","Oil",1084
"101","Gas",2652
"101","Gas",2652
"101","Gas",2652
"101","Gas",2652
"101","Electric",2004
"101","Electric",1170
"104","Gas",2036
"104","Gas",2167
"101","Gas",984
"101","Gas",1040
"101","Gas",1229
"101","Oil",1728
"101","Oil",3180
"101","Oil",1248
"718","Oil",1677
"101","Oil",3354
"101","Oil",1956
"101","Oil",1572
"101","Oil",1004
"101","Oil",1670
"101","Gas",1575
"101",NA,1338
"101",NA,1054
"101","Gas",4075
"101","Gas",2808
"101","Gas",1224
"101","Oil",2173
"101","Gas",1584
"101","Oil",1466
"101",NA,1674
"101","Electric",2966
"101","Electric",2966
"101","Electric",2966
"101","Electric",2966
"104","Gas",2606
"101","Oil",1644
"101","Gas",1856
"101","Gas",1196
"101","Oil",2464
"101","Gas",1829
"101","Oil",2079
"101","Gas",2608
"101","Gas",3332
"101","Oil",1516
"101","Gas",2450
"101","Gas",960
"101","Gas",1092
"105","Gas",2686
"101","Oil",1327
"101","Gas",2066
"101","Gas",768
"105","Oil",2012
"101","Oil",2583
"104","Electric",1064
"101","Gas",1428
"101","Oil",2096
"101","Oil",1970
"104","Gas",2808
"101","Oil",1832
"101","Coal or Wood",260
"101","Gas",2313
"104","Gas",3351
"101","Oil",1597
"101","Gas",912
"101","Oil",1828
"101","Gas",988
"105","Oil",3284
"105","Oil",3284
"105","Oil",3284
"105","Oil",3284
"101","Gas",2148
"101","Gas",1428
"101","Electric",1920
"101","Gas",1351
"101","Oil",3754
"101","Gas",832
"104","Gas",2560
"104","Gas",2468
"101","Gas",3754
"101","Gas",1315
"101","Oil",2588
"101","Gas",4278
"101","Oil",2034
"101","Oil",4636
"101","Oil",1404
"104","Gas",2432
"101","Oil",1037
"101","Oil",2687
"101","Oil",964
"101","Gas",2748
"104","Gas",1568
"101","Oil",1124
"101","Gas",2418
"101","Oil",1124
"101","Gas",1940
"101","Oil",1618
"101","Oil",1260
"101","Oil",720
"101","Oil",1180
"101","Gas",1904
"101","Oil",2896
"101","Gas",3250
"101","Gas",3880
"101","Oil",1860
"101","Gas",864
"101","Gas",1296
"101","Oil",1624
"101",NA,1768
"101","Oil",2220
"101","Oil",944
"111","Gas",6784
"111","Gas",6784
"111","Gas",6784
"111","Gas",6784
"101","Oil",1666
"101","Gas",2170
"104","Gas",2256
"101","Gas",1215
"101","Oil",1728
"101","Gas",1920
"101","Gas",1248
"101","Oil",1632
"101","Oil",1215
"101","Oil",1822
"101","Oil",1541
"101","Oil",2386
"101","Gas",2859
"101","Oil",1428
"101","Oil",1182
"101","Gas",1150
"101","Oil",1691
"101","Gas",1580
"109","Gas",861
"109","Gas",3980
"101","Gas",2049
"101","Gas",1410
"101","Gas",1352
"101","Gas",1856
"101","Oil",1000
"104","Gas",2250
"101","Oil",1603
"101","Oil",1600
"101","Oil",1198
"101","Gas",1080
"101","Gas",3460
"101","Gas",3012
"101","Oil",1776
"101","Oil",1046
"101","Oil",1040
"101","Oil",960
"101","Oil",1316
"101","Gas",1559
"101","Gas",1559
"101","Gas",1559
"101","Gas",1559
"101","Gas",2960
"101","Gas",1558
"101","Oil",1054
"101","Oil",1054
"101","Oil",1054
"101","Oil",1054
"010","Gas",2316
"101","Gas",2196
"101","Oil",1248
"101","Oil",1330
"101","Oil",1944
"101","Gas",1456
"101","Oil",2003
"101","Oil",2180
"101","Oil",1646
"713","Oil",2408
"101","Oil",1080
"101","Oil",1224
"101","Oil",1629
"101","Oil",1306
"101","Oil",1424
"101","Oil",884
"101","Oil",1726
"101","Oil",1472
"101","Gas",1888
"101","Gas",2460
"031","Oil",2336
"101","Oil",2380
"101","Gas",1842
"101","Gas",3012
"101","Oil",1288
"101","Gas",720
"101","Gas",1166
"101","Gas",2215
"101","Gas",3186
"101","Gas",1382
"101","Oil",1810
"101","Gas",2608
"104","Gas",2232
"959","Oil",1576
"101","Gas",1836
"101","Gas",1224
"101","Oil",1328
"105","Oil",2836
"101","Gas",2450
"101","Gas",1516
"101","Gas",1764
"101","Oil",1040
"101","Gas",1364
"101","Gas",998
"101","Oil",1728
"101","Gas",1144
"101","Oil",1000
"101","Oil",2226
"101","Gas",2400
"101","Oil",1568
"101","Oil",1888
"101","Oil",1888
"101","Oil",1888
"101","Oil",1888
"101","Gas",2254
"111","Gas",4704
"104","Oil",2336
"101","Oil",1715
"101","Oil",1092
"101","Gas",1264
"101","Oil",2094
"101","Oil",1080
"104","Electric",2476
"101","Gas",2684
"101","Oil",1566
"101","Oil",2723
"104","Oil",3135
"101","Oil",1705
"101","Gas",1368
"101","Gas",956
"101","Gas",1976
"101","Oil",2138
"101","Gas",1554
"101","Gas",3891
"101","Gas",2722
"101","Gas",2422
"101","Gas",1500
"101","Oil",960
"101","Gas",1300
"101","Oil",990
"101","Gas",1359
"101","Gas",2430
"101","Gas",3038
"101","Gas",3808
"101","Gas",1635
"101","Oil",1680
"101","Gas",1984
"101","Gas",1152
"101","Oil",1144
"101","Electric",1400
"101","Oil",1753
"101","Oil",1753
"101","Oil",1753
"101","Oil",1753
"104","Gas",3800
"101","Oil",1872
"101","Gas",2694
"101","Gas",1080
"101","Gas",1608
"101","Electric",960
"101","Oil",1182
"101","Gas",1484
"101","Oil",1416
"101","Oil",1800
"101","Oil",992
"101","Oil",1296
"101","Oil",2084
"101","Oil",1516
"101","Oil",1176
"101","Oil",1080
"101","Gas",3012
"101","Oil",816
"101","Gas",960
"101","Oil",2736
"101","Gas",830
"101","Gas",2984
"101","Oil",1467
"101","Oil",1428
"101","Oil",2192
"101","Gas",3055
"101","Oil",2455
"101","Oil",1346
"013","Gas",4893
"101","Gas",1828
"101","Oil",3004
"101","Gas",1026
"101","Gas",1026
"104","Gas",3176
"101","Gas",1648
"101","Oil",1937
"101","Gas",2885
"101","Gas",2116
"101","Oil",1516
"104","Oil",3063
"101","Oil",1132
"101","Oil",2516
"101","Oil",1649
"101","Oil",576
"101","Oil",1102
"101","Oil",2504
"101","Gas",1920
"101","Oil",1783
"101","Oil",1416
"101","Oil",928
"101","Oil",996
"101","Gas",2004
"101","Oil",1364
"101","Oil",1904
"101","Oil",2163
"104","Gas",2752
"101","Oil",2386
"101","Oil",1160
"101","Gas",925
"101","Oil",1812
"101","Oil",2166
"101","Gas",1808
"101","Oil",924
"101","Gas",1800
"101","Gas",2470
"101","Gas",1099
"101","Oil",1847
"101","Oil",2240
"101","Gas",1144
"101","Electric",1764
"104","Gas",2200
"101","Oil",2029
"101","Gas",2175
"101","Gas",1802
"101","Gas",2499
"101","Oil",1864
"101","Gas",807
"101","Oil",1236
"101","Oil",1960
"101","Oil",1300
"718","Gas",1396
"101","Oil",1040
"101","Oil",912
"101","Electric",1323
"101","Oil",1248
"101","Gas",1320
"101","Gas",1376
"101","Gas",1951
"101","Gas",798
"101","Gas",1512
"101","Gas",1449
"101","Oil",2242
"104","Electric",1824
"104","Oil",2647
"101","Oil",1764
"101","Gas",1792
"101","Oil",972
"101","Oil",1152
"101","Gas",1680
"101","Oil",1332
"101","Gas",2988
"101","Oil",2040
"101","Oil",2212
"101","Oil",1532
"101","Gas",2687
"101","Oil",1363
"101","Oil",1920
"010","Gas",3404
"101","Gas",1209
"101","Gas",1772
"104","Gas",1816
"101","Oil",1336
"101","Gas",1682
"111","Oil",3865
"101","Gas",1653
"101","Oil",934
"101","Gas",2124
"101","Oil",720
"101","Oil",2200
"101","Gas",1476
"101","Oil",1268
"101","Oil",1268
"101","Oil",1268
"101","Oil",1268
"101","Oil",1226
"101","Gas",1632
"101","Gas",1365
"101","Gas",960
"101","Gas",960
"101","Gas",1603
"101","Gas",3266
"101","Gas",1776
"101","Gas",2202
"101","Oil",1735
"101","Gas",2154
"101","Oil",1998
"101","Oil",1224
"101","Gas",1992
"801","Oil",1948
"101","Gas",3940
"101","Gas",3940
"101","Gas",3940
"101","Gas",3940
"101","Gas",1729
"101","Gas",1368
"718","Oil",2574
"101","Oil",1134
"101","Oil",1040
"101","Oil",1360
"101","Oil",1195
"101","Electric",2298
"101","Electric",2298
"101","Electric",2298
"101","Electric",2298
"104","Oil",2368
"101","Gas",2216
"101","Oil",1792
"101","Oil",1470
"101","Gas",1296
"101","Oil",2286
"101","Oil",2286
"101","Oil",2286
"101","Oil",2286
"104","Oil",3512
"101","Gas",1792
"104","Gas",2832
"101","Oil",2464
"101","Oil",1688
"101","Oil",1476
"101","Oil",992
"101","Gas",1848
"104","Oil",2933
"101","Oil",1776
"101","Oil",800
"101","Gas",1845
"101","Oil",1841
"101","Oil",1092
"101","Oil",1631
"101","Gas",1670
"101","Gas",1937
"101","Gas",1821
"101","Gas",704
"101","Oil",900
"101","Electric",2195
"101","Oil",2400
"101","Oil",1685
"101","Gas",1335
"101","Oil",1392
"101","Oil",1638
"101","Gas",1970
"101","Gas",3156
"101","Gas",1080
"101","Oil",972
"101","Oil",1062
"105","Oil",3256
"101","Gas",2431
"101","Oil",1851
"101","Gas",2479
"101","Oil",1866
"101","Oil",2106
"101","Gas",2274
"101","Oil",1567
"101","Oil",1576
"101","Oil",1123
"101","Gas",696
"101","Gas",1880
"101","Oil",1080
"101","Oil",1072
"101","Electric",1368
"101","Gas",1620
"101","Oil",1632
"101","Oil",2164
"101","Gas",1680
"104","Gas",2293
"101","Electric",1687
"101","Oil",2022
"101","Gas",1398
"104","Oil",2274
"101","Electric",960
"101","Gas",864
"101","Gas",2283
"101","Gas",1912
"101","Gas",4519
"105","Oil",2785
"101","Oil",1048
"101","Oil",1428
"101","Oil",2312
"101","Oil",1586
"101","Oil",1548
"101","Oil",1144
"104","Gas",2416
"101","Gas",1908
"101","Oil",1225
"101","Gas",1618
"101","Oil",1046
"101","Gas",3313
"104","Gas",1980
"112","Gas",2700
"112","Gas",5200
"112","Oil",2008
"101","Oil",1548
"101","Gas",768
"101","Oil",4214
"101","Gas",1436
"101","Oil",600
"101","Gas",2717
"104","Oil",2840
"101","Gas",1040
"101","Gas",2768
"101","Electric",1952
"101","Oil",1092
"104","Gas",2444
"101","Gas",1396
"101","Gas",1716
"101","Oil",936
"101","Gas",976
"101","Gas",944
"101","Oil",1144
"101","Electric",1484
"034","Oil",2160
"101","Gas",1032
"101","Oil",1272
"101","Electric",960
"101","Oil",1350
"101","Oil",1204
"101","Oil",682
"101","Oil",1180
"101","Oil",1498
"101","Oil",2170
"101","Oil",1052
"104","Gas",1800
"718","Oil",1212
"101","Oil",1004
"034","Oil",3104
"101","Oil",1425
"101","Gas",912
"101","Oil",1569
"071","Oil",2523
"104","Gas",2720
"104","Electric",2176
"101","Gas",1648
"101","Gas",1233
"101","Gas",1908
"101","Gas",3759
"101","Oil",1056
"101","Oil",3241
"101","Gas",2562
"101","Oil",1176
"105","Gas",2873
"101",NA,2020
"101","Gas",2283
"101","Oil",2304
"101","Oil",1092
"101","Oil",2022
"101","Oil",2590
"104","Gas",3729
"103","Oil",860
"104","Oil",2204
"101","Gas",1562
"104","Oil",3015
"104","Gas",2720
"101","Oil",1510
"101","Gas",1932
"101","Oil",960
"104","Gas",2160
"101","Gas",1005
"101","Gas",1986
"101","Oil",1904
"101","Oil",864
"101","Oil",1794
"104","Gas",2888
"101","Gas",2124
"101","Gas",1912
"101","Oil",1976
"101","Oil",1976
"101","Oil",1976
"101","Oil",1976
"101","Gas",1398
"104","Gas",1488
"101","Oil",1305
"101","Gas",1096
"104","Gas",2909
"111","Gas",2400
"101","Oil",1618
"101","Oil",1482
"101","Gas",1944
"101","Oil",1040
"970","Gas",2790
"101","Gas",2218
"104","Gas",2914
"101","Oil",960
"104","Oil",1669
"101","Gas",2636
"101","Oil",1593
"101","Oil",1055
"101","Oil",1092
"101","Oil",1393
"101","Oil",3031
"101","Oil",1210
"101","Gas",1180
"104","Gas",2620
"101","Oil",1940
"101","Gas",1360
"101","Gas",1019
"101","Oil",1568
"101","Oil",1893
"101","Gas",1144
"101","Gas",1276
"101","Gas",1852
"101","Gas",2685
"101","Oil",2382
"101","Oil",2382
"101","Oil",2382
"101","Oil",2382
"101","Oil",2137
"101","Gas",1289
"101","Oil",1092
"101","Oil",1040
"101","Oil",1958
"104","Gas",2770
"101","Gas",2346
"101","Oil",960
"104","Gas",2208
"104","Gas",2272
"104","Gas",2768
"101","Gas",1295
"101","Gas",1600
"101","Oil",960
"101","Oil",800
"104","Oil",2314
"101","Gas",1947
"101","Oil",1148
"101","Gas",1930
"101","Oil",1400
"101","Oil",1395
"101","Gas",2308
"101","Oil",1244
"101","Oil",1188
"104","Oil",2850
"104","Gas",1810
"101","Oil",1256
"111","Oil",4268
"104","Gas",1872
"101","Oil",2128
"101","Electric",1728
"101","Oil",1448
"101","Gas",920
"101","Oil",1601
"101","Oil",1218
"101","Oil",1148
"101","Gas",2770
"101","Gas",1222
"101","Oil",1734
"101","Oil",1128
"903","Gas",6643
"101","Oil",1272
"104","Gas",2962
"101","Gas",1680
"101","Gas",1752
"101","Gas",1575
"101","Gas",1734
"101","Electric",1508
"101","Oil",4411
"101","Gas",1825
"104","Gas",2616
"101","Oil",2014
"101","Gas",775
"101","Gas",2438
"101","Oil",2278
"101","Oil",1426
"101","Gas",1464
"101","Gas",2896
"105","Gas",2819
"101","Electric",1632
"101","Oil",1037
"101","Oil",1080
"101","Gas",2016
"101","Oil",1037
"112","Oil",2016
"112","Oil",2369
"112","Oil",4056
"112","Oil",3892
"101",NA,1824
"101","Gas",3222
"101","Gas",1244
"101","Oil",1096
"101","Gas",2239
"104","Gas",2416
"101","Gas",2134
"101","Gas",1349
"101","Oil",1306
"101","Oil",3072
"101","Oil",3072
"101","Oil",3072
"101","Oil",3072
"101","Oil",3072
"101","Oil",3072
"101","Oil",3072
"101","Oil",3072
"101","Oil",3072
"101","Oil",1402
"101","Gas",1128
"101","Gas",1660
"101","Gas",1148
"101","Gas",2049
"104","Gas",2300
"101","Oil",1256
"101","Electric",1152
"101","Gas",1404
"101","Oil",1320
"101","Oil",2000
"101","Gas",1744
"101","Gas",1248
"101","Oil",1566
"101","Gas",1224
"101","Oil",2369
"101","Gas",3017
"101","Gas",3017
"101","Gas",3017
"101","Gas",3017
"101","Oil",1166
"101",NA,1092
"101","Oil",1376
"101","Oil",972
"101","Gas",2153
"101","Gas",1800
"101","Gas",1241
"101","Gas",1908
"101","Electric",1080
"101","Oil",1451
"101","Oil",1853
"101","Oil",2343
"101","Oil",3500
"101","Oil",1388
"105","Gas",3437
"101","Oil",2112
"101","Oil",1488
"101","Oil",1748
"101","Gas",1998
"101","Gas",1998
"101","Gas",1998
"101","Gas",1998
"109","Electric",885
"109","Electric",885
"109","NONE",885
"109","NONE",885
"109","Oil",1800
"101","Oil",1190
"101","Oil",840
"101","Gas",2992
"104","Gas",2390
"101","Oil",1264
"101","Gas",3728
"101",NA,1050
"101","Oil",960
"101","Gas",1238
"101","Oil",1785
"101","Gas",2208
"101","Gas",1860
"101","Oil",720
"101","Oil",1496
"101","Gas",2371
"101","Oil",1229
"101","Oil",2360
"101","Gas",2505
"101","Oil",912
"101","Oil",1760
"101","Gas",2512
"101","Oil",2584
"101","Oil",1248
"101","Gas",1251
"101","Oil",1744
"101","Gas",2236
"101","Gas",2659
"010","Gas",2575
"101","Gas",6432
"101","Gas",6432
"101","Gas",6432
"101","Gas",6432
"101","Gas",1573
"104","Gas",1976
"101","Oil",1144
"101","Electric",1062
"101","Oil",1716
"101","Oil",1716
"101","Oil",1716
"101","Oil",1716
"101","Oil",2040
"111","Gas",3930
"101","Gas",3263
"101","Gas",971
"101","Gas",1416
"101","Gas",1648
"104","Oil",2398
"101","Oil",1098
"101","Gas",1118
"101","Gas",1118
"101","Gas",1118
"101","Gas",1118
"101","Gas",2936
"101","Oil",1560
"101","Gas",1440
"101","Oil",1268
"101","Oil",675
"101","Oil",1338
"010","Gas",2329
"101","Gas",1556
"101","Oil",1653
"101","Gas",960
"105","Gas",2918
"111","Oil",4225
"101","Gas",2404
"101","Oil",1444
"101","Oil",1292
"101","Oil",2330
"101","Oil",2388
"101","Gas",1284
"101","Oil",1008
"712","Oil",1659
"101","Oil",1099
"101","Oil",2388
"101","Oil",1377
"101","Oil",906
"101","Oil",1120
"101","Oil",1120
"101","Oil",1888
"101","Oil",1836
"101","Oil",1598
"101","Oil",1125
"101","Gas",1293
"101","Oil",1488
"101","Gas",896
"101","Oil",1350
"101","Oil",1288
"101","Oil",2872
"101","Gas",1632
"101","Gas",1470
"101","Gas",972
"101","Gas",1653
"071","Oil",1802
"104","Oil",1643
"101","Oil",1334
"101","Gas",2684
"105","Gas",2800
"101","Oil",1410
"104","Gas",3394
"101","Oil",1132
"101","Gas",1768
"101","Oil",1632
"101","Oil",2572
"101","Gas",1740
"101","Oil",1190
"104","Oil",2238
"101","Gas",1139
"101","Oil",2480
"105","Gas",2098
"101","Gas",1166
"101","Oil",1220
"101","Gas",1907
"101","Gas",1288
"101","Gas",1610
"101","Gas",2140
"101","Oil",2735
"101","Oil",1332
"101","Gas",2743
"101","Gas",2712
"101","Gas",2712
"101","Gas",2712
"101","Gas",2712
"101","Gas",1756
"101","Oil",1040
"105","Oil",2984
"104","Gas",3075
"101","Oil",1424
"101","Oil",1916
"101","Oil",1176
"101","Oil",1477
"101","Gas",1384
"101","Oil",1602
"101","Oil",1564
"101","Oil",1337
"101","Oil",1296
"101","Oil",2626
"101","Oil",2626
"101","Oil",2626
"101","Oil",2626
"101","Oil",1872
"101","Gas",1953
"101","Gas",1056
"101","Oil",880
"101","Gas",2216
"101","Oil",864
"111","Oil",3292
"101","Gas",1335
"101","Gas",1966
"101","Gas",1170
"101","Oil",2312
"101","Oil",1550
"104","Gas",3728
"101","Oil",1903
"101","Gas",1428
"101","Gas",3766
"101","Gas",3720
"105","Gas",3861
"101","Gas",2920
"101","Oil",2797
"101","Oil",1452
"101","Gas",2814
"101","Oil",744
"101","Gas",1826
"101","Oil",1046
"101","Gas",1424
"101","Oil",1716
"101","Gas",1990
"101","Oil",1016
"101","Gas",1728
"101","Gas",1896
"010","Gas",2016
"101","Gas",1561
"101","Oil",520
"101","Gas",864
"101","Gas",1763
"101","Oil",1336
"101","Oil",1275
"101","Gas",2406
"101","Gas",1152
"101",NA,1102
"101","Oil",1116
"101","Oil",864
"101","Oil",1589
"101","Gas",1813
"101","Oil",2700
"101","Gas",972
"101","Oil",972
"101","Oil",1144
"101","NONE",952
"101","NONE",952
"101","Oil",952
"101","Oil",952
"101","Gas",2144
"101","Gas",960
"101","Gas",912
"104","Electric",2112
"101","Oil",3040
"101","Oil",3040
"101","Oil",3040
"101","Oil",3040
"101","Oil",982
"101","Gas",1740
"101","Gas",1545
"101","Oil",1112
"101","Gas",1224
"101","Oil",960
"101","Gas",4160
"101","Oil",2364
"101","Oil",1542
"101","Oil",1164
"071","Gas",1604
"101","Oil",1710
"101","Gas",1954
"101","Gas",2914
"101","Gas",1344
"101","Gas",1037
"101","Gas",1482
"101","Gas",1908
"013","Oil",4028
"104","Electric",1824
"101","Gas",1744
"101","Gas",2883
"101","Oil",2068
"101","Gas",2230
"101","Gas",3019
"101","Oil",1470
"101","Gas",2606
"101","Oil",1456
"010","Oil",1960
"101","Oil",1106
"104","Oil",3696
"101","Gas",1914
"101","Oil",985
"101","Oil",1506
"101","Gas",1372
"101","Oil",1000
"101","Oil",988
"101","Oil",1184
"101","Gas",1836
"101","Gas",1540
"101","Gas",2319
"101","Oil",1144
"101","Gas",1948
"101","Oil",2220
"101","Oil",2646
"101","Oil",2646
"101","Oil",2646
"101","Oil",2646
"101","Oil",2194
"101","Electric",960
"101","Gas",1536
"101","Gas",2616
"101","Oil",1968
"101","Oil",1692
"101","Gas",1025
"105","Oil",3928
"101","Gas",2278
"101","Gas",2535
"101","Electric",1344
"101","Gas",2660
"101","Oil",1156
"101","Gas",1560
"101","Oil",1286
"101","Gas",1694
"101","Oil",1688
"101","Oil",1688
"101","Oil",1688
"101","Oil",1688
"101","Oil",3013
"101","Gas",1646
"713","Oil",1980
"101","Oil",1212
"109","Oil",1200
"109","Oil",2319
"101","Gas",2116
"101","Gas",1157
"101","Coal or Wood",4239
"101","Coal or Wood",4239
"101","Gas",4239
"101","Gas",4239
"101","Oil",2532
"101","Oil",1254
"101","Gas",1464
"101",NA,1248
"101","Gas",2152
"101","Gas",2380
"111","Gas",3132
"101","Gas",1700
"101","Oil",1107
"101","Oil",1007
"101","Gas",2500
"101","Gas",960
"101","Oil",1665
"101","Gas",4277
"101","Gas",2808
"101","Oil",1344
"101","Gas",1800
"104","Oil",2620
"101","Gas",2739
"104","Oil",1698
"101","Electric",1668
"101","Gas",1036
"101","Electric",1024
"101","Gas",1730
"101","Oil",1344
"101","Gas",1921
"101","Oil",2198
"101","Oil",2183
"101","Oil",2183
"101","Oil",2183
"101","Oil",2183
"101","Gas",1412
"104","Oil",1550
"101","Oil",1040
"101","Oil",2696
"101","Gas",1332
"101","Gas",1986
"101","Oil",1764
"101","Oil",884
"104","Oil",1769
"101","Gas",3416
"101","Electric",2052
"101","Oil",1558
"101","Oil",2360
"101","Gas",864
"101","Oil",1840
"101","Gas",2622
"101","Gas",1260
"101",NA,1636
"101",NA,1636
"101","Gas",1636
"101","Gas",1636
"101",NA,1056
"101","Gas",1975
"101","Oil",1538
"101","Gas",1716
"101","Gas",2549
"101","Oil",1848
"101","Oil",2332
"101","Oil",1552
"101","Oil",1530
"101","Oil",1620
"104","Electric",1764
"104","Gas",2498
"101","Oil",2232
"101","Oil",912
"010","Oil",2144
"101","Gas",922
"101","Oil",1208
"101","Gas",2090
"101","Oil",1092
"101","Gas",1104
"717","Gas",2660
"101","Gas",2485
"101","Oil",1928
"101","Oil",2392
"101","Gas",1346
"101","Gas",2436
"101","Gas",1144
"101","Gas",3554
"101","Oil",972
"101","Gas",2270
"101","Oil",950
"101","Gas",1926
"101","Oil",1942
"101","Oil",1728
"101","Oil",2056
"101","Oil",2212
"101","Oil",1294
"101","Oil",1328
"101","Gas",2010
"101","Oil",1640
"101","Oil",1040
"101","Gas",1037
"101","Oil",1224
"101","Oil",1764
"101","Oil",1518
"101","Gas",1160
"101","Gas",2008
"104","Gas",2275
"104","Gas",1966
"101","Oil",1456
"101","Oil",1171
"101","Oil",1088
"101","Oil",2885
"101","Gas",3252
"101","Gas",1760
"101","Oil",2754
"101","Oil",1092
"101","Oil",1297
"101","Electric",960
"101","Oil",1674
"101","Gas",1428
"101","Gas",1270
"101","Oil",1639
"101","Oil",2156
"101","Oil",2460
"101","Gas",1860
"101","Gas",2044
"101","Oil",3106
"101","Oil",1812
"101","Gas",2096
"101","Oil",1664
"101","Oil",1984
"101","Oil",1636
"101","Oil",1472
"101","Oil",1040
"060","Oil",1248
"101","Oil",1680
"101","Oil",1092
"101","Oil",1419
"101","Gas",2558
"101","Gas",2783
"101","Oil",1413
"101","Gas",2864
"101","Gas",1517
"101","Gas",1944
"101","Electric",2412
"101","Oil",1632
"101","Gas",984
"101","Gas",1026
"101","Gas",1352
"101","Oil",1712
"101","Gas",2235
"101","Oil",1956
"101","Gas",3601
"101","Gas",2236
"101","Gas",1870
"101","Oil",2436
"101","Oil",2106
"101","Gas",1478
"104","Gas",2249
"104","Gas",2164
"101","Oil",2170
"101","Oil",1148
"101","Gas",1871
"101","Gas",1871
"101","Gas",1871
"101","Gas",1871
"104","Gas",2548
"101","Gas",1714
"101","Gas",1551
"101","Oil",1664
"101","Gas",1608
"101","Oil",1288
"101","Oil",1288
"101","Oil",1288
"101","Oil",1288
"101","Oil",1706
"101","Oil",1706
"101","Oil",1706
"101","Oil",1706
"104","Gas",1080
"101","Gas",1701
"101","Gas",2702
"101","Coal or Wood",600
"101","Gas",2465
"101","Gas",2306
"104","Oil",2064
"101","Gas",1037
"101","Gas",2310
"101","Oil",1759
"101","Gas",864
"101","Gas",1344
"101","Oil",864
"101","NONE",1440
"101","NONE",1440
"101","Oil",1440
"101","Oil",1440
"101","Gas",1324
"101","Gas",1312
"101","Oil",2674
"101","Gas",1486
"101","Gas",1397
"101","Gas",2015
"104","Oil",1918
"101","Oil",1168
"101","Oil",2112
"101","Gas",1136
"101","Oil",1526
"101","Gas",1504
"101","Gas",864
"101","Oil",1048
"101","Oil",2090
"101","Gas",2339
"101","Gas",2339
"101","Gas",2339
"101","Gas",2339
"101","Oil",1806
"101","Oil",864
"101","Gas",1116
"101","Gas",1920
"101","Oil",1368
"101","Electric",2170
"010","Gas",3510
"101","Oil",2048
"101","Oil",784
"101","Gas",1710
"104","Gas",2548
"101","Gas",2698
"101","Gas",1048
"101","Oil",1512
"101","Gas",1480
"101","Gas",1245
"101","Gas",2196
"101","Oil",1280
"101","Oil",1828
"101","Gas",1634
"103","Oil",1764
"101","Oil",495
"101","Gas",1500
"101","Oil",1610
"101","Gas",1314
"101","Oil",1210
"104","Oil",2428
"101","Oil",1188
"101","Oil",1040
"101","Oil",1800
"101","Electric",960
"101","Electric",1938
"101","Gas",2891
"101","Gas",2712
"101","Gas",768
"101","Oil",1886
"101","Gas",2735
"101","Gas",1264
"101","Gas",1132
"101","Oil",1400
"101","Oil",1417
"101","Gas",1397
"101","Gas",1624
"101","Oil",2511
"104","Gas",2144
"101","Gas",1728
"101","Gas",1092
"101",NA,1008
"101","Oil",1534
"104","Gas",2820
"101","Gas",1692
"101","Gas",2388
"101","Oil",2872
"101",NA,891
"101","Oil",980
"101","Oil",1296
"101","Gas",2080
"101","Oil",1026
"101","Oil",1344
"101","Gas",1056
"101","Gas",1570
"101","Gas",4092
"101","Gas",864
"101","Oil",1504
"101","Gas",1311
"101","Oil",2578
"101","Oil",1832
"101","Gas",2569
"101","Oil",1017
"101",NA,4033
"101","Gas",1642
"101","Oil",1050
"101","Gas",2348
"101","Gas",2348
"101","Gas",2348
"101","Gas",2348
"104","Gas",2922
"101","Oil",1326
"101","Oil",1632
"104","Gas",1728
"101","Oil",1854
"111","Gas",3640
"101","Gas",1840
"101","Gas",1298
"101","Oil",1040
"101","Oil",792
"101","Oil",913
"101","Gas",1771
"101","Oil",1152
"101","Oil",1380
"101","Gas",3098
"101","Gas",1102
"101","Oil",1600
"101","Gas",1288
"101","Gas",1604
"034","Oil",1884
"101","Gas",1152
"101","Oil",1172
"101","Gas",3188
"105","Oil",2818
"101","Oil",1424
"101","Oil",2160
"101","Gas",1960
"101","Oil",1040
"101","Oil",1992
"111","Oil",3168
"101","Oil",2228
"101","Gas",1376
"104","Oil",1868
"104","Gas",1528
"101","Gas",1152
"104","Oil",2695
"101","Oil",2354
"101","Gas",1626
"101","Gas",673
"101","Gas",988
"101","Oil",960
"101","Gas",3785
"101","Gas",3785
"101","Gas",3785
"101","Gas",3785
"101","Oil",1548
"101","Gas",1539
"101","Gas",1539
"101","Gas",1539
"101","Gas",1539
"101","Oil",2924
"101","Gas",3406
"111","Gas",5712
"104","Gas",1738
"101","Gas",2528
"104","Gas",2170
"101","Oil",2106
"101","Oil",2248
"101","Gas",1512
"104","Oil",2298
"101","Oil",1812
"101","Oil",1918
"101","Gas",1448
"104","Gas",2508
"104","Gas",2569
"101","Gas",912
"101","Oil",1245
"013","Gas",2682
"101","Oil",1716
"101","Gas",2139
"104","Gas",2414
"104","Oil",2080
"104","Gas",2308
"101","Gas",1530
"101","Gas",2060
"104","Oil",1414
"101","Gas",1580
"101","Gas",1746
"101","Oil",1400
"101","Oil",2635
"101","Oil",1260
"101","Gas",1148
"104","Gas",2045
"101","Gas",2516
"104","Gas",1736
"101","Gas",1179
"105","Gas",2510
"101","Oil",945
"101","Electric",1144
"101","Oil",1805
"101","Gas",2376
"104","Gas",1728
"101","Gas",1528
"101","Gas",1876
"104","Oil",2542
"104","Oil",1809
"101","Oil",1839
"111","Gas",3550
"101","Gas",1848
"101","Gas",4459
"101","Gas",3231
"101","Oil",2380
"101","Gas",2366
"101","Gas",1876
"101","Gas",2870
"111","Oil",3188
"101","Oil",2350
"101","Oil",960
"104","Gas",2261
"101","Oil",1356
"101","Gas",2220
"101","Oil",1100
"104","Gas",1952
"105","Gas",3013
"101","Oil",2014
"101","Oil",1968
"101","Gas",2193
"101","Oil",1676
"101","Gas",1327
"101","Gas",2001
"104","Gas",2079
"101","Gas",1056
"101","Gas",2775
"101","Gas",1862
"101","Gas",2360
"105","Oil",2640
"101","Oil",1040
"101","Gas",1470
"101","Gas",1470
"101","Gas",1470
"101","Gas",1470
"104","Gas",1872
"101","Oil",1800
"101","Oil",1340
"101","Oil",1302
"101","Gas",2480
"101","Gas",2292
"101","Gas",2292
"101","Gas",2292
"101","Gas",2292
"101","Electric",1112
"111","Gas",4589
"101","Oil",1368
"101","Oil",1753
"101","Electric",1512
"101","Gas",2700
"101","Gas",1696
"105","Gas",2106
"101","Gas",2096
"101","Oil",1873
"104","Gas",1910
"101","Oil",2105
"101","Oil",2324
"101","Oil",2324
"101","Oil",2324
"101","Oil",2324
"101","Gas",1152
"101","Gas",1184
"101","Gas",1436
"101","Gas",2459
"101","Gas",2240
"101","Gas",2240
"101","Gas",2240
"101","Gas",2240
"101","Oil",1728
"101","Oil",1015
"040","Gas",1300
"111","Gas",2046
"101","Oil",1244
"101","Oil",2432
"101","Gas",2168
"101","Oil",1765
"101","Oil",2157
"104","Gas",2525
"104","Electric",1664
"101","Gas",1428
"101","NONE",1632
"101","Gas",1252
"101","Gas",2415
"101","Oil",972
"104","Gas",696
"101","Gas",2620
"101","Oil",2524
"101","Oil",2912
"101","Oil",1632
"101","Oil",1668
"101","Oil",2559
"104","Oil",1946
"101","Oil",1423
"104","Gas",2626
"101","Oil",1329
"101","Gas",3007
"101","Gas",1512
"111","Electric",4752
"101","Gas",2169
"104","Gas",1960
"101","Oil",1137
"101","Oil",1682
"101","Gas",1800
"101","Gas",1845
"101","Gas",1280
"101","Gas",1707
"101","Oil",3079
"101","Oil",3020
"101","Oil",1040
"101","Oil",864
"101","Oil",3182
"101","Oil",1632
"112","Electric",5846
"104","Gas",1936
"101","Gas",1045
"101","Oil",2138
"105","Gas",2318
"101","Gas",1080
"101","Gas",2438
"101","Gas",2801
"101","Gas",864
"101","Gas",1632
"104","Gas",3105
"101","Gas",1444
"101","Oil",1624
"101","Oil",1369
"101","Gas",1278
"101","Oil",1296
"101","Gas",1560
"101","Oil",2007
"101","Oil",1296
"101","Gas",1464
"109","Gas",1380
"109","Gas",5580
"101","Gas",2064
"101","Gas",1334
"101","Gas",2363
"104","Gas",3038
"104","Gas",1700
"101","Oil",1520
"109","Gas",1738
"109","Oil",3520
"101","Gas",1632
"101","Oil",2039
"101","Oil",2039
"101","Oil",2039
"101","Oil",2039
"101","Gas",1228
"101","Gas",2979
"101","Oil",1595
"101","Gas",2499
"101","Gas",1188
"101","Gas",1140
"101","Gas",1229
"101","Gas",1700
"013","Oil",3042
"101","Oil",2647
"101","Oil",2016
"101","Gas",2158
"101","Oil",1386
"101","Oil",1080
"101","Gas",1612
"101","Gas",1944
"101","Gas",864
"101","Oil",2244
"101","Oil",2070
"101","Oil",1104
"101","Gas",1755
"104","Gas",2256
"101","Oil",1836
"101","Oil",2064
"101","Oil",1484
"101","Gas",1170
"101","Oil",1656
"101","Gas",1108
"101","Gas",1176
"101","Oil",1168
"101","Gas",1714
"101","Oil",1876
"101","Oil",1715
"101","Oil",1512
"101","Oil",2026
"101","Gas",912
"101","Oil",3008
"101","Oil",1928
"013","Oil",2641
"101","Gas",1920
"101","Gas",1180
"101","Gas",2549
"101","Gas",2046
"101","Gas",3404
"101","Gas",1486
"101","Oil",1384
"101","Oil",2236
"101","Oil",1166
"101","Gas",1682
"101","Gas",1914
"101","Oil",2063
"101","Oil",1026
"101","Oil",1728
"101","Gas",1107
"101","Gas",1476
"101","Gas",2258
"101","Gas",1546
"101","Gas",1720
"101","Oil",1538
"101",NA,1456
"104","Gas",1440
"104","Oil",2322
"101","Oil",1416
"101","Gas",1008
"109","Gas",604
"109","Oil",998
"101","Gas",1528
"101","Oil",2640
"101","Gas",1580
"101","Oil",912
"101","Gas",1320
"101","Gas",1120
"101","Gas",2863
"101","Oil",2748
"101","Oil",2793
"101","Gas",864
"101","Oil",1932
"101","Gas",1972
"101","Oil",1584
"101","Oil",1674
"101","Gas",1044
"101","Gas",1800
"101","Gas",2560
"101","Gas",1288
"104","Electric",1440
"101","Oil",2760
"101","Oil",1054
"101","Oil",1054
"101","Oil",1054
"101","Oil",1054
"101","Oil",2158
"101","Oil",1474
"101","Oil",1166
"101","Oil",936
"101","Gas",2594
"917","Oil",1870
"101","Oil",964
"101","Oil",1530
"101","Oil",912
"101","Gas",1035
"101","Gas",1696
"954","Oil",6671
"101","Gas",1760
"101","Gas",1152
"101","Oil",2136
"101","Electric",2192
"101","Oil",2142
"101","Gas",2720
"104","Gas",2428
"101","Oil",904
"101","Gas",1344
"101","Gas",1976
"013","Oil",2352
"101","Oil",1547
"101","Oil",1204
"101","Oil",1872
"101","Oil",1482
"101","Oil",2092
"101","Gas",1554
"101","Gas",1048
"101","Oil",3135
"101","Oil",1368
"101","Gas",1070
"101","Gas",1946
"101","Oil",1248
"101","Electric",1086
"101","Gas",960
"101","Gas",2352
"101","Gas",2819
"101","Gas",2852
"101","Oil",2119
"101","Oil",2119
"101","Oil",2119
"101","Oil",2119
"101","Gas",2017
"101","Oil",2640
"101","Gas",1788
"101","Gas",2592
"101","Gas",936
"101","Oil",1040
"104","Gas",2304
"101","Oil",1254
"101","Oil",1646
"101","Gas",1836
"101","Oil",960
"101","Oil",1258
"101","Oil",912
"101","Oil",2937
"101","Oil",2937
"101","Oil",2937
"101","Oil",2937
"101","Electric",1742
"101","Gas",1530
"101","Gas",912
"101","Oil",2164
"101","Gas",2172
"101","Oil",1120
"101","Gas",2340
"101",NA,1728
"101","Gas",2384
"101","Gas",1125
"101","Gas",2616
"104","Oil",1589
"101","Gas",1859
"101","Gas",3862
"104","Gas",2196
"101","Gas",2443
"961","Oil",2320
"104","Gas",2114
"104","Gas",2318
"104","Electric",1728
"101","Gas",1206
"104","Gas",2224
"101","Electric",1174
"101","Gas",1040
"101","Oil",1663
"101","Oil",1294
"101","Gas",2576
"101","Oil",1276
"105","Gas",3067
"101","Oil",2248
"101","Gas",1636
"101","Gas",1175
"101","Oil",1311
"101","Gas",1692
"101","Gas",2430
"101","Gas",2208
"101","Oil",1092
"101","Oil",1363
"101","Oil",3458
"101","Oil",2148
"101","Oil",960
"101","Oil",840
"101","Oil",1900
"101","Gas",1080
"101","Oil",1456
"101","Oil",2152
"101","Oil",2152
"101","Oil",2152
"101","Oil",2152
"101","Oil",2067
"101","Oil",1415
"101","Oil",1254
"101","Oil",960
"101","Oil",1054
"101","Gas",1814
"101","Oil",864
"101","Oil",1632
"101","Oil",1701
"101","Gas",2398
"101","Gas",818
"101","Gas",2569
"104","Oil",2504
"101","Oil",1642
"101","Oil",720
"104","Oil",2250
"101","Oil",1344
"101","Gas",864
"101","Oil",2287
"101","Gas",1401
"101","Oil",1326
"101","Oil",1817
"101",NA,1428
"101","Gas",1284
"101","Gas",1786
"101","Gas",2036
"104","Oil",2128
"101","Oil",2577
"101","Gas",1309
"104","Gas",3038
"101","Oil",1750
"101","Oil",3356
"101","Gas",1500
"101","Gas",2334
"101","Oil",1780
"101","Gas",2467
"101","Gas",768
"101","Electric",2116
"101","Oil",2278
"101","Gas",1098
"101","Oil",1404
"101","Oil",1440
"104","Oil",2141
"101","Gas",1278
"101","Oil",1824
"101","Gas",1648
"101","Oil",1842
"101","Gas",2252
"101","Oil",1614
"101","Gas",1805
"101","Oil",1368
"101","Gas",1414
"101","Oil",1382
"101","Oil",1568
"101","Oil",1404
"101","Gas",3353
"101","Gas",3353
"101","Gas",3353
"101","Gas",3353
"101","Oil",2520
"101","Gas",720
"101","Gas",988
"101","Oil",1044
"101","Oil",1368
"101","Oil",1604
"101","Oil",1604
"101","Oil",1604
"101","Oil",1604
"101","Gas",864
"101","Oil",1728
"013","Gas",2842
"101","Gas",1388
"104","Gas",1190
"101","Oil",1286
"101","Gas",2086
"101","Electric",2402
"101","Oil",1008
"101","Oil",2808
"101","Oil",1308
"101","Gas",2268
"101","Gas",1589
"101","Gas",2858
"101","Gas",1277
"101","Oil",1418
"101","Oil",1792
"101","Oil",1852
"101","Oil",1728
"101","Gas",960
"101","Oil",2191
"104","Gas",2292
"104","Electric",1728
"101","Electric",1805
"104","Oil",2977
"101","Gas",1499
"101","Gas",1102
"101","Oil",572
"101","Oil",2012
"101","Gas",1920
"101","Oil",1612
"101","Gas",3968
"101","Oil",2346
"101","Oil",1638
"101","Gas",1173
"101","Oil",1301
"101","Gas",2753
"101","Gas",1813
"101","Gas",1632
"101","Gas",850
"101","Gas",3103
"101","Gas",1622
"101","Gas",3257
"101","Gas",1485
"101","Oil",1764
"101","Gas",2296
"101","Oil",1680
"101","Oil",1960
"101","Oil",680
"101","Oil",1120
"101","Oil",1666
"101","Oil",1490
"101","Oil",1151
"101","Gas",1088
"101","Gas",1088
"101","NONE",1088
"101","NONE",1088
"101","Oil",1826
"101","Oil",1826
"101","Oil",1826
"101","Oil",1826
"101","Gas",1744
"101","Gas",1089
"101","Gas",1936
"101","Oil",2415
"101","Oil",1448
"101","Gas",1866
"010","Gas",1766
"101","Gas",878
"101","Gas",3596
"101","Gas",1338
"101","Gas",1488
"101","Gas",1872
"101","Gas",1872
"101","Gas",1872
"101","Gas",1872
"101","Oil",2207
"101","Gas",2132
"101","Oil",2488
"101","Oil",752
"101","Gas",1072
"101","Oil",2529
"101","Gas",826
"101","Oil",1139
"101","Electric",1143
"104",NA,1880
"101","Electric",996
"101","Oil",1658
"104","Gas",3687
"101","Gas",1560
"101","Gas",2222
"101","Gas",2977
"101","Gas",2092
"101","Oil",1968
"101","Gas",1854
"101","Gas",1365
"101","Oil",1013
"101","Oil",1092
"101","Gas",1181
"101","Oil",1525
"101","Gas",2711
"101","Gas",2808
"101","Oil",1280
"101","Oil",1094
"101","Oil",1394
"101","Oil",2460
"101","Gas",1025
"101","Oil",2113
"101","Gas",912
"101","Gas",2154
"101","Oil",1660
"101","Oil",1764
"101","Electric",3276
"071","Oil",1264
"101","Oil",1904
"101","Oil",2552
"101","Oil",1976
"101","Oil",1419
"101","Oil",1200
"101","Oil",1200
"101","Oil",1200
"101","Oil",1200
"332","Oil",1040
"101","Oil",1020
"101","Gas",1367
"101","Oil",1185
"101","Electric",3148
"101","Electric",1512
"101","Gas",1228
"101","Oil",4152
"101","Oil",4152
"101","Oil",4152
"101","Oil",4152
"101","Electric",936
"101","Gas",5534
"104","Oil",1632
"101","Oil",1197
"101","Gas",1048
"101","Gas",1632
"101","Gas",858
"101","Gas",1800
"010","Oil",2973
"101","Gas",2937
"111","Gas",4464
"104","Gas",2844
"101","Oil",1380
"104","Electric",1728
"101","Oil",1040
"101","Oil",1662
"104","Gas",2674
"101","Gas",2338
"101","Oil",989
"101","Gas",2600
"101","Gas",2080
"101","Oil",2692
"101","Oil",1620
"101","Gas",864
"104","Oil",2372
"101","Oil",1039
"101","Oil",900
"101","Gas",1523
"101","Oil",1158
"101","Gas",1764
"101","Oil",960
"101","Oil",2044
"101","Oil",1508
"101","Oil",1354
"101","Oil",1851
"101",NA,1632
"101","Gas",1248
"101","Gas",2702
"101","Oil",1799
"101","Oil",1418
"101","Gas",2619
"101","Gas",1728
"101","Gas",1296
"101","Gas",2568
"101","Oil",1510
"101","Oil",1378
"104","Gas",2192
"101","Oil",1008
"101","Gas",1133
"101","Oil",1092
"101","Gas",1224
"101","Oil",1144
"101","Oil",1308
"101","Gas",1135
"101","Oil",1842
"101","Oil",1104
"101","Gas",1952
"104","Gas",2654
"101","Gas",1125
"101","Gas",1472
"101","Oil",1250
"101","Gas",1134
"101","Gas",1428
"101","Oil",864
"101","Gas",1470
"101","Oil",1428
"101","Gas",1264
"101","Oil",1816
"101","Gas",1040
"101","Gas",1851
"104","Gas",2054
"101","Gas",1632
"101","Oil",1729
"101","Oil",1056
"101","Oil",1450
"101","Electric",1918
"101","Oil",1274
"109","Oil",1004
"101","Gas",1561
"101","Oil",1148
"101","Oil",820
"101","Oil",840
"101","Oil",2495
"101","Oil",1666
"101","Oil",1632
"101","Oil",1176
"101","Gas",1805
"101","Gas",1329
"340","Gas",4005
"101","Gas",1992
"101","Oil",1860
"104","Oil",1189
"101","Gas",2580
"101","Gas",1050
"101","Gas",1504
"101","Oil",2322
"101","Oil",1915
"101","Oil",1230
"101","Gas",1004
"111","Gas",5116
"101","Gas",1709
"101","Oil",1197
"101","Gas",2128
"101","Gas",2128
"101","Gas",2128
"071","Gas",2000
"101","NONE",552
"101","Oil",2434
"101","Oil",1536
"101","Gas",1080
"101","Oil",1064
"101","Gas",1296
"101","Oil",1732
"101","Gas",1362
"101","Gas",1980
"101","Gas",2666
"101","Gas",1851
"101","Gas",856
"101","Gas",1025
"101","Oil",1417
"101","Oil",1232
"101","Gas",864
"101","Gas",1666
"104","Oil",1863
"101","Oil",1538
"101","Oil",1666
"101","Gas",2018
"101","Oil",768
"101","Gas",2270
"101","Oil",912
"101","Gas",1200
"101","Oil",1444
"104","Gas",1912
"101","Gas",1218
"101","Oil",1664
"101","Gas",2376
"101","Oil",958
"104","Electric",3368
"109","Gas",832
"109","Gas",2142
"109","Gas",1232
"109","Gas",1624
"101","Oil",1916
"101","Gas",1526
"104","Oil",1680
"109","Gas",1800
"109","Gas",1800
"105","Oil",3557
"104","Gas",2896
"101","Oil",1025
"101","Oil",2004
"101","Oil",1591
"111","Gas",5136
"101","Gas",1005
"101","Oil",1988
"101","Oil",2196
"101","Oil",964
"101","Gas",1456
"101","Gas",1190
"104","Gas",2616
"101","Oil",1426
"101","Oil",1928
"101","Gas",1337
"101","Gas",1440
"101","Oil",1146
"101","Oil",1428
"101","Oil",836
"101","Gas",1374
"104","Oil",1932
"101","Gas",2950
"111","Gas",3525
"101","NONE",2624
"101","NONE",2624
"101","Oil",2624
"101","Oil",2624
"101","Oil",1610
"101","Gas",1301
"101","Gas",1472
"101",NA,1304
"104","Gas",2986
"101","Oil",2000
"105","Gas",2800
"104","Gas",2384
"101","Oil",1767
"101","Oil",1300
"101","Gas",2268
"104","Gas",2838
"101","Gas",2730
"101","Gas",2004
"101","Oil",1325
"101","Oil",2224
"101","Oil",1296
"101","Oil",1650
"101","Gas",1324
"101","Oil",1144
"101","Oil",1040
"101","Oil",1440
"101","Oil",1639
"101","Gas",1544
"101","Oil",1344
"104","Gas",2130
"101","Gas",1042
"101","Oil",1144
"101","Oil",1232
"101","Oil",1380
"101","Oil",1512
"101","Gas",1388
"101","Oil",1352
"104","Oil",2473
"101","Gas",860
"101","Gas",1728
"101","Gas",1580
"101","Oil",1395
"104","Oil",2843
"104","Gas",3168
"101","Gas",1484
"101","Oil",1632
"104","Oil",1768
"101","Gas",2959
"101","Oil",1248
"101","Oil",1440
"101","Gas",1163
"101","Gas",1374
"101","Oil",899
"101","Oil",2267
"104","Gas",1728
"961","Oil",1754
"101","Gas",1950
"101","Oil",1120
"101","Gas",2855
"104","Gas",1770
"101","Gas",1300
"970","Gas",2322
"111","Gas",2726
"101","Gas",1819
"101","Oil",1728
"101","Oil",2002
"101","Oil",1734
"101","Gas",1732
"101","Gas",1732
"101","NONE",1732
"101","NONE",1732
"101","Oil",1564
"101","Gas",2995
"101","Gas",1819
"101","Gas",1880
"101","Gas",1190
"101","Oil",1234
"101",NA,928
"101","Gas",1323
"104","Gas",1616
"101","Oil",1296
"101","Oil",1932
"101","Oil",1792
"104","Gas",2258
"104","Gas",2109
"101","Gas",1632
"104","Oil",1874
"104","Oil",1176
"104","Gas",2288
"101","Oil",2382
"101","Oil",1170
"101","Gas",1603
"101","Oil",1008
"101","Oil",1166
"101","Oil",1166
"101","Oil",1166
"101","Oil",1166
"101","Oil",1428
"104","Gas",2352
"101","Oil",1200
"101","Gas",1877
"101","Oil",1116
"104","Gas",2752
"101","Oil",1680
"104","Oil",2718
"104","Gas",2732
"101","Oil",1625
"101","Gas",2128
"101","Gas",2003
"101","Gas",2382
"105","Gas",2498
"101","Electric",1644
"101","Gas",3061
"101","Oil",1244
"101","Oil",2100
"101","Gas",1920
"101","Gas",2734
"101","Oil",1540
"101","Gas",2018
"101","Oil",967
"101","Gas",1488
"101","Gas",1388
"101","Gas",2323
"101","Gas",1296
"101","Oil",998
"101","Gas",1980
"101","Gas",1728
"101","Electric",1132
"101","Gas",1522
"101","Oil",1496
"101","Gas",1570
"101","Oil",1548
"101","Oil",1080
"101","Gas",477
"101","Gas",1622
"101","Gas",1880
"101","Gas",1292
"101","Oil",1002
"101","Oil",1248
"101","Oil",1318
"101","Oil",1318
"101","Oil",1318
"101","Oil",1318
"101","Oil",972
"101","Gas",2020
"101","Gas",2352
"101","Gas",1248
"101","Gas",2076
"101","Gas",1344
"101","Gas",1632
"101","Oil",1175
"101","Oil",1208
"101","Oil",1768
"101","Gas",1499
"101","Gas",1373
"101","Gas",965
"101","Gas",965
"101","NONE",965
"101","NONE",965
"105","Gas",2996
"101","Gas",2732
"104","Gas",1836
"101","Gas",1638
"101","Oil",906
"101","Gas",2002
"101","Oil",900
"101","Electric",2212
"101","Oil",1024
"101","Oil",2214
"101","Oil",1189
"101","Gas",1068
"101","Oil",1080
"101","Gas",1847
"101","Coal or Wood",1400
"101","Oil",1540
"101","Gas",2482
"101","Gas",1984
"101","Oil",720
"101","Gas",884
"101","Oil",970
"101","Gas",912
"101","Gas",800
"101","Gas",2520
"101","Oil",4692
"101","Oil",1546
"101","Oil",4228
"101","Gas",2975
"101","Gas",4524
"104","Gas",1632
"101","Gas",1856
"101","Oil",2714
"101","Oil",2714
"101","Oil",2714
"101","Oil",2714
"101","Oil",1256
"101","Oil",1391
"101",NA,1272
"101","Oil",848
"104","Gas",3285
"101","Gas",1380
"101","Oil",2934
"101","Oil",1281
"101","Oil",1372
"101","Electric",2128
"101","Oil",1990
"101","Gas",1772
"101","Gas",864
"101","Gas",1480
"071","Gas",3492
"101","Oil",1092
"105","Gas",3168
"101","Gas",1349
"101","Oil",1806
"101","Electric",954
"101","Gas",1532
"101","Oil",1556
"101","Oil",1464
"101","Oil",979
"101","Oil",1147
"101","Oil",2107
"101","Gas",1539
"101","Gas",1672
"101","Gas",1672
"101","Gas",1672
"101","Gas",1672
"034","Electric",2706
"101","Gas",1692
"101","Gas",2080
"101","Oil",1056
"101","Oil",2576
"101","Gas",1140
"101","Gas",2359
"101","Gas",2359
"101","NONE",2359
"101","NONE",2359
"101","Oil",2192
"101","Gas",960
"101","Oil",1666
"104","Gas",1702
"101","Gas",2174
"101","Gas",2219
"101","Gas",1272
"101","Oil",1651
"104","Gas",2552
"101","Oil",1480
"101","Gas",2756
"101","Oil",1568
"101","Oil",1080
"101","Oil",1885
"101","Oil",1488
"101","Oil",1532
"101","Gas",1450
"101","Oil",2630
"101","Oil",2084
"101","Gas",1086
"101","Oil",1598
"937","Coal or Wood",990
"101","Oil",1936
"101","Oil",1936
"101","Oil",1936
"101","Oil",1936
"101","Coal or Wood",1500
"010","Oil",1400
"101","Oil",1848
"101","Gas",2534
"101","Gas",2048
"111","Gas",4790
"101","Gas",716
"101","Gas",2394
"101","Oil",1322
"101","Oil",1368
"101","Oil",1713
"101","Oil",1656
"101","Gas",1150
"101","Oil",2304
"112","Gas",3210
"101","Gas",2598
"104","Gas",2196
"101","Gas",1340
"101","Gas",1944
"101","Gas",2610
"101","Gas",2394
"101","Gas",2814
"101","Oil",752
"101","Oil",2603
"101","Oil",2460
"101","Gas",1044
"101","Oil",1732
"101","Oil",1558
"101","Gas",1816
"101","Gas",2464
"101","Gas",972
"101","Gas",1369
"101","Oil",2144
"101","Gas",1740
"101","Electric",884
"101","Oil",1248
"101","Oil",1764
"101","Oil",2451
"101","Oil",1082
"101","Oil",1665
"071","Oil",2380
"101","Oil",1344
"101","Oil",1340
"101","Oil",1512
"101","Gas",2279
"101","Gas",2166
"101","Gas",1092
"101","Gas",2180
"101","Oil",1386
"101","Electric",2360
"101","Oil",1542
"101","Gas",988
"101","Gas",3374
"104","Gas",1868
"101","Oil",1248
"101","Oil",1510
"101","Oil",2007
"101","Oil",1860
"101","Oil",1050
"101","Coal or Wood",396
"101","Oil",1158
"101","Oil",1144
"101","Gas",3205
"104","Gas",2124
"101","Gas",795
"101","Oil",1296
"101","Oil",925
"101","Gas",2176
"101","Gas",912
"101","Oil",1764
"101","Gas",2472
"101","Gas",1385
"101","Gas",1860
"101","Gas",1824
"101","Gas",1632
"101","Oil",1400
"101","Gas",3826
"101","Gas",1550
"101","Gas",2866
"071","Gas",2922
"071","Gas",2922
"071","Oil",2922
"071","Oil",2922
"101","Oil",4378
"101","Oil",1398
"101","Oil",1122
"101","Oil",1616
"101","Oil",1728
"101","Oil",1884
"101","Oil",912
"101","Gas",2408
"101","Gas",2356
"101","Oil",1337
"101","Electric",1568
"101","Electric",740
"101","Gas",2688
"101","Gas",1492
"101","Gas",1672
"109","Gas",372
"109","Gas",1722
"109","Oil",2316
"101","Gas",1547
"104","Gas",2487
"101","Oil",2061
"101","Gas",2130
"101","Gas",2220
"104","Oil",2152
"101","Oil",1844
"101","Gas",3372
"101","Gas",1123
"101","Oil",960
"104","Gas",1924
"104","Gas",2560
"101","Oil",1741
"101","Gas",2411
"101","Oil",1644
"104","Oil",2483
"101","Gas",1224
"101","Oil",532
"101","Oil",1333
"101","Gas",1552
"961","Gas",1888
"101","Oil",656
"101","Oil",1122
"101","Gas",960
"101","Oil",2988
"101","Oil",2988
"101","Oil",2988
"101","Oil",2988
"101","Oil",840
"101","Gas",1393
"101","Oil",1646
"101","Oil",1286
"101","Gas",1080
"101","Gas",936
"957","Oil",4136
"101","Oil",1663
"101","Oil",2314
"101","Gas",988
"104","Gas",2120
"101","Gas",2392
"101","Oil",2008
"101","Oil",1486
"101","Oil",964
"101","Gas",1394
"101","Oil",2216
"101","Gas",2162
"101","Gas",1870
"101","Gas",1008
"101","Oil",1623
"101","Oil",1180
"101","Gas",1300
"101","Gas",1300
"101","Gas",1300
"101","Gas",1300
"101","Gas",908
"104","Gas",1891
"101","Gas",2120
"101","Gas",693
"101","Gas",2487
"101","Gas",640
"101","Gas",1728
"101","Gas",2591
"101","Oil",3468
"101","Gas",3276
"101","Oil",2340
"101","Gas",1037
"101","Oil",720
"101","Oil",1640
"101","Gas",1852
"101","Gas",1082
"101",NA,1482
"101",NA,1482
"101","Oil",1482
"101","Oil",1482
"101","Gas",2390
"101","Oil",1110
"101","Gas",1560
"101","Gas",1080
"101","Gas",2058
"101","Oil",1134
"101","Gas",1260
"101","Gas",864
"101","Electric",1393
"101","Gas",988
"101","Gas",2588
"101","Gas",3195
"101","Oil",1288
"111","Gas",2742
"101","Gas",4098
"101","Oil",1385
"101","Oil",1008
"101","Gas",1974
"111","Gas",3052
"104","Gas",2520
"101","Gas",1260
"105","Gas",3412
"101","Oil",1800
"101","Oil",1632
"104","Gas",1942
"101","Oil",1170
"101","Gas",1416
"101","Oil",2462
"101","Oil",1120
"956","Oil",2640
"101","Gas",1872
"101","Gas",1776
"101","Gas",1665
"032","Gas",2342
"032","Gas",1092
"101","Gas",1200
"101","Gas",2283
"101","Gas",2169
"101","Gas",1872
"101","Oil",1880
"101","Oil",1296
"101","Gas",1885
"101","Gas",2217
"101","Oil",1896
"101","Oil",2700
"101","Oil",1344
"101","Oil",1896
"101","Oil",1056
"101","Gas",1428
"101","Oil",1248
"101","Electric",1125
"104","Gas",2912
"101","Oil",1816
"101","Gas",1356
"101","Gas",2044
"101","Gas",1318
"101","Gas",1244
"101","Gas",1296
"101","Oil",1364
"101","Oil",1140
"101","Oil",1904
"104","Oil",2844
"104","Electric",1944
"101","Oil",1564
"101","Electric",1704
"101","Gas",2780
"101","Oil",1004
"101","Oil",1344
"101","Gas",1152
"101","Oil",1476
"101","Oil",1545
"101","Oil",3712
"101","Gas",1748
"111","Electric",6314
"101","Oil",1996
"101","Oil",1564
"101","Gas",2123
"101","Electric",1338
"101","Gas",912
"101","Gas",1864
"101","Gas",1864
"101","Gas",1864
"101","Gas",1864
"101","Gas",1632
"101","Oil",1452
"101","Oil",1243
"101","Oil",1050
"101","Oil",1368
"101","Gas",1728
"101","Gas",2300
"101","Oil",905
"101","Oil",1561
"101","Oil",1952
"101","Gas",1464
"101","Gas",1464
"101","Gas",1464
"101","Gas",1464
"101","Gas",2784
"101","Oil",1986
"104","Gas",2751
"101","Gas",920
"105","Gas",1982
"101","Oil",2408
"101","Gas",2173
"101","Oil",960
"101","Oil",2682
"101","Oil",1654
"101","Oil",2720
"101","Gas",3453
"105","Oil",2825
"105","Oil",3300
"101","Gas",1456
"101","Oil",1092
"101","Gas",931
"101","Oil",1120
"101","Electric",1596
"101","Electric",1596
"101","Electric",1596
"101","Electric",1596
"101","Oil",1088
"101","Oil",1356
"101","Gas",2210
"101","Gas",2308
"101","Gas",1960
"101","Oil",2305
"101","Gas",1332
"101","Electric",1189
"101","Oil",1164
"101","NONE",1338
"101","NONE",1338
"101","NONE",1338
"101","NONE",1338
"101","Oil",1338
"101","Oil",1338
"101","Oil",1338
"101","Oil",1338
"101","Oil",1338
"101","Oil",1338
"101","Oil",1338
"101","Oil",1338
"101","Oil",1338
"101","Oil",1338
"101","Oil",1338
"101","Oil",1338
"101","Gas",1268
"101","Gas",1344
"101","Gas",1475
"101","Gas",1192
"718","Oil",2548
"101","Gas",1244
"101","Oil",1352
"101","Gas",1400
"101","Gas",2744
"101","Gas",1180
"101","Gas",2194
"104","Oil",1998
"101","Oil",2044
"104","Gas",2128
"101","Oil",1824
"101","Gas",1500
"105","Gas",3021
"101","Gas",2453
"101","Oil",1092
"101","Gas",2160
"101","Oil",1656
"101","Oil",1176
"101","Oil",1170
"101","Gas",2765
"101","Gas",2835
"101","Gas",912
"101","Gas",912
"101","Gas",912
"101","Gas",912
"101","Oil",1500
"101","Oil",1110
"104","Gas",2564
"101","Oil",2536
"101","Oil",1784
"104","Gas",2470
"101","Gas",2424
"101","Oil",3295
"104","Gas",2208
"101","Oil",1040
"104","Oil",2097
"104","Gas",3190
"101","Gas",1617
"101","Oil",1251
"101","Oil",1251
"101","Oil",1251
"101","Oil",1251
"101","Gas",2614
"101","Gas",3014
"101","Gas",1284
"104","Gas",2000
"101","Gas",2008
"101","Gas",1576
"101","Gas",2090
"104","Gas",2160
"101",NA,840
"101","Gas",1068
"104","Gas",1766
"101","Gas",1548
"101","Oil",1040
"105","Gas",2503
"101",NA,828
"104","Oil",2144
"101","Gas",1680
"101","Gas",925
"101","Gas",1324
"101","Oil",960
"101","Gas",3242
"101","Gas",1278
"101","Oil",1458
"101","Gas",1248
"101","Oil",792
"101","Oil",1972
"109","Electric",1512
"109","Gas",3408
"101","Gas",1528
"101","Oil",912
"104","Gas",2304
"101","Oil",1720
"101","Gas",2601
"101","Gas",1749
"104","Gas",2264
"101","Gas",2924
"101","Oil",2260
"101","Oil",1771
"104","Gas",1910
"101","Oil",912
"104","Oil",2851
"105","Gas",3238
"101","Oil",1068
"101","Oil",2008
"104","Gas",2083
"101","Gas",1926
"101","Gas",1666
"104","Electric",1908
"101","Oil",1108
"101","Gas",1409
"101","Gas",2341
"101","Oil",1819
"101","Oil",1152
"101","Gas",1845
"109","Gas",1152
"109","Gas",2646
"101","Gas",2174
"101","Gas",1696
"101","Oil",990
"101","Oil",1398
"104","Gas",2356
"104","Oil",2016
"101","Oil",660
"101","Oil",1805
"101","Oil",1092
"101","Oil",1037
"101","Gas",1568
"101","Gas",1068
"101","Oil",1255
"101","Electric",2348
"101","Gas",1410
"101","Gas",1728
"101","Gas",2026
"101","Gas",1000
"104","Oil",3063
"105","Oil",2058
"101","Gas",2152
"101","Gas",1767
"104","Gas",2240
"101","Gas",1708
"101","Gas",1008
"101","Electric",2342
"101","Gas",1004
"101","Gas",1752
"101","Oil",1296
"013","Oil",3298
"101","Gas",1992
"104","Oil",3438
"101","Gas",1386
"104","Gas",1745
"101","Gas",1695
"101","Oil",1678
"101","Oil",1288
"101","Oil",2296
"101","Oil",1424
"101","Gas",1336
"104","Gas",4175
"101","Oil",1576
"101","Gas",1332
"109","Electric",576
"109","Gas",2780
"101","Oil",1539
"111","Gas",3912
"101","Gas",1680
"101","Gas",2718
"111","Gas",3365
"101","Oil",1144
"101","Gas",1152
"105","Gas",3730
"101","Gas",1916
"101","Gas",3154
"101","Oil",1546
"101","Gas",2255
"101","Gas",768
"101","Gas",2576
"101","Gas",1334
"101","Oil",1649
"970","Oil",3508
"101","Oil",1932
"104","Gas",2544
"101","Gas",1824
"101","Oil",2386
"101","Gas",960
"101","Oil",1588
"101","Oil",1588
"101","Oil",1588
"101","Oil",1588
"101","Gas",2500
"101","Electric",1942
"101","Gas",2312
"101","Oil",1660
"101","Oil",2168
"104","Gas",2761
"101","Oil",2366
"101","Oil",1574
"101","Gas",977
"101","Oil",1569
"101","Gas",2398
"101","Gas",2156
"101","Gas",1680
"101","Oil",1048
"101","Gas",2192
"101","Gas",1515
"101","Gas",1515
"101","Gas",1515
"101","Gas",1515
"101","Gas",3350
"101","Oil",1456
"101","Gas",1626
"101","Gas",1312
"101","Oil",1356
"101",NA,1344
"101","Gas",1176
"101","Oil",2069
"101","Gas",1247
"104","Gas",2700
"101","Oil",1911
"101","Gas",2491
"101","Gas",1274
"101","Gas",2192
"101","Oil",1167
"101","Gas",2076
"101","Oil",1385
"101","Oil",2514
"101","Oil",768
"101","Oil",5434
"913","Gas",2682
"913","Gas",1992
"913","Oil",3980
"101","Oil",1848
"104","Gas",2682
"101","Gas",2527
"101","Oil",1248
"101","Oil",825
"101","Oil",1513
"101","Oil",1040
"105","Gas",3206
"101","Oil",1026
"101","Gas",1512
"101","Gas",1862
"101","Oil",1173
"101","Gas",1450
"101","Gas",1152
"101","Gas",864
"101","Electric",1728
"101","Oil",1330
"101","Gas",1080
"101","Oil",2344
"013","Gas",1300
"101","Oil",1561
"101","Electric",1445
"101","Gas",1632
"104","Gas",2294
"101","Gas",2758
"101","Oil",1638
"101","Oil",1456
"101","Oil",1166
"101","Gas",2008
"101","Oil",1196
"101","Oil",1423
"104","Oil",2269
"101","Oil",2024
"101","Oil",2024
"101","Oil",2024
"101","Oil",2024
"101","Oil",1344
"101","Gas",2825
"101","Oil",2283
"101","Gas",1740
"101","Gas",1026
"104","Gas",2772
"101","Oil",2003
"101","Gas",3300
"101","Oil",1759
"101","Oil",1040
"101","Oil",3003
"101","Gas",1052
"101","Oil",1632
"101","Gas",912
"101","Gas",1303
"101","Oil",1296
"101","Oil",1088
"101","Gas",990
"101","Oil",360
"101","Gas",1876
"101","Gas",1956
"101","Gas",1956
"101","Gas",1956
"101","Gas",1956
"101","Oil",1600
"101","Gas",2395
"101","Gas",1077
"101","Gas",1080
"101","Oil",1692
"101","Gas",1044
"101","Oil",2024
"101","Oil",2489
"101","Gas",1305
"104","Gas",2348
"101","Gas",2206
"101","Gas",2202
"101","Gas",1048
"109","Gas",639
"109","Oil",1260
"101","Oil",2022
"101","Electric",2541
"101","Gas",2389
"101","Oil",2058
"101","Electric",1805
"101","Gas",2768
"101","Gas",1026
"101","Gas",1700
"104","Gas",3156
"101","Gas",3107
"101","Gas",1668
"101","Gas",1042
"101","NONE",1672
"101","NONE",1672
"101","Oil",1672
"101","Oil",1672
"101","Oil",1194
"101","Gas",1815
"104","Gas",3100
"101","Gas",1174
"101","Gas",1656
"101","Gas",1656
"101","Gas",1656
"101","Gas",1656
"101","Gas",1783
"101","Oil",2478
"101","Oil",2478
"101","Oil",2478
"101","Oil",2478
"101","Oil",800
"101","Gas",2120
"101","Gas",2520
"101","Oil",848
"101","Oil",1842
"101","Oil",1842
"101","Oil",1842
"101","Oil",1842
"101",NA,1260
"101","Oil",1608
"101","Oil",1344
"104","Gas",2365
"011","Gas",2568
"031","Oil",1176
"101","Oil",864
"101","Oil",1448
"101","Oil",2042
"101","Oil",1374
"101","Oil",2112
"101","Oil",1480
"101","Gas",1192
"104","Gas",2163
"104","Oil",2703
"101","Oil",1615
"101","Oil",1430
"101","Gas",1168
"010","Gas",2352
"105","Gas",2556
"101","Oil",1110
"101","Oil",1032
"101","Oil",1224
"101","Gas",1040
"104","Gas",2824
"101","Oil",1936
"104","Oil",2760
"101","Gas",2853
"101","Oil",2476
"101","Gas",972
"101","Oil",2824
"101","Gas",920
"101","Oil",2220
"101","Gas",2438
"101","Oil",1218
"713","Oil",4100
"713","Oil",4100
"713","Oil",4100
"713","Oil",4100
"104","Gas",2488
"101","Oil",3070
"101","Gas",2163
"101","Gas",1420
"101","Oil",864
"101","Gas",2529
"101",NA,1025
"101","Oil",1584
"101","Gas",2482
"104","Gas",2399
"101","Oil",1932
"101","Gas",780
"104","Oil",3323
"101","Oil",1044
"101","Gas",2350
"101","Oil",1248
"101","Gas",1182
"101","Gas",3024
"101","Gas",2132
"104","Gas",2941
"101","Gas",1002
"101","Oil",1100
"101","Gas",2160
"101","Oil",1364
"104","Gas",2652
"101","Gas",1456
"101","Gas",1302
"101","Oil",2325
"101","Gas",930
"101","Gas",1813
"101","Oil",1974
"101","Electric",1416
"101","Gas",1040
"101","Oil",1284
"101","Gas",2130
"101","Gas",1624
"101","Gas",2727
"101","Gas",2727
"101","Gas",2727
"101","Gas",2727
"101","Oil",1686
"101","Gas",2966
"101","Oil",1425
"101","Oil",1984
"101","Oil",1096
"101","Gas",1184
"101","Gas",2537
"101","Electric",3072
"101","Oil",1968
"101","Oil",2077
"101","Oil",2374
"101","Oil",2120
"101","Oil",1344
"101","Oil",1117
"101","Gas",1680
"111","Gas",2000
"101","Gas",1728
"101","Oil",1548
"101","Gas",812
"101","Gas",912
"101","Electric",1456
"101","Oil",864
"101","Gas",2032
"101","Oil",1914
"101","Gas",1568
"101","Oil",1196
"101","Oil",2800
"101","Gas",1116
"104","Oil",3295
"101","Oil",2074
"101","Oil",2058
"101","Gas",1064
"101","Gas",1482
"101","Gas",3014
"101","Oil",1304
"101","Gas",1215
"010","Oil",1208
"101","Oil",1820
"101","Gas",1728
"101","Oil",653
"101","Oil",1702
"101","Gas",1512
"101","Oil",2280
"101","Gas",1936
"104","Oil",3840
"101","Gas",2276
"101","Gas",3594
"101","Oil",2502
"101","Oil",1428
"101","Oil",1542
"101","Oil",1542
"101","Oil",1542
"101","Oil",1542
"101","Gas",1251
"101","Gas",964
"101","Gas",1729
"104","Electric",1710
"101","Oil",624
"101","Gas",937
"101","Gas",1104
"101","Gas",2042
"101","Gas",2042
"101","Gas",2042
"101","Gas",2042
"101","Oil",1333
"101","Gas",1470
"101","Oil",1420
"104","Gas",2436
"101","Gas",1698
"104","NONE",0
"104","Gas",1932
"101","Gas",1119
"101","Gas",948
"101","Oil",1813
"101","Gas",1952
"101","Oil",1428
"101","Oil",1976
"101","Gas",3893
"101","Oil",720
"101","Gas",1000
"101","Oil",2044
"101","Gas",1036
"101","Gas",606
"032","Gas",3292
"104","Gas",2256
"101","Oil",3014
"101","Oil",1568
"101","Gas",1360
"104","Oil",2980
"101","Gas",2284
"101","Gas",1608
"101","Gas",1608
"101","Gas",1608
"101","Gas",1608
"101","Gas",2025
"101","Gas",1680
"101","Oil",1628
"101","Oil",2148
"101","Gas",1173
"101","Gas",2212
"101","Gas",1761
"101","Gas",964
"101","Oil",1172
"101","Oil",1624
"101","Gas",2822
"101","Electric",1086
"101","Oil",1008
"101","Oil",2478
"101","Gas",4386
"101","Gas",4386
"101","Oil",4386
"101","Oil",4386
"101","Gas",1728
"101","Electric",1236
"101","Oil",1404
"101","Oil",960
"101","Gas",1092
"101",NA,1632
"101","Gas",2136
"101","Gas",1294
"101","Oil",1483
"101","Oil",1006
"101","Gas",1320
"101","Oil",1368
"101","Gas",1878
"101","Gas",1262
"101","Oil",1092
"101","Gas",1952
"101","Gas",1721
"101","Oil",2528
"109","Gas",1423
"109","Gas",560
"101","Oil",1164
"101","Oil",1052
"101",NA,1556
"101","Oil",1640
"101","Oil",2553
"060","Oil",1276
"101","Gas",2396
"101","Gas",864
"101","Oil",1516
"101","Oil",1328
"010","Oil",1444
"101","Oil",1782
"101","Gas",1092
"101","Oil",1660
"101","Gas",988
"105","Gas",3377
"101","Gas",1726
"101","Electric",1358
"101","Oil",1749
"101","Electric",1920
"101","NONE",1530
"101","NONE",1530
"101","Oil",1530
"101","Oil",1530
"101","Oil",1218
"101","Electric",1920
"071","Oil",2010
"101","Oil",1860
"101","Oil",1824
