Town	Use code	Description	Stories	Stories_Desc	Style	Style Description	Living Area	Heat fuel	Fuel Description	Heat type	Type description
Holden	101	Single Fam  MDL-01	2		3	Colonial	2686	2	Oil	10	Hydro Air
Holden	101	Single Fam  MDL-01	1	1 Story	1	Ranch	720	3	Gas	3	Hot Air-no Duc
Holden	101	Single Fam  MDL-01	1	1 Story	1	Ranch	824	2	Oil	5	Hot Water
Holden	101	Single Fam  MDL-01	1	1 Story	1	Ranch	1018	2	Oil	5	Hot Water
Holden	101	Single Fam  MDL-01	1	1 Story	1	Ranch	1246	2	Oil	5	Hot Water
Holden	101	Single Fam  MDL-01	1	1 Story	1	Ranch	1392	2	Oil	5	Hot Water
Holden	101	Single Fam  MDL-01	1	1 Story	1	Ranch	2088	2	Oil	5	Hot Water
Holden	101	Single Fam  MDL-01	1	1 Story	5	Bungalow	473	3	Gas	5	Hot Water
Holden	101	Single Fam  MDL-01	1	1 Story	6	Conventional	1200	8	Wood	9	Wood Furnance
Holden	101	Single Fam  MDL-01	1	1 Story	6	Conventional	2418	2	Oil	5	Hot Water
Holden	101	Single Fam  MDL-01	1	1 Story	7	Modern/Contemp	3378	2	Oil	5	Hot Water
Holden	101	Single Fam  MDL-01	1	1 Story	63	Antique	1786	2	Oil	6	Steam
Holden	101	Single Fam  MDL-01	1.5	1 1/2 Stories	3	Colonial	1780	2	Oil	6	Steam
Holden	101	Single Fam  MDL-01	1.5	1 1/2 Stories	4	Cape Cod	1630	2	Oil	4	Forced Air-Duc
Holden	101	Single Fam  MDL-01	1.5	1 1/2 Stories	4	Cape Cod	1999	2	Oil	5	Hot Water
Holden	101	Single Fam  MDL-01	1.5	1 1/2 Stories	4	Cape Cod	2148	2	Oil	5	Hot Water
Holden	101	Single Fam  MDL-01	1.5	1 1/2 Stories	4	Cape Cod	3415	2	Oil	5	Hot Water
Holden	101	Single Fam  MDL-01	1.5	1 1/2 Stories	6	Conventional	3224	3	Gas	4	Forced Air-Duc
Holden	101	Single Fam  MDL-01	1.75		4	Cape Cod	3395	3	Gas	4	Forced Air-Duc
Holden	101	Single Fam  MDL-01	1.75	1 3/4 Stories	4	Cape Cod	3848	3	Gas	4	Forced Air-Duc
Holden	101	Single Fam  MDL-01	2		3	Colonial	3152	3	Gas	4	Forced Air-Duc
Holden	101	Single Fam  MDL-01	2	2 Stories	3	Colonial	2128	2	Oil	6	Steam
Holden	101	Single Fam  MDL-01	2	2 Stories	3	Colonial	2555	3	Gas	4	Forced Air-Duc
Holden	101	Single Fam  MDL-01	2	2 Stories	3	Colonial	2674	2	Oil	4	Forced Air-Duc
Holden	101	Single Fam  MDL-01	2	2 Stories	3	Colonial	2689	2	Oil	4	Forced Air-Duc
Holden	101	Single Fam  MDL-01	2	2 Stories	3	Colonial	2806	2	Oil	5	Hot Water
Holden	101	Single Fam  MDL-01	2	2 Stories	3	Colonial	2822	3	Gas	4	Forced Air-Duc
Holden	101	Single Fam  MDL-01	2	2 Stories	3	Colonial	3573	2	Oil	4	Forced Air-Duc
Holden	101	Single Fam  MDL-01	2	2 Stories	4	Cape Cod	2196	2	Oil	6	Steam
Holden	101	Single Fam  MDL-01	2	2 Stories	4	Cape Cod	2214	2	Oil	5	Hot Water
Holden	101	Single Fam  MDL-01	2	2 Stories	6	Conventional	2133	2	Oil	5	Hot Water
Holden	101	Single Fam  MDL-01	2	2 Stories	6	Conventional	2430	3	Gas	5	Hot Water
Holden	101	Single Fam  MDL-01	2	2 Stories	6	Conventional	2632	2	Oil	5	Hot Water
Holden	101	Single Fam  MDL-01	2	2 Stories	6	Conventional	2667	3	Gas	6	Steam
Holden	101	Single Fam  MDL-01	2	2 Stories	6	Conventional	2715	2	Oil	5	Hot Water
Holden	101	Single Fam  MDL-01	2	2 Stories	6	Conventional	2981	2	Oil	5	Hot Water
Holden	101	Single Fam  MDL-01	2	2 Stories	6	Conventional	3975	2	Oil	5	Hot Water
Holden	101	Single Fam  MDL-01	2	2 Stories	6	Conventional	5065	2	Oil	6	Steam
Holden	101	Single Fam  MDL-01	2	2 Stories	11	Family Conver.	1408	2	Oil	5	Hot Water
Holden	101	Single Fam  MDL-01	2	2 Stories	63	Antique	2318	2	Oil	5	Hot Water
Holden	101	Single Fam  MDL-01	2	2 Stories	63	Antique	2506	7	Propane	4	Forced Air-Duc
Holden	101	Single Fam  MDL-01	2	2 Stories	63	Antique	2548	2	Oil	5	Hot Water
Holden	101	Single Fam  MDL-01	2	2 Stories	63	Antique	3568	2	Oil	5	Hot Water
Holden	104	Two Family  MDL-01	1.5	1 1/2 Stories	11	Family Conver.	1952	2	Oil	5	Hot Water
Holden	104	Two Family  MDL-01	2	2 Stories	11	Family Conver.	1492	2	Oil	5	Hot Water
Holden	104	Two Family  MDL-01	2	2 Stories	11	Family Conver.	3474	2	Oil	4	Forced Air-Duc
Holden	104	Two Family  MDL-01	2	2 Stories	11	Family Conver.	3512	2	Oil	5	Hot Water
Holden	105	THREE FAM	2	2 Stories	11	Family Conver.	2782	3	Gas	5	Hot Water
Holden	109	MULTI HSES	1	1 Story	5	Bungalow	972	2	Oil	5	Hot Water
Holden	109	MULTI HSES	2	2 Stories	6	Conventional	1670	2	Oil	5	Hot Water
Holden	322	STORE/SHOP  MDL-01	0		94	Outbuildings	10896	1	No Central	1	None
Holden	322	STORE/SHOP  MDL-01	1.5	1 1/2 Stories	6	Conventional	1614	2	Oil	4	Forced Air-Duc
Holden	1010	Single Fam  MDL-01	1		1	Ranch	988	2	Oil	5	Hot Water
Holden	1010	Single Fam  MDL-01	1		1	Ranch	1608	2	Oil	5	Hot Water
Holden	1010	Single Fam  MDL-01	1		1	Ranch	2512	2	Oil	10	Hydro Air
Holden	1010	Single Fam  MDL-01	1		8	Raised Ranch	1330	3	Gas	4	Forced Air-Duc
Holden	1010	Single Fam  MDL-01	1		8	Raised Ranch	1330	3	Gas	4	Forced Air-Duc
Holden	1010	Single Fam  MDL-01	1		8	Raised Ranch	1330	3	Gas	4	Forced Air-Duc
Holden	1010	Single Fam  MDL-01	1		8	Raised Ranch	1553	2	Oil	5	Hot Water
Holden	1010	Single Fam  MDL-01	2		3	Colonial	1664	2	Oil	10	Hydro Air
Holden	1010	Single Fam  MDL-01	2		3	Colonial	1664	2	Oil	10	Hydro Air
Holden	1010	Single Fam  MDL-01	2		3	Colonial	1664	3	Gas	4	Forced Air-Duc
Holden	1010	Single Fam  MDL-01	2		3	Colonial	1760	3	Gas	4	Forced Air-Duc
Holden	1010	Single Fam  MDL-01	2		3	Colonial	1760	3	Gas	4	Forced Air-Duc
Holden	1010	Single Fam  MDL-01	2		3	Colonial	1760	3	Gas	4	Forced Air-Duc
Holden	1010	Single Fam  MDL-01	2		3	Colonial	1768	3	Gas	4	Forced Air-Duc
Holden	1010	Single Fam  MDL-01	2		3	Colonial	1768	3	Gas	4	Forced Air-Duc
Holden	1010	Single Fam  MDL-01	2		3	Colonial	1768	3	Gas	4	Forced Air-Duc
Holden	1010	Single Fam  MDL-01	2		3	Colonial	1768	3	Gas	4	Forced Air-Duc
Holden	1010	Single Fam  MDL-01	2		3	Colonial	1773	3	Gas	4	Forced Air-Duc
Holden	1010	Single Fam  MDL-01	2		3	Colonial	1872	3	Gas	4	Forced Air-Duc
Holden	1010	Single Fam  MDL-01	2		3	Colonial	1903	3	Gas	5	Hot Water
Holden	1010	Single Fam  MDL-01	2		3	Colonial	1924	3	Gas	4	Forced Air-Duc
Holden	1010	Single Fam  MDL-01	2		3	Colonial	1951	3	Gas	4	Forced Air-Duc
Holden	1010	Single Fam  MDL-01	2		3	Colonial	2000	3	Gas	4	Forced Air-Duc
Holden	1010	Single Fam  MDL-01	2		3	Colonial	2044	4	Electric	7	Radiant-Elec.
Holden	1010	Single Fam  MDL-01	2		3	Colonial	2064	3	Gas	4	Forced Air-Duc
Holden	1010	Single Fam  MDL-01	2		3	Colonial	2088	3	Gas	4	Forced Air-Duc
Holden	1010	Single Fam  MDL-01	2		3	Colonial	2104	3	Gas	4	Forced Air-Duc
Holden	1010	Single Fam  MDL-01	2		3	Colonial	2128	3	Gas	4	Forced Air-Duc
Holden	1010	Single Fam  MDL-01	2		3	Colonial	2150	2	Oil	10	Hydro Air
Holden	1010	Single Fam  MDL-01	2		3	Colonial	2160	3	Gas	4	Forced Air-Duc
Holden	1010	Single Fam  MDL-01	2		3	Colonial	2192	3	Gas	4	Forced Air-Duc
Holden	1010	Single Fam  MDL-01	2		3	Colonial	2192	3	Gas	4	Forced Air-Duc
Holden	1010	Single Fam  MDL-01	2		3	Colonial	2208	3	Gas	4	Forced Air-Duc
Holden	1010	Single Fam  MDL-01	2		3	Colonial	2208	3	Gas	4	Forced Air-Duc
Holden	1010	Single Fam  MDL-01	2		3	Colonial	2208	3	Gas	4	Forced Air-Duc
Holden	1010	Single Fam  MDL-01	2		3	Colonial	2208	3	Gas	4	Forced Air-Duc
Holden	1010	Single Fam  MDL-01	2		3	Colonial	2216	2	Oil	5	Hot Water
Holden	1010	Single Fam  MDL-01	2		3	Colonial	2216	3	Gas	4	Forced Air-Duc
Holden	1010	Single Fam  MDL-01	2		3	Colonial	2248	2	Oil	10	Hydro Air
Holden	1010	Single Fam  MDL-01	2		3	Colonial	2248	2	Oil	10	Hydro Air
Holden	1010	Single Fam  MDL-01	2		3	Colonial	2248	3	Gas	4	Forced Air-Duc
Holden	1010	Single Fam  MDL-01	2		3	Colonial	2248	3	Gas	4	Forced Air-Duc
Holden	1010	Single Fam  MDL-01	2		3	Colonial	2248	3	Gas	4	Forced Air-Duc
Holden	1010	Single Fam  MDL-01	2		3	Colonial	2248	3	Gas	4	Forced Air-Duc
Holden	1010	Single Fam  MDL-01	2		3	Colonial	2248	3	Gas	4	Forced Air-Duc
Holden	1010	Single Fam  MDL-01	2		3	Colonial	2248	3	Gas	4	Forced Air-Duc
Holden	1010	Single Fam  MDL-01	2		3	Colonial	2248	3	Gas	4	Forced Air-Duc
Holden	1010	Single Fam  MDL-01	2		3	Colonial	2248	3	Gas	4	Forced Air-Duc
Holden	1010	Single Fam  MDL-01	2		3	Colonial	2248	3	Gas	4	Forced Air-Duc
Holden	1010	Single Fam  MDL-01	2		3	Colonial	2248	3	Gas	4	Forced Air-Duc
Holden	1010	Single Fam  MDL-01	2		3	Colonial	2248	3	Gas	4	Forced Air-Duc
Holden	1010	Single Fam  MDL-01	2		3	Colonial	2252	3	Gas	4	Forced Air-Duc
Holden	1010	Single Fam  MDL-01	2		3	Colonial	2252	3	Gas	4	Forced Air-Duc
Holden	1010	Single Fam  MDL-01	2		3	Colonial	2304	3	Gas	4	Forced Air-Duc
Holden	1010	Single Fam  MDL-01	2		3	Colonial	2324	3	Gas	4	Forced Air-Duc
Holden	1010	Single Fam  MDL-01	2		3	Colonial	2376	3	Gas	8	Radiant-Water
Holden	1010	Single Fam  MDL-01	2		3	Colonial	2404	3	Gas	4	Forced Air-Duc
Holden	1010	Single Fam  MDL-01	2		3	Colonial	2412	3	Gas	4	Forced Air-Duc
Holden	1010	Single Fam  MDL-01	2		3	Colonial	2442	3	Gas	4	Forced Air-Duc
Holden	1010	Single Fam  MDL-01	2		3	Colonial	2448	3	Gas	4	Forced Air-Duc
Holden	1010	Single Fam  MDL-01	2		3	Colonial	2448	3	Gas	4	Forced Air-Duc
Holden	1010	Single Fam  MDL-01	2		3	Colonial	2448	3	Gas	4	Forced Air-Duc
Holden	1010	Single Fam  MDL-01	2		3	Colonial	2448	3	Gas	4	Forced Air-Duc
Holden	1010	Single Fam  MDL-01	2		3	Colonial	2468	3	Gas	4	Forced Air-Duc
Holden	1010	Single Fam  MDL-01	2		3	Colonial	2475	3	Gas	4	Forced Air-Duc
Holden	1010	Single Fam  MDL-01	2		3	Colonial	2482	2	Oil	10	Hydro Air
Holden	1010	Single Fam  MDL-01	2		3	Colonial	2488	2	Oil	10	Hydro Air
Holden	1010	Single Fam  MDL-01	2		3	Colonial	2488	3	Gas	4	Forced Air-Duc
Holden	1010	Single Fam  MDL-01	2		3	Colonial	2488	3	Gas	4	Forced Air-Duc
Holden	1010	Single Fam  MDL-01	2		3	Colonial	2488	3	Gas	4	Forced Air-Duc
Holden	1010	Single Fam  MDL-01	2		3	Colonial	2488	3	Gas	4	Forced Air-Duc
Holden	1010	Single Fam  MDL-01	2		3	Colonial	2492	3	Gas	4	Forced Air-Duc
Holden	1010	Single Fam  MDL-01	2		3	Colonial	2500	3	Gas	4	Forced Air-Duc
Holden	1010	Single Fam  MDL-01	2		3	Colonial	2504	3	Gas	4	Forced Air-Duc
Holden	1010	Single Fam  MDL-01	2		3	Colonial	2520	3	Gas	4	Forced Air-Duc
Holden	1010	Single Fam  MDL-01	2		3	Colonial	2527	3	Gas	4	Forced Air-Duc
Holden	1010	Single Fam  MDL-01	2		3	Colonial	2528	3	Gas	4	Forced Air-Duc
Holden	1010	Single Fam  MDL-01	2		3	Colonial	2536	2	Oil	10	Hydro Air
Holden	1010	Single Fam  MDL-01	2		3	Colonial	2567	3	Gas	4	Forced Air-Duc
Holden	1010	Single Fam  MDL-01	2		3	Colonial	2596	3	Gas	4	Forced Air-Duc
Holden	1010	Single Fam  MDL-01	2		3	Colonial	2640	3	Gas	4	Forced Air-Duc
Holden	1010	Single Fam  MDL-01	2		3	Colonial	2640	3	Gas	4	Forced Air-Duc
Holden	1010	Single Fam  MDL-01	2		3	Colonial	2643	3	Gas	4	Forced Air-Duc
Holden	1010	Single Fam  MDL-01	2		3	Colonial	2652	3	Gas	4	Forced Air-Duc
Holden	1010	Single Fam  MDL-01	2		3	Colonial	2677	3	Gas	4	Forced Air-Duc
Holden	1010	Single Fam  MDL-01	2		3	Colonial	2703	3	Gas	4	Forced Air-Duc
Holden	1010	Single Fam  MDL-01	2		3	Colonial	2704	2	Oil	10	Hydro Air
Holden	1010	Single Fam  MDL-01	2		3	Colonial	2807	3	Gas	4	Forced Air-Duc
Holden	1010	Single Fam  MDL-01	2		3	Colonial	2821	3	Gas	4	Forced Air-Duc
Holden	1010	Single Fam  MDL-01	2		3	Colonial	2854	3	Gas	4	Forced Air-Duc
Holden	1010	Single Fam  MDL-01	2		3	Colonial	2860	2	Oil	10	Hydro Air
Holden	1010	Single Fam  MDL-01	2		3	Colonial	2868	2	Oil	10	Hydro Air
Holden	1010	Single Fam  MDL-01	2		3	Colonial	2869	3	Gas	4	Forced Air-Duc
Holden	1010	Single Fam  MDL-01	2		3	Colonial	2870	3	Gas	4	Forced Air-Duc
Holden	1010	Single Fam  MDL-01	2		3	Colonial	2949	3	Gas	4	Forced Air-Duc
Holden	1010	Single Fam  MDL-01	2		3	Colonial	2949	3	Gas	4	Forced Air-Duc
Holden	1010	Single Fam  MDL-01	2		3	Colonial	2949	3	Gas	4	Forced Air-Duc
Holden	1010	Single Fam  MDL-01	2		3	Colonial	2949	3	Gas	4	Forced Air-Duc
Holden	1010	Single Fam  MDL-01	2		3	Colonial	2949	3	Gas	4	Forced Air-Duc
Holden	1010	Single Fam  MDL-01	2		3	Colonial	3076	2	Oil	10	Hydro Air
Holden	1010	Single Fam  MDL-01	2		3	Colonial	3168	2	Oil	5	Hot Water
Holden	1010	Single Fam  MDL-01	2		3	Colonial	3193	3	Gas	4	Forced Air-Duc
Holden	1010	Single Fam  MDL-01	2		3	Colonial	3397	2	Oil	10	Hydro Air
Holden	1010	Single Fam  MDL-01	2		3	Colonial	3430	3	Gas	4	Forced Air-Duc
Holden	1010	Single Fam  MDL-01	2		3	Colonial	3539	3	Gas	4	Forced Air-Duc
Holden	1010	Single Fam  MDL-01	1		1	Ranch	752	2	Oil	4	Forced Air-Duc
Holden	1010	Single Fam  MDL-01	1		1	Ranch	1460	3	Gas	4	Forced Air-Duc
Holden	1010	Single Fam  MDL-01	1		1	Ranch	1805	3	Gas	10	Hydro Air
Holden	1010	Single Fam  MDL-01	1		1	Ranch	2046	3	Gas	4	Forced Air-Duc
Holden	1010	Single Fam  MDL-01	1		1	Ranch	2384	3	Gas	4	Forced Air-Duc
Holden	1010	Single Fam  MDL-01	1		1	Ranch	2533	3	Gas	4	Forced Air-Duc
Holden	1010	Single Fam  MDL-01	1		1	Ranch	2626	3	Gas	4	Forced Air-Duc
Holden	1010	Single Fam  MDL-01	1		1	Ranch	2714	3	Gas	4	Forced Air-Duc
Holden	1010	Single Fam  MDL-01	1		4	Cape Cod	1213	2	Oil	5	Hot Water
Holden	1010	Single Fam  MDL-01	1		7	Modern/Contemp	1835	3	Gas	4	Forced Air-Duc
Holden	1010	Single Fam  MDL-01	1		7	Modern/Contemp	2758	3	Gas	4	Forced Air-Duc
Holden	1010	Single Fam  MDL-01	1		94	Outbuildings	2280	4	Electric	7	Radiant-Elec.
Holden	1010	Single Fam  MDL-01	1	1 Story	1	Ranch	0	2	Oil	5	Hot Water
Holden	1010	Single Fam  MDL-01	1	1 Story	1	Ranch	416	3	Gas	5	Hot Water
Holden	1010	Single Fam  MDL-01	1	1 Story	1	Ranch	513	2	Oil	5	Hot Water
Holden	1010	Single Fam  MDL-01	1	1 Story	1	Ranch	575	2	Oil	5	Hot Water
Holden	1010	Single Fam  MDL-01	1	1 Story	1	Ranch	597	3	Gas	4	Forced Air-Duc
Holden	1010	Single Fam  MDL-01	1	1 Story	1	Ranch	612	3	Gas	4	Forced Air-Duc
Holden	1010	Single Fam  MDL-01	1	1 Story	1	Ranch	624	2	Oil	4	Forced Air-Duc
Holden	1010	Single Fam  MDL-01	1	1 Story	1	Ranch	640	3	Gas	6	Steam
Holden	1010	Single Fam  MDL-01	1	1 Story	1	Ranch	660	2	Oil	5	Hot Water
Holden	1010	Single Fam  MDL-01	1	1 Story	1	Ranch	660	2	Oil	6	Steam
Holden	1010	Single Fam  MDL-01	1	1 Story	1	Ranch	670	2	Oil	5	Hot Water
Holden	1010	Single Fam  MDL-01	1	1 Story	1	Ranch	672	2	Oil	4	Forced Air-Duc
Holden	1010	Single Fam  MDL-01	1	1 Story	1	Ranch	672	2	Oil	5	Hot Water
Holden	1010	Single Fam  MDL-01	1	1 Story	1	Ranch	672	2	Oil	5	Hot Water
Holden	1010	Single Fam  MDL-01	1	1 Story	1	Ranch	675	2	Oil	5	Hot Water
Holden	1010	Single Fam  MDL-01	1	1 Story	1	Ranch	684	2	Oil	5	Hot Water
Holden	1010	Single Fam  MDL-01	1	1 Story	1	Ranch	690	2	Oil	4	Forced Air-Duc
Holden	1010	Single Fam  MDL-01	1	1 Story	1	Ranch	690	2	Oil	5	Hot Water
Holden	1010	Single Fam  MDL-01	1	1 Story	1	Ranch	720	2	Oil	4	Forced Air-Duc
Holden	1010	Single Fam  MDL-01	1	1 Story	1	Ranch	720	2	Oil	5	Hot Water
Holden	1010	Single Fam  MDL-01	1	1 Story	1	Ranch	720	2	Oil	5	Hot Water
Holden	1010	Single Fam  MDL-01	1	1 Story	1	Ranch	720	2	Oil	5	Hot Water
Holden	1010	Single Fam  MDL-01	1	1 Story	1	Ranch	720	4	Electric	7	Radiant-Elec.
Holden	1010	Single Fam  MDL-01	1	1 Story	1	Ranch	728	2	Oil	6	Steam
Holden	1010	Single Fam  MDL-01	1	1 Story	1	Ranch	744	2	Oil	6	Steam
Holden	1010	Single Fam  MDL-01	1	1 Story	1	Ranch	748	2	Oil	5	Hot Water
Holden	1010	Single Fam  MDL-01	1	1 Story	1	Ranch	762	8	Wood	5	Hot Water
Holden	1010	Single Fam  MDL-01	1	1 Story	1	Ranch	768	2	Oil	4	Forced Air-Duc
Holden	1010	Single Fam  MDL-01	1	1 Story	1	Ranch	768	2	Oil	4	Forced Air-Duc
Holden	1010	Single Fam  MDL-01	1	1 Story	1	Ranch	768	2	Oil	4	Forced Air-Duc
Holden	1010	Single Fam  MDL-01	1	1 Story	1	Ranch	768	2	Oil	4	Forced Air-Duc
Holden	1010	Single Fam  MDL-01	1	1 Story	1	Ranch	768	2	Oil	4	Forced Air-Duc
Holden	1010	Single Fam  MDL-01	1	1 Story	1	Ranch	768	2	Oil	5	Hot Water
Holden	1010	Single Fam  MDL-01	1	1 Story	1	Ranch	768	2	Oil	5	Hot Water
Holden	1010	Single Fam  MDL-01	1	1 Story	1	Ranch	768	2	Oil	5	Hot Water
Holden	1010	Single Fam  MDL-01	1	1 Story	1	Ranch	768	2	Oil	5	Hot Water
Holden	1010	Single Fam  MDL-01	1	1 Story	1	Ranch	768	2	Oil	6	Steam
Holden	1010	Single Fam  MDL-01	1	1 Story	1	Ranch	772	2	Oil	5	Hot Water
Holden	1010	Single Fam  MDL-01	1	1 Story	1	Ranch	776	4	Electric	7	Radiant-Elec.
Holden	1010	Single Fam  MDL-01	1	1 Story	1	Ranch	780	2	Oil	5	Hot Water
Holden	1010	Single Fam  MDL-01	1	1 Story	1	Ranch	780	2	Oil	5	Hot Water
Holden	1010	Single Fam  MDL-01	1	1 Story	1	Ranch	782	2	Oil	5	Hot Water
Holden	1010	Single Fam  MDL-01	1	1 Story	1	Ranch	792	2	Oil	5	Hot Water
Holden	1010	Single Fam  MDL-01	1	1 Story	1	Ranch	792	2	Oil	6	Steam
Holden	1010	Single Fam  MDL-01	1	1 Story	1	Ranch	798	2	Oil	5	Hot Water
Holden	1010	Single Fam  MDL-01	1	1 Story	1	Ranch	798	2	Oil	5	Hot Water
Holden	1010	Single Fam  MDL-01	1	1 Story	1	Ranch	800	2	Oil	5	Hot Water
Holden	1010	Single Fam  MDL-01	1	1 Story	1	Ranch	800	4	Electric	7	Radiant-Elec.
Holden	1010	Single Fam  MDL-01	1	1 Story	1	Ranch	808	2	Oil	5	Hot Water
Holden	1010	Single Fam  MDL-01	1	1 Story	1	Ranch	816	2	Oil	5	Hot Water
Holden	1010	Single Fam  MDL-01	1	1 Story	1	Ranch	816	2	Oil	5	Hot Water
Holden	1010	Single Fam  MDL-01	1	1 Story	1	Ranch	816	2	Oil	5	Hot Water
Holden	1010	Single Fam  MDL-01	1	1 Story	1	Ranch	816	2	Oil	5	Hot Water
Holden	1010	Single Fam  MDL-01	1	1 Story	1	Ranch	816	2	Oil	5	Hot Water
Holden	1010	Single Fam  MDL-01	1	1 Story	1	Ranch	816	2	Oil	5	Hot Water
Holden	1010	Single Fam  MDL-01	1	1 Story	1	Ranch	818	2	Oil	5	Hot Water
Holden	1010	Single Fam  MDL-01	1	1 Story	1	Ranch	825	4	Electric	7	Radiant-Elec.
Holden	1010	Single Fam  MDL-01	1	1 Story	1	Ranch	829	8	Wood	2	Convection
Holden	1010	Single Fam  MDL-01	1	1 Story	1	Ranch	832	2	Oil	5	Hot Water
Holden	1010	Single Fam  MDL-01	1	1 Story	1	Ranch	832	2	Oil	5	Hot Water
Holden	1010	Single Fam  MDL-01	1	1 Story	1	Ranch	832	2	Oil	5	Hot Water
Holden	1010	Single Fam  MDL-01	1	1 Story	1	Ranch	832	2	Oil	5	Hot Water
Holden	1010	Single Fam  MDL-01	1	1 Story	1	Ranch	834	2	Oil	5	Hot Water
Holden	1010	Single Fam  MDL-01	1	1 Story	1	Ranch	839	2	Oil	5	Hot Water
Holden	1010	Single Fam  MDL-01	1	1 Story	1	Ranch	840	2	Oil	5	Hot Water
Holden	1010	Single Fam  MDL-01	1	1 Story	1	Ranch	840	2	Oil	5	Hot Water
Holden	1010	Single Fam  MDL-01	1	1 Story	1	Ranch	848	2	Oil	5	Hot Water
Holden	1010	Single Fam  MDL-01	1	1 Story	1	Ranch	854	7	Propane	5	Hot Water
Holden	1010	Single Fam  MDL-01	1	1 Story	1	Ranch	856	2	Oil	5	Hot Water
Holden	1010	Single Fam  MDL-01	1	1 Story	1	Ranch	858	2	Oil	4	Forced Air-Duc
Holden	1010	Single Fam  MDL-01	1	1 Story	1	Ranch	858	2	Oil	4	Forced Air-Duc
Holden	1010	Single Fam  MDL-01	1	1 Story	1	Ranch	858	2	Oil	6	Steam
Holden	1010	Single Fam  MDL-01	1	1 Story	1	Ranch	864	2	Oil	4	Forced Air-Duc
Holden	1010	Single Fam  MDL-01	1	1 Story	1	Ranch	864	2	Oil	4	Forced Air-Duc
Holden	1010	Single Fam  MDL-01	1	1 Story	1	Ranch	864	2	Oil	4	Forced Air-Duc
Holden	1010	Single Fam  MDL-01	1	1 Story	1	Ranch	864	2	Oil	4	Forced Air-Duc
Holden	1010	Single Fam  MDL-01	1	1 Story	1	Ranch	864	2	Oil	4	Forced Air-Duc
Holden	1010	Single Fam  MDL-01	1	1 Story	1	Ranch	864	2	Oil	4	Forced Air-Duc
Holden	1010	Single Fam  MDL-01	1	1 Story	1	Ranch	864	2	Oil	4	Forced Air-Duc
Holden	1010	Single Fam  MDL-01	1	1 Story	1	Ranch	864	2	Oil	4	Forced Air-Duc
Holden	1010	Single Fam  MDL-01	1	1 Story	1	Ranch	864	2	Oil	5	Hot Water
Holden	1010	Single Fam  MDL-01	1	1 Story	1	Ranch	864	2	Oil	5	Hot Water
Holden	1010	Single Fam  MDL-01	1	1 Story	1	Ranch	864	2	Oil	5	Hot Water
Holden	1010	Single Fam  MDL-01	1	1 Story	1	Ranch	864	2	Oil	5	Hot Water
Holden	1010	Single Fam  MDL-01	1	1 Story	1	Ranch	864	2	Oil	5	Hot Water
Holden	1010	Single Fam  MDL-01	1	1 Story	1	Ranch	864	2	Oil	5	Hot Water
Holden	1010	Single Fam  MDL-01	1	1 Story	1	Ranch	864	2	Oil	5	Hot Water
Holden	1010	Single Fam  MDL-01	1	1 Story	1	Ranch	864	2	Oil	5	Hot Water
Holden	1010	Single Fam  MDL-01	1	1 Story	1	Ranch	864	2	Oil	5	Hot Water
Holden	1010	Single Fam  MDL-01	1	1 Story	1	Ranch	864	2	Oil	5	Hot Water
Holden	1010	Single Fam  MDL-01	1	1 Story	1	Ranch	864	2	Oil	5	Hot Water
Holden	1010	Single Fam  MDL-01	1	1 Story	1	Ranch	864	2	Oil	5	Hot Water
Holden	1010	Single Fam  MDL-01	1	1 Story	1	Ranch	864	2	Oil	5	Hot Water
Holden	1010	Single Fam  MDL-01	1	1 Story	1	Ranch	864	2	Oil	5	Hot Water
Holden	1010	Single Fam  MDL-01	1	1 Story	1	Ranch	864	2	Oil	5	Hot Water
Holden	1010	Single Fam  MDL-01	1	1 Story	1	Ranch	864	2	Oil	6	Steam
Holden	1010	Single Fam  MDL-01	1	1 Story	1	Ranch	864	3	Gas	4	Forced Air-Duc
Holden	1010	Single Fam  MDL-01	1	1 Story	1	Ranch	864	4	Electric	7	Radiant-Elec.
Holden	1010	Single Fam  MDL-01	1	1 Story	1	Ranch	868	2	Oil	5	Hot Water
Holden	1010	Single Fam  MDL-01	1	1 Story	1	Ranch	870	2	Oil	5	Hot Water
Holden	1010	Single Fam  MDL-01	1	1 Story	1	Ranch	871	2	Oil	5	Hot Water
Holden	1010	Single Fam  MDL-01	1	1 Story	1	Ranch	874	2	Oil	5	Hot Water
Holden	1010	Single Fam  MDL-01	1	1 Story	1	Ranch	876	2	Oil	4	Forced Air-Duc
Holden	1010	Single Fam  MDL-01	1	1 Story	1	Ranch	879	2	Oil	4	Forced Air-Duc
Holden	1010	Single Fam  MDL-01	1	1 Story	1	Ranch	880	2	Oil	4	Forced Air-Duc
Holden	1010	Single Fam  MDL-01	1	1 Story	1	Ranch	884	2	Oil	4	Forced Air-Duc
Holden	1010	Single Fam  MDL-01	1	1 Story	1	Ranch	884	2	Oil	4	Forced Air-Duc
Holden	1010	Single Fam  MDL-01	1	1 Story	1	Ranch	884	3	Gas	5	Hot Water
Holden	1010	Single Fam  MDL-01	1	1 Story	1	Ranch	886	2	Oil	5	Hot Water
Holden	1010	Single Fam  MDL-01	1	1 Story	1	Ranch	888	2	Oil	3	Hot Air-no Duc
Holden	1010	Single Fam  MDL-01	1	1 Story	1	Ranch	888	2	Oil	5	Hot Water
Holden	1010	Single Fam  MDL-01	1	1 Story	1	Ranch	888	2	Oil	5	Hot Water
Holden	1010	Single Fam  MDL-01	1	1 Story	1	Ranch	888	2	Oil	5	Hot Water
Holden	1010	Single Fam  MDL-01	1	1 Story	1	Ranch	888	2	Oil	5	Hot Water
Holden	1010	Single Fam  MDL-01	1	1 Story	1	Ranch	892	2	Oil	4	Forced Air-Duc
Holden	1010	Single Fam  MDL-01	1	1 Story	1	Ranch	896	2	Oil	5	Hot Water
Holden	1010	Single Fam  MDL-01	1	1 Story	1	Ranch	897	2	Oil	6	Steam
Holden	1010	Single Fam  MDL-01	1	1 Story	1	Ranch	898	2	Oil	4	Forced Air-Duc
Holden	1010	Single Fam  MDL-01	1	1 Story	1	Ranch	899	2	Oil	4	Forced Air-Duc
Holden	1010	Single Fam  MDL-01	1	1 Story	1	Ranch	900	2	Oil	4	Forced Air-Duc
Holden	1010	Single Fam  MDL-01	1	1 Story	1	Ranch	900	2	Oil	4	Forced Air-Duc
Holden	1010	Single Fam  MDL-01	1	1 Story	1	Ranch	900	2	Oil	4	Forced Air-Duc
Holden	1010	Single Fam  MDL-01	1	1 Story	1	Ranch	900	2	Oil	5	Hot Water
Holden	1010	Single Fam  MDL-01	1	1 Story	1	Ranch	901	2	Oil	5	Hot Water
Holden	1010	Single Fam  MDL-01	1	1 Story	1	Ranch	904	2	Oil	5	Hot Water
Holden	1010	Single Fam  MDL-01	1	1 Story	1	Ranch	904	2	Oil	6	Steam
Holden	1010	Single Fam  MDL-01	1	1 Story	1	Ranch	905	2	Oil	4	Forced Air-Duc
Holden	1010	Single Fam  MDL-01	1	1 Story	1	Ranch	905	2	Oil	5	Hot Water
Holden	1010	Single Fam  MDL-01	1	1 Story	1	Ranch	906	2	Oil	5	Hot Water
Holden	1010	Single Fam  MDL-01	1	1 Story	1	Ranch	908	2	Oil	5	Hot Water
Holden	1010	Single Fam  MDL-01	1	1 Story	1	Ranch	911	2	Oil	5	Hot Water
Holden	1010	Single Fam  MDL-01	1	1 Story	1	Ranch	912	2	Oil	3	Hot Air-no Duc
Holden	1010	Single Fam  MDL-01	1	1 Story	1	Ranch	912	2	Oil	4	Forced Air-Duc
Holden	1010	Single Fam  MDL-01	1	1 Story	1	Ranch	912	2	Oil	4	Forced Air-Duc
Holden	1010	Single Fam  MDL-01	1	1 Story	1	Ranch	912	2	Oil	5	Hot Water
Holden	1010	Single Fam  MDL-01	1	1 Story	1	Ranch	912	2	Oil	5	Hot Water
Holden	1010	Single Fam  MDL-01	1	1 Story	1	Ranch	912	2	Oil	5	Hot Water
Holden	1010	Single Fam  MDL-01	1	1 Story	1	Ranch	912	2	Oil	5	Hot Water
Holden	1010	Single Fam  MDL-01	1	1 Story	1	Ranch	912	2	Oil	5	Hot Water
Holden	1010	Single Fam  MDL-01	1	1 Story	1	Ranch	912	2	Oil	5	Hot Water
Holden	1010	Single Fam  MDL-01	1	1 Story	1	Ranch	914	2	Oil	5	Hot Water
Holden	1010	Single Fam  MDL-01	1	1 Story	1	Ranch	916	2	Oil	4	Forced Air-Duc
Holden	1010	Single Fam  MDL-01	1	1 Story	1	Ranch	919	2	Oil	5	Hot Water
Holden	1010	Single Fam  MDL-01	1	1 Story	1	Ranch	921	2	Oil	5	Hot Water
Holden	1010	Single Fam  MDL-01	1	1 Story	1	Ranch	922	2	Oil	5	Hot Water
Holden	1010	Single Fam  MDL-01	1	1 Story	1	Ranch	923	2	Oil	5	Hot Water
Holden	1010	Single Fam  MDL-01	1	1 Story	1	Ranch	923	2	Oil	5	Hot Water
Holden	1010	Single Fam  MDL-01	1	1 Story	1	Ranch	925	2	Oil	5	Hot Water
Holden	1010	Single Fam  MDL-01	1	1 Story	1	Ranch	925	2	Oil	5	Hot Water
Holden	1010	Single Fam  MDL-01	1	1 Story	1	Ranch	925	2	Oil	5	Hot Water
Holden	1010	Single Fam  MDL-01	1	1 Story	1	Ranch	926	2	Oil	4	Forced Air-Duc
Holden	1010	Single Fam  MDL-01	1	1 Story	1	Ranch	928	2	Oil	5	Hot Water
Holden	1010	Single Fam  MDL-01	1	1 Story	1	Ranch	934	2	Oil	6	Steam
Holden	1010	Single Fam  MDL-01	1	1 Story	1	Ranch	934	2	Oil	6	Steam
Holden	1010	Single Fam  MDL-01	1	1 Story	1	Ranch	936	2	Oil	4	Forced Air-Duc
Holden	1010	Single Fam  MDL-01	1	1 Story	1	Ranch	936	2	Oil	4	Forced Air-Duc
Holden	1010	Single Fam  MDL-01	1	1 Story	1	Ranch	936	2	Oil	4	Forced Air-Duc
Holden	1010	Single Fam  MDL-01	1	1 Story	1	Ranch	936	2	Oil	4	Forced Air-Duc
Holden	1010	Single Fam  MDL-01	1	1 Story	1	Ranch	936	2	Oil	5	Hot Water
Holden	1010	Single Fam  MDL-01	1	1 Story	1	Ranch	936	2	Oil	5	Hot Water
Holden	1010	Single Fam  MDL-01	1	1 Story	1	Ranch	936	2	Oil	5	Hot Water
Holden	1010	Single Fam  MDL-01	1	1 Story	1	Ranch	936	2	Oil	5	Hot Water
Holden	1010	Single Fam  MDL-01	1	1 Story	1	Ranch	936	2	Oil	5	Hot Water
Holden	1010	Single Fam  MDL-01	1	1 Story	1	Ranch	936	2	Oil	5	Hot Water
Holden	1010	Single Fam  MDL-01	1	1 Story	1	Ranch	936	2	Oil	5	Hot Water
Holden	1010	Single Fam  MDL-01	1	1 Story	1	Ranch	938	2	Oil	4	Forced Air-Duc
Holden	1010	Single Fam  MDL-01	1	1 Story	1	Ranch	938	2	Oil	4	Forced Air-Duc
Holden	1010	Single Fam  MDL-01	1	1 Story	1	Ranch	940	2	Oil	5	Hot Water
Holden	1010	Single Fam  MDL-01	1	1 Story	1	Ranch	946	2	Oil	5	Hot Water
Holden	1010	Single Fam  MDL-01	1	1 Story	1	Ranch	949	2	Oil	5	Hot Water
Holden	1010	Single Fam  MDL-01	1	1 Story	1	Ranch	950	4	Electric	7	Radiant-Elec.
Holden	1010	Single Fam  MDL-01	1	1 Story	1	Ranch	951	2	Oil	5	Hot Water
Holden	1010	Single Fam  MDL-01	1	1 Story	1	Ranch	952	2	Oil	4	Forced Air-Duc
Holden	1010	Single Fam  MDL-01	1	1 Story	1	Ranch	952	2	Oil	5	Hot Water
Holden	1010	Single Fam  MDL-01	1	1 Story	1	Ranch	954	2	Oil	5	Hot Water
Holden	1010	Single Fam  MDL-01	1	1 Story	1	Ranch	958	2	Oil	4	Forced Air-Duc
Holden	1010	Single Fam  MDL-01	1	1 Story	1	Ranch	959	2	Oil	5	Hot Water
Holden	1010	Single Fam  MDL-01	1	1 Story	1	Ranch	960	2	Oil	4	Forced Air-Duc
Holden	1010	Single Fam  MDL-01	1	1 Story	1	Ranch	960	2	Oil	4	Forced Air-Duc
Holden	1010	Single Fam  MDL-01	1	1 Story	1	Ranch	960	2	Oil	4	Forced Air-Duc
Holden	1010	Single Fam  MDL-01	1	1 Story	1	Ranch	960	2	Oil	4	Forced Air-Duc
Holden	1010	Single Fam  MDL-01	1	1 Story	1	Ranch	960	2	Oil	4	Forced Air-Duc
Holden	1010	Single Fam  MDL-01	1	1 Story	1	Ranch	960	2	Oil	4	Forced Air-Duc
Holden	1010	Single Fam  MDL-01	1	1 Story	1	Ranch	960	2	Oil	4	Forced Air-Duc
Holden	1010	Single Fam  MDL-01	1	1 Story	1	Ranch	960	2	Oil	4	Forced Air-Duc
Holden	1010	Single Fam  MDL-01	1	1 Story	1	Ranch	960	2	Oil	4	Forced Air-Duc
Holden	1010	Single Fam  MDL-01	1	1 Story	1	Ranch	960	2	Oil	5	Hot Water
Holden	1010	Single Fam  MDL-01	1	1 Story	1	Ranch	960	2	Oil	5	Hot Water
Holden	1010	Single Fam  MDL-01	1	1 Story	1	Ranch	960	2	Oil	5	Hot Water
Holden	1010	Single Fam  MDL-01	1	1 Story	1	Ranch	960	2	Oil	5	Hot Water
Holden	1010	Single Fam  MDL-01	1	1 Story	1	Ranch	960	2	Oil	5	Hot Water
Holden	1010	Single Fam  MDL-01	1	1 Story	1	Ranch	960	2	Oil	5	Hot Water
Holden	1010	Single Fam  MDL-01	1	1 Story	1	Ranch	960	2	Oil	5	Hot Water
Holden	1010	Single Fam  MDL-01	1	1 Story	1	Ranch	960	2	Oil	5	Hot Water
Holden	1010	Single Fam  MDL-01	1	1 Story	1	Ranch	960	2	Oil	5	Hot Water
Holden	1010	Single Fam  MDL-01	1	1 Story	1	Ranch	960	2	Oil	5	Hot Water
Holden	1010	Single Fam  MDL-01	1	1 Story	1	Ranch	960	2	Oil	5	Hot Water
Holden	1010	Single Fam  MDL-01	1	1 Story	1	Ranch	960	2	Oil	5	Hot Water
Holden	1010	Single Fam  MDL-01	1	1 Story	1	Ranch	960	2	Oil	6	Steam
Holden	1010	Single Fam  MDL-01	1	1 Story	1	Ranch	960	4	Electric	7	Radiant-Elec.
Holden	1010	Single Fam  MDL-01	1	1 Story	1	Ranch	962	2	Oil	5	Hot Water
Holden	1010	Single Fam  MDL-01	1	1 Story	1	Ranch	962	2	Oil	5	Hot Water
Holden	1010	Single Fam  MDL-01	1	1 Story	1	Ranch	962	2	Oil	5	Hot Water
Holden	1010	Single Fam  MDL-01	1	1 Story	1	Ranch	966	2	Oil	4	Forced Air-Duc
Holden	1010	Single Fam  MDL-01	1	1 Story	1	Ranch	966	2	Oil	4	Forced Air-Duc
Holden	1010	Single Fam  MDL-01	1	1 Story	1	Ranch	966	2	Oil	4	Forced Air-Duc
Holden	1010	Single Fam  MDL-01	1	1 Story	1	Ranch	966	2	Oil	5	Hot Water
Holden	1010	Single Fam  MDL-01	1	1 Story	1	Ranch	968	2	Oil	5	Hot Water
Holden	1010	Single Fam  MDL-01	1	1 Story	1	Ranch	968	2	Oil	5	Hot Water
Holden	1010	Single Fam  MDL-01	1	1 Story	1	Ranch	970	2	Oil	4	Forced Air-Duc
Holden	1010	Single Fam  MDL-01	1	1 Story	1	Ranch	970	2	Oil	4	Forced Air-Duc
Holden	1010	Single Fam  MDL-01	1	1 Story	1	Ranch	971	2	Oil	4	Forced Air-Duc
Holden	1010	Single Fam  MDL-01	1	1 Story	1	Ranch	972	2	Oil	5	Hot Water
Holden	1010	Single Fam  MDL-01	1	1 Story	1	Ranch	974	2	Oil	5	Hot Water
Holden	1010	Single Fam  MDL-01	1	1 Story	1	Ranch	975	2	Oil	5	Hot Water
Holden	1010	Single Fam  MDL-01	1	1 Story	1	Ranch	975	2	Oil	5	Hot Water
Holden	1010	Single Fam  MDL-01	1	1 Story	1	Ranch	975	2	Oil	5	Hot Water
Holden	1010	Single Fam  MDL-01	1	1 Story	1	Ranch	977	3	Gas	4	Forced Air-Duc
Holden	1010	Single Fam  MDL-01	1	1 Story	1	Ranch	978	2	Oil	4	Forced Air-Duc
Holden	1010	Single Fam  MDL-01	1	1 Story	1	Ranch	980	2	Oil	4	Forced Air-Duc
Holden	1010	Single Fam  MDL-01	1	1 Story	1	Ranch	980	2	Oil	4	Forced Air-Duc
Holden	1010	Single Fam  MDL-01	1	1 Story	1	Ranch	980	2	Oil	5	Hot Water
Holden	1010	Single Fam  MDL-01	1	1 Story	1	Ranch	980	2	Oil	5	Hot Water
Holden	1010	Single Fam  MDL-01	1	1 Story	1	Ranch	980	2	Oil	5	Hot Water
Holden	1010	Single Fam  MDL-01	1	1 Story	1	Ranch	981	7	Propane	4	Forced Air-Duc
Holden	1010	Single Fam  MDL-01	1	1 Story	1	Ranch	982	2	Oil	4	Forced Air-Duc
Holden	1010	Single Fam  MDL-01	1	1 Story	1	Ranch	982	2	Oil	5	Hot Water
Holden	1010	Single Fam  MDL-01	1	1 Story	1	Ranch	982	2	Oil	5	Hot Water
Holden	1010	Single Fam  MDL-01	1	1 Story	1	Ranch	984	2	Oil	3	Hot Air-no Duc
Holden	1010	Single Fam  MDL-01	1	1 Story	1	Ranch	984	2	Oil	4	Forced Air-Duc
Holden	1010	Single Fam  MDL-01	1	1 Story	1	Ranch	984	2	Oil	4	Forced Air-Duc
Holden	1010	Single Fam  MDL-01	1	1 Story	1	Ranch	984	2	Oil	4	Forced Air-Duc
Holden	1010	Single Fam  MDL-01	1	1 Story	1	Ranch	984	2	Oil	4	Forced Air-Duc
Holden	1010	Single Fam  MDL-01	1	1 Story	1	Ranch	984	2	Oil	4	Forced Air-Duc
Holden	1010	Single Fam  MDL-01	1	1 Story	1	Ranch	984	2	Oil	4	Forced Air-Duc
Holden	1010	Single Fam  MDL-01	1	1 Story	1	Ranch	984	2	Oil	4	Forced Air-Duc
Holden	1010	Single Fam  MDL-01	1	1 Story	1	Ranch	984	2	Oil	4	Forced Air-Duc
Holden	1010	Single Fam  MDL-01	1	1 Story	1	Ranch	984	2	Oil	4	Forced Air-Duc
Holden	1010	Single Fam  MDL-01	1	1 Story	1	Ranch	984	2	Oil	4	Forced Air-Duc
Holden	1010	Single Fam  MDL-01	1	1 Story	1	Ranch	984	2	Oil	4	Forced Air-Duc
Holden	1010	Single Fam  MDL-01	1	1 Story	1	Ranch	984	2	Oil	4	Forced Air-Duc
Holden	1010	Single Fam  MDL-01	1	1 Story	1	Ranch	984	2	Oil	4	Forced Air-Duc
Holden	1010	Single Fam  MDL-01	1	1 Story	1	Ranch	984	2	Oil	4	Forced Air-Duc
Holden	1010	Single Fam  MDL-01	1	1 Story	1	Ranch	984	2	Oil	4	Forced Air-Duc
Holden	1010	Single Fam  MDL-01	1	1 Story	1	Ranch	984	2	Oil	5	Hot Water
Holden	1010	Single Fam  MDL-01	1	1 Story	1	Ranch	984	2	Oil	5	Hot Water
Holden	1010	Single Fam  MDL-01	1	1 Story	1	Ranch	984	2	Oil	5	Hot Water
Holden	1010	Single Fam  MDL-01	1	1 Story	1	Ranch	984	2	Oil	5	Hot Water
Holden	1010	Single Fam  MDL-01	1	1 Story	1	Ranch	984	2	Oil	5	Hot Water
Holden	1010	Single Fam  MDL-01	1	1 Story	1	Ranch	984	2	Oil	5	Hot Water
Holden	1010	Single Fam  MDL-01	1	1 Story	1	Ranch	984	7	Propane	4	Forced Air-Duc
Holden	1010	Single Fam  MDL-01	1	1 Story	1	Ranch	987	2	Oil	5	Hot Water
Holden	1010	Single Fam  MDL-01	1	1 Story	1	Ranch	988	2	Oil	4	Forced Air-Duc
Holden	1010	Single Fam  MDL-01	1	1 Story	1	Ranch	988	2	Oil	4	Forced Air-Duc
Holden	1010	Single Fam  MDL-01	1	1 Story	1	Ranch	988	2	Oil	4	Forced Air-Duc
Holden	1010	Single Fam  MDL-01	1	1 Story	1	Ranch	988	2	Oil	4	Forced Air-Duc
Holden	1010	Single Fam  MDL-01	1	1 Story	1	Ranch	988	2	Oil	5	Hot Water
Holden	1010	Single Fam  MDL-01	1	1 Story	1	Ranch	988	2	Oil	5	Hot Water
Holden	1010	Single Fam  MDL-01	1	1 Story	1	Ranch	988	2	Oil	5	Hot Water
Holden	1010	Single Fam  MDL-01	1	1 Story	1	Ranch	988	2	Oil	5	Hot Water
Holden	1010	Single Fam  MDL-01	1	1 Story	1	Ranch	988	2	Oil	5	Hot Water
Holden	1010	Single Fam  MDL-01	1	1 Story	1	Ranch	988	2	Oil	5	Hot Water
Holden	1010	Single Fam  MDL-01	1	1 Story	1	Ranch	989	2	Oil	5	Hot Water
Holden	1010	Single Fam  MDL-01	1	1 Story	1	Ranch	992	2	Oil	4	Forced Air-Duc
Holden	1010	Single Fam  MDL-01	1	1 Story	1	Ranch	992	2	Oil	4	Forced Air-Duc
Holden	1010	Single Fam  MDL-01	1	1 Story	1	Ranch	992	3	Gas	5	Hot Water
Holden	1010	Single Fam  MDL-01	1	1 Story	1	Ranch	995	2	Oil	4	Forced Air-Duc
Holden	1010	Single Fam  MDL-01	1	1 Story	1	Ranch	996	2	Oil	4	Forced Air-Duc
Holden	1010	Single Fam  MDL-01	1	1 Story	1	Ranch	996	2	Oil	5	Hot Water
Holden	1010	Single Fam  MDL-01	1	1 Story	1	Ranch	998	3	Gas	5	Hot Water
Holden	1010	Single Fam  MDL-01	1	1 Story	1	Ranch	999	2	Oil	5	Hot Water
Holden	1010	Single Fam  MDL-01	1	1 Story	1	Ranch	1000	2	Oil	5	Hot Water
Holden	1010	Single Fam  MDL-01	1	1 Story	1	Ranch	1000	2	Oil	5	Hot Water
Holden	1010	Single Fam  MDL-01	1	1 Story	1	Ranch	1000	2	Oil	5	Hot Water
Holden	1010	Single Fam  MDL-01	1	1 Story	1	Ranch	1000	2	Oil	5	Hot Water
Holden	1010	Single Fam  MDL-01	1	1 Story	1	Ranch	1001	2	Oil	4	Forced Air-Duc
Holden	1010	Single Fam  MDL-01	1	1 Story	1	Ranch	1001	2	Oil	5	Hot Water
Holden	1010	Single Fam  MDL-01	1	1 Story	1	Ranch	1002	2	Oil	5	Hot Water
Holden	1010	Single Fam  MDL-01	1	1 Story	1	Ranch	1002	3	Gas	5	Hot Water
Holden	1010	Single Fam  MDL-01	1	1 Story	1	Ranch	1004	2	Oil	4	Forced Air-Duc
Holden	1010	Single Fam  MDL-01	1	1 Story	1	Ranch	1004	2	Oil	4	Forced Air-Duc
Holden	1010	Single Fam  MDL-01	1	1 Story	1	Ranch	1005	2	Oil	5	Hot Water
Holden	1010	Single Fam  MDL-01	1	1 Story	1	Ranch	1008	2	Oil	3	Hot Air-no Duc
Holden	1010	Single Fam  MDL-01	1	1 Story	1	Ranch	1008	2	Oil	4	Forced Air-Duc
Holden	1010	Single Fam  MDL-01	1	1 Story	1	Ranch	1008	2	Oil	4	Forced Air-Duc
Holden	1010	Single Fam  MDL-01	1	1 Story	1	Ranch	1008	2	Oil	4	Forced Air-Duc
Holden	1010	Single Fam  MDL-01	1	1 Story	1	Ranch	1008	2	Oil	4	Forced Air-Duc
Holden	1010	Single Fam  MDL-01	1	1 Story	1	Ranch	1008	2	Oil	4	Forced Air-Duc
Holden	1010	Single Fam  MDL-01	1	1 Story	1	Ranch	1008	2	Oil	4	Forced Air-Duc
Holden	1010	Single Fam  MDL-01	1	1 Story	1	Ranch	1008	2	Oil	4	Forced Air-Duc
Holden	1010	Single Fam  MDL-01	1	1 Story	1	Ranch	1008	2	Oil	4	Forced Air-Duc
Holden	1010	Single Fam  MDL-01	1	1 Story	1	Ranch	1008	2	Oil	4	Forced Air-Duc
Holden	1010	Single Fam  MDL-01	1	1 Story	1	Ranch	1008	2	Oil	4	Forced Air-Duc
Holden	1010	Single Fam  MDL-01	1	1 Story	1	Ranch	1008	2	Oil	5	Hot Water
Holden	1010	Single Fam  MDL-01	1	1 Story	1	Ranch	1008	2	Oil	5	Hot Water
Holden	1010	Single Fam  MDL-01	1	1 Story	1	Ranch	1008	2	Oil	5	Hot Water
Holden	1010	Single Fam  MDL-01	1	1 Story	1	Ranch	1008	2	Oil	5	Hot Water
Holden	1010	Single Fam  MDL-01	1	1 Story	1	Ranch	1008	2	Oil	5	Hot Water
Holden	1010	Single Fam  MDL-01	1	1 Story	1	Ranch	1008	2	Oil	5	Hot Water
Holden	1010	Single Fam  MDL-01	1	1 Story	1	Ranch	1008	2	Oil	5	Hot Water
Holden	1010	Single Fam  MDL-01	1	1 Story	1	Ranch	1008	2	Oil	5	Hot Water
Holden	1010	Single Fam  MDL-01	1	1 Story	1	Ranch	1008	2	Oil	5	Hot Water
Holden	1010	Single Fam  MDL-01	1	1 Story	1	Ranch	1008	2	Oil	5	Hot Water
Holden	1010	Single Fam  MDL-01	1	1 Story	1	Ranch	1008	2	Oil	5	Hot Water
Holden	1010	Single Fam  MDL-01	1	1 Story	1	Ranch	1008	2	Oil	5	Hot Water
Holden	1010	Single Fam  MDL-01	1	1 Story	1	Ranch	1008	2	Oil	5	Hot Water
Holden	1010	Single Fam  MDL-01	1	1 Story	1	Ranch	1008	2	Oil	5	Hot Water
Holden	1010	Single Fam  MDL-01	1	1 Story	1	Ranch	1008	2	Oil	5	Hot Water
Holden	1010	Single Fam  MDL-01	1	1 Story	1	Ranch	1008	3	Gas	5	Hot Water
Holden	1010	Single Fam  MDL-01	1	1 Story	1	Ranch	1008	3	Gas	5	Hot Water
Holden	1010	Single Fam  MDL-01	1	1 Story	1	Ranch	1008	4	Electric	7	Radiant-Elec.
Holden	1010	Single Fam  MDL-01	1	1 Story	1	Ranch	1012	2	Oil	5	Hot Water
Holden	1010	Single Fam  MDL-01	1	1 Story	1	Ranch	1014	2	Oil	4	Forced Air-Duc
Holden	1010	Single Fam  MDL-01	1	1 Story	1	Ranch	1014	2	Oil	5	Hot Water
Holden	1010	Single Fam  MDL-01	1	1 Story	1	Ranch	1014	3	Gas	5	Hot Water
Holden	1010	Single Fam  MDL-01	1	1 Story	1	Ranch	1015	2	Oil	5	Hot Water
Holden	1010	Single Fam  MDL-01	1	1 Story	1	Ranch	1015	2	Oil	5	Hot Water
Holden	1010	Single Fam  MDL-01	1	1 Story	1	Ranch	1015	2	Oil	5	Hot Water
Holden	1010	Single Fam  MDL-01	1	1 Story	1	Ranch	1018	2	Oil	4	Forced Air-Duc
Holden	1010	Single Fam  MDL-01	1	1 Story	1	Ranch	1018	2	Oil	5	Hot Water
Holden	1010	Single Fam  MDL-01	1	1 Story	1	Ranch	1018	2	Oil	5	Hot Water
Holden	1010	Single Fam  MDL-01	1	1 Story	1	Ranch	1022	2	Oil	4	Forced Air-Duc
Holden	1010	Single Fam  MDL-01	1	1 Story	1	Ranch	1024	2	Oil	4	Forced Air-Duc
Holden	1010	Single Fam  MDL-01	1	1 Story	1	Ranch	1024	2	Oil	5	Hot Water
Holden	1010	Single Fam  MDL-01	1	1 Story	1	Ranch	1025	2	Oil	4	Forced Air-Duc
Holden	1010	Single Fam  MDL-01	1	1 Story	1	Ranch	1025	2	Oil	5	Hot Water
Holden	1010	Single Fam  MDL-01	1	1 Story	1	Ranch	1025	2	Oil	5	Hot Water
Holden	1010	Single Fam  MDL-01	1	1 Story	1	Ranch	1025	2	Oil	5	Hot Water
Holden	1010	Single Fam  MDL-01	1	1 Story	1	Ranch	1025	2	Oil	5	Hot Water
Holden	1010	Single Fam  MDL-01	1	1 Story	1	Ranch	1025	2	Oil	5	Hot Water
Holden	1010	Single Fam  MDL-01	1	1 Story	1	Ranch	1026	2	Oil	5	Hot Water
Holden	1010	Single Fam  MDL-01	1	1 Story	1	Ranch	1027	2	Oil	4	Forced Air-Duc
Holden	1010	Single Fam  MDL-01	1	1 Story	1	Ranch	1028	2	Oil	4	Forced Air-Duc
Holden	1010	Single Fam  MDL-01	1	1 Story	1	Ranch	1029	2	Oil	5	Hot Water
Holden	1010	Single Fam  MDL-01	1	1 Story	1	Ranch	1030	2	Oil	4	Forced Air-Duc
Holden	1010	Single Fam  MDL-01	1	1 Story	1	Ranch	1030	2	Oil	4	Forced Air-Duc
Holden	1010	Single Fam  MDL-01	1	1 Story	1	Ranch	1030	2	Oil	5	Hot Water
Holden	1010	Single Fam  MDL-01	1	1 Story	1	Ranch	1032	2	Oil	4	Forced Air-Duc
Holden	1010	Single Fam  MDL-01	1	1 Story	1	Ranch	1032	2	Oil	5	Hot Water
Holden	1010	Single Fam  MDL-01	1	1 Story	1	Ranch	1032	2	Oil	5	Hot Water
Holden	1010	Single Fam  MDL-01	1	1 Story	1	Ranch	1032	2	Oil	6	Steam
Holden	1010	Single Fam  MDL-01	1	1 Story	1	Ranch	1032	3	Gas	5	Hot Water
Holden	1010	Single Fam  MDL-01	1	1 Story	1	Ranch	1034	2	Oil	5	Hot Water
Holden	1010	Single Fam  MDL-01	1	1 Story	1	Ranch	1034	2	Oil	5	Hot Water
Holden	1010	Single Fam  MDL-01	1	1 Story	1	Ranch	1035	2	Oil	4	Forced Air-Duc
Holden	1010	Single Fam  MDL-01	1	1 Story	1	Ranch	1035	2	Oil	5	Hot Water
Holden	1010	Single Fam  MDL-01	1	1 Story	1	Ranch	1035	4	Electric	7	Radiant-Elec.
Holden	1010	Single Fam  MDL-01	1	1 Story	1	Ranch	1036	2	Oil	4	Forced Air-Duc
Holden	1010	Single Fam  MDL-01	1	1 Story	1	Ranch	1036	2	Oil	5	Hot Water
Holden	1010	Single Fam  MDL-01	1	1 Story	1	Ranch	1036	3	Gas	5	Hot Water
Holden	1010	Single Fam  MDL-01	1	1 Story	1	Ranch	1038	2	Oil	5	Hot Water
Holden	1010	Single Fam  MDL-01	1	1 Story	1	Ranch	1038	4	Electric	4	Forced Air-Duc
Holden	1010	Single Fam  MDL-01	1	1 Story	1	Ranch	1040	2	Oil	4	Forced Air-Duc
Holden	1010	Single Fam  MDL-01	1	1 Story	1	Ranch	1040	2	Oil	5	Hot Water
Holden	1010	Single Fam  MDL-01	1	1 Story	1	Ranch	1040	2	Oil	5	Hot Water
Holden	1010	Single Fam  MDL-01	1	1 Story	1	Ranch	1040	2	Oil	5	Hot Water
Holden	1010	Single Fam  MDL-01	1	1 Story	1	Ranch	1040	2	Oil	5	Hot Water
Holden	1010	Single Fam  MDL-01	1	1 Story	1	Ranch	1040	2	Oil	5	Hot Water
Holden	1010	Single Fam  MDL-01	1	1 Story	1	Ranch	1040	2	Oil	5	Hot Water
Holden	1010	Single Fam  MDL-01	1	1 Story	1	Ranch	1040	2	Oil	5	Hot Water
Holden	1010	Single Fam  MDL-01	1	1 Story	1	Ranch	1040	2	Oil	5	Hot Water
Holden	1010	Single Fam  MDL-01	1	1 Story	1	Ranch	1040	2	Oil	5	Hot Water
Holden	1010	Single Fam  MDL-01	1	1 Story	1	Ranch	1043	2	Oil	6	Steam
Holden	1010	Single Fam  MDL-01	1	1 Story	1	Ranch	1046	2	Oil	4	Forced Air-Duc
Holden	1010	Single Fam  MDL-01	1	1 Story	1	Ranch	1046	2	Oil	5	Hot Water
Holden	1010	Single Fam  MDL-01	1	1 Story	1	Ranch	1049	2	Oil	5	Hot Water
Holden	1010	Single Fam  MDL-01	1	1 Story	1	Ranch	1050	2	Oil	5	Hot Water
Holden	1010	Single Fam  MDL-01	1	1 Story	1	Ranch	1050	2	Oil	5	Hot Water
Holden	1010	Single Fam  MDL-01	1	1 Story	1	Ranch	1050	2	Oil	5	Hot Water
Holden	1010	Single Fam  MDL-01	1	1 Story	1	Ranch	1050	2	Oil	5	Hot Water
Holden	1010	Single Fam  MDL-01	1	1 Story	1	Ranch	1050	2	Oil	5	Hot Water
Holden	1010	Single Fam  MDL-01	1	1 Story	1	Ranch	1050	2	Oil	5	Hot Water
Holden	1010	Single Fam  MDL-01	1	1 Story	1	Ranch	1050	2	Oil	5	Hot Water
Holden	1010	Single Fam  MDL-01	1	1 Story	1	Ranch	1050	2	Oil	5	Hot Water
Holden	1010	Single Fam  MDL-01	1	1 Story	1	Ranch	1050	2	Oil	5	Hot Water
Holden	1010	Single Fam  MDL-01	1	1 Story	1	Ranch	1050	2	Oil	5	Hot Water
Holden	1010	Single Fam  MDL-01	1	1 Story	1	Ranch	1050	2	Oil	5	Hot Water
Holden	1010	Single Fam  MDL-01	1	1 Story	1	Ranch	1050	2	Oil	5	Hot Water
Holden	1010	Single Fam  MDL-01	1	1 Story	1	Ranch	1050	2	Oil	5	Hot Water
Holden	1010	Single Fam  MDL-01	1	1 Story	1	Ranch	1050	2	Oil	5	Hot Water
Holden	1010	Single Fam  MDL-01	1	1 Story	1	Ranch	1050	2	Oil	5	Hot Water
Holden	1010	Single Fam  MDL-01	1	1 Story	1	Ranch	1050	2	Oil	5	Hot Water
Holden	1010	Single Fam  MDL-01	1	1 Story	1	Ranch	1050	2	Oil	5	Hot Water
Holden	1010	Single Fam  MDL-01	1	1 Story	1	Ranch	1050	2	Oil	5	Hot Water
Holden	1010	Single Fam  MDL-01	1	1 Story	1	Ranch	1050	2	Oil	5	Hot Water
Holden	1010	Single Fam  MDL-01	1	1 Story	1	Ranch	1050	2	Oil	5	Hot Water
Holden	1010	Single Fam  MDL-01	1	1 Story	1	Ranch	1050	2	Oil	5	Hot Water
Holden	1010	Single Fam  MDL-01	1	1 Story	1	Ranch	1050	2	Oil	5	Hot Water
Holden	1010	Single Fam  MDL-01	1	1 Story	1	Ranch	1050	2	Oil	5	Hot Water
Holden	1010	Single Fam  MDL-01	1	1 Story	1	Ranch	1050	2	Oil	5	Hot Water
Holden	1010	Single Fam  MDL-01	1	1 Story	1	Ranch	1050	2	Oil	5	Hot Water
Holden	1010	Single Fam  MDL-01	1	1 Story	1	Ranch	1050	2	Oil	5	Hot Water
Holden	1010	Single Fam  MDL-01	1	1 Story	1	Ranch	1050	2	Oil	5	Hot Water
Holden	1010	Single Fam  MDL-01	1	1 Story	1	Ranch	1050	2	Oil	5	Hot Water
Holden	1010	Single Fam  MDL-01	1	1 Story	1	Ranch	1050	2	Oil	5	Hot Water
Holden	1010	Single Fam  MDL-01	1	1 Story	1	Ranch	1050	2	Oil	5	Hot Water
Holden	1010	Single Fam  MDL-01	1	1 Story	1	Ranch	1050	2	Oil	5	Hot Water
Holden	1010	Single Fam  MDL-01	1	1 Story	1	Ranch	1050	2	Oil	5	Hot Water
Holden	1010	Single Fam  MDL-01	1	1 Story	1	Ranch	1050	2	Oil	5	Hot Water
Holden	1010	Single Fam  MDL-01	1	1 Story	1	Ranch	1050	3	Gas	5	Hot Water
Holden	1010	Single Fam  MDL-01	1	1 Story	1	Ranch	1050	3	Gas	5	Hot Water
Holden	1010	Single Fam  MDL-01	1	1 Story	1	Ranch	1050	3	Gas	5	Hot Water
Holden	1010	Single Fam  MDL-01	1	1 Story	1	Ranch	1050	3	Gas	5	Hot Water
Holden	1010	Single Fam  MDL-01	1	1 Story	1	Ranch	1050	3	Gas	5	Hot Water
Holden	1010	Single Fam  MDL-01	1	1 Story	1	Ranch	1050	4	Electric	7	Radiant-Elec.
Holden	1010	Single Fam  MDL-01	1	1 Story	1	Ranch	1050	4	Electric	7	Radiant-Elec.
Holden	1010	Single Fam  MDL-01	1	1 Story	1	Ranch	1050	4	Electric	7	Radiant-Elec.
Holden	1010	Single Fam  MDL-01	1	1 Story	1	Ranch	1053	2	Oil	6	Steam
Holden	1010	Single Fam  MDL-01	1	1 Story	1	Ranch	1053	3	Gas	4	Forced Air-Duc
Holden	1010	Single Fam  MDL-01	1	1 Story	1	Ranch	1054	2	Oil	5	Hot Water
Holden	1010	Single Fam  MDL-01	1	1 Story	1	Ranch	1056	2	Oil	4	Forced Air-Duc
Holden	1010	Single Fam  MDL-01	1	1 Story	1	Ranch	1056	2	Oil	4	Forced Air-Duc
Holden	1010	Single Fam  MDL-01	1	1 Story	1	Ranch	1056	2	Oil	5	Hot Water
Holden	1010	Single Fam  MDL-01	1	1 Story	1	Ranch	1056	2	Oil	5	Hot Water
Holden	1010	Single Fam  MDL-01	1	1 Story	1	Ranch	1056	2	Oil	5	Hot Water
Holden	1010	Single Fam  MDL-01	1	1 Story	1	Ranch	1056	2	Oil	5	Hot Water
Holden	1010	Single Fam  MDL-01	1	1 Story	1	Ranch	1056	2	Oil	5	Hot Water
Holden	1010	Single Fam  MDL-01	1	1 Story	1	Ranch	1056	2	Oil	5	Hot Water
Holden	1010	Single Fam  MDL-01	1	1 Story	1	Ranch	1056	2	Oil	5	Hot Water
Holden	1010	Single Fam  MDL-01	1	1 Story	1	Ranch	1056	2	Oil	5	Hot Water
Holden	1010	Single Fam  MDL-01	1	1 Story	1	Ranch	1056	2	Oil	5	Hot Water
Holden	1010	Single Fam  MDL-01	1	1 Story	1	Ranch	1056	2	Oil	5	Hot Water
Holden	1010	Single Fam  MDL-01	1	1 Story	1	Ranch	1056	2	Oil	5	Hot Water
Holden	1010	Single Fam  MDL-01	1	1 Story	1	Ranch	1056	2	Oil	5	Hot Water
Holden	1010	Single Fam  MDL-01	1	1 Story	1	Ranch	1056	2	Oil	5	Hot Water
Holden	1010	Single Fam  MDL-01	1	1 Story	1	Ranch	1056	2	Oil	5	Hot Water
Holden	1010	Single Fam  MDL-01	1	1 Story	1	Ranch	1056	3	Gas	5	Hot Water
Holden	1010	Single Fam  MDL-01	1	1 Story	1	Ranch	1056	3	Gas	5	Hot Water
Holden	1010	Single Fam  MDL-01	1	1 Story	1	Ranch	1056	3	Gas	5	Hot Water
Holden	1010	Single Fam  MDL-01	1	1 Story	1	Ranch	1056	3	Gas	5	Hot Water
Holden	1010	Single Fam  MDL-01	1	1 Story	1	Ranch	1056	4	Electric	7	Radiant-Elec.
Holden	1010	Single Fam  MDL-01	1	1 Story	1	Ranch	1056	4	Electric	7	Radiant-Elec.
Holden	1010	Single Fam  MDL-01	1	1 Story	1	Ranch	1056	4	Electric	7	Radiant-Elec.
Holden	1010	Single Fam  MDL-01	1	1 Story	1	Ranch	1056	4	Electric	7	Radiant-Elec.
Holden	1010	Single Fam  MDL-01	1	1 Story	1	Ranch	1056	4	Electric	7	Radiant-Elec.
Holden	1010	Single Fam  MDL-01	1	1 Story	1	Ranch	1060	2	Oil	5	Hot Water
Holden	1010	Single Fam  MDL-01	1	1 Story	1	Ranch	1060	2	Oil	5	Hot Water
Holden	1010	Single Fam  MDL-01	1	1 Story	1	Ranch	1061	2	Oil	5	Hot Water
Holden	1010	Single Fam  MDL-01	1	1 Story	1	Ranch	1062	2	Oil	5	Hot Water
Holden	1010	Single Fam  MDL-01	1	1 Story	1	Ranch	1062	2	Oil	5	Hot Water
Holden	1010	Single Fam  MDL-01	1	1 Story	1	Ranch	1063	2	Oil	5	Hot Water
Holden	1010	Single Fam  MDL-01	1	1 Story	1	Ranch	1064	2	Oil	4	Forced Air-Duc
Holden	1010	Single Fam  MDL-01	1	1 Story	1	Ranch	1064	2	Oil	5	Hot Water
Holden	1010	Single Fam  MDL-01	1	1 Story	1	Ranch	1065	2	Oil	5	Hot Water
Holden	1010	Single Fam  MDL-01	1	1 Story	1	Ranch	1066	2	Oil	5	Hot Water
Holden	1010	Single Fam  MDL-01	1	1 Story	1	Ranch	1067	2	Oil	5	Hot Water
Holden	1010	Single Fam  MDL-01	1	1 Story	1	Ranch	1067	3	Gas	5	Hot Water
Holden	1010	Single Fam  MDL-01	1	1 Story	1	Ranch	1068	2	Oil	4	Forced Air-Duc
Holden	1010	Single Fam  MDL-01	1	1 Story	1	Ranch	1068	2	Oil	5	Hot Water
Holden	1010	Single Fam  MDL-01	1	1 Story	1	Ranch	1068	2	Oil	5	Hot Water
Holden	1010	Single Fam  MDL-01	1	1 Story	1	Ranch	1068	2	Oil	5	Hot Water
Holden	1010	Single Fam  MDL-01	1	1 Story	1	Ranch	1068	2	Oil	5	Hot Water
Holden	1010	Single Fam  MDL-01	1	1 Story	1	Ranch	1069	2	Oil	5	Hot Water
Holden	1010	Single Fam  MDL-01	1	1 Story	1	Ranch	1070	2	Oil	5	Hot Water
Holden	1010	Single Fam  MDL-01	1	1 Story	1	Ranch	1070	2	Oil	5	Hot Water
Holden	1010	Single Fam  MDL-01	1	1 Story	1	Ranch	1072	2	Oil	4	Forced Air-Duc
Holden	1010	Single Fam  MDL-01	1	1 Story	1	Ranch	1072	2	Oil	5	Hot Water
Holden	1010	Single Fam  MDL-01	1	1 Story	1	Ranch	1074	2	Oil	5	Hot Water
Holden	1010	Single Fam  MDL-01	1	1 Story	1	Ranch	1074	2	Oil	5	Hot Water
Holden	1010	Single Fam  MDL-01	1	1 Story	1	Ranch	1074	2	Oil	5	Hot Water
Holden	1010	Single Fam  MDL-01	1	1 Story	1	Ranch	1074	2	Oil	5	Hot Water
Holden	1010	Single Fam  MDL-01	1	1 Story	1	Ranch	1074	2	Oil	5	Hot Water
Holden	1010	Single Fam  MDL-01	1	1 Story	1	Ranch	1074	2	Oil	5	Hot Water
Holden	1010	Single Fam  MDL-01	1	1 Story	1	Ranch	1074	2	Oil	5	Hot Water
Holden	1010	Single Fam  MDL-01	1	1 Story	1	Ranch	1074	2	Oil	5	Hot Water
Holden	1010	Single Fam  MDL-01	1	1 Story	1	Ranch	1074	2	Oil	5	Hot Water
Holden	1010	Single Fam  MDL-01	1	1 Story	1	Ranch	1074	2	Oil	5	Hot Water
Holden	1010	Single Fam  MDL-01	1	1 Story	1	Ranch	1074	2	Oil	5	Hot Water
Holden	1010	Single Fam  MDL-01	1	1 Story	1	Ranch	1074	2	Oil	5	Hot Water
Holden	1010	Single Fam  MDL-01	1	1 Story	1	Ranch	1074	2	Oil	5	Hot Water
Holden	1010	Single Fam  MDL-01	1	1 Story	1	Ranch	1074	2	Oil	5	Hot Water
Holden	1010	Single Fam  MDL-01	1	1 Story	1	Ranch	1074	3	Gas	5	Hot Water
Holden	1010	Single Fam  MDL-01	1	1 Story	1	Ranch	1074	4	Electric	7	Radiant-Elec.
Holden	1010	Single Fam  MDL-01	1	1 Story	1	Ranch	1075	2	Oil	5	Hot Water
Holden	1010	Single Fam  MDL-01	1	1 Story	1	Ranch	1075	2	Oil	5	Hot Water
Holden	1010	Single Fam  MDL-01	1	1 Story	1	Ranch	1075	3	Gas	5	Hot Water
Holden	1010	Single Fam  MDL-01	1	1 Story	1	Ranch	1076	2	Oil	5	Hot Water
Holden	1010	Single Fam  MDL-01	1	1 Story	1	Ranch	1076	2	Oil	5	Hot Water
Holden	1010	Single Fam  MDL-01	1	1 Story	1	Ranch	1076	2	Oil	5	Hot Water
Holden	1010	Single Fam  MDL-01	1	1 Story	1	Ranch	1078	2	Oil	5	Hot Water
Holden	1010	Single Fam  MDL-01	1	1 Story	1	Ranch	1080	2	Oil	4	Forced Air-Duc
Holden	1010	Single Fam  MDL-01	1	1 Story	1	Ranch	1080	2	Oil	5	Hot Water
Holden	1010	Single Fam  MDL-01	1	1 Story	1	Ranch	1080	2	Oil	5	Hot Water
Holden	1010	Single Fam  MDL-01	1	1 Story	1	Ranch	1080	2	Oil	5	Hot Water
Holden	1010	Single Fam  MDL-01	1	1 Story	1	Ranch	1080	2	Oil	5	Hot Water
Holden	1010	Single Fam  MDL-01	1	1 Story	1	Ranch	1080	2	Oil	5	Hot Water
Holden	1010	Single Fam  MDL-01	1	1 Story	1	Ranch	1080	2	Oil	5	Hot Water
Holden	1010	Single Fam  MDL-01	1	1 Story	1	Ranch	1080	2	Oil	5	Hot Water
Holden	1010	Single Fam  MDL-01	1	1 Story	1	Ranch	1080	2	Oil	5	Hot Water
Holden	1010	Single Fam  MDL-01	1	1 Story	1	Ranch	1080	2	Oil	5	Hot Water
Holden	1010	Single Fam  MDL-01	1	1 Story	1	Ranch	1080	2	Oil	5	Hot Water
Holden	1010	Single Fam  MDL-01	1	1 Story	1	Ranch	1080	2	Oil	5	Hot Water
Holden	1010	Single Fam  MDL-01	1	1 Story	1	Ranch	1080	2	Oil	5	Hot Water
Holden	1010	Single Fam  MDL-01	1	1 Story	1	Ranch	1080	3	Gas	5	Hot Water
Holden	1010	Single Fam  MDL-01	1	1 Story	1	Ranch	1082	2	Oil	5	Hot Water
Holden	1010	Single Fam  MDL-01	1	1 Story	1	Ranch	1086	2	Oil	4	Forced Air-Duc
Holden	1010	Single Fam  MDL-01	1	1 Story	1	Ranch	1086	2	Oil	5	Hot Water
Holden	1010	Single Fam  MDL-01	1	1 Story	1	Ranch	1088	2	Oil	5	Hot Water
Holden	1010	Single Fam  MDL-01	1	1 Story	1	Ranch	1089	2	Oil	5	Hot Water
Holden	1010	Single Fam  MDL-01	1	1 Story	1	Ranch	1089	2	Oil	5	Hot Water
Holden	1010	Single Fam  MDL-01	1	1 Story	1	Ranch	1092	2	Oil	4	Forced Air-Duc
Holden	1010	Single Fam  MDL-01	1	1 Story	1	Ranch	1092	2	Oil	4	Forced Air-Duc
Holden	1010	Single Fam  MDL-01	1	1 Story	1	Ranch	1092	2	Oil	4	Forced Air-Duc
Holden	1010	Single Fam  MDL-01	1	1 Story	1	Ranch	1092	2	Oil	4	Forced Air-Duc
Holden	1010	Single Fam  MDL-01	1	1 Story	1	Ranch	1092	2	Oil	4	Forced Air-Duc
Holden	1010	Single Fam  MDL-01	1	1 Story	1	Ranch	1092	2	Oil	5	Hot Water
Holden	1010	Single Fam  MDL-01	1	1 Story	1	Ranch	1092	2	Oil	5	Hot Water
Holden	1010	Single Fam  MDL-01	1	1 Story	1	Ranch	1092	2	Oil	5	Hot Water
Holden	1010	Single Fam  MDL-01	1	1 Story	1	Ranch	1092	2	Oil	5	Hot Water
Holden	1010	Single Fam  MDL-01	1	1 Story	1	Ranch	1092	2	Oil	5	Hot Water
Holden	1010	Single Fam  MDL-01	1	1 Story	1	Ranch	1092	2	Oil	5	Hot Water
Holden	1010	Single Fam  MDL-01	1	1 Story	1	Ranch	1092	2	Oil	5	Hot Water
Holden	1010	Single Fam  MDL-01	1	1 Story	1	Ranch	1092	2	Oil	5	Hot Water
Holden	1010	Single Fam  MDL-01	1	1 Story	1	Ranch	1092	3	Gas	5	Hot Water
Holden	1010	Single Fam  MDL-01	1	1 Story	1	Ranch	1094	2	Oil	4	Forced Air-Duc
Holden	1010	Single Fam  MDL-01	1	1 Story	1	Ranch	1094	2	Oil	4	Forced Air-Duc
Holden	1010	Single Fam  MDL-01	1	1 Story	1	Ranch	1094	2	Oil	5	Hot Water
Holden	1010	Single Fam  MDL-01	1	1 Story	1	Ranch	1094	2	Oil	5	Hot Water
Holden	1010	Single Fam  MDL-01	1	1 Story	1	Ranch	1097	2	Oil	5	Hot Water
Holden	1010	Single Fam  MDL-01	1	1 Story	1	Ranch	1097	2	Oil	5	Hot Water
Holden	1010	Single Fam  MDL-01	1	1 Story	1	Ranch	1100	2	Oil	4	Forced Air-Duc
Holden	1010	Single Fam  MDL-01	1	1 Story	1	Ranch	1100	2	Oil	5	Hot Water
Holden	1010	Single Fam  MDL-01	1	1 Story	1	Ranch	1100	2	Oil	5	Hot Water
Holden	1010	Single Fam  MDL-01	1	1 Story	1	Ranch	1100	2	Oil	5	Hot Water
Holden	1010	Single Fam  MDL-01	1	1 Story	1	Ranch	1100	2	Oil	5	Hot Water
Holden	1010	Single Fam  MDL-01	1	1 Story	1	Ranch	1100	2	Oil	5	Hot Water
Holden	1010	Single Fam  MDL-01	1	1 Story	1	Ranch	1100	2	Oil	5	Hot Water
Holden	1010	Single Fam  MDL-01	1	1 Story	1	Ranch	1100	2	Oil	5	Hot Water
Holden	1010	Single Fam  MDL-01	1	1 Story	1	Ranch	1100	2	Oil	5	Hot Water
Holden	1010	Single Fam  MDL-01	1	1 Story	1	Ranch	1100	2	Oil	5	Hot Water
Holden	1010	Single Fam  MDL-01	1	1 Story	1	Ranch	1100	2	Oil	5	Hot Water
Holden	1010	Single Fam  MDL-01	1	1 Story	1	Ranch	1102	2	Oil	5	Hot Water
Holden	1010	Single Fam  MDL-01	1	1 Story	1	Ranch	1104	2	Oil	4	Forced Air-Duc
Holden	1010	Single Fam  MDL-01	1	1 Story	1	Ranch	1104	2	Oil	4	Forced Air-Duc
Holden	1010	Single Fam  MDL-01	1	1 Story	1	Ranch	1104	2	Oil	5	Hot Water
Holden	1010	Single Fam  MDL-01	1	1 Story	1	Ranch	1104	2	Oil	5	Hot Water
Holden	1010	Single Fam  MDL-01	1	1 Story	1	Ranch	1104	2	Oil	5	Hot Water
Holden	1010	Single Fam  MDL-01	1	1 Story	1	Ranch	1104	2	Oil	5	Hot Water
Holden	1010	Single Fam  MDL-01	1	1 Story	1	Ranch	1104	2	Oil	5	Hot Water
Holden	1010	Single Fam  MDL-01	1	1 Story	1	Ranch	1104	2	Oil	5	Hot Water
Holden	1010	Single Fam  MDL-01	1	1 Story	1	Ranch	1104	3	Gas	5	Hot Water
Holden	1010	Single Fam  MDL-01	1	1 Story	1	Ranch	1105	2	Oil	5	Hot Water
Holden	1010	Single Fam  MDL-01	1	1 Story	1	Ranch	1106	2	Oil	5	Hot Water
Holden	1010	Single Fam  MDL-01	1	1 Story	1	Ranch	1106	2	Oil	5	Hot Water
Holden	1010	Single Fam  MDL-01	1	1 Story	1	Ranch	1110	2	Oil	4	Forced Air-Duc
Holden	1010	Single Fam  MDL-01	1	1 Story	1	Ranch	1110	2	Oil	4	Forced Air-Duc
Holden	1010	Single Fam  MDL-01	1	1 Story	1	Ranch	1110	2	Oil	5	Hot Water
Holden	1010	Single Fam  MDL-01	1	1 Story	1	Ranch	1112	2	Oil	5	Hot Water
Holden	1010	Single Fam  MDL-01	1	1 Story	1	Ranch	1112	3	Gas	5	Hot Water
Holden	1010	Single Fam  MDL-01	1	1 Story	1	Ranch	1114	2	Oil	4	Forced Air-Duc
Holden	1010	Single Fam  MDL-01	1	1 Story	1	Ranch	1116	2	Oil	5	Hot Water
Holden	1010	Single Fam  MDL-01	1	1 Story	1	Ranch	1116	2	Oil	5	Hot Water
Holden	1010	Single Fam  MDL-01	1	1 Story	1	Ranch	1116	2	Oil	5	Hot Water
Holden	1010	Single Fam  MDL-01	1	1 Story	1	Ranch	1116	2	Oil	5	Hot Water
Holden	1010	Single Fam  MDL-01	1	1 Story	1	Ranch	1118	2	Oil	5	Hot Water
Holden	1010	Single Fam  MDL-01	1	1 Story	1	Ranch	1119	2	Oil	5	Hot Water
Holden	1010	Single Fam  MDL-01	1	1 Story	1	Ranch	1119	2	Oil	5	Hot Water
Holden	1010	Single Fam  MDL-01	1	1 Story	1	Ranch	1120	2	Oil	5	Hot Water
Holden	1010	Single Fam  MDL-01	1	1 Story	1	Ranch	1120	2	Oil	5	Hot Water
Holden	1010	Single Fam  MDL-01	1	1 Story	1	Ranch	1120	2	Oil	5	Hot Water
Holden	1010	Single Fam  MDL-01	1	1 Story	1	Ranch	1120	2	Oil	5	Hot Water
Holden	1010	Single Fam  MDL-01	1	1 Story	1	Ranch	1120	2	Oil	5	Hot Water
Holden	1010	Single Fam  MDL-01	1	1 Story	1	Ranch	1120	4	Electric	5	Hot Water
Holden	1010	Single Fam  MDL-01	1	1 Story	1	Ranch	1122	2	Oil	5	Hot Water
Holden	1010	Single Fam  MDL-01	1	1 Story	1	Ranch	1123	2	Oil	4	Forced Air-Duc
Holden	1010	Single Fam  MDL-01	1	1 Story	1	Ranch	1123	2	Oil	4	Forced Air-Duc
Holden	1010	Single Fam  MDL-01	1	1 Story	1	Ranch	1123	2	Oil	5	Hot Water
Holden	1010	Single Fam  MDL-01	1	1 Story	1	Ranch	1124	2	Oil	5	Hot Water
Holden	1010	Single Fam  MDL-01	1	1 Story	1	Ranch	1124	2	Oil	5	Hot Water
Holden	1010	Single Fam  MDL-01	1	1 Story	1	Ranch	1124	2	Oil	5	Hot Water
Holden	1010	Single Fam  MDL-01	1	1 Story	1	Ranch	1124	3	Gas	5	Hot Water
Holden	1010	Single Fam  MDL-01	1	1 Story	1	Ranch	1125	2	Oil	5	Hot Water
Holden	1010	Single Fam  MDL-01	1	1 Story	1	Ranch	1125	2	Oil	5	Hot Water
Holden	1010	Single Fam  MDL-01	1	1 Story	1	Ranch	1125	2	Oil	5	Hot Water
Holden	1010	Single Fam  MDL-01	1	1 Story	1	Ranch	1125	2	Oil	5	Hot Water
Holden	1010	Single Fam  MDL-01	1	1 Story	1	Ranch	1125	4	Electric	7	Radiant-Elec.
Holden	1010	Single Fam  MDL-01	1	1 Story	1	Ranch	1126	2	Oil	3	Hot Air-no Duc
Holden	1010	Single Fam  MDL-01	1	1 Story	1	Ranch	1126	2	Oil	4	Forced Air-Duc
Holden	1010	Single Fam  MDL-01	1	1 Story	1	Ranch	1126	2	Oil	4	Forced Air-Duc
Holden	1010	Single Fam  MDL-01	1	1 Story	1	Ranch	1126	2	Oil	5	Hot Water
Holden	1010	Single Fam  MDL-01	1	1 Story	1	Ranch	1127	2	Oil	5	Hot Water
Holden	1010	Single Fam  MDL-01	1	1 Story	1	Ranch	1128	2	Oil	5	Hot Water
Holden	1010	Single Fam  MDL-01	1	1 Story	1	Ranch	1130	2	Oil	5	Hot Water
Holden	1010	Single Fam  MDL-01	1	1 Story	1	Ranch	1131	2	Oil	5	Hot Water
Holden	1010	Single Fam  MDL-01	1	1 Story	1	Ranch	1131	4	Electric	7	Radiant-Elec.
Holden	1010	Single Fam  MDL-01	1	1 Story	1	Ranch	1132	2	Oil	6	Steam
Holden	1010	Single Fam  MDL-01	1	1 Story	1	Ranch	1134	2	Oil	3	Hot Air-no Duc
Holden	1010	Single Fam  MDL-01	1	1 Story	1	Ranch	1134	2	Oil	5	Hot Water
Holden	1010	Single Fam  MDL-01	1	1 Story	1	Ranch	1136	2	Oil	4	Forced Air-Duc
Holden	1010	Single Fam  MDL-01	1	1 Story	1	Ranch	1136	2	Oil	4	Forced Air-Duc
Holden	1010	Single Fam  MDL-01	1	1 Story	1	Ranch	1136	2	Oil	5	Hot Water
Holden	1010	Single Fam  MDL-01	1	1 Story	1	Ranch	1137	2	Oil	5	Hot Water
Holden	1010	Single Fam  MDL-01	1	1 Story	1	Ranch	1139	2	Oil	5	Hot Water
Holden	1010	Single Fam  MDL-01	1	1 Story	1	Ranch	1140	2	Oil	4	Forced Air-Duc
Holden	1010	Single Fam  MDL-01	1	1 Story	1	Ranch	1140	2	Oil	4	Forced Air-Duc
Holden	1010	Single Fam  MDL-01	1	1 Story	1	Ranch	1140	2	Oil	5	Hot Water
Holden	1010	Single Fam  MDL-01	1	1 Story	1	Ranch	1140	2	Oil	5	Hot Water
Holden	1010	Single Fam  MDL-01	1	1 Story	1	Ranch	1140	2	Oil	5	Hot Water
Holden	1010	Single Fam  MDL-01	1	1 Story	1	Ranch	1140	7	Propane	5	Hot Water
Holden	1010	Single Fam  MDL-01	1	1 Story	1	Ranch	1143	2	Oil	5	Hot Water
Holden	1010	Single Fam  MDL-01	1	1 Story	1	Ranch	1143	2	Oil	5	Hot Water
Holden	1010	Single Fam  MDL-01	1	1 Story	1	Ranch	1144	2	Oil	4	Forced Air-Duc
Holden	1010	Single Fam  MDL-01	1	1 Story	1	Ranch	1144	2	Oil	5	Hot Water
Holden	1010	Single Fam  MDL-01	1	1 Story	1	Ranch	1144	2	Oil	5	Hot Water
Holden	1010	Single Fam  MDL-01	1	1 Story	1	Ranch	1144	2	Oil	5	Hot Water
Holden	1010	Single Fam  MDL-01	1	1 Story	1	Ranch	1144	2	Oil	5	Hot Water
Holden	1010	Single Fam  MDL-01	1	1 Story	1	Ranch	1144	2	Oil	5	Hot Water
Holden	1010	Single Fam  MDL-01	1	1 Story	1	Ranch	1144	2	Oil	5	Hot Water
Holden	1010	Single Fam  MDL-01	1	1 Story	1	Ranch	1144	2	Oil	5	Hot Water
Holden	1010	Single Fam  MDL-01	1	1 Story	1	Ranch	1144	2	Oil	5	Hot Water
Holden	1010	Single Fam  MDL-01	1	1 Story	1	Ranch	1144	2	Oil	5	Hot Water
Holden	1010	Single Fam  MDL-01	1	1 Story	1	Ranch	1144	2	Oil	5	Hot Water
Holden	1010	Single Fam  MDL-01	1	1 Story	1	Ranch	1144	2	Oil	6	Steam
Holden	1010	Single Fam  MDL-01	1	1 Story	1	Ranch	1145	2	Oil	5	Hot Water
Holden	1010	Single Fam  MDL-01	1	1 Story	1	Ranch	1146	2	Oil	5	Hot Water
Holden	1010	Single Fam  MDL-01	1	1 Story	1	Ranch	1146	3	Gas	4	Forced Air-Duc
Holden	1010	Single Fam  MDL-01	1	1 Story	1	Ranch	1147	2	Oil	5	Hot Water
Holden	1010	Single Fam  MDL-01	1	1 Story	1	Ranch	1147	2	Oil	5	Hot Water
Holden	1010	Single Fam  MDL-01	1	1 Story	1	Ranch	1148	2	Oil	5	Hot Water
Holden	1010	Single Fam  MDL-01	1	1 Story	1	Ranch	1148	2	Oil	5	Hot Water
Holden	1010	Single Fam  MDL-01	1	1 Story	1	Ranch	1149	2	Oil	4	Forced Air-Duc
Holden	1010	Single Fam  MDL-01	1	1 Story	1	Ranch	1149	2	Oil	4	Forced Air-Duc
Holden	1010	Single Fam  MDL-01	1	1 Story	1	Ranch	1149	2	Oil	5	Hot Water
Holden	1010	Single Fam  MDL-01	1	1 Story	1	Ranch	1149	2	Oil	5	Hot Water
Holden	1010	Single Fam  MDL-01	1	1 Story	1	Ranch	1150	2	Oil	4	Forced Air-Duc
Holden	1010	Single Fam  MDL-01	1	1 Story	1	Ranch	1150	2	Oil	5	Hot Water
Holden	1010	Single Fam  MDL-01	1	1 Story	1	Ranch	1150	2	Oil	5	Hot Water
Holden	1010	Single Fam  MDL-01	1	1 Story	1	Ranch	1150	2	Oil	5	Hot Water
Holden	1010	Single Fam  MDL-01	1	1 Story	1	Ranch	1150	2	Oil	5	Hot Water
Holden	1010	Single Fam  MDL-01	1	1 Story	1	Ranch	1150	2	Oil	5	Hot Water
Holden	1010	Single Fam  MDL-01	1	1 Story	1	Ranch	1150	2	Oil	5	Hot Water
Holden	1010	Single Fam  MDL-01	1	1 Story	1	Ranch	1150	2	Oil	5	Hot Water
Holden	1010	Single Fam  MDL-01	1	1 Story	1	Ranch	1150	2	Oil	5	Hot Water
Holden	1010	Single Fam  MDL-01	1	1 Story	1	Ranch	1150	2	Oil	5	Hot Water
Holden	1010	Single Fam  MDL-01	1	1 Story	1	Ranch	1150	2	Oil	5	Hot Water
Holden	1010	Single Fam  MDL-01	1	1 Story	1	Ranch	1150	2	Oil	5	Hot Water
Holden	1010	Single Fam  MDL-01	1	1 Story	1	Ranch	1150	2	Oil	5	Hot Water
Holden	1010	Single Fam  MDL-01	1	1 Story	1	Ranch	1150	2	Oil	5	Hot Water
Holden	1010	Single Fam  MDL-01	1	1 Story	1	Ranch	1150	3	Gas	5	Hot Water
Holden	1010	Single Fam  MDL-01	1	1 Story	1	Ranch	1152	2	Oil	4	Forced Air-Duc
Holden	1010	Single Fam  MDL-01	1	1 Story	1	Ranch	1152	2	Oil	4	Forced Air-Duc
Holden	1010	Single Fam  MDL-01	1	1 Story	1	Ranch	1152	2	Oil	4	Forced Air-Duc
Holden	1010	Single Fam  MDL-01	1	1 Story	1	Ranch	1152	2	Oil	5	Hot Water
Holden	1010	Single Fam  MDL-01	1	1 Story	1	Ranch	1152	2	Oil	5	Hot Water
Holden	1010	Single Fam  MDL-01	1	1 Story	1	Ranch	1152	2	Oil	5	Hot Water
Holden	1010	Single Fam  MDL-01	1	1 Story	1	Ranch	1152	2	Oil	5	Hot Water
Holden	1010	Single Fam  MDL-01	1	1 Story	1	Ranch	1152	2	Oil	5	Hot Water
Holden	1010	Single Fam  MDL-01	1	1 Story	1	Ranch	1152	2	Oil	5	Hot Water
Holden	1010	Single Fam  MDL-01	1	1 Story	1	Ranch	1152	2	Oil	5	Hot Water
Holden	1010	Single Fam  MDL-01	1	1 Story	1	Ranch	1152	4	Electric	7	Radiant-Elec.
Holden	1010	Single Fam  MDL-01	1	1 Story	1	Ranch	1153	2	Oil	5	Hot Water
Holden	1010	Single Fam  MDL-01	1	1 Story	1	Ranch	1154	4	Electric	4	Forced Air-Duc
Holden	1010	Single Fam  MDL-01	1	1 Story	1	Ranch	1156	2	Oil	4	Forced Air-Duc
Holden	1010	Single Fam  MDL-01	1	1 Story	1	Ranch	1156	2	Oil	5	Hot Water
Holden	1010	Single Fam  MDL-01	1	1 Story	1	Ranch	1156	2	Oil	5	Hot Water
Holden	1010	Single Fam  MDL-01	1	1 Story	1	Ranch	1156	2	Oil	5	Hot Water
Holden	1010	Single Fam  MDL-01	1	1 Story	1	Ranch	1156	4	Electric	7	Radiant-Elec.
Holden	1010	Single Fam  MDL-01	1	1 Story	1	Ranch	1158	2	Oil	5	Hot Water
Holden	1010	Single Fam  MDL-01	1	1 Story	1	Ranch	1158	2	Oil	5	Hot Water
Holden	1010	Single Fam  MDL-01	1	1 Story	1	Ranch	1159	2	Oil	5	Hot Water
Holden	1010	Single Fam  MDL-01	1	1 Story	1	Ranch	1160	2	Oil	4	Forced Air-Duc
Holden	1010	Single Fam  MDL-01	1	1 Story	1	Ranch	1160	2	Oil	4	Forced Air-Duc
Holden	1010	Single Fam  MDL-01	1	1 Story	1	Ranch	1160	2	Oil	4	Forced Air-Duc
Holden	1010	Single Fam  MDL-01	1	1 Story	1	Ranch	1160	2	Oil	4	Forced Air-Duc
Holden	1010	Single Fam  MDL-01	1	1 Story	1	Ranch	1160	2	Oil	4	Forced Air-Duc
Holden	1010	Single Fam  MDL-01	1	1 Story	1	Ranch	1160	2	Oil	5	Hot Water
Holden	1010	Single Fam  MDL-01	1	1 Story	1	Ranch	1160	2	Oil	5	Hot Water
Holden	1010	Single Fam  MDL-01	1	1 Story	1	Ranch	1160	2	Oil	5	Hot Water
Holden	1010	Single Fam  MDL-01	1	1 Story	1	Ranch	1160	2	Oil	5	Hot Water
Holden	1010	Single Fam  MDL-01	1	1 Story	1	Ranch	1160	2	Oil	5	Hot Water
Holden	1010	Single Fam  MDL-01	1	1 Story	1	Ranch	1160	2	Oil	6	Steam
Holden	1010	Single Fam  MDL-01	1	1 Story	1	Ranch	1161	2	Oil	4	Forced Air-Duc
Holden	1010	Single Fam  MDL-01	1	1 Story	1	Ranch	1161	2	Oil	5	Hot Water
Holden	1010	Single Fam  MDL-01	1	1 Story	1	Ranch	1161	2	Oil	5	Hot Water
Holden	1010	Single Fam  MDL-01	1	1 Story	1	Ranch	1161	2	Oil	5	Hot Water
Holden	1010	Single Fam  MDL-01	1	1 Story	1	Ranch	1162	2	Oil	4	Forced Air-Duc
Holden	1010	Single Fam  MDL-01	1	1 Story	1	Ranch	1162	2	Oil	5	Hot Water
Holden	1010	Single Fam  MDL-01	1	1 Story	1	Ranch	1162	2	Oil	5	Hot Water
Holden	1010	Single Fam  MDL-01	1	1 Story	1	Ranch	1163	2	Oil	5	Hot Water
Holden	1010	Single Fam  MDL-01	1	1 Story	1	Ranch	1163	2	Oil	5	Hot Water
Holden	1010	Single Fam  MDL-01	1	1 Story	1	Ranch	1164	2	Oil	5	Hot Water
Holden	1010	Single Fam  MDL-01	1	1 Story	1	Ranch	1164	2	Oil	5	Hot Water
Holden	1010	Single Fam  MDL-01	1	1 Story	1	Ranch	1165	2	Oil	5	Hot Water
Holden	1010	Single Fam  MDL-01	1	1 Story	1	Ranch	1165	2	Oil	5	Hot Water
Holden	1010	Single Fam  MDL-01	1	1 Story	1	Ranch	1165	2	Oil	5	Hot Water
Holden	1010	Single Fam  MDL-01	1	1 Story	1	Ranch	1166	2	Oil	4	Forced Air-Duc
Holden	1010	Single Fam  MDL-01	1	1 Story	1	Ranch	1166	2	Oil	5	Hot Water
Holden	1010	Single Fam  MDL-01	1	1 Story	1	Ranch	1167	2	Oil	5	Hot Water
Holden	1010	Single Fam  MDL-01	1	1 Story	1	Ranch	1168	2	Oil	4	Forced Air-Duc
Holden	1010	Single Fam  MDL-01	1	1 Story	1	Ranch	1168	2	Oil	4	Forced Air-Duc
Holden	1010	Single Fam  MDL-01	1	1 Story	1	Ranch	1170	2	Oil	4	Forced Air-Duc
Holden	1010	Single Fam  MDL-01	1	1 Story	1	Ranch	1170	2	Oil	5	Hot Water
Holden	1010	Single Fam  MDL-01	1	1 Story	1	Ranch	1170	2	Oil	5	Hot Water
Holden	1010	Single Fam  MDL-01	1	1 Story	1	Ranch	1170	2	Oil	5	Hot Water
Holden	1010	Single Fam  MDL-01	1	1 Story	1	Ranch	1170	2	Oil	5	Hot Water
Holden	1010	Single Fam  MDL-01	1	1 Story	1	Ranch	1172	2	Oil	5	Hot Water
Holden	1010	Single Fam  MDL-01	1	1 Story	1	Ranch	1172	2	Oil	5	Hot Water
Holden	1010	Single Fam  MDL-01	1	1 Story	1	Ranch	1173	2	Oil	5	Hot Water
Holden	1010	Single Fam  MDL-01	1	1 Story	1	Ranch	1174	2	Oil	5	Hot Water
Holden	1010	Single Fam  MDL-01	1	1 Story	1	Ranch	1174	2	Oil	5	Hot Water
Holden	1010	Single Fam  MDL-01	1	1 Story	1	Ranch	1174	2	Oil	5	Hot Water
Holden	1010	Single Fam  MDL-01	1	1 Story	1	Ranch	1174	2	Oil	5	Hot Water
Holden	1010	Single Fam  MDL-01	1	1 Story	1	Ranch	1174	2	Oil	5	Hot Water
Holden	1010	Single Fam  MDL-01	1	1 Story	1	Ranch	1175	2	Oil	5	Hot Water
Holden	1010	Single Fam  MDL-01	1	1 Story	1	Ranch	1176	2	Oil	5	Hot Water
Holden	1010	Single Fam  MDL-01	1	1 Story	1	Ranch	1176	2	Oil	5	Hot Water
Holden	1010	Single Fam  MDL-01	1	1 Story	1	Ranch	1176	2	Oil	5	Hot Water
Holden	1010	Single Fam  MDL-01	1	1 Story	1	Ranch	1176	2	Oil	5	Hot Water
Holden	1010	Single Fam  MDL-01	1	1 Story	1	Ranch	1176	2	Oil	5	Hot Water
Holden	1010	Single Fam  MDL-01	1	1 Story	1	Ranch	1177	2	Oil	5	Hot Water
Holden	1010	Single Fam  MDL-01	1	1 Story	1	Ranch	1177	2	Oil	6	Steam
Holden	1010	Single Fam  MDL-01	1	1 Story	1	Ranch	1178	2	Oil	5	Hot Water
Holden	1010	Single Fam  MDL-01	1	1 Story	1	Ranch	1179	2	Oil	3	Hot Air-no Duc
Holden	1010	Single Fam  MDL-01	1	1 Story	1	Ranch	1179	2	Oil	5	Hot Water
Holden	1010	Single Fam  MDL-01	1	1 Story	1	Ranch	1180	2	Oil	4	Forced Air-Duc
Holden	1010	Single Fam  MDL-01	1	1 Story	1	Ranch	1180	2	Oil	5	Hot Water
Holden	1010	Single Fam  MDL-01	1	1 Story	1	Ranch	1182	2	Oil	4	Forced Air-Duc
Holden	1010	Single Fam  MDL-01	1	1 Story	1	Ranch	1184	2	Oil	4	Forced Air-Duc
Holden	1010	Single Fam  MDL-01	1	1 Story	1	Ranch	1184	2	Oil	5	Hot Water
Holden	1010	Single Fam  MDL-01	1	1 Story	1	Ranch	1184	2	Oil	5	Hot Water
Holden	1010	Single Fam  MDL-01	1	1 Story	1	Ranch	1184	2	Oil	5	Hot Water
Holden	1010	Single Fam  MDL-01	1	1 Story	1	Ranch	1184	2	Oil	5	Hot Water
Holden	1010	Single Fam  MDL-01	1	1 Story	1	Ranch	1188	2	Oil	4	Forced Air-Duc
Holden	1010	Single Fam  MDL-01	1	1 Story	1	Ranch	1188	2	Oil	5	Hot Water
Holden	1010	Single Fam  MDL-01	1	1 Story	1	Ranch	1188	2	Oil	5	Hot Water
Holden	1010	Single Fam  MDL-01	1	1 Story	1	Ranch	1188	2	Oil	5	Hot Water
Holden	1010	Single Fam  MDL-01	1	1 Story	1	Ranch	1188	3	Gas	4	Forced Air-Duc
Holden	1010	Single Fam  MDL-01	1	1 Story	1	Ranch	1189	2	Oil	5	Hot Water
Holden	1010	Single Fam  MDL-01	1	1 Story	1	Ranch	1190	2	Oil	5	Hot Water
Holden	1010	Single Fam  MDL-01	1	1 Story	1	Ranch	1190	2	Oil	5	Hot Water
Holden	1010	Single Fam  MDL-01	1	1 Story	1	Ranch	1192	2	Oil	4	Forced Air-Duc
Holden	1010	Single Fam  MDL-01	1	1 Story	1	Ranch	1193	2	Oil	5	Hot Water
Holden	1010	Single Fam  MDL-01	1	1 Story	1	Ranch	1194	2	Oil	4	Forced Air-Duc
Holden	1010	Single Fam  MDL-01	1	1 Story	1	Ranch	1194	2	Oil	5	Hot Water
Holden	1010	Single Fam  MDL-01	1	1 Story	1	Ranch	1195	2	Oil	6	Steam
Holden	1010	Single Fam  MDL-01	1	1 Story	1	Ranch	1196	2	Oil	4	Forced Air-Duc
Holden	1010	Single Fam  MDL-01	1	1 Story	1	Ranch	1196	2	Oil	5	Hot Water
Holden	1010	Single Fam  MDL-01	1	1 Story	1	Ranch	1196	2	Oil	5	Hot Water
Holden	1010	Single Fam  MDL-01	1	1 Story	1	Ranch	1196	2	Oil	5	Hot Water
Holden	1010	Single Fam  MDL-01	1	1 Story	1	Ranch	1196	2	Oil	5	Hot Water
Holden	1010	Single Fam  MDL-01	1	1 Story	1	Ranch	1196	2	Oil	5	Hot Water
Holden	1010	Single Fam  MDL-01	1	1 Story	1	Ranch	1196	2	Oil	5	Hot Water
Holden	1010	Single Fam  MDL-01	1	1 Story	1	Ranch	1196	2	Oil	5	Hot Water
Holden	1010	Single Fam  MDL-01	1	1 Story	1	Ranch	1196	2	Oil	5	Hot Water
Holden	1010	Single Fam  MDL-01	1	1 Story	1	Ranch	1196	2	Oil	5	Hot Water
Holden	1010	Single Fam  MDL-01	1	1 Story	1	Ranch	1196	2	Oil	5	Hot Water
Holden	1010	Single Fam  MDL-01	1	1 Story	1	Ranch	1196	4	Electric	7	Radiant-Elec.
Holden	1010	Single Fam  MDL-01	1	1 Story	1	Ranch	1196	4	Electric	7	Radiant-Elec.
Holden	1010	Single Fam  MDL-01	1	1 Story	1	Ranch	1196	4	Electric	7	Radiant-Elec.
Holden	1010	Single Fam  MDL-01	1	1 Story	1	Ranch	1196	4	Electric	7	Radiant-Elec.
Holden	1010	Single Fam  MDL-01	1	1 Story	1	Ranch	1198	2	Oil	5	Hot Water
Holden	1010	Single Fam  MDL-01	1	1 Story	1	Ranch	1198	2	Oil	5	Hot Water
Holden	1010	Single Fam  MDL-01	1	1 Story	1	Ranch	1199	2	Oil	5	Hot Water
Holden	1010	Single Fam  MDL-01	1	1 Story	1	Ranch	1199	2	Oil	5	Hot Water
Holden	1010	Single Fam  MDL-01	1	1 Story	1	Ranch	1200	2	Oil	5	Hot Water
Holden	1010	Single Fam  MDL-01	1	1 Story	1	Ranch	1200	2	Oil	5	Hot Water
Holden	1010	Single Fam  MDL-01	1	1 Story	1	Ranch	1200	2	Oil	5	Hot Water
Holden	1010	Single Fam  MDL-01	1	1 Story	1	Ranch	1200	2	Oil	5	Hot Water
Holden	1010	Single Fam  MDL-01	1	1 Story	1	Ranch	1200	2	Oil	5	Hot Water
Holden	1010	Single Fam  MDL-01	1	1 Story	1	Ranch	1200	3	Gas	4	Forced Air-Duc
Holden	1010	Single Fam  MDL-01	1	1 Story	1	Ranch	1200	3	Gas	5	Hot Water
Holden	1010	Single Fam  MDL-01	1	1 Story	1	Ranch	1201	2	Oil	5	Hot Water
Holden	1010	Single Fam  MDL-01	1	1 Story	1	Ranch	1203	2	Oil	4	Forced Air-Duc
Holden	1010	Single Fam  MDL-01	1	1 Story	1	Ranch	1204	2	Oil	4	Forced Air-Duc
Holden	1010	Single Fam  MDL-01	1	1 Story	1	Ranch	1204	2	Oil	4	Forced Air-Duc
Holden	1010	Single Fam  MDL-01	1	1 Story	1	Ranch	1205	2	Oil	5	Hot Water
Holden	1010	Single Fam  MDL-01	1	1 Story	1	Ranch	1206	2	Oil	4	Forced Air-Duc
Holden	1010	Single Fam  MDL-01	1	1 Story	1	Ranch	1206	2	Oil	5	Hot Water
Holden	1010	Single Fam  MDL-01	1	1 Story	1	Ranch	1208	2	Oil	4	Forced Air-Duc
Holden	1010	Single Fam  MDL-01	1	1 Story	1	Ranch	1208	2	Oil	5	Hot Water
Holden	1010	Single Fam  MDL-01	1	1 Story	1	Ranch	1208	2	Oil	5	Hot Water
Holden	1010	Single Fam  MDL-01	1	1 Story	1	Ranch	1208	2	Oil	5	Hot Water
Holden	1010	Single Fam  MDL-01	1	1 Story	1	Ranch	1209	2	Oil	5	Hot Water
Holden	1010	Single Fam  MDL-01	1	1 Story	1	Ranch	1210	2	Oil	5	Hot Water
Holden	1010	Single Fam  MDL-01	1	1 Story	1	Ranch	1210	2	Oil	5	Hot Water
Holden	1010	Single Fam  MDL-01	1	1 Story	1	Ranch	1212	2	Oil	4	Forced Air-Duc
Holden	1010	Single Fam  MDL-01	1	1 Story	1	Ranch	1212	2	Oil	5	Hot Water
Holden	1010	Single Fam  MDL-01	1	1 Story	1	Ranch	1213	2	Oil	5	Hot Water
Holden	1010	Single Fam  MDL-01	1	1 Story	1	Ranch	1214	2	Oil	5	Hot Water
Holden	1010	Single Fam  MDL-01	1	1 Story	1	Ranch	1214	3	Gas	4	Forced Air-Duc
Holden	1010	Single Fam  MDL-01	1	1 Story	1	Ranch	1215	2	Oil	5	Hot Water
Holden	1010	Single Fam  MDL-01	1	1 Story	1	Ranch	1215	2	Oil	5	Hot Water
Holden	1010	Single Fam  MDL-01	1	1 Story	1	Ranch	1217	4	Electric	7	Radiant-Elec.
Holden	1010	Single Fam  MDL-01	1	1 Story	1	Ranch	1218	2	Oil	5	Hot Water
Holden	1010	Single Fam  MDL-01	1	1 Story	1	Ranch	1218	2	Oil	5	Hot Water
Holden	1010	Single Fam  MDL-01	1	1 Story	1	Ranch	1218	2	Oil	5	Hot Water
Holden	1010	Single Fam  MDL-01	1	1 Story	1	Ranch	1218	2	Oil	5	Hot Water
Holden	1010	Single Fam  MDL-01	1	1 Story	1	Ranch	1218	4	Electric	7	Radiant-Elec.
Holden	1010	Single Fam  MDL-01	1	1 Story	1	Ranch	1221	2	Oil	5	Hot Water
Holden	1010	Single Fam  MDL-01	1	1 Story	1	Ranch	1222	2	Oil	4	Forced Air-Duc
Holden	1010	Single Fam  MDL-01	1	1 Story	1	Ranch	1222	2	Oil	4	Forced Air-Duc
Holden	1010	Single Fam  MDL-01	1	1 Story	1	Ranch	1222	2	Oil	5	Hot Water
Holden	1010	Single Fam  MDL-01	1	1 Story	1	Ranch	1222	3	Gas	5	Hot Water
Holden	1010	Single Fam  MDL-01	1	1 Story	1	Ranch	1224	2	Oil	5	Hot Water
Holden	1010	Single Fam  MDL-01	1	1 Story	1	Ranch	1224	2	Oil	5	Hot Water
Holden	1010	Single Fam  MDL-01	1	1 Story	1	Ranch	1224	2	Oil	5	Hot Water
Holden	1010	Single Fam  MDL-01	1	1 Story	1	Ranch	1225	2	Oil	5	Hot Water
Holden	1010	Single Fam  MDL-01	1	1 Story	1	Ranch	1225	2	Oil	5	Hot Water
Holden	1010	Single Fam  MDL-01	1	1 Story	1	Ranch	1225	2	Oil	5	Hot Water
Holden	1010	Single Fam  MDL-01	1	1 Story	1	Ranch	1226	2	Oil	4	Forced Air-Duc
Holden	1010	Single Fam  MDL-01	1	1 Story	1	Ranch	1226	2	Oil	4	Forced Air-Duc
Holden	1010	Single Fam  MDL-01	1	1 Story	1	Ranch	1226	2	Oil	4	Forced Air-Duc
Holden	1010	Single Fam  MDL-01	1	1 Story	1	Ranch	1226	2	Oil	5	Hot Water
Holden	1010	Single Fam  MDL-01	1	1 Story	1	Ranch	1226	2	Oil	5	Hot Water
Holden	1010	Single Fam  MDL-01	1	1 Story	1	Ranch	1227	2	Oil	5	Hot Water
Holden	1010	Single Fam  MDL-01	1	1 Story	1	Ranch	1228	2	Oil	5	Hot Water
Holden	1010	Single Fam  MDL-01	1	1 Story	1	Ranch	1229	2	Oil	5	Hot Water
Holden	1010	Single Fam  MDL-01	1	1 Story	1	Ranch	1230	2	Oil	5	Hot Water
Holden	1010	Single Fam  MDL-01	1	1 Story	1	Ranch	1230	2	Oil	5	Hot Water
Holden	1010	Single Fam  MDL-01	1	1 Story	1	Ranch	1230	3	Gas	4	Forced Air-Duc
Holden	1010	Single Fam  MDL-01	1	1 Story	1	Ranch	1232	2	Oil	5	Hot Water
Holden	1010	Single Fam  MDL-01	1	1 Story	1	Ranch	1232	2	Oil	5	Hot Water
Holden	1010	Single Fam  MDL-01	1	1 Story	1	Ranch	1232	2	Oil	5	Hot Water
Holden	1010	Single Fam  MDL-01	1	1 Story	1	Ranch	1232	7	Propane	5	Hot Water
Holden	1010	Single Fam  MDL-01	1	1 Story	1	Ranch	1235	2	Oil	5	Hot Water
Holden	1010	Single Fam  MDL-01	1	1 Story	1	Ranch	1236	2	Oil	4	Forced Air-Duc
Holden	1010	Single Fam  MDL-01	1	1 Story	1	Ranch	1236	2	Oil	4	Forced Air-Duc
Holden	1010	Single Fam  MDL-01	1	1 Story	1	Ranch	1236	2	Oil	4	Forced Air-Duc
Holden	1010	Single Fam  MDL-01	1	1 Story	1	Ranch	1236	2	Oil	5	Hot Water
Holden	1010	Single Fam  MDL-01	1	1 Story	1	Ranch	1238	2	Oil	5	Hot Water
Holden	1010	Single Fam  MDL-01	1	1 Story	1	Ranch	1239	2	Oil	4	Forced Air-Duc
Holden	1010	Single Fam  MDL-01	1	1 Story	1	Ranch	1239	2	Oil	5	Hot Water
Holden	1010	Single Fam  MDL-01	1	1 Story	1	Ranch	1239	2	Oil	5	Hot Water
Holden	1010	Single Fam  MDL-01	1	1 Story	1	Ranch	1239	2	Oil	5	Hot Water
Holden	1010	Single Fam  MDL-01	1	1 Story	1	Ranch	1239	3	Gas	5	Hot Water
Holden	1010	Single Fam  MDL-01	1	1 Story	1	Ranch	1240	2	Oil	4	Forced Air-Duc
Holden	1010	Single Fam  MDL-01	1	1 Story	1	Ranch	1240	2	Oil	5	Hot Water
Holden	1010	Single Fam  MDL-01	1	1 Story	1	Ranch	1240	2	Oil	5	Hot Water
Holden	1010	Single Fam  MDL-01	1	1 Story	1	Ranch	1240	2	Oil	5	Hot Water
Holden	1010	Single Fam  MDL-01	1	1 Story	1	Ranch	1240	2	Oil	5	Hot Water
Holden	1010	Single Fam  MDL-01	1	1 Story	1	Ranch	1240	2	Oil	5	Hot Water
Holden	1010	Single Fam  MDL-01	1	1 Story	1	Ranch	1241	2	Oil	5	Hot Water
Holden	1010	Single Fam  MDL-01	1	1 Story	1	Ranch	1242	2	Oil	4	Forced Air-Duc
Holden	1010	Single Fam  MDL-01	1	1 Story	1	Ranch	1242	2	Oil	5	Hot Water
Holden	1010	Single Fam  MDL-01	1	1 Story	1	Ranch	1242	2	Oil	5	Hot Water
Holden	1010	Single Fam  MDL-01	1	1 Story	1	Ranch	1243	2	Oil	5	Hot Water
Holden	1010	Single Fam  MDL-01	1	1 Story	1	Ranch	1244	2	Oil	5	Hot Water
Holden	1010	Single Fam  MDL-01	1	1 Story	1	Ranch	1244	2	Oil	6	Steam
Holden	1010	Single Fam  MDL-01	1	1 Story	1	Ranch	1244	3	Gas	5	Hot Water
Holden	1010	Single Fam  MDL-01	1	1 Story	1	Ranch	1246	2	Oil	5	Hot Water
Holden	1010	Single Fam  MDL-01	1	1 Story	1	Ranch	1246	2	Oil	5	Hot Water
Holden	1010	Single Fam  MDL-01	1	1 Story	1	Ranch	1247	2	Oil	3	Hot Air-no Duc
Holden	1010	Single Fam  MDL-01	1	1 Story	1	Ranch	1248	2	Oil	4	Forced Air-Duc
Holden	1010	Single Fam  MDL-01	1	1 Story	1	Ranch	1248	2	Oil	4	Forced Air-Duc
Holden	1010	Single Fam  MDL-01	1	1 Story	1	Ranch	1248	2	Oil	4	Forced Air-Duc
Holden	1010	Single Fam  MDL-01	1	1 Story	1	Ranch	1248	2	Oil	5	Hot Water
Holden	1010	Single Fam  MDL-01	1	1 Story	1	Ranch	1248	2	Oil	5	Hot Water
Holden	1010	Single Fam  MDL-01	1	1 Story	1	Ranch	1248	2	Oil	5	Hot Water
Holden	1010	Single Fam  MDL-01	1	1 Story	1	Ranch	1248	2	Oil	5	Hot Water
Holden	1010	Single Fam  MDL-01	1	1 Story	1	Ranch	1248	2	Oil	5	Hot Water
Holden	1010	Single Fam  MDL-01	1	1 Story	1	Ranch	1248	2	Oil	5	Hot Water
Holden	1010	Single Fam  MDL-01	1	1 Story	1	Ranch	1248	2	Oil	5	Hot Water
Holden	1010	Single Fam  MDL-01	1	1 Story	1	Ranch	1248	2	Oil	5	Hot Water
Holden	1010	Single Fam  MDL-01	1	1 Story	1	Ranch	1248	2	Oil	5	Hot Water
Holden	1010	Single Fam  MDL-01	1	1 Story	1	Ranch	1248	2	Oil	5	Hot Water
Holden	1010	Single Fam  MDL-01	1	1 Story	1	Ranch	1248	2	Oil	5	Hot Water
Holden	1010	Single Fam  MDL-01	1	1 Story	1	Ranch	1248	2	Oil	5	Hot Water
Holden	1010	Single Fam  MDL-01	1	1 Story	1	Ranch	1248	2	Oil	5	Hot Water
Holden	1010	Single Fam  MDL-01	1	1 Story	1	Ranch	1249	2	Oil	5	Hot Water
Holden	1010	Single Fam  MDL-01	1	1 Story	1	Ranch	1252	2	Oil	5	Hot Water
Holden	1010	Single Fam  MDL-01	1	1 Story	1	Ranch	1252	2	Oil	5	Hot Water
Holden	1010	Single Fam  MDL-01	1	1 Story	1	Ranch	1252	2	Oil	5	Hot Water
Holden	1010	Single Fam  MDL-01	1	1 Story	1	Ranch	1253	2	Oil	5	Hot Water
Holden	1010	Single Fam  MDL-01	1	1 Story	1	Ranch	1254	2	Oil	4	Forced Air-Duc
Holden	1010	Single Fam  MDL-01	1	1 Story	1	Ranch	1254	2	Oil	5	Hot Water
Holden	1010	Single Fam  MDL-01	1	1 Story	1	Ranch	1254	2	Oil	5	Hot Water
Holden	1010	Single Fam  MDL-01	1	1 Story	1	Ranch	1254	2	Oil	5	Hot Water
Holden	1010	Single Fam  MDL-01	1	1 Story	1	Ranch	1256	2	Oil	5	Hot Water
Holden	1010	Single Fam  MDL-01	1	1 Story	1	Ranch	1256	2	Oil	5	Hot Water
Holden	1010	Single Fam  MDL-01	1	1 Story	1	Ranch	1256	2	Oil	5	Hot Water
Holden	1010	Single Fam  MDL-01	1	1 Story	1	Ranch	1256	2	Oil	5	Hot Water
Holden	1010	Single Fam  MDL-01	1	1 Story	1	Ranch	1257	2	Oil	4	Forced Air-Duc
Holden	1010	Single Fam  MDL-01	1	1 Story	1	Ranch	1258	2	Oil	5	Hot Water
Holden	1010	Single Fam  MDL-01	1	1 Story	1	Ranch	1259	2	Oil	5	Hot Water
Holden	1010	Single Fam  MDL-01	1	1 Story	1	Ranch	1260	2	Oil	4	Forced Air-Duc
Holden	1010	Single Fam  MDL-01	1	1 Story	1	Ranch	1260	2	Oil	5	Hot Water
Holden	1010	Single Fam  MDL-01	1	1 Story	1	Ranch	1260	2	Oil	5	Hot Water
Holden	1010	Single Fam  MDL-01	1	1 Story	1	Ranch	1260	2	Oil	5	Hot Water
Holden	1010	Single Fam  MDL-01	1	1 Story	1	Ranch	1260	2	Oil	5	Hot Water
Holden	1010	Single Fam  MDL-01	1	1 Story	1	Ranch	1260	2	Oil	5	Hot Water
Holden	1010	Single Fam  MDL-01	1	1 Story	1	Ranch	1260	2	Oil	5	Hot Water
Holden	1010	Single Fam  MDL-01	1	1 Story	1	Ranch	1260	3	Gas	4	Forced Air-Duc
Holden	1010	Single Fam  MDL-01	1	1 Story	1	Ranch	1262	2	Oil	4	Forced Air-Duc
Holden	1010	Single Fam  MDL-01	1	1 Story	1	Ranch	1262	2	Oil	4	Forced Air-Duc
Holden	1010	Single Fam  MDL-01	1	1 Story	1	Ranch	1262	2	Oil	5	Hot Water
Holden	1010	Single Fam  MDL-01	1	1 Story	1	Ranch	1262	2	Oil	5	Hot Water
Holden	1010	Single Fam  MDL-01	1	1 Story	1	Ranch	1262	2	Oil	5	Hot Water
Holden	1010	Single Fam  MDL-01	1	1 Story	1	Ranch	1264	2	Oil	4	Forced Air-Duc
Holden	1010	Single Fam  MDL-01	1	1 Story	1	Ranch	1264	2	Oil	4	Forced Air-Duc
Holden	1010	Single Fam  MDL-01	1	1 Story	1	Ranch	1264	2	Oil	4	Forced Air-Duc
Holden	1010	Single Fam  MDL-01	1	1 Story	1	Ranch	1264	2	Oil	5	Hot Water
Holden	1010	Single Fam  MDL-01	1	1 Story	1	Ranch	1264	2	Oil	5	Hot Water
Holden	1010	Single Fam  MDL-01	1	1 Story	1	Ranch	1264	2	Oil	5	Hot Water
Holden	1010	Single Fam  MDL-01	1	1 Story	1	Ranch	1264	2	Oil	5	Hot Water
Holden	1010	Single Fam  MDL-01	1	1 Story	1	Ranch	1265	2	Oil	5	Hot Water
Holden	1010	Single Fam  MDL-01	1	1 Story	1	Ranch	1265	2	Oil	5	Hot Water
Holden	1010	Single Fam  MDL-01	1	1 Story	1	Ranch	1266	2	Oil	5	Hot Water
Holden	1010	Single Fam  MDL-01	1	1 Story	1	Ranch	1266	2	Oil	5	Hot Water
Holden	1010	Single Fam  MDL-01	1	1 Story	1	Ranch	1267	2	Oil	5	Hot Water
Holden	1010	Single Fam  MDL-01	1	1 Story	1	Ranch	1268	2	Oil	4	Forced Air-Duc
Holden	1010	Single Fam  MDL-01	1	1 Story	1	Ranch	1268	2	Oil	4	Forced Air-Duc
Holden	1010	Single Fam  MDL-01	1	1 Story	1	Ranch	1268	2	Oil	5	Hot Water
Holden	1010	Single Fam  MDL-01	1	1 Story	1	Ranch	1268	4	Electric	7	Radiant-Elec.
Holden	1010	Single Fam  MDL-01	1	1 Story	1	Ranch	1269	2	Oil	5	Hot Water
Holden	1010	Single Fam  MDL-01	1	1 Story	1	Ranch	1270	3	Gas	4	Forced Air-Duc
Holden	1010	Single Fam  MDL-01	1	1 Story	1	Ranch	1271	2	Oil	4	Forced Air-Duc
Holden	1010	Single Fam  MDL-01	1	1 Story	1	Ranch	1271	2	Oil	5	Hot Water
Holden	1010	Single Fam  MDL-01	1	1 Story	1	Ranch	1272	2	Oil	4	Forced Air-Duc
Holden	1010	Single Fam  MDL-01	1	1 Story	1	Ranch	1272	2	Oil	4	Forced Air-Duc
Holden	1010	Single Fam  MDL-01	1	1 Story	1	Ranch	1272	2	Oil	5	Hot Water
Holden	1010	Single Fam  MDL-01	1	1 Story	1	Ranch	1272	4	Electric	7	Radiant-Elec.
Holden	1010	Single Fam  MDL-01	1	1 Story	1	Ranch	1274	2	Oil	4	Forced Air-Duc
Holden	1010	Single Fam  MDL-01	1	1 Story	1	Ranch	1274	2	Oil	5	Hot Water
Holden	1010	Single Fam  MDL-01	1	1 Story	1	Ranch	1274	2	Oil	5	Hot Water
Holden	1010	Single Fam  MDL-01	1	1 Story	1	Ranch	1274	2	Oil	5	Hot Water
Holden	1010	Single Fam  MDL-01	1	1 Story	1	Ranch	1274	2	Oil	5	Hot Water
Holden	1010	Single Fam  MDL-01	1	1 Story	1	Ranch	1275	2	Oil	5	Hot Water
Holden	1010	Single Fam  MDL-01	1	1 Story	1	Ranch	1275	2	Oil	5	Hot Water
Holden	1010	Single Fam  MDL-01	1	1 Story	1	Ranch	1276	2	Oil	4	Forced Air-Duc
Holden	1010	Single Fam  MDL-01	1	1 Story	1	Ranch	1276	2	Oil	5	Hot Water
Holden	1010	Single Fam  MDL-01	1	1 Story	1	Ranch	1276	3	Gas	5	Hot Water
Holden	1010	Single Fam  MDL-01	1	1 Story	1	Ranch	1277	2	Oil	5	Hot Water
Holden	1010	Single Fam  MDL-01	1	1 Story	1	Ranch	1278	2	Oil	5	Hot Water
Holden	1010	Single Fam  MDL-01	1	1 Story	1	Ranch	1278	2	Oil	5	Hot Water
Holden	1010	Single Fam  MDL-01	1	1 Story	1	Ranch	1279	2	Oil	5	Hot Water
Holden	1010	Single Fam  MDL-01	1	1 Story	1	Ranch	1280	2	Oil	4	Forced Air-Duc
Holden	1010	Single Fam  MDL-01	1	1 Story	1	Ranch	1280	2	Oil	4	Forced Air-Duc
Holden	1010	Single Fam  MDL-01	1	1 Story	1	Ranch	1281	2	Oil	5	Hot Water
Holden	1010	Single Fam  MDL-01	1	1 Story	1	Ranch	1281	2	Oil	5	Hot Water
Holden	1010	Single Fam  MDL-01	1	1 Story	1	Ranch	1281	3	Gas	5	Hot Water
Holden	1010	Single Fam  MDL-01	1	1 Story	1	Ranch	1282	2	Oil	5	Hot Water
Holden	1010	Single Fam  MDL-01	1	1 Story	1	Ranch	1282	2	Oil	5	Hot Water
Holden	1010	Single Fam  MDL-01	1	1 Story	1	Ranch	1284	2	Oil	5	Hot Water
Holden	1010	Single Fam  MDL-01	1	1 Story	1	Ranch	1284	3	Gas	5	Hot Water
Holden	1010	Single Fam  MDL-01	1	1 Story	1	Ranch	1286	2	Oil	5	Hot Water
Holden	1010	Single Fam  MDL-01	1	1 Story	1	Ranch	1286	3	Gas	4	Forced Air-Duc
Holden	1010	Single Fam  MDL-01	1	1 Story	1	Ranch	1287	2	Oil	5	Hot Water
Holden	1010	Single Fam  MDL-01	1	1 Story	1	Ranch	1288	2	Oil	4	Forced Air-Duc
Holden	1010	Single Fam  MDL-01	1	1 Story	1	Ranch	1288	2	Oil	5	Hot Water
Holden	1010	Single Fam  MDL-01	1	1 Story	1	Ranch	1288	2	Oil	5	Hot Water
Holden	1010	Single Fam  MDL-01	1	1 Story	1	Ranch	1288	2	Oil	5	Hot Water
Holden	1010	Single Fam  MDL-01	1	1 Story	1	Ranch	1288	3	Gas	4	Forced Air-Duc
Holden	1010	Single Fam  MDL-01	1	1 Story	1	Ranch	1289	2	Oil	5	Hot Water
Holden	1010	Single Fam  MDL-01	1	1 Story	1	Ranch	1290	2	Oil	5	Hot Water
Holden	1010	Single Fam  MDL-01	1	1 Story	1	Ranch	1290	3	Gas	5	Hot Water
Holden	1010	Single Fam  MDL-01	1	1 Story	1	Ranch	1291	2	Oil	5	Hot Water
Holden	1010	Single Fam  MDL-01	1	1 Story	1	Ranch	1291	2	Oil	5	Hot Water
Holden	1010	Single Fam  MDL-01	1	1 Story	1	Ranch	1292	2	Oil	5	Hot Water
Holden	1010	Single Fam  MDL-01	1	1 Story	1	Ranch	1292	2	Oil	5	Hot Water
Holden	1010	Single Fam  MDL-01	1	1 Story	1	Ranch	1292	2	Oil	5	Hot Water
Holden	1010	Single Fam  MDL-01	1	1 Story	1	Ranch	1293	2	Oil	4	Forced Air-Duc
Holden	1010	Single Fam  MDL-01	1	1 Story	1	Ranch	1294	2	Oil	5	Hot Water
Holden	1010	Single Fam  MDL-01	1	1 Story	1	Ranch	1296	2	Oil	4	Forced Air-Duc
Holden	1010	Single Fam  MDL-01	1	1 Story	1	Ranch	1296	2	Oil	5	Hot Water
Holden	1010	Single Fam  MDL-01	1	1 Story	1	Ranch	1296	2	Oil	5	Hot Water
Holden	1010	Single Fam  MDL-01	1	1 Story	1	Ranch	1296	2	Oil	5	Hot Water
Holden	1010	Single Fam  MDL-01	1	1 Story	1	Ranch	1296	2	Oil	5	Hot Water
Holden	1010	Single Fam  MDL-01	1	1 Story	1	Ranch	1296	2	Oil	5	Hot Water
Holden	1010	Single Fam  MDL-01	1	1 Story	1	Ranch	1296	2	Oil	5	Hot Water
Holden	1010	Single Fam  MDL-01	1	1 Story	1	Ranch	1296	2	Oil	5	Hot Water
Holden	1010	Single Fam  MDL-01	1	1 Story	1	Ranch	1296	2	Oil	5	Hot Water
Holden	1010	Single Fam  MDL-01	1	1 Story	1	Ranch	1296	3	Gas	5	Hot Water
Holden	1010	Single Fam  MDL-01	1	1 Story	1	Ranch	1297	2	Oil	5	Hot Water
Holden	1010	Single Fam  MDL-01	1	1 Story	1	Ranch	1298	2	Oil	5	Hot Water
Holden	1010	Single Fam  MDL-01	1	1 Story	1	Ranch	1298	2	Oil	5	Hot Water
Holden	1010	Single Fam  MDL-01	1	1 Story	1	Ranch	1298	2	Oil	5	Hot Water
Holden	1010	Single Fam  MDL-01	1	1 Story	1	Ranch	1298	2	Oil	5	Hot Water
Holden	1010	Single Fam  MDL-01	1	1 Story	1	Ranch	1299	2	Oil	5	Hot Water
Holden	1010	Single Fam  MDL-01	1	1 Story	1	Ranch	1299	2	Oil	5	Hot Water
Holden	1010	Single Fam  MDL-01	1	1 Story	1	Ranch	1300	2	Oil	5	Hot Water
Holden	1010	Single Fam  MDL-01	1	1 Story	1	Ranch	1300	2	Oil	5	Hot Water
Holden	1010	Single Fam  MDL-01	1	1 Story	1	Ranch	1300	2	Oil	5	Hot Water
Holden	1010	Single Fam  MDL-01	1	1 Story	1	Ranch	1300	2	Oil	5	Hot Water
Holden	1010	Single Fam  MDL-01	1	1 Story	1	Ranch	1300	2	Oil	5	Hot Water
Holden	1010	Single Fam  MDL-01	1	1 Story	1	Ranch	1300	2	Oil	5	Hot Water
Holden	1010	Single Fam  MDL-01	1	1 Story	1	Ranch	1300	3	Gas	5	Hot Water
Holden	1010	Single Fam  MDL-01	1	1 Story	1	Ranch	1300	7	Propane	5	Hot Water
Holden	1010	Single Fam  MDL-01	1	1 Story	1	Ranch	1302	2	Oil	5	Hot Water
Holden	1010	Single Fam  MDL-01	1	1 Story	1	Ranch	1302	2	Oil	5	Hot Water
Holden	1010	Single Fam  MDL-01	1	1 Story	1	Ranch	1302	2	Oil	5	Hot Water
Holden	1010	Single Fam  MDL-01	1	1 Story	1	Ranch	1304	2	Oil	5	Hot Water
Holden	1010	Single Fam  MDL-01	1	1 Story	1	Ranch	1305	2	Oil	5	Hot Water
Holden	1010	Single Fam  MDL-01	1	1 Story	1	Ranch	1306	2	Oil	5	Hot Water
Holden	1010	Single Fam  MDL-01	1	1 Story	1	Ranch	1306	2	Oil	5	Hot Water
Holden	1010	Single Fam  MDL-01	1	1 Story	1	Ranch	1307	2	Oil	6	Steam
Holden	1010	Single Fam  MDL-01	1	1 Story	1	Ranch	1308	2	Oil	5	Hot Water
Holden	1010	Single Fam  MDL-01	1	1 Story	1	Ranch	1308	2	Oil	5	Hot Water
Holden	1010	Single Fam  MDL-01	1	1 Story	1	Ranch	1308	2	Oil	5	Hot Water
Holden	1010	Single Fam  MDL-01	1	1 Story	1	Ranch	1308	2	Oil	5	Hot Water
Holden	1010	Single Fam  MDL-01	1	1 Story	1	Ranch	1309	2	Oil	5	Hot Water
Holden	1010	Single Fam  MDL-01	1	1 Story	1	Ranch	1310	2	Oil	4	Forced Air-Duc
Holden	1010	Single Fam  MDL-01	1	1 Story	1	Ranch	1310	2	Oil	5	Hot Water
Holden	1010	Single Fam  MDL-01	1	1 Story	1	Ranch	1310	3	Gas	5	Hot Water
Holden	1010	Single Fam  MDL-01	1	1 Story	1	Ranch	1311	2	Oil	5	Hot Water
Holden	1010	Single Fam  MDL-01	1	1 Story	1	Ranch	1312	2	Oil	5	Hot Water
Holden	1010	Single Fam  MDL-01	1	1 Story	1	Ranch	1312	3	Gas	5	Hot Water
Holden	1010	Single Fam  MDL-01	1	1 Story	1	Ranch	1312	3	Gas	5	Hot Water
Holden	1010	Single Fam  MDL-01	1	1 Story	1	Ranch	1314	2	Oil	5	Hot Water
Holden	1010	Single Fam  MDL-01	1	1 Story	1	Ranch	1315	2	Oil	5	Hot Water
Holden	1010	Single Fam  MDL-01	1	1 Story	1	Ranch	1316	2	Oil	4	Forced Air-Duc
Holden	1010	Single Fam  MDL-01	1	1 Story	1	Ranch	1316	2	Oil	5	Hot Water
Holden	1010	Single Fam  MDL-01	1	1 Story	1	Ranch	1316	2	Oil	5	Hot Water
Holden	1010	Single Fam  MDL-01	1	1 Story	1	Ranch	1316	4	Electric	7	Radiant-Elec.
Holden	1010	Single Fam  MDL-01	1	1 Story	1	Ranch	1318	2	Oil	5	Hot Water
Holden	1010	Single Fam  MDL-01	1	1 Story	1	Ranch	1319	2	Oil	5	Hot Water
Holden	1010	Single Fam  MDL-01	1	1 Story	1	Ranch	1320	2	Oil	4	Forced Air-Duc
Holden	1010	Single Fam  MDL-01	1	1 Story	1	Ranch	1320	2	Oil	5	Hot Water
Holden	1010	Single Fam  MDL-01	1	1 Story	1	Ranch	1320	2	Oil	5	Hot Water
Holden	1010	Single Fam  MDL-01	1	1 Story	1	Ranch	1320	2	Oil	5	Hot Water
Holden	1010	Single Fam  MDL-01	1	1 Story	1	Ranch	1320	2	Oil	5	Hot Water
Holden	1010	Single Fam  MDL-01	1	1 Story	1	Ranch	1320	2	Oil	5	Hot Water
Holden	1010	Single Fam  MDL-01	1	1 Story	1	Ranch	1320	2	Oil	5	Hot Water
Holden	1010	Single Fam  MDL-01	1	1 Story	1	Ranch	1320	3	Gas	5	Hot Water
Holden	1010	Single Fam  MDL-01	1	1 Story	1	Ranch	1321	2	Oil	4	Forced Air-Duc
Holden	1010	Single Fam  MDL-01	1	1 Story	1	Ranch	1321	2	Oil	5	Hot Water
Holden	1010	Single Fam  MDL-01	1	1 Story	1	Ranch	1322	2	Oil	5	Hot Water
Holden	1010	Single Fam  MDL-01	1	1 Story	1	Ranch	1323	2	Oil	5	Hot Water
Holden	1010	Single Fam  MDL-01	1	1 Story	1	Ranch	1323	3	Gas	5	Hot Water
Holden	1010	Single Fam  MDL-01	1	1 Story	1	Ranch	1326	2	Oil	4	Forced Air-Duc
Holden	1010	Single Fam  MDL-01	1	1 Story	1	Ranch	1326	2	Oil	5	Hot Water
Holden	1010	Single Fam  MDL-01	1	1 Story	1	Ranch	1326	2	Oil	5	Hot Water
Holden	1010	Single Fam  MDL-01	1	1 Story	1	Ranch	1328	2	Oil	5	Hot Water
Holden	1010	Single Fam  MDL-01	1	1 Story	1	Ranch	1328	2	Oil	5	Hot Water
Holden	1010	Single Fam  MDL-01	1	1 Story	1	Ranch	1328	2	Oil	5	Hot Water
Holden	1010	Single Fam  MDL-01	1	1 Story	1	Ranch	1328	2	Oil	10	Hydro Air
Holden	1010	Single Fam  MDL-01	1	1 Story	1	Ranch	1329	2	Oil	5	Hot Water
Holden	1010	Single Fam  MDL-01	1	1 Story	1	Ranch	1329	2	Oil	5	Hot Water
Holden	1010	Single Fam  MDL-01	1	1 Story	1	Ranch	1332	2	Oil	4	Forced Air-Duc
Holden	1010	Single Fam  MDL-01	1	1 Story	1	Ranch	1332	2	Oil	5	Hot Water
Holden	1010	Single Fam  MDL-01	1	1 Story	1	Ranch	1332	2	Oil	5	Hot Water
Holden	1010	Single Fam  MDL-01	1	1 Story	1	Ranch	1332	2	Oil	5	Hot Water
Holden	1010	Single Fam  MDL-01	1	1 Story	1	Ranch	1332	2	Oil	5	Hot Water
Holden	1010	Single Fam  MDL-01	1	1 Story	1	Ranch	1332	2	Oil	5	Hot Water
Holden	1010	Single Fam  MDL-01	1	1 Story	1	Ranch	1332	2	Oil	5	Hot Water
Holden	1010	Single Fam  MDL-01	1	1 Story	1	Ranch	1332	3	Gas	5	Hot Water
Holden	1010	Single Fam  MDL-01	1	1 Story	1	Ranch	1332	4	Electric	4	Forced Air-Duc
Holden	1010	Single Fam  MDL-01	1	1 Story	1	Ranch	1334	2	Oil	4	Forced Air-Duc
Holden	1010	Single Fam  MDL-01	1	1 Story	1	Ranch	1334	2	Oil	5	Hot Water
Holden	1010	Single Fam  MDL-01	1	1 Story	1	Ranch	1336	2	Oil	4	Forced Air-Duc
Holden	1010	Single Fam  MDL-01	1	1 Story	1	Ranch	1336	2	Oil	4	Forced Air-Duc
Holden	1010	Single Fam  MDL-01	1	1 Story	1	Ranch	1336	2	Oil	5	Hot Water
Holden	1010	Single Fam  MDL-01	1	1 Story	1	Ranch	1336	2	Oil	5	Hot Water
Holden	1010	Single Fam  MDL-01	1	1 Story	1	Ranch	1336	4	Electric	7	Radiant-Elec.
Holden	1010	Single Fam  MDL-01	1	1 Story	1	Ranch	1338	2	Oil	5	Hot Water
Holden	1010	Single Fam  MDL-01	1	1 Story	1	Ranch	1338	2	Oil	5	Hot Water
Holden	1010	Single Fam  MDL-01	1	1 Story	1	Ranch	1338	2	Oil	5	Hot Water
Holden	1010	Single Fam  MDL-01	1	1 Story	1	Ranch	1338	2	Oil	5	Hot Water
Holden	1010	Single Fam  MDL-01	1	1 Story	1	Ranch	1338	3	Gas	5	Hot Water
Holden	1010	Single Fam  MDL-01	1	1 Story	1	Ranch	1340	2	Oil	5	Hot Water
Holden	1010	Single Fam  MDL-01	1	1 Story	1	Ranch	1340	2	Oil	5	Hot Water
Holden	1010	Single Fam  MDL-01	1	1 Story	1	Ranch	1340	2	Oil	5	Hot Water
Holden	1010	Single Fam  MDL-01	1	1 Story	1	Ranch	1342	2	Oil	5	Hot Water
Holden	1010	Single Fam  MDL-01	1	1 Story	1	Ranch	1344	2	Oil	4	Forced Air-Duc
Holden	1010	Single Fam  MDL-01	1	1 Story	1	Ranch	1344	2	Oil	5	Hot Water
Holden	1010	Single Fam  MDL-01	1	1 Story	1	Ranch	1344	2	Oil	5	Hot Water
Holden	1010	Single Fam  MDL-01	1	1 Story	1	Ranch	1344	2	Oil	5	Hot Water
Holden	1010	Single Fam  MDL-01	1	1 Story	1	Ranch	1344	2	Oil	5	Hot Water
Holden	1010	Single Fam  MDL-01	1	1 Story	1	Ranch	1344	2	Oil	5	Hot Water
Holden	1010	Single Fam  MDL-01	1	1 Story	1	Ranch	1344	2	Oil	5	Hot Water
Holden	1010	Single Fam  MDL-01	1	1 Story	1	Ranch	1344	2	Oil	5	Hot Water
Holden	1010	Single Fam  MDL-01	1	1 Story	1	Ranch	1344	3	Gas	5	Hot Water
Holden	1010	Single Fam  MDL-01	1	1 Story	1	Ranch	1344	4	Electric	7	Radiant-Elec.
Holden	1010	Single Fam  MDL-01	1	1 Story	1	Ranch	1346	2	Oil	5	Hot Water
Holden	1010	Single Fam  MDL-01	1	1 Story	1	Ranch	1347	2	Oil	4	Forced Air-Duc
Holden	1010	Single Fam  MDL-01	1	1 Story	1	Ranch	1348	2	Oil	5	Hot Water
Holden	1010	Single Fam  MDL-01	1	1 Story	1	Ranch	1348	2	Oil	5	Hot Water
Holden	1010	Single Fam  MDL-01	1	1 Story	1	Ranch	1348	2	Oil	6	Steam
Holden	1010	Single Fam  MDL-01	1	1 Story	1	Ranch	1349	2	Oil	4	Forced Air-Duc
Holden	1010	Single Fam  MDL-01	1	1 Story	1	Ranch	1349	2	Oil	5	Hot Water
Holden	1010	Single Fam  MDL-01	1	1 Story	1	Ranch	1350	2	Oil	5	Hot Water
Holden	1010	Single Fam  MDL-01	1	1 Story	1	Ranch	1350	2	Oil	5	Hot Water
Holden	1010	Single Fam  MDL-01	1	1 Story	1	Ranch	1350	2	Oil	5	Hot Water
Holden	1010	Single Fam  MDL-01	1	1 Story	1	Ranch	1350	3	Gas	5	Hot Water
Holden	1010	Single Fam  MDL-01	1	1 Story	1	Ranch	1352	2	Oil	5	Hot Water
Holden	1010	Single Fam  MDL-01	1	1 Story	1	Ranch	1352	2	Oil	5	Hot Water
Holden	1010	Single Fam  MDL-01	1	1 Story	1	Ranch	1352	2	Oil	5	Hot Water
Holden	1010	Single Fam  MDL-01	1	1 Story	1	Ranch	1353	2	Oil	4	Forced Air-Duc
Holden	1010	Single Fam  MDL-01	1	1 Story	1	Ranch	1353	2	Oil	6	Steam
Holden	1010	Single Fam  MDL-01	1	1 Story	1	Ranch	1356	2	Oil	4	Forced Air-Duc
Holden	1010	Single Fam  MDL-01	1	1 Story	1	Ranch	1356	2	Oil	5	Hot Water
Holden	1010	Single Fam  MDL-01	1	1 Story	1	Ranch	1356	2	Oil	5	Hot Water
Holden	1010	Single Fam  MDL-01	1	1 Story	1	Ranch	1357	2	Oil	5	Hot Water
Holden	1010	Single Fam  MDL-01	1	1 Story	1	Ranch	1358	2	Oil	4	Forced Air-Duc
Holden	1010	Single Fam  MDL-01	1	1 Story	1	Ranch	1358	2	Oil	5	Hot Water
Holden	1010	Single Fam  MDL-01	1	1 Story	1	Ranch	1360	2	Oil	5	Hot Water
Holden	1010	Single Fam  MDL-01	1	1 Story	1	Ranch	1362	2	Oil	5	Hot Water
Holden	1010	Single Fam  MDL-01	1	1 Story	1	Ranch	1362	3	Gas	4	Forced Air-Duc
Holden	1010	Single Fam  MDL-01	1	1 Story	1	Ranch	1363	2	Oil	5	Hot Water
Holden	1010	Single Fam  MDL-01	1	1 Story	1	Ranch	1364	2	Oil	5	Hot Water
Holden	1010	Single Fam  MDL-01	1	1 Story	1	Ranch	1365	2	Oil	4	Forced Air-Duc
Holden	1010	Single Fam  MDL-01	1	1 Story	1	Ranch	1365	2	Oil	5	Hot Water
Holden	1010	Single Fam  MDL-01	1	1 Story	1	Ranch	1365	3	Gas	4	Forced Air-Duc
Holden	1010	Single Fam  MDL-01	1	1 Story	1	Ranch	1368	2	Oil	4	Forced Air-Duc
Holden	1010	Single Fam  MDL-01	1	1 Story	1	Ranch	1368	2	Oil	5	Hot Water
Holden	1010	Single Fam  MDL-01	1	1 Story	1	Ranch	1368	2	Oil	5	Hot Water
Holden	1010	Single Fam  MDL-01	1	1 Story	1	Ranch	1368	2	Oil	5	Hot Water
Holden	1010	Single Fam  MDL-01	1	1 Story	1	Ranch	1369	2	Oil	5	Hot Water
Holden	1010	Single Fam  MDL-01	1	1 Story	1	Ranch	1369	2	Oil	5	Hot Water
Holden	1010	Single Fam  MDL-01	1	1 Story	1	Ranch	1369	2	Oil	5	Hot Water
Holden	1010	Single Fam  MDL-01	1	1 Story	1	Ranch	1370	2	Oil	4	Forced Air-Duc
Holden	1010	Single Fam  MDL-01	1	1 Story	1	Ranch	1370	2	Oil	5	Hot Water
Holden	1010	Single Fam  MDL-01	1	1 Story	1	Ranch	1370	2	Oil	5	Hot Water
Holden	1010	Single Fam  MDL-01	1	1 Story	1	Ranch	1371	2	Oil	5	Hot Water
Holden	1010	Single Fam  MDL-01	1	1 Story	1	Ranch	1372	2	Oil	5	Hot Water
Holden	1010	Single Fam  MDL-01	1	1 Story	1	Ranch	1373	2	Oil	5	Hot Water
Holden	1010	Single Fam  MDL-01	1	1 Story	1	Ranch	1374	2	Oil	5	Hot Water
Holden	1010	Single Fam  MDL-01	1	1 Story	1	Ranch	1374	2	Oil	5	Hot Water
Holden	1010	Single Fam  MDL-01	1	1 Story	1	Ranch	1374	2	Oil	5	Hot Water
Holden	1010	Single Fam  MDL-01	1	1 Story	1	Ranch	1374	2	Oil	5	Hot Water
Holden	1010	Single Fam  MDL-01	1	1 Story	1	Ranch	1376	3	Gas	5	Hot Water
Holden	1010	Single Fam  MDL-01	1	1 Story	1	Ranch	1378	2	Oil	5	Hot Water
Holden	1010	Single Fam  MDL-01	1	1 Story	1	Ranch	1378	2	Oil	5	Hot Water
Holden	1010	Single Fam  MDL-01	1	1 Story	1	Ranch	1378	2	Oil	5	Hot Water
Holden	1010	Single Fam  MDL-01	1	1 Story	1	Ranch	1378	2	Oil	5	Hot Water
Holden	1010	Single Fam  MDL-01	1	1 Story	1	Ranch	1379	2	Oil	4	Forced Air-Duc
Holden	1010	Single Fam  MDL-01	1	1 Story	1	Ranch	1380	2	Oil	5	Hot Water
Holden	1010	Single Fam  MDL-01	1	1 Story	1	Ranch	1380	2	Oil	5	Hot Water
Holden	1010	Single Fam  MDL-01	1	1 Story	1	Ranch	1382	2	Oil	5	Hot Water
Holden	1010	Single Fam  MDL-01	1	1 Story	1	Ranch	1382	2	Oil	5	Hot Water
Holden	1010	Single Fam  MDL-01	1	1 Story	1	Ranch	1382	2	Oil	5	Hot Water
Holden	1010	Single Fam  MDL-01	1	1 Story	1	Ranch	1384	2	Oil	5	Hot Water
Holden	1010	Single Fam  MDL-01	1	1 Story	1	Ranch	1384	2	Oil	5	Hot Water
Holden	1010	Single Fam  MDL-01	1	1 Story	1	Ranch	1386	2	Oil	5	Hot Water
Holden	1010	Single Fam  MDL-01	1	1 Story	1	Ranch	1386	2	Oil	5	Hot Water
Holden	1010	Single Fam  MDL-01	1	1 Story	1	Ranch	1387	3	Gas	5	Hot Water
Holden	1010	Single Fam  MDL-01	1	1 Story	1	Ranch	1390	2	Oil	5	Hot Water
Holden	1010	Single Fam  MDL-01	1	1 Story	1	Ranch	1390	2	Oil	5	Hot Water
Holden	1010	Single Fam  MDL-01	1	1 Story	1	Ranch	1392	2	Oil	4	Forced Air-Duc
Holden	1010	Single Fam  MDL-01	1	1 Story	1	Ranch	1392	2	Oil	4	Forced Air-Duc
Holden	1010	Single Fam  MDL-01	1	1 Story	1	Ranch	1392	2	Oil	5	Hot Water
Holden	1010	Single Fam  MDL-01	1	1 Story	1	Ranch	1392	2	Oil	5	Hot Water
Holden	1010	Single Fam  MDL-01	1	1 Story	1	Ranch	1392	2	Oil	5	Hot Water
Holden	1010	Single Fam  MDL-01	1	1 Story	1	Ranch	1392	2	Oil	5	Hot Water
Holden	1010	Single Fam  MDL-01	1	1 Story	1	Ranch	1392	2	Oil	5	Hot Water
Holden	1010	Single Fam  MDL-01	1	1 Story	1	Ranch	1394	2	Oil	4	Forced Air-Duc
Holden	1010	Single Fam  MDL-01	1	1 Story	1	Ranch	1395	2	Oil	4	Forced Air-Duc
Holden	1010	Single Fam  MDL-01	1	1 Story	1	Ranch	1395	2	Oil	5	Hot Water
Holden	1010	Single Fam  MDL-01	1	1 Story	1	Ranch	1395	2	Oil	5	Hot Water
Holden	1010	Single Fam  MDL-01	1	1 Story	1	Ranch	1395	2	Oil	5	Hot Water
Holden	1010	Single Fam  MDL-01	1	1 Story	1	Ranch	1395	2	Oil	6	Steam
Holden	1010	Single Fam  MDL-01	1	1 Story	1	Ranch	1396	2	Oil	5	Hot Water
Holden	1010	Single Fam  MDL-01	1	1 Story	1	Ranch	1397	2	Oil	5	Hot Water
Holden	1010	Single Fam  MDL-01	1	1 Story	1	Ranch	1398	2	Oil	4	Forced Air-Duc
Holden	1010	Single Fam  MDL-01	1	1 Story	1	Ranch	1398	2	Oil	4	Forced Air-Duc
Holden	1010	Single Fam  MDL-01	1	1 Story	1	Ranch	1398	2	Oil	5	Hot Water
Holden	1010	Single Fam  MDL-01	1	1 Story	1	Ranch	1398	3	Gas	4	Forced Air-Duc
Holden	1010	Single Fam  MDL-01	1	1 Story	1	Ranch	1399	2	Oil	4	Forced Air-Duc
Holden	1010	Single Fam  MDL-01	1	1 Story	1	Ranch	1399	2	Oil	5	Hot Water
Holden	1010	Single Fam  MDL-01	1	1 Story	1	Ranch	1400	2	Oil	4	Forced Air-Duc
Holden	1010	Single Fam  MDL-01	1	1 Story	1	Ranch	1400	2	Oil	4	Forced Air-Duc
Holden	1010	Single Fam  MDL-01	1	1 Story	1	Ranch	1400	2	Oil	5	Hot Water
Holden	1010	Single Fam  MDL-01	1	1 Story	1	Ranch	1400	2	Oil	5	Hot Water
Holden	1010	Single Fam  MDL-01	1	1 Story	1	Ranch	1400	2	Oil	5	Hot Water
Holden	1010	Single Fam  MDL-01	1	1 Story	1	Ranch	1400	2	Oil	5	Hot Water
Holden	1010	Single Fam  MDL-01	1	1 Story	1	Ranch	1400	4	Electric	4	Forced Air-Duc
Holden	1010	Single Fam  MDL-01	1	1 Story	1	Ranch	1401	2	Oil	5	Hot Water
Holden	1010	Single Fam  MDL-01	1	1 Story	1	Ranch	1401	3	Gas	5	Hot Water
Holden	1010	Single Fam  MDL-01	1	1 Story	1	Ranch	1403	2	Oil	5	Hot Water
Holden	1010	Single Fam  MDL-01	1	1 Story	1	Ranch	1404	2	Oil	4	Forced Air-Duc
Holden	1010	Single Fam  MDL-01	1	1 Story	1	Ranch	1405	2	Oil	5	Hot Water
Holden	1010	Single Fam  MDL-01	1	1 Story	1	Ranch	1406	2	Oil	4	Forced Air-Duc
Holden	1010	Single Fam  MDL-01	1	1 Story	1	Ranch	1406	2	Oil	5	Hot Water
Holden	1010	Single Fam  MDL-01	1	1 Story	1	Ranch	1408	2	Oil	5	Hot Water
Holden	1010	Single Fam  MDL-01	1	1 Story	1	Ranch	1408	2	Oil	5	Hot Water
Holden	1010	Single Fam  MDL-01	1	1 Story	1	Ranch	1408	2	Oil	5	Hot Water
Holden	1010	Single Fam  MDL-01	1	1 Story	1	Ranch	1410	2	Oil	5	Hot Water
Holden	1010	Single Fam  MDL-01	1	1 Story	1	Ranch	1410	2	Oil	5	Hot Water
Holden	1010	Single Fam  MDL-01	1	1 Story	1	Ranch	1411	2	Oil	5	Hot Water
Holden	1010	Single Fam  MDL-01	1	1 Story	1	Ranch	1412	2	Oil	4	Forced Air-Duc
Holden	1010	Single Fam  MDL-01	1	1 Story	1	Ranch	1413	2	Oil	5	Hot Water
Holden	1010	Single Fam  MDL-01	1	1 Story	1	Ranch	1414	2	Oil	5	Hot Water
Holden	1010	Single Fam  MDL-01	1	1 Story	1	Ranch	1414	4	Electric	7	Radiant-Elec.
Holden	1010	Single Fam  MDL-01	1	1 Story	1	Ranch	1415	2	Oil	4	Forced Air-Duc
Holden	1010	Single Fam  MDL-01	1	1 Story	1	Ranch	1416	2	Oil	5	Hot Water
Holden	1010	Single Fam  MDL-01	1	1 Story	1	Ranch	1416	2	Oil	5	Hot Water
Holden	1010	Single Fam  MDL-01	1	1 Story	1	Ranch	1416	3	Gas	4	Forced Air-Duc
Holden	1010	Single Fam  MDL-01	1	1 Story	1	Ranch	1420	2	Oil	5	Hot Water
Holden	1010	Single Fam  MDL-01	1	1 Story	1	Ranch	1421	2	Oil	5	Hot Water
Holden	1010	Single Fam  MDL-01	1	1 Story	1	Ranch	1422	2	Oil	5	Hot Water
Holden	1010	Single Fam  MDL-01	1	1 Story	1	Ranch	1422	4	Electric	7	Radiant-Elec.
Holden	1010	Single Fam  MDL-01	1	1 Story	1	Ranch	1424	2	Oil	5	Hot Water
Holden	1010	Single Fam  MDL-01	1	1 Story	1	Ranch	1424	2	Oil	5	Hot Water
Holden	1010	Single Fam  MDL-01	1	1 Story	1	Ranch	1425	2	Oil	5	Hot Water
Holden	1010	Single Fam  MDL-01	1	1 Story	1	Ranch	1426	2	Oil	5	Hot Water
Holden	1010	Single Fam  MDL-01	1	1 Story	1	Ranch	1426	2	Oil	5	Hot Water
Holden	1010	Single Fam  MDL-01	1	1 Story	1	Ranch	1428	2	Oil	5	Hot Water
Holden	1010	Single Fam  MDL-01	1	1 Story	1	Ranch	1428	2	Oil	5	Hot Water
Holden	1010	Single Fam  MDL-01	1	1 Story	1	Ranch	1429	2	Oil	5	Hot Water
Holden	1010	Single Fam  MDL-01	1	1 Story	1	Ranch	1429	2	Oil	5	Hot Water
Holden	1010	Single Fam  MDL-01	1	1 Story	1	Ranch	1430	2	Oil	5	Hot Water
Holden	1010	Single Fam  MDL-01	1	1 Story	1	Ranch	1430	4	Electric	7	Radiant-Elec.
Holden	1010	Single Fam  MDL-01	1	1 Story	1	Ranch	1432	2	Oil	5	Hot Water
Holden	1010	Single Fam  MDL-01	1	1 Story	1	Ranch	1432	2	Oil	5	Hot Water
Holden	1010	Single Fam  MDL-01	1	1 Story	1	Ranch	1434	2	Oil	5	Hot Water
Holden	1010	Single Fam  MDL-01	1	1 Story	1	Ranch	1434	3	Gas	5	Hot Water
Holden	1010	Single Fam  MDL-01	1	1 Story	1	Ranch	1435	2	Oil	4	Forced Air-Duc
Holden	1010	Single Fam  MDL-01	1	1 Story	1	Ranch	1435	2	Oil	4	Forced Air-Duc
Holden	1010	Single Fam  MDL-01	1	1 Story	1	Ranch	1436	2	Oil	5	Hot Water
Holden	1010	Single Fam  MDL-01	1	1 Story	1	Ranch	1436	2	Oil	5	Hot Water
Holden	1010	Single Fam  MDL-01	1	1 Story	1	Ranch	1436	2	Oil	5	Hot Water
Holden	1010	Single Fam  MDL-01	1	1 Story	1	Ranch	1436	2	Oil	5	Hot Water
Holden	1010	Single Fam  MDL-01	1	1 Story	1	Ranch	1438	2	Oil	5	Hot Water
Holden	1010	Single Fam  MDL-01	1	1 Story	1	Ranch	1440	2	Oil	4	Forced Air-Duc
Holden	1010	Single Fam  MDL-01	1	1 Story	1	Ranch	1440	2	Oil	5	Hot Water
Holden	1010	Single Fam  MDL-01	1	1 Story	1	Ranch	1440	2	Oil	5	Hot Water
Holden	1010	Single Fam  MDL-01	1	1 Story	1	Ranch	1440	2	Oil	5	Hot Water
Holden	1010	Single Fam  MDL-01	1	1 Story	1	Ranch	1440	2	Oil	5	Hot Water
Holden	1010	Single Fam  MDL-01	1	1 Story	1	Ranch	1440	3	Gas	5	Hot Water
Holden	1010	Single Fam  MDL-01	1	1 Story	1	Ranch	1441	2	Oil	4	Forced Air-Duc
Holden	1010	Single Fam  MDL-01	1	1 Story	1	Ranch	1441	2	Oil	5	Hot Water
Holden	1010	Single Fam  MDL-01	1	1 Story	1	Ranch	1442	2	Oil	5	Hot Water
Holden	1010	Single Fam  MDL-01	1	1 Story	1	Ranch	1443	2	Oil	5	Hot Water
Holden	1010	Single Fam  MDL-01	1	1 Story	1	Ranch	1444	2	Oil	4	Forced Air-Duc
Holden	1010	Single Fam  MDL-01	1	1 Story	1	Ranch	1444	2	Oil	5	Hot Water
Holden	1010	Single Fam  MDL-01	1	1 Story	1	Ranch	1444	2	Oil	5	Hot Water
Holden	1010	Single Fam  MDL-01	1	1 Story	1	Ranch	1444	2	Oil	5	Hot Water
Holden	1010	Single Fam  MDL-01	1	1 Story	1	Ranch	1444	2	Oil	5	Hot Water
Holden	1010	Single Fam  MDL-01	1	1 Story	1	Ranch	1444	2	Oil	5	Hot Water
Holden	1010	Single Fam  MDL-01	1	1 Story	1	Ranch	1444	2	Oil	5	Hot Water
Holden	1010	Single Fam  MDL-01	1	1 Story	1	Ranch	1446	2	Oil	4	Forced Air-Duc
Holden	1010	Single Fam  MDL-01	1	1 Story	1	Ranch	1446	2	Oil	5	Hot Water
Holden	1010	Single Fam  MDL-01	1	1 Story	1	Ranch	1446	2	Oil	5	Hot Water
Holden	1010	Single Fam  MDL-01	1	1 Story	1	Ranch	1447	2	Oil	5	Hot Water
Holden	1010	Single Fam  MDL-01	1	1 Story	1	Ranch	1448	2	Oil	5	Hot Water
Holden	1010	Single Fam  MDL-01	1	1 Story	1	Ranch	1448	2	Oil	5	Hot Water
Holden	1010	Single Fam  MDL-01	1	1 Story	1	Ranch	1448	2	Oil	5	Hot Water
Holden	1010	Single Fam  MDL-01	1	1 Story	1	Ranch	1450	2	Oil	5	Hot Water
Holden	1010	Single Fam  MDL-01	1	1 Story	1	Ranch	1452	2	Oil	5	Hot Water
Holden	1010	Single Fam  MDL-01	1	1 Story	1	Ranch	1452	2	Oil	5	Hot Water
Holden	1010	Single Fam  MDL-01	1	1 Story	1	Ranch	1454	2	Oil	5	Hot Water
Holden	1010	Single Fam  MDL-01	1	1 Story	1	Ranch	1454	2	Oil	5	Hot Water
Holden	1010	Single Fam  MDL-01	1	1 Story	1	Ranch	1454	2	Oil	5	Hot Water
Holden	1010	Single Fam  MDL-01	1	1 Story	1	Ranch	1456	2	Oil	5	Hot Water
Holden	1010	Single Fam  MDL-01	1	1 Story	1	Ranch	1456	2	Oil	5	Hot Water
Holden	1010	Single Fam  MDL-01	1	1 Story	1	Ranch	1456	2	Oil	5	Hot Water
Holden	1010	Single Fam  MDL-01	1	1 Story	1	Ranch	1456	2	Oil	5	Hot Water
Holden	1010	Single Fam  MDL-01	1	1 Story	1	Ranch	1456	2	Oil	5	Hot Water
Holden	1010	Single Fam  MDL-01	1	1 Story	1	Ranch	1456	2	Oil	5	Hot Water
Holden	1010	Single Fam  MDL-01	1	1 Story	1	Ranch	1456	4	Electric	7	Radiant-Elec.
Holden	1010	Single Fam  MDL-01	1	1 Story	1	Ranch	1457	2	Oil	4	Forced Air-Duc
Holden	1010	Single Fam  MDL-01	1	1 Story	1	Ranch	1457	2	Oil	5	Hot Water
Holden	1010	Single Fam  MDL-01	1	1 Story	1	Ranch	1458	2	Oil	4	Forced Air-Duc
Holden	1010	Single Fam  MDL-01	1	1 Story	1	Ranch	1458	2	Oil	5	Hot Water
Holden	1010	Single Fam  MDL-01	1	1 Story	1	Ranch	1459	2	Oil	4	Forced Air-Duc
Holden	1010	Single Fam  MDL-01	1	1 Story	1	Ranch	1459	2	Oil	5	Hot Water
Holden	1010	Single Fam  MDL-01	1	1 Story	1	Ranch	1460	2	Oil	5	Hot Water
Holden	1010	Single Fam  MDL-01	1	1 Story	1	Ranch	1460	2	Oil	5	Hot Water
Holden	1010	Single Fam  MDL-01	1	1 Story	1	Ranch	1460	3	Gas	5	Hot Water
Holden	1010	Single Fam  MDL-01	1	1 Story	1	Ranch	1464	2	Oil	4	Forced Air-Duc
Holden	1010	Single Fam  MDL-01	1	1 Story	1	Ranch	1464	2	Oil	5	Hot Water
Holden	1010	Single Fam  MDL-01	1	1 Story	1	Ranch	1464	2	Oil	5	Hot Water
Holden	1010	Single Fam  MDL-01	1	1 Story	1	Ranch	1464	4	Electric	7	Radiant-Elec.
Holden	1010	Single Fam  MDL-01	1	1 Story	1	Ranch	1464	4	Electric	7	Radiant-Elec.
Holden	1010	Single Fam  MDL-01	1	1 Story	1	Ranch	1466	2	Oil	4	Forced Air-Duc
Holden	1010	Single Fam  MDL-01	1	1 Story	1	Ranch	1468	2	Oil	4	Forced Air-Duc
Holden	1010	Single Fam  MDL-01	1	1 Story	1	Ranch	1468	2	Oil	5	Hot Water
Holden	1010	Single Fam  MDL-01	1	1 Story	1	Ranch	1469	2	Oil	5	Hot Water
Holden	1010	Single Fam  MDL-01	1	1 Story	1	Ranch	1469	2	Oil	5	Hot Water
Holden	1010	Single Fam  MDL-01	1	1 Story	1	Ranch	1472	2	Oil	5	Hot Water
Holden	1010	Single Fam  MDL-01	1	1 Story	1	Ranch	1472	2	Oil	5	Hot Water
Holden	1010	Single Fam  MDL-01	1	1 Story	1	Ranch	1474	2	Oil	5	Hot Water
Holden	1010	Single Fam  MDL-01	1	1 Story	1	Ranch	1476	2	Oil	5	Hot Water
Holden	1010	Single Fam  MDL-01	1	1 Story	1	Ranch	1479	2	Oil	5	Hot Water
Holden	1010	Single Fam  MDL-01	1	1 Story	1	Ranch	1479	3	Gas	4	Forced Air-Duc
Holden	1010	Single Fam  MDL-01	1	1 Story	1	Ranch	1480	2	Oil	4	Forced Air-Duc
Holden	1010	Single Fam  MDL-01	1	1 Story	1	Ranch	1480	2	Oil	5	Hot Water
Holden	1010	Single Fam  MDL-01	1	1 Story	1	Ranch	1481	3	Gas	5	Hot Water
Holden	1010	Single Fam  MDL-01	1	1 Story	1	Ranch	1482	2	Oil	4	Forced Air-Duc
Holden	1010	Single Fam  MDL-01	1	1 Story	1	Ranch	1482	2	Oil	5	Hot Water
Holden	1010	Single Fam  MDL-01	1	1 Story	1	Ranch	1482	2	Oil	5	Hot Water
Holden	1010	Single Fam  MDL-01	1	1 Story	1	Ranch	1483	2	Oil	4	Forced Air-Duc
Holden	1010	Single Fam  MDL-01	1	1 Story	1	Ranch	1483	2	Oil	5	Hot Water
Holden	1010	Single Fam  MDL-01	1	1 Story	1	Ranch	1483	2	Oil	5	Hot Water
Holden	1010	Single Fam  MDL-01	1	1 Story	1	Ranch	1484	2	Oil	5	Hot Water
Holden	1010	Single Fam  MDL-01	1	1 Story	1	Ranch	1484	4	Electric	7	Radiant-Elec.
Holden	1010	Single Fam  MDL-01	1	1 Story	1	Ranch	1485	2	Oil	4	Forced Air-Duc
Holden	1010	Single Fam  MDL-01	1	1 Story	1	Ranch	1486	2	Oil	4	Forced Air-Duc
Holden	1010	Single Fam  MDL-01	1	1 Story	1	Ranch	1486	2	Oil	4	Forced Air-Duc
Holden	1010	Single Fam  MDL-01	1	1 Story	1	Ranch	1488	3	Gas	5	Hot Water
Holden	1010	Single Fam  MDL-01	1	1 Story	1	Ranch	1490	2	Oil	5	Hot Water
Holden	1010	Single Fam  MDL-01	1	1 Story	1	Ranch	1491	2	Oil	5	Hot Water
Holden	1010	Single Fam  MDL-01	1	1 Story	1	Ranch	1491	2	Oil	5	Hot Water
Holden	1010	Single Fam  MDL-01	1	1 Story	1	Ranch	1491	2	Oil	5	Hot Water
Holden	1010	Single Fam  MDL-01	1	1 Story	1	Ranch	1492	2	Oil	4	Forced Air-Duc
Holden	1010	Single Fam  MDL-01	1	1 Story	1	Ranch	1492	2	Oil	5	Hot Water
Holden	1010	Single Fam  MDL-01	1	1 Story	1	Ranch	1492	2	Oil	5	Hot Water
Holden	1010	Single Fam  MDL-01	1	1 Story	1	Ranch	1493	4	Electric	7	Radiant-Elec.
Holden	1010	Single Fam  MDL-01	1	1 Story	1	Ranch	1494	2	Oil	4	Forced Air-Duc
Holden	1010	Single Fam  MDL-01	1	1 Story	1	Ranch	1494	2	Oil	5	Hot Water
Holden	1010	Single Fam  MDL-01	1	1 Story	1	Ranch	1494	2	Oil	5	Hot Water
Holden	1010	Single Fam  MDL-01	1	1 Story	1	Ranch	1495	2	Oil	4	Forced Air-Duc
Holden	1010	Single Fam  MDL-01	1	1 Story	1	Ranch	1496	2	Oil	4	Forced Air-Duc
Holden	1010	Single Fam  MDL-01	1	1 Story	1	Ranch	1496	2	Oil	5	Hot Water
Holden	1010	Single Fam  MDL-01	1	1 Story	1	Ranch	1496	2	Oil	5	Hot Water
Holden	1010	Single Fam  MDL-01	1	1 Story	1	Ranch	1496	4	Electric	7	Radiant-Elec.
Holden	1010	Single Fam  MDL-01	1	1 Story	1	Ranch	1498	2	Oil	5	Hot Water
Holden	1010	Single Fam  MDL-01	1	1 Story	1	Ranch	1500	2	Oil	4	Forced Air-Duc
Holden	1010	Single Fam  MDL-01	1	1 Story	1	Ranch	1500	2	Oil	4	Forced Air-Duc
Holden	1010	Single Fam  MDL-01	1	1 Story	1	Ranch	1500	2	Oil	5	Hot Water
Holden	1010	Single Fam  MDL-01	1	1 Story	1	Ranch	1500	2	Oil	5	Hot Water
Holden	1010	Single Fam  MDL-01	1	1 Story	1	Ranch	1500	2	Oil	5	Hot Water
Holden	1010	Single Fam  MDL-01	1	1 Story	1	Ranch	1500	2	Oil	5	Hot Water
Holden	1010	Single Fam  MDL-01	1	1 Story	1	Ranch	1500	2	Oil	5	Hot Water
Holden	1010	Single Fam  MDL-01	1	1 Story	1	Ranch	1500	2	Oil	5	Hot Water
Holden	1010	Single Fam  MDL-01	1	1 Story	1	Ranch	1500	2	Oil	5	Hot Water
Holden	1010	Single Fam  MDL-01	1	1 Story	1	Ranch	1500	2	Oil	5	Hot Water
Holden	1010	Single Fam  MDL-01	1	1 Story	1	Ranch	1500	4	Electric	7	Radiant-Elec.
Holden	1010	Single Fam  MDL-01	1	1 Story	1	Ranch	1504	2	Oil	5	Hot Water
Holden	1010	Single Fam  MDL-01	1	1 Story	1	Ranch	1504	2	Oil	5	Hot Water
Holden	1010	Single Fam  MDL-01	1	1 Story	1	Ranch	1504	2	Oil	5	Hot Water
Holden	1010	Single Fam  MDL-01	1	1 Story	1	Ranch	1506	2	Oil	5	Hot Water
Holden	1010	Single Fam  MDL-01	1	1 Story	1	Ranch	1506	2	Oil	5	Hot Water
Holden	1010	Single Fam  MDL-01	1	1 Story	1	Ranch	1507	3	Gas	4	Forced Air-Duc
Holden	1010	Single Fam  MDL-01	1	1 Story	1	Ranch	1508	2	Oil	5	Hot Water
Holden	1010	Single Fam  MDL-01	1	1 Story	1	Ranch	1508	2	Oil	5	Hot Water
Holden	1010	Single Fam  MDL-01	1	1 Story	1	Ranch	1508	2	Oil	5	Hot Water
Holden	1010	Single Fam  MDL-01	1	1 Story	1	Ranch	1509	2	Oil	5	Hot Water
Holden	1010	Single Fam  MDL-01	1	1 Story	1	Ranch	1510	2	Oil	5	Hot Water
Holden	1010	Single Fam  MDL-01	1	1 Story	1	Ranch	1511	2	Oil	5	Hot Water
Holden	1010	Single Fam  MDL-01	1	1 Story	1	Ranch	1511	2	Oil	5	Hot Water
Holden	1010	Single Fam  MDL-01	1	1 Story	1	Ranch	1511	2	Oil	5	Hot Water
Holden	1010	Single Fam  MDL-01	1	1 Story	1	Ranch	1512	2	Oil	3	Hot Air-no Duc
Holden	1010	Single Fam  MDL-01	1	1 Story	1	Ranch	1512	2	Oil	5	Hot Water
Holden	1010	Single Fam  MDL-01	1	1 Story	1	Ranch	1512	2	Oil	5	Hot Water
Holden	1010	Single Fam  MDL-01	1	1 Story	1	Ranch	1512	2	Oil	5	Hot Water
Holden	1010	Single Fam  MDL-01	1	1 Story	1	Ranch	1512	2	Oil	10	Hydro Air
Holden	1010	Single Fam  MDL-01	1	1 Story	1	Ranch	1512	4	Electric	7	Radiant-Elec.
Holden	1010	Single Fam  MDL-01	1	1 Story	1	Ranch	1514	2	Oil	4	Forced Air-Duc
Holden	1010	Single Fam  MDL-01	1	1 Story	1	Ranch	1514	2	Oil	4	Forced Air-Duc
Holden	1010	Single Fam  MDL-01	1	1 Story	1	Ranch	1514	2	Oil	5	Hot Water
Holden	1010	Single Fam  MDL-01	1	1 Story	1	Ranch	1516	2	Oil	5	Hot Water
Holden	1010	Single Fam  MDL-01	1	1 Story	1	Ranch	1518	2	Oil	5	Hot Water
Holden	1010	Single Fam  MDL-01	1	1 Story	1	Ranch	1519	2	Oil	5	Hot Water
Holden	1010	Single Fam  MDL-01	1	1 Story	1	Ranch	1519	2	Oil	5	Hot Water
Holden	1010	Single Fam  MDL-01	1	1 Story	1	Ranch	1522	2	Oil	5	Hot Water
Holden	1010	Single Fam  MDL-01	1	1 Story	1	Ranch	1525	2	Oil	5	Hot Water
Holden	1010	Single Fam  MDL-01	1	1 Story	1	Ranch	1526	2	Oil	5	Hot Water
Holden	1010	Single Fam  MDL-01	1	1 Story	1	Ranch	1526	2	Oil	5	Hot Water
Holden	1010	Single Fam  MDL-01	1	1 Story	1	Ranch	1526	2	Oil	5	Hot Water
Holden	1010	Single Fam  MDL-01	1	1 Story	1	Ranch	1528	2	Oil	4	Forced Air-Duc
Holden	1010	Single Fam  MDL-01	1	1 Story	1	Ranch	1528	2	Oil	4	Forced Air-Duc
Holden	1010	Single Fam  MDL-01	1	1 Story	1	Ranch	1528	2	Oil	5	Hot Water
Holden	1010	Single Fam  MDL-01	1	1 Story	1	Ranch	1528	3	Gas	5	Hot Water
Holden	1010	Single Fam  MDL-01	1	1 Story	1	Ranch	1531	2	Oil	5	Hot Water
Holden	1010	Single Fam  MDL-01	1	1 Story	1	Ranch	1533	2	Oil	4	Forced Air-Duc
Holden	1010	Single Fam  MDL-01	1	1 Story	1	Ranch	1533	2	Oil	5	Hot Water
Holden	1010	Single Fam  MDL-01	1	1 Story	1	Ranch	1534	2	Oil	4	Forced Air-Duc
Holden	1010	Single Fam  MDL-01	1	1 Story	1	Ranch	1534	2	Oil	5	Hot Water
Holden	1010	Single Fam  MDL-01	1	1 Story	1	Ranch	1534	3	Gas	5	Hot Water
Holden	1010	Single Fam  MDL-01	1	1 Story	1	Ranch	1535	2	Oil	5	Hot Water
Holden	1010	Single Fam  MDL-01	1	1 Story	1	Ranch	1536	2	Oil	5	Hot Water
Holden	1010	Single Fam  MDL-01	1	1 Story	1	Ranch	1536	2	Oil	5	Hot Water
Holden	1010	Single Fam  MDL-01	1	1 Story	1	Ranch	1537	3	Gas	5	Hot Water
Holden	1010	Single Fam  MDL-01	1	1 Story	1	Ranch	1538	2	Oil	5	Hot Water
Holden	1010	Single Fam  MDL-01	1	1 Story	1	Ranch	1539	3	Gas	4	Forced Air-Duc
Holden	1010	Single Fam  MDL-01	1	1 Story	1	Ranch	1540	2	Oil	4	Forced Air-Duc
Holden	1010	Single Fam  MDL-01	1	1 Story	1	Ranch	1540	2	Oil	5	Hot Water
Holden	1010	Single Fam  MDL-01	1	1 Story	1	Ranch	1540	2	Oil	5	Hot Water
Holden	1010	Single Fam  MDL-01	1	1 Story	1	Ranch	1541	2	Oil	5	Hot Water
Holden	1010	Single Fam  MDL-01	1	1 Story	1	Ranch	1541	2	Oil	5	Hot Water
Holden	1010	Single Fam  MDL-01	1	1 Story	1	Ranch	1543	2	Oil	5	Hot Water
Holden	1010	Single Fam  MDL-01	1	1 Story	1	Ranch	1543	2	Oil	5	Hot Water
Holden	1010	Single Fam  MDL-01	1	1 Story	1	Ranch	1544	2	Oil	5	Hot Water
Holden	1010	Single Fam  MDL-01	1	1 Story	1	Ranch	1544	2	Oil	5	Hot Water
Holden	1010	Single Fam  MDL-01	1	1 Story	1	Ranch	1546	2	Oil	5	Hot Water
Holden	1010	Single Fam  MDL-01	1	1 Story	1	Ranch	1546	2	Oil	5	Hot Water
Holden	1010	Single Fam  MDL-01	1	1 Story	1	Ranch	1546	4	Electric	7	Radiant-Elec.
Holden	1010	Single Fam  MDL-01	1	1 Story	1	Ranch	1548	2	Oil	4	Forced Air-Duc
Holden	1010	Single Fam  MDL-01	1	1 Story	1	Ranch	1548	2	Oil	5	Hot Water
Holden	1010	Single Fam  MDL-01	1	1 Story	1	Ranch	1549	2	Oil	4	Forced Air-Duc
Holden	1010	Single Fam  MDL-01	1	1 Story	1	Ranch	1549	2	Oil	4	Forced Air-Duc
Holden	1010	Single Fam  MDL-01	1	1 Story	1	Ranch	1549	2	Oil	4	Forced Air-Duc
Holden	1010	Single Fam  MDL-01	1	1 Story	1	Ranch	1550	2	Oil	5	Hot Water
Holden	1010	Single Fam  MDL-01	1	1 Story	1	Ranch	1550	2	Oil	5	Hot Water
Holden	1010	Single Fam  MDL-01	1	1 Story	1	Ranch	1551	2	Oil	5	Hot Water
Holden	1010	Single Fam  MDL-01	1	1 Story	1	Ranch	1551	2	Oil	5	Hot Water
Holden	1010	Single Fam  MDL-01	1	1 Story	1	Ranch	1553	2	Oil	5	Hot Water
Holden	1010	Single Fam  MDL-01	1	1 Story	1	Ranch	1556	2	Oil	5	Hot Water
Holden	1010	Single Fam  MDL-01	1	1 Story	1	Ranch	1556	2	Oil	5	Hot Water
Holden	1010	Single Fam  MDL-01	1	1 Story	1	Ranch	1557	2	Oil	5	Hot Water
Holden	1010	Single Fam  MDL-01	1	1 Story	1	Ranch	1558	2	Oil	5	Hot Water
Holden	1010	Single Fam  MDL-01	1	1 Story	1	Ranch	1558	2	Oil	5	Hot Water
Holden	1010	Single Fam  MDL-01	1	1 Story	1	Ranch	1559	2	Oil	5	Hot Water
Holden	1010	Single Fam  MDL-01	1	1 Story	1	Ranch	1560	2	Oil	5	Hot Water
Holden	1010	Single Fam  MDL-01	1	1 Story	1	Ranch	1563	2	Oil	10	Hydro Air
Holden	1010	Single Fam  MDL-01	1	1 Story	1	Ranch	1564	2	Oil	4	Forced Air-Duc
Holden	1010	Single Fam  MDL-01	1	1 Story	1	Ranch	1564	2	Oil	5	Hot Water
Holden	1010	Single Fam  MDL-01	1	1 Story	1	Ranch	1568	2	Oil	5	Hot Water
Holden	1010	Single Fam  MDL-01	1	1 Story	1	Ranch	1570	2	Oil	5	Hot Water
Holden	1010	Single Fam  MDL-01	1	1 Story	1	Ranch	1570	2	Oil	5	Hot Water
Holden	1010	Single Fam  MDL-01	1	1 Story	1	Ranch	1571	2	Oil	5	Hot Water
Holden	1010	Single Fam  MDL-01	1	1 Story	1	Ranch	1572	2	Oil	4	Forced Air-Duc
Holden	1010	Single Fam  MDL-01	1	1 Story	1	Ranch	1572	2	Oil	5	Hot Water
Holden	1010	Single Fam  MDL-01	1	1 Story	1	Ranch	1572	2	Oil	5	Hot Water
Holden	1010	Single Fam  MDL-01	1	1 Story	1	Ranch	1574	2	Oil	4	Forced Air-Duc
Holden	1010	Single Fam  MDL-01	1	1 Story	1	Ranch	1574	2	Oil	5	Hot Water
Holden	1010	Single Fam  MDL-01	1	1 Story	1	Ranch	1574	2	Oil	5	Hot Water
Holden	1010	Single Fam  MDL-01	1	1 Story	1	Ranch	1574	2	Oil	5	Hot Water
Holden	1010	Single Fam  MDL-01	1	1 Story	1	Ranch	1575	2	Oil	5	Hot Water
Holden	1010	Single Fam  MDL-01	1	1 Story	1	Ranch	1576	2	Oil	5	Hot Water
Holden	1010	Single Fam  MDL-01	1	1 Story	1	Ranch	1576	2	Oil	5	Hot Water
Holden	1010	Single Fam  MDL-01	1	1 Story	1	Ranch	1578	2	Oil	5	Hot Water
Holden	1010	Single Fam  MDL-01	1	1 Story	1	Ranch	1579	2	Oil	5	Hot Water
Holden	1010	Single Fam  MDL-01	1	1 Story	1	Ranch	1580	4	Electric	7	Radiant-Elec.
Holden	1010	Single Fam  MDL-01	1	1 Story	1	Ranch	1581	2	Oil	5	Hot Water
Holden	1010	Single Fam  MDL-01	1	1 Story	1	Ranch	1581	2	Oil	5	Hot Water
Holden	1010	Single Fam  MDL-01	1	1 Story	1	Ranch	1582	2	Oil	5	Hot Water
Holden	1010	Single Fam  MDL-01	1	1 Story	1	Ranch	1582	2	Oil	5	Hot Water
Holden	1010	Single Fam  MDL-01	1	1 Story	1	Ranch	1582	3	Gas	5	Hot Water
Holden	1010	Single Fam  MDL-01	1	1 Story	1	Ranch	1583	2	Oil	4	Forced Air-Duc
Holden	1010	Single Fam  MDL-01	1	1 Story	1	Ranch	1584	2	Oil	4	Forced Air-Duc
Holden	1010	Single Fam  MDL-01	1	1 Story	1	Ranch	1584	2	Oil	4	Forced Air-Duc
Holden	1010	Single Fam  MDL-01	1	1 Story	1	Ranch	1584	2	Oil	4	Forced Air-Duc
Holden	1010	Single Fam  MDL-01	1	1 Story	1	Ranch	1584	2	Oil	5	Hot Water
Holden	1010	Single Fam  MDL-01	1	1 Story	1	Ranch	1584	3	Gas	4	Forced Air-Duc
Holden	1010	Single Fam  MDL-01	1	1 Story	1	Ranch	1587	2	Oil	8	Radiant-Water
Holden	1010	Single Fam  MDL-01	1	1 Story	1	Ranch	1588	2	Oil	5	Hot Water
Holden	1010	Single Fam  MDL-01	1	1 Story	1	Ranch	1589	2	Oil	5	Hot Water
Holden	1010	Single Fam  MDL-01	1	1 Story	1	Ranch	1590	2	Oil	5	Hot Water
Holden	1010	Single Fam  MDL-01	1	1 Story	1	Ranch	1591	2	Oil	5	Hot Water
Holden	1010	Single Fam  MDL-01	1	1 Story	1	Ranch	1591	2	Oil	5	Hot Water
Holden	1010	Single Fam  MDL-01	1	1 Story	1	Ranch	1592	2	Oil	4	Forced Air-Duc
Holden	1010	Single Fam  MDL-01	1	1 Story	1	Ranch	1592	2	Oil	5	Hot Water
Holden	1010	Single Fam  MDL-01	1	1 Story	1	Ranch	1594	2	Oil	5	Hot Water
Holden	1010	Single Fam  MDL-01	1	1 Story	1	Ranch	1594	2	Oil	5	Hot Water
Holden	1010	Single Fam  MDL-01	1	1 Story	1	Ranch	1595	2	Oil	5	Hot Water
Holden	1010	Single Fam  MDL-01	1	1 Story	1	Ranch	1595	2	Oil	5	Hot Water
Holden	1010	Single Fam  MDL-01	1	1 Story	1	Ranch	1596	2	Oil	5	Hot Water
Holden	1010	Single Fam  MDL-01	1	1 Story	1	Ranch	1597	2	Oil	5	Hot Water
Holden	1010	Single Fam  MDL-01	1	1 Story	1	Ranch	1600	2	Oil	5	Hot Water
Holden	1010	Single Fam  MDL-01	1	1 Story	1	Ranch	1600	2	Oil	5	Hot Water
Holden	1010	Single Fam  MDL-01	1	1 Story	1	Ranch	1601	2	Oil	5	Hot Water
Holden	1010	Single Fam  MDL-01	1	1 Story	1	Ranch	1603	2	Oil	5	Hot Water
Holden	1010	Single Fam  MDL-01	1	1 Story	1	Ranch	1603	2	Oil	5	Hot Water
Holden	1010	Single Fam  MDL-01	1	1 Story	1	Ranch	1604	2	Oil	5	Hot Water
Holden	1010	Single Fam  MDL-01	1	1 Story	1	Ranch	1604	2	Oil	5	Hot Water
Holden	1010	Single Fam  MDL-01	1	1 Story	1	Ranch	1605	2	Oil	5	Hot Water
Holden	1010	Single Fam  MDL-01	1	1 Story	1	Ranch	1606	2	Oil	4	Forced Air-Duc
Holden	1010	Single Fam  MDL-01	1	1 Story	1	Ranch	1606	2	Oil	5	Hot Water
Holden	1010	Single Fam  MDL-01	1	1 Story	1	Ranch	1608	2	Oil	5	Hot Water
Holden	1010	Single Fam  MDL-01	1	1 Story	1	Ranch	1608	2	Oil	5	Hot Water
Holden	1010	Single Fam  MDL-01	1	1 Story	1	Ranch	1608	2	Oil	5	Hot Water
Holden	1010	Single Fam  MDL-01	1	1 Story	1	Ranch	1612	2	Oil	4	Forced Air-Duc
Holden	1010	Single Fam  MDL-01	1	1 Story	1	Ranch	1612	2	Oil	5	Hot Water
Holden	1010	Single Fam  MDL-01	1	1 Story	1	Ranch	1612	2	Oil	5	Hot Water
Holden	1010	Single Fam  MDL-01	1	1 Story	1	Ranch	1613	2	Oil	5	Hot Water
Holden	1010	Single Fam  MDL-01	1	1 Story	1	Ranch	1614	2	Oil	5	Hot Water
Holden	1010	Single Fam  MDL-01	1	1 Story	1	Ranch	1614	4	Electric	7	Radiant-Elec.
Holden	1010	Single Fam  MDL-01	1	1 Story	1	Ranch	1616	2	Oil	11	Geothermal
Holden	1010	Single Fam  MDL-01	1	1 Story	1	Ranch	1617	2	Oil	5	Hot Water
Holden	1010	Single Fam  MDL-01	1	1 Story	1	Ranch	1620	2	Oil	5	Hot Water
Holden	1010	Single Fam  MDL-01	1	1 Story	1	Ranch	1621	2	Oil	5	Hot Water
Holden	1010	Single Fam  MDL-01	1	1 Story	1	Ranch	1622	2	Oil	5	Hot Water
Holden	1010	Single Fam  MDL-01	1	1 Story	1	Ranch	1623	2	Oil	5	Hot Water
Holden	1010	Single Fam  MDL-01	1	1 Story	1	Ranch	1624	2	Oil	5	Hot Water
Holden	1010	Single Fam  MDL-01	1	1 Story	1	Ranch	1624	3	Gas	4	Forced Air-Duc
Holden	1010	Single Fam  MDL-01	1	1 Story	1	Ranch	1625	2	Oil	5	Hot Water
Holden	1010	Single Fam  MDL-01	1	1 Story	1	Ranch	1627	2	Oil	5	Hot Water
Holden	1010	Single Fam  MDL-01	1	1 Story	1	Ranch	1627	2	Oil	5	Hot Water
Holden	1010	Single Fam  MDL-01	1	1 Story	1	Ranch	1628	2	Oil	5	Hot Water
Holden	1010	Single Fam  MDL-01	1	1 Story	1	Ranch	1629	3	Gas	4	Forced Air-Duc
Holden	1010	Single Fam  MDL-01	1	1 Story	1	Ranch	1630	2	Oil	5	Hot Water
Holden	1010	Single Fam  MDL-01	1	1 Story	1	Ranch	1631	2	Oil	4	Forced Air-Duc
Holden	1010	Single Fam  MDL-01	1	1 Story	1	Ranch	1631	2	Oil	5	Hot Water
Holden	1010	Single Fam  MDL-01	1	1 Story	1	Ranch	1632	2	Oil	5	Hot Water
Holden	1010	Single Fam  MDL-01	1	1 Story	1	Ranch	1632	2	Oil	5	Hot Water
Holden	1010	Single Fam  MDL-01	1	1 Story	1	Ranch	1632	2	Oil	5	Hot Water
Holden	1010	Single Fam  MDL-01	1	1 Story	1	Ranch	1634	2	Oil	4	Forced Air-Duc
Holden	1010	Single Fam  MDL-01	1	1 Story	1	Ranch	1634	2	Oil	4	Forced Air-Duc
Holden	1010	Single Fam  MDL-01	1	1 Story	1	Ranch	1637	2	Oil	5	Hot Water
Holden	1010	Single Fam  MDL-01	1	1 Story	1	Ranch	1638	2	Oil	5	Hot Water
Holden	1010	Single Fam  MDL-01	1	1 Story	1	Ranch	1639	2	Oil	5	Hot Water
Holden	1010	Single Fam  MDL-01	1	1 Story	1	Ranch	1640	2	Oil	4	Forced Air-Duc
Holden	1010	Single Fam  MDL-01	1	1 Story	1	Ranch	1641	2	Oil	5	Hot Water
Holden	1010	Single Fam  MDL-01	1	1 Story	1	Ranch	1641	2	Oil	5	Hot Water
Holden	1010	Single Fam  MDL-01	1	1 Story	1	Ranch	1642	2	Oil	5	Hot Water
Holden	1010	Single Fam  MDL-01	1	1 Story	1	Ranch	1642	2	Oil	5	Hot Water
Holden	1010	Single Fam  MDL-01	1	1 Story	1	Ranch	1646	2	Oil	5	Hot Water
Holden	1010	Single Fam  MDL-01	1	1 Story	1	Ranch	1650	2	Oil	5	Hot Water
Holden	1010	Single Fam  MDL-01	1	1 Story	1	Ranch	1650	2	Oil	5	Hot Water
Holden	1010	Single Fam  MDL-01	1	1 Story	1	Ranch	1651	2	Oil	5	Hot Water
Holden	1010	Single Fam  MDL-01	1	1 Story	1	Ranch	1651	2	Oil	5	Hot Water
Holden	1010	Single Fam  MDL-01	1	1 Story	1	Ranch	1652	2	Oil	10	Hydro Air
Holden	1010	Single Fam  MDL-01	1	1 Story	1	Ranch	1654	2	Oil	4	Forced Air-Duc
Holden	1010	Single Fam  MDL-01	1	1 Story	1	Ranch	1654	2	Oil	5	Hot Water
Holden	1010	Single Fam  MDL-01	1	1 Story	1	Ranch	1655	2	Oil	5	Hot Water
Holden	1010	Single Fam  MDL-01	1	1 Story	1	Ranch	1656	2	Oil	5	Hot Water
Holden	1010	Single Fam  MDL-01	1	1 Story	1	Ranch	1656	2	Oil	5	Hot Water
Holden	1010	Single Fam  MDL-01	1	1 Story	1	Ranch	1656	2	Oil	5	Hot Water
Holden	1010	Single Fam  MDL-01	1	1 Story	1	Ranch	1658	2	Oil	5	Hot Water
Holden	1010	Single Fam  MDL-01	1	1 Story	1	Ranch	1660	2	Oil	4	Forced Air-Duc
Holden	1010	Single Fam  MDL-01	1	1 Story	1	Ranch	1660	2	Oil	4	Forced Air-Duc
Holden	1010	Single Fam  MDL-01	1	1 Story	1	Ranch	1660	2	Oil	5	Hot Water
Holden	1010	Single Fam  MDL-01	1	1 Story	1	Ranch	1661	7	Propane	5	Hot Water
Holden	1010	Single Fam  MDL-01	1	1 Story	1	Ranch	1662	2	Oil	5	Hot Water
Holden	1010	Single Fam  MDL-01	1	1 Story	1	Ranch	1663	2	Oil	4	Forced Air-Duc
Holden	1010	Single Fam  MDL-01	1	1 Story	1	Ranch	1663	2	Oil	5	Hot Water
Holden	1010	Single Fam  MDL-01	1	1 Story	1	Ranch	1664	2	Oil	5	Hot Water
Holden	1010	Single Fam  MDL-01	1	1 Story	1	Ranch	1665	2	Oil	5	Hot Water
Holden	1010	Single Fam  MDL-01	1	1 Story	1	Ranch	1666	2	Oil	5	Hot Water
Holden	1010	Single Fam  MDL-01	1	1 Story	1	Ranch	1667	3	Gas	5	Hot Water
Holden	1010	Single Fam  MDL-01	1	1 Story	1	Ranch	1669	2	Oil	4	Forced Air-Duc
Holden	1010	Single Fam  MDL-01	1	1 Story	1	Ranch	1672	2	Oil	5	Hot Water
Holden	1010	Single Fam  MDL-01	1	1 Story	1	Ranch	1672	2	Oil	5	Hot Water
Holden	1010	Single Fam  MDL-01	1	1 Story	1	Ranch	1673	2	Oil	5	Hot Water
Holden	1010	Single Fam  MDL-01	1	1 Story	1	Ranch	1675	2	Oil	5	Hot Water
Holden	1010	Single Fam  MDL-01	1	1 Story	1	Ranch	1676	2	Oil	5	Hot Water
Holden	1010	Single Fam  MDL-01	1	1 Story	1	Ranch	1676	3	Gas	5	Hot Water
Holden	1010	Single Fam  MDL-01	1	1 Story	1	Ranch	1678	2	Oil	5	Hot Water
Holden	1010	Single Fam  MDL-01	1	1 Story	1	Ranch	1680	2	Oil	5	Hot Water
Holden	1010	Single Fam  MDL-01	1	1 Story	1	Ranch	1680	2	Oil	5	Hot Water
Holden	1010	Single Fam  MDL-01	1	1 Story	1	Ranch	1683	2	Oil	5	Hot Water
Holden	1010	Single Fam  MDL-01	1	1 Story	1	Ranch	1684	2	Oil	5	Hot Water
Holden	1010	Single Fam  MDL-01	1	1 Story	1	Ranch	1686	2	Oil	5	Hot Water
Holden	1010	Single Fam  MDL-01	1	1 Story	1	Ranch	1686	2	Oil	5	Hot Water
Holden	1010	Single Fam  MDL-01	1	1 Story	1	Ranch	1686	2	Oil	5	Hot Water
Holden	1010	Single Fam  MDL-01	1	1 Story	1	Ranch	1686	2	Oil	5	Hot Water
Holden	1010	Single Fam  MDL-01	1	1 Story	1	Ranch	1688	2	Oil	4	Forced Air-Duc
Holden	1010	Single Fam  MDL-01	1	1 Story	1	Ranch	1688	2	Oil	5	Hot Water
Holden	1010	Single Fam  MDL-01	1	1 Story	1	Ranch	1690	2	Oil	5	Hot Water
Holden	1010	Single Fam  MDL-01	1	1 Story	1	Ranch	1690	2	Oil	5	Hot Water
Holden	1010	Single Fam  MDL-01	1	1 Story	1	Ranch	1691	3	Gas	4	Forced Air-Duc
Holden	1010	Single Fam  MDL-01	1	1 Story	1	Ranch	1694	2	Oil	5	Hot Water
Holden	1010	Single Fam  MDL-01	1	1 Story	1	Ranch	1696	7	Propane	10	Hydro Air
Holden	1010	Single Fam  MDL-01	1	1 Story	1	Ranch	1697	2	Oil	5	Hot Water
Holden	1010	Single Fam  MDL-01	1	1 Story	1	Ranch	1698	3	Gas	4	Forced Air-Duc
Holden	1010	Single Fam  MDL-01	1	1 Story	1	Ranch	1700	2	Oil	5	Hot Water
Holden	1010	Single Fam  MDL-01	1	1 Story	1	Ranch	1700	2	Oil	5	Hot Water
Holden	1010	Single Fam  MDL-01	1	1 Story	1	Ranch	1704	2	Oil	4	Forced Air-Duc
Holden	1010	Single Fam  MDL-01	1	1 Story	1	Ranch	1704	2	Oil	4	Forced Air-Duc
Holden	1010	Single Fam  MDL-01	1	1 Story	1	Ranch	1704	2	Oil	5	Hot Water
Holden	1010	Single Fam  MDL-01	1	1 Story	1	Ranch	1704	2	Oil	5	Hot Water
Holden	1010	Single Fam  MDL-01	1	1 Story	1	Ranch	1704	8	Wood	9	Wood Furnance
Holden	1010	Single Fam  MDL-01	1	1 Story	1	Ranch	1705	2	Oil	5	Hot Water
Holden	1010	Single Fam  MDL-01	1	1 Story	1	Ranch	1708	2	Oil	4	Forced Air-Duc
Holden	1010	Single Fam  MDL-01	1	1 Story	1	Ranch	1708	2	Oil	5	Hot Water
Holden	1010	Single Fam  MDL-01	1	1 Story	1	Ranch	1710	2	Oil	4	Forced Air-Duc
Holden	1010	Single Fam  MDL-01	1	1 Story	1	Ranch	1712	2	Oil	4	Forced Air-Duc
Holden	1010	Single Fam  MDL-01	1	1 Story	1	Ranch	1712	2	Oil	4	Forced Air-Duc
Holden	1010	Single Fam  MDL-01	1	1 Story	1	Ranch	1715	2	Oil	4	Forced Air-Duc
Holden	1010	Single Fam  MDL-01	1	1 Story	1	Ranch	1715	2	Oil	5	Hot Water
Holden	1010	Single Fam  MDL-01	1	1 Story	1	Ranch	1718	2	Oil	4	Forced Air-Duc
Holden	1010	Single Fam  MDL-01	1	1 Story	1	Ranch	1718	2	Oil	5	Hot Water
Holden	1010	Single Fam  MDL-01	1	1 Story	1	Ranch	1718	2	Oil	5	Hot Water
Holden	1010	Single Fam  MDL-01	1	1 Story	1	Ranch	1722	2	Oil	4	Forced Air-Duc
Holden	1010	Single Fam  MDL-01	1	1 Story	1	Ranch	1722	2	Oil	5	Hot Water
Holden	1010	Single Fam  MDL-01	1	1 Story	1	Ranch	1722	2	Oil	5	Hot Water
Holden	1010	Single Fam  MDL-01	1	1 Story	1	Ranch	1722	2	Oil	5	Hot Water
Holden	1010	Single Fam  MDL-01	1	1 Story	1	Ranch	1724	2	Oil	5	Hot Water
Holden	1010	Single Fam  MDL-01	1	1 Story	1	Ranch	1728	2	Oil	5	Hot Water
Holden	1010	Single Fam  MDL-01	1	1 Story	1	Ranch	1732	2	Oil	5	Hot Water
Holden	1010	Single Fam  MDL-01	1	1 Story	1	Ranch	1736	2	Oil	5	Hot Water
Holden	1010	Single Fam  MDL-01	1	1 Story	1	Ranch	1737	3	Gas	4	Forced Air-Duc
Holden	1010	Single Fam  MDL-01	1	1 Story	1	Ranch	1738	2	Oil	5	Hot Water
Holden	1010	Single Fam  MDL-01	1	1 Story	1	Ranch	1740	2	Oil	5	Hot Water
Holden	1010	Single Fam  MDL-01	1	1 Story	1	Ranch	1740	2	Oil	6	Steam
Holden	1010	Single Fam  MDL-01	1	1 Story	1	Ranch	1742	3	Gas	4	Forced Air-Duc
Holden	1010	Single Fam  MDL-01	1	1 Story	1	Ranch	1744	2	Oil	4	Forced Air-Duc
Holden	1010	Single Fam  MDL-01	1	1 Story	1	Ranch	1744	2	Oil	5	Hot Water
Holden	1010	Single Fam  MDL-01	1	1 Story	1	Ranch	1745	2	Oil	5	Hot Water
Holden	1010	Single Fam  MDL-01	1	1 Story	1	Ranch	1746	2	Oil	5	Hot Water
Holden	1010	Single Fam  MDL-01	1	1 Story	1	Ranch	1747	2	Oil	5	Hot Water
Holden	1010	Single Fam  MDL-01	1	1 Story	1	Ranch	1748	2	Oil	4	Forced Air-Duc
Holden	1010	Single Fam  MDL-01	1	1 Story	1	Ranch	1750	2	Oil	5	Hot Water
Holden	1010	Single Fam  MDL-01	1	1 Story	1	Ranch	1750	3	Gas	4	Forced Air-Duc
Holden	1010	Single Fam  MDL-01	1	1 Story	1	Ranch	1755	2	Oil	4	Forced Air-Duc
Holden	1010	Single Fam  MDL-01	1	1 Story	1	Ranch	1756	2	Oil	5	Hot Water
Holden	1010	Single Fam  MDL-01	1	1 Story	1	Ranch	1758	2	Oil	5	Hot Water
Holden	1010	Single Fam  MDL-01	1	1 Story	1	Ranch	1760	2	Oil	4	Forced Air-Duc
Holden	1010	Single Fam  MDL-01	1	1 Story	1	Ranch	1760	2	Oil	4	Forced Air-Duc
Holden	1010	Single Fam  MDL-01	1	1 Story	1	Ranch	1760	3	Gas	5	Hot Water
Holden	1010	Single Fam  MDL-01	1	1 Story	1	Ranch	1762	2	Oil	4	Forced Air-Duc
Holden	1010	Single Fam  MDL-01	1	1 Story	1	Ranch	1762	2	Oil	5	Hot Water
Holden	1010	Single Fam  MDL-01	1	1 Story	1	Ranch	1768	2	Oil	5	Hot Water
Holden	1010	Single Fam  MDL-01	1	1 Story	1	Ranch	1768	2	Oil	6	Steam
Holden	1010	Single Fam  MDL-01	1	1 Story	1	Ranch	1772	2	Oil	5	Hot Water
Holden	1010	Single Fam  MDL-01	1	1 Story	1	Ranch	1772	4	Electric	11	Geothermal
Holden	1010	Single Fam  MDL-01	1	1 Story	1	Ranch	1774	2	Oil	5	Hot Water
Holden	1010	Single Fam  MDL-01	1	1 Story	1	Ranch	1774	2	Oil	5	Hot Water
Holden	1010	Single Fam  MDL-01	1	1 Story	1	Ranch	1776	3	Gas	5	Hot Water
Holden	1010	Single Fam  MDL-01	1	1 Story	1	Ranch	1776	3	Gas	5	Hot Water
Holden	1010	Single Fam  MDL-01	1	1 Story	1	Ranch	1777	2	Oil	5	Hot Water
Holden	1010	Single Fam  MDL-01	1	1 Story	1	Ranch	1780	2	Oil	3	Hot Air-no Duc
Holden	1010	Single Fam  MDL-01	1	1 Story	1	Ranch	1780	3	Gas	4	Forced Air-Duc
Holden	1010	Single Fam  MDL-01	1	1 Story	1	Ranch	1782	2	Oil	5	Hot Water
Holden	1010	Single Fam  MDL-01	1	1 Story	1	Ranch	1782	2	Oil	5	Hot Water
Holden	1010	Single Fam  MDL-01	1	1 Story	1	Ranch	1782	3	Gas	4	Forced Air-Duc
Holden	1010	Single Fam  MDL-01	1	1 Story	1	Ranch	1783	2	Oil	5	Hot Water
Holden	1010	Single Fam  MDL-01	1	1 Story	1	Ranch	1788	2	Oil	5	Hot Water
Holden	1010	Single Fam  MDL-01	1	1 Story	1	Ranch	1789	2	Oil	5	Hot Water
Holden	1010	Single Fam  MDL-01	1	1 Story	1	Ranch	1792	3	Gas	4	Forced Air-Duc
Holden	1010	Single Fam  MDL-01	1	1 Story	1	Ranch	1794	3	Gas	4	Forced Air-Duc
Holden	1010	Single Fam  MDL-01	1	1 Story	1	Ranch	1795	2	Oil	5	Hot Water
Holden	1010	Single Fam  MDL-01	1	1 Story	1	Ranch	1797	2	Oil	5	Hot Water
Holden	1010	Single Fam  MDL-01	1	1 Story	1	Ranch	1798	2	Oil	5	Hot Water
Holden	1010	Single Fam  MDL-01	1	1 Story	1	Ranch	1798	2	Oil	5	Hot Water
Holden	1010	Single Fam  MDL-01	1	1 Story	1	Ranch	1800	2	Oil	4	Forced Air-Duc
Holden	1010	Single Fam  MDL-01	1	1 Story	1	Ranch	1809	2	Oil	5	Hot Water
Holden	1010	Single Fam  MDL-01	1	1 Story	1	Ranch	1811	2	Oil	4	Forced Air-Duc
Holden	1010	Single Fam  MDL-01	1	1 Story	1	Ranch	1816	2	Oil	4	Forced Air-Duc
Holden	1010	Single Fam  MDL-01	1	1 Story	1	Ranch	1816	2	Oil	5	Hot Water
Holden	1010	Single Fam  MDL-01	1	1 Story	1	Ranch	1818	2	Oil	5	Hot Water
Holden	1010	Single Fam  MDL-01	1	1 Story	1	Ranch	1819	2	Oil	5	Hot Water
Holden	1010	Single Fam  MDL-01	1	1 Story	1	Ranch	1820	3	Gas	4	Forced Air-Duc
Holden	1010	Single Fam  MDL-01	1	1 Story	1	Ranch	1821	2	Oil	5	Hot Water
Holden	1010	Single Fam  MDL-01	1	1 Story	1	Ranch	1824	2	Oil	5	Hot Water
Holden	1010	Single Fam  MDL-01	1	1 Story	1	Ranch	1834	2	Oil	5	Hot Water
Holden	1010	Single Fam  MDL-01	1	1 Story	1	Ranch	1834	2	Oil	5	Hot Water
Holden	1010	Single Fam  MDL-01	1	1 Story	1	Ranch	1836	2	Oil	5	Hot Water
Holden	1010	Single Fam  MDL-01	1	1 Story	1	Ranch	1840	2	Oil	5	Hot Water
Holden	1010	Single Fam  MDL-01	1	1 Story	1	Ranch	1844	2	Oil	5	Hot Water
Holden	1010	Single Fam  MDL-01	1	1 Story	1	Ranch	1845	2	Oil	5	Hot Water
Holden	1010	Single Fam  MDL-01	1	1 Story	1	Ranch	1845	2	Oil	5	Hot Water
Holden	1010	Single Fam  MDL-01	1	1 Story	1	Ranch	1846	2	Oil	4	Forced Air-Duc
Holden	1010	Single Fam  MDL-01	1	1 Story	1	Ranch	1848	2	Oil	5	Hot Water
Holden	1010	Single Fam  MDL-01	1	1 Story	1	Ranch	1850	2	Oil	4	Forced Air-Duc
Holden	1010	Single Fam  MDL-01	1	1 Story	1	Ranch	1853	3	Gas	5	Hot Water
Holden	1010	Single Fam  MDL-01	1	1 Story	1	Ranch	1857	2	Oil	5	Hot Water
Holden	1010	Single Fam  MDL-01	1	1 Story	1	Ranch	1859	4	Electric	7	Radiant-Elec.
Holden	1010	Single Fam  MDL-01	1	1 Story	1	Ranch	1860	2	Oil	4	Forced Air-Duc
Holden	1010	Single Fam  MDL-01	1	1 Story	1	Ranch	1860	2	Oil	5	Hot Water
Holden	1010	Single Fam  MDL-01	1	1 Story	1	Ranch	1860	2	Oil	5	Hot Water
Holden	1010	Single Fam  MDL-01	1	1 Story	1	Ranch	1861	2	Oil	5	Hot Water
Holden	1010	Single Fam  MDL-01	1	1 Story	1	Ranch	1868	2	Oil	5	Hot Water
Holden	1010	Single Fam  MDL-01	1	1 Story	1	Ranch	1869	2	Oil	5	Hot Water
Holden	1010	Single Fam  MDL-01	1	1 Story	1	Ranch	1871	2	Oil	5	Hot Water
Holden	1010	Single Fam  MDL-01	1	1 Story	1	Ranch	1871	2	Oil	5	Hot Water
Holden	1010	Single Fam  MDL-01	1	1 Story	1	Ranch	1871	2	Oil	6	Steam
Holden	1010	Single Fam  MDL-01	1	1 Story	1	Ranch	1872	2	Oil	5	Hot Water
Holden	1010	Single Fam  MDL-01	1	1 Story	1	Ranch	1877	2	Oil	5	Hot Water
Holden	1010	Single Fam  MDL-01	1	1 Story	1	Ranch	1878	2	Oil	5	Hot Water
Holden	1010	Single Fam  MDL-01	1	1 Story	1	Ranch	1881	2	Oil	4	Forced Air-Duc
Holden	1010	Single Fam  MDL-01	1	1 Story	1	Ranch	1883	3	Gas	4	Forced Air-Duc
Holden	1010	Single Fam  MDL-01	1	1 Story	1	Ranch	1884	2	Oil	6	Steam
Holden	1010	Single Fam  MDL-01	1	1 Story	1	Ranch	1885	3	Gas	5	Hot Water
Holden	1010	Single Fam  MDL-01	1	1 Story	1	Ranch	1886	2	Oil	5	Hot Water
Holden	1010	Single Fam  MDL-01	1	1 Story	1	Ranch	1893	2	Oil	4	Forced Air-Duc
Holden	1010	Single Fam  MDL-01	1	1 Story	1	Ranch	1894	2	Oil	5	Hot Water
Holden	1010	Single Fam  MDL-01	1	1 Story	1	Ranch	1896	2	Oil	5	Hot Water
Holden	1010	Single Fam  MDL-01	1	1 Story	1	Ranch	1896	2	Oil	5	Hot Water
Holden	1010	Single Fam  MDL-01	1	1 Story	1	Ranch	1906	2	Oil	5	Hot Water
Holden	1010	Single Fam  MDL-01	1	1 Story	1	Ranch	1906	2	Oil	5	Hot Water
Holden	1010	Single Fam  MDL-01	1	1 Story	1	Ranch	1912	2	Oil	5	Hot Water
Holden	1010	Single Fam  MDL-01	1	1 Story	1	Ranch	1912	2	Oil	5	Hot Water
Holden	1010	Single Fam  MDL-01	1	1 Story	1	Ranch	1912	2	Oil	5	Hot Water
Holden	1010	Single Fam  MDL-01	1	1 Story	1	Ranch	1913	2	Oil	5	Hot Water
Holden	1010	Single Fam  MDL-01	1	1 Story	1	Ranch	1914	2	Oil	5	Hot Water
Holden	1010	Single Fam  MDL-01	1	1 Story	1	Ranch	1919	2	Oil	5	Hot Water
Holden	1010	Single Fam  MDL-01	1	1 Story	1	Ranch	1921	2	Oil	3	Hot Air-no Duc
Holden	1010	Single Fam  MDL-01	1	1 Story	1	Ranch	1922	2	Oil	5	Hot Water
Holden	1010	Single Fam  MDL-01	1	1 Story	1	Ranch	1923	2	Oil	5	Hot Water
Holden	1010	Single Fam  MDL-01	1	1 Story	1	Ranch	1924	2	Oil	5	Hot Water
Holden	1010	Single Fam  MDL-01	1	1 Story	1	Ranch	1926	2	Oil	5	Hot Water
Holden	1010	Single Fam  MDL-01	1	1 Story	1	Ranch	1927	2	Oil	5	Hot Water
Holden	1010	Single Fam  MDL-01	1	1 Story	1	Ranch	1931	2	Oil	5	Hot Water
Holden	1010	Single Fam  MDL-01	1	1 Story	1	Ranch	1936	4	Electric	7	Radiant-Elec.
Holden	1010	Single Fam  MDL-01	1	1 Story	1	Ranch	1942	2	Oil	5	Hot Water
Holden	1010	Single Fam  MDL-01	1	1 Story	1	Ranch	1945	2	Oil	5	Hot Water
Holden	1010	Single Fam  MDL-01	1	1 Story	1	Ranch	1945	2	Oil	5	Hot Water
Holden	1010	Single Fam  MDL-01	1	1 Story	1	Ranch	1948	4	Electric	7	Radiant-Elec.
Holden	1010	Single Fam  MDL-01	1	1 Story	1	Ranch	1949	2	Oil	5	Hot Water
Holden	1010	Single Fam  MDL-01	1	1 Story	1	Ranch	1950	3	Gas	5	Hot Water
Holden	1010	Single Fam  MDL-01	1	1 Story	1	Ranch	1952	2	Oil	4	Forced Air-Duc
Holden	1010	Single Fam  MDL-01	1	1 Story	1	Ranch	1952	2	Oil	5	Hot Water
Holden	1010	Single Fam  MDL-01	1	1 Story	1	Ranch	1952	3	Gas	4	Forced Air-Duc
Holden	1010	Single Fam  MDL-01	1	1 Story	1	Ranch	1955	2	Oil	5	Hot Water
Holden	1010	Single Fam  MDL-01	1	1 Story	1	Ranch	1957	2	Oil	5	Hot Water
Holden	1010	Single Fam  MDL-01	1	1 Story	1	Ranch	1960	2	Oil	5	Hot Water
Holden	1010	Single Fam  MDL-01	1	1 Story	1	Ranch	1965	2	Oil	5	Hot Water
Holden	1010	Single Fam  MDL-01	1	1 Story	1	Ranch	1969	2	Oil	4	Forced Air-Duc
Holden	1010	Single Fam  MDL-01	1	1 Story	1	Ranch	1970	4	Electric	4	Forced Air-Duc
Holden	1010	Single Fam  MDL-01	1	1 Story	1	Ranch	1974	2	Oil	5	Hot Water
Holden	1010	Single Fam  MDL-01	1	1 Story	1	Ranch	1974	2	Oil	5	Hot Water
Holden	1010	Single Fam  MDL-01	1	1 Story	1	Ranch	1976	2	Oil	5	Hot Water
Holden	1010	Single Fam  MDL-01	1	1 Story	1	Ranch	1980	2	Oil	4	Forced Air-Duc
Holden	1010	Single Fam  MDL-01	1	1 Story	1	Ranch	1980	2	Oil	5	Hot Water
Holden	1010	Single Fam  MDL-01	1	1 Story	1	Ranch	1981	2	Oil	5	Hot Water
Holden	1010	Single Fam  MDL-01	1	1 Story	1	Ranch	1986	2	Oil	5	Hot Water
Holden	1010	Single Fam  MDL-01	1	1 Story	1	Ranch	1988	2	Oil	5	Hot Water
Holden	1010	Single Fam  MDL-01	1	1 Story	1	Ranch	1991	2	Oil	4	Forced Air-Duc
Holden	1010	Single Fam  MDL-01	1	1 Story	1	Ranch	1992	2	Oil	5	Hot Water
Holden	1010	Single Fam  MDL-01	1	1 Story	1	Ranch	2005	2	Oil	5	Hot Water
Holden	1010	Single Fam  MDL-01	1	1 Story	1	Ranch	2006	3	Gas	5	Hot Water
Holden	1010	Single Fam  MDL-01	1	1 Story	1	Ranch	2007	2	Oil	5	Hot Water
Holden	1010	Single Fam  MDL-01	1	1 Story	1	Ranch	2008	2	Oil	5	Hot Water
Holden	1010	Single Fam  MDL-01	1	1 Story	1	Ranch	2012	3	Gas	4	Forced Air-Duc
Holden	1010	Single Fam  MDL-01	1	1 Story	1	Ranch	2013	3	Gas	5	Hot Water
Holden	1010	Single Fam  MDL-01	1	1 Story	1	Ranch	2016	2	Oil	5	Hot Water
Holden	1010	Single Fam  MDL-01	1	1 Story	1	Ranch	2016	3	Gas	8	Radiant-Water
Holden	1010	Single Fam  MDL-01	1	1 Story	1	Ranch	2019	2	Oil	5	Hot Water
Holden	1010	Single Fam  MDL-01	1	1 Story	1	Ranch	2020	2	Oil	5	Hot Water
Holden	1010	Single Fam  MDL-01	1	1 Story	1	Ranch	2022	2	Oil	5	Hot Water
Holden	1010	Single Fam  MDL-01	1	1 Story	1	Ranch	2024	2	Oil	4	Forced Air-Duc
Holden	1010	Single Fam  MDL-01	1	1 Story	1	Ranch	2025	3	Gas	4	Forced Air-Duc
Holden	1010	Single Fam  MDL-01	1	1 Story	1	Ranch	2027	2	Oil	5	Hot Water
Holden	1010	Single Fam  MDL-01	1	1 Story	1	Ranch	2038	2	Oil	8	Radiant-Water
Holden	1010	Single Fam  MDL-01	1	1 Story	1	Ranch	2039	2	Oil	5	Hot Water
Holden	1010	Single Fam  MDL-01	1	1 Story	1	Ranch	2040	4	Electric	7	Radiant-Elec.
Holden	1010	Single Fam  MDL-01	1	1 Story	1	Ranch	2041	3	Gas	5	Hot Water
Holden	1010	Single Fam  MDL-01	1	1 Story	1	Ranch	2043	2	Oil	5	Hot Water
Holden	1010	Single Fam  MDL-01	1	1 Story	1	Ranch	2050	2	Oil	4	Forced Air-Duc
Holden	1010	Single Fam  MDL-01	1	1 Story	1	Ranch	2052	2	Oil	5	Hot Water
Holden	1010	Single Fam  MDL-01	1	1 Story	1	Ranch	2053	2	Oil	5	Hot Water
Holden	1010	Single Fam  MDL-01	1	1 Story	1	Ranch	2053	2	Oil	5	Hot Water
Holden	1010	Single Fam  MDL-01	1	1 Story	1	Ranch	2053	2	Oil	5	Hot Water
Holden	1010	Single Fam  MDL-01	1	1 Story	1	Ranch	2056	2	Oil	10	Hydro Air
Holden	1010	Single Fam  MDL-01	1	1 Story	1	Ranch	2057	3	Gas	4	Forced Air-Duc
Holden	1010	Single Fam  MDL-01	1	1 Story	1	Ranch	2059	2	Oil	5	Hot Water
Holden	1010	Single Fam  MDL-01	1	1 Story	1	Ranch	2059	2	Oil	5	Hot Water
Holden	1010	Single Fam  MDL-01	1	1 Story	1	Ranch	2060	2	Oil	5	Hot Water
Holden	1010	Single Fam  MDL-01	1	1 Story	1	Ranch	2061	2	Oil	5	Hot Water
Holden	1010	Single Fam  MDL-01	1	1 Story	1	Ranch	2065	2	Oil	5	Hot Water
Holden	1010	Single Fam  MDL-01	1	1 Story	1	Ranch	2081	2	Oil	4	Forced Air-Duc
Holden	1010	Single Fam  MDL-01	1	1 Story	1	Ranch	2083	2	Oil	5	Hot Water
Holden	1010	Single Fam  MDL-01	1	1 Story	1	Ranch	2088	2	Oil	6	Steam
Holden	1010	Single Fam  MDL-01	1	1 Story	1	Ranch	2092	2	Oil	5	Hot Water
Holden	1010	Single Fam  MDL-01	1	1 Story	1	Ranch	2096	2	Oil	5	Hot Water
Holden	1010	Single Fam  MDL-01	1	1 Story	1	Ranch	2111	2	Oil	4	Forced Air-Duc
Holden	1010	Single Fam  MDL-01	1	1 Story	1	Ranch	2112	2	Oil	5	Hot Water
Holden	1010	Single Fam  MDL-01	1	1 Story	1	Ranch	2116	2	Oil	4	Forced Air-Duc
Holden	1010	Single Fam  MDL-01	1	1 Story	1	Ranch	2122	2	Oil	5	Hot Water
Holden	1010	Single Fam  MDL-01	1	1 Story	1	Ranch	2125	2	Oil	5	Hot Water
Holden	1010	Single Fam  MDL-01	1	1 Story	1	Ranch	2132	2	Oil	5	Hot Water
Holden	1010	Single Fam  MDL-01	1	1 Story	1	Ranch	2135	2	Oil	4	Forced Air-Duc
Holden	1010	Single Fam  MDL-01	1	1 Story	1	Ranch	2138	2	Oil	5	Hot Water
Holden	1010	Single Fam  MDL-01	1	1 Story	1	Ranch	2146	3	Gas	4	Forced Air-Duc
Holden	1010	Single Fam  MDL-01	1	1 Story	1	Ranch	2150	2	Oil	5	Hot Water
Holden	1010	Single Fam  MDL-01	1	1 Story	1	Ranch	2157	2	Oil	5	Hot Water
Holden	1010	Single Fam  MDL-01	1	1 Story	1	Ranch	2160	2	Oil	4	Forced Air-Duc
Holden	1010	Single Fam  MDL-01	1	1 Story	1	Ranch	2161	2	Oil	5	Hot Water
Holden	1010	Single Fam  MDL-01	1	1 Story	1	Ranch	2167	3	Gas	4	Forced Air-Duc
Holden	1010	Single Fam  MDL-01	1	1 Story	1	Ranch	2168	2	Oil	4	Forced Air-Duc
Holden	1010	Single Fam  MDL-01	1	1 Story	1	Ranch	2182	3	Gas	4	Forced Air-Duc
Holden	1010	Single Fam  MDL-01	1	1 Story	1	Ranch	2186	2	Oil	5	Hot Water
Holden	1010	Single Fam  MDL-01	1	1 Story	1	Ranch	2200	2	Oil	5	Hot Water
Holden	1010	Single Fam  MDL-01	1	1 Story	1	Ranch	2201	2	Oil	5	Hot Water
Holden	1010	Single Fam  MDL-01	1	1 Story	1	Ranch	2203	3	Gas	4	Forced Air-Duc
Holden	1010	Single Fam  MDL-01	1	1 Story	1	Ranch	2221	2	Oil	5	Hot Water
Holden	1010	Single Fam  MDL-01	1	1 Story	1	Ranch	2223	2	Oil	5	Hot Water
Holden	1010	Single Fam  MDL-01	1	1 Story	1	Ranch	2227	2	Oil	5	Hot Water
Holden	1010	Single Fam  MDL-01	1	1 Story	1	Ranch	2233	3	Gas	5	Hot Water
Holden	1010	Single Fam  MDL-01	1	1 Story	1	Ranch	2234	2	Oil	4	Forced Air-Duc
Holden	1010	Single Fam  MDL-01	1	1 Story	1	Ranch	2237	2	Oil	5	Hot Water
Holden	1010	Single Fam  MDL-01	1	1 Story	1	Ranch	2250	2	Oil	10	Hydro Air
Holden	1010	Single Fam  MDL-01	1	1 Story	1	Ranch	2258	2	Oil	5	Hot Water
Holden	1010	Single Fam  MDL-01	1	1 Story	1	Ranch	2259	3	Gas	4	Forced Air-Duc
Holden	1010	Single Fam  MDL-01	1	1 Story	1	Ranch	2264	2	Oil	5	Hot Water
Holden	1010	Single Fam  MDL-01	1	1 Story	1	Ranch	2269	2	Oil	10	Hydro Air
Holden	1010	Single Fam  MDL-01	1	1 Story	1	Ranch	2276	2	Oil	5	Hot Water
Holden	1010	Single Fam  MDL-01	1	1 Story	1	Ranch	2282	2	Oil	5	Hot Water
Holden	1010	Single Fam  MDL-01	1	1 Story	1	Ranch	2283	2	Oil	4	Forced Air-Duc
Holden	1010	Single Fam  MDL-01	1	1 Story	1	Ranch	2286	3	Gas	4	Forced Air-Duc
Holden	1010	Single Fam  MDL-01	1	1 Story	1	Ranch	2297	2	Oil	5	Hot Water
Holden	1010	Single Fam  MDL-01	1	1 Story	1	Ranch	2297	2	Oil	5	Hot Water
Holden	1010	Single Fam  MDL-01	1	1 Story	1	Ranch	2298	2	Oil	4	Forced Air-Duc
Holden	1010	Single Fam  MDL-01	1	1 Story	1	Ranch	2298	3	Gas	4	Forced Air-Duc
Holden	1010	Single Fam  MDL-01	1	1 Story	1	Ranch	2305	3	Gas	4	Forced Air-Duc
Holden	1010	Single Fam  MDL-01	1	1 Story	1	Ranch	2312	2	Oil	5	Hot Water
Holden	1010	Single Fam  MDL-01	1	1 Story	1	Ranch	2336	2	Oil	5	Hot Water
Holden	1010	Single Fam  MDL-01	1	1 Story	1	Ranch	2340	2	Oil	5	Hot Water
Holden	1010	Single Fam  MDL-01	1	1 Story	1	Ranch	2348	2	Oil	5	Hot Water
Holden	1010	Single Fam  MDL-01	1	1 Story	1	Ranch	2352	2	Oil	5	Hot Water
Holden	1010	Single Fam  MDL-01	1	1 Story	1	Ranch	2353	2	Oil	5	Hot Water
Holden	1010	Single Fam  MDL-01	1	1 Story	1	Ranch	2357	2	Oil	5	Hot Water
Holden	1010	Single Fam  MDL-01	1	1 Story	1	Ranch	2376	2	Oil	5	Hot Water
Holden	1010	Single Fam  MDL-01	1	1 Story	1	Ranch	2398	2	Oil	5	Hot Water
Holden	1010	Single Fam  MDL-01	1	1 Story	1	Ranch	2436	2	Oil	4	Forced Air-Duc
Holden	1010	Single Fam  MDL-01	1	1 Story	1	Ranch	2440	2	Oil	10	Hydro Air
Holden	1010	Single Fam  MDL-01	1	1 Story	1	Ranch	2444	2	Oil	5	Hot Water
Holden	1010	Single Fam  MDL-01	1	1 Story	1	Ranch	2446	2	Oil	5	Hot Water
Holden	1010	Single Fam  MDL-01	1	1 Story	1	Ranch	2489	2	Oil	5	Hot Water
Holden	1010	Single Fam  MDL-01	1	1 Story	1	Ranch	2560	2	Oil	10	Hydro Air
Holden	1010	Single Fam  MDL-01	1	1 Story	1	Ranch	2571	2	Oil	5	Hot Water
Holden	1010	Single Fam  MDL-01	1	1 Story	1	Ranch	2572	2	Oil	4	Forced Air-Duc
Holden	1010	Single Fam  MDL-01	1	1 Story	1	Ranch	2574	2	Oil	5	Hot Water
Holden	1010	Single Fam  MDL-01	1	1 Story	1	Ranch	2585	2	Oil	5	Hot Water
Holden	1010	Single Fam  MDL-01	1	1 Story	1	Ranch	2592	2	Oil	5	Hot Water
Holden	1010	Single Fam  MDL-01	1	1 Story	1	Ranch	2598	2	Oil	10	Hydro Air
Holden	1010	Single Fam  MDL-01	1	1 Story	1	Ranch	2613	2	Oil	5	Hot Water
Holden	1010	Single Fam  MDL-01	1	1 Story	1	Ranch	2614	2	Oil	4	Forced Air-Duc
Holden	1010	Single Fam  MDL-01	1	1 Story	1	Ranch	2621	3	Gas	5	Hot Water
Holden	1010	Single Fam  MDL-01	1	1 Story	1	Ranch	2677	3	Gas	4	Forced Air-Duc
Holden	1010	Single Fam  MDL-01	1	1 Story	1	Ranch	2724	2	Oil	5	Hot Water
Holden	1010	Single Fam  MDL-01	1	1 Story	1	Ranch	2776	2	Oil	5	Hot Water
Holden	1010	Single Fam  MDL-01	1	1 Story	1	Ranch	2783	2	Oil	5	Hot Water
Holden	1010	Single Fam  MDL-01	1	1 Story	1	Ranch	2786	2	Oil	5	Hot Water
Holden	1010	Single Fam  MDL-01	1	1 Story	1	Ranch	2803	2	Oil	5	Hot Water
Holden	1010	Single Fam  MDL-01	1	1 Story	1	Ranch	2808	2	Oil	5	Hot Water
Holden	1010	Single Fam  MDL-01	1	1 Story	1	Ranch	2847	2	Oil	4	Forced Air-Duc
Holden	1010	Single Fam  MDL-01	1	1 Story	1	Ranch	2885	2	Oil	5	Hot Water
Holden	1010	Single Fam  MDL-01	1	1 Story	1	Ranch	2919	2	Oil	4	Forced Air-Duc
Holden	1010	Single Fam  MDL-01	1	1 Story	1	Ranch	3052	2	Oil	5	Hot Water
Holden	1010	Single Fam  MDL-01	1	1 Story	1	Ranch	3108	3	Gas	4	Forced Air-Duc
Holden	1010	Single Fam  MDL-01	1	1 Story	1	Ranch	3139	2	Oil	10	Hydro Air
Holden	1010	Single Fam  MDL-01	1	1 Story	1	Ranch	3264	2	Oil	4	Forced Air-Duc
Holden	1010	Single Fam  MDL-01	1	1 Story	1	Ranch	3543	2	Oil	5	Hot Water
Holden	1010	Single Fam  MDL-01	1	1 Story	2	Split-Level	960	2	Oil	5	Hot Water
Holden	1010	Single Fam  MDL-01	1	1 Story	2	Split-Level	1056	2	Oil	5	Hot Water
Holden	1010	Single Fam  MDL-01	1	1 Story	2	Split-Level	1056	2	Oil	5	Hot Water
Holden	1010	Single Fam  MDL-01	1	1 Story	2	Split-Level	1074	2	Oil	5	Hot Water
Holden	1010	Single Fam  MDL-01	1	1 Story	2	Split-Level	1104	2	Oil	5	Hot Water
Holden	1010	Single Fam  MDL-01	1	1 Story	2	Split-Level	1104	2	Oil	5	Hot Water
Holden	1010	Single Fam  MDL-01	1	1 Story	2	Split-Level	1104	2	Oil	5	Hot Water
Holden	1010	Single Fam  MDL-01	1	1 Story	2	Split-Level	1125	2	Oil	5	Hot Water
Holden	1010	Single Fam  MDL-01	1	1 Story	2	Split-Level	1150	2	Oil	5	Hot Water
Holden	1010	Single Fam  MDL-01	1	1 Story	2	Split-Level	1150	3	Gas	4	Forced Air-Duc
Holden	1010	Single Fam  MDL-01	1	1 Story	2	Split-Level	1152	2	Oil	4	Forced Air-Duc
Holden	1010	Single Fam  MDL-01	1	1 Story	2	Split-Level	1152	2	Oil	5	Hot Water
Holden	1010	Single Fam  MDL-01	1	1 Story	2	Split-Level	1200	2	Oil	5	Hot Water
Holden	1010	Single Fam  MDL-01	1	1 Story	2	Split-Level	1250	2	Oil	5	Hot Water
Holden	1010	Single Fam  MDL-01	1	1 Story	2	Split-Level	1280	2	Oil	5	Hot Water
Holden	1010	Single Fam  MDL-01	1	1 Story	2	Split-Level	1296	2	Oil	5	Hot Water
Holden	1010	Single Fam  MDL-01	1	1 Story	2	Split-Level	1296	2	Oil	5	Hot Water
Holden	1010	Single Fam  MDL-01	1	1 Story	2	Split-Level	1344	2	Oil	5	Hot Water
Holden	1010	Single Fam  MDL-01	1	1 Story	2	Split-Level	1352	2	Oil	5	Hot Water
Holden	1010	Single Fam  MDL-01	1	1 Story	2	Split-Level	1355	2	Oil	5	Hot Water
Holden	1010	Single Fam  MDL-01	1	1 Story	2	Split-Level	1356	2	Oil	5	Hot Water
Holden	1010	Single Fam  MDL-01	1	1 Story	2	Split-Level	1380	3	Gas	4	Forced Air-Duc
Holden	1010	Single Fam  MDL-01	1	1 Story	2	Split-Level	1424	2	Oil	5	Hot Water
Holden	1010	Single Fam  MDL-01	1	1 Story	2	Split-Level	1440	2	Oil	5	Hot Water
Holden	1010	Single Fam  MDL-01	1	1 Story	2	Split-Level	1441	2	Oil	5	Hot Water
Holden	1010	Single Fam  MDL-01	1	1 Story	2	Split-Level	1451	3	Gas	4	Forced Air-Duc
Holden	1010	Single Fam  MDL-01	1	1 Story	2	Split-Level	1452	2	Oil	5	Hot Water
Holden	1010	Single Fam  MDL-01	1	1 Story	2	Split-Level	1512	3	Gas	5	Hot Water
Holden	1010	Single Fam  MDL-01	1	1 Story	2	Split-Level	1516	3	Gas	5	Hot Water
Holden	1010	Single Fam  MDL-01	1	1 Story	2	Split-Level	1520	2	Oil	4	Forced Air-Duc
Holden	1010	Single Fam  MDL-01	1	1 Story	2	Split-Level	1544	2	Oil	5	Hot Water
Holden	1010	Single Fam  MDL-01	1	1 Story	2	Split-Level	1546	2	Oil	5	Hot Water
Holden	1010	Single Fam  MDL-01	1	1 Story	2	Split-Level	1551	3	Gas	5	Hot Water
Holden	1010	Single Fam  MDL-01	1	1 Story	2	Split-Level	1586	3	Gas	5	Hot Water
Holden	1010	Single Fam  MDL-01	1	1 Story	2	Split-Level	1590	2	Oil	5	Hot Water
Holden	1010	Single Fam  MDL-01	1	1 Story	2	Split-Level	1591	2	Oil	5	Hot Water
Holden	1010	Single Fam  MDL-01	1	1 Story	2	Split-Level	1600	2	Oil	5	Hot Water
Holden	1010	Single Fam  MDL-01	1	1 Story	2	Split-Level	1632	2	Oil	5	Hot Water
Holden	1010	Single Fam  MDL-01	1	1 Story	2	Split-Level	1636	2	Oil	8	Radiant-Water
Holden	1010	Single Fam  MDL-01	1	1 Story	2	Split-Level	1645	2	Oil	5	Hot Water
Holden	1010	Single Fam  MDL-01	1	1 Story	2	Split-Level	1647	2	Oil	5	Hot Water
Holden	1010	Single Fam  MDL-01	1	1 Story	2	Split-Level	1647	4	Electric	7	Radiant-Elec.
Holden	1010	Single Fam  MDL-01	1	1 Story	2	Split-Level	1662	2	Oil	5	Hot Water
Holden	1010	Single Fam  MDL-01	1	1 Story	2	Split-Level	1676	2	Oil	5	Hot Water
Holden	1010	Single Fam  MDL-01	1	1 Story	2	Split-Level	1711	2	Oil	5	Hot Water
Holden	1010	Single Fam  MDL-01	1	1 Story	2	Split-Level	1729	2	Oil	5	Hot Water
Holden	1010	Single Fam  MDL-01	1	1 Story	2	Split-Level	1749	2	Oil	4	Forced Air-Duc
Holden	1010	Single Fam  MDL-01	1	1 Story	2	Split-Level	1775	2	Oil	5	Hot Water
Holden	1010	Single Fam  MDL-01	1	1 Story	2	Split-Level	1820	2	Oil	4	Forced Air-Duc
Holden	1010	Single Fam  MDL-01	1	1 Story	2	Split-Level	1861	2	Oil	5	Hot Water
Holden	1010	Single Fam  MDL-01	1	1 Story	2	Split-Level	1901	2	Oil	4	Forced Air-Duc
Holden	1010	Single Fam  MDL-01	1	1 Story	2	Split-Level	2024	2	Oil	5	Hot Water
Holden	1010	Single Fam  MDL-01	1	1 Story	2	Split-Level	2106	2	Oil	5	Hot Water
Holden	1010	Single Fam  MDL-01	1	1 Story	2	Split-Level	2164	2	Oil	7	Radiant-Elec.
Holden	1010	Single Fam  MDL-01	1	1 Story	2	Split-Level	2287	2	Oil	5	Hot Water
Holden	1010	Single Fam  MDL-01	1	1 Story	2	Split-Level	2316	2	Oil	5	Hot Water
Holden	1010	Single Fam  MDL-01	1	1 Story	2	Split-Level	2340	2	Oil	5	Hot Water
Holden	1010	Single Fam  MDL-01	1	1 Story	2	Split-Level	2380	2	Oil	5	Hot Water
Holden	1010	Single Fam  MDL-01	1	1 Story	2	Split-Level	2397	2	Oil	5	Hot Water
Holden	1010	Single Fam  MDL-01	1	1 Story	2	Split-Level	2453	2	Oil	5	Hot Water
Holden	1010	Single Fam  MDL-01	1	1 Story	2	Split-Level	2584	2	Oil	5	Hot Water
Holden	1010	Single Fam  MDL-01	1	1 Story	2	Split-Level	2667	2	Oil	5	Hot Water
Holden	1010	Single Fam  MDL-01	1	1 Story	2	Split-Level	2676	2	Oil	5	Hot Water
Holden	1010	Single Fam  MDL-01	1	1 Story	2	Split-Level	2693	7	Propane	3	Hot Air-no Duc
Holden	1010	Single Fam  MDL-01	1	1 Story	2	Split-Level	2864	4	Electric	7	Radiant-Elec.
Holden	1010	Single Fam  MDL-01	1	1 Story	2	Split-Level	3000	2	Oil	5	Hot Water
Holden	1010	Single Fam  MDL-01	1	1 Story	3	Colonial	2247	2	Oil	5	Hot Water
Holden	1010	Single Fam  MDL-01	1	1 Story	3	Colonial	2535	2	Oil	5	Hot Water
Holden	1010	Single Fam  MDL-01	1	1 Story	3	Colonial	2905	2	Oil	5	Hot Water
Holden	1010	Single Fam  MDL-01	1	1 Story	4	Cape Cod	696	2	Oil	5	Hot Water
Holden	1010	Single Fam  MDL-01	1	1 Story	4	Cape Cod	756	2	Oil	4	Forced Air-Duc
Holden	1010	Single Fam  MDL-01	1	1 Story	4	Cape Cod	784	2	Oil	4	Forced Air-Duc
Holden	1010	Single Fam  MDL-01	1	1 Story	4	Cape Cod	824	2	Oil	5	Hot Water
Holden	1010	Single Fam  MDL-01	1	1 Story	4	Cape Cod	840	2	Oil	5	Hot Water
Holden	1010	Single Fam  MDL-01	1	1 Story	4	Cape Cod	874	2	Oil	5	Hot Water
Holden	1010	Single Fam  MDL-01	1	1 Story	4	Cape Cod	888	2	Oil	5	Hot Water
Holden	1010	Single Fam  MDL-01	1	1 Story	4	Cape Cod	894	2	Oil	5	Hot Water
Holden	1010	Single Fam  MDL-01	1	1 Story	4	Cape Cod	896	2	Oil	5	Hot Water
Holden	1010	Single Fam  MDL-01	1	1 Story	4	Cape Cod	924	2	Oil	5	Hot Water
Holden	1010	Single Fam  MDL-01	1	1 Story	4	Cape Cod	930	2	Oil	5	Hot Water
Holden	1010	Single Fam  MDL-01	1	1 Story	4	Cape Cod	936	2	Oil	6	Steam
Holden	1010	Single Fam  MDL-01	1	1 Story	4	Cape Cod	941	2	Oil	5	Hot Water
Holden	1010	Single Fam  MDL-01	1	1 Story	4	Cape Cod	941	2	Oil	6	Steam
Holden	1010	Single Fam  MDL-01	1	1 Story	4	Cape Cod	945	2	Oil	5	Hot Water
Holden	1010	Single Fam  MDL-01	1	1 Story	4	Cape Cod	950	3	Gas	4	Forced Air-Duc
Holden	1010	Single Fam  MDL-01	1	1 Story	4	Cape Cod	954	2	Oil	6	Steam
Holden	1010	Single Fam  MDL-01	1	1 Story	4	Cape Cod	970	2	Oil	6	Steam
Holden	1010	Single Fam  MDL-01	1	1 Story	4	Cape Cod	982	2	Oil	6	Steam
Holden	1010	Single Fam  MDL-01	1	1 Story	4	Cape Cod	983	2	Oil	4	Forced Air-Duc
Holden	1010	Single Fam  MDL-01	1	1 Story	4	Cape Cod	988	4	Electric	7	Radiant-Elec.
Holden	1010	Single Fam  MDL-01	1	1 Story	4	Cape Cod	994	2	Oil	5	Hot Water
Holden	1010	Single Fam  MDL-01	1	1 Story	4	Cape Cod	995	2	Oil	5	Hot Water
Holden	1010	Single Fam  MDL-01	1	1 Story	4	Cape Cod	1008	2	Oil	5	Hot Water
Holden	1010	Single Fam  MDL-01	1	1 Story	4	Cape Cod	1008	2	Oil	5	Hot Water
Holden	1010	Single Fam  MDL-01	1	1 Story	4	Cape Cod	1008	2	Oil	5	Hot Water
Holden	1010	Single Fam  MDL-01	1	1 Story	4	Cape Cod	1017	2	Oil	6	Steam
Holden	1010	Single Fam  MDL-01	1	1 Story	4	Cape Cod	1019	2	Oil	5	Hot Water
Holden	1010	Single Fam  MDL-01	1	1 Story	4	Cape Cod	1019	2	Oil	6	Steam
Holden	1010	Single Fam  MDL-01	1	1 Story	4	Cape Cod	1028	2	Oil	5	Hot Water
Holden	1010	Single Fam  MDL-01	1	1 Story	4	Cape Cod	1030	2	Oil	6	Steam
Holden	1010	Single Fam  MDL-01	1	1 Story	4	Cape Cod	1044	2	Oil	5	Hot Water
Holden	1010	Single Fam  MDL-01	1	1 Story	4	Cape Cod	1046	2	Oil	5	Hot Water
Holden	1010	Single Fam  MDL-01	1	1 Story	4	Cape Cod	1058	2	Oil	4	Forced Air-Duc
Holden	1010	Single Fam  MDL-01	1	1 Story	4	Cape Cod	1068	2	Oil	5	Hot Water
Holden	1010	Single Fam  MDL-01	1	1 Story	4	Cape Cod	1071	2	Oil	5	Hot Water
Holden	1010	Single Fam  MDL-01	1	1 Story	4	Cape Cod	1075	2	Oil	5	Hot Water
Holden	1010	Single Fam  MDL-01	1	1 Story	4	Cape Cod	1075	2	Oil	5	Hot Water
Holden	1010	Single Fam  MDL-01	1	1 Story	4	Cape Cod	1075	2	Oil	5	Hot Water
Holden	1010	Single Fam  MDL-01	1	1 Story	4	Cape Cod	1080	2	Oil	5	Hot Water
Holden	1010	Single Fam  MDL-01	1	1 Story	4	Cape Cod	1082	2	Oil	5	Hot Water
Holden	1010	Single Fam  MDL-01	1	1 Story	4	Cape Cod	1092	2	Oil	5	Hot Water
Holden	1010	Single Fam  MDL-01	1	1 Story	4	Cape Cod	1092	2	Oil	6	Steam
Holden	1010	Single Fam  MDL-01	1	1 Story	4	Cape Cod	1096	2	Oil	5	Hot Water
Holden	1010	Single Fam  MDL-01	1	1 Story	4	Cape Cod	1096	3	Gas	5	Hot Water
Holden	1010	Single Fam  MDL-01	1	1 Story	4	Cape Cod	1104	3	Gas	5	Hot Water
Holden	1010	Single Fam  MDL-01	1	1 Story	4	Cape Cod	1105	3	Gas	5	Hot Water
Holden	1010	Single Fam  MDL-01	1	1 Story	4	Cape Cod	1106	2	Oil	5	Hot Water
Holden	1010	Single Fam  MDL-01	1	1 Story	4	Cape Cod	1107	2	Oil	6	Steam
Holden	1010	Single Fam  MDL-01	1	1 Story	4	Cape Cod	1132	2	Oil	4	Forced Air-Duc
Holden	1010	Single Fam  MDL-01	1	1 Story	4	Cape Cod	1135	2	Oil	5	Hot Water
Holden	1010	Single Fam  MDL-01	1	1 Story	4	Cape Cod	1135	2	Oil	6	Steam
Holden	1010	Single Fam  MDL-01	1	1 Story	4	Cape Cod	1140	7	Propane	5	Hot Water
Holden	1010	Single Fam  MDL-01	1	1 Story	4	Cape Cod	1141	2	Oil	5	Hot Water
Holden	1010	Single Fam  MDL-01	1	1 Story	4	Cape Cod	1142	2	Oil	4	Forced Air-Duc
Holden	1010	Single Fam  MDL-01	1	1 Story	4	Cape Cod	1148	2	Oil	5	Hot Water
Holden	1010	Single Fam  MDL-01	1	1 Story	4	Cape Cod	1150	2	Oil	5	Hot Water
Holden	1010	Single Fam  MDL-01	1	1 Story	4	Cape Cod	1155	2	Oil	5	Hot Water
Holden	1010	Single Fam  MDL-01	1	1 Story	4	Cape Cod	1156	2	Oil	5	Hot Water
Holden	1010	Single Fam  MDL-01	1	1 Story	4	Cape Cod	1159	2	Oil	5	Hot Water
Holden	1010	Single Fam  MDL-01	1	1 Story	4	Cape Cod	1160	2	Oil	4	Forced Air-Duc
Holden	1010	Single Fam  MDL-01	1	1 Story	4	Cape Cod	1162	2	Oil	5	Hot Water
Holden	1010	Single Fam  MDL-01	1	1 Story	4	Cape Cod	1165	2	Oil	5	Hot Water
Holden	1010	Single Fam  MDL-01	1	1 Story	4	Cape Cod	1165	2	Oil	6	Steam
Holden	1010	Single Fam  MDL-01	1	1 Story	4	Cape Cod	1165	4	Electric	7	Radiant-Elec.
Holden	1010	Single Fam  MDL-01	1	1 Story	4	Cape Cod	1176	2	Oil	6	Steam
Holden	1010	Single Fam  MDL-01	1	1 Story	4	Cape Cod	1179	2	Oil	6	Steam
Holden	1010	Single Fam  MDL-01	1	1 Story	4	Cape Cod	1181	2	Oil	5	Hot Water
Holden	1010	Single Fam  MDL-01	1	1 Story	4	Cape Cod	1181	2	Oil	5	Hot Water
Holden	1010	Single Fam  MDL-01	1	1 Story	4	Cape Cod	1182	2	Oil	5	Hot Water
Holden	1010	Single Fam  MDL-01	1	1 Story	4	Cape Cod	1186	2	Oil	5	Hot Water
Holden	1010	Single Fam  MDL-01	1	1 Story	4	Cape Cod	1187	2	Oil	6	Steam
Holden	1010	Single Fam  MDL-01	1	1 Story	4	Cape Cod	1190	2	Oil	4	Forced Air-Duc
Holden	1010	Single Fam  MDL-01	1	1 Story	4	Cape Cod	1193	2	Oil	5	Hot Water
Holden	1010	Single Fam  MDL-01	1	1 Story	4	Cape Cod	1195	2	Oil	4	Forced Air-Duc
Holden	1010	Single Fam  MDL-01	1	1 Story	4	Cape Cod	1206	2	Oil	4	Forced Air-Duc
Holden	1010	Single Fam  MDL-01	1	1 Story	4	Cape Cod	1207	2	Oil	5	Hot Water
Holden	1010	Single Fam  MDL-01	1	1 Story	4	Cape Cod	1210	2	Oil	5	Hot Water
Holden	1010	Single Fam  MDL-01	1	1 Story	4	Cape Cod	1210	2	Oil	6	Steam
Holden	1010	Single Fam  MDL-01	1	1 Story	4	Cape Cod	1210	4	Electric	7	Radiant-Elec.
Holden	1010	Single Fam  MDL-01	1	1 Story	4	Cape Cod	1211	2	Oil	5	Hot Water
Holden	1010	Single Fam  MDL-01	1	1 Story	4	Cape Cod	1212	2	Oil	5	Hot Water
Holden	1010	Single Fam  MDL-01	1	1 Story	4	Cape Cod	1217	2	Oil	5	Hot Water
Holden	1010	Single Fam  MDL-01	1	1 Story	4	Cape Cod	1217	2	Oil	5	Hot Water
Holden	1010	Single Fam  MDL-01	1	1 Story	4	Cape Cod	1218	2	Oil	5	Hot Water
Holden	1010	Single Fam  MDL-01	1	1 Story	4	Cape Cod	1220	2	Oil	4	Forced Air-Duc
Holden	1010	Single Fam  MDL-01	1	1 Story	4	Cape Cod	1221	2	Oil	6	Steam
Holden	1010	Single Fam  MDL-01	1	1 Story	4	Cape Cod	1222	2	Oil	5	Hot Water
Holden	1010	Single Fam  MDL-01	1	1 Story	4	Cape Cod	1222	3	Gas	6	Steam
Holden	1010	Single Fam  MDL-01	1	1 Story	4	Cape Cod	1224	2	Oil	6	Steam
Holden	1010	Single Fam  MDL-01	1	1 Story	4	Cape Cod	1236	2	Oil	5	Hot Water
Holden	1010	Single Fam  MDL-01	1	1 Story	4	Cape Cod	1238	2	Oil	5	Hot Water
Holden	1010	Single Fam  MDL-01	1	1 Story	4	Cape Cod	1238	2	Oil	5	Hot Water
Holden	1010	Single Fam  MDL-01	1	1 Story	4	Cape Cod	1241	2	Oil	5	Hot Water
Holden	1010	Single Fam  MDL-01	1	1 Story	4	Cape Cod	1241	2	Oil	5	Hot Water
Holden	1010	Single Fam  MDL-01	1	1 Story	4	Cape Cod	1242	2	Oil	4	Forced Air-Duc
Holden	1010	Single Fam  MDL-01	1	1 Story	4	Cape Cod	1242	2	Oil	6	Steam
Holden	1010	Single Fam  MDL-01	1	1 Story	4	Cape Cod	1243	2	Oil	5	Hot Water
Holden	1010	Single Fam  MDL-01	1	1 Story	4	Cape Cod	1248	2	Oil	5	Hot Water
Holden	1010	Single Fam  MDL-01	1	1 Story	4	Cape Cod	1252	2	Oil	4	Forced Air-Duc
Holden	1010	Single Fam  MDL-01	1	1 Story	4	Cape Cod	1254	2	Oil	5	Hot Water
Holden	1010	Single Fam  MDL-01	1	1 Story	4	Cape Cod	1257	2	Oil	4	Forced Air-Duc
Holden	1010	Single Fam  MDL-01	1	1 Story	4	Cape Cod	1258	2	Oil	5	Hot Water
Holden	1010	Single Fam  MDL-01	1	1 Story	4	Cape Cod	1260	2	Oil	4	Forced Air-Duc
Holden	1010	Single Fam  MDL-01	1	1 Story	4	Cape Cod	1260	2	Oil	5	Hot Water
Holden	1010	Single Fam  MDL-01	1	1 Story	4	Cape Cod	1264	2	Oil	5	Hot Water
Holden	1010	Single Fam  MDL-01	1	1 Story	4	Cape Cod	1267	2	Oil	5	Hot Water
Holden	1010	Single Fam  MDL-01	1	1 Story	4	Cape Cod	1270	2	Oil	4	Forced Air-Duc
Holden	1010	Single Fam  MDL-01	1	1 Story	4	Cape Cod	1271	2	Oil	8	Radiant-Water
Holden	1010	Single Fam  MDL-01	1	1 Story	4	Cape Cod	1277	2	Oil	5	Hot Water
Holden	1010	Single Fam  MDL-01	1	1 Story	4	Cape Cod	1278	3	Gas	4	Forced Air-Duc
Holden	1010	Single Fam  MDL-01	1	1 Story	4	Cape Cod	1279	2	Oil	6	Steam
Holden	1010	Single Fam  MDL-01	1	1 Story	4	Cape Cod	1286	2	Oil	4	Forced Air-Duc
Holden	1010	Single Fam  MDL-01	1	1 Story	4	Cape Cod	1286	2	Oil	5	Hot Water
Holden	1010	Single Fam  MDL-01	1	1 Story	4	Cape Cod	1291	2	Oil	5	Hot Water
Holden	1010	Single Fam  MDL-01	1	1 Story	4	Cape Cod	1294	2	Oil	4	Forced Air-Duc
Holden	1010	Single Fam  MDL-01	1	1 Story	4	Cape Cod	1296	2	Oil	4	Forced Air-Duc
Holden	1010	Single Fam  MDL-01	1	1 Story	4	Cape Cod	1296	2	Oil	5	Hot Water
Holden	1010	Single Fam  MDL-01	1	1 Story	4	Cape Cod	1299	2	Oil	5	Hot Water
Holden	1010	Single Fam  MDL-01	1	1 Story	4	Cape Cod	1306	2	Oil	5	Hot Water
Holden	1010	Single Fam  MDL-01	1	1 Story	4	Cape Cod	1307	2	Oil	6	Steam
Holden	1010	Single Fam  MDL-01	1	1 Story	4	Cape Cod	1310	2	Oil	5	Hot Water
Holden	1010	Single Fam  MDL-01	1	1 Story	4	Cape Cod	1310	2	Oil	6	Steam
Holden	1010	Single Fam  MDL-01	1	1 Story	4	Cape Cod	1316	2	Oil	5	Hot Water
Holden	1010	Single Fam  MDL-01	1	1 Story	4	Cape Cod	1317	2	Oil	5	Hot Water
Holden	1010	Single Fam  MDL-01	1	1 Story	4	Cape Cod	1323	2	Oil	5	Hot Water
Holden	1010	Single Fam  MDL-01	1	1 Story	4	Cape Cod	1330	2	Oil	4	Forced Air-Duc
Holden	1010	Single Fam  MDL-01	1	1 Story	4	Cape Cod	1333	2	Oil	5	Hot Water
Holden	1010	Single Fam  MDL-01	1	1 Story	4	Cape Cod	1335	2	Oil	5	Hot Water
Holden	1010	Single Fam  MDL-01	1	1 Story	4	Cape Cod	1336	2	Oil	5	Hot Water
Holden	1010	Single Fam  MDL-01	1	1 Story	4	Cape Cod	1339	2	Oil	5	Hot Water
Holden	1010	Single Fam  MDL-01	1	1 Story	4	Cape Cod	1340	2	Oil	5	Hot Water
Holden	1010	Single Fam  MDL-01	1	1 Story	4	Cape Cod	1341	3	Gas	4	Forced Air-Duc
Holden	1010	Single Fam  MDL-01	1	1 Story	4	Cape Cod	1342	2	Oil	5	Hot Water
Holden	1010	Single Fam  MDL-01	1	1 Story	4	Cape Cod	1342	2	Oil	6	Steam
Holden	1010	Single Fam  MDL-01	1	1 Story	4	Cape Cod	1344	2	Oil	4	Forced Air-Duc
Holden	1010	Single Fam  MDL-01	1	1 Story	4	Cape Cod	1344	2	Oil	5	Hot Water
Holden	1010	Single Fam  MDL-01	1	1 Story	4	Cape Cod	1347	2	Oil	5	Hot Water
Holden	1010	Single Fam  MDL-01	1	1 Story	4	Cape Cod	1350	2	Oil	5	Hot Water
Holden	1010	Single Fam  MDL-01	1	1 Story	4	Cape Cod	1351	2	Oil	4	Forced Air-Duc
Holden	1010	Single Fam  MDL-01	1	1 Story	4	Cape Cod	1355	2	Oil	5	Hot Water
Holden	1010	Single Fam  MDL-01	1	1 Story	4	Cape Cod	1358	4	Electric	7	Radiant-Elec.
Holden	1010	Single Fam  MDL-01	1	1 Story	4	Cape Cod	1374	2	Oil	4	Forced Air-Duc
Holden	1010	Single Fam  MDL-01	1	1 Story	4	Cape Cod	1374	2	Oil	6	Steam
Holden	1010	Single Fam  MDL-01	1	1 Story	4	Cape Cod	1378	2	Oil	5	Hot Water
Holden	1010	Single Fam  MDL-01	1	1 Story	4	Cape Cod	1378	2	Oil	5	Hot Water
Holden	1010	Single Fam  MDL-01	1	1 Story	4	Cape Cod	1379	2	Oil	5	Hot Water
Holden	1010	Single Fam  MDL-01	1	1 Story	4	Cape Cod	1380	2	Oil	5	Hot Water
Holden	1010	Single Fam  MDL-01	1	1 Story	4	Cape Cod	1380	2	Oil	5	Hot Water
Holden	1010	Single Fam  MDL-01	1	1 Story	4	Cape Cod	1383	2	Oil	5	Hot Water
Holden	1010	Single Fam  MDL-01	1	1 Story	4	Cape Cod	1383	2	Oil	5	Hot Water
Holden	1010	Single Fam  MDL-01	1	1 Story	4	Cape Cod	1390	2	Oil	5	Hot Water
Holden	1010	Single Fam  MDL-01	1	1 Story	4	Cape Cod	1390	2	Oil	5	Hot Water
Holden	1010	Single Fam  MDL-01	1	1 Story	4	Cape Cod	1395	2	Oil	5	Hot Water
Holden	1010	Single Fam  MDL-01	1	1 Story	4	Cape Cod	1397	2	Oil	5	Hot Water
Holden	1010	Single Fam  MDL-01	1	1 Story	4	Cape Cod	1397	2	Oil	6	Steam
Holden	1010	Single Fam  MDL-01	1	1 Story	4	Cape Cod	1408	2	Oil	5	Hot Water
Holden	1010	Single Fam  MDL-01	1	1 Story	4	Cape Cod	1410	2	Oil	5	Hot Water
Holden	1010	Single Fam  MDL-01	1	1 Story	4	Cape Cod	1411	2	Oil	5	Hot Water
Holden	1010	Single Fam  MDL-01	1	1 Story	4	Cape Cod	1420	2	Oil	4	Forced Air-Duc
Holden	1010	Single Fam  MDL-01	1	1 Story	4	Cape Cod	1421	2	Oil	4	Forced Air-Duc
Holden	1010	Single Fam  MDL-01	1	1 Story	4	Cape Cod	1421	2	Oil	5	Hot Water
Holden	1010	Single Fam  MDL-01	1	1 Story	4	Cape Cod	1422	2	Oil	5	Hot Water
Holden	1010	Single Fam  MDL-01	1	1 Story	4	Cape Cod	1430	2	Oil	6	Steam
Holden	1010	Single Fam  MDL-01	1	1 Story	4	Cape Cod	1430	3	Gas	5	Hot Water
Holden	1010	Single Fam  MDL-01	1	1 Story	4	Cape Cod	1434	2	Oil	5	Hot Water
Holden	1010	Single Fam  MDL-01	1	1 Story	4	Cape Cod	1439	2	Oil	5	Hot Water
Holden	1010	Single Fam  MDL-01	1	1 Story	4	Cape Cod	1442	2	Oil	4	Forced Air-Duc
Holden	1010	Single Fam  MDL-01	1	1 Story	4	Cape Cod	1442	2	Oil	5	Hot Water
Holden	1010	Single Fam  MDL-01	1	1 Story	4	Cape Cod	1442	4	Electric	7	Radiant-Elec.
Holden	1010	Single Fam  MDL-01	1	1 Story	4	Cape Cod	1444	2	Oil	5	Hot Water
Holden	1010	Single Fam  MDL-01	1	1 Story	4	Cape Cod	1445	2	Oil	5	Hot Water
Holden	1010	Single Fam  MDL-01	1	1 Story	4	Cape Cod	1451	2	Oil	5	Hot Water
Holden	1010	Single Fam  MDL-01	1	1 Story	4	Cape Cod	1452	2	Oil	4	Forced Air-Duc
Holden	1010	Single Fam  MDL-01	1	1 Story	4	Cape Cod	1454	2	Oil	5	Hot Water
Holden	1010	Single Fam  MDL-01	1	1 Story	4	Cape Cod	1456	2	Oil	5	Hot Water
Holden	1010	Single Fam  MDL-01	1	1 Story	4	Cape Cod	1456	2	Oil	5	Hot Water
Holden	1010	Single Fam  MDL-01	1	1 Story	4	Cape Cod	1456	2	Oil	5	Hot Water
Holden	1010	Single Fam  MDL-01	1	1 Story	4	Cape Cod	1457	2	Oil	5	Hot Water
Holden	1010	Single Fam  MDL-01	1	1 Story	4	Cape Cod	1457	3	Gas	4	Forced Air-Duc
Holden	1010	Single Fam  MDL-01	1	1 Story	4	Cape Cod	1458	2	Oil	4	Forced Air-Duc
Holden	1010	Single Fam  MDL-01	1	1 Story	4	Cape Cod	1461	2	Oil	5	Hot Water
Holden	1010	Single Fam  MDL-01	1	1 Story	4	Cape Cod	1462	2	Oil	5	Hot Water
Holden	1010	Single Fam  MDL-01	1	1 Story	4	Cape Cod	1465	2	Oil	5	Hot Water
Holden	1010	Single Fam  MDL-01	1	1 Story	4	Cape Cod	1469	2	Oil	5	Hot Water
Holden	1010	Single Fam  MDL-01	1	1 Story	4	Cape Cod	1471	2	Oil	5	Hot Water
Holden	1010	Single Fam  MDL-01	1	1 Story	4	Cape Cod	1476	2	Oil	5	Hot Water
Holden	1010	Single Fam  MDL-01	1	1 Story	4	Cape Cod	1478	2	Oil	4	Forced Air-Duc
Holden	1010	Single Fam  MDL-01	1	1 Story	4	Cape Cod	1480	2	Oil	5	Hot Water
Holden	1010	Single Fam  MDL-01	1	1 Story	4	Cape Cod	1490	2	Oil	6	Steam
Holden	1010	Single Fam  MDL-01	1	1 Story	4	Cape Cod	1506	2	Oil	5	Hot Water
Holden	1010	Single Fam  MDL-01	1	1 Story	4	Cape Cod	1508	2	Oil	5	Hot Water
Holden	1010	Single Fam  MDL-01	1	1 Story	4	Cape Cod	1512	2	Oil	4	Forced Air-Duc
Holden	1010	Single Fam  MDL-01	1	1 Story	4	Cape Cod	1512	2	Oil	5	Hot Water
Holden	1010	Single Fam  MDL-01	1	1 Story	4	Cape Cod	1512	2	Oil	6	Steam
Holden	1010	Single Fam  MDL-01	1	1 Story	4	Cape Cod	1520	2	Oil	5	Hot Water
Holden	1010	Single Fam  MDL-01	1	1 Story	4	Cape Cod	1521	2	Oil	5	Hot Water
Holden	1010	Single Fam  MDL-01	1	1 Story	4	Cape Cod	1528	2	Oil	4	Forced Air-Duc
Holden	1010	Single Fam  MDL-01	1	1 Story	4	Cape Cod	1528	2	Oil	5	Hot Water
Holden	1010	Single Fam  MDL-01	1	1 Story	4	Cape Cod	1540	2	Oil	5	Hot Water
Holden	1010	Single Fam  MDL-01	1	1 Story	4	Cape Cod	1541	2	Oil	5	Hot Water
Holden	1010	Single Fam  MDL-01	1	1 Story	4	Cape Cod	1543	2	Oil	6	Steam
Holden	1010	Single Fam  MDL-01	1	1 Story	4	Cape Cod	1545	2	Oil	4	Forced Air-Duc
Holden	1010	Single Fam  MDL-01	1	1 Story	4	Cape Cod	1554	2	Oil	4	Forced Air-Duc
Holden	1010	Single Fam  MDL-01	1	1 Story	4	Cape Cod	1559	2	Oil	4	Forced Air-Duc
Holden	1010	Single Fam  MDL-01	1	1 Story	4	Cape Cod	1559	2	Oil	5	Hot Water
Holden	1010	Single Fam  MDL-01	1	1 Story	4	Cape Cod	1559	2	Oil	5	Hot Water
Holden	1010	Single Fam  MDL-01	1	1 Story	4	Cape Cod	1562	2	Oil	4	Forced Air-Duc
Holden	1010	Single Fam  MDL-01	1	1 Story	4	Cape Cod	1568	2	Oil	5	Hot Water
Holden	1010	Single Fam  MDL-01	1	1 Story	4	Cape Cod	1568	2	Oil	5	Hot Water
Holden	1010	Single Fam  MDL-01	1	1 Story	4	Cape Cod	1568	2	Oil	5	Hot Water
Holden	1010	Single Fam  MDL-01	1	1 Story	4	Cape Cod	1571	2	Oil	5	Hot Water
Holden	1010	Single Fam  MDL-01	1	1 Story	4	Cape Cod	1574	2	Oil	5	Hot Water
Holden	1010	Single Fam  MDL-01	1	1 Story	4	Cape Cod	1577	2	Oil	5	Hot Water
Holden	1010	Single Fam  MDL-01	1	1 Story	4	Cape Cod	1578	2	Oil	5	Hot Water
Holden	1010	Single Fam  MDL-01	1	1 Story	4	Cape Cod	1587	2	Oil	5	Hot Water
Holden	1010	Single Fam  MDL-01	1	1 Story	4	Cape Cod	1587	2	Oil	6	Steam
Holden	1010	Single Fam  MDL-01	1	1 Story	4	Cape Cod	1594	2	Oil	5	Hot Water
Holden	1010	Single Fam  MDL-01	1	1 Story	4	Cape Cod	1600	2	Oil	5	Hot Water
Holden	1010	Single Fam  MDL-01	1	1 Story	4	Cape Cod	1603	2	Oil	5	Hot Water
Holden	1010	Single Fam  MDL-01	1	1 Story	4	Cape Cod	1606	2	Oil	5	Hot Water
Holden	1010	Single Fam  MDL-01	1	1 Story	4	Cape Cod	1620	3	Gas	5	Hot Water
Holden	1010	Single Fam  MDL-01	1	1 Story	4	Cape Cod	1623	2	Oil	5	Hot Water
Holden	1010	Single Fam  MDL-01	1	1 Story	4	Cape Cod	1623	2	Oil	6	Steam
Holden	1010	Single Fam  MDL-01	1	1 Story	4	Cape Cod	1625	2	Oil	5	Hot Water
Holden	1010	Single Fam  MDL-01	1	1 Story	4	Cape Cod	1630	2	Oil	5	Hot Water
Holden	1010	Single Fam  MDL-01	1	1 Story	4	Cape Cod	1632	2	Oil	5	Hot Water
Holden	1010	Single Fam  MDL-01	1	1 Story	4	Cape Cod	1632	4	Electric	7	Radiant-Elec.
Holden	1010	Single Fam  MDL-01	1	1 Story	4	Cape Cod	1649	2	Oil	4	Forced Air-Duc
Holden	1010	Single Fam  MDL-01	1	1 Story	4	Cape Cod	1653	2	Oil	5	Hot Water
Holden	1010	Single Fam  MDL-01	1	1 Story	4	Cape Cod	1654	2	Oil	5	Hot Water
Holden	1010	Single Fam  MDL-01	1	1 Story	4	Cape Cod	1658	2	Oil	6	Steam
Holden	1010	Single Fam  MDL-01	1	1 Story	4	Cape Cod	1690	2	Oil	4	Forced Air-Duc
Holden	1010	Single Fam  MDL-01	1	1 Story	4	Cape Cod	1692	2	Oil	5	Hot Water
Holden	1010	Single Fam  MDL-01	1	1 Story	4	Cape Cod	1701	2	Oil	5	Hot Water
Holden	1010	Single Fam  MDL-01	1	1 Story	4	Cape Cod	1709	2	Oil	5	Hot Water
Holden	1010	Single Fam  MDL-01	1	1 Story	4	Cape Cod	1728	2	Oil	4	Forced Air-Duc
Holden	1010	Single Fam  MDL-01	1	1 Story	4	Cape Cod	1730	3	Gas	5	Hot Water
Holden	1010	Single Fam  MDL-01	1	1 Story	4	Cape Cod	1734	2	Oil	5	Hot Water
Holden	1010	Single Fam  MDL-01	1	1 Story	4	Cape Cod	1739	2	Oil	5	Hot Water
Holden	1010	Single Fam  MDL-01	1	1 Story	4	Cape Cod	1759	2	Oil	5	Hot Water
Holden	1010	Single Fam  MDL-01	1	1 Story	4	Cape Cod	1766	2	Oil	5	Hot Water
Holden	1010	Single Fam  MDL-01	1	1 Story	4	Cape Cod	1770	2	Oil	5	Hot Water
Holden	1010	Single Fam  MDL-01	1	1 Story	4	Cape Cod	1785	2	Oil	6	Steam
Holden	1010	Single Fam  MDL-01	1	1 Story	4	Cape Cod	1786	3	Gas	4	Forced Air-Duc
Holden	1010	Single Fam  MDL-01	1	1 Story	4	Cape Cod	1794	2	Oil	5	Hot Water
Holden	1010	Single Fam  MDL-01	1	1 Story	4	Cape Cod	1795	2	Oil	6	Steam
Holden	1010	Single Fam  MDL-01	1	1 Story	4	Cape Cod	1818	2	Oil	5	Hot Water
Holden	1010	Single Fam  MDL-01	1	1 Story	4	Cape Cod	1824	2	Oil	5	Hot Water
Holden	1010	Single Fam  MDL-01	1	1 Story	4	Cape Cod	1827	2	Oil	5	Hot Water
Holden	1010	Single Fam  MDL-01	1	1 Story	4	Cape Cod	1844	2	Oil	5	Hot Water
Holden	1010	Single Fam  MDL-01	1	1 Story	4	Cape Cod	1849	2	Oil	5	Hot Water
Holden	1010	Single Fam  MDL-01	1	1 Story	4	Cape Cod	1853	2	Oil	5	Hot Water
Holden	1010	Single Fam  MDL-01	1	1 Story	4	Cape Cod	1872	2	Oil	6	Steam
Holden	1010	Single Fam  MDL-01	1	1 Story	4	Cape Cod	1887	2	Oil	5	Hot Water
Holden	1010	Single Fam  MDL-01	1	1 Story	4	Cape Cod	1912	2	Oil	5	Hot Water
Holden	1010	Single Fam  MDL-01	1	1 Story	4	Cape Cod	1917	2	Oil	4	Forced Air-Duc
Holden	1010	Single Fam  MDL-01	1	1 Story	4	Cape Cod	1960	2	Oil	5	Hot Water
Holden	1010	Single Fam  MDL-01	1	1 Story	4	Cape Cod	1976	2	Oil	5	Hot Water
Holden	1010	Single Fam  MDL-01	1	1 Story	4	Cape Cod	2002	2	Oil	6	Steam
Holden	1010	Single Fam  MDL-01	1	1 Story	4	Cape Cod	2020	2	Oil	5	Hot Water
Holden	1010	Single Fam  MDL-01	1	1 Story	4	Cape Cod	2070	2	Oil	5	Hot Water
Holden	1010	Single Fam  MDL-01	1	1 Story	4	Cape Cod	2074	2	Oil	5	Hot Water
Holden	1010	Single Fam  MDL-01	1	1 Story	4	Cape Cod	2097	3	Gas	4	Forced Air-Duc
Holden	1010	Single Fam  MDL-01	1	1 Story	4	Cape Cod	2120	3	Gas	5	Hot Water
Holden	1010	Single Fam  MDL-01	1	1 Story	4	Cape Cod	2130	2	Oil	5	Hot Water
Holden	1010	Single Fam  MDL-01	1	1 Story	4	Cape Cod	2198	2	Oil	5	Hot Water
Holden	1010	Single Fam  MDL-01	1	1 Story	4	Cape Cod	2278	2	Oil	5	Hot Water
Holden	1010	Single Fam  MDL-01	1	1 Story	4	Cape Cod	2329	2	Oil	5	Hot Water
Holden	1010	Single Fam  MDL-01	1	1 Story	4	Cape Cod	2354	2	Oil	5	Hot Water
Holden	1010	Single Fam  MDL-01	1	1 Story	4	Cape Cod	2480	2	Oil	5	Hot Water
Holden	1010	Single Fam  MDL-01	1	1 Story	4	Cape Cod	2521	2	Oil	5	Hot Water
Holden	1010	Single Fam  MDL-01	1	1 Story	4	Cape Cod	2536	3	Gas	5	Hot Water
Holden	1010	Single Fam  MDL-01	1	1 Story	4	Cape Cod	2574	3	Gas	4	Forced Air-Duc
Holden	1010	Single Fam  MDL-01	1	1 Story	4	Cape Cod	2606	2	Oil	5	Hot Water
Holden	1010	Single Fam  MDL-01	1	1 Story	4	Cape Cod	2640	2	Oil	5	Hot Water
Holden	1010	Single Fam  MDL-01	1	1 Story	5	Bungalow	465	3	Gas	1	None
Holden	1010	Single Fam  MDL-01	1	1 Story	5	Bungalow	594	2	Oil	5	Hot Water
Holden	1010	Single Fam  MDL-01	1	1 Story	5	Bungalow	608	2	Oil	5	Hot Water
Holden	1010	Single Fam  MDL-01	1	1 Story	5	Bungalow	776	2	Oil	4	Forced Air-Duc
Holden	1010	Single Fam  MDL-01	1	1 Story	5	Bungalow	786	4	Electric	7	Radiant-Elec.
Holden	1010	Single Fam  MDL-01	1	1 Story	5	Bungalow	838	2	Oil	6	Steam
Holden	1010	Single Fam  MDL-01	1	1 Story	5	Bungalow	872	2	Oil	5	Hot Water
Holden	1010	Single Fam  MDL-01	1	1 Story	5	Bungalow	908	2	Oil	5	Hot Water
Holden	1010	Single Fam  MDL-01	1	1 Story	5	Bungalow	911	2	Oil	4	Forced Air-Duc
Holden	1010	Single Fam  MDL-01	1	1 Story	5	Bungalow	921	2	Oil	5	Hot Water
Holden	1010	Single Fam  MDL-01	1	1 Story	5	Bungalow	936	2	Oil	5	Hot Water
Holden	1010	Single Fam  MDL-01	1	1 Story	5	Bungalow	952	2	Oil	6	Steam
Holden	1010	Single Fam  MDL-01	1	1 Story	5	Bungalow	984	2	Oil	6	Steam
Holden	1010	Single Fam  MDL-01	1	1 Story	5	Bungalow	988	2	Oil	6	Steam
Holden	1010	Single Fam  MDL-01	1	1 Story	5	Bungalow	1002	2	Oil	5	Hot Water
Holden	1010	Single Fam  MDL-01	1	1 Story	5	Bungalow	1088	2	Oil	6	Steam
Holden	1010	Single Fam  MDL-01	1	1 Story	5	Bungalow	1097	2	Oil	4	Forced Air-Duc
Holden	1010	Single Fam  MDL-01	1	1 Story	5	Bungalow	1109	2	Oil	6	Steam
Holden	1010	Single Fam  MDL-01	1	1 Story	5	Bungalow	1110	2	Oil	5	Hot Water
Holden	1010	Single Fam  MDL-01	1	1 Story	5	Bungalow	1127	2	Oil	5	Hot Water
Holden	1010	Single Fam  MDL-01	1	1 Story	5	Bungalow	1158	2	Oil	5	Hot Water
Holden	1010	Single Fam  MDL-01	1	1 Story	5	Bungalow	1242	2	Oil	5	Hot Water
Holden	1010	Single Fam  MDL-01	1	1 Story	5	Bungalow	1248	2	Oil	5	Hot Water
Holden	1010	Single Fam  MDL-01	1	1 Story	5	Bungalow	1310	2	Oil	5	Hot Water
Holden	1010	Single Fam  MDL-01	1	1 Story	5	Bungalow	1366	2	Oil	5	Hot Water
Holden	1010	Single Fam  MDL-01	1	1 Story	5	Bungalow	1370	2	Oil	6	Steam
Holden	1010	Single Fam  MDL-01	1	1 Story	5	Bungalow	1452	4	Electric	7	Radiant-Elec.
Holden	1010	Single Fam  MDL-01	1	1 Story	5	Bungalow	1537	2	Oil	5	Hot Water
Holden	1010	Single Fam  MDL-01	1	1 Story	5	Bungalow	1588	2	Oil	6	Steam
Holden	1010	Single Fam  MDL-01	1	1 Story	5	Bungalow	1640	2	Oil	5	Hot Water
Holden	1010	Single Fam  MDL-01	1	1 Story	5	Bungalow	1899	2	Oil	5	Hot Water
Holden	1010	Single Fam  MDL-01	1	1 Story	5	Bungalow	2166	2	Oil	5	Hot Water
Holden	1010	Single Fam  MDL-01	1	1 Story	5	Bungalow	2251	3	Gas	5	Hot Water
Holden	1010	Single Fam  MDL-01	1	1 Story	6	Conventional	616	2	Oil	5	Hot Water
Holden	1010	Single Fam  MDL-01	1	1 Story	6	Conventional	672	2	Oil	5	Hot Water
Holden	1010	Single Fam  MDL-01	1	1 Story	6	Conventional	755	2	Oil	5	Hot Water
Holden	1010	Single Fam  MDL-01	1	1 Story	6	Conventional	770	2	Oil	4	Forced Air-Duc
Holden	1010	Single Fam  MDL-01	1	1 Story	6	Conventional	840	2	Oil	4	Forced Air-Duc
Holden	1010	Single Fam  MDL-01	1	1 Story	6	Conventional	874	2	Oil	5	Hot Water
Holden	1010	Single Fam  MDL-01	1	1 Story	6	Conventional	913	2	Oil	5	Hot Water
Holden	1010	Single Fam  MDL-01	1	1 Story	6	Conventional	915	2	Oil	5	Hot Water
Holden	1010	Single Fam  MDL-01	1	1 Story	6	Conventional	1020	2	Oil	5	Hot Water
Holden	1010	Single Fam  MDL-01	1	1 Story	6	Conventional	1022	2	Oil	5	Hot Water
Holden	1010	Single Fam  MDL-01	1	1 Story	6	Conventional	1049	2	Oil	5	Hot Water
Holden	1010	Single Fam  MDL-01	1	1 Story	6	Conventional	1071	2	Oil	5	Hot Water
Holden	1010	Single Fam  MDL-01	1	1 Story	6	Conventional	1109	2	Oil	6	Steam
Holden	1010	Single Fam  MDL-01	1	1 Story	6	Conventional	1127	2	Oil	4	Forced Air-Duc
Holden	1010	Single Fam  MDL-01	1	1 Story	6	Conventional	1140	2	Oil	5	Hot Water
Holden	1010	Single Fam  MDL-01	1	1 Story	6	Conventional	1142	2	Oil	5	Hot Water
Holden	1010	Single Fam  MDL-01	1	1 Story	6	Conventional	1160	2	Oil	5	Hot Water
Holden	1010	Single Fam  MDL-01	1	1 Story	6	Conventional	1160	2	Oil	5	Hot Water
Holden	1010	Single Fam  MDL-01	1	1 Story	6	Conventional	1172	2	Oil	6	Steam
Holden	1010	Single Fam  MDL-01	1	1 Story	6	Conventional	1198	2	Oil	6	Steam
Holden	1010	Single Fam  MDL-01	1	1 Story	6	Conventional	1237	2	Oil	5	Hot Water
Holden	1010	Single Fam  MDL-01	1	1 Story	6	Conventional	1238	2	Oil	5	Hot Water
Holden	1010	Single Fam  MDL-01	1	1 Story	6	Conventional	1264	2	Oil	6	Steam
Holden	1010	Single Fam  MDL-01	1	1 Story	6	Conventional	1296	2	Oil	6	Steam
Holden	1010	Single Fam  MDL-01	1	1 Story	6	Conventional	1310	2	Oil	6	Steam
Holden	1010	Single Fam  MDL-01	1	1 Story	6	Conventional	1337	2	Oil	5	Hot Water
Holden	1010	Single Fam  MDL-01	1	1 Story	6	Conventional	1354	2	Oil	5	Hot Water
Holden	1010	Single Fam  MDL-01	1	1 Story	6	Conventional	1366	2	Oil	5	Hot Water
Holden	1010	Single Fam  MDL-01	1	1 Story	6	Conventional	1400	2	Oil	5	Hot Water
Holden	1010	Single Fam  MDL-01	1	1 Story	6	Conventional	1457	2	Oil	5	Hot Water
Holden	1010	Single Fam  MDL-01	1	1 Story	6	Conventional	1493	3	Gas	4	Forced Air-Duc
Holden	1010	Single Fam  MDL-01	1	1 Story	6	Conventional	1517	2	Oil	5	Hot Water
Holden	1010	Single Fam  MDL-01	1	1 Story	6	Conventional	1527	2	Oil	4	Forced Air-Duc
Holden	1010	Single Fam  MDL-01	1	1 Story	6	Conventional	1599	4	Electric	7	Radiant-Elec.
Holden	1010	Single Fam  MDL-01	1	1 Story	6	Conventional	1622	2	Oil	4	Forced Air-Duc
Holden	1010	Single Fam  MDL-01	1	1 Story	6	Conventional	1674	2	Oil	5	Hot Water
Holden	1010	Single Fam  MDL-01	1	1 Story	6	Conventional	1734	2	Oil	6	Steam
Holden	1010	Single Fam  MDL-01	1	1 Story	6	Conventional	1769	2	Oil	6	Steam
Holden	1010	Single Fam  MDL-01	1	1 Story	6	Conventional	1771	3	Gas	4	Forced Air-Duc
Holden	1010	Single Fam  MDL-01	1	1 Story	6	Conventional	1779	2	Oil	5	Hot Water
Holden	1010	Single Fam  MDL-01	1	1 Story	6	Conventional	1802	2	Oil	5	Hot Water
Holden	1010	Single Fam  MDL-01	1	1 Story	6	Conventional	1824	2	Oil	5	Hot Water
Holden	1010	Single Fam  MDL-01	1	1 Story	6	Conventional	1851	3	Gas	4	Forced Air-Duc
Holden	1010	Single Fam  MDL-01	1	1 Story	7	Modern/Contemp	1157	2	Oil	4	Forced Air-Duc
Holden	1010	Single Fam  MDL-01	1	1 Story	7	Modern/Contemp	1258	2	Oil	5	Hot Water
Holden	1010	Single Fam  MDL-01	1	1 Story	7	Modern/Contemp	1531	2	Oil	4	Forced Air-Duc
Holden	1010	Single Fam  MDL-01	1	1 Story	7	Modern/Contemp	1532	2	Oil	5	Hot Water
Holden	1010	Single Fam  MDL-01	1	1 Story	7	Modern/Contemp	1812	2	Oil	5	Hot Water
Holden	1010	Single Fam  MDL-01	1	1 Story	7	Modern/Contemp	1879	3	Gas	4	Forced Air-Duc
Holden	1010	Single Fam  MDL-01	1	1 Story	7	Modern/Contemp	2048	2	Oil	5	Hot Water
Holden	1010	Single Fam  MDL-01	1	1 Story	7	Modern/Contemp	2092	2	Oil	5	Hot Water
Holden	1010	Single Fam  MDL-01	1	1 Story	7	Modern/Contemp	2118	2	Oil	5	Hot Water
Holden	1010	Single Fam  MDL-01	1	1 Story	7	Modern/Contemp	2128	2	Oil	5	Hot Water
Holden	1010	Single Fam  MDL-01	1	1 Story	7	Modern/Contemp	2344	2	Oil	5	Hot Water
Holden	1010	Single Fam  MDL-01	1	1 Story	7	Modern/Contemp	2368	3	Gas	4	Forced Air-Duc
Holden	1010	Single Fam  MDL-01	1	1 Story	7	Modern/Contemp	2381	2	Oil	4	Forced Air-Duc
Holden	1010	Single Fam  MDL-01	1	1 Story	7	Modern/Contemp	2404	3	Gas	4	Forced Air-Duc
Holden	1010	Single Fam  MDL-01	1	1 Story	7	Modern/Contemp	2428	3	Gas	4	Forced Air-Duc
Holden	1010	Single Fam  MDL-01	1	1 Story	7	Modern/Contemp	2570	2	Oil	4	Forced Air-Duc
Holden	1010	Single Fam  MDL-01	1	1 Story	7	Modern/Contemp	2814	7	Propane	4	Forced Air-Duc
Holden	1010	Single Fam  MDL-01	1	1 Story	7	Modern/Contemp	3062	3	Gas	4	Forced Air-Duc
Holden	1010	Single Fam  MDL-01	1	1 Story	7	Modern/Contemp	3171	3	Gas	4	Forced Air-Duc
Holden	1010	Single Fam  MDL-01	1	1 Story	7	Modern/Contemp	3259	3	Gas	4	Forced Air-Duc
Holden	1010	Single Fam  MDL-01	1	1 Story	7	Modern/Contemp	3268	2	Oil	5	Hot Water
Holden	1010	Single Fam  MDL-01	1	1 Story	7	Modern/Contemp	3732	2	Oil	5	Hot Water
Holden	1010	Single Fam  MDL-01	1	1 Story	8	Raised Ranch	672	3	Gas	5	Hot Water
Holden	1010	Single Fam  MDL-01	1	1 Story	8	Raised Ranch	840	2	Oil	5	Hot Water
Holden	1010	Single Fam  MDL-01	1	1 Story	8	Raised Ranch	897	2	Oil	5	Hot Water
Holden	1010	Single Fam  MDL-01	1	1 Story	8	Raised Ranch	960	2	Oil	5	Hot Water
Holden	1010	Single Fam  MDL-01	1	1 Story	8	Raised Ranch	960	4	Electric	7	Radiant-Elec.
Holden	1010	Single Fam  MDL-01	1	1 Story	8	Raised Ranch	988	2	Oil	5	Hot Water
Holden	1010	Single Fam  MDL-01	1	1 Story	8	Raised Ranch	1000	2	Oil	5	Hot Water
Holden	1010	Single Fam  MDL-01	1	1 Story	8	Raised Ranch	1000	2	Oil	5	Hot Water
Holden	1010	Single Fam  MDL-01	1	1 Story	8	Raised Ranch	1028	2	Oil	5	Hot Water
Holden	1010	Single Fam  MDL-01	1	1 Story	8	Raised Ranch	1044	2	Oil	5	Hot Water
Holden	1010	Single Fam  MDL-01	1	1 Story	8	Raised Ranch	1044	2	Oil	5	Hot Water
Holden	1010	Single Fam  MDL-01	1	1 Story	8	Raised Ranch	1044	4	Electric	7	Radiant-Elec.
Holden	1010	Single Fam  MDL-01	1	1 Story	8	Raised Ranch	1044	4	Electric	7	Radiant-Elec.
Holden	1010	Single Fam  MDL-01	1	1 Story	8	Raised Ranch	1044	4	Electric	7	Radiant-Elec.
Holden	1010	Single Fam  MDL-01	1	1 Story	8	Raised Ranch	1044	4	Electric	7	Radiant-Elec.
Holden	1010	Single Fam  MDL-01	1	1 Story	8	Raised Ranch	1044	4	Electric	7	Radiant-Elec.
Holden	1010	Single Fam  MDL-01	1	1 Story	8	Raised Ranch	1044	4	Electric	7	Radiant-Elec.
Holden	1010	Single Fam  MDL-01	1	1 Story	8	Raised Ranch	1049	3	Gas	5	Hot Water
Holden	1010	Single Fam  MDL-01	1	1 Story	8	Raised Ranch	1050	2	Oil	5	Hot Water
Holden	1010	Single Fam  MDL-01	1	1 Story	8	Raised Ranch	1056	2	Oil	4	Forced Air-Duc
Holden	1010	Single Fam  MDL-01	1	1 Story	8	Raised Ranch	1056	2	Oil	4	Forced Air-Duc
Holden	1010	Single Fam  MDL-01	1	1 Story	8	Raised Ranch	1056	3	Gas	5	Hot Water
Holden	1010	Single Fam  MDL-01	1	1 Story	8	Raised Ranch	1056	3	Gas	5	Hot Water
Holden	1010	Single Fam  MDL-01	1	1 Story	8	Raised Ranch	1056	4	Electric	7	Radiant-Elec.
Holden	1010	Single Fam  MDL-01	1	1 Story	8	Raised Ranch	1064	2	Oil	5	Hot Water
Holden	1010	Single Fam  MDL-01	1	1 Story	8	Raised Ranch	1080	4	Electric	7	Radiant-Elec.
Holden	1010	Single Fam  MDL-01	1	1 Story	8	Raised Ranch	1080	4	Electric	7	Radiant-Elec.
Holden	1010	Single Fam  MDL-01	1	1 Story	8	Raised Ranch	1086	2	Oil	5	Hot Water
Holden	1010	Single Fam  MDL-01	1	1 Story	8	Raised Ranch	1086	4	Electric	7	Radiant-Elec.
Holden	1010	Single Fam  MDL-01	1	1 Story	8	Raised Ranch	1091	2	Oil	4	Forced Air-Duc
Holden	1010	Single Fam  MDL-01	1	1 Story	8	Raised Ranch	1094	2	Oil	5	Hot Water
Holden	1010	Single Fam  MDL-01	1	1 Story	8	Raised Ranch	1100	3	Gas	5	Hot Water
Holden	1010	Single Fam  MDL-01	1	1 Story	8	Raised Ranch	1100	3	Gas	5	Hot Water
Holden	1010	Single Fam  MDL-01	1	1 Story	8	Raised Ranch	1107	3	Gas	4	Forced Air-Duc
Holden	1010	Single Fam  MDL-01	1	1 Story	8	Raised Ranch	1108	2	Oil	5	Hot Water
Holden	1010	Single Fam  MDL-01	1	1 Story	8	Raised Ranch	1119	2	Oil	5	Hot Water
Holden	1010	Single Fam  MDL-01	1	1 Story	8	Raised Ranch	1119	2	Oil	5	Hot Water
Holden	1010	Single Fam  MDL-01	1	1 Story	8	Raised Ranch	1132	4	Electric	7	Radiant-Elec.
Holden	1010	Single Fam  MDL-01	1	1 Story	8	Raised Ranch	1132	4	Electric	7	Radiant-Elec.
Holden	1010	Single Fam  MDL-01	1	1 Story	8	Raised Ranch	1137	4	Electric	5	Hot Water
Holden	1010	Single Fam  MDL-01	1	1 Story	8	Raised Ranch	1138	2	Oil	5	Hot Water
Holden	1010	Single Fam  MDL-01	1	1 Story	8	Raised Ranch	1138	2	Oil	5	Hot Water
Holden	1010	Single Fam  MDL-01	1	1 Story	8	Raised Ranch	1138	3	Gas	5	Hot Water
Holden	1010	Single Fam  MDL-01	1	1 Story	8	Raised Ranch	1138	4	Electric	7	Radiant-Elec.
Holden	1010	Single Fam  MDL-01	1	1 Story	8	Raised Ranch	1138	4	Electric	7	Radiant-Elec.
Holden	1010	Single Fam  MDL-01	1	1 Story	8	Raised Ranch	1138	4	Electric	7	Radiant-Elec.
Holden	1010	Single Fam  MDL-01	1	1 Story	8	Raised Ranch	1144	2	Oil	5	Hot Water
Holden	1010	Single Fam  MDL-01	1	1 Story	8	Raised Ranch	1144	2	Oil	5	Hot Water
Holden	1010	Single Fam  MDL-01	1	1 Story	8	Raised Ranch	1144	2	Oil	5	Hot Water
Holden	1010	Single Fam  MDL-01	1	1 Story	8	Raised Ranch	1144	3	Gas	5	Hot Water
Holden	1010	Single Fam  MDL-01	1	1 Story	8	Raised Ranch	1144	4	Electric	7	Radiant-Elec.
Holden	1010	Single Fam  MDL-01	1	1 Story	8	Raised Ranch	1144	4	Electric	7	Radiant-Elec.
Holden	1010	Single Fam  MDL-01	1	1 Story	8	Raised Ranch	1144	4	Electric	7	Radiant-Elec.
Holden	1010	Single Fam  MDL-01	1	1 Story	8	Raised Ranch	1146	2	Oil	5	Hot Water
Holden	1010	Single Fam  MDL-01	1	1 Story	8	Raised Ranch	1146	2	Oil	5	Hot Water
Holden	1010	Single Fam  MDL-01	1	1 Story	8	Raised Ranch	1146	3	Gas	5	Hot Water
Holden	1010	Single Fam  MDL-01	1	1 Story	8	Raised Ranch	1146	4	Electric	7	Radiant-Elec.
Holden	1010	Single Fam  MDL-01	1	1 Story	8	Raised Ranch	1146	4	Electric	7	Radiant-Elec.
Holden	1010	Single Fam  MDL-01	1	1 Story	8	Raised Ranch	1150	2	Oil	5	Hot Water
Holden	1010	Single Fam  MDL-01	1	1 Story	8	Raised Ranch	1150	2	Oil	5	Hot Water
Holden	1010	Single Fam  MDL-01	1	1 Story	8	Raised Ranch	1152	2	Oil	5	Hot Water
Holden	1010	Single Fam  MDL-01	1	1 Story	8	Raised Ranch	1152	2	Oil	5	Hot Water
Holden	1010	Single Fam  MDL-01	1	1 Story	8	Raised Ranch	1158	2	Oil	5	Hot Water
Holden	1010	Single Fam  MDL-01	1	1 Story	8	Raised Ranch	1163	2	Oil	5	Hot Water
Holden	1010	Single Fam  MDL-01	1	1 Story	8	Raised Ranch	1164	2	Oil	5	Hot Water
Holden	1010	Single Fam  MDL-01	1	1 Story	8	Raised Ranch	1164	2	Oil	5	Hot Water
Holden	1010	Single Fam  MDL-01	1	1 Story	8	Raised Ranch	1164	2	Oil	5	Hot Water
Holden	1010	Single Fam  MDL-01	1	1 Story	8	Raised Ranch	1164	2	Oil	5	Hot Water
Holden	1010	Single Fam  MDL-01	1	1 Story	8	Raised Ranch	1164	4	Electric	7	Radiant-Elec.
Holden	1010	Single Fam  MDL-01	1	1 Story	8	Raised Ranch	1166	2	Oil	4	Forced Air-Duc
Holden	1010	Single Fam  MDL-01	1	1 Story	8	Raised Ranch	1170	2	Oil	5	Hot Water
Holden	1010	Single Fam  MDL-01	1	1 Story	8	Raised Ranch	1170	2	Oil	5	Hot Water
Holden	1010	Single Fam  MDL-01	1	1 Story	8	Raised Ranch	1174	2	Oil	5	Hot Water
Holden	1010	Single Fam  MDL-01	1	1 Story	8	Raised Ranch	1174	4	Electric	5	Hot Water
Holden	1010	Single Fam  MDL-01	1	1 Story	8	Raised Ranch	1175	2	Oil	5	Hot Water
Holden	1010	Single Fam  MDL-01	1	1 Story	8	Raised Ranch	1177	2	Oil	5	Hot Water
Holden	1010	Single Fam  MDL-01	1	1 Story	8	Raised Ranch	1182	2	Oil	5	Hot Water
Holden	1010	Single Fam  MDL-01	1	1 Story	8	Raised Ranch	1182	3	Gas	5	Hot Water
Holden	1010	Single Fam  MDL-01	1	1 Story	8	Raised Ranch	1182	4	Electric	7	Radiant-Elec.
Holden	1010	Single Fam  MDL-01	1	1 Story	8	Raised Ranch	1184	2	Oil	5	Hot Water
Holden	1010	Single Fam  MDL-01	1	1 Story	8	Raised Ranch	1184	2	Oil	5	Hot Water
Holden	1010	Single Fam  MDL-01	1	1 Story	8	Raised Ranch	1184	4	Electric	7	Radiant-Elec.
Holden	1010	Single Fam  MDL-01	1	1 Story	8	Raised Ranch	1188	2	Oil	5	Hot Water
Holden	1010	Single Fam  MDL-01	1	1 Story	8	Raised Ranch	1189	2	Oil	4	Forced Air-Duc
Holden	1010	Single Fam  MDL-01	1	1 Story	8	Raised Ranch	1189	2	Oil	5	Hot Water
Holden	1010	Single Fam  MDL-01	1	1 Story	8	Raised Ranch	1189	4	Electric	7	Radiant-Elec.
Holden	1010	Single Fam  MDL-01	1	1 Story	8	Raised Ranch	1190	2	Oil	5	Hot Water
Holden	1010	Single Fam  MDL-01	1	1 Story	8	Raised Ranch	1190	2	Oil	5	Hot Water
Holden	1010	Single Fam  MDL-01	1	1 Story	8	Raised Ranch	1190	2	Oil	5	Hot Water
Holden	1010	Single Fam  MDL-01	1	1 Story	8	Raised Ranch	1190	2	Oil	5	Hot Water
Holden	1010	Single Fam  MDL-01	1	1 Story	8	Raised Ranch	1190	2	Oil	5	Hot Water
Holden	1010	Single Fam  MDL-01	1	1 Story	8	Raised Ranch	1190	2	Oil	5	Hot Water
Holden	1010	Single Fam  MDL-01	1	1 Story	8	Raised Ranch	1190	2	Oil	5	Hot Water
Holden	1010	Single Fam  MDL-01	1	1 Story	8	Raised Ranch	1190	2	Oil	5	Hot Water
Holden	1010	Single Fam  MDL-01	1	1 Story	8	Raised Ranch	1190	2	Oil	5	Hot Water
Holden	1010	Single Fam  MDL-01	1	1 Story	8	Raised Ranch	1190	2	Oil	5	Hot Water
Holden	1010	Single Fam  MDL-01	1	1 Story	8	Raised Ranch	1190	2	Oil	5	Hot Water
Holden	1010	Single Fam  MDL-01	1	1 Story	8	Raised Ranch	1190	2	Oil	5	Hot Water
Holden	1010	Single Fam  MDL-01	1	1 Story	8	Raised Ranch	1190	4	Electric	7	Radiant-Elec.
Holden	1010	Single Fam  MDL-01	1	1 Story	8	Raised Ranch	1190	4	Electric	7	Radiant-Elec.
Holden	1010	Single Fam  MDL-01	1	1 Story	8	Raised Ranch	1190	4	Electric	7	Radiant-Elec.
Holden	1010	Single Fam  MDL-01	1	1 Story	8	Raised Ranch	1190	4	Electric	7	Radiant-Elec.
Holden	1010	Single Fam  MDL-01	1	1 Story	8	Raised Ranch	1190	4	Electric	7	Radiant-Elec.
Holden	1010	Single Fam  MDL-01	1	1 Story	8	Raised Ranch	1190	4	Electric	7	Radiant-Elec.
Holden	1010	Single Fam  MDL-01	1	1 Story	8	Raised Ranch	1190	4	Electric	7	Radiant-Elec.
Holden	1010	Single Fam  MDL-01	1	1 Story	8	Raised Ranch	1190	4	Electric	7	Radiant-Elec.
Holden	1010	Single Fam  MDL-01	1	1 Story	8	Raised Ranch	1190	4	Electric	7	Radiant-Elec.
Holden	1010	Single Fam  MDL-01	1	1 Story	8	Raised Ranch	1190	4	Electric	7	Radiant-Elec.
Holden	1010	Single Fam  MDL-01	1	1 Story	8	Raised Ranch	1190	4	Electric	7	Radiant-Elec.
Holden	1010	Single Fam  MDL-01	1	1 Story	8	Raised Ranch	1191	2	Oil	5	Hot Water
Holden	1010	Single Fam  MDL-01	1	1 Story	8	Raised Ranch	1196	2	Oil	5	Hot Water
Holden	1010	Single Fam  MDL-01	1	1 Story	8	Raised Ranch	1196	2	Oil	5	Hot Water
Holden	1010	Single Fam  MDL-01	1	1 Story	8	Raised Ranch	1196	2	Oil	5	Hot Water
Holden	1010	Single Fam  MDL-01	1	1 Story	8	Raised Ranch	1196	2	Oil	5	Hot Water
Holden	1010	Single Fam  MDL-01	1	1 Story	8	Raised Ranch	1196	2	Oil	5	Hot Water
Holden	1010	Single Fam  MDL-01	1	1 Story	8	Raised Ranch	1196	2	Oil	5	Hot Water
Holden	1010	Single Fam  MDL-01	1	1 Story	8	Raised Ranch	1196	2	Oil	5	Hot Water
Holden	1010	Single Fam  MDL-01	1	1 Story	8	Raised Ranch	1196	2	Oil	5	Hot Water
Holden	1010	Single Fam  MDL-01	1	1 Story	8	Raised Ranch	1196	2	Oil	5	Hot Water
Holden	1010	Single Fam  MDL-01	1	1 Story	8	Raised Ranch	1196	2	Oil	5	Hot Water
Holden	1010	Single Fam  MDL-01	1	1 Story	8	Raised Ranch	1196	2	Oil	5	Hot Water
Holden	1010	Single Fam  MDL-01	1	1 Story	8	Raised Ranch	1196	2	Oil	5	Hot Water
Holden	1010	Single Fam  MDL-01	1	1 Story	8	Raised Ranch	1196	2	Oil	5	Hot Water
Holden	1010	Single Fam  MDL-01	1	1 Story	8	Raised Ranch	1196	2	Oil	5	Hot Water
Holden	1010	Single Fam  MDL-01	1	1 Story	8	Raised Ranch	1196	4	Electric	7	Radiant-Elec.
Holden	1010	Single Fam  MDL-01	1	1 Story	8	Raised Ranch	1196	4	Electric	7	Radiant-Elec.
Holden	1010	Single Fam  MDL-01	1	1 Story	8	Raised Ranch	1196	4	Electric	7	Radiant-Elec.
Holden	1010	Single Fam  MDL-01	1	1 Story	8	Raised Ranch	1197	2	Oil	5	Hot Water
Holden	1010	Single Fam  MDL-01	1	1 Story	8	Raised Ranch	1198	2	Oil	5	Hot Water
Holden	1010	Single Fam  MDL-01	1	1 Story	8	Raised Ranch	1200	2	Oil	5	Hot Water
Holden	1010	Single Fam  MDL-01	1	1 Story	8	Raised Ranch	1200	2	Oil	5	Hot Water
Holden	1010	Single Fam  MDL-01	1	1 Story	8	Raised Ranch	1200	2	Oil	5	Hot Water
Holden	1010	Single Fam  MDL-01	1	1 Story	8	Raised Ranch	1200	2	Oil	5	Hot Water
Holden	1010	Single Fam  MDL-01	1	1 Story	8	Raised Ranch	1200	3	Gas	5	Hot Water
Holden	1010	Single Fam  MDL-01	1	1 Story	8	Raised Ranch	1200	4	Electric	7	Radiant-Elec.
Holden	1010	Single Fam  MDL-01	1	1 Story	8	Raised Ranch	1212	4	Electric	7	Radiant-Elec.
Holden	1010	Single Fam  MDL-01	1	1 Story	8	Raised Ranch	1216	2	Oil	5	Hot Water
Holden	1010	Single Fam  MDL-01	1	1 Story	8	Raised Ranch	1222	2	Oil	5	Hot Water
Holden	1010	Single Fam  MDL-01	1	1 Story	8	Raised Ranch	1222	4	Electric	7	Radiant-Elec.
Holden	1010	Single Fam  MDL-01	1	1 Story	8	Raised Ranch	1222	4	Electric	7	Radiant-Elec.
Holden	1010	Single Fam  MDL-01	1	1 Story	8	Raised Ranch	1223	4	Electric	7	Radiant-Elec.
Holden	1010	Single Fam  MDL-01	1	1 Story	8	Raised Ranch	1224	2	Oil	5	Hot Water
Holden	1010	Single Fam  MDL-01	1	1 Story	8	Raised Ranch	1224	4	Electric	7	Radiant-Elec.
Holden	1010	Single Fam  MDL-01	1	1 Story	8	Raised Ranch	1226	3	Gas	5	Hot Water
Holden	1010	Single Fam  MDL-01	1	1 Story	8	Raised Ranch	1230	2	Oil	5	Hot Water
Holden	1010	Single Fam  MDL-01	1	1 Story	8	Raised Ranch	1232	2	Oil	5	Hot Water
Holden	1010	Single Fam  MDL-01	1	1 Story	8	Raised Ranch	1234	2	Oil	5	Hot Water
Holden	1010	Single Fam  MDL-01	1	1 Story	8	Raised Ranch	1235	2	Oil	5	Hot Water
Holden	1010	Single Fam  MDL-01	1	1 Story	8	Raised Ranch	1236	2	Oil	5	Hot Water
Holden	1010	Single Fam  MDL-01	1	1 Story	8	Raised Ranch	1236	2	Oil	5	Hot Water
Holden	1010	Single Fam  MDL-01	1	1 Story	8	Raised Ranch	1236	3	Gas	5	Hot Water
Holden	1010	Single Fam  MDL-01	1	1 Story	8	Raised Ranch	1236	4	Electric	7	Radiant-Elec.
Holden	1010	Single Fam  MDL-01	1	1 Story	8	Raised Ranch	1236	4	Electric	7	Radiant-Elec.
Holden	1010	Single Fam  MDL-01	1	1 Story	8	Raised Ranch	1241	2	Oil	5	Hot Water
Holden	1010	Single Fam  MDL-01	1	1 Story	8	Raised Ranch	1242	2	Oil	5	Hot Water
Holden	1010	Single Fam  MDL-01	1	1 Story	8	Raised Ranch	1242	2	Oil	5	Hot Water
Holden	1010	Single Fam  MDL-01	1	1 Story	8	Raised Ranch	1242	2	Oil	5	Hot Water
Holden	1010	Single Fam  MDL-01	1	1 Story	8	Raised Ranch	1242	2	Oil	5	Hot Water
Holden	1010	Single Fam  MDL-01	1	1 Story	8	Raised Ranch	1242	2	Oil	5	Hot Water
Holden	1010	Single Fam  MDL-01	1	1 Story	8	Raised Ranch	1242	2	Oil	5	Hot Water
Holden	1010	Single Fam  MDL-01	1	1 Story	8	Raised Ranch	1242	2	Oil	5	Hot Water
Holden	1010	Single Fam  MDL-01	1	1 Story	8	Raised Ranch	1242	2	Oil	10	Hydro Air
Holden	1010	Single Fam  MDL-01	1	1 Story	8	Raised Ranch	1242	4	Electric	7	Radiant-Elec.
Holden	1010	Single Fam  MDL-01	1	1 Story	8	Raised Ranch	1242	4	Electric	7	Radiant-Elec.
Holden	1010	Single Fam  MDL-01	1	1 Story	8	Raised Ranch	1242	4	Electric	7	Radiant-Elec.
Holden	1010	Single Fam  MDL-01	1	1 Story	8	Raised Ranch	1246	2	Oil	5	Hot Water
Holden	1010	Single Fam  MDL-01	1	1 Story	8	Raised Ranch	1248	2	Oil	5	Hot Water
Holden	1010	Single Fam  MDL-01	1	1 Story	8	Raised Ranch	1248	2	Oil	5	Hot Water
Holden	1010	Single Fam  MDL-01	1	1 Story	8	Raised Ranch	1248	2	Oil	5	Hot Water
Holden	1010	Single Fam  MDL-01	1	1 Story	8	Raised Ranch	1248	2	Oil	5	Hot Water
Holden	1010	Single Fam  MDL-01	1	1 Story	8	Raised Ranch	1248	2	Oil	5	Hot Water
Holden	1010	Single Fam  MDL-01	1	1 Story	8	Raised Ranch	1248	2	Oil	5	Hot Water
Holden	1010	Single Fam  MDL-01	1	1 Story	8	Raised Ranch	1248	2	Oil	5	Hot Water
Holden	1010	Single Fam  MDL-01	1	1 Story	8	Raised Ranch	1248	2	Oil	5	Hot Water
Holden	1010	Single Fam  MDL-01	1	1 Story	8	Raised Ranch	1248	2	Oil	5	Hot Water
Holden	1010	Single Fam  MDL-01	1	1 Story	8	Raised Ranch	1248	2	Oil	5	Hot Water
Holden	1010	Single Fam  MDL-01	1	1 Story	8	Raised Ranch	1248	2	Oil	5	Hot Water
Holden	1010	Single Fam  MDL-01	1	1 Story	8	Raised Ranch	1248	2	Oil	5	Hot Water
Holden	1010	Single Fam  MDL-01	1	1 Story	8	Raised Ranch	1248	2	Oil	5	Hot Water
Holden	1010	Single Fam  MDL-01	1	1 Story	8	Raised Ranch	1248	4	Electric	7	Radiant-Elec.
Holden	1010	Single Fam  MDL-01	1	1 Story	8	Raised Ranch	1248	4	Electric	7	Radiant-Elec.
Holden	1010	Single Fam  MDL-01	1	1 Story	8	Raised Ranch	1248	4	Electric	8	Radiant-Water
Holden	1010	Single Fam  MDL-01	1	1 Story	8	Raised Ranch	1250	2	Oil	5	Hot Water
Holden	1010	Single Fam  MDL-01	1	1 Story	8	Raised Ranch	1250	2	Oil	5	Hot Water
Holden	1010	Single Fam  MDL-01	1	1 Story	8	Raised Ranch	1251	2	Oil	5	Hot Water
Holden	1010	Single Fam  MDL-01	1	1 Story	8	Raised Ranch	1266	2	Oil	5	Hot Water
Holden	1010	Single Fam  MDL-01	1	1 Story	8	Raised Ranch	1266	4	Electric	7	Radiant-Elec.
Holden	1010	Single Fam  MDL-01	1	1 Story	8	Raised Ranch	1267	4	Electric	7	Radiant-Elec.
Holden	1010	Single Fam  MDL-01	1	1 Story	8	Raised Ranch	1268	2	Oil	5	Hot Water
Holden	1010	Single Fam  MDL-01	1	1 Story	8	Raised Ranch	1269	2	Oil	5	Hot Water
Holden	1010	Single Fam  MDL-01	1	1 Story	8	Raised Ranch	1278	2	Oil	5	Hot Water
Holden	1010	Single Fam  MDL-01	1	1 Story	8	Raised Ranch	1280	2	Oil	5	Hot Water
Holden	1010	Single Fam  MDL-01	1	1 Story	8	Raised Ranch	1282	2	Oil	5	Hot Water
Holden	1010	Single Fam  MDL-01	1	1 Story	8	Raised Ranch	1282	4	Electric	5	Hot Water
Holden	1010	Single Fam  MDL-01	1	1 Story	8	Raised Ranch	1282	4	Electric	7	Radiant-Elec.
Holden	1010	Single Fam  MDL-01	1	1 Story	8	Raised Ranch	1284	3	Gas	5	Hot Water
Holden	1010	Single Fam  MDL-01	1	1 Story	8	Raised Ranch	1284	4	Electric	7	Radiant-Elec.
Holden	1010	Single Fam  MDL-01	1	1 Story	8	Raised Ranch	1288	2	Oil	5	Hot Water
Holden	1010	Single Fam  MDL-01	1	1 Story	8	Raised Ranch	1288	2	Oil	5	Hot Water
Holden	1010	Single Fam  MDL-01	1	1 Story	8	Raised Ranch	1289	2	Oil	5	Hot Water
Holden	1010	Single Fam  MDL-01	1	1 Story	8	Raised Ranch	1289	2	Oil	5	Hot Water
Holden	1010	Single Fam  MDL-01	1	1 Story	8	Raised Ranch	1290	2	Oil	10	Hydro Air
Holden	1010	Single Fam  MDL-01	1	1 Story	8	Raised Ranch	1293	2	Oil	5	Hot Water
Holden	1010	Single Fam  MDL-01	1	1 Story	8	Raised Ranch	1293	2	Oil	5	Hot Water
Holden	1010	Single Fam  MDL-01	1	1 Story	8	Raised Ranch	1294	2	Oil	5	Hot Water
Holden	1010	Single Fam  MDL-01	1	1 Story	8	Raised Ranch	1294	4	Electric	7	Radiant-Elec.
Holden	1010	Single Fam  MDL-01	1	1 Story	8	Raised Ranch	1294	4	Electric	7	Radiant-Elec.
Holden	1010	Single Fam  MDL-01	1	1 Story	8	Raised Ranch	1295	2	Oil	5	Hot Water
Holden	1010	Single Fam  MDL-01	1	1 Story	8	Raised Ranch	1296	3	Gas	4	Forced Air-Duc
Holden	1010	Single Fam  MDL-01	1	1 Story	8	Raised Ranch	1300	2	Oil	5	Hot Water
Holden	1010	Single Fam  MDL-01	1	1 Story	8	Raised Ranch	1300	2	Oil	5	Hot Water
Holden	1010	Single Fam  MDL-01	1	1 Story	8	Raised Ranch	1316	2	Oil	5	Hot Water
Holden	1010	Single Fam  MDL-01	1	1 Story	8	Raised Ranch	1318	2	Oil	5	Hot Water
Holden	1010	Single Fam  MDL-01	1	1 Story	8	Raised Ranch	1319	2	Oil	5	Hot Water
Holden	1010	Single Fam  MDL-01	1	1 Story	8	Raised Ranch	1320	3	Gas	4	Forced Air-Duc
Holden	1010	Single Fam  MDL-01	1	1 Story	8	Raised Ranch	1322	2	Oil	5	Hot Water
Holden	1010	Single Fam  MDL-01	1	1 Story	8	Raised Ranch	1326	2	Oil	5	Hot Water
Holden	1010	Single Fam  MDL-01	1	1 Story	8	Raised Ranch	1326	3	Gas	4	Forced Air-Duc
Holden	1010	Single Fam  MDL-01	1	1 Story	8	Raised Ranch	1328	3	Gas	5	Hot Water
Holden	1010	Single Fam  MDL-01	1	1 Story	8	Raised Ranch	1330	2	Oil	4	Forced Air-Duc
Holden	1010	Single Fam  MDL-01	1	1 Story	8	Raised Ranch	1330	2	Oil	5	Hot Water
Holden	1010	Single Fam  MDL-01	1	1 Story	8	Raised Ranch	1330	2	Oil	5	Hot Water
Holden	1010	Single Fam  MDL-01	1	1 Story	8	Raised Ranch	1330	2	Oil	5	Hot Water
Holden	1010	Single Fam  MDL-01	1	1 Story	8	Raised Ranch	1330	2	Oil	5	Hot Water
Holden	1010	Single Fam  MDL-01	1	1 Story	8	Raised Ranch	1330	2	Oil	5	Hot Water
Holden	1010	Single Fam  MDL-01	1	1 Story	8	Raised Ranch	1330	2	Oil	5	Hot Water
Holden	1010	Single Fam  MDL-01	1	1 Story	8	Raised Ranch	1330	2	Oil	5	Hot Water
Holden	1010	Single Fam  MDL-01	1	1 Story	8	Raised Ranch	1330	2	Oil	10	Hydro Air
Holden	1010	Single Fam  MDL-01	1	1 Story	8	Raised Ranch	1330	3	Gas	4	Forced Air-Duc
Holden	1010	Single Fam  MDL-01	1	1 Story	8	Raised Ranch	1330	3	Gas	4	Forced Air-Duc
Holden	1010	Single Fam  MDL-01	1	1 Story	8	Raised Ranch	1330	3	Gas	4	Forced Air-Duc
Holden	1010	Single Fam  MDL-01	1	1 Story	8	Raised Ranch	1330	3	Gas	4	Forced Air-Duc
Holden	1010	Single Fam  MDL-01	1	1 Story	8	Raised Ranch	1332	2	Oil	5	Hot Water
Holden	1010	Single Fam  MDL-01	1	1 Story	8	Raised Ranch	1332	3	Gas	4	Forced Air-Duc
Holden	1010	Single Fam  MDL-01	1	1 Story	8	Raised Ranch	1332	3	Gas	5	Hot Water
Holden	1010	Single Fam  MDL-01	1	1 Story	8	Raised Ranch	1332	4	Electric	7	Radiant-Elec.
Holden	1010	Single Fam  MDL-01	1	1 Story	8	Raised Ranch	1336	3	Gas	5	Hot Water
Holden	1010	Single Fam  MDL-01	1	1 Story	8	Raised Ranch	1337	3	Gas	4	Forced Air-Duc
Holden	1010	Single Fam  MDL-01	1	1 Story	8	Raised Ranch	1337	4	Electric	7	Radiant-Elec.
Holden	1010	Single Fam  MDL-01	1	1 Story	8	Raised Ranch	1338	2	Oil	5	Hot Water
Holden	1010	Single Fam  MDL-01	1	1 Story	8	Raised Ranch	1340	2	Oil	4	Forced Air-Duc
Holden	1010	Single Fam  MDL-01	1	1 Story	8	Raised Ranch	1340	2	Oil	5	Hot Water
Holden	1010	Single Fam  MDL-01	1	1 Story	8	Raised Ranch	1343	2	Oil	5	Hot Water
Holden	1010	Single Fam  MDL-01	1	1 Story	8	Raised Ranch	1344	2	Oil	5	Hot Water
Holden	1010	Single Fam  MDL-01	1	1 Story	8	Raised Ranch	1344	2	Oil	5	Hot Water
Holden	1010	Single Fam  MDL-01	1	1 Story	8	Raised Ranch	1344	3	Gas	5	Hot Water
Holden	1010	Single Fam  MDL-01	1	1 Story	8	Raised Ranch	1349	2	Oil	5	Hot Water
Holden	1010	Single Fam  MDL-01	1	1 Story	8	Raised Ranch	1352	2	Oil	5	Hot Water
Holden	1010	Single Fam  MDL-01	1	1 Story	8	Raised Ranch	1352	4	Electric	7	Radiant-Elec.
Holden	1010	Single Fam  MDL-01	1	1 Story	8	Raised Ranch	1364	2	Oil	5	Hot Water
Holden	1010	Single Fam  MDL-01	1	1 Story	8	Raised Ranch	1369	4	Electric	7	Radiant-Elec.
Holden	1010	Single Fam  MDL-01	1	1 Story	8	Raised Ranch	1378	2	Oil	5	Hot Water
Holden	1010	Single Fam  MDL-01	1	1 Story	8	Raised Ranch	1384	2	Oil	5	Hot Water
Holden	1010	Single Fam  MDL-01	1	1 Story	8	Raised Ranch	1388	2	Oil	5	Hot Water
Holden	1010	Single Fam  MDL-01	1	1 Story	8	Raised Ranch	1388	2	Oil	5	Hot Water
Holden	1010	Single Fam  MDL-01	1	1 Story	8	Raised Ranch	1388	4	Electric	7	Radiant-Elec.
Holden	1010	Single Fam  MDL-01	1	1 Story	8	Raised Ranch	1393	2	Oil	5	Hot Water
Holden	1010	Single Fam  MDL-01	1	1 Story	8	Raised Ranch	1394	2	Oil	5	Hot Water
Holden	1010	Single Fam  MDL-01	1	1 Story	8	Raised Ranch	1394	4	Electric	7	Radiant-Elec.
Holden	1010	Single Fam  MDL-01	1	1 Story	8	Raised Ranch	1398	2	Oil	5	Hot Water
Holden	1010	Single Fam  MDL-01	1	1 Story	8	Raised Ranch	1399	4	Electric	7	Radiant-Elec.
Holden	1010	Single Fam  MDL-01	1	1 Story	8	Raised Ranch	1401	4	Electric	7	Radiant-Elec.
Holden	1010	Single Fam  MDL-01	1	1 Story	8	Raised Ranch	1404	2	Oil	5	Hot Water
Holden	1010	Single Fam  MDL-01	1	1 Story	8	Raised Ranch	1406	2	Oil	5	Hot Water
Holden	1010	Single Fam  MDL-01	1	1 Story	8	Raised Ranch	1406	4	Electric	7	Radiant-Elec.
Holden	1010	Single Fam  MDL-01	1	1 Story	8	Raised Ranch	1411	2	Oil	5	Hot Water
Holden	1010	Single Fam  MDL-01	1	1 Story	8	Raised Ranch	1416	2	Oil	5	Hot Water
Holden	1010	Single Fam  MDL-01	1	1 Story	8	Raised Ranch	1416	2	Oil	5	Hot Water
Holden	1010	Single Fam  MDL-01	1	1 Story	8	Raised Ranch	1416	2	Oil	5	Hot Water
Holden	1010	Single Fam  MDL-01	1	1 Story	8	Raised Ranch	1418	2	Oil	4	Forced Air-Duc
Holden	1010	Single Fam  MDL-01	1	1 Story	8	Raised Ranch	1418	2	Oil	5	Hot Water
Holden	1010	Single Fam  MDL-01	1	1 Story	8	Raised Ranch	1420	4	Electric	7	Radiant-Elec.
Holden	1010	Single Fam  MDL-01	1	1 Story	8	Raised Ranch	1428	2	Oil	5	Hot Water
Holden	1010	Single Fam  MDL-01	1	1 Story	8	Raised Ranch	1431	3	Gas	5	Hot Water
Holden	1010	Single Fam  MDL-01	1	1 Story	8	Raised Ranch	1436	2	Oil	5	Hot Water
Holden	1010	Single Fam  MDL-01	1	1 Story	8	Raised Ranch	1436	3	Gas	5	Hot Water
Holden	1010	Single Fam  MDL-01	1	1 Story	8	Raised Ranch	1438	4	Electric	7	Radiant-Elec.
Holden	1010	Single Fam  MDL-01	1	1 Story	8	Raised Ranch	1442	2	Oil	5	Hot Water
Holden	1010	Single Fam  MDL-01	1	1 Story	8	Raised Ranch	1444	2	Oil	5	Hot Water
Holden	1010	Single Fam  MDL-01	1	1 Story	8	Raised Ranch	1446	2	Oil	5	Hot Water
Holden	1010	Single Fam  MDL-01	1	1 Story	8	Raised Ranch	1450	2	Oil	5	Hot Water
Holden	1010	Single Fam  MDL-01	1	1 Story	8	Raised Ranch	1450	4	Electric	7	Radiant-Elec.
Holden	1010	Single Fam  MDL-01	1	1 Story	8	Raised Ranch	1452	2	Oil	5	Hot Water
Holden	1010	Single Fam  MDL-01	1	1 Story	8	Raised Ranch	1452	2	Oil	5	Hot Water
Holden	1010	Single Fam  MDL-01	1	1 Story	8	Raised Ranch	1452	3	Gas	5	Hot Water
Holden	1010	Single Fam  MDL-01	1	1 Story	8	Raised Ranch	1454	2	Oil	5	Hot Water
Holden	1010	Single Fam  MDL-01	1	1 Story	8	Raised Ranch	1454	3	Gas	5	Hot Water
Holden	1010	Single Fam  MDL-01	1	1 Story	8	Raised Ranch	1454	3	Gas	5	Hot Water
Holden	1010	Single Fam  MDL-01	1	1 Story	8	Raised Ranch	1456	3	Gas	5	Hot Water
Holden	1010	Single Fam  MDL-01	1	1 Story	8	Raised Ranch	1456	3	Gas	5	Hot Water
Holden	1010	Single Fam  MDL-01	1	1 Story	8	Raised Ranch	1456	3	Gas	5	Hot Water
Holden	1010	Single Fam  MDL-01	1	1 Story	8	Raised Ranch	1457	2	Oil	5	Hot Water
Holden	1010	Single Fam  MDL-01	1	1 Story	8	Raised Ranch	1461	3	Gas	5	Hot Water
Holden	1010	Single Fam  MDL-01	1	1 Story	8	Raised Ranch	1464	2	Oil	5	Hot Water
Holden	1010	Single Fam  MDL-01	1	1 Story	8	Raised Ranch	1476	2	Oil	5	Hot Water
Holden	1010	Single Fam  MDL-01	1	1 Story	8	Raised Ranch	1478	4	Electric	7	Radiant-Elec.
Holden	1010	Single Fam  MDL-01	1	1 Story	8	Raised Ranch	1479	4	Electric	7	Radiant-Elec.
Holden	1010	Single Fam  MDL-01	1	1 Story	8	Raised Ranch	1485	2	Oil	5	Hot Water
Holden	1010	Single Fam  MDL-01	1	1 Story	8	Raised Ranch	1488	3	Gas	4	Forced Air-Duc
Holden	1010	Single Fam  MDL-01	1	1 Story	8	Raised Ranch	1488	4	Electric	7	Radiant-Elec.
Holden	1010	Single Fam  MDL-01	1	1 Story	8	Raised Ranch	1490	3	Gas	4	Forced Air-Duc
Holden	1010	Single Fam  MDL-01	1	1 Story	8	Raised Ranch	1490	7	Propane	4	Forced Air-Duc
Holden	1010	Single Fam  MDL-01	1	1 Story	8	Raised Ranch	1492	2	Oil	4	Forced Air-Duc
Holden	1010	Single Fam  MDL-01	1	1 Story	8	Raised Ranch	1496	3	Gas	5	Hot Water
Holden	1010	Single Fam  MDL-01	1	1 Story	8	Raised Ranch	1497	2	Oil	5	Hot Water
Holden	1010	Single Fam  MDL-01	1	1 Story	8	Raised Ranch	1498	2	Oil	5	Hot Water
Holden	1010	Single Fam  MDL-01	1	1 Story	8	Raised Ranch	1500	2	Oil	2	Convection
Holden	1010	Single Fam  MDL-01	1	1 Story	8	Raised Ranch	1501	3	Gas	5	Hot Water
Holden	1010	Single Fam  MDL-01	1	1 Story	8	Raised Ranch	1504	2	Oil	5	Hot Water
Holden	1010	Single Fam  MDL-01	1	1 Story	8	Raised Ranch	1508	2	Oil	5	Hot Water
Holden	1010	Single Fam  MDL-01	1	1 Story	8	Raised Ranch	1510	7	Propane	4	Forced Air-Duc
Holden	1010	Single Fam  MDL-01	1	1 Story	8	Raised Ranch	1512	2	Oil	5	Hot Water
Holden	1010	Single Fam  MDL-01	1	1 Story	8	Raised Ranch	1512	3	Gas	5	Hot Water
Holden	1010	Single Fam  MDL-01	1	1 Story	8	Raised Ranch	1512	3	Gas	5	Hot Water
Holden	1010	Single Fam  MDL-01	1	1 Story	8	Raised Ranch	1512	3	Gas	5	Hot Water
Holden	1010	Single Fam  MDL-01	1	1 Story	8	Raised Ranch	1528	2	Oil	5	Hot Water
Holden	1010	Single Fam  MDL-01	1	1 Story	8	Raised Ranch	1536	2	Oil	8	Radiant-Water
Holden	1010	Single Fam  MDL-01	1	1 Story	8	Raised Ranch	1542	3	Gas	5	Hot Water
Holden	1010	Single Fam  MDL-01	1	1 Story	8	Raised Ranch	1548	4	Electric	7	Radiant-Elec.
Holden	1010	Single Fam  MDL-01	1	1 Story	8	Raised Ranch	1550	3	Gas	5	Hot Water
Holden	1010	Single Fam  MDL-01	1	1 Story	8	Raised Ranch	1556	4	Electric	7	Radiant-Elec.
Holden	1010	Single Fam  MDL-01	1	1 Story	8	Raised Ranch	1559	2	Oil	4	Forced Air-Duc
Holden	1010	Single Fam  MDL-01	1	1 Story	8	Raised Ranch	1559	3	Gas	5	Hot Water
Holden	1010	Single Fam  MDL-01	1	1 Story	8	Raised Ranch	1560	2	Oil	5	Hot Water
Holden	1010	Single Fam  MDL-01	1	1 Story	8	Raised Ranch	1562	2	Oil	5	Hot Water
Holden	1010	Single Fam  MDL-01	1	1 Story	8	Raised Ranch	1564	3	Gas	5	Hot Water
Holden	1010	Single Fam  MDL-01	1	1 Story	8	Raised Ranch	1567	2	Oil	5	Hot Water
Holden	1010	Single Fam  MDL-01	1	1 Story	8	Raised Ranch	1568	2	Oil	4	Forced Air-Duc
Holden	1010	Single Fam  MDL-01	1	1 Story	8	Raised Ranch	1574	2	Oil	5	Hot Water
Holden	1010	Single Fam  MDL-01	1	1 Story	8	Raised Ranch	1577	4	Electric	7	Radiant-Elec.
Holden	1010	Single Fam  MDL-01	1	1 Story	8	Raised Ranch	1581	2	Oil	5	Hot Water
Holden	1010	Single Fam  MDL-01	1	1 Story	8	Raised Ranch	1585	2	Oil	5	Hot Water
Holden	1010	Single Fam  MDL-01	1	1 Story	8	Raised Ranch	1586	2	Oil	5	Hot Water
Holden	1010	Single Fam  MDL-01	1	1 Story	8	Raised Ranch	1588	2	Oil	5	Hot Water
Holden	1010	Single Fam  MDL-01	1	1 Story	8	Raised Ranch	1590	4	Electric	7	Radiant-Elec.
Holden	1010	Single Fam  MDL-01	1	1 Story	8	Raised Ranch	1592	2	Oil	5	Hot Water
Holden	1010	Single Fam  MDL-01	1	1 Story	8	Raised Ranch	1594	2	Oil	5	Hot Water
Holden	1010	Single Fam  MDL-01	1	1 Story	8	Raised Ranch	1600	2	Oil	5	Hot Water
Holden	1010	Single Fam  MDL-01	1	1 Story	8	Raised Ranch	1604	2	Oil	5	Hot Water
Holden	1010	Single Fam  MDL-01	1	1 Story	8	Raised Ranch	1622	3	Gas	5	Hot Water
Holden	1010	Single Fam  MDL-01	1	1 Story	8	Raised Ranch	1630	2	Oil	5	Hot Water
Holden	1010	Single Fam  MDL-01	1	1 Story	8	Raised Ranch	1635	2	Oil	5	Hot Water
Holden	1010	Single Fam  MDL-01	1	1 Story	8	Raised Ranch	1636	2	Oil	5	Hot Water
Holden	1010	Single Fam  MDL-01	1	1 Story	8	Raised Ranch	1636	3	Gas	5	Hot Water
Holden	1010	Single Fam  MDL-01	1	1 Story	8	Raised Ranch	1637	2	Oil	5	Hot Water
Holden	1010	Single Fam  MDL-01	1	1 Story	8	Raised Ranch	1637	3	Gas	5	Hot Water
Holden	1010	Single Fam  MDL-01	1	1 Story	8	Raised Ranch	1644	4	Electric	7	Radiant-Elec.
Holden	1010	Single Fam  MDL-01	1	1 Story	8	Raised Ranch	1646	4	Electric	7	Radiant-Elec.
Holden	1010	Single Fam  MDL-01	1	1 Story	8	Raised Ranch	1648	3	Gas	5	Hot Water
Holden	1010	Single Fam  MDL-01	1	1 Story	8	Raised Ranch	1656	3	Gas	5	Hot Water
Holden	1010	Single Fam  MDL-01	1	1 Story	8	Raised Ranch	1656	3	Gas	5	Hot Water
Holden	1010	Single Fam  MDL-01	1	1 Story	8	Raised Ranch	1665	2	Oil	4	Forced Air-Duc
Holden	1010	Single Fam  MDL-01	1	1 Story	8	Raised Ranch	1667	2	Oil	5	Hot Water
Holden	1010	Single Fam  MDL-01	1	1 Story	8	Raised Ranch	1668	2	Oil	5	Hot Water
Holden	1010	Single Fam  MDL-01	1	1 Story	8	Raised Ranch	1676	2	Oil	5	Hot Water
Holden	1010	Single Fam  MDL-01	1	1 Story	8	Raised Ranch	1678	3	Gas	5	Hot Water
Holden	1010	Single Fam  MDL-01	1	1 Story	8	Raised Ranch	1693	2	Oil	5	Hot Water
Holden	1010	Single Fam  MDL-01	1	1 Story	8	Raised Ranch	1700	2	Oil	5	Hot Water
Holden	1010	Single Fam  MDL-01	1	1 Story	8	Raised Ranch	1709	2	Oil	5	Hot Water
Holden	1010	Single Fam  MDL-01	1	1 Story	8	Raised Ranch	1714	2	Oil	5	Hot Water
Holden	1010	Single Fam  MDL-01	1	1 Story	8	Raised Ranch	1716	3	Gas	5	Hot Water
Holden	1010	Single Fam  MDL-01	1	1 Story	8	Raised Ranch	1716	3	Gas	5	Hot Water
Holden	1010	Single Fam  MDL-01	1	1 Story	8	Raised Ranch	1722	4	Electric	7	Radiant-Elec.
Holden	1010	Single Fam  MDL-01	1	1 Story	8	Raised Ranch	1728	2	Oil	5	Hot Water
Holden	1010	Single Fam  MDL-01	1	1 Story	8	Raised Ranch	1736	2	Oil	5	Hot Water
Holden	1010	Single Fam  MDL-01	1	1 Story	8	Raised Ranch	1738	3	Gas	5	Hot Water
Holden	1010	Single Fam  MDL-01	1	1 Story	8	Raised Ranch	1744	2	Oil	5	Hot Water
Holden	1010	Single Fam  MDL-01	1	1 Story	8	Raised Ranch	1748	2	Oil	5	Hot Water
Holden	1010	Single Fam  MDL-01	1	1 Story	8	Raised Ranch	1748	8	Wood	4	Forced Air-Duc
Holden	1010	Single Fam  MDL-01	1	1 Story	8	Raised Ranch	1752	2	Oil	4	Forced Air-Duc
Holden	1010	Single Fam  MDL-01	1	1 Story	8	Raised Ranch	1758	2	Oil	5	Hot Water
Holden	1010	Single Fam  MDL-01	1	1 Story	8	Raised Ranch	1770	2	Oil	5	Hot Water
Holden	1010	Single Fam  MDL-01	1	1 Story	8	Raised Ranch	1801	2	Oil	5	Hot Water
Holden	1010	Single Fam  MDL-01	1	1 Story	8	Raised Ranch	1804	2	Oil	5	Hot Water
Holden	1010	Single Fam  MDL-01	1	1 Story	8	Raised Ranch	1840	2	Oil	5	Hot Water
Holden	1010	Single Fam  MDL-01	1	1 Story	8	Raised Ranch	1840	3	Gas	5	Hot Water
Holden	1010	Single Fam  MDL-01	1	1 Story	8	Raised Ranch	1848	2	Oil	5	Hot Water
Holden	1010	Single Fam  MDL-01	1	1 Story	8	Raised Ranch	1855	2	Oil	5	Hot Water
Holden	1010	Single Fam  MDL-01	1	1 Story	8	Raised Ranch	1856	2	Oil	5	Hot Water
Holden	1010	Single Fam  MDL-01	1	1 Story	8	Raised Ranch	1888	3	Gas	5	Hot Water
Holden	1010	Single Fam  MDL-01	1	1 Story	8	Raised Ranch	1944	2	Oil	5	Hot Water
Holden	1010	Single Fam  MDL-01	1	1 Story	8	Raised Ranch	1984	2	Oil	5	Hot Water
Holden	1010	Single Fam  MDL-01	1	1 Story	8	Raised Ranch	1986	4	Electric	7	Radiant-Elec.
Holden	1010	Single Fam  MDL-01	1	1 Story	8	Raised Ranch	1988	3	Gas	5	Hot Water
Holden	1010	Single Fam  MDL-01	1	1 Story	8	Raised Ranch	2008	4	Electric	7	Radiant-Elec.
Holden	1010	Single Fam  MDL-01	1	1 Story	8	Raised Ranch	2046	4	Electric	7	Radiant-Elec.
Holden	1010	Single Fam  MDL-01	1	1 Story	8	Raised Ranch	2072	3	Gas	5	Hot Water
Holden	1010	Single Fam  MDL-01	1	1 Story	8	Raised Ranch	2115	3	Gas	4	Forced Air-Duc
Holden	1010	Single Fam  MDL-01	1	1 Story	8	Raised Ranch	2162	4	Electric	7	Radiant-Elec.
Holden	1010	Single Fam  MDL-01	1	1 Story	8	Raised Ranch	2176	4	Electric	7	Radiant-Elec.
Holden	1010	Single Fam  MDL-01	1	1 Story	8	Raised Ranch	2262	2	Oil	5	Hot Water
Holden	1010	Single Fam  MDL-01	1	1 Story	8	Raised Ranch	2278	2	Oil	4	Forced Air-Duc
Holden	1010	Single Fam  MDL-01	1	1 Story	8	Raised Ranch	2285	2	Oil	5	Hot Water
Holden	1010	Single Fam  MDL-01	1	1 Story	8	Raised Ranch	2295	2	Oil	5	Hot Water
Holden	1010	Single Fam  MDL-01	1	1 Story	8	Raised Ranch	2305	2	Oil	5	Hot Water
Holden	1010	Single Fam  MDL-01	1	1 Story	8	Raised Ranch	2327	2	Oil	5	Hot Water
Holden	1010	Single Fam  MDL-01	1	1 Story	8	Raised Ranch	2364	2	Oil	5	Hot Water
Holden	1010	Single Fam  MDL-01	1	1 Story	8	Raised Ranch	2396	2	Oil	4	Forced Air-Duc
Holden	1010	Single Fam  MDL-01	1	1 Story	8	Raised Ranch	2476	2	Oil	5	Hot Water
Holden	1010	Single Fam  MDL-01	1	1 Story	8	Raised Ranch	2492	2	Oil	5	Hot Water
Holden	1010	Single Fam  MDL-01	1	1 Story	8	Raised Ranch	2519	2	Oil	5	Hot Water
Holden	1010	Single Fam  MDL-01	1	1 Story	8	Raised Ranch	2684	2	Oil	5	Hot Water
Holden	1010	Single Fam  MDL-01	1	1 Story	8	Raised Ranch	2738	4	Electric	7	Radiant-Elec.
Holden	1010	Single Fam  MDL-01	1	1 Story	8	Raised Ranch	2770	3	Gas	4	Forced Air-Duc
Holden	1010	Single Fam  MDL-01	1	1 Story	36	Camp	288	1	No Central	1	None
Holden	1010	Single Fam  MDL-01	1	1 Story	36	Camp	336	3	Gas	1	None
Holden	1010	Single Fam  MDL-01	1	1 Story	36	Camp	585	1	No Central	1	None
Holden	1010	Single Fam  MDL-01	1	1 Story	36	Camp	678	1	No Central	1	None
Holden	1010	Single Fam  MDL-01	1	1 Story	36	Camp	861	1	No Central	2	Convection
Holden	1010	Single Fam  MDL-01	1	1 Story	63	Antique	789	2	Oil	5	Hot Water
Holden	1010	Single Fam  MDL-01	1	1 Story	63	Antique	832	2	Oil	5	Hot Water
Holden	1010	Single Fam  MDL-01	1	1 Story	63	Antique	1123	3	Gas	2	Convection
Holden	1010	Single Fam  MDL-01	1	1 Story	63	Antique	1275	2	Oil	5	Hot Water
Holden	1010	Single Fam  MDL-01	1	1 Story	63	Antique	1480	2	Oil	4	Forced Air-Duc
Holden	1010	Single Fam  MDL-01	1	1 Story	63	Antique	1645	2	Oil	5	Hot Water
Holden	1010	Single Fam  MDL-01	1	1 Story	63	Antique	1969	2	Oil	6	Steam
Holden	1010	Single Fam  MDL-01	1	1 Story	63	Antique	1974	3	Gas	4	Forced Air-Duc
Holden	1010	Single Fam  MDL-01	1		5	Bungalow	1279	2	Oil	5	Hot Water
Holden	1010	Single Fam  MDL-01	1.25	1 1/4 Stories	4	Cape Cod	1008	2	Oil	6	Steam
Holden	1010	Single Fam  MDL-01	1.25	1 1/4 Stories	4	Cape Cod	1386	2	Oil	5	Hot Water
Holden	1010	Single Fam  MDL-01	1.25	1 1/4 Stories	4	Cape Cod	1465	2	Oil	5	Hot Water
Holden	1010	Single Fam  MDL-01	1.25	1 1/4 Stories	4	Cape Cod	1494	3	Gas	5	Hot Water
Holden	1010	Single Fam  MDL-01	1.25	1 1/4 Stories	4	Cape Cod	1657	2	Oil	5	Hot Water
Holden	1010	Single Fam  MDL-01	1.25	1 1/4 Stories	4	Cape Cod	1755	2	Oil	5	Hot Water
Holden	1010	Single Fam  MDL-01	1.25	1 1/4 Stories	6	Conventional	2131	2	Oil	5	Hot Water
Holden	1010	Single Fam  MDL-01	1.25	1 1/4 Stories	6	Conventional	3145	2	Oil	4	Forced Air-Duc
Holden	1010	Single Fam  MDL-01	1.5		4	Cape Cod	1346	3	Gas	4	Forced Air-Duc
Holden	1010	Single Fam  MDL-01	1.5		4	Cape Cod	1866	3	Gas	4	Forced Air-Duc
Holden	1010	Single Fam  MDL-01	1.5		4	Cape Cod	2045	3	Gas	4	Forced Air-Duc
Holden	1010	Single Fam  MDL-01	1.5		4	Cape Cod	2773	3	Gas	4	Forced Air-Duc
Holden	1010	Single Fam  MDL-01	1.5		4	Cape Cod	2843	3	Gas	4	Forced Air-Duc
Holden	1010	Single Fam  MDL-01	1.5		4	Cape Cod	2871	3	Gas	4	Forced Air-Duc
Holden	1010	Single Fam  MDL-01	1.5	1 1/2 Stories	1	Ranch	2688	2	Oil	5	Hot Water
Holden	1010	Single Fam  MDL-01	1.5	1 1/2 Stories	2	Split-Level	2142	2	Oil	5	Hot Water
Holden	1010	Single Fam  MDL-01	1.5	1 1/2 Stories	2	Split-Level	2727	2	Oil	4	Forced Air-Duc
Holden	1010	Single Fam  MDL-01	1.5	1 1/2 Stories	3	Colonial	1600	2	Oil	5	Hot Water
Holden	1010	Single Fam  MDL-01	1.5	1 1/2 Stories	3	Colonial	1765	2	Oil	5	Hot Water
Holden	1010	Single Fam  MDL-01	1.5	1 1/2 Stories	3	Colonial	1944	2	Oil	4	Forced Air-Duc
Holden	1010	Single Fam  MDL-01	1.5	1 1/2 Stories	3	Colonial	2286	2	Oil	5	Hot Water
Holden	1010	Single Fam  MDL-01	1.5	1 1/2 Stories	3	Colonial	2358	2	Oil	5	Hot Water
Holden	1010	Single Fam  MDL-01	1.5	1 1/2 Stories	3	Colonial	2387	2	Oil	5	Hot Water
Holden	1010	Single Fam  MDL-01	1.5	1 1/2 Stories	3	Colonial	2590	4	Electric	7	Radiant-Elec.
Holden	1010	Single Fam  MDL-01	1.5	1 1/2 Stories	3	Colonial	3069	2	Oil	5	Hot Water
Holden	1010	Single Fam  MDL-01	1.5	1 1/2 Stories	3	Colonial	3600	2	Oil	5	Hot Water
Holden	1010	Single Fam  MDL-01	1.5	1 1/2 Stories	3	Colonial	4805	3	Gas	4	Forced Air-Duc
Holden	1010	Single Fam  MDL-01	1.5	1 1/2 Stories	4	Cape Cod	726	2	Oil	5	Hot Water
Holden	1010	Single Fam  MDL-01	1.5	1 1/2 Stories	4	Cape Cod	840	2	Oil	5	Hot Water
Holden	1010	Single Fam  MDL-01	1.5	1 1/2 Stories	4	Cape Cod	928	2	Oil	5	Hot Water
Holden	1010	Single Fam  MDL-01	1.5	1 1/2 Stories	4	Cape Cod	950	2	Oil	5	Hot Water
Holden	1010	Single Fam  MDL-01	1.5	1 1/2 Stories	4	Cape Cod	969	2	Oil	4	Forced Air-Duc
Holden	1010	Single Fam  MDL-01	1.5	1 1/2 Stories	4	Cape Cod	971	2	Oil	5	Hot Water
Holden	1010	Single Fam  MDL-01	1.5	1 1/2 Stories	4	Cape Cod	1001	2	Oil	5	Hot Water
Holden	1010	Single Fam  MDL-01	1.5	1 1/2 Stories	4	Cape Cod	1008	2	Oil	6	Steam
Holden	1010	Single Fam  MDL-01	1.5	1 1/2 Stories	4	Cape Cod	1016	2	Oil	6	Steam
Holden	1010	Single Fam  MDL-01	1.5	1 1/2 Stories	4	Cape Cod	1030	2	Oil	5	Hot Water
Holden	1010	Single Fam  MDL-01	1.5	1 1/2 Stories	4	Cape Cod	1073	2	Oil	5	Hot Water
Holden	1010	Single Fam  MDL-01	1.5	1 1/2 Stories	4	Cape Cod	1078	6	None	1	None
Holden	1010	Single Fam  MDL-01	1.5	1 1/2 Stories	4	Cape Cod	1080	2	Oil	5	Hot Water
Holden	1010	Single Fam  MDL-01	1.5	1 1/2 Stories	4	Cape Cod	1089	2	Oil	6	Steam
Holden	1010	Single Fam  MDL-01	1.5	1 1/2 Stories	4	Cape Cod	1089	3	Gas	5	Hot Water
Holden	1010	Single Fam  MDL-01	1.5	1 1/2 Stories	4	Cape Cod	1109	2	Oil	6	Steam
Holden	1010	Single Fam  MDL-01	1.5	1 1/2 Stories	4	Cape Cod	1109	2	Oil	11	Geothermal
Holden	1010	Single Fam  MDL-01	1.5	1 1/2 Stories	4	Cape Cod	1123	2	Oil	5	Hot Water
Holden	1010	Single Fam  MDL-01	1.5	1 1/2 Stories	4	Cape Cod	1171	2	Oil	5	Hot Water
Holden	1010	Single Fam  MDL-01	1.5	1 1/2 Stories	4	Cape Cod	1178	2	Oil	5	Hot Water
Holden	1010	Single Fam  MDL-01	1.5	1 1/2 Stories	4	Cape Cod	1188	2	Oil	6	Steam
Holden	1010	Single Fam  MDL-01	1.5	1 1/2 Stories	4	Cape Cod	1195	2	Oil	5	Hot Water
Holden	1010	Single Fam  MDL-01	1.5	1 1/2 Stories	4	Cape Cod	1196	2	Oil	4	Forced Air-Duc
Holden	1010	Single Fam  MDL-01	1.5	1 1/2 Stories	4	Cape Cod	1197	2	Oil	5	Hot Water
Holden	1010	Single Fam  MDL-01	1.5	1 1/2 Stories	4	Cape Cod	1203	2	Oil	4	Forced Air-Duc
Holden	1010	Single Fam  MDL-01	1.5	1 1/2 Stories	4	Cape Cod	1227	2	Oil	5	Hot Water
Holden	1010	Single Fam  MDL-01	1.5	1 1/2 Stories	4	Cape Cod	1228	2	Oil	5	Hot Water
Holden	1010	Single Fam  MDL-01	1.5	1 1/2 Stories	4	Cape Cod	1234	2	Oil	4	Forced Air-Duc
Holden	1010	Single Fam  MDL-01	1.5	1 1/2 Stories	4	Cape Cod	1243	2	Oil	5	Hot Water
Holden	1010	Single Fam  MDL-01	1.5	1 1/2 Stories	4	Cape Cod	1244	2	Oil	5	Hot Water
Holden	1010	Single Fam  MDL-01	1.5	1 1/2 Stories	4	Cape Cod	1247	2	Oil	5	Hot Water
Holden	1010	Single Fam  MDL-01	1.5	1 1/2 Stories	4	Cape Cod	1248	2	Oil	5	Hot Water
Holden	1010	Single Fam  MDL-01	1.5	1 1/2 Stories	4	Cape Cod	1248	2	Oil	6	Steam
Holden	1010	Single Fam  MDL-01	1.5	1 1/2 Stories	4	Cape Cod	1249	2	Oil	4	Forced Air-Duc
Holden	1010	Single Fam  MDL-01	1.5	1 1/2 Stories	4	Cape Cod	1256	2	Oil	5	Hot Water
Holden	1010	Single Fam  MDL-01	1.5	1 1/2 Stories	4	Cape Cod	1261	4	Electric	6	Steam
Holden	1010	Single Fam  MDL-01	1.5	1 1/2 Stories	4	Cape Cod	1267	2	Oil	4	Forced Air-Duc
Holden	1010	Single Fam  MDL-01	1.5	1 1/2 Stories	4	Cape Cod	1267	2	Oil	5	Hot Water
Holden	1010	Single Fam  MDL-01	1.5	1 1/2 Stories	4	Cape Cod	1267	2	Oil	5	Hot Water
Holden	1010	Single Fam  MDL-01	1.5	1 1/2 Stories	4	Cape Cod	1267	2	Oil	5	Hot Water
Holden	1010	Single Fam  MDL-01	1.5	1 1/2 Stories	4	Cape Cod	1267	2	Oil	6	Steam
Holden	1010	Single Fam  MDL-01	1.5	1 1/2 Stories	4	Cape Cod	1267	2	Oil	6	Steam
Holden	1010	Single Fam  MDL-01	1.5	1 1/2 Stories	4	Cape Cod	1270	2	Oil	4	Forced Air-Duc
Holden	1010	Single Fam  MDL-01	1.5	1 1/2 Stories	4	Cape Cod	1279	2	Oil	5	Hot Water
Holden	1010	Single Fam  MDL-01	1.5	1 1/2 Stories	4	Cape Cod	1282	2	Oil	5	Hot Water
Holden	1010	Single Fam  MDL-01	1.5	1 1/2 Stories	4	Cape Cod	1286	3	Gas	5	Hot Water
Holden	1010	Single Fam  MDL-01	1.5	1 1/2 Stories	4	Cape Cod	1287	2	Oil	5	Hot Water
Holden	1010	Single Fam  MDL-01	1.5	1 1/2 Stories	4	Cape Cod	1287	2	Oil	5	Hot Water
Holden	1010	Single Fam  MDL-01	1.5	1 1/2 Stories	4	Cape Cod	1295	2	Oil	6	Steam
Holden	1010	Single Fam  MDL-01	1.5	1 1/2 Stories	4	Cape Cod	1297	2	Oil	5	Hot Water
Holden	1010	Single Fam  MDL-01	1.5	1 1/2 Stories	4	Cape Cod	1297	2	Oil	5	Hot Water
Holden	1010	Single Fam  MDL-01	1.5	1 1/2 Stories	4	Cape Cod	1305	2	Oil	5	Hot Water
Holden	1010	Single Fam  MDL-01	1.5	1 1/2 Stories	4	Cape Cod	1307	2	Oil	5	Hot Water
Holden	1010	Single Fam  MDL-01	1.5	1 1/2 Stories	4	Cape Cod	1307	2	Oil	5	Hot Water
Holden	1010	Single Fam  MDL-01	1.5	1 1/2 Stories	4	Cape Cod	1308	2	Oil	4	Forced Air-Duc
Holden	1010	Single Fam  MDL-01	1.5	1 1/2 Stories	4	Cape Cod	1308	2	Oil	6	Steam
Holden	1010	Single Fam  MDL-01	1.5	1 1/2 Stories	4	Cape Cod	1310	2	Oil	4	Forced Air-Duc
Holden	1010	Single Fam  MDL-01	1.5	1 1/2 Stories	4	Cape Cod	1310	2	Oil	5	Hot Water
Holden	1010	Single Fam  MDL-01	1.5	1 1/2 Stories	4	Cape Cod	1311	2	Oil	5	Hot Water
Holden	1010	Single Fam  MDL-01	1.5	1 1/2 Stories	4	Cape Cod	1318	2	Oil	4	Forced Air-Duc
Holden	1010	Single Fam  MDL-01	1.5	1 1/2 Stories	4	Cape Cod	1318	2	Oil	5	Hot Water
Holden	1010	Single Fam  MDL-01	1.5	1 1/2 Stories	4	Cape Cod	1320	2	Oil	5	Hot Water
Holden	1010	Single Fam  MDL-01	1.5	1 1/2 Stories	4	Cape Cod	1320	3	Gas	5	Hot Water
Holden	1010	Single Fam  MDL-01	1.5	1 1/2 Stories	4	Cape Cod	1320	3	Gas	5	Hot Water
Holden	1010	Single Fam  MDL-01	1.5	1 1/2 Stories	4	Cape Cod	1321	2	Oil	5	Hot Water
Holden	1010	Single Fam  MDL-01	1.5	1 1/2 Stories	4	Cape Cod	1325	3	Gas	5	Hot Water
Holden	1010	Single Fam  MDL-01	1.5	1 1/2 Stories	4	Cape Cod	1326	2	Oil	5	Hot Water
Holden	1010	Single Fam  MDL-01	1.5	1 1/2 Stories	4	Cape Cod	1328	2	Oil	4	Forced Air-Duc
Holden	1010	Single Fam  MDL-01	1.5	1 1/2 Stories	4	Cape Cod	1346	2	Oil	4	Forced Air-Duc
Holden	1010	Single Fam  MDL-01	1.5	1 1/2 Stories	4	Cape Cod	1346	2	Oil	5	Hot Water
Holden	1010	Single Fam  MDL-01	1.5	1 1/2 Stories	4	Cape Cod	1346	2	Oil	5	Hot Water
Holden	1010	Single Fam  MDL-01	1.5	1 1/2 Stories	4	Cape Cod	1346	2	Oil	5	Hot Water
Holden	1010	Single Fam  MDL-01	1.5	1 1/2 Stories	4	Cape Cod	1346	2	Oil	5	Hot Water
Holden	1010	Single Fam  MDL-01	1.5	1 1/2 Stories	4	Cape Cod	1346	7	Propane	5	Hot Water
Holden	1010	Single Fam  MDL-01	1.5	1 1/2 Stories	4	Cape Cod	1349	2	Oil	5	Hot Water
Holden	1010	Single Fam  MDL-01	1.5	1 1/2 Stories	4	Cape Cod	1350	2	Oil	5	Hot Water
Holden	1010	Single Fam  MDL-01	1.5	1 1/2 Stories	4	Cape Cod	1352	2	Oil	5	Hot Water
Holden	1010	Single Fam  MDL-01	1.5	1 1/2 Stories	4	Cape Cod	1353	2	Oil	5	Hot Water
Holden	1010	Single Fam  MDL-01	1.5	1 1/2 Stories	4	Cape Cod	1355	2	Oil	4	Forced Air-Duc
Holden	1010	Single Fam  MDL-01	1.5	1 1/2 Stories	4	Cape Cod	1355	4	Electric	7	Radiant-Elec.
Holden	1010	Single Fam  MDL-01	1.5	1 1/2 Stories	4	Cape Cod	1361	2	Oil	4	Forced Air-Duc
Holden	1010	Single Fam  MDL-01	1.5	1 1/2 Stories	4	Cape Cod	1361	2	Oil	5	Hot Water
Holden	1010	Single Fam  MDL-01	1.5	1 1/2 Stories	4	Cape Cod	1362	2	Oil	5	Hot Water
Holden	1010	Single Fam  MDL-01	1.5	1 1/2 Stories	4	Cape Cod	1364	2	Oil	5	Hot Water
Holden	1010	Single Fam  MDL-01	1.5	1 1/2 Stories	4	Cape Cod	1368	2	Oil	5	Hot Water
Holden	1010	Single Fam  MDL-01	1.5	1 1/2 Stories	4	Cape Cod	1372	2	Oil	5	Hot Water
Holden	1010	Single Fam  MDL-01	1.5	1 1/2 Stories	4	Cape Cod	1373	2	Oil	4	Forced Air-Duc
Holden	1010	Single Fam  MDL-01	1.5	1 1/2 Stories	4	Cape Cod	1373	2	Oil	5	Hot Water
Holden	1010	Single Fam  MDL-01	1.5	1 1/2 Stories	4	Cape Cod	1373	2	Oil	5	Hot Water
Holden	1010	Single Fam  MDL-01	1.5	1 1/2 Stories	4	Cape Cod	1373	2	Oil	5	Hot Water
Holden	1010	Single Fam  MDL-01	1.5	1 1/2 Stories	4	Cape Cod	1373	2	Oil	5	Hot Water
Holden	1010	Single Fam  MDL-01	1.5	1 1/2 Stories	4	Cape Cod	1373	2	Oil	5	Hot Water
Holden	1010	Single Fam  MDL-01	1.5	1 1/2 Stories	4	Cape Cod	1373	2	Oil	5	Hot Water
Holden	1010	Single Fam  MDL-01	1.5	1 1/2 Stories	4	Cape Cod	1373	2	Oil	6	Steam
Holden	1010	Single Fam  MDL-01	1.5	1 1/2 Stories	4	Cape Cod	1375	2	Oil	5	Hot Water
Holden	1010	Single Fam  MDL-01	1.5	1 1/2 Stories	4	Cape Cod	1377	2	Oil	4	Forced Air-Duc
Holden	1010	Single Fam  MDL-01	1.5	1 1/2 Stories	4	Cape Cod	1379	2	Oil	5	Hot Water
Holden	1010	Single Fam  MDL-01	1.5	1 1/2 Stories	4	Cape Cod	1381	2	Oil	4	Forced Air-Duc
Holden	1010	Single Fam  MDL-01	1.5	1 1/2 Stories	4	Cape Cod	1381	2	Oil	5	Hot Water
Holden	1010	Single Fam  MDL-01	1.5	1 1/2 Stories	4	Cape Cod	1381	2	Oil	5	Hot Water
Holden	1010	Single Fam  MDL-01	1.5	1 1/2 Stories	4	Cape Cod	1386	2	Oil	5	Hot Water
Holden	1010	Single Fam  MDL-01	1.5	1 1/2 Stories	4	Cape Cod	1386	2	Oil	5	Hot Water
Holden	1010	Single Fam  MDL-01	1.5	1 1/2 Stories	4	Cape Cod	1386	2	Oil	5	Hot Water
Holden	1010	Single Fam  MDL-01	1.5	1 1/2 Stories	4	Cape Cod	1387	2	Oil	5	Hot Water
Holden	1010	Single Fam  MDL-01	1.5	1 1/2 Stories	4	Cape Cod	1387	2	Oil	5	Hot Water
Holden	1010	Single Fam  MDL-01	1.5	1 1/2 Stories	4	Cape Cod	1387	2	Oil	5	Hot Water
Holden	1010	Single Fam  MDL-01	1.5	1 1/2 Stories	4	Cape Cod	1389	2	Oil	5	Hot Water
Holden	1010	Single Fam  MDL-01	1.5	1 1/2 Stories	4	Cape Cod	1389	2	Oil	6	Steam
Holden	1010	Single Fam  MDL-01	1.5	1 1/2 Stories	4	Cape Cod	1399	2	Oil	5	Hot Water
Holden	1010	Single Fam  MDL-01	1.5	1 1/2 Stories	4	Cape Cod	1402	2	Oil	5	Hot Water
Holden	1010	Single Fam  MDL-01	1.5	1 1/2 Stories	4	Cape Cod	1402	2	Oil	5	Hot Water
Holden	1010	Single Fam  MDL-01	1.5	1 1/2 Stories	4	Cape Cod	1403	2	Oil	5	Hot Water
Holden	1010	Single Fam  MDL-01	1.5	1 1/2 Stories	4	Cape Cod	1403	2	Oil	5	Hot Water
Holden	1010	Single Fam  MDL-01	1.5	1 1/2 Stories	4	Cape Cod	1406	2	Oil	5	Hot Water
Holden	1010	Single Fam  MDL-01	1.5	1 1/2 Stories	4	Cape Cod	1416	2	Oil	5	Hot Water
Holden	1010	Single Fam  MDL-01	1.5	1 1/2 Stories	4	Cape Cod	1416	2	Oil	5	Hot Water
Holden	1010	Single Fam  MDL-01	1.5	1 1/2 Stories	4	Cape Cod	1416	3	Gas	4	Forced Air-Duc
Holden	1010	Single Fam  MDL-01	1.5	1 1/2 Stories	4	Cape Cod	1418	2	Oil	5	Hot Water
Holden	1010	Single Fam  MDL-01	1.5	1 1/2 Stories	4	Cape Cod	1418	2	Oil	5	Hot Water
Holden	1010	Single Fam  MDL-01	1.5	1 1/2 Stories	4	Cape Cod	1423	2	Oil	7	Radiant-Elec.
Holden	1010	Single Fam  MDL-01	1.5	1 1/2 Stories	4	Cape Cod	1424	3	Gas	5	Hot Water
Holden	1010	Single Fam  MDL-01	1.5	1 1/2 Stories	4	Cape Cod	1426	2	Oil	5	Hot Water
Holden	1010	Single Fam  MDL-01	1.5	1 1/2 Stories	4	Cape Cod	1426	2	Oil	5	Hot Water
Holden	1010	Single Fam  MDL-01	1.5	1 1/2 Stories	4	Cape Cod	1426	2	Oil	5	Hot Water
Holden	1010	Single Fam  MDL-01	1.5	1 1/2 Stories	4	Cape Cod	1426	2	Oil	5	Hot Water
Holden	1010	Single Fam  MDL-01	1.5	1 1/2 Stories	4	Cape Cod	1426	2	Oil	5	Hot Water
Holden	1010	Single Fam  MDL-01	1.5	1 1/2 Stories	4	Cape Cod	1426	2	Oil	5	Hot Water
Holden	1010	Single Fam  MDL-01	1.5	1 1/2 Stories	4	Cape Cod	1429	2	Oil	5	Hot Water
Holden	1010	Single Fam  MDL-01	1.5	1 1/2 Stories	4	Cape Cod	1435	2	Oil	5	Hot Water
Holden	1010	Single Fam  MDL-01	1.5	1 1/2 Stories	4	Cape Cod	1436	2	Oil	6	Steam
Holden	1010	Single Fam  MDL-01	1.5	1 1/2 Stories	4	Cape Cod	1437	3	Gas	6	Steam
Holden	1010	Single Fam  MDL-01	1.5	1 1/2 Stories	4	Cape Cod	1438	2	Oil	5	Hot Water
Holden	1010	Single Fam  MDL-01	1.5	1 1/2 Stories	4	Cape Cod	1442	2	Oil	6	Steam
Holden	1010	Single Fam  MDL-01	1.5	1 1/2 Stories	4	Cape Cod	1444	2	Oil	5	Hot Water
Holden	1010	Single Fam  MDL-01	1.5	1 1/2 Stories	4	Cape Cod	1446	2	Oil	5	Hot Water
Holden	1010	Single Fam  MDL-01	1.5	1 1/2 Stories	4	Cape Cod	1459	4	Electric	7	Radiant-Elec.
Holden	1010	Single Fam  MDL-01	1.5	1 1/2 Stories	4	Cape Cod	1459	4	Electric	7	Radiant-Elec.
Holden	1010	Single Fam  MDL-01	1.5	1 1/2 Stories	4	Cape Cod	1468	2	Oil	5	Hot Water
Holden	1010	Single Fam  MDL-01	1.5	1 1/2 Stories	4	Cape Cod	1469	2	Oil	5	Hot Water
Holden	1010	Single Fam  MDL-01	1.5	1 1/2 Stories	4	Cape Cod	1469	2	Oil	5	Hot Water
Holden	1010	Single Fam  MDL-01	1.5	1 1/2 Stories	4	Cape Cod	1469	3	Gas	4	Forced Air-Duc
Holden	1010	Single Fam  MDL-01	1.5	1 1/2 Stories	4	Cape Cod	1470	2	Oil	5	Hot Water
Holden	1010	Single Fam  MDL-01	1.5	1 1/2 Stories	4	Cape Cod	1473	2	Oil	5	Hot Water
Holden	1010	Single Fam  MDL-01	1.5	1 1/2 Stories	4	Cape Cod	1474	2	Oil	4	Forced Air-Duc
Holden	1010	Single Fam  MDL-01	1.5	1 1/2 Stories	4	Cape Cod	1478	2	Oil	4	Forced Air-Duc
Holden	1010	Single Fam  MDL-01	1.5	1 1/2 Stories	4	Cape Cod	1478	2	Oil	4	Forced Air-Duc
Holden	1010	Single Fam  MDL-01	1.5	1 1/2 Stories	4	Cape Cod	1478	2	Oil	5	Hot Water
Holden	1010	Single Fam  MDL-01	1.5	1 1/2 Stories	4	Cape Cod	1479	2	Oil	5	Hot Water
Holden	1010	Single Fam  MDL-01	1.5	1 1/2 Stories	4	Cape Cod	1480	2	Oil	4	Forced Air-Duc
Holden	1010	Single Fam  MDL-01	1.5	1 1/2 Stories	4	Cape Cod	1480	2	Oil	6	Steam
Holden	1010	Single Fam  MDL-01	1.5	1 1/2 Stories	4	Cape Cod	1485	2	Oil	4	Forced Air-Duc
Holden	1010	Single Fam  MDL-01	1.5	1 1/2 Stories	4	Cape Cod	1485	2	Oil	4	Forced Air-Duc
Holden	1010	Single Fam  MDL-01	1.5	1 1/2 Stories	4	Cape Cod	1485	2	Oil	5	Hot Water
Holden	1010	Single Fam  MDL-01	1.5	1 1/2 Stories	4	Cape Cod	1485	2	Oil	5	Hot Water
Holden	1010	Single Fam  MDL-01	1.5	1 1/2 Stories	4	Cape Cod	1485	2	Oil	5	Hot Water
Holden	1010	Single Fam  MDL-01	1.5	1 1/2 Stories	4	Cape Cod	1485	2	Oil	5	Hot Water
Holden	1010	Single Fam  MDL-01	1.5	1 1/2 Stories	4	Cape Cod	1485	2	Oil	5	Hot Water
Holden	1010	Single Fam  MDL-01	1.5	1 1/2 Stories	4	Cape Cod	1485	2	Oil	5	Hot Water
Holden	1010	Single Fam  MDL-01	1.5	1 1/2 Stories	4	Cape Cod	1485	2	Oil	5	Hot Water
Holden	1010	Single Fam  MDL-01	1.5	1 1/2 Stories	4	Cape Cod	1485	4	Electric	7	Radiant-Elec.
Holden	1010	Single Fam  MDL-01	1.5	1 1/2 Stories	4	Cape Cod	1491	2	Oil	6	Steam
Holden	1010	Single Fam  MDL-01	1.5	1 1/2 Stories	4	Cape Cod	1491	4	Electric	7	Radiant-Elec.
Holden	1010	Single Fam  MDL-01	1.5	1 1/2 Stories	4	Cape Cod	1498	2	Oil	6	Steam
Holden	1010	Single Fam  MDL-01	1.5	1 1/2 Stories	4	Cape Cod	1499	2	Oil	5	Hot Water
Holden	1010	Single Fam  MDL-01	1.5	1 1/2 Stories	4	Cape Cod	1499	2	Oil	5	Hot Water
Holden	1010	Single Fam  MDL-01	1.5	1 1/2 Stories	4	Cape Cod	1499	2	Oil	5	Hot Water
Holden	1010	Single Fam  MDL-01	1.5	1 1/2 Stories	4	Cape Cod	1502	2	Oil	5	Hot Water
Holden	1010	Single Fam  MDL-01	1.5	1 1/2 Stories	4	Cape Cod	1502	2	Oil	6	Steam
Holden	1010	Single Fam  MDL-01	1.5	1 1/2 Stories	4	Cape Cod	1506	2	Oil	5	Hot Water
Holden	1010	Single Fam  MDL-01	1.5	1 1/2 Stories	4	Cape Cod	1510	2	Oil	5	Hot Water
Holden	1010	Single Fam  MDL-01	1.5	1 1/2 Stories	4	Cape Cod	1514	2	Oil	5	Hot Water
Holden	1010	Single Fam  MDL-01	1.5	1 1/2 Stories	4	Cape Cod	1517	2	Oil	5	Hot Water
Holden	1010	Single Fam  MDL-01	1.5	1 1/2 Stories	4	Cape Cod	1517	2	Oil	5	Hot Water
Holden	1010	Single Fam  MDL-01	1.5	1 1/2 Stories	4	Cape Cod	1517	2	Oil	5	Hot Water
Holden	1010	Single Fam  MDL-01	1.5	1 1/2 Stories	4	Cape Cod	1520	2	Oil	5	Hot Water
Holden	1010	Single Fam  MDL-01	1.5	1 1/2 Stories	4	Cape Cod	1523	2	Oil	5	Hot Water
Holden	1010	Single Fam  MDL-01	1.5	1 1/2 Stories	4	Cape Cod	1525	3	Gas	5	Hot Water
Holden	1010	Single Fam  MDL-01	1.5	1 1/2 Stories	4	Cape Cod	1525	4	Electric	3	Hot Air-no Duc
Holden	1010	Single Fam  MDL-01	1.5	1 1/2 Stories	4	Cape Cod	1526	2	Oil	5	Hot Water
Holden	1010	Single Fam  MDL-01	1.5	1 1/2 Stories	4	Cape Cod	1527	2	Oil	5	Hot Water
Holden	1010	Single Fam  MDL-01	1.5	1 1/2 Stories	4	Cape Cod	1529	2	Oil	5	Hot Water
Holden	1010	Single Fam  MDL-01	1.5	1 1/2 Stories	4	Cape Cod	1531	2	Oil	5	Hot Water
Holden	1010	Single Fam  MDL-01	1.5	1 1/2 Stories	4	Cape Cod	1532	2	Oil	5	Hot Water
Holden	1010	Single Fam  MDL-01	1.5	1 1/2 Stories	4	Cape Cod	1533	2	Oil	5	Hot Water
Holden	1010	Single Fam  MDL-01	1.5	1 1/2 Stories	4	Cape Cod	1544	2	Oil	4	Forced Air-Duc
Holden	1010	Single Fam  MDL-01	1.5	1 1/2 Stories	4	Cape Cod	1544	2	Oil	5	Hot Water
Holden	1010	Single Fam  MDL-01	1.5	1 1/2 Stories	4	Cape Cod	1544	2	Oil	5	Hot Water
Holden	1010	Single Fam  MDL-01	1.5	1 1/2 Stories	4	Cape Cod	1544	2	Oil	5	Hot Water
Holden	1010	Single Fam  MDL-01	1.5	1 1/2 Stories	4	Cape Cod	1544	2	Oil	5	Hot Water
Holden	1010	Single Fam  MDL-01	1.5	1 1/2 Stories	4	Cape Cod	1544	2	Oil	5	Hot Water
Holden	1010	Single Fam  MDL-01	1.5	1 1/2 Stories	4	Cape Cod	1544	2	Oil	5	Hot Water
Holden	1010	Single Fam  MDL-01	1.5	1 1/2 Stories	4	Cape Cod	1544	2	Oil	5	Hot Water
Holden	1010	Single Fam  MDL-01	1.5	1 1/2 Stories	4	Cape Cod	1544	2	Oil	5	Hot Water
Holden	1010	Single Fam  MDL-01	1.5	1 1/2 Stories	4	Cape Cod	1544	2	Oil	5	Hot Water
Holden	1010	Single Fam  MDL-01	1.5	1 1/2 Stories	4	Cape Cod	1544	2	Oil	5	Hot Water
Holden	1010	Single Fam  MDL-01	1.5	1 1/2 Stories	4	Cape Cod	1544	2	Oil	5	Hot Water
Holden	1010	Single Fam  MDL-01	1.5	1 1/2 Stories	4	Cape Cod	1544	2	Oil	5	Hot Water
Holden	1010	Single Fam  MDL-01	1.5	1 1/2 Stories	4	Cape Cod	1544	2	Oil	5	Hot Water
Holden	1010	Single Fam  MDL-01	1.5	1 1/2 Stories	4	Cape Cod	1544	2	Oil	5	Hot Water
Holden	1010	Single Fam  MDL-01	1.5	1 1/2 Stories	4	Cape Cod	1544	2	Oil	5	Hot Water
Holden	1010	Single Fam  MDL-01	1.5	1 1/2 Stories	4	Cape Cod	1544	2	Oil	5	Hot Water
Holden	1010	Single Fam  MDL-01	1.5	1 1/2 Stories	4	Cape Cod	1544	2	Oil	5	Hot Water
Holden	1010	Single Fam  MDL-01	1.5	1 1/2 Stories	4	Cape Cod	1544	2	Oil	5	Hot Water
Holden	1010	Single Fam  MDL-01	1.5	1 1/2 Stories	4	Cape Cod	1544	2	Oil	5	Hot Water
Holden	1010	Single Fam  MDL-01	1.5	1 1/2 Stories	4	Cape Cod	1544	2	Oil	6	Steam
Holden	1010	Single Fam  MDL-01	1.5	1 1/2 Stories	4	Cape Cod	1545	2	Oil	5	Hot Water
Holden	1010	Single Fam  MDL-01	1.5	1 1/2 Stories	4	Cape Cod	1546	2	Oil	5	Hot Water
Holden	1010	Single Fam  MDL-01	1.5	1 1/2 Stories	4	Cape Cod	1547	2	Oil	5	Hot Water
Holden	1010	Single Fam  MDL-01	1.5	1 1/2 Stories	4	Cape Cod	1549	2	Oil	5	Hot Water
Holden	1010	Single Fam  MDL-01	1.5	1 1/2 Stories	4	Cape Cod	1550	4	Electric	7	Radiant-Elec.
Holden	1010	Single Fam  MDL-01	1.5	1 1/2 Stories	4	Cape Cod	1552	2	Oil	5	Hot Water
Holden	1010	Single Fam  MDL-01	1.5	1 1/2 Stories	4	Cape Cod	1555	2	Oil	6	Steam
Holden	1010	Single Fam  MDL-01	1.5	1 1/2 Stories	4	Cape Cod	1557	2	Oil	5	Hot Water
Holden	1010	Single Fam  MDL-01	1.5	1 1/2 Stories	4	Cape Cod	1558	2	Oil	5	Hot Water
Holden	1010	Single Fam  MDL-01	1.5	1 1/2 Stories	4	Cape Cod	1559	2	Oil	5	Hot Water
Holden	1010	Single Fam  MDL-01	1.5	1 1/2 Stories	4	Cape Cod	1561	2	Oil	5	Hot Water
Holden	1010	Single Fam  MDL-01	1.5	1 1/2 Stories	4	Cape Cod	1562	2	Oil	5	Hot Water
Holden	1010	Single Fam  MDL-01	1.5	1 1/2 Stories	4	Cape Cod	1562	2	Oil	6	Steam
Holden	1010	Single Fam  MDL-01	1.5	1 1/2 Stories	4	Cape Cod	1565	4	Electric	7	Radiant-Elec.
Holden	1010	Single Fam  MDL-01	1.5	1 1/2 Stories	4	Cape Cod	1566	2	Oil	5	Hot Water
Holden	1010	Single Fam  MDL-01	1.5	1 1/2 Stories	4	Cape Cod	1571	2	Oil	5	Hot Water
Holden	1010	Single Fam  MDL-01	1.5	1 1/2 Stories	4	Cape Cod	1571	2	Oil	5	Hot Water
Holden	1010	Single Fam  MDL-01	1.5	1 1/2 Stories	4	Cape Cod	1571	2	Oil	5	Hot Water
Holden	1010	Single Fam  MDL-01	1.5	1 1/2 Stories	4	Cape Cod	1571	2	Oil	6	Steam
Holden	1010	Single Fam  MDL-01	1.5	1 1/2 Stories	4	Cape Cod	1573	2	Oil	6	Steam
Holden	1010	Single Fam  MDL-01	1.5	1 1/2 Stories	4	Cape Cod	1574	2	Oil	4	Forced Air-Duc
Holden	1010	Single Fam  MDL-01	1.5	1 1/2 Stories	4	Cape Cod	1576	2	Oil	8	Radiant-Water
Holden	1010	Single Fam  MDL-01	1.5	1 1/2 Stories	4	Cape Cod	1578	2	Oil	5	Hot Water
Holden	1010	Single Fam  MDL-01	1.5	1 1/2 Stories	4	Cape Cod	1582	2	Oil	5	Hot Water
Holden	1010	Single Fam  MDL-01	1.5	1 1/2 Stories	4	Cape Cod	1582	2	Oil	5	Hot Water
Holden	1010	Single Fam  MDL-01	1.5	1 1/2 Stories	4	Cape Cod	1583	2	Oil	5	Hot Water
Holden	1010	Single Fam  MDL-01	1.5	1 1/2 Stories	4	Cape Cod	1583	2	Oil	5	Hot Water
Holden	1010	Single Fam  MDL-01	1.5	1 1/2 Stories	4	Cape Cod	1583	2	Oil	5	Hot Water
Holden	1010	Single Fam  MDL-01	1.5	1 1/2 Stories	4	Cape Cod	1584	2	Oil	5	Hot Water
Holden	1010	Single Fam  MDL-01	1.5	1 1/2 Stories	4	Cape Cod	1584	2	Oil	5	Hot Water
Holden	1010	Single Fam  MDL-01	1.5	1 1/2 Stories	4	Cape Cod	1584	2	Oil	5	Hot Water
Holden	1010	Single Fam  MDL-01	1.5	1 1/2 Stories	4	Cape Cod	1584	2	Oil	5	Hot Water
Holden	1010	Single Fam  MDL-01	1.5	1 1/2 Stories	4	Cape Cod	1586	2	Oil	5	Hot Water
Holden	1010	Single Fam  MDL-01	1.5	1 1/2 Stories	4	Cape Cod	1592	2	Oil	5	Hot Water
Holden	1010	Single Fam  MDL-01	1.5	1 1/2 Stories	4	Cape Cod	1596	2	Oil	5	Hot Water
Holden	1010	Single Fam  MDL-01	1.5	1 1/2 Stories	4	Cape Cod	1596	2	Oil	5	Hot Water
Holden	1010	Single Fam  MDL-01	1.5	1 1/2 Stories	4	Cape Cod	1597	2	Oil	5	Hot Water
Holden	1010	Single Fam  MDL-01	1.5	1 1/2 Stories	4	Cape Cod	1600	2	Oil	5	Hot Water
Holden	1010	Single Fam  MDL-01	1.5	1 1/2 Stories	4	Cape Cod	1600	2	Oil	5	Hot Water
Holden	1010	Single Fam  MDL-01	1.5	1 1/2 Stories	4	Cape Cod	1602	2	Oil	5	Hot Water
Holden	1010	Single Fam  MDL-01	1.5	1 1/2 Stories	4	Cape Cod	1604	2	Oil	5	Hot Water
Holden	1010	Single Fam  MDL-01	1.5	1 1/2 Stories	4	Cape Cod	1604	2	Oil	5	Hot Water
Holden	1010	Single Fam  MDL-01	1.5	1 1/2 Stories	4	Cape Cod	1608	2	Oil	5	Hot Water
Holden	1010	Single Fam  MDL-01	1.5	1 1/2 Stories	4	Cape Cod	1610	3	Gas	5	Hot Water
Holden	1010	Single Fam  MDL-01	1.5	1 1/2 Stories	4	Cape Cod	1610	3	Gas	8	Radiant-Water
Holden	1010	Single Fam  MDL-01	1.5	1 1/2 Stories	4	Cape Cod	1612	2	Oil	5	Hot Water
Holden	1010	Single Fam  MDL-01	1.5	1 1/2 Stories	4	Cape Cod	1612	3	Gas	5	Hot Water
Holden	1010	Single Fam  MDL-01	1.5	1 1/2 Stories	4	Cape Cod	1615	2	Oil	5	Hot Water
Holden	1010	Single Fam  MDL-01	1.5	1 1/2 Stories	4	Cape Cod	1615	2	Oil	5	Hot Water
Holden	1010	Single Fam  MDL-01	1.5	1 1/2 Stories	4	Cape Cod	1615	2	Oil	5	Hot Water
Holden	1010	Single Fam  MDL-01	1.5	1 1/2 Stories	4	Cape Cod	1616	2	Oil	5	Hot Water
Holden	1010	Single Fam  MDL-01	1.5	1 1/2 Stories	4	Cape Cod	1618	2	Oil	4	Forced Air-Duc
Holden	1010	Single Fam  MDL-01	1.5	1 1/2 Stories	4	Cape Cod	1618	2	Oil	5	Hot Water
Holden	1010	Single Fam  MDL-01	1.5	1 1/2 Stories	4	Cape Cod	1618	2	Oil	6	Steam
Holden	1010	Single Fam  MDL-01	1.5	1 1/2 Stories	4	Cape Cod	1619	2	Oil	4	Forced Air-Duc
Holden	1010	Single Fam  MDL-01	1.5	1 1/2 Stories	4	Cape Cod	1622	4	Electric	7	Radiant-Elec.
Holden	1010	Single Fam  MDL-01	1.5	1 1/2 Stories	4	Cape Cod	1623	2	Oil	5	Hot Water
Holden	1010	Single Fam  MDL-01	1.5	1 1/2 Stories	4	Cape Cod	1623	2	Oil	6	Steam
Holden	1010	Single Fam  MDL-01	1.5	1 1/2 Stories	4	Cape Cod	1624	2	Oil	4	Forced Air-Duc
Holden	1010	Single Fam  MDL-01	1.5	1 1/2 Stories	4	Cape Cod	1627	2	Oil	5	Hot Water
Holden	1010	Single Fam  MDL-01	1.5	1 1/2 Stories	4	Cape Cod	1628	2	Oil	5	Hot Water
Holden	1010	Single Fam  MDL-01	1.5	1 1/2 Stories	4	Cape Cod	1628	2	Oil	5	Hot Water
Holden	1010	Single Fam  MDL-01	1.5	1 1/2 Stories	4	Cape Cod	1628	4	Electric	7	Radiant-Elec.
Holden	1010	Single Fam  MDL-01	1.5	1 1/2 Stories	4	Cape Cod	1629	2	Oil	5	Hot Water
Holden	1010	Single Fam  MDL-01	1.5	1 1/2 Stories	4	Cape Cod	1629	2	Oil	5	Hot Water
Holden	1010	Single Fam  MDL-01	1.5	1 1/2 Stories	4	Cape Cod	1630	2	Oil	5	Hot Water
Holden	1010	Single Fam  MDL-01	1.5	1 1/2 Stories	4	Cape Cod	1630	2	Oil	5	Hot Water
Holden	1010	Single Fam  MDL-01	1.5	1 1/2 Stories	4	Cape Cod	1630	2	Oil	5	Hot Water
Holden	1010	Single Fam  MDL-01	1.5	1 1/2 Stories	4	Cape Cod	1630	2	Oil	5	Hot Water
Holden	1010	Single Fam  MDL-01	1.5	1 1/2 Stories	4	Cape Cod	1630	2	Oil	5	Hot Water
Holden	1010	Single Fam  MDL-01	1.5	1 1/2 Stories	4	Cape Cod	1630	3	Gas	5	Hot Water
Holden	1010	Single Fam  MDL-01	1.5	1 1/2 Stories	4	Cape Cod	1635	2	Oil	4	Forced Air-Duc
Holden	1010	Single Fam  MDL-01	1.5	1 1/2 Stories	4	Cape Cod	1635	2	Oil	5	Hot Water
Holden	1010	Single Fam  MDL-01	1.5	1 1/2 Stories	4	Cape Cod	1637	2	Oil	5	Hot Water
Holden	1010	Single Fam  MDL-01	1.5	1 1/2 Stories	4	Cape Cod	1638	2	Oil	5	Hot Water
Holden	1010	Single Fam  MDL-01	1.5	1 1/2 Stories	4	Cape Cod	1648	2	Oil	4	Forced Air-Duc
Holden	1010	Single Fam  MDL-01	1.5	1 1/2 Stories	4	Cape Cod	1650	2	Oil	5	Hot Water
Holden	1010	Single Fam  MDL-01	1.5	1 1/2 Stories	4	Cape Cod	1651	2	Oil	4	Forced Air-Duc
Holden	1010	Single Fam  MDL-01	1.5	1 1/2 Stories	4	Cape Cod	1651	2	Oil	5	Hot Water
Holden	1010	Single Fam  MDL-01	1.5	1 1/2 Stories	4	Cape Cod	1652	2	Oil	4	Forced Air-Duc
Holden	1010	Single Fam  MDL-01	1.5	1 1/2 Stories	4	Cape Cod	1652	2	Oil	5	Hot Water
Holden	1010	Single Fam  MDL-01	1.5	1 1/2 Stories	4	Cape Cod	1656	2	Oil	5	Hot Water
Holden	1010	Single Fam  MDL-01	1.5	1 1/2 Stories	4	Cape Cod	1657	2	Oil	5	Hot Water
Holden	1010	Single Fam  MDL-01	1.5	1 1/2 Stories	4	Cape Cod	1658	2	Oil	5	Hot Water
Holden	1010	Single Fam  MDL-01	1.5	1 1/2 Stories	4	Cape Cod	1660	2	Oil	5	Hot Water
Holden	1010	Single Fam  MDL-01	1.5	1 1/2 Stories	4	Cape Cod	1663	2	Oil	5	Hot Water
Holden	1010	Single Fam  MDL-01	1.5	1 1/2 Stories	4	Cape Cod	1663	2	Oil	5	Hot Water
Holden	1010	Single Fam  MDL-01	1.5	1 1/2 Stories	4	Cape Cod	1663	2	Oil	5	Hot Water
Holden	1010	Single Fam  MDL-01	1.5	1 1/2 Stories	4	Cape Cod	1663	2	Oil	5	Hot Water
Holden	1010	Single Fam  MDL-01	1.5	1 1/2 Stories	4	Cape Cod	1663	2	Oil	5	Hot Water
Holden	1010	Single Fam  MDL-01	1.5	1 1/2 Stories	4	Cape Cod	1663	2	Oil	5	Hot Water
Holden	1010	Single Fam  MDL-01	1.5	1 1/2 Stories	4	Cape Cod	1663	2	Oil	5	Hot Water
Holden	1010	Single Fam  MDL-01	1.5	1 1/2 Stories	4	Cape Cod	1663	2	Oil	5	Hot Water
Holden	1010	Single Fam  MDL-01	1.5	1 1/2 Stories	4	Cape Cod	1664	3	Gas	5	Hot Water
Holden	1010	Single Fam  MDL-01	1.5	1 1/2 Stories	4	Cape Cod	1666	2	Oil	5	Hot Water
Holden	1010	Single Fam  MDL-01	1.5	1 1/2 Stories	4	Cape Cod	1666	2	Oil	5	Hot Water
Holden	1010	Single Fam  MDL-01	1.5	1 1/2 Stories	4	Cape Cod	1667	3	Gas	5	Hot Water
Holden	1010	Single Fam  MDL-01	1.5	1 1/2 Stories	4	Cape Cod	1670	2	Oil	6	Steam
Holden	1010	Single Fam  MDL-01	1.5	1 1/2 Stories	4	Cape Cod	1672	2	Oil	5	Hot Water
Holden	1010	Single Fam  MDL-01	1.5	1 1/2 Stories	4	Cape Cod	1672	2	Oil	5	Hot Water
Holden	1010	Single Fam  MDL-01	1.5	1 1/2 Stories	4	Cape Cod	1673	2	Oil	5	Hot Water
Holden	1010	Single Fam  MDL-01	1.5	1 1/2 Stories	4	Cape Cod	1674	2	Oil	5	Hot Water
Holden	1010	Single Fam  MDL-01	1.5	1 1/2 Stories	4	Cape Cod	1674	2	Oil	5	Hot Water
Holden	1010	Single Fam  MDL-01	1.5	1 1/2 Stories	4	Cape Cod	1674	4	Electric	7	Radiant-Elec.
Holden	1010	Single Fam  MDL-01	1.5	1 1/2 Stories	4	Cape Cod	1681	2	Oil	5	Hot Water
Holden	1010	Single Fam  MDL-01	1.5	1 1/2 Stories	4	Cape Cod	1682	2	Oil	5	Hot Water
Holden	1010	Single Fam  MDL-01	1.5	1 1/2 Stories	4	Cape Cod	1683	2	Oil	5	Hot Water
Holden	1010	Single Fam  MDL-01	1.5	1 1/2 Stories	4	Cape Cod	1684	2	Oil	5	Hot Water
Holden	1010	Single Fam  MDL-01	1.5	1 1/2 Stories	4	Cape Cod	1685	2	Oil	5	Hot Water
Holden	1010	Single Fam  MDL-01	1.5	1 1/2 Stories	4	Cape Cod	1685	2	Oil	5	Hot Water
Holden	1010	Single Fam  MDL-01	1.5	1 1/2 Stories	4	Cape Cod	1688	2	Oil	5	Hot Water
Holden	1010	Single Fam  MDL-01	1.5	1 1/2 Stories	4	Cape Cod	1688	2	Oil	5	Hot Water
Holden	1010	Single Fam  MDL-01	1.5	1 1/2 Stories	4	Cape Cod	1691	2	Oil	5	Hot Water
Holden	1010	Single Fam  MDL-01	1.5	1 1/2 Stories	4	Cape Cod	1692	2	Oil	5	Hot Water
Holden	1010	Single Fam  MDL-01	1.5	1 1/2 Stories	4	Cape Cod	1693	2	Oil	5	Hot Water
Holden	1010	Single Fam  MDL-01	1.5	1 1/2 Stories	4	Cape Cod	1693	2	Oil	5	Hot Water
Holden	1010	Single Fam  MDL-01	1.5	1 1/2 Stories	4	Cape Cod	1694	2	Oil	5	Hot Water
Holden	1010	Single Fam  MDL-01	1.5	1 1/2 Stories	4	Cape Cod	1694	2	Oil	5	Hot Water
Holden	1010	Single Fam  MDL-01	1.5	1 1/2 Stories	4	Cape Cod	1696	3	Gas	5	Hot Water
Holden	1010	Single Fam  MDL-01	1.5	1 1/2 Stories	4	Cape Cod	1701	2	Oil	5	Hot Water
Holden	1010	Single Fam  MDL-01	1.5	1 1/2 Stories	4	Cape Cod	1701	2	Oil	5	Hot Water
Holden	1010	Single Fam  MDL-01	1.5	1 1/2 Stories	4	Cape Cod	1702	2	Oil	5	Hot Water
Holden	1010	Single Fam  MDL-01	1.5	1 1/2 Stories	4	Cape Cod	1702	2	Oil	5	Hot Water
Holden	1010	Single Fam  MDL-01	1.5	1 1/2 Stories	4	Cape Cod	1706	2	Oil	5	Hot Water
Holden	1010	Single Fam  MDL-01	1.5	1 1/2 Stories	4	Cape Cod	1706	2	Oil	5	Hot Water
Holden	1010	Single Fam  MDL-01	1.5	1 1/2 Stories	4	Cape Cod	1711	2	Oil	5	Hot Water
Holden	1010	Single Fam  MDL-01	1.5	1 1/2 Stories	4	Cape Cod	1711	2	Oil	5	Hot Water
Holden	1010	Single Fam  MDL-01	1.5	1 1/2 Stories	4	Cape Cod	1712	2	Oil	5	Hot Water
Holden	1010	Single Fam  MDL-01	1.5	1 1/2 Stories	4	Cape Cod	1714	2	Oil	5	Hot Water
Holden	1010	Single Fam  MDL-01	1.5	1 1/2 Stories	4	Cape Cod	1715	3	Gas	5	Hot Water
Holden	1010	Single Fam  MDL-01	1.5	1 1/2 Stories	4	Cape Cod	1716	2	Oil	5	Hot Water
Holden	1010	Single Fam  MDL-01	1.5	1 1/2 Stories	4	Cape Cod	1716	2	Oil	5	Hot Water
Holden	1010	Single Fam  MDL-01	1.5	1 1/2 Stories	4	Cape Cod	1718	2	Oil	5	Hot Water
Holden	1010	Single Fam  MDL-01	1.5	1 1/2 Stories	4	Cape Cod	1726	2	Oil	5	Hot Water
Holden	1010	Single Fam  MDL-01	1.5	1 1/2 Stories	4	Cape Cod	1727	2	Oil	6	Steam
Holden	1010	Single Fam  MDL-01	1.5	1 1/2 Stories	4	Cape Cod	1728	2	Oil	5	Hot Water
Holden	1010	Single Fam  MDL-01	1.5	1 1/2 Stories	4	Cape Cod	1729	4	Electric	5	Hot Water
Holden	1010	Single Fam  MDL-01	1.5	1 1/2 Stories	4	Cape Cod	1730	2	Oil	5	Hot Water
Holden	1010	Single Fam  MDL-01	1.5	1 1/2 Stories	4	Cape Cod	1733	2	Oil	5	Hot Water
Holden	1010	Single Fam  MDL-01	1.5	1 1/2 Stories	4	Cape Cod	1733	2	Oil	5	Hot Water
Holden	1010	Single Fam  MDL-01	1.5	1 1/2 Stories	4	Cape Cod	1734	2	Oil	5	Hot Water
Holden	1010	Single Fam  MDL-01	1.5	1 1/2 Stories	4	Cape Cod	1736	2	Oil	4	Forced Air-Duc
Holden	1010	Single Fam  MDL-01	1.5	1 1/2 Stories	4	Cape Cod	1736	2	Oil	5	Hot Water
Holden	1010	Single Fam  MDL-01	1.5	1 1/2 Stories	4	Cape Cod	1738	2	Oil	5	Hot Water
Holden	1010	Single Fam  MDL-01	1.5	1 1/2 Stories	4	Cape Cod	1739	3	Gas	4	Forced Air-Duc
Holden	1010	Single Fam  MDL-01	1.5	1 1/2 Stories	4	Cape Cod	1740	2	Oil	5	Hot Water
Holden	1010	Single Fam  MDL-01	1.5	1 1/2 Stories	4	Cape Cod	1742	2	Oil	4	Forced Air-Duc
Holden	1010	Single Fam  MDL-01	1.5	1 1/2 Stories	4	Cape Cod	1746	2	Oil	5	Hot Water
Holden	1010	Single Fam  MDL-01	1.5	1 1/2 Stories	4	Cape Cod	1748	2	Oil	5	Hot Water
Holden	1010	Single Fam  MDL-01	1.5	1 1/2 Stories	4	Cape Cod	1748	2	Oil	6	Steam
Holden	1010	Single Fam  MDL-01	1.5	1 1/2 Stories	4	Cape Cod	1750	2	Oil	5	Hot Water
Holden	1010	Single Fam  MDL-01	1.5	1 1/2 Stories	4	Cape Cod	1754	2	Oil	5	Hot Water
Holden	1010	Single Fam  MDL-01	1.5	1 1/2 Stories	4	Cape Cod	1755	3	Gas	5	Hot Water
Holden	1010	Single Fam  MDL-01	1.5	1 1/2 Stories	4	Cape Cod	1756	2	Oil	5	Hot Water
Holden	1010	Single Fam  MDL-01	1.5	1 1/2 Stories	4	Cape Cod	1756	2	Oil	5	Hot Water
Holden	1010	Single Fam  MDL-01	1.5	1 1/2 Stories	4	Cape Cod	1757	2	Oil	4	Forced Air-Duc
Holden	1010	Single Fam  MDL-01	1.5	1 1/2 Stories	4	Cape Cod	1760	2	Oil	5	Hot Water
Holden	1010	Single Fam  MDL-01	1.5	1 1/2 Stories	4	Cape Cod	1762	2	Oil	5	Hot Water
Holden	1010	Single Fam  MDL-01	1.5	1 1/2 Stories	4	Cape Cod	1762	2	Oil	5	Hot Water
Holden	1010	Single Fam  MDL-01	1.5	1 1/2 Stories	4	Cape Cod	1764	2	Oil	4	Forced Air-Duc
Holden	1010	Single Fam  MDL-01	1.5	1 1/2 Stories	4	Cape Cod	1772	2	Oil	5	Hot Water
Holden	1010	Single Fam  MDL-01	1.5	1 1/2 Stories	4	Cape Cod	1773	2	Oil	5	Hot Water
Holden	1010	Single Fam  MDL-01	1.5	1 1/2 Stories	4	Cape Cod	1775	2	Oil	6	Steam
Holden	1010	Single Fam  MDL-01	1.5	1 1/2 Stories	4	Cape Cod	1775	4	Electric	7	Radiant-Elec.
Holden	1010	Single Fam  MDL-01	1.5	1 1/2 Stories	4	Cape Cod	1776	2	Oil	5	Hot Water
Holden	1010	Single Fam  MDL-01	1.5	1 1/2 Stories	4	Cape Cod	1778	2	Oil	5	Hot Water
Holden	1010	Single Fam  MDL-01	1.5	1 1/2 Stories	4	Cape Cod	1778	2	Oil	6	Steam
Holden	1010	Single Fam  MDL-01	1.5	1 1/2 Stories	4	Cape Cod	1783	2	Oil	5	Hot Water
Holden	1010	Single Fam  MDL-01	1.5	1 1/2 Stories	4	Cape Cod	1783	2	Oil	5	Hot Water
Holden	1010	Single Fam  MDL-01	1.5	1 1/2 Stories	4	Cape Cod	1785	2	Oil	6	Steam
Holden	1010	Single Fam  MDL-01	1.5	1 1/2 Stories	4	Cape Cod	1786	2	Oil	5	Hot Water
Holden	1010	Single Fam  MDL-01	1.5	1 1/2 Stories	4	Cape Cod	1787	2	Oil	5	Hot Water
Holden	1010	Single Fam  MDL-01	1.5	1 1/2 Stories	4	Cape Cod	1791	2	Oil	5	Hot Water
Holden	1010	Single Fam  MDL-01	1.5	1 1/2 Stories	4	Cape Cod	1793	2	Oil	5	Hot Water
Holden	1010	Single Fam  MDL-01	1.5	1 1/2 Stories	4	Cape Cod	1794	2	Oil	5	Hot Water
Holden	1010	Single Fam  MDL-01	1.5	1 1/2 Stories	4	Cape Cod	1795	2	Oil	4	Forced Air-Duc
Holden	1010	Single Fam  MDL-01	1.5	1 1/2 Stories	4	Cape Cod	1796	2	Oil	5	Hot Water
Holden	1010	Single Fam  MDL-01	1.5	1 1/2 Stories	4	Cape Cod	1802	2	Oil	5	Hot Water
Holden	1010	Single Fam  MDL-01	1.5	1 1/2 Stories	4	Cape Cod	1804	3	Gas	5	Hot Water
Holden	1010	Single Fam  MDL-01	1.5	1 1/2 Stories	4	Cape Cod	1808	2	Oil	5	Hot Water
Holden	1010	Single Fam  MDL-01	1.5	1 1/2 Stories	4	Cape Cod	1810	2	Oil	5	Hot Water
Holden	1010	Single Fam  MDL-01	1.5	1 1/2 Stories	4	Cape Cod	1812	2	Oil	5	Hot Water
Holden	1010	Single Fam  MDL-01	1.5	1 1/2 Stories	4	Cape Cod	1812	2	Oil	5	Hot Water
Holden	1010	Single Fam  MDL-01	1.5	1 1/2 Stories	4	Cape Cod	1812	3	Gas	5	Hot Water
Holden	1010	Single Fam  MDL-01	1.5	1 1/2 Stories	4	Cape Cod	1813	2	Oil	5	Hot Water
Holden	1010	Single Fam  MDL-01	1.5	1 1/2 Stories	4	Cape Cod	1818	3	Gas	5	Hot Water
Holden	1010	Single Fam  MDL-01	1.5	1 1/2 Stories	4	Cape Cod	1820	2	Oil	4	Forced Air-Duc
Holden	1010	Single Fam  MDL-01	1.5	1 1/2 Stories	4	Cape Cod	1821	3	Gas	5	Hot Water
Holden	1010	Single Fam  MDL-01	1.5	1 1/2 Stories	4	Cape Cod	1823	2	Oil	5	Hot Water
Holden	1010	Single Fam  MDL-01	1.5	1 1/2 Stories	4	Cape Cod	1826	2	Oil	6	Steam
Holden	1010	Single Fam  MDL-01	1.5	1 1/2 Stories	4	Cape Cod	1827	2	Oil	5	Hot Water
Holden	1010	Single Fam  MDL-01	1.5	1 1/2 Stories	4	Cape Cod	1827	2	Oil	5	Hot Water
Holden	1010	Single Fam  MDL-01	1.5	1 1/2 Stories	4	Cape Cod	1828	2	Oil	5	Hot Water
Holden	1010	Single Fam  MDL-01	1.5	1 1/2 Stories	4	Cape Cod	1832	2	Oil	5	Hot Water
Holden	1010	Single Fam  MDL-01	1.5	1 1/2 Stories	4	Cape Cod	1832	2	Oil	5	Hot Water
Holden	1010	Single Fam  MDL-01	1.5	1 1/2 Stories	4	Cape Cod	1835	2	Oil	5	Hot Water
Holden	1010	Single Fam  MDL-01	1.5	1 1/2 Stories	4	Cape Cod	1836	3	Gas	5	Hot Water
Holden	1010	Single Fam  MDL-01	1.5	1 1/2 Stories	4	Cape Cod	1839	2	Oil	5	Hot Water
Holden	1010	Single Fam  MDL-01	1.5	1 1/2 Stories	4	Cape Cod	1842	2	Oil	5	Hot Water
Holden	1010	Single Fam  MDL-01	1.5	1 1/2 Stories	4	Cape Cod	1842	2	Oil	5	Hot Water
Holden	1010	Single Fam  MDL-01	1.5	1 1/2 Stories	4	Cape Cod	1845	2	Oil	5	Hot Water
Holden	1010	Single Fam  MDL-01	1.5	1 1/2 Stories	4	Cape Cod	1845	2	Oil	6	Steam
Holden	1010	Single Fam  MDL-01	1.5	1 1/2 Stories	4	Cape Cod	1847	2	Oil	5	Hot Water
Holden	1010	Single Fam  MDL-01	1.5	1 1/2 Stories	4	Cape Cod	1848	2	Oil	5	Hot Water
Holden	1010	Single Fam  MDL-01	1.5	1 1/2 Stories	4	Cape Cod	1850	2	Oil	5	Hot Water
Holden	1010	Single Fam  MDL-01	1.5	1 1/2 Stories	4	Cape Cod	1851	2	Oil	5	Hot Water
Holden	1010	Single Fam  MDL-01	1.5	1 1/2 Stories	4	Cape Cod	1853	2	Oil	5	Hot Water
Holden	1010	Single Fam  MDL-01	1.5	1 1/2 Stories	4	Cape Cod	1853	2	Oil	5	Hot Water
Holden	1010	Single Fam  MDL-01	1.5	1 1/2 Stories	4	Cape Cod	1854	2	Oil	4	Forced Air-Duc
Holden	1010	Single Fam  MDL-01	1.5	1 1/2 Stories	4	Cape Cod	1858	2	Oil	5	Hot Water
Holden	1010	Single Fam  MDL-01	1.5	1 1/2 Stories	4	Cape Cod	1862	2	Oil	5	Hot Water
Holden	1010	Single Fam  MDL-01	1.5	1 1/2 Stories	4	Cape Cod	1865	2	Oil	5	Hot Water
Holden	1010	Single Fam  MDL-01	1.5	1 1/2 Stories	4	Cape Cod	1875	2	Oil	5	Hot Water
Holden	1010	Single Fam  MDL-01	1.5	1 1/2 Stories	4	Cape Cod	1880	2	Oil	5	Hot Water
Holden	1010	Single Fam  MDL-01	1.5	1 1/2 Stories	4	Cape Cod	1880	2	Oil	5	Hot Water
Holden	1010	Single Fam  MDL-01	1.5	1 1/2 Stories	4	Cape Cod	1880	2	Oil	10	Hydro Air
Holden	1010	Single Fam  MDL-01	1.5	1 1/2 Stories	4	Cape Cod	1883	2	Oil	5	Hot Water
Holden	1010	Single Fam  MDL-01	1.5	1 1/2 Stories	4	Cape Cod	1883	2	Oil	5	Hot Water
Holden	1010	Single Fam  MDL-01	1.5	1 1/2 Stories	4	Cape Cod	1887	2	Oil	5	Hot Water
Holden	1010	Single Fam  MDL-01	1.5	1 1/2 Stories	4	Cape Cod	1888	2	Oil	5	Hot Water
Holden	1010	Single Fam  MDL-01	1.5	1 1/2 Stories	4	Cape Cod	1889	2	Oil	5	Hot Water
Holden	1010	Single Fam  MDL-01	1.5	1 1/2 Stories	4	Cape Cod	1894	2	Oil	6	Steam
Holden	1010	Single Fam  MDL-01	1.5	1 1/2 Stories	4	Cape Cod	1894	3	Gas	5	Hot Water
Holden	1010	Single Fam  MDL-01	1.5	1 1/2 Stories	4	Cape Cod	1894	4	Electric	7	Radiant-Elec.
Holden	1010	Single Fam  MDL-01	1.5	1 1/2 Stories	4	Cape Cod	1895	3	Gas	4	Forced Air-Duc
Holden	1010	Single Fam  MDL-01	1.5	1 1/2 Stories	4	Cape Cod	1898	2	Oil	5	Hot Water
Holden	1010	Single Fam  MDL-01	1.5	1 1/2 Stories	4	Cape Cod	1899	2	Oil	5	Hot Water
Holden	1010	Single Fam  MDL-01	1.5	1 1/2 Stories	4	Cape Cod	1900	2	Oil	5	Hot Water
Holden	1010	Single Fam  MDL-01	1.5	1 1/2 Stories	4	Cape Cod	1903	2	Oil	4	Forced Air-Duc
Holden	1010	Single Fam  MDL-01	1.5	1 1/2 Stories	4	Cape Cod	1903	2	Oil	4	Forced Air-Duc
Holden	1010	Single Fam  MDL-01	1.5	1 1/2 Stories	4	Cape Cod	1905	2	Oil	5	Hot Water
Holden	1010	Single Fam  MDL-01	1.5	1 1/2 Stories	4	Cape Cod	1906	2	Oil	5	Hot Water
Holden	1010	Single Fam  MDL-01	1.5	1 1/2 Stories	4	Cape Cod	1908	2	Oil	6	Steam
Holden	1010	Single Fam  MDL-01	1.5	1 1/2 Stories	4	Cape Cod	1912	2	Oil	5	Hot Water
Holden	1010	Single Fam  MDL-01	1.5	1 1/2 Stories	4	Cape Cod	1915	2	Oil	5	Hot Water
Holden	1010	Single Fam  MDL-01	1.5	1 1/2 Stories	4	Cape Cod	1918	2	Oil	5	Hot Water
Holden	1010	Single Fam  MDL-01	1.5	1 1/2 Stories	4	Cape Cod	1919	2	Oil	5	Hot Water
Holden	1010	Single Fam  MDL-01	1.5	1 1/2 Stories	4	Cape Cod	1920	2	Oil	5	Hot Water
Holden	1010	Single Fam  MDL-01	1.5	1 1/2 Stories	4	Cape Cod	1924	3	Gas	6	Steam
Holden	1010	Single Fam  MDL-01	1.5	1 1/2 Stories	4	Cape Cod	1926	2	Oil	5	Hot Water
Holden	1010	Single Fam  MDL-01	1.5	1 1/2 Stories	4	Cape Cod	1928	2	Oil	5	Hot Water
Holden	1010	Single Fam  MDL-01	1.5	1 1/2 Stories	4	Cape Cod	1940	2	Oil	5	Hot Water
Holden	1010	Single Fam  MDL-01	1.5	1 1/2 Stories	4	Cape Cod	1940	4	Electric	7	Radiant-Elec.
Holden	1010	Single Fam  MDL-01	1.5	1 1/2 Stories	4	Cape Cod	1941	3	Gas	5	Hot Water
Holden	1010	Single Fam  MDL-01	1.5	1 1/2 Stories	4	Cape Cod	1942	2	Oil	5	Hot Water
Holden	1010	Single Fam  MDL-01	1.5	1 1/2 Stories	4	Cape Cod	1943	2	Oil	5	Hot Water
Holden	1010	Single Fam  MDL-01	1.5	1 1/2 Stories	4	Cape Cod	1948	2	Oil	5	Hot Water
Holden	1010	Single Fam  MDL-01	1.5	1 1/2 Stories	4	Cape Cod	1950	2	Oil	5	Hot Water
Holden	1010	Single Fam  MDL-01	1.5	1 1/2 Stories	4	Cape Cod	1954	2	Oil	5	Hot Water
Holden	1010	Single Fam  MDL-01	1.5	1 1/2 Stories	4	Cape Cod	1960	2	Oil	5	Hot Water
Holden	1010	Single Fam  MDL-01	1.5	1 1/2 Stories	4	Cape Cod	1963	2	Oil	5	Hot Water
Holden	1010	Single Fam  MDL-01	1.5	1 1/2 Stories	4	Cape Cod	1966	3	Gas	5	Hot Water
Holden	1010	Single Fam  MDL-01	1.5	1 1/2 Stories	4	Cape Cod	1967	2	Oil	5	Hot Water
Holden	1010	Single Fam  MDL-01	1.5	1 1/2 Stories	4	Cape Cod	1967	2	Oil	5	Hot Water
Holden	1010	Single Fam  MDL-01	1.5	1 1/2 Stories	4	Cape Cod	1969	2	Oil	5	Hot Water
Holden	1010	Single Fam  MDL-01	1.5	1 1/2 Stories	4	Cape Cod	1970	2	Oil	5	Hot Water
Holden	1010	Single Fam  MDL-01	1.5	1 1/2 Stories	4	Cape Cod	1971	2	Oil	5	Hot Water
Holden	1010	Single Fam  MDL-01	1.5	1 1/2 Stories	4	Cape Cod	1971	3	Gas	5	Hot Water
Holden	1010	Single Fam  MDL-01	1.5	1 1/2 Stories	4	Cape Cod	1973	2	Oil	5	Hot Water
Holden	1010	Single Fam  MDL-01	1.5	1 1/2 Stories	4	Cape Cod	1975	2	Oil	5	Hot Water
Holden	1010	Single Fam  MDL-01	1.5	1 1/2 Stories	4	Cape Cod	1976	2	Oil	5	Hot Water
Holden	1010	Single Fam  MDL-01	1.5	1 1/2 Stories	4	Cape Cod	1980	2	Oil	5	Hot Water
Holden	1010	Single Fam  MDL-01	1.5	1 1/2 Stories	4	Cape Cod	1981	2	Oil	5	Hot Water
Holden	1010	Single Fam  MDL-01	1.5	1 1/2 Stories	4	Cape Cod	1985	2	Oil	5	Hot Water
Holden	1010	Single Fam  MDL-01	1.5	1 1/2 Stories	4	Cape Cod	1986	2	Oil	4	Forced Air-Duc
Holden	1010	Single Fam  MDL-01	1.5	1 1/2 Stories	4	Cape Cod	1986	2	Oil	5	Hot Water
Holden	1010	Single Fam  MDL-01	1.5	1 1/2 Stories	4	Cape Cod	1993	2	Oil	5	Hot Water
Holden	1010	Single Fam  MDL-01	1.5	1 1/2 Stories	4	Cape Cod	1995	2	Oil	5	Hot Water
Holden	1010	Single Fam  MDL-01	1.5	1 1/2 Stories	4	Cape Cod	1996	2	Oil	5	Hot Water
Holden	1010	Single Fam  MDL-01	1.5	1 1/2 Stories	4	Cape Cod	1997	2	Oil	5	Hot Water
Holden	1010	Single Fam  MDL-01	1.5	1 1/2 Stories	4	Cape Cod	1999	2	Oil	5	Hot Water
Holden	1010	Single Fam  MDL-01	1.5	1 1/2 Stories	4	Cape Cod	2001	2	Oil	5	Hot Water
Holden	1010	Single Fam  MDL-01	1.5	1 1/2 Stories	4	Cape Cod	2002	2	Oil	5	Hot Water
Holden	1010	Single Fam  MDL-01	1.5	1 1/2 Stories	4	Cape Cod	2002	2	Oil	5	Hot Water
Holden	1010	Single Fam  MDL-01	1.5	1 1/2 Stories	4	Cape Cod	2002	3	Gas	2	Convection
Holden	1010	Single Fam  MDL-01	1.5	1 1/2 Stories	4	Cape Cod	2004	2	Oil	5	Hot Water
Holden	1010	Single Fam  MDL-01	1.5	1 1/2 Stories	4	Cape Cod	2004	2	Oil	5	Hot Water
Holden	1010	Single Fam  MDL-01	1.5	1 1/2 Stories	4	Cape Cod	2005	2	Oil	4	Forced Air-Duc
Holden	1010	Single Fam  MDL-01	1.5	1 1/2 Stories	4	Cape Cod	2005	2	Oil	5	Hot Water
Holden	1010	Single Fam  MDL-01	1.5	1 1/2 Stories	4	Cape Cod	2006	2	Oil	5	Hot Water
Holden	1010	Single Fam  MDL-01	1.5	1 1/2 Stories	4	Cape Cod	2006	2	Oil	5	Hot Water
Holden	1010	Single Fam  MDL-01	1.5	1 1/2 Stories	4	Cape Cod	2007	3	Gas	5	Hot Water
Holden	1010	Single Fam  MDL-01	1.5	1 1/2 Stories	4	Cape Cod	2008	3	Gas	5	Hot Water
Holden	1010	Single Fam  MDL-01	1.5	1 1/2 Stories	4	Cape Cod	2010	2	Oil	5	Hot Water
Holden	1010	Single Fam  MDL-01	1.5	1 1/2 Stories	4	Cape Cod	2010	2	Oil	5	Hot Water
Holden	1010	Single Fam  MDL-01	1.5	1 1/2 Stories	4	Cape Cod	2011	2	Oil	5	Hot Water
Holden	1010	Single Fam  MDL-01	1.5	1 1/2 Stories	4	Cape Cod	2016	2	Oil	5	Hot Water
Holden	1010	Single Fam  MDL-01	1.5	1 1/2 Stories	4	Cape Cod	2021	2	Oil	5	Hot Water
Holden	1010	Single Fam  MDL-01	1.5	1 1/2 Stories	4	Cape Cod	2021	2	Oil	5	Hot Water
Holden	1010	Single Fam  MDL-01	1.5	1 1/2 Stories	4	Cape Cod	2021	2	Oil	5	Hot Water
Holden	1010	Single Fam  MDL-01	1.5	1 1/2 Stories	4	Cape Cod	2022	2	Oil	5	Hot Water
Holden	1010	Single Fam  MDL-01	1.5	1 1/2 Stories	4	Cape Cod	2023	2	Oil	6	Steam
Holden	1010	Single Fam  MDL-01	1.5	1 1/2 Stories	4	Cape Cod	2025	2	Oil	4	Forced Air-Duc
Holden	1010	Single Fam  MDL-01	1.5	1 1/2 Stories	4	Cape Cod	2025	2	Oil	5	Hot Water
Holden	1010	Single Fam  MDL-01	1.5	1 1/2 Stories	4	Cape Cod	2026	2	Oil	5	Hot Water
Holden	1010	Single Fam  MDL-01	1.5	1 1/2 Stories	4	Cape Cod	2027	2	Oil	5	Hot Water
Holden	1010	Single Fam  MDL-01	1.5	1 1/2 Stories	4	Cape Cod	2031	2	Oil	5	Hot Water
Holden	1010	Single Fam  MDL-01	1.5	1 1/2 Stories	4	Cape Cod	2031	2	Oil	5	Hot Water
Holden	1010	Single Fam  MDL-01	1.5	1 1/2 Stories	4	Cape Cod	2032	2	Oil	5	Hot Water
Holden	1010	Single Fam  MDL-01	1.5	1 1/2 Stories	4	Cape Cod	2038	2	Oil	5	Hot Water
Holden	1010	Single Fam  MDL-01	1.5	1 1/2 Stories	4	Cape Cod	2039	2	Oil	5	Hot Water
Holden	1010	Single Fam  MDL-01	1.5	1 1/2 Stories	4	Cape Cod	2039	2	Oil	7	Radiant-Elec.
Holden	1010	Single Fam  MDL-01	1.5	1 1/2 Stories	4	Cape Cod	2040	2	Oil	5	Hot Water
Holden	1010	Single Fam  MDL-01	1.5	1 1/2 Stories	4	Cape Cod	2041	2	Oil	5	Hot Water
Holden	1010	Single Fam  MDL-01	1.5	1 1/2 Stories	4	Cape Cod	2042	3	Gas	4	Forced Air-Duc
Holden	1010	Single Fam  MDL-01	1.5	1 1/2 Stories	4	Cape Cod	2044	2	Oil	4	Forced Air-Duc
Holden	1010	Single Fam  MDL-01	1.5	1 1/2 Stories	4	Cape Cod	2044	2	Oil	5	Hot Water
Holden	1010	Single Fam  MDL-01	1.5	1 1/2 Stories	4	Cape Cod	2044	2	Oil	5	Hot Water
Holden	1010	Single Fam  MDL-01	1.5	1 1/2 Stories	4	Cape Cod	2044	2	Oil	5	Hot Water
Holden	1010	Single Fam  MDL-01	1.5	1 1/2 Stories	4	Cape Cod	2046	2	Oil	5	Hot Water
Holden	1010	Single Fam  MDL-01	1.5	1 1/2 Stories	4	Cape Cod	2062	3	Gas	4	Forced Air-Duc
Holden	1010	Single Fam  MDL-01	1.5	1 1/2 Stories	4	Cape Cod	2062	3	Gas	4	Forced Air-Duc
Holden	1010	Single Fam  MDL-01	1.5	1 1/2 Stories	4	Cape Cod	2067	2	Oil	5	Hot Water
Holden	1010	Single Fam  MDL-01	1.5	1 1/2 Stories	4	Cape Cod	2070	2	Oil	5	Hot Water
Holden	1010	Single Fam  MDL-01	1.5	1 1/2 Stories	4	Cape Cod	2074	2	Oil	5	Hot Water
Holden	1010	Single Fam  MDL-01	1.5	1 1/2 Stories	4	Cape Cod	2077	2	Oil	5	Hot Water
Holden	1010	Single Fam  MDL-01	1.5	1 1/2 Stories	4	Cape Cod	2086	2	Oil	5	Hot Water
Holden	1010	Single Fam  MDL-01	1.5	1 1/2 Stories	4	Cape Cod	2086	3	Gas	5	Hot Water
Holden	1010	Single Fam  MDL-01	1.5	1 1/2 Stories	4	Cape Cod	2087	2	Oil	5	Hot Water
Holden	1010	Single Fam  MDL-01	1.5	1 1/2 Stories	4	Cape Cod	2088	2	Oil	6	Steam
Holden	1010	Single Fam  MDL-01	1.5	1 1/2 Stories	4	Cape Cod	2089	3	Gas	5	Hot Water
Holden	1010	Single Fam  MDL-01	1.5	1 1/2 Stories	4	Cape Cod	2092	2	Oil	5	Hot Water
Holden	1010	Single Fam  MDL-01	1.5	1 1/2 Stories	4	Cape Cod	2092	3	Gas	4	Forced Air-Duc
Holden	1010	Single Fam  MDL-01	1.5	1 1/2 Stories	4	Cape Cod	2093	2	Oil	6	Steam
Holden	1010	Single Fam  MDL-01	1.5	1 1/2 Stories	4	Cape Cod	2095	2	Oil	6	Steam
Holden	1010	Single Fam  MDL-01	1.5	1 1/2 Stories	4	Cape Cod	2096	3	Gas	5	Hot Water
Holden	1010	Single Fam  MDL-01	1.5	1 1/2 Stories	4	Cape Cod	2102	2	Oil	5	Hot Water
Holden	1010	Single Fam  MDL-01	1.5	1 1/2 Stories	4	Cape Cod	2102	2	Oil	5	Hot Water
Holden	1010	Single Fam  MDL-01	1.5	1 1/2 Stories	4	Cape Cod	2104	2	Oil	5	Hot Water
Holden	1010	Single Fam  MDL-01	1.5	1 1/2 Stories	4	Cape Cod	2106	2	Oil	5	Hot Water
Holden	1010	Single Fam  MDL-01	1.5	1 1/2 Stories	4	Cape Cod	2111	3	Gas	4	Forced Air-Duc
Holden	1010	Single Fam  MDL-01	1.5	1 1/2 Stories	4	Cape Cod	2112	3	Gas	4	Forced Air-Duc
Holden	1010	Single Fam  MDL-01	1.5	1 1/2 Stories	4	Cape Cod	2115	2	Oil	4	Forced Air-Duc
Holden	1010	Single Fam  MDL-01	1.5	1 1/2 Stories	4	Cape Cod	2116	2	Oil	5	Hot Water
Holden	1010	Single Fam  MDL-01	1.5	1 1/2 Stories	4	Cape Cod	2118	2	Oil	5	Hot Water
Holden	1010	Single Fam  MDL-01	1.5	1 1/2 Stories	4	Cape Cod	2119	2	Oil	5	Hot Water
Holden	1010	Single Fam  MDL-01	1.5	1 1/2 Stories	4	Cape Cod	2124	2	Oil	5	Hot Water
Holden	1010	Single Fam  MDL-01	1.5	1 1/2 Stories	4	Cape Cod	2124	2	Oil	5	Hot Water
Holden	1010	Single Fam  MDL-01	1.5	1 1/2 Stories	4	Cape Cod	2125	3	Gas	5	Hot Water
Holden	1010	Single Fam  MDL-01	1.5	1 1/2 Stories	4	Cape Cod	2126	2	Oil	5	Hot Water
Holden	1010	Single Fam  MDL-01	1.5	1 1/2 Stories	4	Cape Cod	2129	2	Oil	5	Hot Water
Holden	1010	Single Fam  MDL-01	1.5	1 1/2 Stories	4	Cape Cod	2130	2	Oil	5	Hot Water
Holden	1010	Single Fam  MDL-01	1.5	1 1/2 Stories	4	Cape Cod	2135	2	Oil	5	Hot Water
Holden	1010	Single Fam  MDL-01	1.5	1 1/2 Stories	4	Cape Cod	2136	2	Oil	4	Forced Air-Duc
Holden	1010	Single Fam  MDL-01	1.5	1 1/2 Stories	4	Cape Cod	2136	2	Oil	5	Hot Water
Holden	1010	Single Fam  MDL-01	1.5	1 1/2 Stories	4	Cape Cod	2138	2	Oil	4	Forced Air-Duc
Holden	1010	Single Fam  MDL-01	1.5	1 1/2 Stories	4	Cape Cod	2139	2	Oil	6	Steam
Holden	1010	Single Fam  MDL-01	1.5	1 1/2 Stories	4	Cape Cod	2140	2	Oil	5	Hot Water
Holden	1010	Single Fam  MDL-01	1.5	1 1/2 Stories	4	Cape Cod	2141	2	Oil	5	Hot Water
Holden	1010	Single Fam  MDL-01	1.5	1 1/2 Stories	4	Cape Cod	2141	3	Gas	4	Forced Air-Duc
Holden	1010	Single Fam  MDL-01	1.5	1 1/2 Stories	4	Cape Cod	2145	2	Oil	5	Hot Water
Holden	1010	Single Fam  MDL-01	1.5	1 1/2 Stories	4	Cape Cod	2152	2	Oil	5	Hot Water
Holden	1010	Single Fam  MDL-01	1.5	1 1/2 Stories	4	Cape Cod	2159	2	Oil	5	Hot Water
Holden	1010	Single Fam  MDL-01	1.5	1 1/2 Stories	4	Cape Cod	2160	2	Oil	5	Hot Water
Holden	1010	Single Fam  MDL-01	1.5	1 1/2 Stories	4	Cape Cod	2160	4	Electric	5	Hot Water
Holden	1010	Single Fam  MDL-01	1.5	1 1/2 Stories	4	Cape Cod	2163	3	Gas	4	Forced Air-Duc
Holden	1010	Single Fam  MDL-01	1.5	1 1/2 Stories	4	Cape Cod	2165	4	Electric	6	Steam
Holden	1010	Single Fam  MDL-01	1.5	1 1/2 Stories	4	Cape Cod	2167	2	Oil	5	Hot Water
Holden	1010	Single Fam  MDL-01	1.5	1 1/2 Stories	4	Cape Cod	2178	2	Oil	5	Hot Water
Holden	1010	Single Fam  MDL-01	1.5	1 1/2 Stories	4	Cape Cod	2181	2	Oil	5	Hot Water
Holden	1010	Single Fam  MDL-01	1.5	1 1/2 Stories	4	Cape Cod	2182	2	Oil	6	Steam
Holden	1010	Single Fam  MDL-01	1.5	1 1/2 Stories	4	Cape Cod	2187	2	Oil	5	Hot Water
Holden	1010	Single Fam  MDL-01	1.5	1 1/2 Stories	4	Cape Cod	2189	2	Oil	5	Hot Water
Holden	1010	Single Fam  MDL-01	1.5	1 1/2 Stories	4	Cape Cod	2191	2	Oil	4	Forced Air-Duc
Holden	1010	Single Fam  MDL-01	1.5	1 1/2 Stories	4	Cape Cod	2196	2	Oil	5	Hot Water
Holden	1010	Single Fam  MDL-01	1.5	1 1/2 Stories	4	Cape Cod	2199	2	Oil	5	Hot Water
Holden	1010	Single Fam  MDL-01	1.5	1 1/2 Stories	4	Cape Cod	2202	2	Oil	5	Hot Water
Holden	1010	Single Fam  MDL-01	1.5	1 1/2 Stories	4	Cape Cod	2206	2	Oil	5	Hot Water
Holden	1010	Single Fam  MDL-01	1.5	1 1/2 Stories	4	Cape Cod	2211	2	Oil	5	Hot Water
Holden	1010	Single Fam  MDL-01	1.5	1 1/2 Stories	4	Cape Cod	2213	2	Oil	5	Hot Water
Holden	1010	Single Fam  MDL-01	1.5	1 1/2 Stories	4	Cape Cod	2214	2	Oil	4	Forced Air-Duc
Holden	1010	Single Fam  MDL-01	1.5	1 1/2 Stories	4	Cape Cod	2215	2	Oil	5	Hot Water
Holden	1010	Single Fam  MDL-01	1.5	1 1/2 Stories	4	Cape Cod	2218	2	Oil	5	Hot Water
Holden	1010	Single Fam  MDL-01	1.5	1 1/2 Stories	4	Cape Cod	2218	2	Oil	5	Hot Water
Holden	1010	Single Fam  MDL-01	1.5	1 1/2 Stories	4	Cape Cod	2218	2	Oil	5	Hot Water
Holden	1010	Single Fam  MDL-01	1.5	1 1/2 Stories	4	Cape Cod	2222	2	Oil	5	Hot Water
Holden	1010	Single Fam  MDL-01	1.5	1 1/2 Stories	4	Cape Cod	2223	2	Oil	5	Hot Water
Holden	1010	Single Fam  MDL-01	1.5	1 1/2 Stories	4	Cape Cod	2224	3	Gas	4	Forced Air-Duc
Holden	1010	Single Fam  MDL-01	1.5	1 1/2 Stories	4	Cape Cod	2226	2	Oil	4	Forced Air-Duc
Holden	1010	Single Fam  MDL-01	1.5	1 1/2 Stories	4	Cape Cod	2227	3	Gas	5	Hot Water
Holden	1010	Single Fam  MDL-01	1.5	1 1/2 Stories	4	Cape Cod	2233	2	Oil	5	Hot Water
Holden	1010	Single Fam  MDL-01	1.5	1 1/2 Stories	4	Cape Cod	2238	2	Oil	5	Hot Water
Holden	1010	Single Fam  MDL-01	1.5	1 1/2 Stories	4	Cape Cod	2242	2	Oil	5	Hot Water
Holden	1010	Single Fam  MDL-01	1.5	1 1/2 Stories	4	Cape Cod	2247	2	Oil	5	Hot Water
Holden	1010	Single Fam  MDL-01	1.5	1 1/2 Stories	4	Cape Cod	2247	2	Oil	5	Hot Water
Holden	1010	Single Fam  MDL-01	1.5	1 1/2 Stories	4	Cape Cod	2247	2	Oil	5	Hot Water
Holden	1010	Single Fam  MDL-01	1.5	1 1/2 Stories	4	Cape Cod	2250	2	Oil	5	Hot Water
Holden	1010	Single Fam  MDL-01	1.5	1 1/2 Stories	4	Cape Cod	2253	2	Oil	5	Hot Water
Holden	1010	Single Fam  MDL-01	1.5	1 1/2 Stories	4	Cape Cod	2257	2	Oil	5	Hot Water
Holden	1010	Single Fam  MDL-01	1.5	1 1/2 Stories	4	Cape Cod	2258	2	Oil	5	Hot Water
Holden	1010	Single Fam  MDL-01	1.5	1 1/2 Stories	4	Cape Cod	2262	2	Oil	5	Hot Water
Holden	1010	Single Fam  MDL-01	1.5	1 1/2 Stories	4	Cape Cod	2266	2	Oil	5	Hot Water
Holden	1010	Single Fam  MDL-01	1.5	1 1/2 Stories	4	Cape Cod	2270	2	Oil	5	Hot Water
Holden	1010	Single Fam  MDL-01	1.5	1 1/2 Stories	4	Cape Cod	2278	2	Oil	5	Hot Water
Holden	1010	Single Fam  MDL-01	1.5	1 1/2 Stories	4	Cape Cod	2294	2	Oil	4	Forced Air-Duc
Holden	1010	Single Fam  MDL-01	1.5	1 1/2 Stories	4	Cape Cod	2297	2	Oil	5	Hot Water
Holden	1010	Single Fam  MDL-01	1.5	1 1/2 Stories	4	Cape Cod	2297	2	Oil	5	Hot Water
Holden	1010	Single Fam  MDL-01	1.5	1 1/2 Stories	4	Cape Cod	2301	2	Oil	5	Hot Water
Holden	1010	Single Fam  MDL-01	1.5	1 1/2 Stories	4	Cape Cod	2304	2	Oil	4	Forced Air-Duc
Holden	1010	Single Fam  MDL-01	1.5	1 1/2 Stories	4	Cape Cod	2307	2	Oil	5	Hot Water
Holden	1010	Single Fam  MDL-01	1.5	1 1/2 Stories	4	Cape Cod	2313	2	Oil	5	Hot Water
Holden	1010	Single Fam  MDL-01	1.5	1 1/2 Stories	4	Cape Cod	2313	2	Oil	5	Hot Water
Holden	1010	Single Fam  MDL-01	1.5	1 1/2 Stories	4	Cape Cod	2316	2	Oil	5	Hot Water
Holden	1010	Single Fam  MDL-01	1.5	1 1/2 Stories	4	Cape Cod	2322	2	Oil	5	Hot Water
Holden	1010	Single Fam  MDL-01	1.5	1 1/2 Stories	4	Cape Cod	2322	2	Oil	5	Hot Water
Holden	1010	Single Fam  MDL-01	1.5	1 1/2 Stories	4	Cape Cod	2332	2	Oil	5	Hot Water
Holden	1010	Single Fam  MDL-01	1.5	1 1/2 Stories	4	Cape Cod	2333	2	Oil	5	Hot Water
Holden	1010	Single Fam  MDL-01	1.5	1 1/2 Stories	4	Cape Cod	2336	3	Gas	5	Hot Water
Holden	1010	Single Fam  MDL-01	1.5	1 1/2 Stories	4	Cape Cod	2338	2	Oil	5	Hot Water
Holden	1010	Single Fam  MDL-01	1.5	1 1/2 Stories	4	Cape Cod	2338	2	Oil	5	Hot Water
Holden	1010	Single Fam  MDL-01	1.5	1 1/2 Stories	4	Cape Cod	2340	2	Oil	5	Hot Water
Holden	1010	Single Fam  MDL-01	1.5	1 1/2 Stories	4	Cape Cod	2340	2	Oil	5	Hot Water
Holden	1010	Single Fam  MDL-01	1.5	1 1/2 Stories	4	Cape Cod	2350	2	Oil	5	Hot Water
Holden	1010	Single Fam  MDL-01	1.5	1 1/2 Stories	4	Cape Cod	2363	2	Oil	5	Hot Water
Holden	1010	Single Fam  MDL-01	1.5	1 1/2 Stories	4	Cape Cod	2364	2	Oil	5	Hot Water
Holden	1010	Single Fam  MDL-01	1.5	1 1/2 Stories	4	Cape Cod	2370	2	Oil	5	Hot Water
Holden	1010	Single Fam  MDL-01	1.5	1 1/2 Stories	4	Cape Cod	2371	3	Gas	5	Hot Water
Holden	1010	Single Fam  MDL-01	1.5	1 1/2 Stories	4	Cape Cod	2383	2	Oil	4	Forced Air-Duc
Holden	1010	Single Fam  MDL-01	1.5	1 1/2 Stories	4	Cape Cod	2387	2	Oil	5	Hot Water
Holden	1010	Single Fam  MDL-01	1.5	1 1/2 Stories	4	Cape Cod	2388	2	Oil	5	Hot Water
Holden	1010	Single Fam  MDL-01	1.5	1 1/2 Stories	4	Cape Cod	2391	2	Oil	5	Hot Water
Holden	1010	Single Fam  MDL-01	1.5	1 1/2 Stories	4	Cape Cod	2391	2	Oil	5	Hot Water
Holden	1010	Single Fam  MDL-01	1.5	1 1/2 Stories	4	Cape Cod	2395	3	Gas	5	Hot Water
Holden	1010	Single Fam  MDL-01	1.5	1 1/2 Stories	4	Cape Cod	2400	3	Gas	4	Forced Air-Duc
Holden	1010	Single Fam  MDL-01	1.5	1 1/2 Stories	4	Cape Cod	2412	2	Oil	10	Hydro Air
Holden	1010	Single Fam  MDL-01	1.5	1 1/2 Stories	4	Cape Cod	2429	2	Oil	5	Hot Water
Holden	1010	Single Fam  MDL-01	1.5	1 1/2 Stories	4	Cape Cod	2430	2	Oil	5	Hot Water
Holden	1010	Single Fam  MDL-01	1.5	1 1/2 Stories	4	Cape Cod	2438	3	Gas	5	Hot Water
Holden	1010	Single Fam  MDL-01	1.5	1 1/2 Stories	4	Cape Cod	2440	2	Oil	5	Hot Water
Holden	1010	Single Fam  MDL-01	1.5	1 1/2 Stories	4	Cape Cod	2445	2	Oil	5	Hot Water
Holden	1010	Single Fam  MDL-01	1.5	1 1/2 Stories	4	Cape Cod	2446	2	Oil	5	Hot Water
Holden	1010	Single Fam  MDL-01	1.5	1 1/2 Stories	4	Cape Cod	2446	2	Oil	5	Hot Water
Holden	1010	Single Fam  MDL-01	1.5	1 1/2 Stories	4	Cape Cod	2446	2	Oil	5	Hot Water
Holden	1010	Single Fam  MDL-01	1.5	1 1/2 Stories	4	Cape Cod	2459	3	Gas	4	Forced Air-Duc
Holden	1010	Single Fam  MDL-01	1.5	1 1/2 Stories	4	Cape Cod	2461	3	Gas	5	Hot Water
Holden	1010	Single Fam  MDL-01	1.5	1 1/2 Stories	4	Cape Cod	2481	3	Gas	4	Forced Air-Duc
Holden	1010	Single Fam  MDL-01	1.5	1 1/2 Stories	4	Cape Cod	2484	2	Oil	5	Hot Water
Holden	1010	Single Fam  MDL-01	1.5	1 1/2 Stories	4	Cape Cod	2487	2	Oil	5	Hot Water
Holden	1010	Single Fam  MDL-01	1.5	1 1/2 Stories	4	Cape Cod	2495	2	Oil	5	Hot Water
Holden	1010	Single Fam  MDL-01	1.5	1 1/2 Stories	4	Cape Cod	2496	2	Oil	5	Hot Water
Holden	1010	Single Fam  MDL-01	1.5	1 1/2 Stories	4	Cape Cod	2504	2	Oil	5	Hot Water
Holden	1010	Single Fam  MDL-01	1.5	1 1/2 Stories	4	Cape Cod	2506	2	Oil	10	Hydro Air
Holden	1010	Single Fam  MDL-01	1.5	1 1/2 Stories	4	Cape Cod	2512	2	Oil	5	Hot Water
Holden	1010	Single Fam  MDL-01	1.5	1 1/2 Stories	4	Cape Cod	2517	2	Oil	5	Hot Water
Holden	1010	Single Fam  MDL-01	1.5	1 1/2 Stories	4	Cape Cod	2517	2	Oil	5	Hot Water
Holden	1010	Single Fam  MDL-01	1.5	1 1/2 Stories	4	Cape Cod	2519	2	Oil	5	Hot Water
Holden	1010	Single Fam  MDL-01	1.5	1 1/2 Stories	4	Cape Cod	2527	3	Gas	4	Forced Air-Duc
Holden	1010	Single Fam  MDL-01	1.5	1 1/2 Stories	4	Cape Cod	2528	2	Oil	5	Hot Water
Holden	1010	Single Fam  MDL-01	1.5	1 1/2 Stories	4	Cape Cod	2548	4	Electric	7	Radiant-Elec.
Holden	1010	Single Fam  MDL-01	1.5	1 1/2 Stories	4	Cape Cod	2549	2	Oil	5	Hot Water
Holden	1010	Single Fam  MDL-01	1.5	1 1/2 Stories	4	Cape Cod	2549	2	Oil	5	Hot Water
Holden	1010	Single Fam  MDL-01	1.5	1 1/2 Stories	4	Cape Cod	2577	2	Oil	5	Hot Water
Holden	1010	Single Fam  MDL-01	1.5	1 1/2 Stories	4	Cape Cod	2578	2	Oil	5	Hot Water
Holden	1010	Single Fam  MDL-01	1.5	1 1/2 Stories	4	Cape Cod	2603	2	Oil	5	Hot Water
Holden	1010	Single Fam  MDL-01	1.5	1 1/2 Stories	4	Cape Cod	2606	2	Oil	5	Hot Water
Holden	1010	Single Fam  MDL-01	1.5	1 1/2 Stories	4	Cape Cod	2614	2	Oil	5	Hot Water
Holden	1010	Single Fam  MDL-01	1.5	1 1/2 Stories	4	Cape Cod	2617	2	Oil	5	Hot Water
Holden	1010	Single Fam  MDL-01	1.5	1 1/2 Stories	4	Cape Cod	2623	2	Oil	5	Hot Water
Holden	1010	Single Fam  MDL-01	1.5	1 1/2 Stories	4	Cape Cod	2652	2	Oil	5	Hot Water
Holden	1010	Single Fam  MDL-01	1.5	1 1/2 Stories	4	Cape Cod	2656	2	Oil	5	Hot Water
Holden	1010	Single Fam  MDL-01	1.5	1 1/2 Stories	4	Cape Cod	2673	2	Oil	5	Hot Water
Holden	1010	Single Fam  MDL-01	1.5	1 1/2 Stories	4	Cape Cod	2673	2	Oil	5	Hot Water
Holden	1010	Single Fam  MDL-01	1.5	1 1/2 Stories	4	Cape Cod	2686	2	Oil	8	Radiant-Water
Holden	1010	Single Fam  MDL-01	1.5	1 1/2 Stories	4	Cape Cod	2689	2	Oil	4	Forced Air-Duc
Holden	1010	Single Fam  MDL-01	1.5	1 1/2 Stories	4	Cape Cod	2692	2	Oil	5	Hot Water
Holden	1010	Single Fam  MDL-01	1.5	1 1/2 Stories	4	Cape Cod	2692	2	Oil	5	Hot Water
Holden	1010	Single Fam  MDL-01	1.5	1 1/2 Stories	4	Cape Cod	2699	2	Oil	5	Hot Water
Holden	1010	Single Fam  MDL-01	1.5	1 1/2 Stories	4	Cape Cod	2728	2	Oil	4	Forced Air-Duc
Holden	1010	Single Fam  MDL-01	1.5	1 1/2 Stories	4	Cape Cod	2746	2	Oil	5	Hot Water
Holden	1010	Single Fam  MDL-01	1.5	1 1/2 Stories	4	Cape Cod	2751	2	Oil	5	Hot Water
Holden	1010	Single Fam  MDL-01	1.5	1 1/2 Stories	4	Cape Cod	2754	3	Gas	4	Forced Air-Duc
Holden	1010	Single Fam  MDL-01	1.5	1 1/2 Stories	4	Cape Cod	2756	2	Oil	5	Hot Water
Holden	1010	Single Fam  MDL-01	1.5	1 1/2 Stories	4	Cape Cod	2760	2	Oil	5	Hot Water
Holden	1010	Single Fam  MDL-01	1.5	1 1/2 Stories	4	Cape Cod	2775	2	Oil	5	Hot Water
Holden	1010	Single Fam  MDL-01	1.5	1 1/2 Stories	4	Cape Cod	2800	2	Oil	5	Hot Water
Holden	1010	Single Fam  MDL-01	1.5	1 1/2 Stories	4	Cape Cod	2806	2	Oil	5	Hot Water
Holden	1010	Single Fam  MDL-01	1.5	1 1/2 Stories	4	Cape Cod	2809	3	Gas	6	Steam
Holden	1010	Single Fam  MDL-01	1.5	1 1/2 Stories	4	Cape Cod	2824	2	Oil	5	Hot Water
Holden	1010	Single Fam  MDL-01	1.5	1 1/2 Stories	4	Cape Cod	2824	2	Oil	5	Hot Water
Holden	1010	Single Fam  MDL-01	1.5	1 1/2 Stories	4	Cape Cod	2825	2	Oil	5	Hot Water
Holden	1010	Single Fam  MDL-01	1.5	1 1/2 Stories	4	Cape Cod	2852	3	Gas	5	Hot Water
Holden	1010	Single Fam  MDL-01	1.5	1 1/2 Stories	4	Cape Cod	2878	3	Gas	5	Hot Water
Holden	1010	Single Fam  MDL-01	1.5	1 1/2 Stories	4	Cape Cod	2887	2	Oil	5	Hot Water
Holden	1010	Single Fam  MDL-01	1.5	1 1/2 Stories	4	Cape Cod	2895	2	Oil	5	Hot Water
Holden	1010	Single Fam  MDL-01	1.5	1 1/2 Stories	4	Cape Cod	2899	2	Oil	5	Hot Water
Holden	1010	Single Fam  MDL-01	1.5	1 1/2 Stories	4	Cape Cod	2927	2	Oil	10	Hydro Air
Holden	1010	Single Fam  MDL-01	1.5	1 1/2 Stories	4	Cape Cod	2929	3	Gas	4	Forced Air-Duc
Holden	1010	Single Fam  MDL-01	1.5	1 1/2 Stories	4	Cape Cod	2977	2	Oil	5	Hot Water
Holden	1010	Single Fam  MDL-01	1.5	1 1/2 Stories	4	Cape Cod	2979	2	Oil	5	Hot Water
Holden	1010	Single Fam  MDL-01	1.5	1 1/2 Stories	4	Cape Cod	2999	2	Oil	5	Hot Water
Holden	1010	Single Fam  MDL-01	1.5	1 1/2 Stories	4	Cape Cod	3080	3	Gas	5	Hot Water
Holden	1010	Single Fam  MDL-01	1.5	1 1/2 Stories	4	Cape Cod	3098	2	Oil	5	Hot Water
Holden	1010	Single Fam  MDL-01	1.5	1 1/2 Stories	4	Cape Cod	3107	2	Oil	4	Forced Air-Duc
Holden	1010	Single Fam  MDL-01	1.5	1 1/2 Stories	4	Cape Cod	3109	2	Oil	5	Hot Water
Holden	1010	Single Fam  MDL-01	1.5	1 1/2 Stories	4	Cape Cod	3116	2	Oil	5	Hot Water
Holden	1010	Single Fam  MDL-01	1.5	1 1/2 Stories	4	Cape Cod	3122	3	Gas	4	Forced Air-Duc
Holden	1010	Single Fam  MDL-01	1.5	1 1/2 Stories	4	Cape Cod	3129	2	Oil	5	Hot Water
Holden	1010	Single Fam  MDL-01	1.5	1 1/2 Stories	4	Cape Cod	3167	2	Oil	5	Hot Water
Holden	1010	Single Fam  MDL-01	1.5	1 1/2 Stories	4	Cape Cod	3168	2	Oil	5	Hot Water
Holden	1010	Single Fam  MDL-01	1.5	1 1/2 Stories	4	Cape Cod	3252	3	Gas	5	Hot Water
Holden	1010	Single Fam  MDL-01	1.5	1 1/2 Stories	4	Cape Cod	3268	2	Oil	4	Forced Air-Duc
Holden	1010	Single Fam  MDL-01	1.5	1 1/2 Stories	4	Cape Cod	3268	3	Gas	5	Hot Water
Holden	1010	Single Fam  MDL-01	1.5	1 1/2 Stories	4	Cape Cod	3289	2	Oil	5	Hot Water
Holden	1010	Single Fam  MDL-01	1.5	1 1/2 Stories	4	Cape Cod	3293	2	Oil	5	Hot Water
Holden	1010	Single Fam  MDL-01	1.5	1 1/2 Stories	4	Cape Cod	3301	2	Oil	5	Hot Water
Holden	1010	Single Fam  MDL-01	1.5	1 1/2 Stories	4	Cape Cod	3433	2	Oil	5	Hot Water
Holden	1010	Single Fam  MDL-01	1.5	1 1/2 Stories	4	Cape Cod	3437	2	Oil	5	Hot Water
Holden	1010	Single Fam  MDL-01	1.5	1 1/2 Stories	4	Cape Cod	3479	3	Gas	4	Forced Air-Duc
Holden	1010	Single Fam  MDL-01	1.5	1 1/2 Stories	4	Cape Cod	3495	2	Oil	4	Forced Air-Duc
Holden	1010	Single Fam  MDL-01	1.5	1 1/2 Stories	4	Cape Cod	3517	2	Oil	4	Forced Air-Duc
Holden	1010	Single Fam  MDL-01	1.5	1 1/2 Stories	4	Cape Cod	3526	2	Oil	4	Forced Air-Duc
Holden	1010	Single Fam  MDL-01	1.5	1 1/2 Stories	4	Cape Cod	3555	2	Oil	5	Hot Water
Holden	1010	Single Fam  MDL-01	1.5	1 1/2 Stories	4	Cape Cod	3762	2	Oil	5	Hot Water
Holden	1010	Single Fam  MDL-01	1.5	1 1/2 Stories	4	Cape Cod	3897	2	Oil	5	Hot Water
Holden	1010	Single Fam  MDL-01	1.5	1 1/2 Stories	4	Cape Cod	3944	2	Oil	5	Hot Water
Holden	1010	Single Fam  MDL-01	1.5	1 1/2 Stories	4	Cape Cod	4390	2	Oil	5	Hot Water
Holden	1010	Single Fam  MDL-01	1.5	1 1/2 Stories	4	Cape Cod	4928	2	Oil	5	Hot Water
Holden	1010	Single Fam  MDL-01	1.5	1 1/2 Stories	5	Bungalow	1126	2	Oil	6	Steam
Holden	1010	Single Fam  MDL-01	1.5	1 1/2 Stories	5	Bungalow	1436	2	Oil	5	Hot Water
Holden	1010	Single Fam  MDL-01	1.5	1 1/2 Stories	5	Bungalow	1836	2	Oil	6	Steam
Holden	1010	Single Fam  MDL-01	1.5	1 1/2 Stories	5	Bungalow	2229	2	Oil	6	Steam
Holden	1010	Single Fam  MDL-01	1.5	1 1/2 Stories	5	Bungalow	2264	2	Oil	5	Hot Water
Holden	1010	Single Fam  MDL-01	1.5	1 1/2 Stories	5	Bungalow	2297	2	Oil	4	Forced Air-Duc
Holden	1010	Single Fam  MDL-01	1.5	1 1/2 Stories	6	Conventional	768	2	Oil	2	Convection
Holden	1010	Single Fam  MDL-01	1.5	1 1/2 Stories	6	Conventional	897	2	Oil	5	Hot Water
Holden	1010	Single Fam  MDL-01	1.5	1 1/2 Stories	6	Conventional	905	2	Oil	3	Hot Air-no Duc
Holden	1010	Single Fam  MDL-01	1.5	1 1/2 Stories	6	Conventional	993	2	Oil	5	Hot Water
Holden	1010	Single Fam  MDL-01	1.5	1 1/2 Stories	6	Conventional	1030	2	Oil	6	Steam
Holden	1010	Single Fam  MDL-01	1.5	1 1/2 Stories	6	Conventional	1040	2	Oil	4	Forced Air-Duc
Holden	1010	Single Fam  MDL-01	1.5	1 1/2 Stories	6	Conventional	1052	2	Oil	4	Forced Air-Duc
Holden	1010	Single Fam  MDL-01	1.5	1 1/2 Stories	6	Conventional	1073	2	Oil	6	Steam
Holden	1010	Single Fam  MDL-01	1.5	1 1/2 Stories	6	Conventional	1088	2	Oil	4	Forced Air-Duc
Holden	1010	Single Fam  MDL-01	1.5	1 1/2 Stories	6	Conventional	1207	2	Oil	5	Hot Water
Holden	1010	Single Fam  MDL-01	1.5	1 1/2 Stories	6	Conventional	1232	2	Oil	5	Hot Water
Holden	1010	Single Fam  MDL-01	1.5	1 1/2 Stories	6	Conventional	1234	2	Oil	6	Steam
Holden	1010	Single Fam  MDL-01	1.5	1 1/2 Stories	6	Conventional	1248	3	Gas	4	Forced Air-Duc
Holden	1010	Single Fam  MDL-01	1.5	1 1/2 Stories	6	Conventional	1252	2	Oil	5	Hot Water
Holden	1010	Single Fam  MDL-01	1.5	1 1/2 Stories	6	Conventional	1258	2	Oil	5	Hot Water
Holden	1010	Single Fam  MDL-01	1.5	1 1/2 Stories	6	Conventional	1265	2	Oil	5	Hot Water
Holden	1010	Single Fam  MDL-01	1.5	1 1/2 Stories	6	Conventional	1267	2	Oil	5	Hot Water
Holden	1010	Single Fam  MDL-01	1.5	1 1/2 Stories	6	Conventional	1280	2	Oil	4	Forced Air-Duc
Holden	1010	Single Fam  MDL-01	1.5	1 1/2 Stories	6	Conventional	1287	2	Oil	6	Steam
Holden	1010	Single Fam  MDL-01	1.5	1 1/2 Stories	6	Conventional	1298	2	Oil	5	Hot Water
Holden	1010	Single Fam  MDL-01	1.5	1 1/2 Stories	6	Conventional	1302	2	Oil	4	Forced Air-Duc
Holden	1010	Single Fam  MDL-01	1.5	1 1/2 Stories	6	Conventional	1328	2	Oil	6	Steam
Holden	1010	Single Fam  MDL-01	1.5	1 1/2 Stories	6	Conventional	1329	2	Oil	5	Hot Water
Holden	1010	Single Fam  MDL-01	1.5	1 1/2 Stories	6	Conventional	1371	2	Oil	5	Hot Water
Holden	1010	Single Fam  MDL-01	1.5	1 1/2 Stories	6	Conventional	1379	2	Oil	4	Forced Air-Duc
Holden	1010	Single Fam  MDL-01	1.5	1 1/2 Stories	6	Conventional	1384	3	Gas	4	Forced Air-Duc
Holden	1010	Single Fam  MDL-01	1.5	1 1/2 Stories	6	Conventional	1417	2	Oil	6	Steam
Holden	1010	Single Fam  MDL-01	1.5	1 1/2 Stories	6	Conventional	1418	2	Oil	5	Hot Water
Holden	1010	Single Fam  MDL-01	1.5	1 1/2 Stories	6	Conventional	1418	2	Oil	5	Hot Water
Holden	1010	Single Fam  MDL-01	1.5	1 1/2 Stories	6	Conventional	1424	2	Oil	5	Hot Water
Holden	1010	Single Fam  MDL-01	1.5	1 1/2 Stories	6	Conventional	1426	2	Oil	5	Hot Water
Holden	1010	Single Fam  MDL-01	1.5	1 1/2 Stories	6	Conventional	1431	2	Oil	6	Steam
Holden	1010	Single Fam  MDL-01	1.5	1 1/2 Stories	6	Conventional	1434	2	Oil	4	Forced Air-Duc
Holden	1010	Single Fam  MDL-01	1.5	1 1/2 Stories	6	Conventional	1442	2	Oil	5	Hot Water
Holden	1010	Single Fam  MDL-01	1.5	1 1/2 Stories	6	Conventional	1442	2	Oil	5	Hot Water
Holden	1010	Single Fam  MDL-01	1.5	1 1/2 Stories	6	Conventional	1448	2	Oil	6	Steam
Holden	1010	Single Fam  MDL-01	1.5	1 1/2 Stories	6	Conventional	1478	2	Oil	5	Hot Water
Holden	1010	Single Fam  MDL-01	1.5	1 1/2 Stories	6	Conventional	1480	2	Oil	5	Hot Water
Holden	1010	Single Fam  MDL-01	1.5	1 1/2 Stories	6	Conventional	1483	2	Oil	4	Forced Air-Duc
Holden	1010	Single Fam  MDL-01	1.5	1 1/2 Stories	6	Conventional	1484	2	Oil	6	Steam
Holden	1010	Single Fam  MDL-01	1.5	1 1/2 Stories	6	Conventional	1486	2	Oil	4	Forced Air-Duc
Holden	1010	Single Fam  MDL-01	1.5	1 1/2 Stories	6	Conventional	1489	2	Oil	6	Steam
Holden	1010	Single Fam  MDL-01	1.5	1 1/2 Stories	6	Conventional	1498	7	Propane	4	Forced Air-Duc
Holden	1010	Single Fam  MDL-01	1.5	1 1/2 Stories	6	Conventional	1499	2	Oil	5	Hot Water
Holden	1010	Single Fam  MDL-01	1.5	1 1/2 Stories	6	Conventional	1508	2	Oil	5	Hot Water
Holden	1010	Single Fam  MDL-01	1.5	1 1/2 Stories	6	Conventional	1510	2	Oil	5	Hot Water
Holden	1010	Single Fam  MDL-01	1.5	1 1/2 Stories	6	Conventional	1516	2	Oil	5	Hot Water
Holden	1010	Single Fam  MDL-01	1.5	1 1/2 Stories	6	Conventional	1517	2	Oil	6	Steam
Holden	1010	Single Fam  MDL-01	1.5	1 1/2 Stories	6	Conventional	1528	2	Oil	5	Hot Water
Holden	1010	Single Fam  MDL-01	1.5	1 1/2 Stories	6	Conventional	1534	2	Oil	5	Hot Water
Holden	1010	Single Fam  MDL-01	1.5	1 1/2 Stories	6	Conventional	1548	2	Oil	4	Forced Air-Duc
Holden	1010	Single Fam  MDL-01	1.5	1 1/2 Stories	6	Conventional	1558	2	Oil	6	Steam
Holden	1010	Single Fam  MDL-01	1.5	1 1/2 Stories	6	Conventional	1571	2	Oil	5	Hot Water
Holden	1010	Single Fam  MDL-01	1.5	1 1/2 Stories	6	Conventional	1579	2	Oil	5	Hot Water
Holden	1010	Single Fam  MDL-01	1.5	1 1/2 Stories	6	Conventional	1584	2	Oil	4	Forced Air-Duc
Holden	1010	Single Fam  MDL-01	1.5	1 1/2 Stories	6	Conventional	1590	2	Oil	4	Forced Air-Duc
Holden	1010	Single Fam  MDL-01	1.5	1 1/2 Stories	6	Conventional	1626	2	Oil	6	Steam
Holden	1010	Single Fam  MDL-01	1.5	1 1/2 Stories	6	Conventional	1629	2	Oil	6	Steam
Holden	1010	Single Fam  MDL-01	1.5	1 1/2 Stories	6	Conventional	1630	2	Oil	5	Hot Water
Holden	1010	Single Fam  MDL-01	1.5	1 1/2 Stories	6	Conventional	1631	2	Oil	5	Hot Water
Holden	1010	Single Fam  MDL-01	1.5	1 1/2 Stories	6	Conventional	1654	2	Oil	5	Hot Water
Holden	1010	Single Fam  MDL-01	1.5	1 1/2 Stories	6	Conventional	1660	2	Oil	4	Forced Air-Duc
Holden	1010	Single Fam  MDL-01	1.5	1 1/2 Stories	6	Conventional	1662	3	Gas	4	Forced Air-Duc
Holden	1010	Single Fam  MDL-01	1.5	1 1/2 Stories	6	Conventional	1665	2	Oil	5	Hot Water
Holden	1010	Single Fam  MDL-01	1.5	1 1/2 Stories	6	Conventional	1673	2	Oil	5	Hot Water
Holden	1010	Single Fam  MDL-01	1.5	1 1/2 Stories	6	Conventional	1676	2	Oil	5	Hot Water
Holden	1010	Single Fam  MDL-01	1.5	1 1/2 Stories	6	Conventional	1682	2	Oil	4	Forced Air-Duc
Holden	1010	Single Fam  MDL-01	1.5	1 1/2 Stories	6	Conventional	1694	2	Oil	5	Hot Water
Holden	1010	Single Fam  MDL-01	1.5	1 1/2 Stories	6	Conventional	1697	2	Oil	4	Forced Air-Duc
Holden	1010	Single Fam  MDL-01	1.5	1 1/2 Stories	6	Conventional	1701	2	Oil	5	Hot Water
Holden	1010	Single Fam  MDL-01	1.5	1 1/2 Stories	6	Conventional	1703	2	Oil	5	Hot Water
Holden	1010	Single Fam  MDL-01	1.5	1 1/2 Stories	6	Conventional	1705	7	Propane	4	Forced Air-Duc
Holden	1010	Single Fam  MDL-01	1.5	1 1/2 Stories	6	Conventional	1709	2	Oil	5	Hot Water
Holden	1010	Single Fam  MDL-01	1.5	1 1/2 Stories	6	Conventional	1732	2	Oil	5	Hot Water
Holden	1010	Single Fam  MDL-01	1.5	1 1/2 Stories	6	Conventional	1737	2	Oil	5	Hot Water
Holden	1010	Single Fam  MDL-01	1.5	1 1/2 Stories	6	Conventional	1739	2	Oil	6	Steam
Holden	1010	Single Fam  MDL-01	1.5	1 1/2 Stories	6	Conventional	1750	2	Oil	5	Hot Water
Holden	1010	Single Fam  MDL-01	1.5	1 1/2 Stories	6	Conventional	1753	2	Oil	5	Hot Water
Holden	1010	Single Fam  MDL-01	1.5	1 1/2 Stories	6	Conventional	1754	3	Gas	5	Hot Water
Holden	1010	Single Fam  MDL-01	1.5	1 1/2 Stories	6	Conventional	1756	2	Oil	5	Hot Water
Holden	1010	Single Fam  MDL-01	1.5	1 1/2 Stories	6	Conventional	1762	3	Gas	5	Hot Water
Holden	1010	Single Fam  MDL-01	1.5	1 1/2 Stories	6	Conventional	1774	3	Gas	11	Geothermal
Holden	1010	Single Fam  MDL-01	1.5	1 1/2 Stories	6	Conventional	1790	2	Oil	5	Hot Water
Holden	1010	Single Fam  MDL-01	1.5	1 1/2 Stories	6	Conventional	1817	2	Oil	5	Hot Water
Holden	1010	Single Fam  MDL-01	1.5	1 1/2 Stories	6	Conventional	1828	2	Oil	6	Steam
Holden	1010	Single Fam  MDL-01	1.5	1 1/2 Stories	6	Conventional	1846	3	Gas	5	Hot Water
Holden	1010	Single Fam  MDL-01	1.5	1 1/2 Stories	6	Conventional	1919	2	Oil	5	Hot Water
Holden	1010	Single Fam  MDL-01	1.5	1 1/2 Stories	6	Conventional	1964	2	Oil	5	Hot Water
Holden	1010	Single Fam  MDL-01	1.5	1 1/2 Stories	6	Conventional	1972	2	Oil	6	Steam
Holden	1010	Single Fam  MDL-01	1.5	1 1/2 Stories	6	Conventional	1982	2	Oil	5	Hot Water
Holden	1010	Single Fam  MDL-01	1.5	1 1/2 Stories	6	Conventional	2023	2	Oil	5	Hot Water
Holden	1010	Single Fam  MDL-01	1.5	1 1/2 Stories	6	Conventional	2111	2	Oil	5	Hot Water
Holden	1010	Single Fam  MDL-01	1.5	1 1/2 Stories	6	Conventional	2132	2	Oil	5	Hot Water
Holden	1010	Single Fam  MDL-01	1.5	1 1/2 Stories	6	Conventional	2237	2	Oil	6	Steam
Holden	1010	Single Fam  MDL-01	1.5	1 1/2 Stories	6	Conventional	2320	2	Oil	6	Steam
Holden	1010	Single Fam  MDL-01	1.5	1 1/2 Stories	6	Conventional	2343	3	Gas	4	Forced Air-Duc
Holden	1010	Single Fam  MDL-01	1.5	1 1/2 Stories	6	Conventional	2406	2	Oil	4	Forced Air-Duc
Holden	1010	Single Fam  MDL-01	1.5	1 1/2 Stories	6	Conventional	2416	2	Oil	5	Hot Water
Holden	1010	Single Fam  MDL-01	1.5	1 1/2 Stories	6	Conventional	2418	3	Gas	4	Forced Air-Duc
Holden	1010	Single Fam  MDL-01	1.5	1 1/2 Stories	6	Conventional	2429	2	Oil	6	Steam
Holden	1010	Single Fam  MDL-01	1.5	1 1/2 Stories	6	Conventional	2435	3	Gas	5	Hot Water
Holden	1010	Single Fam  MDL-01	1.5	1 1/2 Stories	6	Conventional	2686	2	Oil	5	Hot Water
Holden	1010	Single Fam  MDL-01	1.5	1 1/2 Stories	6	Conventional	3127	2	Oil	5	Hot Water
Holden	1010	Single Fam  MDL-01	1.5	1 1/2 Stories	6	Conventional	3334	2	Oil	6	Steam
Holden	1010	Single Fam  MDL-01	1.5	1 1/2 Stories	6	Conventional	3402	2	Oil	5	Hot Water
Holden	1010	Single Fam  MDL-01	1.5	1 1/2 Stories	6	Conventional	3455	2	Oil	5	Hot Water
Holden	1010	Single Fam  MDL-01	1.5	1 1/2 Stories	6	Conventional	3517	2	Oil	5	Hot Water
Holden	1010	Single Fam  MDL-01	1.5	1 1/2 Stories	6	Conventional	4301	2	Oil	5	Hot Water
Holden	1010	Single Fam  MDL-01	1.5	1 1/2 Stories	7	Modern/Contemp	1241	4	Electric	7	Radiant-Elec.
Holden	1010	Single Fam  MDL-01	1.5	1 1/2 Stories	7	Modern/Contemp	1456	2	Oil	4	Forced Air-Duc
Holden	1010	Single Fam  MDL-01	1.5	1 1/2 Stories	7	Modern/Contemp	1539	2	Oil	5	Hot Water
Holden	1010	Single Fam  MDL-01	1.5	1 1/2 Stories	7	Modern/Contemp	1545	2	Oil	5	Hot Water
Holden	1010	Single Fam  MDL-01	1.5	1 1/2 Stories	7	Modern/Contemp	1670	4	Electric	7	Radiant-Elec.
Holden	1010	Single Fam  MDL-01	1.5	1 1/2 Stories	7	Modern/Contemp	1680	2	Oil	4	Forced Air-Duc
Holden	1010	Single Fam  MDL-01	1.5	1 1/2 Stories	7	Modern/Contemp	1691	2	Oil	4	Forced Air-Duc
Holden	1010	Single Fam  MDL-01	1.5	1 1/2 Stories	7	Modern/Contemp	1713	4	Electric	7	Radiant-Elec.
Holden	1010	Single Fam  MDL-01	1.5	1 1/2 Stories	7	Modern/Contemp	1734	4	Electric	7	Radiant-Elec.
Holden	1010	Single Fam  MDL-01	1.5	1 1/2 Stories	7	Modern/Contemp	1741	2	Oil	5	Hot Water
Holden	1010	Single Fam  MDL-01	1.5	1 1/2 Stories	7	Modern/Contemp	1757	2	Oil	5	Hot Water
Holden	1010	Single Fam  MDL-01	1.5	1 1/2 Stories	7	Modern/Contemp	1775	2	Oil	5	Hot Water
Holden	1010	Single Fam  MDL-01	1.5	1 1/2 Stories	7	Modern/Contemp	1776	4	Electric	7	Radiant-Elec.
Holden	1010	Single Fam  MDL-01	1.5	1 1/2 Stories	7	Modern/Contemp	1801	2	Oil	5	Hot Water
Holden	1010	Single Fam  MDL-01	1.5	1 1/2 Stories	7	Modern/Contemp	1807	4	Electric	7	Radiant-Elec.
Holden	1010	Single Fam  MDL-01	1.5	1 1/2 Stories	7	Modern/Contemp	1810	3	Gas	5	Hot Water
Holden	1010	Single Fam  MDL-01	1.5	1 1/2 Stories	7	Modern/Contemp	1816	2	Oil	5	Hot Water
Holden	1010	Single Fam  MDL-01	1.5	1 1/2 Stories	7	Modern/Contemp	1836	2	Oil	5	Hot Water
Holden	1010	Single Fam  MDL-01	1.5	1 1/2 Stories	7	Modern/Contemp	1839	2	Oil	5	Hot Water
Holden	1010	Single Fam  MDL-01	1.5	1 1/2 Stories	7	Modern/Contemp	1859	2	Oil	5	Hot Water
Holden	1010	Single Fam  MDL-01	1.5	1 1/2 Stories	7	Modern/Contemp	1876	2	Oil	5	Hot Water
Holden	1010	Single Fam  MDL-01	1.5	1 1/2 Stories	7	Modern/Contemp	1887	2	Oil	5	Hot Water
Holden	1010	Single Fam  MDL-01	1.5	1 1/2 Stories	7	Modern/Contemp	1903	2	Oil	5	Hot Water
Holden	1010	Single Fam  MDL-01	1.5	1 1/2 Stories	7	Modern/Contemp	1910	2	Oil	5	Hot Water
Holden	1010	Single Fam  MDL-01	1.5	1 1/2 Stories	7	Modern/Contemp	1914	2	Oil	5	Hot Water
Holden	1010	Single Fam  MDL-01	1.5	1 1/2 Stories	7	Modern/Contemp	1916	2	Oil	5	Hot Water
Holden	1010	Single Fam  MDL-01	1.5	1 1/2 Stories	7	Modern/Contemp	1919	4	Electric	7	Radiant-Elec.
Holden	1010	Single Fam  MDL-01	1.5	1 1/2 Stories	7	Modern/Contemp	1943	2	Oil	5	Hot Water
Holden	1010	Single Fam  MDL-01	1.5	1 1/2 Stories	7	Modern/Contemp	1997	2	Oil	5	Hot Water
Holden	1010	Single Fam  MDL-01	1.5	1 1/2 Stories	7	Modern/Contemp	2101	2	Oil	5	Hot Water
Holden	1010	Single Fam  MDL-01	1.5	1 1/2 Stories	7	Modern/Contemp	2178	4	Electric	7	Radiant-Elec.
Holden	1010	Single Fam  MDL-01	1.5	1 1/2 Stories	7	Modern/Contemp	2224	2	Oil	5	Hot Water
Holden	1010	Single Fam  MDL-01	1.5	1 1/2 Stories	7	Modern/Contemp	2253	2	Oil	4	Forced Air-Duc
Holden	1010	Single Fam  MDL-01	1.5	1 1/2 Stories	7	Modern/Contemp	2266	2	Oil	5	Hot Water
Holden	1010	Single Fam  MDL-01	1.5	1 1/2 Stories	7	Modern/Contemp	2288	2	Oil	5	Hot Water
Holden	1010	Single Fam  MDL-01	1.5	1 1/2 Stories	7	Modern/Contemp	2288	2	Oil	10	Hydro Air
Holden	1010	Single Fam  MDL-01	1.5	1 1/2 Stories	7	Modern/Contemp	2291	2	Oil	5	Hot Water
Holden	1010	Single Fam  MDL-01	1.5	1 1/2 Stories	7	Modern/Contemp	2309	2	Oil	5	Hot Water
Holden	1010	Single Fam  MDL-01	1.5	1 1/2 Stories	7	Modern/Contemp	2381	2	Oil	4	Forced Air-Duc
Holden	1010	Single Fam  MDL-01	1.5	1 1/2 Stories	7	Modern/Contemp	2397	2	Oil	5	Hot Water
Holden	1010	Single Fam  MDL-01	1.5	1 1/2 Stories	7	Modern/Contemp	2659	3	Gas	4	Forced Air-Duc
Holden	1010	Single Fam  MDL-01	1.5	1 1/2 Stories	7	Modern/Contemp	2729	7	Propane	8	Radiant-Water
Holden	1010	Single Fam  MDL-01	1.5	1 1/2 Stories	7	Modern/Contemp	2928	3	Gas	5	Hot Water
Holden	1010	Single Fam  MDL-01	1.5	1 1/2 Stories	7	Modern/Contemp	3332	2	Oil	5	Hot Water
Holden	1010	Single Fam  MDL-01	1.5	1 1/2 Stories	7	Modern/Contemp	3595	2	Oil	10	Hydro Air
Holden	1010	Single Fam  MDL-01	1.5	1 1/2 Stories	7	Modern/Contemp	3603	2	Oil	5	Hot Water
Holden	1010	Single Fam  MDL-01	1.5	1 1/2 Stories	7	Modern/Contemp	3738	2	Oil	5	Hot Water
Holden	1010	Single Fam  MDL-01	1.5	1 1/2 Stories	7	Modern/Contemp	3870	2	Oil	4	Forced Air-Duc
Holden	1010	Single Fam  MDL-01	1.5	1 1/2 Stories	7	Modern/Contemp	3916	2	Oil	5	Hot Water
Holden	1010	Single Fam  MDL-01	1.5	1 1/2 Stories	7	Modern/Contemp	4327	2	Oil	5	Hot Water
Holden	1010	Single Fam  MDL-01	1.5	1 1/2 Stories	8	Raised Ranch	1184	2	Oil	5	Hot Water
Holden	1010	Single Fam  MDL-01	1.5	1 1/2 Stories	8	Raised Ranch	1242	2	Oil	5	Hot Water
Holden	1010	Single Fam  MDL-01	1.5	1 1/2 Stories	8	Raised Ranch	1256	2	Oil	5	Hot Water
Holden	1010	Single Fam  MDL-01	1.5	1 1/2 Stories	8	Raised Ranch	1818	2	Oil	4	Forced Air-Duc
Holden	1010	Single Fam  MDL-01	1.5	1 1/2 Stories	8	Raised Ranch	2382	3	Gas	4	Forced Air-Duc
Holden	1010	Single Fam  MDL-01	1.5	1 1/2 Stories	11	Family Conver.	1821	2	Oil	6	Steam
Holden	1010	Single Fam  MDL-01	1.5	1 1/2 Stories	63	Antique	1135	2	Oil	4	Forced Air-Duc
Holden	1010	Single Fam  MDL-01	1.5	1 1/2 Stories	63	Antique	1308	2	Oil	5	Hot Water
Holden	1010	Single Fam  MDL-01	1.5	1 1/2 Stories	63	Antique	1322	2	Oil	5	Hot Water
Holden	1010	Single Fam  MDL-01	1.5	1 1/2 Stories	63	Antique	1331	2	Oil	6	Steam
Holden	1010	Single Fam  MDL-01	1.5	1 1/2 Stories	63	Antique	1433	2	Oil	5	Hot Water
Holden	1010	Single Fam  MDL-01	1.5	1 1/2 Stories	63	Antique	1511	2	Oil	4	Forced Air-Duc
Holden	1010	Single Fam  MDL-01	1.5	1 1/2 Stories	63	Antique	1668	2	Oil	6	Steam
Holden	1010	Single Fam  MDL-01	1.5	1 1/2 Stories	63	Antique	1672	2	Oil	5	Hot Water
Holden	1010	Single Fam  MDL-01	1.5	1 1/2 Stories	63	Antique	1840	2	Oil	5	Hot Water
Holden	1010	Single Fam  MDL-01	1.5	1 1/2 Stories	63	Antique	1850	2	Oil	5	Hot Water
Holden	1010	Single Fam  MDL-01	1.5	1 1/2 Stories	63	Antique	1868	2	Oil	6	Steam
Holden	1010	Single Fam  MDL-01	1.5	1 1/2 Stories	63	Antique	1870	2	Oil	6	Steam
Holden	1010	Single Fam  MDL-01	1.5	1 1/2 Stories	63	Antique	1897	2	Oil	5	Hot Water
Holden	1010	Single Fam  MDL-01	1.5	1 1/2 Stories	63	Antique	1987	2	Oil	6	Steam
Holden	1010	Single Fam  MDL-01	1.5	1 1/2 Stories	63	Antique	2043	2	Oil	5	Hot Water
Holden	1010	Single Fam  MDL-01	1.5	1 1/2 Stories	63	Antique	2071	2	Oil	5	Hot Water
Holden	1010	Single Fam  MDL-01	1.5	1 1/2 Stories	63	Antique	2098	2	Oil	6	Steam
Holden	1010	Single Fam  MDL-01	1.5	1 1/2 Stories	63	Antique	2832	2	Oil	5	Hot Water
Holden	1010	Single Fam  MDL-01	1.5	1 1/2 Stories	63	Antique	3245	2	Oil	4	Forced Air-Duc
Holden	1010	Single Fam  MDL-01	1.5	1 1/2 Stories	63	Antique	3526	2	Oil	5	Hot Water
Holden	1010	Single Fam  MDL-01	1.5	1 1/2 Stories	63	Antique	3850	2	Oil	4	Forced Air-Duc
Holden	1010	Single Fam  MDL-01	1.5	1 1/2 Stories	63	Antique	4238	2	Oil	5	Hot Water
Holden	1010	Single Fam  MDL-01	1.5	1 Story	4	Cape Cod	1317	3	Gas	4	Forced Air-Duc
Holden	1010	Single Fam  MDL-01	1.5	1 Story	4	Cape Cod	1693	2	Oil	5	Hot Water
Holden	1010	Single Fam  MDL-01	1.5	1 Story	4	Cape Cod	1733	2	Oil	5	Hot Water
Holden	1010	Single Fam  MDL-01	1.5	1 Story	4	Cape Cod	1737	2	Oil	5	Hot Water
Holden	1010	Single Fam  MDL-01	1.5	1 Story	4	Cape Cod	2440	3	Gas	4	Forced Air-Duc
Holden	1010	Single Fam  MDL-01	1.5	1 Story	4	Cape Cod	2494	2	Oil	5	Hot Water
Holden	1010	Single Fam  MDL-01	1.5	1 Story	6	Conventional	2127	2	Oil	5	Hot Water
Holden	1010	Single Fam  MDL-01	1.5	1 Story	6	Conventional	2585	2	Oil	5	Hot Water
Holden	1010	Single Fam  MDL-01	1.5	1 Story	63	Antique	1514	2	Oil	6	Steam
Holden	1010	Single Fam  MDL-01	1.5		4	Cape Cod	3214	2	Oil	10	Hydro Air
Holden	1010	Single Fam  MDL-01	1.5		7	Modern/Contemp	2330	3	Gas	4	Forced Air-Duc
Holden	1010	Single Fam  MDL-01	1.75		4	Cape Cod	2355	3	Gas	4	Forced Air-Duc
Holden	1010	Single Fam  MDL-01	1.75		4	Cape Cod	2505	3	Gas	4	Forced Air-Duc
Holden	1010	Single Fam  MDL-01	1.75		7	Modern/Contemp	3503	3	Gas	4	Forced Air-Duc
Holden	1010	Single Fam  MDL-01	1.75	1 1/2 Stories	4	Cape Cod	1615	2	Oil	5	Hot Water
Holden	1010	Single Fam  MDL-01	1.75	1 1/2 Stories	4	Cape Cod	2233	2	Oil	6	Steam
Holden	1010	Single Fam  MDL-01	1.75	1 1/2 Stories	4	Cape Cod	2295	2	Oil	5	Hot Water
Holden	1010	Single Fam  MDL-01	1.75	1 1/2 Stories	4	Cape Cod	2669	2	Oil	10	Hydro Air
Holden	1010	Single Fam  MDL-01	1.75	1 1/2 Stories	4	Cape Cod	3487	2	Oil	10	Hydro Air
Holden	1010	Single Fam  MDL-01	1.75	1 1/2 Stories	4	Cape Cod	3933	3	Gas	4	Forced Air-Duc
Holden	1010	Single Fam  MDL-01	1.75	1 1/2 Stories	6	Conventional	1531	2	Oil	5	Hot Water
Holden	1010	Single Fam  MDL-01	1.75	1 3/4 Stories	3	Colonial	1792	3	Gas	4	Forced Air-Duc
Holden	1010	Single Fam  MDL-01	1.75	1 3/4 Stories	3	Colonial	2011	2	Oil	5	Hot Water
Holden	1010	Single Fam  MDL-01	1.75	1 3/4 Stories	4	Cape Cod	1188	2	Oil	6	Steam
Holden	1010	Single Fam  MDL-01	1.75	1 3/4 Stories	4	Cape Cod	1260	2	Oil	5	Hot Water
Holden	1010	Single Fam  MDL-01	1.75	1 3/4 Stories	4	Cape Cod	1267	2	Oil	5	Hot Water
Holden	1010	Single Fam  MDL-01	1.75	1 3/4 Stories	4	Cape Cod	1267	2	Oil	5	Hot Water
Holden	1010	Single Fam  MDL-01	1.75	1 3/4 Stories	4	Cape Cod	1312	2	Oil	5	Hot Water
Holden	1010	Single Fam  MDL-01	1.75	1 3/4 Stories	4	Cape Cod	1321	2	Oil	4	Forced Air-Duc
Holden	1010	Single Fam  MDL-01	1.75	1 3/4 Stories	4	Cape Cod	1324	2	Oil	6	Steam
Holden	1010	Single Fam  MDL-01	1.75	1 3/4 Stories	4	Cape Cod	1426	2	Oil	5	Hot Water
Holden	1010	Single Fam  MDL-01	1.75	1 3/4 Stories	4	Cape Cod	1458	2	Oil	4	Forced Air-Duc
Holden	1010	Single Fam  MDL-01	1.75	1 3/4 Stories	4	Cape Cod	1476	2	Oil	4	Forced Air-Duc
Holden	1010	Single Fam  MDL-01	1.75	1 3/4 Stories	4	Cape Cod	1498	2	Oil	6	Steam
Holden	1010	Single Fam  MDL-01	1.75	1 3/4 Stories	4	Cape Cod	1505	7	Propane	5	Hot Water
Holden	1010	Single Fam  MDL-01	1.75	1 3/4 Stories	4	Cape Cod	1544	2	Oil	5	Hot Water
Holden	1010	Single Fam  MDL-01	1.75	1 3/4 Stories	4	Cape Cod	1558	2	Oil	6	Steam
Holden	1010	Single Fam  MDL-01	1.75	1 3/4 Stories	4	Cape Cod	1584	2	Oil	5	Hot Water
Holden	1010	Single Fam  MDL-01	1.75	1 3/4 Stories	4	Cape Cod	1598	2	Oil	5	Hot Water
Holden	1010	Single Fam  MDL-01	1.75	1 3/4 Stories	4	Cape Cod	1616	2	Oil	5	Hot Water
Holden	1010	Single Fam  MDL-01	1.75	1 3/4 Stories	4	Cape Cod	1620	2	Oil	5	Hot Water
Holden	1010	Single Fam  MDL-01	1.75	1 3/4 Stories	4	Cape Cod	1620	2	Oil	5	Hot Water
Holden	1010	Single Fam  MDL-01	1.75	1 3/4 Stories	4	Cape Cod	1620	2	Oil	5	Hot Water
Holden	1010	Single Fam  MDL-01	1.75	1 3/4 Stories	4	Cape Cod	1632	2	Oil	6	Steam
Holden	1010	Single Fam  MDL-01	1.75	1 3/4 Stories	4	Cape Cod	1634	2	Oil	5	Hot Water
Holden	1010	Single Fam  MDL-01	1.75	1 3/4 Stories	4	Cape Cod	1674	2	Oil	6	Steam
Holden	1010	Single Fam  MDL-01	1.75	1 3/4 Stories	4	Cape Cod	1685	2	Oil	5	Hot Water
Holden	1010	Single Fam  MDL-01	1.75	1 3/4 Stories	4	Cape Cod	1685	2	Oil	5	Hot Water
Holden	1010	Single Fam  MDL-01	1.75	1 3/4 Stories	4	Cape Cod	1685	2	Oil	5	Hot Water
Holden	1010	Single Fam  MDL-01	1.75	1 3/4 Stories	4	Cape Cod	1685	2	Oil	5	Hot Water
Holden	1010	Single Fam  MDL-01	1.75	1 3/4 Stories	4	Cape Cod	1685	3	Gas	4	Forced Air-Duc
Holden	1010	Single Fam  MDL-01	1.75	1 3/4 Stories	4	Cape Cod	1685	3	Gas	4	Forced Air-Duc
Holden	1010	Single Fam  MDL-01	1.75	1 3/4 Stories	4	Cape Cod	1693	2	Oil	6	Steam
Holden	1010	Single Fam  MDL-01	1.75	1 3/4 Stories	4	Cape Cod	1717	2	Oil	5	Hot Water
Holden	1010	Single Fam  MDL-01	1.75	1 3/4 Stories	4	Cape Cod	1734	2	Oil	6	Steam
Holden	1010	Single Fam  MDL-01	1.75	1 3/4 Stories	4	Cape Cod	1761	2	Oil	5	Hot Water
Holden	1010	Single Fam  MDL-01	1.75	1 3/4 Stories	4	Cape Cod	1770	2	Oil	5	Hot Water
Holden	1010	Single Fam  MDL-01	1.75	1 3/4 Stories	4	Cape Cod	1800	2	Oil	5	Hot Water
Holden	1010	Single Fam  MDL-01	1.75	1 3/4 Stories	4	Cape Cod	1814	2	Oil	5	Hot Water
Holden	1010	Single Fam  MDL-01	1.75	1 3/4 Stories	4	Cape Cod	1836	2	Oil	5	Hot Water
Holden	1010	Single Fam  MDL-01	1.75	1 3/4 Stories	4	Cape Cod	1836	2	Oil	6	Steam
Holden	1010	Single Fam  MDL-01	1.75	1 3/4 Stories	4	Cape Cod	1837	3	Gas	4	Forced Air-Duc
Holden	1010	Single Fam  MDL-01	1.75	1 3/4 Stories	4	Cape Cod	1850	2	Oil	6	Steam
Holden	1010	Single Fam  MDL-01	1.75	1 3/4 Stories	4	Cape Cod	1854	2	Oil	5	Hot Water
Holden	1010	Single Fam  MDL-01	1.75	1 3/4 Stories	4	Cape Cod	1860	2	Oil	5	Hot Water
Holden	1010	Single Fam  MDL-01	1.75	1 3/4 Stories	4	Cape Cod	1870	3	Gas	4	Forced Air-Duc
Holden	1010	Single Fam  MDL-01	1.75	1 3/4 Stories	4	Cape Cod	1890	2	Oil	5	Hot Water
Holden	1010	Single Fam  MDL-01	1.75	1 3/4 Stories	4	Cape Cod	1897	2	Oil	6	Steam
Holden	1010	Single Fam  MDL-01	1.75	1 3/4 Stories	4	Cape Cod	1908	3	Gas	5	Hot Water
Holden	1010	Single Fam  MDL-01	1.75	1 3/4 Stories	4	Cape Cod	1911	2	Oil	4	Forced Air-Duc
Holden	1010	Single Fam  MDL-01	1.75	1 3/4 Stories	4	Cape Cod	1913	3	Gas	5	Hot Water
Holden	1010	Single Fam  MDL-01	1.75	1 3/4 Stories	4	Cape Cod	1915	2	Oil	5	Hot Water
Holden	1010	Single Fam  MDL-01	1.75	1 3/4 Stories	4	Cape Cod	1934	2	Oil	5	Hot Water
Holden	1010	Single Fam  MDL-01	1.75	1 3/4 Stories	4	Cape Cod	1958	3	Gas	4	Forced Air-Duc
Holden	1010	Single Fam  MDL-01	1.75	1 3/4 Stories	4	Cape Cod	1976	2	Oil	5	Hot Water
Holden	1010	Single Fam  MDL-01	1.75	1 3/4 Stories	4	Cape Cod	1982	2	Oil	5	Hot Water
Holden	1010	Single Fam  MDL-01	1.75	1 3/4 Stories	4	Cape Cod	1988	2	Oil	5	Hot Water
Holden	1010	Single Fam  MDL-01	1.75	1 3/4 Stories	4	Cape Cod	2006	2	Oil	5	Hot Water
Holden	1010	Single Fam  MDL-01	1.75	1 3/4 Stories	4	Cape Cod	2021	2	Oil	6	Steam
Holden	1010	Single Fam  MDL-01	1.75	1 3/4 Stories	4	Cape Cod	2023	2	Oil	5	Hot Water
Holden	1010	Single Fam  MDL-01	1.75	1 3/4 Stories	4	Cape Cod	2030	3	Gas	5	Hot Water
Holden	1010	Single Fam  MDL-01	1.75	1 3/4 Stories	4	Cape Cod	2047	2	Oil	4	Forced Air-Duc
Holden	1010	Single Fam  MDL-01	1.75	1 3/4 Stories	4	Cape Cod	2060	2	Oil	5	Hot Water
Holden	1010	Single Fam  MDL-01	1.75	1 3/4 Stories	4	Cape Cod	2067	2	Oil	5	Hot Water
Holden	1010	Single Fam  MDL-01	1.75	1 3/4 Stories	4	Cape Cod	2101	2	Oil	5	Hot Water
Holden	1010	Single Fam  MDL-01	1.75	1 3/4 Stories	4	Cape Cod	2122	2	Oil	5	Hot Water
Holden	1010	Single Fam  MDL-01	1.75	1 3/4 Stories	4	Cape Cod	2160	3	Gas	5	Hot Water
Holden	1010	Single Fam  MDL-01	1.75	1 3/4 Stories	4	Cape Cod	2163	3	Gas	5	Hot Water
Holden	1010	Single Fam  MDL-01	1.75	1 3/4 Stories	4	Cape Cod	2165	2	Oil	5	Hot Water
Holden	1010	Single Fam  MDL-01	1.75	1 3/4 Stories	4	Cape Cod	2186	2	Oil	5	Hot Water
Holden	1010	Single Fam  MDL-01	1.75	1 3/4 Stories	4	Cape Cod	2190	2	Oil	5	Hot Water
Holden	1010	Single Fam  MDL-01	1.75	1 3/4 Stories	4	Cape Cod	2192	2	Oil	4	Forced Air-Duc
Holden	1010	Single Fam  MDL-01	1.75	1 3/4 Stories	4	Cape Cod	2195	2	Oil	5	Hot Water
Holden	1010	Single Fam  MDL-01	1.75	1 3/4 Stories	4	Cape Cod	2197	2	Oil	5	Hot Water
Holden	1010	Single Fam  MDL-01	1.75	1 3/4 Stories	4	Cape Cod	2219	2	Oil	4	Forced Air-Duc
Holden	1010	Single Fam  MDL-01	1.75	1 3/4 Stories	4	Cape Cod	2220	2	Oil	5	Hot Water
Holden	1010	Single Fam  MDL-01	1.75	1 3/4 Stories	4	Cape Cod	2228	2	Oil	5	Hot Water
Holden	1010	Single Fam  MDL-01	1.75	1 3/4 Stories	4	Cape Cod	2241	2	Oil	5	Hot Water
Holden	1010	Single Fam  MDL-01	1.75	1 3/4 Stories	4	Cape Cod	2256	2	Oil	5	Hot Water
Holden	1010	Single Fam  MDL-01	1.75	1 3/4 Stories	4	Cape Cod	2265	3	Gas	5	Hot Water
Holden	1010	Single Fam  MDL-01	1.75	1 3/4 Stories	4	Cape Cod	2318	2	Oil	5	Hot Water
Holden	1010	Single Fam  MDL-01	1.75	1 3/4 Stories	4	Cape Cod	2323	2	Oil	4	Forced Air-Duc
Holden	1010	Single Fam  MDL-01	1.75	1 3/4 Stories	4	Cape Cod	2327	2	Oil	5	Hot Water
Holden	1010	Single Fam  MDL-01	1.75	1 3/4 Stories	4	Cape Cod	2365	3	Gas	5	Hot Water
Holden	1010	Single Fam  MDL-01	1.75	1 3/4 Stories	4	Cape Cod	2374	3	Gas	10	Hydro Air
Holden	1010	Single Fam  MDL-01	1.75	1 3/4 Stories	4	Cape Cod	2405	2	Oil	5	Hot Water
Holden	1010	Single Fam  MDL-01	1.75	1 3/4 Stories	4	Cape Cod	2436	2	Oil	5	Hot Water
Holden	1010	Single Fam  MDL-01	1.75	1 3/4 Stories	4	Cape Cod	2437	2	Oil	5	Hot Water
Holden	1010	Single Fam  MDL-01	1.75	1 3/4 Stories	4	Cape Cod	2459	2	Oil	5	Hot Water
Holden	1010	Single Fam  MDL-01	1.75	1 3/4 Stories	4	Cape Cod	2470	2	Oil	5	Hot Water
Holden	1010	Single Fam  MDL-01	1.75	1 3/4 Stories	4	Cape Cod	2509	2	Oil	5	Hot Water
Holden	1010	Single Fam  MDL-01	1.75	1 3/4 Stories	4	Cape Cod	2544	2	Oil	5	Hot Water
Holden	1010	Single Fam  MDL-01	1.75	1 3/4 Stories	4	Cape Cod	2610	2	Oil	5	Hot Water
Holden	1010	Single Fam  MDL-01	1.75	1 3/4 Stories	4	Cape Cod	2615	2	Oil	5	Hot Water
Holden	1010	Single Fam  MDL-01	1.75	1 3/4 Stories	4	Cape Cod	2617	2	Oil	5	Hot Water
Holden	1010	Single Fam  MDL-01	1.75	1 3/4 Stories	4	Cape Cod	2628	2	Oil	5	Hot Water
Holden	1010	Single Fam  MDL-01	1.75	1 3/4 Stories	4	Cape Cod	2628	3	Gas	4	Forced Air-Duc
Holden	1010	Single Fam  MDL-01	1.75	1 3/4 Stories	4	Cape Cod	2640	2	Oil	5	Hot Water
Holden	1010	Single Fam  MDL-01	1.75	1 3/4 Stories	4	Cape Cod	2668	2	Oil	5	Hot Water
Holden	1010	Single Fam  MDL-01	1.75	1 3/4 Stories	4	Cape Cod	2670	3	Gas	5	Hot Water
Holden	1010	Single Fam  MDL-01	1.75	1 3/4 Stories	4	Cape Cod	2678	2	Oil	5	Hot Water
Holden	1010	Single Fam  MDL-01	1.75	1 3/4 Stories	4	Cape Cod	2682	2	Oil	6	Steam
Holden	1010	Single Fam  MDL-01	1.75	1 3/4 Stories	4	Cape Cod	2684	2	Oil	5	Hot Water
Holden	1010	Single Fam  MDL-01	1.75	1 3/4 Stories	4	Cape Cod	2684	2	Oil	10	Hydro Air
Holden	1010	Single Fam  MDL-01	1.75	1 3/4 Stories	4	Cape Cod	2686	2	Oil	5	Hot Water
Holden	1010	Single Fam  MDL-01	1.75	1 3/4 Stories	4	Cape Cod	2693	2	Oil	5	Hot Water
Holden	1010	Single Fam  MDL-01	1.75	1 3/4 Stories	4	Cape Cod	2735	2	Oil	5	Hot Water
Holden	1010	Single Fam  MDL-01	1.75	1 3/4 Stories	4	Cape Cod	2776	2	Oil	5	Hot Water
Holden	1010	Single Fam  MDL-01	1.75	1 3/4 Stories	4	Cape Cod	2808	2	Oil	4	Forced Air-Duc
Holden	1010	Single Fam  MDL-01	1.75	1 3/4 Stories	4	Cape Cod	2834	2	Oil	5	Hot Water
Holden	1010	Single Fam  MDL-01	1.75	1 3/4 Stories	4	Cape Cod	2837	2	Oil	5	Hot Water
Holden	1010	Single Fam  MDL-01	1.75	1 3/4 Stories	4	Cape Cod	2852	2	Oil	4	Forced Air-Duc
Holden	1010	Single Fam  MDL-01	1.75	1 3/4 Stories	4	Cape Cod	2853	2	Oil	5	Hot Water
Holden	1010	Single Fam  MDL-01	1.75	1 3/4 Stories	4	Cape Cod	2858	2	Oil	5	Hot Water
Holden	1010	Single Fam  MDL-01	1.75	1 3/4 Stories	4	Cape Cod	2938	2	Oil	4	Forced Air-Duc
Holden	1010	Single Fam  MDL-01	1.75	1 3/4 Stories	4	Cape Cod	2957	2	Oil	5	Hot Water
Holden	1010	Single Fam  MDL-01	1.75	1 3/4 Stories	4	Cape Cod	2963	2	Oil	5	Hot Water
Holden	1010	Single Fam  MDL-01	1.75	1 3/4 Stories	4	Cape Cod	3086	2	Oil	5	Hot Water
Holden	1010	Single Fam  MDL-01	1.75	1 3/4 Stories	4	Cape Cod	3090	2	Oil	5	Hot Water
Holden	1010	Single Fam  MDL-01	1.75	1 3/4 Stories	4	Cape Cod	3194	2	Oil	10	Hydro Air
Holden	1010	Single Fam  MDL-01	1.75	1 3/4 Stories	4	Cape Cod	3277	2	Oil	5	Hot Water
Holden	1010	Single Fam  MDL-01	1.75	1 3/4 Stories	4	Cape Cod	3291	2	Oil	10	Hydro Air
Holden	1010	Single Fam  MDL-01	1.75	1 3/4 Stories	4	Cape Cod	3316	3	Gas	4	Forced Air-Duc
Holden	1010	Single Fam  MDL-01	1.75	1 3/4 Stories	4	Cape Cod	3468	2	Oil	10	Hydro Air
Holden	1010	Single Fam  MDL-01	1.75	1 3/4 Stories	4	Cape Cod	3766	2	Oil	5	Hot Water
Holden	1010	Single Fam  MDL-01	1.75	1 3/4 Stories	4	Cape Cod	3918	3	Gas	4	Forced Air-Duc
Holden	1010	Single Fam  MDL-01	1.75	1 3/4 Stories	4	Cape Cod	4000	3	Gas	5	Hot Water
Holden	1010	Single Fam  MDL-01	1.75	1 3/4 Stories	4	Cape Cod	4026	2	Oil	5	Hot Water
Holden	1010	Single Fam  MDL-01	1.75	1 3/4 Stories	4	Cape Cod	4134	2	Oil	10	Hydro Air
Holden	1010	Single Fam  MDL-01	1.75	1 3/4 Stories	4	Cape Cod	4596	2	Oil	5	Hot Water
Holden	1010	Single Fam  MDL-01	1.75	1 3/4 Stories	4	Cape Cod	4843	3	Gas	5	Hot Water
Holden	1010	Single Fam  MDL-01	1.75	1 3/4 Stories	5	Bungalow	2016	2	Oil	6	Steam
Holden	1010	Single Fam  MDL-01	1.75	1 3/4 Stories	6	Conventional	1162	2	Oil	4	Forced Air-Duc
Holden	1010	Single Fam  MDL-01	1.75	1 3/4 Stories	6	Conventional	1210	3	Gas	5	Hot Water
Holden	1010	Single Fam  MDL-01	1.75	1 3/4 Stories	6	Conventional	1273	2	Oil	6	Steam
Holden	1010	Single Fam  MDL-01	1.75	1 3/4 Stories	6	Conventional	1334	2	Oil	6	Steam
Holden	1010	Single Fam  MDL-01	1.75	1 3/4 Stories	6	Conventional	1520	2	Oil	6	Steam
Holden	1010	Single Fam  MDL-01	1.75	1 3/4 Stories	6	Conventional	1524	3	Gas	5	Hot Water
Holden	1010	Single Fam  MDL-01	1.75	1 3/4 Stories	6	Conventional	1534	2	Oil	5	Hot Water
Holden	1010	Single Fam  MDL-01	1.75	1 3/4 Stories	6	Conventional	1548	3	Gas	5	Hot Water
Holden	1010	Single Fam  MDL-01	1.75	1 3/4 Stories	6	Conventional	1641	3	Gas	5	Hot Water
Holden	1010	Single Fam  MDL-01	1.75	1 3/4 Stories	6	Conventional	1815	2	Oil	5	Hot Water
Holden	1010	Single Fam  MDL-01	1.75	1 3/4 Stories	6	Conventional	1897	3	Gas	5	Hot Water
Holden	1010	Single Fam  MDL-01	1.75	1 3/4 Stories	6	Conventional	1941	2	Oil	5	Hot Water
Holden	1010	Single Fam  MDL-01	1.75	1 3/4 Stories	6	Conventional	2004	2	Oil	5	Hot Water
Holden	1010	Single Fam  MDL-01	1.75	1 3/4 Stories	6	Conventional	2006	2	Oil	5	Hot Water
Holden	1010	Single Fam  MDL-01	1.75	1 3/4 Stories	6	Conventional	2225	2	Oil	6	Steam
Holden	1010	Single Fam  MDL-01	1.75	1 3/4 Stories	6	Conventional	2770	2	Oil	5	Hot Water
Holden	1010	Single Fam  MDL-01	1.75	1 3/4 Stories	6	Conventional	2882	2	Oil	5	Hot Water
Holden	1010	Single Fam  MDL-01	1.75	1 3/4 Stories	7	Modern/Contemp	1870	3	Gas	4	Forced Air-Duc
Holden	1010	Single Fam  MDL-01	1.75	1 3/4 Stories	7	Modern/Contemp	2362	2	Oil	5	Hot Water
Holden	1010	Single Fam  MDL-01	1.75	1 3/4 Stories	7	Modern/Contemp	2474	2	Oil	5	Hot Water
Holden	1010	Single Fam  MDL-01	1.75	1 3/4 Stories	7	Modern/Contemp	2771	3	Gas	4	Forced Air-Duc
Holden	1010	Single Fam  MDL-01	1.75	1 Story	4	Cape Cod	1469	3	Gas	4	Forced Air-Duc
Holden	1010	Single Fam  MDL-01	1.75	1 Story	4	Cape Cod	1843	2	Oil	5	Hot Water
Holden	1010	Single Fam  MDL-01	197		3	Colonial	2384	3	Gas	4	Forced Air-Duc
Holden	1010	Single Fam  MDL-01	2		3	Colonial	1767	3	Gas	4	Forced Air-Duc
Holden	1010	Single Fam  MDL-01	2		3	Colonial	1964	3	Gas	4	Forced Air-Duc
Holden	1010	Single Fam  MDL-01	2		3	Colonial	1968	3	Gas	4	Forced Air-Duc
Holden	1010	Single Fam  MDL-01	2		3	Colonial	1968	3	Gas	4	Forced Air-Duc
Holden	1010	Single Fam  MDL-01	2		3	Colonial	1968	3	Gas	4	Forced Air-Duc
Holden	1010	Single Fam  MDL-01	2		3	Colonial	2040	3	Gas	4	Forced Air-Duc
Holden	1010	Single Fam  MDL-01	2		3	Colonial	2043	3	Gas	4	Forced Air-Duc
Holden	1010	Single Fam  MDL-01	2		3	Colonial	2043	3	Gas	4	Forced Air-Duc
Holden	1010	Single Fam  MDL-01	2		3	Colonial	2104	3	Gas	4	Forced Air-Duc
Holden	1010	Single Fam  MDL-01	2		3	Colonial	2128	3	Gas	4	Forced Air-Duc
Holden	1010	Single Fam  MDL-01	2		3	Colonial	2128	3	Gas	4	Forced Air-Duc
Holden	1010	Single Fam  MDL-01	2		3	Colonial	2160	3	Gas	4	Forced Air-Duc
Holden	1010	Single Fam  MDL-01	2		3	Colonial	2170	3	Gas	4	Forced Air-Duc
Holden	1010	Single Fam  MDL-01	2		3	Colonial	2180	3	Gas	4	Forced Air-Duc
Holden	1010	Single Fam  MDL-01	2		3	Colonial	2202	3	Gas	4	Forced Air-Duc
Holden	1010	Single Fam  MDL-01	2		3	Colonial	2208	3	Gas	4	Forced Air-Duc
Holden	1010	Single Fam  MDL-01	2		3	Colonial	2240	3	Gas	4	Forced Air-Duc
Holden	1010	Single Fam  MDL-01	2		3	Colonial	2240	3	Gas	4	Forced Air-Duc
Holden	1010	Single Fam  MDL-01	2		3	Colonial	2283	3	Gas	4	Forced Air-Duc
Holden	1010	Single Fam  MDL-01	2		3	Colonial	2336	3	Gas	4	Forced Air-Duc
Holden	1010	Single Fam  MDL-01	2		3	Colonial	2362	3	Gas	4	Forced Air-Duc
Holden	1010	Single Fam  MDL-01	2		3	Colonial	2395	3	Gas	4	Forced Air-Duc
Holden	1010	Single Fam  MDL-01	2		3	Colonial	2416	3	Gas	4	Forced Air-Duc
Holden	1010	Single Fam  MDL-01	2		3	Colonial	2418	3	Gas	4	Forced Air-Duc
Holden	1010	Single Fam  MDL-01	2		3	Colonial	2421	3	Gas	4	Forced Air-Duc
Holden	1010	Single Fam  MDL-01	2		3	Colonial	2426	3	Gas	4	Forced Air-Duc
Holden	1010	Single Fam  MDL-01	2		3	Colonial	2426	3	Gas	4	Forced Air-Duc
Holden	1010	Single Fam  MDL-01	2		3	Colonial	2426	3	Gas	4	Forced Air-Duc
Holden	1010	Single Fam  MDL-01	2		3	Colonial	2431	3	Gas	4	Forced Air-Duc
Holden	1010	Single Fam  MDL-01	2		3	Colonial	2431	3	Gas	4	Forced Air-Duc
Holden	1010	Single Fam  MDL-01	2		3	Colonial	2440	3	Gas	4	Forced Air-Duc
Holden	1010	Single Fam  MDL-01	2		3	Colonial	2448	3	Gas	4	Forced Air-Duc
Holden	1010	Single Fam  MDL-01	2		3	Colonial	2452	3	Gas	4	Forced Air-Duc
Holden	1010	Single Fam  MDL-01	2		3	Colonial	2482	3	Gas	4	Forced Air-Duc
Holden	1010	Single Fam  MDL-01	2		3	Colonial	2488	2	Oil	4	Forced Air-Duc
Holden	1010	Single Fam  MDL-01	2		3	Colonial	2488	3	Gas	4	Forced Air-Duc
Holden	1010	Single Fam  MDL-01	2		3	Colonial	2488	3	Gas	4	Forced Air-Duc
Holden	1010	Single Fam  MDL-01	2		3	Colonial	2488	3	Gas	4	Forced Air-Duc
Holden	1010	Single Fam  MDL-01	2		3	Colonial	2488	3	Gas	4	Forced Air-Duc
Holden	1010	Single Fam  MDL-01	2		3	Colonial	2488	3	Gas	4	Forced Air-Duc
Holden	1010	Single Fam  MDL-01	2		3	Colonial	2488	3	Gas	4	Forced Air-Duc
Holden	1010	Single Fam  MDL-01	2		3	Colonial	2488	3	Gas	4	Forced Air-Duc
Holden	1010	Single Fam  MDL-01	2		3	Colonial	2488	3	Gas	4	Forced Air-Duc
Holden	1010	Single Fam  MDL-01	2		3	Colonial	2488	3	Gas	4	Forced Air-Duc
Holden	1010	Single Fam  MDL-01	2		3	Colonial	2488	3	Gas	4	Forced Air-Duc
Holden	1010	Single Fam  MDL-01	2		3	Colonial	2488	3	Gas	4	Forced Air-Duc
Holden	1010	Single Fam  MDL-01	2		3	Colonial	2488	3	Gas	4	Forced Air-Duc
Holden	1010	Single Fam  MDL-01	2		3	Colonial	2488	3	Gas	4	Forced Air-Duc
Holden	1010	Single Fam  MDL-01	2		3	Colonial	2488	3	Gas	4	Forced Air-Duc
Holden	1010	Single Fam  MDL-01	2		3	Colonial	2508	3	Gas	4	Forced Air-Duc
Holden	1010	Single Fam  MDL-01	2		3	Colonial	2509	3	Gas	4	Forced Air-Duc
Holden	1010	Single Fam  MDL-01	2		3	Colonial	2510	3	Gas	4	Forced Air-Duc
Holden	1010	Single Fam  MDL-01	2		3	Colonial	2524	3	Gas	4	Forced Air-Duc
Holden	1010	Single Fam  MDL-01	2		3	Colonial	2540	3	Gas	4	Forced Air-Duc
Holden	1010	Single Fam  MDL-01	2		3	Colonial	2544	3	Gas	4	Forced Air-Duc
Holden	1010	Single Fam  MDL-01	2		3	Colonial	2560	3	Gas	4	Forced Air-Duc
Holden	1010	Single Fam  MDL-01	2		3	Colonial	2560	3	Gas	4	Forced Air-Duc
Holden	1010	Single Fam  MDL-01	2		3	Colonial	2560	3	Gas	4	Forced Air-Duc
Holden	1010	Single Fam  MDL-01	2		3	Colonial	2560	3	Gas	4	Forced Air-Duc
Holden	1010	Single Fam  MDL-01	2		3	Colonial	2560	3	Gas	4	Forced Air-Duc
Holden	1010	Single Fam  MDL-01	2		3	Colonial	2562	3	Gas	4	Forced Air-Duc
Holden	1010	Single Fam  MDL-01	2		3	Colonial	2609	3	Gas	4	Forced Air-Duc
Holden	1010	Single Fam  MDL-01	2		3	Colonial	2620	3	Gas	4	Forced Air-Duc
Holden	1010	Single Fam  MDL-01	2		3	Colonial	2622	3	Gas	4	Forced Air-Duc
Holden	1010	Single Fam  MDL-01	2		3	Colonial	2634	3	Gas	4	Forced Air-Duc
Holden	1010	Single Fam  MDL-01	2		3	Colonial	2634	3	Gas	4	Forced Air-Duc
Holden	1010	Single Fam  MDL-01	2		3	Colonial	2638	3	Gas	4	Forced Air-Duc
Holden	1010	Single Fam  MDL-01	2		3	Colonial	2656	3	Gas	4	Forced Air-Duc
Holden	1010	Single Fam  MDL-01	2		3	Colonial	2664	3	Gas	4	Forced Air-Duc
Holden	1010	Single Fam  MDL-01	2		3	Colonial	2664	3	Gas	4	Forced Air-Duc
Holden	1010	Single Fam  MDL-01	2		3	Colonial	2664	3	Gas	4	Forced Air-Duc
Holden	1010	Single Fam  MDL-01	2		3	Colonial	2686	3	Gas	4	Forced Air-Duc
Holden	1010	Single Fam  MDL-01	2		3	Colonial	2688	3	Gas	4	Forced Air-Duc
Holden	1010	Single Fam  MDL-01	2		3	Colonial	2717	3	Gas	4	Forced Air-Duc
Holden	1010	Single Fam  MDL-01	2		3	Colonial	2717	3	Gas	4	Forced Air-Duc
Holden	1010	Single Fam  MDL-01	2		3	Colonial	2722	3	Gas	4	Forced Air-Duc
Holden	1010	Single Fam  MDL-01	2		3	Colonial	2736	3	Gas	4	Forced Air-Duc
Holden	1010	Single Fam  MDL-01	2		3	Colonial	2741	3	Gas	4	Forced Air-Duc
Holden	1010	Single Fam  MDL-01	2		3	Colonial	2741	3	Gas	4	Forced Air-Duc
Holden	1010	Single Fam  MDL-01	2		3	Colonial	2741	3	Gas	4	Forced Air-Duc
Holden	1010	Single Fam  MDL-01	2		3	Colonial	2753	3	Gas	4	Forced Air-Duc
Holden	1010	Single Fam  MDL-01	2		3	Colonial	2760	3	Gas	4	Forced Air-Duc
Holden	1010	Single Fam  MDL-01	2		3	Colonial	2768	3	Gas	4	Forced Air-Duc
Holden	1010	Single Fam  MDL-01	2		3	Colonial	2781	3	Gas	4	Forced Air-Duc
Holden	1010	Single Fam  MDL-01	2		3	Colonial	2784	3	Gas	4	Forced Air-Duc
Holden	1010	Single Fam  MDL-01	2		3	Colonial	2792	3	Gas	4	Forced Air-Duc
Holden	1010	Single Fam  MDL-01	2		3	Colonial	2792	3	Gas	4	Forced Air-Duc
Holden	1010	Single Fam  MDL-01	2		3	Colonial	2806	3	Gas	4	Forced Air-Duc
Holden	1010	Single Fam  MDL-01	2		3	Colonial	2806	3	Gas	4	Forced Air-Duc
Holden	1010	Single Fam  MDL-01	2		3	Colonial	2806	3	Gas	4	Forced Air-Duc
Holden	1010	Single Fam  MDL-01	2		3	Colonial	2807	3	Gas	4	Forced Air-Duc
Holden	1010	Single Fam  MDL-01	2		3	Colonial	2808	3	Gas	4	Forced Air-Duc
Holden	1010	Single Fam  MDL-01	2		3	Colonial	2808	3	Gas	4	Forced Air-Duc
Holden	1010	Single Fam  MDL-01	2		3	Colonial	2821	3	Gas	4	Forced Air-Duc
Holden	1010	Single Fam  MDL-01	2		3	Colonial	2831	3	Gas	4	Forced Air-Duc
Holden	1010	Single Fam  MDL-01	2		3	Colonial	2840	3	Gas	4	Forced Air-Duc
Holden	1010	Single Fam  MDL-01	2		3	Colonial	2856	3	Gas	4	Forced Air-Duc
Holden	1010	Single Fam  MDL-01	2		3	Colonial	2861	3	Gas	4	Forced Air-Duc
Holden	1010	Single Fam  MDL-01	2		3	Colonial	2861	3	Gas	4	Forced Air-Duc
Holden	1010	Single Fam  MDL-01	2		3	Colonial	2903	3	Gas	4	Forced Air-Duc
Holden	1010	Single Fam  MDL-01	2		3	Colonial	2904	3	Gas	4	Forced Air-Duc
Holden	1010	Single Fam  MDL-01	2		3	Colonial	2948	3	Gas	4	Forced Air-Duc
Holden	1010	Single Fam  MDL-01	2		3	Colonial	2964	3	Gas	4	Forced Air-Duc
Holden	1010	Single Fam  MDL-01	2		3	Colonial	2986	3	Gas	4	Forced Air-Duc
Holden	1010	Single Fam  MDL-01	2		3	Colonial	2988	3	Gas	4	Forced Air-Duc
Holden	1010	Single Fam  MDL-01	2		3	Colonial	2988	3	Gas	4	Forced Air-Duc
Holden	1010	Single Fam  MDL-01	2		3	Colonial	2988	3	Gas	4	Forced Air-Duc
Holden	1010	Single Fam  MDL-01	2		3	Colonial	2992	3	Gas	4	Forced Air-Duc
Holden	1010	Single Fam  MDL-01	2		3	Colonial	2998	3	Gas	4	Forced Air-Duc
Holden	1010	Single Fam  MDL-01	2		3	Colonial	3000	2	Oil	5	Hot Water
Holden	1010	Single Fam  MDL-01	2		3	Colonial	3027	3	Gas	4	Forced Air-Duc
Holden	1010	Single Fam  MDL-01	2		3	Colonial	3027	3	Gas	4	Forced Air-Duc
Holden	1010	Single Fam  MDL-01	2		3	Colonial	3122	3	Gas	4	Forced Air-Duc
Holden	1010	Single Fam  MDL-01	2		3	Colonial	3175	3	Gas	4	Forced Air-Duc
Holden	1010	Single Fam  MDL-01	2		3	Colonial	3276	3	Gas	4	Forced Air-Duc
Holden	1010	Single Fam  MDL-01	2		3	Colonial	3276	3	Gas	4	Forced Air-Duc
Holden	1010	Single Fam  MDL-01	2		3	Colonial	3276	3	Gas	4	Forced Air-Duc
Holden	1010	Single Fam  MDL-01	2		3	Colonial	3276	3	Gas	4	Forced Air-Duc
Holden	1010	Single Fam  MDL-01	2		3	Colonial	3276	3	Gas	4	Forced Air-Duc
Holden	1010	Single Fam  MDL-01	2		3	Colonial	3276	3	Gas	4	Forced Air-Duc
Holden	1010	Single Fam  MDL-01	2		3	Colonial	3300	3	Gas	4	Forced Air-Duc
Holden	1010	Single Fam  MDL-01	2		3	Colonial	3359	3	Gas	4	Forced Air-Duc
Holden	1010	Single Fam  MDL-01	2		3	Colonial	3492	3	Gas	4	Forced Air-Duc
Holden	1010	Single Fam  MDL-01	2		3	Colonial	3536	3	Gas	4	Forced Air-Duc
Holden	1010	Single Fam  MDL-01	2		3	Colonial	3664	3	Gas	4	Forced Air-Duc
Holden	1010	Single Fam  MDL-01	2		3	Colonial	3667	3	Gas	4	Forced Air-Duc
Holden	1010	Single Fam  MDL-01	2		3	Colonial	3852	3	Gas	10	Hydro Air
Holden	1010	Single Fam  MDL-01	2		7	Modern/Contemp	4018	3	Gas	4	Forced Air-Duc
Holden	1010	Single Fam  MDL-01	2	1 1/2 Stories	3	Colonial	1416	2	Oil	4	Forced Air-Duc
Holden	1010	Single Fam  MDL-01	2	1 1/2 Stories	3	Colonial	2016	3	Gas	4	Forced Air-Duc
Holden	1010	Single Fam  MDL-01	2	1 1/2 Stories	3	Colonial	2472	3	Gas	4	Forced Air-Duc
Holden	1010	Single Fam  MDL-01	2	1 1/2 Stories	5	Bungalow	2040	2	Oil	5	Hot Water
Holden	1010	Single Fam  MDL-01	2	1 1/2 Stories	7	Modern/Contemp	2201	2	Oil	5	Hot Water
Holden	1010	Single Fam  MDL-01	2	1 Story	1	Ranch	1716	2	Oil	5	Hot Water
Holden	1010	Single Fam  MDL-01	2	1 Story	3	Colonial	1624	3	Gas	5	Hot Water
Holden	1010	Single Fam  MDL-01	2	1 Story	3	Colonial	1792	2	Oil	5	Hot Water
Holden	1010	Single Fam  MDL-01	2	1 Story	3	Colonial	1940	2	Oil	5	Hot Water
Holden	1010	Single Fam  MDL-01	2	1 Story	3	Colonial	2178	2	Oil	5	Hot Water
Holden	1010	Single Fam  MDL-01	2	1 Story	3	Colonial	2373	3	Gas	4	Forced Air-Duc
Holden	1010	Single Fam  MDL-01	2	1 Story	3	Colonial	3528	2	Oil	5	Hot Water
Holden	1010	Single Fam  MDL-01	2	1 Story	6	Conventional	1300	2	Oil	4	Forced Air-Duc
Holden	1010	Single Fam  MDL-01	2	1 Story	7	Modern/Contemp	2076	2	Oil	5	Hot Water
Holden	1010	Single Fam  MDL-01	2	2 1/2 Stories	3	Colonial	2624	2	Oil	5	Hot Water
Holden	1010	Single Fam  MDL-01	2	2 Stories	1	Ranch	1548	3	Gas	5	Hot Water
Holden	1010	Single Fam  MDL-01	2	2 Stories	2	Split-Level	2183	3	Gas	4	Forced Air-Duc
Holden	1010	Single Fam  MDL-01	2	2 Stories	2	Split-Level	2281	2	Oil	5	Hot Water
Holden	1010	Single Fam  MDL-01	2	2 Stories	2	Split-Level	2286	3	Gas	5	Hot Water
Holden	1010	Single Fam  MDL-01	2	2 Stories	2	Split-Level	2424	2	Oil	5	Hot Water
Holden	1010	Single Fam  MDL-01	2	2 Stories	2	Split-Level	2446	3	Gas	5	Hot Water
Holden	1010	Single Fam  MDL-01	2	2 Stories	2	Split-Level	3076	2	Oil	5	Hot Water
Holden	1010	Single Fam  MDL-01	2	2 Stories	2	Split-Level	3148	2	Oil	5	Hot Water
Holden	1010	Single Fam  MDL-01	2	2 Stories	2	Split-Level	3189	2	Oil	5	Hot Water
Holden	1010	Single Fam  MDL-01	2	2 Stories	3	Colonial	701	3	Gas	4	Forced Air-Duc
Holden	1010	Single Fam  MDL-01	2	2 Stories	3	Colonial	896	2	Oil	5	Hot Water
Holden	1010	Single Fam  MDL-01	2	2 Stories	3	Colonial	1056	2	Oil	6	Steam
Holden	1010	Single Fam  MDL-01	2	2 Stories	3	Colonial	1152	2	Oil	5	Hot Water
Holden	1010	Single Fam  MDL-01	2	2 Stories	3	Colonial	1176	2	Oil	6	Steam
Holden	1010	Single Fam  MDL-01	2	2 Stories	3	Colonial	1248	2	Oil	5	Hot Water
Holden	1010	Single Fam  MDL-01	2	2 Stories	3	Colonial	1326	2	Oil	5	Hot Water
Holden	1010	Single Fam  MDL-01	2	2 Stories	3	Colonial	1344	2	Oil	5	Hot Water
Holden	1010	Single Fam  MDL-01	2	2 Stories	3	Colonial	1352	2	Oil	4	Forced Air-Duc
Holden	1010	Single Fam  MDL-01	2	2 Stories	3	Colonial	1352	4	Electric	7	Radiant-Elec.
Holden	1010	Single Fam  MDL-01	2	2 Stories	3	Colonial	1356	2	Oil	5	Hot Water
Holden	1010	Single Fam  MDL-01	2	2 Stories	3	Colonial	1360	2	Oil	4	Forced Air-Duc
Holden	1010	Single Fam  MDL-01	2	2 Stories	3	Colonial	1374	2	Oil	5	Hot Water
Holden	1010	Single Fam  MDL-01	2	2 Stories	3	Colonial	1401	2	Oil	5	Hot Water
Holden	1010	Single Fam  MDL-01	2	2 Stories	3	Colonial	1408	2	Oil	6	Steam
Holden	1010	Single Fam  MDL-01	2	2 Stories	3	Colonial	1417	2	Oil	6	Steam
Holden	1010	Single Fam  MDL-01	2	2 Stories	3	Colonial	1428	2	Oil	6	Steam
Holden	1010	Single Fam  MDL-01	2	2 Stories	3	Colonial	1443	2	Oil	5	Hot Water
Holden	1010	Single Fam  MDL-01	2	2 Stories	3	Colonial	1456	2	Oil	5	Hot Water
Holden	1010	Single Fam  MDL-01	2	2 Stories	3	Colonial	1456	2	Oil	5	Hot Water
Holden	1010	Single Fam  MDL-01	2	2 Stories	3	Colonial	1456	2	Oil	6	Steam
Holden	1010	Single Fam  MDL-01	2	2 Stories	3	Colonial	1478	2	Oil	5	Hot Water
Holden	1010	Single Fam  MDL-01	2	2 Stories	3	Colonial	1484	2	Oil	5	Hot Water
Holden	1010	Single Fam  MDL-01	2	2 Stories	3	Colonial	1500	2	Oil	5	Hot Water
Holden	1010	Single Fam  MDL-01	2	2 Stories	3	Colonial	1521	2	Oil	5	Hot Water
Holden	1010	Single Fam  MDL-01	2	2 Stories	3	Colonial	1524	2	Oil	5	Hot Water
Holden	1010	Single Fam  MDL-01	2	2 Stories	3	Colonial	1530	2	Oil	6	Steam
Holden	1010	Single Fam  MDL-01	2	2 Stories	3	Colonial	1536	2	Oil	5	Hot Water
Holden	1010	Single Fam  MDL-01	2	2 Stories	3	Colonial	1536	4	Electric	7	Radiant-Elec.
Holden	1010	Single Fam  MDL-01	2	2 Stories	3	Colonial	1540	2	Oil	5	Hot Water
Holden	1010	Single Fam  MDL-01	2	2 Stories	3	Colonial	1549	2	Oil	4	Forced Air-Duc
Holden	1010	Single Fam  MDL-01	2	2 Stories	3	Colonial	1560	2	Oil	5	Hot Water
Holden	1010	Single Fam  MDL-01	2	2 Stories	3	Colonial	1566	2	Oil	5	Hot Water
Holden	1010	Single Fam  MDL-01	2	2 Stories	3	Colonial	1568	2	Oil	5	Hot Water
Holden	1010	Single Fam  MDL-01	2	2 Stories	3	Colonial	1568	2	Oil	5	Hot Water
Holden	1010	Single Fam  MDL-01	2	2 Stories	3	Colonial	1568	2	Oil	5	Hot Water
Holden	1010	Single Fam  MDL-01	2	2 Stories	3	Colonial	1568	2	Oil	5	Hot Water
Holden	1010	Single Fam  MDL-01	2	2 Stories	3	Colonial	1568	3	Gas	5	Hot Water
Holden	1010	Single Fam  MDL-01	2	2 Stories	3	Colonial	1568	4	Electric	7	Radiant-Elec.
Holden	1010	Single Fam  MDL-01	2	2 Stories	3	Colonial	1574	2	Oil	5	Hot Water
Holden	1010	Single Fam  MDL-01	2	2 Stories	3	Colonial	1590	2	Oil	5	Hot Water
Holden	1010	Single Fam  MDL-01	2	2 Stories	3	Colonial	1592	2	Oil	5	Hot Water
Holden	1010	Single Fam  MDL-01	2	2 Stories	3	Colonial	1596	3	Gas	5	Hot Water
Holden	1010	Single Fam  MDL-01	2	2 Stories	3	Colonial	1600	2	Oil	5	Hot Water
Holden	1010	Single Fam  MDL-01	2	2 Stories	3	Colonial	1600	2	Oil	5	Hot Water
Holden	1010	Single Fam  MDL-01	2	2 Stories	3	Colonial	1600	2	Oil	5	Hot Water
Holden	1010	Single Fam  MDL-01	2	2 Stories	3	Colonial	1602	2	Oil	5	Hot Water
Holden	1010	Single Fam  MDL-01	2	2 Stories	3	Colonial	1608	3	Gas	5	Hot Water
Holden	1010	Single Fam  MDL-01	2	2 Stories	3	Colonial	1610	2	Oil	5	Hot Water
Holden	1010	Single Fam  MDL-01	2	2 Stories	3	Colonial	1626	2	Oil	5	Hot Water
Holden	1010	Single Fam  MDL-01	2	2 Stories	3	Colonial	1632	2	Oil	5	Hot Water
Holden	1010	Single Fam  MDL-01	2	2 Stories	3	Colonial	1632	2	Oil	5	Hot Water
Holden	1010	Single Fam  MDL-01	2	2 Stories	3	Colonial	1632	2	Oil	5	Hot Water
Holden	1010	Single Fam  MDL-01	2	2 Stories	3	Colonial	1632	2	Oil	6	Steam
Holden	1010	Single Fam  MDL-01	2	2 Stories	3	Colonial	1632	4	Electric	7	Radiant-Elec.
Holden	1010	Single Fam  MDL-01	2	2 Stories	3	Colonial	1632	4	Electric	7	Radiant-Elec.
Holden	1010	Single Fam  MDL-01	2	2 Stories	3	Colonial	1634	3	Gas	4	Forced Air-Duc
Holden	1010	Single Fam  MDL-01	2	2 Stories	3	Colonial	1636	2	Oil	5	Hot Water
Holden	1010	Single Fam  MDL-01	2	2 Stories	3	Colonial	1640	3	Gas	4	Forced Air-Duc
Holden	1010	Single Fam  MDL-01	2	2 Stories	3	Colonial	1644	3	Gas	6	Steam
Holden	1010	Single Fam  MDL-01	2	2 Stories	3	Colonial	1652	2	Oil	5	Hot Water
Holden	1010	Single Fam  MDL-01	2	2 Stories	3	Colonial	1656	2	Oil	6	Steam
Holden	1010	Single Fam  MDL-01	2	2 Stories	3	Colonial	1659	2	Oil	5	Hot Water
Holden	1010	Single Fam  MDL-01	2	2 Stories	3	Colonial	1661	2	Oil	5	Hot Water
Holden	1010	Single Fam  MDL-01	2	2 Stories	3	Colonial	1664	2	Oil	5	Hot Water
Holden	1010	Single Fam  MDL-01	2	2 Stories	3	Colonial	1664	2	Oil	5	Hot Water
Holden	1010	Single Fam  MDL-01	2	2 Stories	3	Colonial	1664	2	Oil	5	Hot Water
Holden	1010	Single Fam  MDL-01	2	2 Stories	3	Colonial	1664	2	Oil	5	Hot Water
Holden	1010	Single Fam  MDL-01	2	2 Stories	3	Colonial	1664	2	Oil	5	Hot Water
Holden	1010	Single Fam  MDL-01	2	2 Stories	3	Colonial	1664	2	Oil	5	Hot Water
Holden	1010	Single Fam  MDL-01	2	2 Stories	3	Colonial	1664	2	Oil	10	Hydro Air
Holden	1010	Single Fam  MDL-01	2	2 Stories	3	Colonial	1664	2	Oil	10	Hydro Air
Holden	1010	Single Fam  MDL-01	2	2 Stories	3	Colonial	1664	2	Oil	10	Hydro Air
Holden	1010	Single Fam  MDL-01	2	2 Stories	3	Colonial	1664	3	Gas	10	Hydro Air
Holden	1010	Single Fam  MDL-01	2	2 Stories	3	Colonial	1666	2	Oil	5	Hot Water
Holden	1010	Single Fam  MDL-01	2	2 Stories	3	Colonial	1670	2	Oil	6	Steam
Holden	1010	Single Fam  MDL-01	2	2 Stories	3	Colonial	1676	2	Oil	5	Hot Water
Holden	1010	Single Fam  MDL-01	2	2 Stories	3	Colonial	1680	2	Oil	5	Hot Water
Holden	1010	Single Fam  MDL-01	2	2 Stories	3	Colonial	1680	2	Oil	5	Hot Water
Holden	1010	Single Fam  MDL-01	2	2 Stories	3	Colonial	1680	3	Gas	4	Forced Air-Duc
Holden	1010	Single Fam  MDL-01	2	2 Stories	3	Colonial	1683	2	Oil	5	Hot Water
Holden	1010	Single Fam  MDL-01	2	2 Stories	3	Colonial	1686	2	Oil	6	Steam
Holden	1010	Single Fam  MDL-01	2	2 Stories	3	Colonial	1690	2	Oil	5	Hot Water
Holden	1010	Single Fam  MDL-01	2	2 Stories	3	Colonial	1691	2	Oil	5	Hot Water
Holden	1010	Single Fam  MDL-01	2	2 Stories	3	Colonial	1692	2	Oil	5	Hot Water
Holden	1010	Single Fam  MDL-01	2	2 Stories	3	Colonial	1699	2	Oil	5	Hot Water
Holden	1010	Single Fam  MDL-01	2	2 Stories	3	Colonial	1700	2	Oil	5	Hot Water
Holden	1010	Single Fam  MDL-01	2	2 Stories	3	Colonial	1700	2	Oil	5	Hot Water
Holden	1010	Single Fam  MDL-01	2	2 Stories	3	Colonial	1700	3	Gas	4	Forced Air-Duc
Holden	1010	Single Fam  MDL-01	2	2 Stories	3	Colonial	1702	2	Oil	5	Hot Water
Holden	1010	Single Fam  MDL-01	2	2 Stories	3	Colonial	1704	2	Oil	5	Hot Water
Holden	1010	Single Fam  MDL-01	2	2 Stories	3	Colonial	1707	3	Gas	5	Hot Water
Holden	1010	Single Fam  MDL-01	2	2 Stories	3	Colonial	1709	2	Oil	5	Hot Water
Holden	1010	Single Fam  MDL-01	2	2 Stories	3	Colonial	1710	2	Oil	5	Hot Water
Holden	1010	Single Fam  MDL-01	2	2 Stories	3	Colonial	1710	2	Oil	5	Hot Water
Holden	1010	Single Fam  MDL-01	2	2 Stories	3	Colonial	1712	2	Oil	6	Steam
Holden	1010	Single Fam  MDL-01	2	2 Stories	3	Colonial	1727	2	Oil	5	Hot Water
Holden	1010	Single Fam  MDL-01	2	2 Stories	3	Colonial	1728	2	Oil	5	Hot Water
Holden	1010	Single Fam  MDL-01	2	2 Stories	3	Colonial	1728	2	Oil	5	Hot Water
Holden	1010	Single Fam  MDL-01	2	2 Stories	3	Colonial	1728	2	Oil	5	Hot Water
Holden	1010	Single Fam  MDL-01	2	2 Stories	3	Colonial	1728	2	Oil	5	Hot Water
Holden	1010	Single Fam  MDL-01	2	2 Stories	3	Colonial	1728	2	Oil	5	Hot Water
Holden	1010	Single Fam  MDL-01	2	2 Stories	3	Colonial	1728	2	Oil	5	Hot Water
Holden	1010	Single Fam  MDL-01	2	2 Stories	3	Colonial	1728	2	Oil	5	Hot Water
Holden	1010	Single Fam  MDL-01	2	2 Stories	3	Colonial	1728	2	Oil	5	Hot Water
Holden	1010	Single Fam  MDL-01	2	2 Stories	3	Colonial	1728	2	Oil	5	Hot Water
Holden	1010	Single Fam  MDL-01	2	2 Stories	3	Colonial	1732	2	Oil	5	Hot Water
Holden	1010	Single Fam  MDL-01	2	2 Stories	3	Colonial	1732	2	Oil	5	Hot Water
Holden	1010	Single Fam  MDL-01	2	2 Stories	3	Colonial	1734	2	Oil	6	Steam
Holden	1010	Single Fam  MDL-01	2	2 Stories	3	Colonial	1736	4	Electric	7	Radiant-Elec.
Holden	1010	Single Fam  MDL-01	2	2 Stories	3	Colonial	1745	2	Oil	5	Hot Water
Holden	1010	Single Fam  MDL-01	2	2 Stories	3	Colonial	1750	2	Oil	5	Hot Water
Holden	1010	Single Fam  MDL-01	2	2 Stories	3	Colonial	1753	2	Oil	4	Forced Air-Duc
Holden	1010	Single Fam  MDL-01	2	2 Stories	3	Colonial	1754	2	Oil	5	Hot Water
Holden	1010	Single Fam  MDL-01	2	2 Stories	3	Colonial	1755	2	Oil	5	Hot Water
Holden	1010	Single Fam  MDL-01	2	2 Stories	3	Colonial	1756	2	Oil	5	Hot Water
Holden	1010	Single Fam  MDL-01	2	2 Stories	3	Colonial	1760	3	Gas	4	Forced Air-Duc
Holden	1010	Single Fam  MDL-01	2	2 Stories	3	Colonial	1762	2	Oil	4	Forced Air-Duc
Holden	1010	Single Fam  MDL-01	2	2 Stories	3	Colonial	1764	2	Oil	5	Hot Water
Holden	1010	Single Fam  MDL-01	2	2 Stories	3	Colonial	1764	4	Electric	7	Radiant-Elec.
Holden	1010	Single Fam  MDL-01	2	2 Stories	3	Colonial	1764	4	Electric	7	Radiant-Elec.
Holden	1010	Single Fam  MDL-01	2	2 Stories	3	Colonial	1766	2	Oil	5	Hot Water
Holden	1010	Single Fam  MDL-01	2	2 Stories	3	Colonial	1768	2	Oil	5	Hot Water
Holden	1010	Single Fam  MDL-01	2	2 Stories	3	Colonial	1768	2	Oil	5	Hot Water
Holden	1010	Single Fam  MDL-01	2	2 Stories	3	Colonial	1768	2	Oil	10	Hydro Air
Holden	1010	Single Fam  MDL-01	2	2 Stories	3	Colonial	1768	3	Gas	4	Forced Air-Duc
Holden	1010	Single Fam  MDL-01	2	2 Stories	3	Colonial	1768	3	Gas	4	Forced Air-Duc
Holden	1010	Single Fam  MDL-01	2	2 Stories	3	Colonial	1768	4	Electric	7	Radiant-Elec.
Holden	1010	Single Fam  MDL-01	2	2 Stories	3	Colonial	1769	2	Oil	5	Hot Water
Holden	1010	Single Fam  MDL-01	2	2 Stories	3	Colonial	1770	2	Oil	5	Hot Water
Holden	1010	Single Fam  MDL-01	2	2 Stories	3	Colonial	1771	2	Oil	10	Hydro Air
Holden	1010	Single Fam  MDL-01	2	2 Stories	3	Colonial	1774	3	Gas	4	Forced Air-Duc
Holden	1010	Single Fam  MDL-01	2	2 Stories	3	Colonial	1774	4	Electric	7	Radiant-Elec.
Holden	1010	Single Fam  MDL-01	2	2 Stories	3	Colonial	1776	2	Oil	5	Hot Water
Holden	1010	Single Fam  MDL-01	2	2 Stories	3	Colonial	1776	2	Oil	5	Hot Water
Holden	1010	Single Fam  MDL-01	2	2 Stories	3	Colonial	1776	2	Oil	5	Hot Water
Holden	1010	Single Fam  MDL-01	2	2 Stories	3	Colonial	1778	2	Oil	5	Hot Water
Holden	1010	Single Fam  MDL-01	2	2 Stories	3	Colonial	1785	2	Oil	5	Hot Water
Holden	1010	Single Fam  MDL-01	2	2 Stories	3	Colonial	1785	2	Oil	5	Hot Water
Holden	1010	Single Fam  MDL-01	2	2 Stories	3	Colonial	1785	2	Oil	5	Hot Water
Holden	1010	Single Fam  MDL-01	2	2 Stories	3	Colonial	1785	2	Oil	5	Hot Water
Holden	1010	Single Fam  MDL-01	2	2 Stories	3	Colonial	1788	2	Oil	5	Hot Water
Holden	1010	Single Fam  MDL-01	2	2 Stories	3	Colonial	1792	4	Electric	5	Hot Water
Holden	1010	Single Fam  MDL-01	2	2 Stories	3	Colonial	1798	2	Oil	4	Forced Air-Duc
Holden	1010	Single Fam  MDL-01	2	2 Stories	3	Colonial	1800	2	Oil	5	Hot Water
Holden	1010	Single Fam  MDL-01	2	2 Stories	3	Colonial	1800	2	Oil	5	Hot Water
Holden	1010	Single Fam  MDL-01	2	2 Stories	3	Colonial	1800	2	Oil	5	Hot Water
Holden	1010	Single Fam  MDL-01	2	2 Stories	3	Colonial	1800	2	Oil	5	Hot Water
Holden	1010	Single Fam  MDL-01	2	2 Stories	3	Colonial	1800	2	Oil	5	Hot Water
Holden	1010	Single Fam  MDL-01	2	2 Stories	3	Colonial	1800	2	Oil	5	Hot Water
Holden	1010	Single Fam  MDL-01	2	2 Stories	3	Colonial	1802	2	Oil	5	Hot Water
Holden	1010	Single Fam  MDL-01	2	2 Stories	3	Colonial	1802	3	Gas	5	Hot Water
Holden	1010	Single Fam  MDL-01	2	2 Stories	3	Colonial	1806	3	Gas	4	Forced Air-Duc
Holden	1010	Single Fam  MDL-01	2	2 Stories	3	Colonial	1812	2	Oil	5	Hot Water
Holden	1010	Single Fam  MDL-01	2	2 Stories	3	Colonial	1816	2	Oil	4	Forced Air-Duc
Holden	1010	Single Fam  MDL-01	2	2 Stories	3	Colonial	1818	2	Oil	5	Hot Water
Holden	1010	Single Fam  MDL-01	2	2 Stories	3	Colonial	1824	2	Oil	4	Forced Air-Duc
Holden	1010	Single Fam  MDL-01	2	2 Stories	3	Colonial	1824	2	Oil	5	Hot Water
Holden	1010	Single Fam  MDL-01	2	2 Stories	3	Colonial	1830	2	Oil	5	Hot Water
Holden	1010	Single Fam  MDL-01	2	2 Stories	3	Colonial	1832	2	Oil	4	Forced Air-Duc
Holden	1010	Single Fam  MDL-01	2	2 Stories	3	Colonial	1832	2	Oil	5	Hot Water
Holden	1010	Single Fam  MDL-01	2	2 Stories	3	Colonial	1834	2	Oil	5	Hot Water
Holden	1010	Single Fam  MDL-01	2	2 Stories	3	Colonial	1834	2	Oil	5	Hot Water
Holden	1010	Single Fam  MDL-01	2	2 Stories	3	Colonial	1836	2	Oil	5	Hot Water
Holden	1010	Single Fam  MDL-01	2	2 Stories	3	Colonial	1840	2	Oil	5	Hot Water
Holden	1010	Single Fam  MDL-01	2	2 Stories	3	Colonial	1843	2	Oil	5	Hot Water
Holden	1010	Single Fam  MDL-01	2	2 Stories	3	Colonial	1846	2	Oil	5	Hot Water
Holden	1010	Single Fam  MDL-01	2	2 Stories	3	Colonial	1846	2	Oil	5	Hot Water
Holden	1010	Single Fam  MDL-01	2	2 Stories	3	Colonial	1848	2	Oil	5	Hot Water
Holden	1010	Single Fam  MDL-01	2	2 Stories	3	Colonial	1848	2	Oil	5	Hot Water
Holden	1010	Single Fam  MDL-01	2	2 Stories	3	Colonial	1848	2	Oil	5	Hot Water
Holden	1010	Single Fam  MDL-01	2	2 Stories	3	Colonial	1850	2	Oil	5	Hot Water
Holden	1010	Single Fam  MDL-01	2	2 Stories	3	Colonial	1854	2	Oil	5	Hot Water
Holden	1010	Single Fam  MDL-01	2	2 Stories	3	Colonial	1854	2	Oil	6	Steam
Holden	1010	Single Fam  MDL-01	2	2 Stories	3	Colonial	1854	3	Gas	4	Forced Air-Duc
Holden	1010	Single Fam  MDL-01	2	2 Stories	3	Colonial	1856	2	Oil	5	Hot Water
Holden	1010	Single Fam  MDL-01	2	2 Stories	3	Colonial	1856	2	Oil	5	Hot Water
Holden	1010	Single Fam  MDL-01	2	2 Stories	3	Colonial	1856	2	Oil	5	Hot Water
Holden	1010	Single Fam  MDL-01	2	2 Stories	3	Colonial	1860	2	Oil	4	Forced Air-Duc
Holden	1010	Single Fam  MDL-01	2	2 Stories	3	Colonial	1860	2	Oil	5	Hot Water
Holden	1010	Single Fam  MDL-01	2	2 Stories	3	Colonial	1862	2	Oil	5	Hot Water
Holden	1010	Single Fam  MDL-01	2	2 Stories	3	Colonial	1862	3	Gas	4	Forced Air-Duc
Holden	1010	Single Fam  MDL-01	2	2 Stories	3	Colonial	1868	2	Oil	5	Hot Water
Holden	1010	Single Fam  MDL-01	2	2 Stories	3	Colonial	1872	2	Oil	5	Hot Water
Holden	1010	Single Fam  MDL-01	2	2 Stories	3	Colonial	1872	2	Oil	5	Hot Water
Holden	1010	Single Fam  MDL-01	2	2 Stories	3	Colonial	1872	2	Oil	5	Hot Water
Holden	1010	Single Fam  MDL-01	2	2 Stories	3	Colonial	1872	2	Oil	5	Hot Water
Holden	1010	Single Fam  MDL-01	2	2 Stories	3	Colonial	1872	2	Oil	5	Hot Water
Holden	1010	Single Fam  MDL-01	2	2 Stories	3	Colonial	1872	2	Oil	5	Hot Water
Holden	1010	Single Fam  MDL-01	2	2 Stories	3	Colonial	1872	2	Oil	10	Hydro Air
Holden	1010	Single Fam  MDL-01	2	2 Stories	3	Colonial	1872	3	Gas	5	Hot Water
Holden	1010	Single Fam  MDL-01	2	2 Stories	3	Colonial	1872	4	Electric	7	Radiant-Elec.
Holden	1010	Single Fam  MDL-01	2	2 Stories	3	Colonial	1872	4	Electric	7	Radiant-Elec.
Holden	1010	Single Fam  MDL-01	2	2 Stories	3	Colonial	1874	2	Oil	5	Hot Water
Holden	1010	Single Fam  MDL-01	2	2 Stories	3	Colonial	1874	3	Gas	4	Forced Air-Duc
Holden	1010	Single Fam  MDL-01	2	2 Stories	3	Colonial	1876	2	Oil	5	Hot Water
Holden	1010	Single Fam  MDL-01	2	2 Stories	3	Colonial	1876	2	Oil	5	Hot Water
Holden	1010	Single Fam  MDL-01	2	2 Stories	3	Colonial	1876	2	Oil	5	Hot Water
Holden	1010	Single Fam  MDL-01	2	2 Stories	3	Colonial	1876	3	Gas	6	Steam
Holden	1010	Single Fam  MDL-01	2	2 Stories	3	Colonial	1879	2	Oil	5	Hot Water
Holden	1010	Single Fam  MDL-01	2	2 Stories	3	Colonial	1884	2	Oil	5	Hot Water
Holden	1010	Single Fam  MDL-01	2	2 Stories	3	Colonial	1888	2	Oil	5	Hot Water
Holden	1010	Single Fam  MDL-01	2	2 Stories	3	Colonial	1889	2	Oil	4	Forced Air-Duc
Holden	1010	Single Fam  MDL-01	2	2 Stories	3	Colonial	1890	2	Oil	5	Hot Water
Holden	1010	Single Fam  MDL-01	2	2 Stories	3	Colonial	1892	2	Oil	5	Hot Water
Holden	1010	Single Fam  MDL-01	2	2 Stories	3	Colonial	1892	2	Oil	5	Hot Water
Holden	1010	Single Fam  MDL-01	2	2 Stories	3	Colonial	1894	2	Oil	5	Hot Water
Holden	1010	Single Fam  MDL-01	2	2 Stories	3	Colonial	1898	2	Oil	5	Hot Water
Holden	1010	Single Fam  MDL-01	2	2 Stories	3	Colonial	1898	2	Oil	5	Hot Water
Holden	1010	Single Fam  MDL-01	2	2 Stories	3	Colonial	1898	2	Oil	5	Hot Water
Holden	1010	Single Fam  MDL-01	2	2 Stories	3	Colonial	1902	2	Oil	5	Hot Water
Holden	1010	Single Fam  MDL-01	2	2 Stories	3	Colonial	1902	4	Electric	7	Radiant-Elec.
Holden	1010	Single Fam  MDL-01	2	2 Stories	3	Colonial	1904	2	Oil	5	Hot Water
Holden	1010	Single Fam  MDL-01	2	2 Stories	3	Colonial	1904	3	Gas	4	Forced Air-Duc
Holden	1010	Single Fam  MDL-01	2	2 Stories	3	Colonial	1904	3	Gas	4	Forced Air-Duc
Holden	1010	Single Fam  MDL-01	2	2 Stories	3	Colonial	1907	2	Oil	5	Hot Water
Holden	1010	Single Fam  MDL-01	2	2 Stories	3	Colonial	1908	2	Oil	5	Hot Water
Holden	1010	Single Fam  MDL-01	2	2 Stories	3	Colonial	1908	2	Oil	5	Hot Water
Holden	1010	Single Fam  MDL-01	2	2 Stories	3	Colonial	1908	2	Oil	5	Hot Water
Holden	1010	Single Fam  MDL-01	2	2 Stories	3	Colonial	1909	3	Gas	4	Forced Air-Duc
Holden	1010	Single Fam  MDL-01	2	2 Stories	3	Colonial	1910	2	Oil	5	Hot Water
Holden	1010	Single Fam  MDL-01	2	2 Stories	3	Colonial	1912	2	Oil	5	Hot Water
Holden	1010	Single Fam  MDL-01	2	2 Stories	3	Colonial	1914	2	Oil	5	Hot Water
Holden	1010	Single Fam  MDL-01	2	2 Stories	3	Colonial	1914	2	Oil	5	Hot Water
Holden	1010	Single Fam  MDL-01	2	2 Stories	3	Colonial	1916	2	Oil	5	Hot Water
Holden	1010	Single Fam  MDL-01	2	2 Stories	3	Colonial	1918	2	Oil	5	Hot Water
Holden	1010	Single Fam  MDL-01	2	2 Stories	3	Colonial	1918	2	Oil	5	Hot Water
Holden	1010	Single Fam  MDL-01	2	2 Stories	3	Colonial	1918	4	Electric	7	Radiant-Elec.
Holden	1010	Single Fam  MDL-01	2	2 Stories	3	Colonial	1920	3	Gas	5	Hot Water
Holden	1010	Single Fam  MDL-01	2	2 Stories	3	Colonial	1921	2	Oil	5	Hot Water
Holden	1010	Single Fam  MDL-01	2	2 Stories	3	Colonial	1921	2	Oil	5	Hot Water
Holden	1010	Single Fam  MDL-01	2	2 Stories	3	Colonial	1921	2	Oil	5	Hot Water
Holden	1010	Single Fam  MDL-01	2	2 Stories	3	Colonial	1922	2	Oil	5	Hot Water
Holden	1010	Single Fam  MDL-01	2	2 Stories	3	Colonial	1927	2	Oil	5	Hot Water
Holden	1010	Single Fam  MDL-01	2	2 Stories	3	Colonial	1928	2	Oil	5	Hot Water
Holden	1010	Single Fam  MDL-01	2	2 Stories	3	Colonial	1928	2	Oil	5	Hot Water
Holden	1010	Single Fam  MDL-01	2	2 Stories	3	Colonial	1928	3	Gas	4	Forced Air-Duc
Holden	1010	Single Fam  MDL-01	2	2 Stories	3	Colonial	1928	3	Gas	5	Hot Water
Holden	1010	Single Fam  MDL-01	2	2 Stories	3	Colonial	1930	2	Oil	5	Hot Water
Holden	1010	Single Fam  MDL-01	2	2 Stories	3	Colonial	1931	2	Oil	5	Hot Water
Holden	1010	Single Fam  MDL-01	2	2 Stories	3	Colonial	1936	2	Oil	5	Hot Water
Holden	1010	Single Fam  MDL-01	2	2 Stories	3	Colonial	1937	2	Oil	5	Hot Water
Holden	1010	Single Fam  MDL-01	2	2 Stories	3	Colonial	1938	2	Oil	5	Hot Water
Holden	1010	Single Fam  MDL-01	2	2 Stories	3	Colonial	1938	2	Oil	5	Hot Water
Holden	1010	Single Fam  MDL-01	2	2 Stories	3	Colonial	1938	2	Oil	5	Hot Water
Holden	1010	Single Fam  MDL-01	2	2 Stories	3	Colonial	1940	2	Oil	5	Hot Water
Holden	1010	Single Fam  MDL-01	2	2 Stories	3	Colonial	1940	2	Oil	5	Hot Water
Holden	1010	Single Fam  MDL-01	2	2 Stories	3	Colonial	1942	2	Oil	5	Hot Water
Holden	1010	Single Fam  MDL-01	2	2 Stories	3	Colonial	1942	2	Oil	5	Hot Water
Holden	1010	Single Fam  MDL-01	2	2 Stories	3	Colonial	1944	2	Oil	5	Hot Water
Holden	1010	Single Fam  MDL-01	2	2 Stories	3	Colonial	1944	2	Oil	5	Hot Water
Holden	1010	Single Fam  MDL-01	2	2 Stories	3	Colonial	1944	2	Oil	5	Hot Water
Holden	1010	Single Fam  MDL-01	2	2 Stories	3	Colonial	1944	3	Gas	5	Hot Water
Holden	1010	Single Fam  MDL-01	2	2 Stories	3	Colonial	1948	2	Oil	5	Hot Water
Holden	1010	Single Fam  MDL-01	2	2 Stories	3	Colonial	1948	2	Oil	5	Hot Water
Holden	1010	Single Fam  MDL-01	2	2 Stories	3	Colonial	1952	2	Oil	5	Hot Water
Holden	1010	Single Fam  MDL-01	2	2 Stories	3	Colonial	1955	3	Gas	4	Forced Air-Duc
Holden	1010	Single Fam  MDL-01	2	2 Stories	3	Colonial	1955	3	Gas	4	Forced Air-Duc
Holden	1010	Single Fam  MDL-01	2	2 Stories	3	Colonial	1955	3	Gas	5	Hot Water
Holden	1010	Single Fam  MDL-01	2	2 Stories	3	Colonial	1958	2	Oil	5	Hot Water
Holden	1010	Single Fam  MDL-01	2	2 Stories	3	Colonial	1958	2	Oil	5	Hot Water
Holden	1010	Single Fam  MDL-01	2	2 Stories	3	Colonial	1960	2	Oil	4	Forced Air-Duc
Holden	1010	Single Fam  MDL-01	2	2 Stories	3	Colonial	1960	2	Oil	5	Hot Water
Holden	1010	Single Fam  MDL-01	2	2 Stories	3	Colonial	1960	3	Gas	6	Steam
Holden	1010	Single Fam  MDL-01	2	2 Stories	3	Colonial	1960	4	Electric	7	Radiant-Elec.
Holden	1010	Single Fam  MDL-01	2	2 Stories	3	Colonial	1962	2	Oil	5	Hot Water
Holden	1010	Single Fam  MDL-01	2	2 Stories	3	Colonial	1962	2	Oil	5	Hot Water
Holden	1010	Single Fam  MDL-01	2	2 Stories	3	Colonial	1962	2	Oil	5	Hot Water
Holden	1010	Single Fam  MDL-01	2	2 Stories	3	Colonial	1964	2	Oil	6	Steam
Holden	1010	Single Fam  MDL-01	2	2 Stories	3	Colonial	1966	2	Oil	5	Hot Water
Holden	1010	Single Fam  MDL-01	2	2 Stories	3	Colonial	1968	2	Oil	5	Hot Water
Holden	1010	Single Fam  MDL-01	2	2 Stories	3	Colonial	1968	2	Oil	5	Hot Water
Holden	1010	Single Fam  MDL-01	2	2 Stories	3	Colonial	1968	3	Gas	4	Forced Air-Duc
Holden	1010	Single Fam  MDL-01	2	2 Stories	3	Colonial	1968	3	Gas	4	Forced Air-Duc
Holden	1010	Single Fam  MDL-01	2	2 Stories	3	Colonial	1968	3	Gas	4	Forced Air-Duc
Holden	1010	Single Fam  MDL-01	2	2 Stories	3	Colonial	1968	3	Gas	4	Forced Air-Duc
Holden	1010	Single Fam  MDL-01	2	2 Stories	3	Colonial	1970	2	Oil	5	Hot Water
Holden	1010	Single Fam  MDL-01	2	2 Stories	3	Colonial	1973	2	Oil	5	Hot Water
Holden	1010	Single Fam  MDL-01	2	2 Stories	3	Colonial	1973	3	Gas	5	Hot Water
Holden	1010	Single Fam  MDL-01	2	2 Stories	3	Colonial	1973	3	Gas	5	Hot Water
Holden	1010	Single Fam  MDL-01	2	2 Stories	3	Colonial	1974	2	Oil	5	Hot Water
Holden	1010	Single Fam  MDL-01	2	2 Stories	3	Colonial	1974	2	Oil	5	Hot Water
Holden	1010	Single Fam  MDL-01	2	2 Stories	3	Colonial	1975	2	Oil	4	Forced Air-Duc
Holden	1010	Single Fam  MDL-01	2	2 Stories	3	Colonial	1975	2	Oil	5	Hot Water
Holden	1010	Single Fam  MDL-01	2	2 Stories	3	Colonial	1976	2	Oil	5	Hot Water
Holden	1010	Single Fam  MDL-01	2	2 Stories	3	Colonial	1976	2	Oil	5	Hot Water
Holden	1010	Single Fam  MDL-01	2	2 Stories	3	Colonial	1976	2	Oil	5	Hot Water
Holden	1010	Single Fam  MDL-01	2	2 Stories	3	Colonial	1976	2	Oil	5	Hot Water
Holden	1010	Single Fam  MDL-01	2	2 Stories	3	Colonial	1976	2	Oil	5	Hot Water
Holden	1010	Single Fam  MDL-01	2	2 Stories	3	Colonial	1976	2	Oil	5	Hot Water
Holden	1010	Single Fam  MDL-01	2	2 Stories	3	Colonial	1976	2	Oil	5	Hot Water
Holden	1010	Single Fam  MDL-01	2	2 Stories	3	Colonial	1976	2	Oil	5	Hot Water
Holden	1010	Single Fam  MDL-01	2	2 Stories	3	Colonial	1976	3	Gas	5	Hot Water
Holden	1010	Single Fam  MDL-01	2	2 Stories	3	Colonial	1976	3	Gas	5	Hot Water
Holden	1010	Single Fam  MDL-01	2	2 Stories	3	Colonial	1978	2	Oil	5	Hot Water
Holden	1010	Single Fam  MDL-01	2	2 Stories	3	Colonial	1984	2	Oil	4	Forced Air-Duc
Holden	1010	Single Fam  MDL-01	2	2 Stories	3	Colonial	1984	2	Oil	5	Hot Water
Holden	1010	Single Fam  MDL-01	2	2 Stories	3	Colonial	1988	2	Oil	5	Hot Water
Holden	1010	Single Fam  MDL-01	2	2 Stories	3	Colonial	1988	2	Oil	5	Hot Water
Holden	1010	Single Fam  MDL-01	2	2 Stories	3	Colonial	1988	3	Gas	5	Hot Water
Holden	1010	Single Fam  MDL-01	2	2 Stories	3	Colonial	1995	2	Oil	5	Hot Water
Holden	1010	Single Fam  MDL-01	2	2 Stories	3	Colonial	1996	2	Oil	5	Hot Water
Holden	1010	Single Fam  MDL-01	2	2 Stories	3	Colonial	2000	2	Oil	5	Hot Water
Holden	1010	Single Fam  MDL-01	2	2 Stories	3	Colonial	2000	3	Gas	5	Hot Water
Holden	1010	Single Fam  MDL-01	2	2 Stories	3	Colonial	2001	2	Oil	4	Forced Air-Duc
Holden	1010	Single Fam  MDL-01	2	2 Stories	3	Colonial	2001	2	Oil	6	Steam
Holden	1010	Single Fam  MDL-01	2	2 Stories	3	Colonial	2008	2	Oil	5	Hot Water
Holden	1010	Single Fam  MDL-01	2	2 Stories	3	Colonial	2008	3	Gas	5	Hot Water
Holden	1010	Single Fam  MDL-01	2	2 Stories	3	Colonial	2009	3	Gas	5	Hot Water
Holden	1010	Single Fam  MDL-01	2	2 Stories	3	Colonial	2010	2	Oil	5	Hot Water
Holden	1010	Single Fam  MDL-01	2	2 Stories	3	Colonial	2010	2	Oil	5	Hot Water
Holden	1010	Single Fam  MDL-01	2	2 Stories	3	Colonial	2012	2	Oil	5	Hot Water
Holden	1010	Single Fam  MDL-01	2	2 Stories	3	Colonial	2012	4	Electric	7	Radiant-Elec.
Holden	1010	Single Fam  MDL-01	2	2 Stories	3	Colonial	2014	2	Oil	5	Hot Water
Holden	1010	Single Fam  MDL-01	2	2 Stories	3	Colonial	2014	2	Oil	6	Steam
Holden	1010	Single Fam  MDL-01	2	2 Stories	3	Colonial	2015	4	Electric	7	Radiant-Elec.
Holden	1010	Single Fam  MDL-01	2	2 Stories	3	Colonial	2016	2	Oil	5	Hot Water
Holden	1010	Single Fam  MDL-01	2	2 Stories	3	Colonial	2016	2	Oil	5	Hot Water
Holden	1010	Single Fam  MDL-01	2	2 Stories	3	Colonial	2016	2	Oil	5	Hot Water
Holden	1010	Single Fam  MDL-01	2	2 Stories	3	Colonial	2016	2	Oil	5	Hot Water
Holden	1010	Single Fam  MDL-01	2	2 Stories	3	Colonial	2016	2	Oil	5	Hot Water
Holden	1010	Single Fam  MDL-01	2	2 Stories	3	Colonial	2016	2	Oil	10	Hydro Air
Holden	1010	Single Fam  MDL-01	2	2 Stories	3	Colonial	2016	3	Gas	4	Forced Air-Duc
Holden	1010	Single Fam  MDL-01	2	2 Stories	3	Colonial	2016	3	Gas	5	Hot Water
Holden	1010	Single Fam  MDL-01	2	2 Stories	3	Colonial	2016	3	Gas	5	Hot Water
Holden	1010	Single Fam  MDL-01	2	2 Stories	3	Colonial	2019	2	Oil	4	Forced Air-Duc
Holden	1010	Single Fam  MDL-01	2	2 Stories	3	Colonial	2019	2	Oil	5	Hot Water
Holden	1010	Single Fam  MDL-01	2	2 Stories	3	Colonial	2019	2	Oil	5	Hot Water
Holden	1010	Single Fam  MDL-01	2	2 Stories	3	Colonial	2020	2	Oil	5	Hot Water
Holden	1010	Single Fam  MDL-01	2	2 Stories	3	Colonial	2020	3	Gas	5	Hot Water
Holden	1010	Single Fam  MDL-01	2	2 Stories	3	Colonial	2022	2	Oil	5	Hot Water
Holden	1010	Single Fam  MDL-01	2	2 Stories	3	Colonial	2022	4	Electric	7	Radiant-Elec.
Holden	1010	Single Fam  MDL-01	2	2 Stories	3	Colonial	2024	2	Oil	5	Hot Water
Holden	1010	Single Fam  MDL-01	2	2 Stories	3	Colonial	2028	2	Oil	5	Hot Water
Holden	1010	Single Fam  MDL-01	2	2 Stories	3	Colonial	2030	2	Oil	5	Hot Water
Holden	1010	Single Fam  MDL-01	2	2 Stories	3	Colonial	2031	2	Oil	5	Hot Water
Holden	1010	Single Fam  MDL-01	2	2 Stories	3	Colonial	2032	3	Gas	4	Forced Air-Duc
Holden	1010	Single Fam  MDL-01	2	2 Stories	3	Colonial	2032	3	Gas	4	Forced Air-Duc
Holden	1010	Single Fam  MDL-01	2	2 Stories	3	Colonial	2037	2	Oil	5	Hot Water
Holden	1010	Single Fam  MDL-01	2	2 Stories	3	Colonial	2038	2	Oil	5	Hot Water
Holden	1010	Single Fam  MDL-01	2	2 Stories	3	Colonial	2040	2	Oil	5	Hot Water
Holden	1010	Single Fam  MDL-01	2	2 Stories	3	Colonial	2040	2	Oil	5	Hot Water
Holden	1010	Single Fam  MDL-01	2	2 Stories	3	Colonial	2040	2	Oil	5	Hot Water
Holden	1010	Single Fam  MDL-01	2	2 Stories	3	Colonial	2040	3	Gas	5	Hot Water
Holden	1010	Single Fam  MDL-01	2	2 Stories	3	Colonial	2040	4	Electric	7	Radiant-Elec.
Holden	1010	Single Fam  MDL-01	2	2 Stories	3	Colonial	2041	4	Electric	7	Radiant-Elec.
Holden	1010	Single Fam  MDL-01	2	2 Stories	3	Colonial	2042	2	Oil	5	Hot Water
Holden	1010	Single Fam  MDL-01	2	2 Stories	3	Colonial	2042	4	Electric	7	Radiant-Elec.
Holden	1010	Single Fam  MDL-01	2	2 Stories	3	Colonial	2044	2	Oil	5	Hot Water
Holden	1010	Single Fam  MDL-01	2	2 Stories	3	Colonial	2044	2	Oil	10	Hydro Air
Holden	1010	Single Fam  MDL-01	2	2 Stories	3	Colonial	2044	3	Gas	5	Hot Water
Holden	1010	Single Fam  MDL-01	2	2 Stories	3	Colonial	2045	2	Oil	5	Hot Water
Holden	1010	Single Fam  MDL-01	2	2 Stories	3	Colonial	2045	4	Electric	7	Radiant-Elec.
Holden	1010	Single Fam  MDL-01	2	2 Stories	3	Colonial	2046	2	Oil	5	Hot Water
Holden	1010	Single Fam  MDL-01	2	2 Stories	3	Colonial	2046	2	Oil	5	Hot Water
Holden	1010	Single Fam  MDL-01	2	2 Stories	3	Colonial	2048	2	Oil	5	Hot Water
Holden	1010	Single Fam  MDL-01	2	2 Stories	3	Colonial	2052	2	Oil	5	Hot Water
Holden	1010	Single Fam  MDL-01	2	2 Stories	3	Colonial	2052	2	Oil	5	Hot Water
Holden	1010	Single Fam  MDL-01	2	2 Stories	3	Colonial	2052	2	Oil	5	Hot Water
Holden	1010	Single Fam  MDL-01	2	2 Stories	3	Colonial	2053	2	Oil	5	Hot Water
Holden	1010	Single Fam  MDL-01	2	2 Stories	3	Colonial	2053	3	Gas	5	Hot Water
Holden	1010	Single Fam  MDL-01	2	2 Stories	3	Colonial	2054	2	Oil	5	Hot Water
Holden	1010	Single Fam  MDL-01	2	2 Stories	3	Colonial	2054	2	Oil	5	Hot Water
Holden	1010	Single Fam  MDL-01	2	2 Stories	3	Colonial	2055	2	Oil	5	Hot Water
Holden	1010	Single Fam  MDL-01	2	2 Stories	3	Colonial	2056	2	Oil	5	Hot Water
Holden	1010	Single Fam  MDL-01	2	2 Stories	3	Colonial	2056	3	Gas	4	Forced Air-Duc
Holden	1010	Single Fam  MDL-01	2	2 Stories	3	Colonial	2057	4	Electric	7	Radiant-Elec.
Holden	1010	Single Fam  MDL-01	2	2 Stories	3	Colonial	2058	2	Oil	5	Hot Water
Holden	1010	Single Fam  MDL-01	2	2 Stories	3	Colonial	2058	2	Oil	5	Hot Water
Holden	1010	Single Fam  MDL-01	2	2 Stories	3	Colonial	2064	2	Oil	4	Forced Air-Duc
Holden	1010	Single Fam  MDL-01	2	2 Stories	3	Colonial	2064	2	Oil	5	Hot Water
Holden	1010	Single Fam  MDL-01	2	2 Stories	3	Colonial	2064	2	Oil	5	Hot Water
Holden	1010	Single Fam  MDL-01	2	2 Stories	3	Colonial	2064	3	Gas	4	Forced Air-Duc
Holden	1010	Single Fam  MDL-01	2	2 Stories	3	Colonial	2064	3	Gas	4	Forced Air-Duc
Holden	1010	Single Fam  MDL-01	2	2 Stories	3	Colonial	2064	3	Gas	4	Forced Air-Duc
Holden	1010	Single Fam  MDL-01	2	2 Stories	3	Colonial	2065	2	Oil	5	Hot Water
Holden	1010	Single Fam  MDL-01	2	2 Stories	3	Colonial	2066	2	Oil	5	Hot Water
Holden	1010	Single Fam  MDL-01	2	2 Stories	3	Colonial	2067	2	Oil	5	Hot Water
Holden	1010	Single Fam  MDL-01	2	2 Stories	3	Colonial	2068	2	Oil	6	Steam
Holden	1010	Single Fam  MDL-01	2	2 Stories	3	Colonial	2070	2	Oil	5	Hot Water
Holden	1010	Single Fam  MDL-01	2	2 Stories	3	Colonial	2071	3	Gas	4	Forced Air-Duc
Holden	1010	Single Fam  MDL-01	2	2 Stories	3	Colonial	2072	2	Oil	5	Hot Water
Holden	1010	Single Fam  MDL-01	2	2 Stories	3	Colonial	2072	2	Oil	5	Hot Water
Holden	1010	Single Fam  MDL-01	2	2 Stories	3	Colonial	2072	2	Oil	5	Hot Water
Holden	1010	Single Fam  MDL-01	2	2 Stories	3	Colonial	2073	2	Oil	5	Hot Water
Holden	1010	Single Fam  MDL-01	2	2 Stories	3	Colonial	2074	2	Oil	5	Hot Water
Holden	1010	Single Fam  MDL-01	2	2 Stories	3	Colonial	2074	2	Oil	5	Hot Water
Holden	1010	Single Fam  MDL-01	2	2 Stories	3	Colonial	2074	3	Gas	4	Forced Air-Duc
Holden	1010	Single Fam  MDL-01	2	2 Stories	3	Colonial	2076	2	Oil	5	Hot Water
Holden	1010	Single Fam  MDL-01	2	2 Stories	3	Colonial	2076	2	Oil	5	Hot Water
Holden	1010	Single Fam  MDL-01	2	2 Stories	3	Colonial	2076	2	Oil	5	Hot Water
Holden	1010	Single Fam  MDL-01	2	2 Stories	3	Colonial	2076	3	Gas	5	Hot Water
Holden	1010	Single Fam  MDL-01	2	2 Stories	3	Colonial	2077	3	Gas	5	Hot Water
Holden	1010	Single Fam  MDL-01	2	2 Stories	3	Colonial	2079	2	Oil	5	Hot Water
Holden	1010	Single Fam  MDL-01	2	2 Stories	3	Colonial	2080	2	Oil	5	Hot Water
Holden	1010	Single Fam  MDL-01	2	2 Stories	3	Colonial	2080	2	Oil	5	Hot Water
Holden	1010	Single Fam  MDL-01	2	2 Stories	3	Colonial	2080	2	Oil	5	Hot Water
Holden	1010	Single Fam  MDL-01	2	2 Stories	3	Colonial	2080	2	Oil	5	Hot Water
Holden	1010	Single Fam  MDL-01	2	2 Stories	3	Colonial	2083	2	Oil	5	Hot Water
Holden	1010	Single Fam  MDL-01	2	2 Stories	3	Colonial	2084	2	Oil	5	Hot Water
Holden	1010	Single Fam  MDL-01	2	2 Stories	3	Colonial	2085	2	Oil	4	Forced Air-Duc
Holden	1010	Single Fam  MDL-01	2	2 Stories	3	Colonial	2085	2	Oil	5	Hot Water
Holden	1010	Single Fam  MDL-01	2	2 Stories	3	Colonial	2087	2	Oil	5	Hot Water
Holden	1010	Single Fam  MDL-01	2	2 Stories	3	Colonial	2088	2	Oil	4	Forced Air-Duc
Holden	1010	Single Fam  MDL-01	2	2 Stories	3	Colonial	2088	2	Oil	5	Hot Water
Holden	1010	Single Fam  MDL-01	2	2 Stories	3	Colonial	2092	3	Gas	5	Hot Water
Holden	1010	Single Fam  MDL-01	2	2 Stories	3	Colonial	2094	2	Oil	5	Hot Water
Holden	1010	Single Fam  MDL-01	2	2 Stories	3	Colonial	2095	2	Oil	4	Forced Air-Duc
Holden	1010	Single Fam  MDL-01	2	2 Stories	3	Colonial	2096	2	Oil	4	Forced Air-Duc
Holden	1010	Single Fam  MDL-01	2	2 Stories	3	Colonial	2098	2	Oil	5	Hot Water
Holden	1010	Single Fam  MDL-01	2	2 Stories	3	Colonial	2100	2	Oil	5	Hot Water
Holden	1010	Single Fam  MDL-01	2	2 Stories	3	Colonial	2101	3	Gas	5	Hot Water
Holden	1010	Single Fam  MDL-01	2	2 Stories	3	Colonial	2104	2	Oil	4	Forced Air-Duc
Holden	1010	Single Fam  MDL-01	2	2 Stories	3	Colonial	2104	2	Oil	5	Hot Water
Holden	1010	Single Fam  MDL-01	2	2 Stories	3	Colonial	2104	2	Oil	5	Hot Water
Holden	1010	Single Fam  MDL-01	2	2 Stories	3	Colonial	2104	2	Oil	5	Hot Water
Holden	1010	Single Fam  MDL-01	2	2 Stories	3	Colonial	2104	2	Oil	5	Hot Water
Holden	1010	Single Fam  MDL-01	2	2 Stories	3	Colonial	2104	2	Oil	5	Hot Water
Holden	1010	Single Fam  MDL-01	2	2 Stories	3	Colonial	2104	2	Oil	5	Hot Water
Holden	1010	Single Fam  MDL-01	2	2 Stories	3	Colonial	2104	2	Oil	10	Hydro Air
Holden	1010	Single Fam  MDL-01	2	2 Stories	3	Colonial	2105	2	Oil	5	Hot Water
Holden	1010	Single Fam  MDL-01	2	2 Stories	3	Colonial	2106	2	Oil	5	Hot Water
Holden	1010	Single Fam  MDL-01	2	2 Stories	3	Colonial	2106	2	Oil	5	Hot Water
Holden	1010	Single Fam  MDL-01	2	2 Stories	3	Colonial	2108	2	Oil	5	Hot Water
Holden	1010	Single Fam  MDL-01	2	2 Stories	3	Colonial	2108	2	Oil	5	Hot Water
Holden	1010	Single Fam  MDL-01	2	2 Stories	3	Colonial	2108	3	Gas	4	Forced Air-Duc
Holden	1010	Single Fam  MDL-01	2	2 Stories	3	Colonial	2108	3	Gas	5	Hot Water
Holden	1010	Single Fam  MDL-01	2	2 Stories	3	Colonial	2112	2	Oil	5	Hot Water
Holden	1010	Single Fam  MDL-01	2	2 Stories	3	Colonial	2112	2	Oil	5	Hot Water
Holden	1010	Single Fam  MDL-01	2	2 Stories	3	Colonial	2112	2	Oil	5	Hot Water
Holden	1010	Single Fam  MDL-01	2	2 Stories	3	Colonial	2112	2	Oil	10	Hydro Air
Holden	1010	Single Fam  MDL-01	2	2 Stories	3	Colonial	2112	2	Oil	10	Hydro Air
Holden	1010	Single Fam  MDL-01	2	2 Stories	3	Colonial	2112	3	Gas	4	Forced Air-Duc
Holden	1010	Single Fam  MDL-01	2	2 Stories	3	Colonial	2114	2	Oil	5	Hot Water
Holden	1010	Single Fam  MDL-01	2	2 Stories	3	Colonial	2115	2	Oil	5	Hot Water
Holden	1010	Single Fam  MDL-01	2	2 Stories	3	Colonial	2116	2	Oil	5	Hot Water
Holden	1010	Single Fam  MDL-01	2	2 Stories	3	Colonial	2116	2	Oil	5	Hot Water
Holden	1010	Single Fam  MDL-01	2	2 Stories	3	Colonial	2116	2	Oil	5	Hot Water
Holden	1010	Single Fam  MDL-01	2	2 Stories	3	Colonial	2116	3	Gas	5	Hot Water
Holden	1010	Single Fam  MDL-01	2	2 Stories	3	Colonial	2118	2	Oil	10	Hydro Air
Holden	1010	Single Fam  MDL-01	2	2 Stories	3	Colonial	2119	3	Gas	5	Hot Water
Holden	1010	Single Fam  MDL-01	2	2 Stories	3	Colonial	2120	2	Oil	5	Hot Water
Holden	1010	Single Fam  MDL-01	2	2 Stories	3	Colonial	2120	2	Oil	5	Hot Water
Holden	1010	Single Fam  MDL-01	2	2 Stories	3	Colonial	2120	3	Gas	4	Forced Air-Duc
Holden	1010	Single Fam  MDL-01	2	2 Stories	3	Colonial	2121	3	Gas	10	Hydro Air
Holden	1010	Single Fam  MDL-01	2	2 Stories	3	Colonial	2122	3	Gas	4	Forced Air-Duc
Holden	1010	Single Fam  MDL-01	2	2 Stories	3	Colonial	2122	3	Gas	5	Hot Water
Holden	1010	Single Fam  MDL-01	2	2 Stories	3	Colonial	2124	2	Oil	5	Hot Water
Holden	1010	Single Fam  MDL-01	2	2 Stories	3	Colonial	2124	3	Gas	5	Hot Water
Holden	1010	Single Fam  MDL-01	2	2 Stories	3	Colonial	2124	4	Electric	5	Hot Water
Holden	1010	Single Fam  MDL-01	2	2 Stories	3	Colonial	2126	2	Oil	5	Hot Water
Holden	1010	Single Fam  MDL-01	2	2 Stories	3	Colonial	2126	2	Oil	5	Hot Water
Holden	1010	Single Fam  MDL-01	2	2 Stories	3	Colonial	2126	2	Oil	6	Steam
Holden	1010	Single Fam  MDL-01	2	2 Stories	3	Colonial	2127	2	Oil	5	Hot Water
Holden	1010	Single Fam  MDL-01	2	2 Stories	3	Colonial	2128	2	Oil	4	Forced Air-Duc
Holden	1010	Single Fam  MDL-01	2	2 Stories	3	Colonial	2128	2	Oil	5	Hot Water
Holden	1010	Single Fam  MDL-01	2	2 Stories	3	Colonial	2128	2	Oil	5	Hot Water
Holden	1010	Single Fam  MDL-01	2	2 Stories	3	Colonial	2128	2	Oil	5	Hot Water
Holden	1010	Single Fam  MDL-01	2	2 Stories	3	Colonial	2128	2	Oil	5	Hot Water
Holden	1010	Single Fam  MDL-01	2	2 Stories	3	Colonial	2128	2	Oil	5	Hot Water
Holden	1010	Single Fam  MDL-01	2	2 Stories	3	Colonial	2128	2	Oil	5	Hot Water
Holden	1010	Single Fam  MDL-01	2	2 Stories	3	Colonial	2128	2	Oil	5	Hot Water
Holden	1010	Single Fam  MDL-01	2	2 Stories	3	Colonial	2129	3	Gas	5	Hot Water
Holden	1010	Single Fam  MDL-01	2	2 Stories	3	Colonial	2129	3	Gas	5	Hot Water
Holden	1010	Single Fam  MDL-01	2	2 Stories	3	Colonial	2132	2	Oil	5	Hot Water
Holden	1010	Single Fam  MDL-01	2	2 Stories	3	Colonial	2132	2	Oil	5	Hot Water
Holden	1010	Single Fam  MDL-01	2	2 Stories	3	Colonial	2132	3	Gas	4	Forced Air-Duc
Holden	1010	Single Fam  MDL-01	2	2 Stories	3	Colonial	2132	3	Gas	5	Hot Water
Holden	1010	Single Fam  MDL-01	2	2 Stories	3	Colonial	2133	3	Gas	5	Hot Water
Holden	1010	Single Fam  MDL-01	2	2 Stories	3	Colonial	2134	2	Oil	5	Hot Water
Holden	1010	Single Fam  MDL-01	2	2 Stories	3	Colonial	2135	2	Oil	5	Hot Water
Holden	1010	Single Fam  MDL-01	2	2 Stories	3	Colonial	2136	2	Oil	5	Hot Water
Holden	1010	Single Fam  MDL-01	2	2 Stories	3	Colonial	2136	3	Gas	5	Hot Water
Holden	1010	Single Fam  MDL-01	2	2 Stories	3	Colonial	2136	4	Electric	4	Forced Air-Duc
Holden	1010	Single Fam  MDL-01	2	2 Stories	3	Colonial	2138	2	Oil	10	Hydro Air
Holden	1010	Single Fam  MDL-01	2	2 Stories	3	Colonial	2139	2	Oil	5	Hot Water
Holden	1010	Single Fam  MDL-01	2	2 Stories	3	Colonial	2141	2	Oil	5	Hot Water
Holden	1010	Single Fam  MDL-01	2	2 Stories	3	Colonial	2141	3	Gas	4	Forced Air-Duc
Holden	1010	Single Fam  MDL-01	2	2 Stories	3	Colonial	2142	2	Oil	5	Hot Water
Holden	1010	Single Fam  MDL-01	2	2 Stories	3	Colonial	2142	2	Oil	5	Hot Water
Holden	1010	Single Fam  MDL-01	2	2 Stories	3	Colonial	2142	3	Gas	5	Hot Water
Holden	1010	Single Fam  MDL-01	2	2 Stories	3	Colonial	2144	2	Oil	5	Hot Water
Holden	1010	Single Fam  MDL-01	2	2 Stories	3	Colonial	2144	2	Oil	5	Hot Water
Holden	1010	Single Fam  MDL-01	2	2 Stories	3	Colonial	2146	2	Oil	5	Hot Water
Holden	1010	Single Fam  MDL-01	2	2 Stories	3	Colonial	2150	2	Oil	5	Hot Water
Holden	1010	Single Fam  MDL-01	2	2 Stories	3	Colonial	2150	2	Oil	5	Hot Water
Holden	1010	Single Fam  MDL-01	2	2 Stories	3	Colonial	2152	2	Oil	5	Hot Water
Holden	1010	Single Fam  MDL-01	2	2 Stories	3	Colonial	2152	2	Oil	5	Hot Water
Holden	1010	Single Fam  MDL-01	2	2 Stories	3	Colonial	2152	2	Oil	5	Hot Water
Holden	1010	Single Fam  MDL-01	2	2 Stories	3	Colonial	2152	2	Oil	5	Hot Water
Holden	1010	Single Fam  MDL-01	2	2 Stories	3	Colonial	2152	2	Oil	5	Hot Water
Holden	1010	Single Fam  MDL-01	2	2 Stories	3	Colonial	2152	2	Oil	7	Radiant-Elec.
Holden	1010	Single Fam  MDL-01	2	2 Stories	3	Colonial	2154	4	Electric	7	Radiant-Elec.
Holden	1010	Single Fam  MDL-01	2	2 Stories	3	Colonial	2156	2	Oil	5	Hot Water
Holden	1010	Single Fam  MDL-01	2	2 Stories	3	Colonial	2156	2	Oil	6	Steam
Holden	1010	Single Fam  MDL-01	2	2 Stories	3	Colonial	2157	4	Electric	7	Radiant-Elec.
Holden	1010	Single Fam  MDL-01	2	2 Stories	3	Colonial	2158	2	Oil	4	Forced Air-Duc
Holden	1010	Single Fam  MDL-01	2	2 Stories	3	Colonial	2158	2	Oil	5	Hot Water
Holden	1010	Single Fam  MDL-01	2	2 Stories	3	Colonial	2158	3	Gas	5	Hot Water
Holden	1010	Single Fam  MDL-01	2	2 Stories	3	Colonial	2159	3	Gas	4	Forced Air-Duc
Holden	1010	Single Fam  MDL-01	2	2 Stories	3	Colonial	2160	2	Oil	5	Hot Water
Holden	1010	Single Fam  MDL-01	2	2 Stories	3	Colonial	2160	2	Oil	5	Hot Water
Holden	1010	Single Fam  MDL-01	2	2 Stories	3	Colonial	2160	2	Oil	5	Hot Water
Holden	1010	Single Fam  MDL-01	2	2 Stories	3	Colonial	2160	3	Gas	4	Forced Air-Duc
Holden	1010	Single Fam  MDL-01	2	2 Stories	3	Colonial	2160	3	Gas	5	Hot Water
Holden	1010	Single Fam  MDL-01	2	2 Stories	3	Colonial	2162	2	Oil	5	Hot Water
Holden	1010	Single Fam  MDL-01	2	2 Stories	3	Colonial	2162	2	Oil	5	Hot Water
Holden	1010	Single Fam  MDL-01	2	2 Stories	3	Colonial	2165	3	Gas	5	Hot Water
Holden	1010	Single Fam  MDL-01	2	2 Stories	3	Colonial	2166	2	Oil	5	Hot Water
Holden	1010	Single Fam  MDL-01	2	2 Stories	3	Colonial	2167	2	Oil	5	Hot Water
Holden	1010	Single Fam  MDL-01	2	2 Stories	3	Colonial	2168	2	Oil	5	Hot Water
Holden	1010	Single Fam  MDL-01	2	2 Stories	3	Colonial	2168	2	Oil	5	Hot Water
Holden	1010	Single Fam  MDL-01	2	2 Stories	3	Colonial	2170	2	Oil	5	Hot Water
Holden	1010	Single Fam  MDL-01	2	2 Stories	3	Colonial	2172	2	Oil	6	Steam
Holden	1010	Single Fam  MDL-01	2	2 Stories	3	Colonial	2173	3	Gas	4	Forced Air-Duc
Holden	1010	Single Fam  MDL-01	2	2 Stories	3	Colonial	2174	3	Gas	5	Hot Water
Holden	1010	Single Fam  MDL-01	2	2 Stories	3	Colonial	2176	2	Oil	5	Hot Water
Holden	1010	Single Fam  MDL-01	2	2 Stories	3	Colonial	2176	2	Oil	5	Hot Water
Holden	1010	Single Fam  MDL-01	2	2 Stories	3	Colonial	2176	2	Oil	5	Hot Water
Holden	1010	Single Fam  MDL-01	2	2 Stories	3	Colonial	2176	3	Gas	4	Forced Air-Duc
Holden	1010	Single Fam  MDL-01	2	2 Stories	3	Colonial	2178	2	Oil	10	Hydro Air
Holden	1010	Single Fam  MDL-01	2	2 Stories	3	Colonial	2180	3	Gas	5	Hot Water
Holden	1010	Single Fam  MDL-01	2	2 Stories	3	Colonial	2182	2	Oil	4	Forced Air-Duc
Holden	1010	Single Fam  MDL-01	2	2 Stories	3	Colonial	2183	2	Oil	4	Forced Air-Duc
Holden	1010	Single Fam  MDL-01	2	2 Stories	3	Colonial	2183	2	Oil	5	Hot Water
Holden	1010	Single Fam  MDL-01	2	2 Stories	3	Colonial	2184	2	Oil	4	Forced Air-Duc
Holden	1010	Single Fam  MDL-01	2	2 Stories	3	Colonial	2184	2	Oil	5	Hot Water
Holden	1010	Single Fam  MDL-01	2	2 Stories	3	Colonial	2184	2	Oil	5	Hot Water
Holden	1010	Single Fam  MDL-01	2	2 Stories	3	Colonial	2184	2	Oil	5	Hot Water
Holden	1010	Single Fam  MDL-01	2	2 Stories	3	Colonial	2184	2	Oil	5	Hot Water
Holden	1010	Single Fam  MDL-01	2	2 Stories	3	Colonial	2184	2	Oil	5	Hot Water
Holden	1010	Single Fam  MDL-01	2	2 Stories	3	Colonial	2184	2	Oil	5	Hot Water
Holden	1010	Single Fam  MDL-01	2	2 Stories	3	Colonial	2187	2	Oil	5	Hot Water
Holden	1010	Single Fam  MDL-01	2	2 Stories	3	Colonial	2188	3	Gas	4	Forced Air-Duc
Holden	1010	Single Fam  MDL-01	2	2 Stories	3	Colonial	2190	2	Oil	5	Hot Water
Holden	1010	Single Fam  MDL-01	2	2 Stories	3	Colonial	2190	2	Oil	5	Hot Water
Holden	1010	Single Fam  MDL-01	2	2 Stories	3	Colonial	2192	2	Oil	5	Hot Water
Holden	1010	Single Fam  MDL-01	2	2 Stories	3	Colonial	2192	2	Oil	5	Hot Water
Holden	1010	Single Fam  MDL-01	2	2 Stories	3	Colonial	2193	2	Oil	5	Hot Water
Holden	1010	Single Fam  MDL-01	2	2 Stories	3	Colonial	2195	2	Oil	5	Hot Water
Holden	1010	Single Fam  MDL-01	2	2 Stories	3	Colonial	2196	2	Oil	5	Hot Water
Holden	1010	Single Fam  MDL-01	2	2 Stories	3	Colonial	2196	2	Oil	5	Hot Water
Holden	1010	Single Fam  MDL-01	2	2 Stories	3	Colonial	2196	2	Oil	5	Hot Water
Holden	1010	Single Fam  MDL-01	2	2 Stories	3	Colonial	2196	2	Oil	5	Hot Water
Holden	1010	Single Fam  MDL-01	2	2 Stories	3	Colonial	2199	2	Oil	5	Hot Water
Holden	1010	Single Fam  MDL-01	2	2 Stories	3	Colonial	2200	2	Oil	5	Hot Water
Holden	1010	Single Fam  MDL-01	2	2 Stories	3	Colonial	2200	2	Oil	6	Steam
Holden	1010	Single Fam  MDL-01	2	2 Stories	3	Colonial	2200	3	Gas	5	Hot Water
Holden	1010	Single Fam  MDL-01	2	2 Stories	3	Colonial	2201	2	Oil	5	Hot Water
Holden	1010	Single Fam  MDL-01	2	2 Stories	3	Colonial	2204	2	Oil	4	Forced Air-Duc
Holden	1010	Single Fam  MDL-01	2	2 Stories	3	Colonial	2204	2	Oil	5	Hot Water
Holden	1010	Single Fam  MDL-01	2	2 Stories	3	Colonial	2204	2	Oil	10	Hydro Air
Holden	1010	Single Fam  MDL-01	2	2 Stories	3	Colonial	2205	2	Oil	4	Forced Air-Duc
Holden	1010	Single Fam  MDL-01	2	2 Stories	3	Colonial	2205	2	Oil	5	Hot Water
Holden	1010	Single Fam  MDL-01	2	2 Stories	3	Colonial	2206	2	Oil	10	Hydro Air
Holden	1010	Single Fam  MDL-01	2	2 Stories	3	Colonial	2206	4	Electric	7	Radiant-Elec.
Holden	1010	Single Fam  MDL-01	2	2 Stories	3	Colonial	2207	2	Oil	5	Hot Water
Holden	1010	Single Fam  MDL-01	2	2 Stories	3	Colonial	2208	2	Oil	3	Hot Air-no Duc
Holden	1010	Single Fam  MDL-01	2	2 Stories	3	Colonial	2208	2	Oil	4	Forced Air-Duc
Holden	1010	Single Fam  MDL-01	2	2 Stories	3	Colonial	2208	2	Oil	4	Forced Air-Duc
Holden	1010	Single Fam  MDL-01	2	2 Stories	3	Colonial	2208	2	Oil	4	Forced Air-Duc
Holden	1010	Single Fam  MDL-01	2	2 Stories	3	Colonial	2208	2	Oil	4	Forced Air-Duc
Holden	1010	Single Fam  MDL-01	2	2 Stories	3	Colonial	2208	2	Oil	4	Forced Air-Duc
Holden	1010	Single Fam  MDL-01	2	2 Stories	3	Colonial	2208	2	Oil	5	Hot Water
Holden	1010	Single Fam  MDL-01	2	2 Stories	3	Colonial	2208	2	Oil	5	Hot Water
Holden	1010	Single Fam  MDL-01	2	2 Stories	3	Colonial	2208	2	Oil	5	Hot Water
Holden	1010	Single Fam  MDL-01	2	2 Stories	3	Colonial	2208	2	Oil	5	Hot Water
Holden	1010	Single Fam  MDL-01	2	2 Stories	3	Colonial	2208	2	Oil	5	Hot Water
Holden	1010	Single Fam  MDL-01	2	2 Stories	3	Colonial	2208	2	Oil	5	Hot Water
Holden	1010	Single Fam  MDL-01	2	2 Stories	3	Colonial	2208	2	Oil	5	Hot Water
Holden	1010	Single Fam  MDL-01	2	2 Stories	3	Colonial	2208	2	Oil	5	Hot Water
Holden	1010	Single Fam  MDL-01	2	2 Stories	3	Colonial	2208	2	Oil	5	Hot Water
Holden	1010	Single Fam  MDL-01	2	2 Stories	3	Colonial	2208	2	Oil	5	Hot Water
Holden	1010	Single Fam  MDL-01	2	2 Stories	3	Colonial	2208	2	Oil	5	Hot Water
Holden	1010	Single Fam  MDL-01	2	2 Stories	3	Colonial	2208	2	Oil	5	Hot Water
Holden	1010	Single Fam  MDL-01	2	2 Stories	3	Colonial	2208	2	Oil	5	Hot Water
Holden	1010	Single Fam  MDL-01	2	2 Stories	3	Colonial	2208	2	Oil	5	Hot Water
Holden	1010	Single Fam  MDL-01	2	2 Stories	3	Colonial	2208	2	Oil	5	Hot Water
Holden	1010	Single Fam  MDL-01	2	2 Stories	3	Colonial	2208	2	Oil	5	Hot Water
Holden	1010	Single Fam  MDL-01	2	2 Stories	3	Colonial	2208	2	Oil	5	Hot Water
Holden	1010	Single Fam  MDL-01	2	2 Stories	3	Colonial	2208	2	Oil	5	Hot Water
Holden	1010	Single Fam  MDL-01	2	2 Stories	3	Colonial	2208	2	Oil	5	Hot Water
Holden	1010	Single Fam  MDL-01	2	2 Stories	3	Colonial	2208	2	Oil	5	Hot Water
Holden	1010	Single Fam  MDL-01	2	2 Stories	3	Colonial	2208	2	Oil	5	Hot Water
Holden	1010	Single Fam  MDL-01	2	2 Stories	3	Colonial	2208	2	Oil	5	Hot Water
Holden	1010	Single Fam  MDL-01	2	2 Stories	3	Colonial	2208	2	Oil	10	Hydro Air
Holden	1010	Single Fam  MDL-01	2	2 Stories	3	Colonial	2208	3	Gas	4	Forced Air-Duc
Holden	1010	Single Fam  MDL-01	2	2 Stories	3	Colonial	2208	3	Gas	4	Forced Air-Duc
Holden	1010	Single Fam  MDL-01	2	2 Stories	3	Colonial	2208	3	Gas	4	Forced Air-Duc
Holden	1010	Single Fam  MDL-01	2	2 Stories	3	Colonial	2208	3	Gas	5	Hot Water
Holden	1010	Single Fam  MDL-01	2	2 Stories	3	Colonial	2208	4	Electric	7	Radiant-Elec.
Holden	1010	Single Fam  MDL-01	2	2 Stories	3	Colonial	2210	2	Oil	4	Forced Air-Duc
Holden	1010	Single Fam  MDL-01	2	2 Stories	3	Colonial	2211	2	Oil	5	Hot Water
Holden	1010	Single Fam  MDL-01	2	2 Stories	3	Colonial	2211	2	Oil	10	Hydro Air
Holden	1010	Single Fam  MDL-01	2	2 Stories	3	Colonial	2212	2	Oil	5	Hot Water
Holden	1010	Single Fam  MDL-01	2	2 Stories	3	Colonial	2212	2	Oil	5	Hot Water
Holden	1010	Single Fam  MDL-01	2	2 Stories	3	Colonial	2212	3	Gas	5	Hot Water
Holden	1010	Single Fam  MDL-01	2	2 Stories	3	Colonial	2213	3	Gas	4	Forced Air-Duc
Holden	1010	Single Fam  MDL-01	2	2 Stories	3	Colonial	2214	3	Gas	4	Forced Air-Duc
Holden	1010	Single Fam  MDL-01	2	2 Stories	3	Colonial	2215	3	Gas	5	Hot Water
Holden	1010	Single Fam  MDL-01	2	2 Stories	3	Colonial	2216	2	Oil	5	Hot Water
Holden	1010	Single Fam  MDL-01	2	2 Stories	3	Colonial	2216	3	Gas	4	Forced Air-Duc
Holden	1010	Single Fam  MDL-01	2	2 Stories	3	Colonial	2217	3	Gas	5	Hot Water
Holden	1010	Single Fam  MDL-01	2	2 Stories	3	Colonial	2220	2	Oil	4	Forced Air-Duc
Holden	1010	Single Fam  MDL-01	2	2 Stories	3	Colonial	2220	2	Oil	4	Forced Air-Duc
Holden	1010	Single Fam  MDL-01	2	2 Stories	3	Colonial	2220	2	Oil	5	Hot Water
Holden	1010	Single Fam  MDL-01	2	2 Stories	3	Colonial	2222	2	Oil	5	Hot Water
Holden	1010	Single Fam  MDL-01	2	2 Stories	3	Colonial	2222	2	Oil	5	Hot Water
Holden	1010	Single Fam  MDL-01	2	2 Stories	3	Colonial	2223	2	Oil	5	Hot Water
Holden	1010	Single Fam  MDL-01	2	2 Stories	3	Colonial	2223	2	Oil	5	Hot Water
Holden	1010	Single Fam  MDL-01	2	2 Stories	3	Colonial	2224	2	Oil	5	Hot Water
Holden	1010	Single Fam  MDL-01	2	2 Stories	3	Colonial	2224	3	Gas	5	Hot Water
Holden	1010	Single Fam  MDL-01	2	2 Stories	3	Colonial	2228	2	Oil	5	Hot Water
Holden	1010	Single Fam  MDL-01	2	2 Stories	3	Colonial	2230	2	Oil	10	Hydro Air
Holden	1010	Single Fam  MDL-01	2	2 Stories	3	Colonial	2230	3	Gas	5	Hot Water
Holden	1010	Single Fam  MDL-01	2	2 Stories	3	Colonial	2231	2	Oil	10	Hydro Air
Holden	1010	Single Fam  MDL-01	2	2 Stories	3	Colonial	2232	2	Oil	5	Hot Water
Holden	1010	Single Fam  MDL-01	2	2 Stories	3	Colonial	2232	2	Oil	5	Hot Water
Holden	1010	Single Fam  MDL-01	2	2 Stories	3	Colonial	2232	2	Oil	5	Hot Water
Holden	1010	Single Fam  MDL-01	2	2 Stories	3	Colonial	2232	2	Oil	5	Hot Water
Holden	1010	Single Fam  MDL-01	2	2 Stories	3	Colonial	2232	2	Oil	5	Hot Water
Holden	1010	Single Fam  MDL-01	2	2 Stories	3	Colonial	2232	2	Oil	5	Hot Water
Holden	1010	Single Fam  MDL-01	2	2 Stories	3	Colonial	2232	2	Oil	10	Hydro Air
Holden	1010	Single Fam  MDL-01	2	2 Stories	3	Colonial	2233	3	Gas	4	Forced Air-Duc
Holden	1010	Single Fam  MDL-01	2	2 Stories	3	Colonial	2233	3	Gas	5	Hot Water
Holden	1010	Single Fam  MDL-01	2	2 Stories	3	Colonial	2236	2	Oil	5	Hot Water
Holden	1010	Single Fam  MDL-01	2	2 Stories	3	Colonial	2236	2	Oil	5	Hot Water
Holden	1010	Single Fam  MDL-01	2	2 Stories	3	Colonial	2236	2	Oil	5	Hot Water
Holden	1010	Single Fam  MDL-01	2	2 Stories	3	Colonial	2236	2	Oil	5	Hot Water
Holden	1010	Single Fam  MDL-01	2	2 Stories	3	Colonial	2236	2	Oil	5	Hot Water
Holden	1010	Single Fam  MDL-01	2	2 Stories	3	Colonial	2236	2	Oil	5	Hot Water
Holden	1010	Single Fam  MDL-01	2	2 Stories	3	Colonial	2236	2	Oil	5	Hot Water
Holden	1010	Single Fam  MDL-01	2	2 Stories	3	Colonial	2236	3	Gas	5	Hot Water
Holden	1010	Single Fam  MDL-01	2	2 Stories	3	Colonial	2237	2	Oil	5	Hot Water
Holden	1010	Single Fam  MDL-01	2	2 Stories	3	Colonial	2238	3	Gas	5	Hot Water
Holden	1010	Single Fam  MDL-01	2	2 Stories	3	Colonial	2239	2	Oil	4	Forced Air-Duc
Holden	1010	Single Fam  MDL-01	2	2 Stories	3	Colonial	2239	2	Oil	5	Hot Water
Holden	1010	Single Fam  MDL-01	2	2 Stories	3	Colonial	2240	2	Oil	4	Forced Air-Duc
Holden	1010	Single Fam  MDL-01	2	2 Stories	3	Colonial	2240	2	Oil	5	Hot Water
Holden	1010	Single Fam  MDL-01	2	2 Stories	3	Colonial	2240	2	Oil	5	Hot Water
Holden	1010	Single Fam  MDL-01	2	2 Stories	3	Colonial	2240	2	Oil	5	Hot Water
Holden	1010	Single Fam  MDL-01	2	2 Stories	3	Colonial	2240	2	Oil	10	Hydro Air
Holden	1010	Single Fam  MDL-01	2	2 Stories	3	Colonial	2241	3	Gas	5	Hot Water
Holden	1010	Single Fam  MDL-01	2	2 Stories	3	Colonial	2242	2	Oil	5	Hot Water
Holden	1010	Single Fam  MDL-01	2	2 Stories	3	Colonial	2242	2	Oil	5	Hot Water
Holden	1010	Single Fam  MDL-01	2	2 Stories	3	Colonial	2244	2	Oil	5	Hot Water
Holden	1010	Single Fam  MDL-01	2	2 Stories	3	Colonial	2246	2	Oil	5	Hot Water
Holden	1010	Single Fam  MDL-01	2	2 Stories	3	Colonial	2246	3	Gas	4	Forced Air-Duc
Holden	1010	Single Fam  MDL-01	2	2 Stories	3	Colonial	2246	3	Gas	4	Forced Air-Duc
Holden	1010	Single Fam  MDL-01	2	2 Stories	3	Colonial	2246	3	Gas	4	Forced Air-Duc
Holden	1010	Single Fam  MDL-01	2	2 Stories	3	Colonial	2247	2	Oil	5	Hot Water
Holden	1010	Single Fam  MDL-01	2	2 Stories	3	Colonial	2248	2	Oil	4	Forced Air-Duc
Holden	1010	Single Fam  MDL-01	2	2 Stories	3	Colonial	2248	2	Oil	5	Hot Water
Holden	1010	Single Fam  MDL-01	2	2 Stories	3	Colonial	2248	2	Oil	5	Hot Water
Holden	1010	Single Fam  MDL-01	2	2 Stories	3	Colonial	2248	2	Oil	5	Hot Water
Holden	1010	Single Fam  MDL-01	2	2 Stories	3	Colonial	2248	2	Oil	5	Hot Water
Holden	1010	Single Fam  MDL-01	2	2 Stories	3	Colonial	2248	2	Oil	5	Hot Water
Holden	1010	Single Fam  MDL-01	2	2 Stories	3	Colonial	2248	2	Oil	5	Hot Water
Holden	1010	Single Fam  MDL-01	2	2 Stories	3	Colonial	2248	2	Oil	5	Hot Water
Holden	1010	Single Fam  MDL-01	2	2 Stories	3	Colonial	2248	2	Oil	5	Hot Water
Holden	1010	Single Fam  MDL-01	2	2 Stories	3	Colonial	2248	2	Oil	5	Hot Water
Holden	1010	Single Fam  MDL-01	2	2 Stories	3	Colonial	2248	2	Oil	5	Hot Water
Holden	1010	Single Fam  MDL-01	2	2 Stories	3	Colonial	2248	2	Oil	5	Hot Water
Holden	1010	Single Fam  MDL-01	2	2 Stories	3	Colonial	2248	2	Oil	5	Hot Water
Holden	1010	Single Fam  MDL-01	2	2 Stories	3	Colonial	2248	2	Oil	10	Hydro Air
Holden	1010	Single Fam  MDL-01	2	2 Stories	3	Colonial	2248	2	Oil	10	Hydro Air
Holden	1010	Single Fam  MDL-01	2	2 Stories	3	Colonial	2248	2	Oil	10	Hydro Air
Holden	1010	Single Fam  MDL-01	2	2 Stories	3	Colonial	2248	2	Oil	10	Hydro Air
Holden	1010	Single Fam  MDL-01	2	2 Stories	3	Colonial	2248	2	Oil	10	Hydro Air
Holden	1010	Single Fam  MDL-01	2	2 Stories	3	Colonial	2248	2	Oil	10	Hydro Air
Holden	1010	Single Fam  MDL-01	2	2 Stories	3	Colonial	2248	2	Oil	10	Hydro Air
Holden	1010	Single Fam  MDL-01	2	2 Stories	3	Colonial	2248	2	Oil	10	Hydro Air
Holden	1010	Single Fam  MDL-01	2	2 Stories	3	Colonial	2248	2	Oil	10	Hydro Air
Holden	1010	Single Fam  MDL-01	2	2 Stories	3	Colonial	2248	2	Oil	10	Hydro Air
Holden	1010	Single Fam  MDL-01	2	2 Stories	3	Colonial	2248	2	Oil	10	Hydro Air
Holden	1010	Single Fam  MDL-01	2	2 Stories	3	Colonial	2248	2	Oil	10	Hydro Air
Holden	1010	Single Fam  MDL-01	2	2 Stories	3	Colonial	2248	2	Oil	11	Geothermal
Holden	1010	Single Fam  MDL-01	2	2 Stories	3	Colonial	2248	3	Gas	4	Forced Air-Duc
Holden	1010	Single Fam  MDL-01	2	2 Stories	3	Colonial	2248	3	Gas	4	Forced Air-Duc
Holden	1010	Single Fam  MDL-01	2	2 Stories	3	Colonial	2248	3	Gas	4	Forced Air-Duc
Holden	1010	Single Fam  MDL-01	2	2 Stories	3	Colonial	2248	3	Gas	4	Forced Air-Duc
Holden	1010	Single Fam  MDL-01	2	2 Stories	3	Colonial	2248	3	Gas	4	Forced Air-Duc
Holden	1010	Single Fam  MDL-01	2	2 Stories	3	Colonial	2248	3	Gas	4	Forced Air-Duc
Holden	1010	Single Fam  MDL-01	2	2 Stories	3	Colonial	2248	3	Gas	4	Forced Air-Duc
Holden	1010	Single Fam  MDL-01	2	2 Stories	3	Colonial	2248	3	Gas	4	Forced Air-Duc
Holden	1010	Single Fam  MDL-01	2	2 Stories	3	Colonial	2248	3	Gas	4	Forced Air-Duc
Holden	1010	Single Fam  MDL-01	2	2 Stories	3	Colonial	2248	3	Gas	5	Hot Water
Holden	1010	Single Fam  MDL-01	2	2 Stories	3	Colonial	2249	2	Oil	10	Hydro Air
Holden	1010	Single Fam  MDL-01	2	2 Stories	3	Colonial	2251	2	Oil	5	Hot Water
Holden	1010	Single Fam  MDL-01	2	2 Stories	3	Colonial	2252	2	Oil	5	Hot Water
Holden	1010	Single Fam  MDL-01	2	2 Stories	3	Colonial	2252	2	Oil	5	Hot Water
Holden	1010	Single Fam  MDL-01	2	2 Stories	3	Colonial	2254	2	Oil	4	Forced Air-Duc
Holden	1010	Single Fam  MDL-01	2	2 Stories	3	Colonial	2254	2	Oil	5	Hot Water
Holden	1010	Single Fam  MDL-01	2	2 Stories	3	Colonial	2255	3	Gas	4	Forced Air-Duc
Holden	1010	Single Fam  MDL-01	2	2 Stories	3	Colonial	2256	2	Oil	4	Forced Air-Duc
Holden	1010	Single Fam  MDL-01	2	2 Stories	3	Colonial	2256	2	Oil	5	Hot Water
Holden	1010	Single Fam  MDL-01	2	2 Stories	3	Colonial	2256	2	Oil	5	Hot Water
Holden	1010	Single Fam  MDL-01	2	2 Stories	3	Colonial	2256	2	Oil	5	Hot Water
Holden	1010	Single Fam  MDL-01	2	2 Stories	3	Colonial	2258	2	Oil	4	Forced Air-Duc
Holden	1010	Single Fam  MDL-01	2	2 Stories	3	Colonial	2260	2	Oil	4	Forced Air-Duc
Holden	1010	Single Fam  MDL-01	2	2 Stories	3	Colonial	2260	2	Oil	5	Hot Water
Holden	1010	Single Fam  MDL-01	2	2 Stories	3	Colonial	2260	3	Gas	4	Forced Air-Duc
Holden	1010	Single Fam  MDL-01	2	2 Stories	3	Colonial	2262	2	Oil	5	Hot Water
Holden	1010	Single Fam  MDL-01	2	2 Stories	3	Colonial	2262	3	Gas	5	Hot Water
Holden	1010	Single Fam  MDL-01	2	2 Stories	3	Colonial	2262	4	Electric	7	Radiant-Elec.
Holden	1010	Single Fam  MDL-01	2	2 Stories	3	Colonial	2264	2	Oil	5	Hot Water
Holden	1010	Single Fam  MDL-01	2	2 Stories	3	Colonial	2266	2	Oil	10	Hydro Air
Holden	1010	Single Fam  MDL-01	2	2 Stories	3	Colonial	2267	2	Oil	10	Hydro Air
Holden	1010	Single Fam  MDL-01	2	2 Stories	3	Colonial	2268	2	Oil	4	Forced Air-Duc
Holden	1010	Single Fam  MDL-01	2	2 Stories	3	Colonial	2268	2	Oil	5	Hot Water
Holden	1010	Single Fam  MDL-01	2	2 Stories	3	Colonial	2268	2	Oil	5	Hot Water
Holden	1010	Single Fam  MDL-01	2	2 Stories	3	Colonial	2269	2	Oil	5	Hot Water
Holden	1010	Single Fam  MDL-01	2	2 Stories	3	Colonial	2272	2	Oil	5	Hot Water
Holden	1010	Single Fam  MDL-01	2	2 Stories	3	Colonial	2272	2	Oil	5	Hot Water
Holden	1010	Single Fam  MDL-01	2	2 Stories	3	Colonial	2273	2	Oil	5	Hot Water
Holden	1010	Single Fam  MDL-01	2	2 Stories	3	Colonial	2275	2	Oil	5	Hot Water
Holden	1010	Single Fam  MDL-01	2	2 Stories	3	Colonial	2275	2	Oil	5	Hot Water
Holden	1010	Single Fam  MDL-01	2	2 Stories	3	Colonial	2275	2	Oil	5	Hot Water
Holden	1010	Single Fam  MDL-01	2	2 Stories	3	Colonial	2276	2	Oil	5	Hot Water
Holden	1010	Single Fam  MDL-01	2	2 Stories	3	Colonial	2276	2	Oil	5	Hot Water
Holden	1010	Single Fam  MDL-01	2	2 Stories	3	Colonial	2276	2	Oil	5	Hot Water
Holden	1010	Single Fam  MDL-01	2	2 Stories	3	Colonial	2277	2	Oil	4	Forced Air-Duc
Holden	1010	Single Fam  MDL-01	2	2 Stories	3	Colonial	2278	2	Oil	5	Hot Water
Holden	1010	Single Fam  MDL-01	2	2 Stories	3	Colonial	2278	2	Oil	5	Hot Water
Holden	1010	Single Fam  MDL-01	2	2 Stories	3	Colonial	2279	2	Oil	5	Hot Water
Holden	1010	Single Fam  MDL-01	2	2 Stories	3	Colonial	2279	3	Gas	4	Forced Air-Duc
Holden	1010	Single Fam  MDL-01	2	2 Stories	3	Colonial	2280	2	Oil	5	Hot Water
Holden	1010	Single Fam  MDL-01	2	2 Stories	3	Colonial	2283	2	Oil	5	Hot Water
Holden	1010	Single Fam  MDL-01	2	2 Stories	3	Colonial	2284	2	Oil	5	Hot Water
Holden	1010	Single Fam  MDL-01	2	2 Stories	3	Colonial	2284	3	Gas	4	Forced Air-Duc
Holden	1010	Single Fam  MDL-01	2	2 Stories	3	Colonial	2284	3	Gas	4	Forced Air-Duc
Holden	1010	Single Fam  MDL-01	2	2 Stories	3	Colonial	2288	2	Oil	5	Hot Water
Holden	1010	Single Fam  MDL-01	2	2 Stories	3	Colonial	2288	2	Oil	5	Hot Water
Holden	1010	Single Fam  MDL-01	2	2 Stories	3	Colonial	2288	2	Oil	5	Hot Water
Holden	1010	Single Fam  MDL-01	2	2 Stories	3	Colonial	2288	2	Oil	5	Hot Water
Holden	1010	Single Fam  MDL-01	2	2 Stories	3	Colonial	2288	2	Oil	5	Hot Water
Holden	1010	Single Fam  MDL-01	2	2 Stories	3	Colonial	2288	2	Oil	5	Hot Water
Holden	1010	Single Fam  MDL-01	2	2 Stories	3	Colonial	2288	3	Gas	4	Forced Air-Duc
Holden	1010	Single Fam  MDL-01	2	2 Stories	3	Colonial	2288	3	Gas	5	Hot Water
Holden	1010	Single Fam  MDL-01	2	2 Stories	3	Colonial	2289	3	Gas	4	Forced Air-Duc
Holden	1010	Single Fam  MDL-01	2	2 Stories	3	Colonial	2289	3	Gas	4	Forced Air-Duc
Holden	1010	Single Fam  MDL-01	2	2 Stories	3	Colonial	2290	2	Oil	4	Forced Air-Duc
Holden	1010	Single Fam  MDL-01	2	2 Stories	3	Colonial	2290	2	Oil	5	Hot Water
Holden	1010	Single Fam  MDL-01	2	2 Stories	3	Colonial	2290	2	Oil	6	Steam
Holden	1010	Single Fam  MDL-01	2	2 Stories	3	Colonial	2290	3	Gas	4	Forced Air-Duc
Holden	1010	Single Fam  MDL-01	2	2 Stories	3	Colonial	2290	3	Gas	4	Forced Air-Duc
Holden	1010	Single Fam  MDL-01	2	2 Stories	3	Colonial	2292	2	Oil	5	Hot Water
Holden	1010	Single Fam  MDL-01	2	2 Stories	3	Colonial	2292	2	Oil	5	Hot Water
Holden	1010	Single Fam  MDL-01	2	2 Stories	3	Colonial	2292	2	Oil	5	Hot Water
Holden	1010	Single Fam  MDL-01	2	2 Stories	3	Colonial	2293	2	Oil	5	Hot Water
Holden	1010	Single Fam  MDL-01	2	2 Stories	3	Colonial	2296	2	Oil	5	Hot Water
Holden	1010	Single Fam  MDL-01	2	2 Stories	3	Colonial	2296	2	Oil	5	Hot Water
Holden	1010	Single Fam  MDL-01	2	2 Stories	3	Colonial	2296	3	Gas	4	Forced Air-Duc
Holden	1010	Single Fam  MDL-01	2	2 Stories	3	Colonial	2296	3	Gas	4	Forced Air-Duc
Holden	1010	Single Fam  MDL-01	2	2 Stories	3	Colonial	2296	3	Gas	4	Forced Air-Duc
Holden	1010	Single Fam  MDL-01	2	2 Stories	3	Colonial	2296	3	Gas	5	Hot Water
Holden	1010	Single Fam  MDL-01	2	2 Stories	3	Colonial	2298	2	Oil	5	Hot Water
Holden	1010	Single Fam  MDL-01	2	2 Stories	3	Colonial	2300	2	Oil	4	Forced Air-Duc
Holden	1010	Single Fam  MDL-01	2	2 Stories	3	Colonial	2300	3	Gas	5	Hot Water
Holden	1010	Single Fam  MDL-01	2	2 Stories	3	Colonial	2302	2	Oil	5	Hot Water
Holden	1010	Single Fam  MDL-01	2	2 Stories	3	Colonial	2304	2	Oil	4	Forced Air-Duc
Holden	1010	Single Fam  MDL-01	2	2 Stories	3	Colonial	2304	2	Oil	5	Hot Water
Holden	1010	Single Fam  MDL-01	2	2 Stories	3	Colonial	2304	2	Oil	5	Hot Water
Holden	1010	Single Fam  MDL-01	2	2 Stories	3	Colonial	2304	2	Oil	5	Hot Water
Holden	1010	Single Fam  MDL-01	2	2 Stories	3	Colonial	2304	2	Oil	5	Hot Water
Holden	1010	Single Fam  MDL-01	2	2 Stories	3	Colonial	2304	2	Oil	5	Hot Water
Holden	1010	Single Fam  MDL-01	2	2 Stories	3	Colonial	2304	2	Oil	5	Hot Water
Holden	1010	Single Fam  MDL-01	2	2 Stories	3	Colonial	2304	2	Oil	5	Hot Water
Holden	1010	Single Fam  MDL-01	2	2 Stories	3	Colonial	2304	2	Oil	5	Hot Water
Holden	1010	Single Fam  MDL-01	2	2 Stories	3	Colonial	2304	2	Oil	5	Hot Water
Holden	1010	Single Fam  MDL-01	2	2 Stories	3	Colonial	2304	3	Gas	4	Forced Air-Duc
Holden	1010	Single Fam  MDL-01	2	2 Stories	3	Colonial	2304	3	Gas	4	Forced Air-Duc
Holden	1010	Single Fam  MDL-01	2	2 Stories	3	Colonial	2304	3	Gas	4	Forced Air-Duc
Holden	1010	Single Fam  MDL-01	2	2 Stories	3	Colonial	2304	3	Gas	4	Forced Air-Duc
Holden	1010	Single Fam  MDL-01	2	2 Stories	3	Colonial	2305	2	Oil	5	Hot Water
Holden	1010	Single Fam  MDL-01	2	2 Stories	3	Colonial	2305	2	Oil	5	Hot Water
Holden	1010	Single Fam  MDL-01	2	2 Stories	3	Colonial	2305	2	Oil	5	Hot Water
Holden	1010	Single Fam  MDL-01	2	2 Stories	3	Colonial	2306	2	Oil	5	Hot Water
Holden	1010	Single Fam  MDL-01	2	2 Stories	3	Colonial	2308	2	Oil	4	Forced Air-Duc
Holden	1010	Single Fam  MDL-01	2	2 Stories	3	Colonial	2308	2	Oil	5	Hot Water
Holden	1010	Single Fam  MDL-01	2	2 Stories	3	Colonial	2310	2	Oil	5	Hot Water
Holden	1010	Single Fam  MDL-01	2	2 Stories	3	Colonial	2310	2	Oil	5	Hot Water
Holden	1010	Single Fam  MDL-01	2	2 Stories	3	Colonial	2310	2	Oil	5	Hot Water
Holden	1010	Single Fam  MDL-01	2	2 Stories	3	Colonial	2310	3	Gas	4	Forced Air-Duc
Holden	1010	Single Fam  MDL-01	2	2 Stories	3	Colonial	2310	3	Gas	4	Forced Air-Duc
Holden	1010	Single Fam  MDL-01	2	2 Stories	3	Colonial	2312	2	Oil	4	Forced Air-Duc
Holden	1010	Single Fam  MDL-01	2	2 Stories	3	Colonial	2313	2	Oil	5	Hot Water
Holden	1010	Single Fam  MDL-01	2	2 Stories	3	Colonial	2314	3	Gas	4	Forced Air-Duc
Holden	1010	Single Fam  MDL-01	2	2 Stories	3	Colonial	2315	2	Oil	5	Hot Water
Holden	1010	Single Fam  MDL-01	2	2 Stories	3	Colonial	2316	2	Oil	10	Hydro Air
Holden	1010	Single Fam  MDL-01	2	2 Stories	3	Colonial	2320	2	Oil	5	Hot Water
Holden	1010	Single Fam  MDL-01	2	2 Stories	3	Colonial	2320	2	Oil	5	Hot Water
Holden	1010	Single Fam  MDL-01	2	2 Stories	3	Colonial	2320	2	Oil	5	Hot Water
Holden	1010	Single Fam  MDL-01	2	2 Stories	3	Colonial	2321	2	Oil	5	Hot Water
Holden	1010	Single Fam  MDL-01	2	2 Stories	3	Colonial	2322	2	Oil	5	Hot Water
Holden	1010	Single Fam  MDL-01	2	2 Stories	3	Colonial	2322	3	Gas	5	Hot Water
Holden	1010	Single Fam  MDL-01	2	2 Stories	3	Colonial	2322	3	Gas	5	Hot Water
Holden	1010	Single Fam  MDL-01	2	2 Stories	3	Colonial	2323	2	Oil	4	Forced Air-Duc
Holden	1010	Single Fam  MDL-01	2	2 Stories	3	Colonial	2324	2	Oil	5	Hot Water
Holden	1010	Single Fam  MDL-01	2	2 Stories	3	Colonial	2324	2	Oil	5	Hot Water
Holden	1010	Single Fam  MDL-01	2	2 Stories	3	Colonial	2324	2	Oil	5	Hot Water
Holden	1010	Single Fam  MDL-01	2	2 Stories	3	Colonial	2324	2	Oil	10	Hydro Air
Holden	1010	Single Fam  MDL-01	2	2 Stories	3	Colonial	2328	2	Oil	5	Hot Water
Holden	1010	Single Fam  MDL-01	2	2 Stories	3	Colonial	2328	2	Oil	5	Hot Water
Holden	1010	Single Fam  MDL-01	2	2 Stories	3	Colonial	2328	2	Oil	5	Hot Water
Holden	1010	Single Fam  MDL-01	2	2 Stories	3	Colonial	2330	2	Oil	5	Hot Water
Holden	1010	Single Fam  MDL-01	2	2 Stories	3	Colonial	2330	2	Oil	5	Hot Water
Holden	1010	Single Fam  MDL-01	2	2 Stories	3	Colonial	2330	3	Gas	4	Forced Air-Duc
Holden	1010	Single Fam  MDL-01	2	2 Stories	3	Colonial	2330	3	Gas	4	Forced Air-Duc
Holden	1010	Single Fam  MDL-01	2	2 Stories	3	Colonial	2330	3	Gas	10	Hydro Air
Holden	1010	Single Fam  MDL-01	2	2 Stories	3	Colonial	2332	2	Oil	5	Hot Water
Holden	1010	Single Fam  MDL-01	2	2 Stories	3	Colonial	2332	2	Oil	5	Hot Water
Holden	1010	Single Fam  MDL-01	2	2 Stories	3	Colonial	2332	2	Oil	5	Hot Water
Holden	1010	Single Fam  MDL-01	2	2 Stories	3	Colonial	2332	2	Oil	5	Hot Water
Holden	1010	Single Fam  MDL-01	2	2 Stories	3	Colonial	2334	2	Oil	5	Hot Water
Holden	1010	Single Fam  MDL-01	2	2 Stories	3	Colonial	2336	2	Oil	5	Hot Water
Holden	1010	Single Fam  MDL-01	2	2 Stories	3	Colonial	2336	2	Oil	5	Hot Water
Holden	1010	Single Fam  MDL-01	2	2 Stories	3	Colonial	2338	2	Oil	4	Forced Air-Duc
Holden	1010	Single Fam  MDL-01	2	2 Stories	3	Colonial	2338	2	Oil	4	Forced Air-Duc
Holden	1010	Single Fam  MDL-01	2	2 Stories	3	Colonial	2338	2	Oil	5	Hot Water
Holden	1010	Single Fam  MDL-01	2	2 Stories	3	Colonial	2339	2	Oil	5	Hot Water
Holden	1010	Single Fam  MDL-01	2	2 Stories	3	Colonial	2340	2	Oil	5	Hot Water
Holden	1010	Single Fam  MDL-01	2	2 Stories	3	Colonial	2340	2	Oil	5	Hot Water
Holden	1010	Single Fam  MDL-01	2	2 Stories	3	Colonial	2340	3	Gas	2	Convection
Holden	1010	Single Fam  MDL-01	2	2 Stories	3	Colonial	2343	2	Oil	5	Hot Water
Holden	1010	Single Fam  MDL-01	2	2 Stories	3	Colonial	2343	2	Oil	5	Hot Water
Holden	1010	Single Fam  MDL-01	2	2 Stories	3	Colonial	2344	2	Oil	5	Hot Water
Holden	1010	Single Fam  MDL-01	2	2 Stories	3	Colonial	2344	2	Oil	5	Hot Water
Holden	1010	Single Fam  MDL-01	2	2 Stories	3	Colonial	2344	2	Oil	5	Hot Water
Holden	1010	Single Fam  MDL-01	2	2 Stories	3	Colonial	2344	2	Oil	10	Hydro Air
Holden	1010	Single Fam  MDL-01	2	2 Stories	3	Colonial	2344	2	Oil	10	Hydro Air
Holden	1010	Single Fam  MDL-01	2	2 Stories	3	Colonial	2344	2	Oil	10	Hydro Air
Holden	1010	Single Fam  MDL-01	2	2 Stories	3	Colonial	2344	2	Oil	10	Hydro Air
Holden	1010	Single Fam  MDL-01	2	2 Stories	3	Colonial	2344	2	Oil	10	Hydro Air
Holden	1010	Single Fam  MDL-01	2	2 Stories	3	Colonial	2344	3	Gas	4	Forced Air-Duc
Holden	1010	Single Fam  MDL-01	2	2 Stories	3	Colonial	2344	3	Gas	4	Forced Air-Duc
Holden	1010	Single Fam  MDL-01	2	2 Stories	3	Colonial	2344	3	Gas	4	Forced Air-Duc
Holden	1010	Single Fam  MDL-01	2	2 Stories	3	Colonial	2346	2	Oil	5	Hot Water
Holden	1010	Single Fam  MDL-01	2	2 Stories	3	Colonial	2346	3	Gas	4	Forced Air-Duc
Holden	1010	Single Fam  MDL-01	2	2 Stories	3	Colonial	2348	2	Oil	4	Forced Air-Duc
Holden	1010	Single Fam  MDL-01	2	2 Stories	3	Colonial	2348	2	Oil	5	Hot Water
Holden	1010	Single Fam  MDL-01	2	2 Stories	3	Colonial	2350	2	Oil	4	Forced Air-Duc
Holden	1010	Single Fam  MDL-01	2	2 Stories	3	Colonial	2351	2	Oil	5	Hot Water
Holden	1010	Single Fam  MDL-01	2	2 Stories	3	Colonial	2352	2	Oil	5	Hot Water
Holden	1010	Single Fam  MDL-01	2	2 Stories	3	Colonial	2352	2	Oil	5	Hot Water
Holden	1010	Single Fam  MDL-01	2	2 Stories	3	Colonial	2352	2	Oil	5	Hot Water
Holden	1010	Single Fam  MDL-01	2	2 Stories	3	Colonial	2352	3	Gas	4	Forced Air-Duc
Holden	1010	Single Fam  MDL-01	2	2 Stories	3	Colonial	2352	3	Gas	4	Forced Air-Duc
Holden	1010	Single Fam  MDL-01	2	2 Stories	3	Colonial	2352	3	Gas	4	Forced Air-Duc
Holden	1010	Single Fam  MDL-01	2	2 Stories	3	Colonial	2352	3	Gas	4	Forced Air-Duc
Holden	1010	Single Fam  MDL-01	2	2 Stories	3	Colonial	2355	2	Oil	5	Hot Water
Holden	1010	Single Fam  MDL-01	2	2 Stories	3	Colonial	2356	2	Oil	4	Forced Air-Duc
Holden	1010	Single Fam  MDL-01	2	2 Stories	3	Colonial	2356	2	Oil	5	Hot Water
Holden	1010	Single Fam  MDL-01	2	2 Stories	3	Colonial	2356	2	Oil	5	Hot Water
Holden	1010	Single Fam  MDL-01	2	2 Stories	3	Colonial	2358	2	Oil	5	Hot Water
Holden	1010	Single Fam  MDL-01	2	2 Stories	3	Colonial	2360	2	Oil	4	Forced Air-Duc
Holden	1010	Single Fam  MDL-01	2	2 Stories	3	Colonial	2360	2	Oil	5	Hot Water
Holden	1010	Single Fam  MDL-01	2	2 Stories	3	Colonial	2360	2	Oil	5	Hot Water
Holden	1010	Single Fam  MDL-01	2	2 Stories	3	Colonial	2362	2	Oil	5	Hot Water
Holden	1010	Single Fam  MDL-01	2	2 Stories	3	Colonial	2363	2	Oil	5	Hot Water
Holden	1010	Single Fam  MDL-01	2	2 Stories	3	Colonial	2366	2	Oil	5	Hot Water
Holden	1010	Single Fam  MDL-01	2	2 Stories	3	Colonial	2368	2	Oil	4	Forced Air-Duc
Holden	1010	Single Fam  MDL-01	2	2 Stories	3	Colonial	2368	2	Oil	5	Hot Water
Holden	1010	Single Fam  MDL-01	2	2 Stories	3	Colonial	2368	2	Oil	5	Hot Water
Holden	1010	Single Fam  MDL-01	2	2 Stories	3	Colonial	2368	2	Oil	5	Hot Water
Holden	1010	Single Fam  MDL-01	2	2 Stories	3	Colonial	2370	3	Gas	5	Hot Water
Holden	1010	Single Fam  MDL-01	2	2 Stories	3	Colonial	2370	7	Propane	5	Hot Water
Holden	1010	Single Fam  MDL-01	2	2 Stories	3	Colonial	2371	3	Gas	5	Hot Water
Holden	1010	Single Fam  MDL-01	2	2 Stories	3	Colonial	2372	3	Gas	5	Hot Water
Holden	1010	Single Fam  MDL-01	2	2 Stories	3	Colonial	2375	2	Oil	5	Hot Water
Holden	1010	Single Fam  MDL-01	2	2 Stories	3	Colonial	2375	4	Electric	7	Radiant-Elec.
Holden	1010	Single Fam  MDL-01	2	2 Stories	3	Colonial	2376	2	Oil	5	Hot Water
Holden	1010	Single Fam  MDL-01	2	2 Stories	3	Colonial	2376	4	Electric	7	Radiant-Elec.
Holden	1010	Single Fam  MDL-01	2	2 Stories	3	Colonial	2377	2	Oil	5	Hot Water
Holden	1010	Single Fam  MDL-01	2	2 Stories	3	Colonial	2379	2	Oil	5	Hot Water
Holden	1010	Single Fam  MDL-01	2	2 Stories	3	Colonial	2380	2	Oil	5	Hot Water
Holden	1010	Single Fam  MDL-01	2	2 Stories	3	Colonial	2380	3	Gas	4	Forced Air-Duc
Holden	1010	Single Fam  MDL-01	2	2 Stories	3	Colonial	2381	2	Oil	4	Forced Air-Duc
Holden	1010	Single Fam  MDL-01	2	2 Stories	3	Colonial	2381	3	Gas	5	Hot Water
Holden	1010	Single Fam  MDL-01	2	2 Stories	3	Colonial	2382	2	Oil	5	Hot Water
Holden	1010	Single Fam  MDL-01	2	2 Stories	3	Colonial	2383	2	Oil	5	Hot Water
Holden	1010	Single Fam  MDL-01	2	2 Stories	3	Colonial	2384	2	Oil	5	Hot Water
Holden	1010	Single Fam  MDL-01	2	2 Stories	3	Colonial	2384	2	Oil	5	Hot Water
Holden	1010	Single Fam  MDL-01	2	2 Stories	3	Colonial	2384	2	Oil	5	Hot Water
Holden	1010	Single Fam  MDL-01	2	2 Stories	3	Colonial	2384	2	Oil	10	Hydro Air
Holden	1010	Single Fam  MDL-01	2	2 Stories	3	Colonial	2384	3	Gas	5	Hot Water
Holden	1010	Single Fam  MDL-01	2	2 Stories	3	Colonial	2385	3	Gas	5	Hot Water
Holden	1010	Single Fam  MDL-01	2	2 Stories	3	Colonial	2386	2	Oil	5	Hot Water
Holden	1010	Single Fam  MDL-01	2	2 Stories	3	Colonial	2386	2	Oil	5	Hot Water
Holden	1010	Single Fam  MDL-01	2	2 Stories	3	Colonial	2386	2	Oil	10	Hydro Air
Holden	1010	Single Fam  MDL-01	2	2 Stories	3	Colonial	2388	2	Oil	5	Hot Water
Holden	1010	Single Fam  MDL-01	2	2 Stories	3	Colonial	2388	2	Oil	5	Hot Water
Holden	1010	Single Fam  MDL-01	2	2 Stories	3	Colonial	2388	2	Oil	5	Hot Water
Holden	1010	Single Fam  MDL-01	2	2 Stories	3	Colonial	2388	3	Gas	4	Forced Air-Duc
Holden	1010	Single Fam  MDL-01	2	2 Stories	3	Colonial	2388	3	Gas	5	Hot Water
Holden	1010	Single Fam  MDL-01	2	2 Stories	3	Colonial	2390	2	Oil	5	Hot Water
Holden	1010	Single Fam  MDL-01	2	2 Stories	3	Colonial	2390	2	Oil	10	Hydro Air
Holden	1010	Single Fam  MDL-01	2	2 Stories	3	Colonial	2391	3	Gas	4	Forced Air-Duc
Holden	1010	Single Fam  MDL-01	2	2 Stories	3	Colonial	2391	4	Electric	7	Radiant-Elec.
Holden	1010	Single Fam  MDL-01	2	2 Stories	3	Colonial	2392	2	Oil	5	Hot Water
Holden	1010	Single Fam  MDL-01	2	2 Stories	3	Colonial	2392	2	Oil	5	Hot Water
Holden	1010	Single Fam  MDL-01	2	2 Stories	3	Colonial	2392	3	Gas	5	Hot Water
Holden	1010	Single Fam  MDL-01	2	2 Stories	3	Colonial	2394	2	Oil	5	Hot Water
Holden	1010	Single Fam  MDL-01	2	2 Stories	3	Colonial	2394	3	Gas	4	Forced Air-Duc
Holden	1010	Single Fam  MDL-01	2	2 Stories	3	Colonial	2396	2	Oil	4	Forced Air-Duc
Holden	1010	Single Fam  MDL-01	2	2 Stories	3	Colonial	2396	2	Oil	5	Hot Water
Holden	1010	Single Fam  MDL-01	2	2 Stories	3	Colonial	2396	3	Gas	4	Forced Air-Duc
Holden	1010	Single Fam  MDL-01	2	2 Stories	3	Colonial	2396	3	Gas	4	Forced Air-Duc
Holden	1010	Single Fam  MDL-01	2	2 Stories	3	Colonial	2398	2	Oil	4	Forced Air-Duc
Holden	1010	Single Fam  MDL-01	2	2 Stories	3	Colonial	2398	2	Oil	5	Hot Water
Holden	1010	Single Fam  MDL-01	2	2 Stories	3	Colonial	2400	2	Oil	4	Forced Air-Duc
Holden	1010	Single Fam  MDL-01	2	2 Stories	3	Colonial	2400	2	Oil	5	Hot Water
Holden	1010	Single Fam  MDL-01	2	2 Stories	3	Colonial	2400	2	Oil	5	Hot Water
Holden	1010	Single Fam  MDL-01	2	2 Stories	3	Colonial	2400	2	Oil	5	Hot Water
Holden	1010	Single Fam  MDL-01	2	2 Stories	3	Colonial	2400	2	Oil	5	Hot Water
Holden	1010	Single Fam  MDL-01	2	2 Stories	3	Colonial	2400	3	Gas	4	Forced Air-Duc
Holden	1010	Single Fam  MDL-01	2	2 Stories	3	Colonial	2401	2	Oil	5	Hot Water
Holden	1010	Single Fam  MDL-01	2	2 Stories	3	Colonial	2402	3	Gas	4	Forced Air-Duc
Holden	1010	Single Fam  MDL-01	2	2 Stories	3	Colonial	2402	3	Gas	4	Forced Air-Duc
Holden	1010	Single Fam  MDL-01	2	2 Stories	3	Colonial	2403	2	Oil	5	Hot Water
Holden	1010	Single Fam  MDL-01	2	2 Stories	3	Colonial	2404	2	Oil	4	Forced Air-Duc
Holden	1010	Single Fam  MDL-01	2	2 Stories	3	Colonial	2404	2	Oil	4	Forced Air-Duc
Holden	1010	Single Fam  MDL-01	2	2 Stories	3	Colonial	2404	2	Oil	4	Forced Air-Duc
Holden	1010	Single Fam  MDL-01	2	2 Stories	3	Colonial	2404	2	Oil	4	Forced Air-Duc
Holden	1010	Single Fam  MDL-01	2	2 Stories	3	Colonial	2404	2	Oil	4	Forced Air-Duc
Holden	1010	Single Fam  MDL-01	2	2 Stories	3	Colonial	2404	2	Oil	5	Hot Water
Holden	1010	Single Fam  MDL-01	2	2 Stories	3	Colonial	2404	2	Oil	5	Hot Water
Holden	1010	Single Fam  MDL-01	2	2 Stories	3	Colonial	2404	2	Oil	5	Hot Water
Holden	1010	Single Fam  MDL-01	2	2 Stories	3	Colonial	2404	3	Gas	4	Forced Air-Duc
Holden	1010	Single Fam  MDL-01	2	2 Stories	3	Colonial	2408	2	Oil	5	Hot Water
Holden	1010	Single Fam  MDL-01	2	2 Stories	3	Colonial	2408	2	Oil	5	Hot Water
Holden	1010	Single Fam  MDL-01	2	2 Stories	3	Colonial	2408	3	Gas	4	Forced Air-Duc
Holden	1010	Single Fam  MDL-01	2	2 Stories	3	Colonial	2408	3	Gas	4	Forced Air-Duc
Holden	1010	Single Fam  MDL-01	2	2 Stories	3	Colonial	2410	2	Oil	5	Hot Water
Holden	1010	Single Fam  MDL-01	2	2 Stories	3	Colonial	2410	2	Oil	10	Hydro Air
Holden	1010	Single Fam  MDL-01	2	2 Stories	3	Colonial	2410	3	Gas	4	Forced Air-Duc
Holden	1010	Single Fam  MDL-01	2	2 Stories	3	Colonial	2411	2	Oil	5	Hot Water
Holden	1010	Single Fam  MDL-01	2	2 Stories	3	Colonial	2412	2	Oil	5	Hot Water
Holden	1010	Single Fam  MDL-01	2	2 Stories	3	Colonial	2412	3	Gas	4	Forced Air-Duc
Holden	1010	Single Fam  MDL-01	2	2 Stories	3	Colonial	2412	3	Gas	4	Forced Air-Duc
Holden	1010	Single Fam  MDL-01	2	2 Stories	3	Colonial	2414	2	Oil	5	Hot Water
Holden	1010	Single Fam  MDL-01	2	2 Stories	3	Colonial	2414	3	Gas	4	Forced Air-Duc
Holden	1010	Single Fam  MDL-01	2	2 Stories	3	Colonial	2414	3	Gas	4	Forced Air-Duc
Holden	1010	Single Fam  MDL-01	2	2 Stories	3	Colonial	2416	2	Oil	5	Hot Water
Holden	1010	Single Fam  MDL-01	2	2 Stories	3	Colonial	2418	2	Oil	5	Hot Water
Holden	1010	Single Fam  MDL-01	2	2 Stories	3	Colonial	2418	2	Oil	5	Hot Water
Holden	1010	Single Fam  MDL-01	2	2 Stories	3	Colonial	2420	2	Oil	10	Hydro Air
Holden	1010	Single Fam  MDL-01	2	2 Stories	3	Colonial	2420	3	Gas	5	Hot Water
Holden	1010	Single Fam  MDL-01	2	2 Stories	3	Colonial	2422	2	Oil	5	Hot Water
Holden	1010	Single Fam  MDL-01	2	2 Stories	3	Colonial	2422	2	Oil	5	Hot Water
Holden	1010	Single Fam  MDL-01	2	2 Stories	3	Colonial	2422	2	Oil	5	Hot Water
Holden	1010	Single Fam  MDL-01	2	2 Stories	3	Colonial	2422	2	Oil	5	Hot Water
Holden	1010	Single Fam  MDL-01	2	2 Stories	3	Colonial	2424	2	Oil	5	Hot Water
Holden	1010	Single Fam  MDL-01	2	2 Stories	3	Colonial	2424	2	Oil	5	Hot Water
Holden	1010	Single Fam  MDL-01	2	2 Stories	3	Colonial	2424	3	Gas	4	Forced Air-Duc
Holden	1010	Single Fam  MDL-01	2	2 Stories	3	Colonial	2425	2	Oil	5	Hot Water
Holden	1010	Single Fam  MDL-01	2	2 Stories	3	Colonial	2426	2	Oil	10	Hydro Air
Holden	1010	Single Fam  MDL-01	2	2 Stories	3	Colonial	2426	3	Gas	4	Forced Air-Duc
Holden	1010	Single Fam  MDL-01	2	2 Stories	3	Colonial	2427	2	Oil	5	Hot Water
Holden	1010	Single Fam  MDL-01	2	2 Stories	3	Colonial	2427	2	Oil	5	Hot Water
Holden	1010	Single Fam  MDL-01	2	2 Stories	3	Colonial	2427	2	Oil	5	Hot Water
Holden	1010	Single Fam  MDL-01	2	2 Stories	3	Colonial	2428	2	Oil	5	Hot Water
Holden	1010	Single Fam  MDL-01	2	2 Stories	3	Colonial	2428	2	Oil	5	Hot Water
Holden	1010	Single Fam  MDL-01	2	2 Stories	3	Colonial	2428	2	Oil	5	Hot Water
Holden	1010	Single Fam  MDL-01	2	2 Stories	3	Colonial	2429	3	Gas	4	Forced Air-Duc
Holden	1010	Single Fam  MDL-01	2	2 Stories	3	Colonial	2429	4	Electric	7	Radiant-Elec.
Holden	1010	Single Fam  MDL-01	2	2 Stories	3	Colonial	2430	3	Gas	5	Hot Water
Holden	1010	Single Fam  MDL-01	2	2 Stories	3	Colonial	2432	2	Oil	5	Hot Water
Holden	1010	Single Fam  MDL-01	2	2 Stories	3	Colonial	2432	2	Oil	5	Hot Water
Holden	1010	Single Fam  MDL-01	2	2 Stories	3	Colonial	2432	2	Oil	5	Hot Water
Holden	1010	Single Fam  MDL-01	2	2 Stories	3	Colonial	2433	2	Oil	5	Hot Water
Holden	1010	Single Fam  MDL-01	2	2 Stories	3	Colonial	2435	2	Oil	5	Hot Water
Holden	1010	Single Fam  MDL-01	2	2 Stories	3	Colonial	2436	2	Oil	10	Hydro Air
Holden	1010	Single Fam  MDL-01	2	2 Stories	3	Colonial	2436	3	Gas	4	Forced Air-Duc
Holden	1010	Single Fam  MDL-01	2	2 Stories	3	Colonial	2440	2	Oil	5	Hot Water
Holden	1010	Single Fam  MDL-01	2	2 Stories	3	Colonial	2440	2	Oil	5	Hot Water
Holden	1010	Single Fam  MDL-01	2	2 Stories	3	Colonial	2440	2	Oil	5	Hot Water
Holden	1010	Single Fam  MDL-01	2	2 Stories	3	Colonial	2440	2	Oil	10	Hydro Air
Holden	1010	Single Fam  MDL-01	2	2 Stories	3	Colonial	2440	3	Gas	4	Forced Air-Duc
Holden	1010	Single Fam  MDL-01	2	2 Stories	3	Colonial	2441	2	Oil	5	Hot Water
Holden	1010	Single Fam  MDL-01	2	2 Stories	3	Colonial	2442	2	Oil	4	Forced Air-Duc
Holden	1010	Single Fam  MDL-01	2	2 Stories	3	Colonial	2445	3	Gas	4	Forced Air-Duc
Holden	1010	Single Fam  MDL-01	2	2 Stories	3	Colonial	2446	2	Oil	5	Hot Water
Holden	1010	Single Fam  MDL-01	2	2 Stories	3	Colonial	2446	2	Oil	5	Hot Water
Holden	1010	Single Fam  MDL-01	2	2 Stories	3	Colonial	2446	3	Gas	4	Forced Air-Duc
Holden	1010	Single Fam  MDL-01	2	2 Stories	3	Colonial	2448	2	Oil	4	Forced Air-Duc
Holden	1010	Single Fam  MDL-01	2	2 Stories	3	Colonial	2448	2	Oil	5	Hot Water
Holden	1010	Single Fam  MDL-01	2	2 Stories	3	Colonial	2448	2	Oil	5	Hot Water
Holden	1010	Single Fam  MDL-01	2	2 Stories	3	Colonial	2448	2	Oil	5	Hot Water
Holden	1010	Single Fam  MDL-01	2	2 Stories	3	Colonial	2448	2	Oil	5	Hot Water
Holden	1010	Single Fam  MDL-01	2	2 Stories	3	Colonial	2448	2	Oil	5	Hot Water
Holden	1010	Single Fam  MDL-01	2	2 Stories	3	Colonial	2448	2	Oil	5	Hot Water
Holden	1010	Single Fam  MDL-01	2	2 Stories	3	Colonial	2448	2	Oil	5	Hot Water
Holden	1010	Single Fam  MDL-01	2	2 Stories	3	Colonial	2448	3	Gas	4	Forced Air-Duc
Holden	1010	Single Fam  MDL-01	2	2 Stories	3	Colonial	2448	3	Gas	4	Forced Air-Duc
Holden	1010	Single Fam  MDL-01	2	2 Stories	3	Colonial	2448	3	Gas	5	Hot Water
Holden	1010	Single Fam  MDL-01	2	2 Stories	3	Colonial	2450	2	Oil	5	Hot Water
Holden	1010	Single Fam  MDL-01	2	2 Stories	3	Colonial	2450	2	Oil	5	Hot Water
Holden	1010	Single Fam  MDL-01	2	2 Stories	3	Colonial	2450	2	Oil	10	Hydro Air
Holden	1010	Single Fam  MDL-01	2	2 Stories	3	Colonial	2451	2	Oil	4	Forced Air-Duc
Holden	1010	Single Fam  MDL-01	2	2 Stories	3	Colonial	2452	2	Oil	5	Hot Water
Holden	1010	Single Fam  MDL-01	2	2 Stories	3	Colonial	2452	3	Gas	4	Forced Air-Duc
Holden	1010	Single Fam  MDL-01	2	2 Stories	3	Colonial	2453	2	Oil	5	Hot Water
Holden	1010	Single Fam  MDL-01	2	2 Stories	3	Colonial	2453	3	Gas	4	Forced Air-Duc
Holden	1010	Single Fam  MDL-01	2	2 Stories	3	Colonial	2454	2	Oil	5	Hot Water
Holden	1010	Single Fam  MDL-01	2	2 Stories	3	Colonial	2455	3	Gas	4	Forced Air-Duc
Holden	1010	Single Fam  MDL-01	2	2 Stories	3	Colonial	2455	3	Gas	4	Forced Air-Duc
Holden	1010	Single Fam  MDL-01	2	2 Stories	3	Colonial	2456	2	Oil	5	Hot Water
Holden	1010	Single Fam  MDL-01	2	2 Stories	3	Colonial	2456	2	Oil	5	Hot Water
Holden	1010	Single Fam  MDL-01	2	2 Stories	3	Colonial	2456	3	Gas	4	Forced Air-Duc
Holden	1010	Single Fam  MDL-01	2	2 Stories	3	Colonial	2457	3	Gas	4	Forced Air-Duc
Holden	1010	Single Fam  MDL-01	2	2 Stories	3	Colonial	2457	3	Gas	4	Forced Air-Duc
Holden	1010	Single Fam  MDL-01	2	2 Stories	3	Colonial	2460	2	Oil	5	Hot Water
Holden	1010	Single Fam  MDL-01	2	2 Stories	3	Colonial	2460	2	Oil	10	Hydro Air
Holden	1010	Single Fam  MDL-01	2	2 Stories	3	Colonial	2463	2	Oil	5	Hot Water
Holden	1010	Single Fam  MDL-01	2	2 Stories	3	Colonial	2463	3	Gas	4	Forced Air-Duc
Holden	1010	Single Fam  MDL-01	2	2 Stories	3	Colonial	2463	3	Gas	5	Hot Water
Holden	1010	Single Fam  MDL-01	2	2 Stories	3	Colonial	2464	2	Oil	5	Hot Water
Holden	1010	Single Fam  MDL-01	2	2 Stories	3	Colonial	2464	2	Oil	5	Hot Water
Holden	1010	Single Fam  MDL-01	2	2 Stories	3	Colonial	2464	2	Oil	5	Hot Water
Holden	1010	Single Fam  MDL-01	2	2 Stories	3	Colonial	2464	2	Oil	5	Hot Water
Holden	1010	Single Fam  MDL-01	2	2 Stories	3	Colonial	2464	2	Oil	5	Hot Water
Holden	1010	Single Fam  MDL-01	2	2 Stories	3	Colonial	2467	2	Oil	4	Forced Air-Duc
Holden	1010	Single Fam  MDL-01	2	2 Stories	3	Colonial	2469	3	Gas	4	Forced Air-Duc
Holden	1010	Single Fam  MDL-01	2	2 Stories	3	Colonial	2470	2	Oil	5	Hot Water
Holden	1010	Single Fam  MDL-01	2	2 Stories	3	Colonial	2470	3	Gas	4	Forced Air-Duc
Holden	1010	Single Fam  MDL-01	2	2 Stories	3	Colonial	2471	2	Oil	5	Hot Water
Holden	1010	Single Fam  MDL-01	2	2 Stories	3	Colonial	2472	2	Oil	5	Hot Water
Holden	1010	Single Fam  MDL-01	2	2 Stories	3	Colonial	2472	2	Oil	5	Hot Water
Holden	1010	Single Fam  MDL-01	2	2 Stories	3	Colonial	2472	2	Oil	5	Hot Water
Holden	1010	Single Fam  MDL-01	2	2 Stories	3	Colonial	2472	2	Oil	5	Hot Water
Holden	1010	Single Fam  MDL-01	2	2 Stories	3	Colonial	2473	2	Oil	4	Forced Air-Duc
Holden	1010	Single Fam  MDL-01	2	2 Stories	3	Colonial	2473	2	Oil	5	Hot Water
Holden	1010	Single Fam  MDL-01	2	2 Stories	3	Colonial	2474	2	Oil	4	Forced Air-Duc
Holden	1010	Single Fam  MDL-01	2	2 Stories	3	Colonial	2476	2	Oil	5	Hot Water
Holden	1010	Single Fam  MDL-01	2	2 Stories	3	Colonial	2476	3	Gas	5	Hot Water
Holden	1010	Single Fam  MDL-01	2	2 Stories	3	Colonial	2476	3	Gas	5	Hot Water
Holden	1010	Single Fam  MDL-01	2	2 Stories	3	Colonial	2478	2	Oil	5	Hot Water
Holden	1010	Single Fam  MDL-01	2	2 Stories	3	Colonial	2478	2	Oil	5	Hot Water
Holden	1010	Single Fam  MDL-01	2	2 Stories	3	Colonial	2480	2	Oil	5	Hot Water
Holden	1010	Single Fam  MDL-01	2	2 Stories	3	Colonial	2480	3	Gas	4	Forced Air-Duc
Holden	1010	Single Fam  MDL-01	2	2 Stories	3	Colonial	2480	4	Electric	7	Radiant-Elec.
Holden	1010	Single Fam  MDL-01	2	2 Stories	3	Colonial	2481	2	Oil	5	Hot Water
Holden	1010	Single Fam  MDL-01	2	2 Stories	3	Colonial	2482	2	Oil	5	Hot Water
Holden	1010	Single Fam  MDL-01	2	2 Stories	3	Colonial	2482	2	Oil	5	Hot Water
Holden	1010	Single Fam  MDL-01	2	2 Stories	3	Colonial	2482	3	Gas	5	Hot Water
Holden	1010	Single Fam  MDL-01	2	2 Stories	3	Colonial	2483	3	Gas	4	Forced Air-Duc
Holden	1010	Single Fam  MDL-01	2	2 Stories	3	Colonial	2484	3	Gas	4	Forced Air-Duc
Holden	1010	Single Fam  MDL-01	2	2 Stories	3	Colonial	2484	3	Gas	4	Forced Air-Duc
Holden	1010	Single Fam  MDL-01	2	2 Stories	3	Colonial	2484	4	Electric	7	Radiant-Elec.
Holden	1010	Single Fam  MDL-01	2	2 Stories	3	Colonial	2485	2	Oil	4	Forced Air-Duc
Holden	1010	Single Fam  MDL-01	2	2 Stories	3	Colonial	2488	2	Oil	3	Hot Air-no Duc
Holden	1010	Single Fam  MDL-01	2	2 Stories	3	Colonial	2488	2	Oil	4	Forced Air-Duc
Holden	1010	Single Fam  MDL-01	2	2 Stories	3	Colonial	2488	2	Oil	4	Forced Air-Duc
Holden	1010	Single Fam  MDL-01	2	2 Stories	3	Colonial	2488	2	Oil	5	Hot Water
Holden	1010	Single Fam  MDL-01	2	2 Stories	3	Colonial	2488	2	Oil	5	Hot Water
Holden	1010	Single Fam  MDL-01	2	2 Stories	3	Colonial	2488	2	Oil	5	Hot Water
Holden	1010	Single Fam  MDL-01	2	2 Stories	3	Colonial	2488	2	Oil	5	Hot Water
Holden	1010	Single Fam  MDL-01	2	2 Stories	3	Colonial	2488	2	Oil	5	Hot Water
Holden	1010	Single Fam  MDL-01	2	2 Stories	3	Colonial	2488	2	Oil	5	Hot Water
Holden	1010	Single Fam  MDL-01	2	2 Stories	3	Colonial	2488	2	Oil	5	Hot Water
Holden	1010	Single Fam  MDL-01	2	2 Stories	3	Colonial	2488	2	Oil	5	Hot Water
Holden	1010	Single Fam  MDL-01	2	2 Stories	3	Colonial	2488	2	Oil	5	Hot Water
Holden	1010	Single Fam  MDL-01	2	2 Stories	3	Colonial	2488	2	Oil	5	Hot Water
Holden	1010	Single Fam  MDL-01	2	2 Stories	3	Colonial	2488	2	Oil	5	Hot Water
Holden	1010	Single Fam  MDL-01	2	2 Stories	3	Colonial	2488	2	Oil	5	Hot Water
Holden	1010	Single Fam  MDL-01	2	2 Stories	3	Colonial	2488	2	Oil	5	Hot Water
Holden	1010	Single Fam  MDL-01	2	2 Stories	3	Colonial	2488	2	Oil	5	Hot Water
Holden	1010	Single Fam  MDL-01	2	2 Stories	3	Colonial	2488	2	Oil	5	Hot Water
Holden	1010	Single Fam  MDL-01	2	2 Stories	3	Colonial	2488	2	Oil	5	Hot Water
Holden	1010	Single Fam  MDL-01	2	2 Stories	3	Colonial	2488	2	Oil	5	Hot Water
Holden	1010	Single Fam  MDL-01	2	2 Stories	3	Colonial	2488	2	Oil	5	Hot Water
Holden	1010	Single Fam  MDL-01	2	2 Stories	3	Colonial	2488	2	Oil	5	Hot Water
Holden	1010	Single Fam  MDL-01	2	2 Stories	3	Colonial	2488	2	Oil	5	Hot Water
Holden	1010	Single Fam  MDL-01	2	2 Stories	3	Colonial	2488	2	Oil	5	Hot Water
Holden	1010	Single Fam  MDL-01	2	2 Stories	3	Colonial	2488	2	Oil	5	Hot Water
Holden	1010	Single Fam  MDL-01	2	2 Stories	3	Colonial	2488	2	Oil	10	Hydro Air
Holden	1010	Single Fam  MDL-01	2	2 Stories	3	Colonial	2488	2	Oil	10	Hydro Air
Holden	1010	Single Fam  MDL-01	2	2 Stories	3	Colonial	2488	2	Oil	10	Hydro Air
Holden	1010	Single Fam  MDL-01	2	2 Stories	3	Colonial	2488	2	Oil	10	Hydro Air
Holden	1010	Single Fam  MDL-01	2	2 Stories	3	Colonial	2488	2	Oil	10	Hydro Air
Holden	1010	Single Fam  MDL-01	2	2 Stories	3	Colonial	2488	2	Oil	10	Hydro Air
Holden	1010	Single Fam  MDL-01	2	2 Stories	3	Colonial	2488	2	Oil	10	Hydro Air
Holden	1010	Single Fam  MDL-01	2	2 Stories	3	Colonial	2488	3	Gas	4	Forced Air-Duc
Holden	1010	Single Fam  MDL-01	2	2 Stories	3	Colonial	2488	3	Gas	4	Forced Air-Duc
Holden	1010	Single Fam  MDL-01	2	2 Stories	3	Colonial	2488	3	Gas	4	Forced Air-Duc
Holden	1010	Single Fam  MDL-01	2	2 Stories	3	Colonial	2488	3	Gas	4	Forced Air-Duc
Holden	1010	Single Fam  MDL-01	2	2 Stories	3	Colonial	2488	3	Gas	4	Forced Air-Duc
Holden	1010	Single Fam  MDL-01	2	2 Stories	3	Colonial	2488	3	Gas	4	Forced Air-Duc
Holden	1010	Single Fam  MDL-01	2	2 Stories	3	Colonial	2488	3	Gas	4	Forced Air-Duc
Holden	1010	Single Fam  MDL-01	2	2 Stories	3	Colonial	2488	3	Gas	4	Forced Air-Duc
Holden	1010	Single Fam  MDL-01	2	2 Stories	3	Colonial	2488	3	Gas	4	Forced Air-Duc
Holden	1010	Single Fam  MDL-01	2	2 Stories	3	Colonial	2488	3	Gas	4	Forced Air-Duc
Holden	1010	Single Fam  MDL-01	2	2 Stories	3	Colonial	2488	3	Gas	4	Forced Air-Duc
Holden	1010	Single Fam  MDL-01	2	2 Stories	3	Colonial	2489	3	Gas	5	Hot Water
Holden	1010	Single Fam  MDL-01	2	2 Stories	3	Colonial	2492	2	Oil	5	Hot Water
Holden	1010	Single Fam  MDL-01	2	2 Stories	3	Colonial	2492	3	Gas	4	Forced Air-Duc
Holden	1010	Single Fam  MDL-01	2	2 Stories	3	Colonial	2494	3	Gas	4	Forced Air-Duc
Holden	1010	Single Fam  MDL-01	2	2 Stories	3	Colonial	2496	3	Gas	4	Forced Air-Duc
Holden	1010	Single Fam  MDL-01	2	2 Stories	3	Colonial	2496	3	Gas	4	Forced Air-Duc
Holden	1010	Single Fam  MDL-01	2	2 Stories	3	Colonial	2496	3	Gas	4	Forced Air-Duc
Holden	1010	Single Fam  MDL-01	2	2 Stories	3	Colonial	2496	3	Gas	4	Forced Air-Duc
Holden	1010	Single Fam  MDL-01	2	2 Stories	3	Colonial	2500	2	Oil	4	Forced Air-Duc
Holden	1010	Single Fam  MDL-01	2	2 Stories	3	Colonial	2500	2	Oil	4	Forced Air-Duc
Holden	1010	Single Fam  MDL-01	2	2 Stories	3	Colonial	2500	2	Oil	5	Hot Water
Holden	1010	Single Fam  MDL-01	2	2 Stories	3	Colonial	2501	3	Gas	5	Hot Water
Holden	1010	Single Fam  MDL-01	2	2 Stories	3	Colonial	2504	2	Oil	5	Hot Water
Holden	1010	Single Fam  MDL-01	2	2 Stories	3	Colonial	2508	2	Oil	4	Forced Air-Duc
Holden	1010	Single Fam  MDL-01	2	2 Stories	3	Colonial	2508	2	Oil	5	Hot Water
Holden	1010	Single Fam  MDL-01	2	2 Stories	3	Colonial	2508	2	Oil	5	Hot Water
Holden	1010	Single Fam  MDL-01	2	2 Stories	3	Colonial	2508	2	Oil	5	Hot Water
Holden	1010	Single Fam  MDL-01	2	2 Stories	3	Colonial	2508	2	Oil	10	Hydro Air
Holden	1010	Single Fam  MDL-01	2	2 Stories	3	Colonial	2508	3	Gas	4	Forced Air-Duc
Holden	1010	Single Fam  MDL-01	2	2 Stories	3	Colonial	2508	3	Gas	4	Forced Air-Duc
Holden	1010	Single Fam  MDL-01	2	2 Stories	3	Colonial	2510	2	Oil	5	Hot Water
Holden	1010	Single Fam  MDL-01	2	2 Stories	3	Colonial	2510	2	Oil	5	Hot Water
Holden	1010	Single Fam  MDL-01	2	2 Stories	3	Colonial	2510	2	Oil	5	Hot Water
Holden	1010	Single Fam  MDL-01	2	2 Stories	3	Colonial	2510	2	Oil	5	Hot Water
Holden	1010	Single Fam  MDL-01	2	2 Stories	3	Colonial	2511	2	Oil	5	Hot Water
Holden	1010	Single Fam  MDL-01	2	2 Stories	3	Colonial	2512	2	Oil	4	Forced Air-Duc
Holden	1010	Single Fam  MDL-01	2	2 Stories	3	Colonial	2514	2	Oil	5	Hot Water
Holden	1010	Single Fam  MDL-01	2	2 Stories	3	Colonial	2515	2	Oil	5	Hot Water
Holden	1010	Single Fam  MDL-01	2	2 Stories	3	Colonial	2518	2	Oil	6	Steam
Holden	1010	Single Fam  MDL-01	2	2 Stories	3	Colonial	2520	2	Oil	4	Forced Air-Duc
Holden	1010	Single Fam  MDL-01	2	2 Stories	3	Colonial	2520	2	Oil	5	Hot Water
Holden	1010	Single Fam  MDL-01	2	2 Stories	3	Colonial	2520	2	Oil	5	Hot Water
Holden	1010	Single Fam  MDL-01	2	2 Stories	3	Colonial	2520	3	Gas	5	Hot Water
Holden	1010	Single Fam  MDL-01	2	2 Stories	3	Colonial	2521	3	Gas	5	Hot Water
Holden	1010	Single Fam  MDL-01	2	2 Stories	3	Colonial	2523	3	Gas	4	Forced Air-Duc
Holden	1010	Single Fam  MDL-01	2	2 Stories	3	Colonial	2524	2	Oil	5	Hot Water
Holden	1010	Single Fam  MDL-01	2	2 Stories	3	Colonial	2524	2	Oil	5	Hot Water
Holden	1010	Single Fam  MDL-01	2	2 Stories	3	Colonial	2526	2	Oil	5	Hot Water
Holden	1010	Single Fam  MDL-01	2	2 Stories	3	Colonial	2526	3	Gas	4	Forced Air-Duc
Holden	1010	Single Fam  MDL-01	2	2 Stories	3	Colonial	2526	3	Gas	4	Forced Air-Duc
Holden	1010	Single Fam  MDL-01	2	2 Stories	3	Colonial	2528	2	Oil	5	Hot Water
Holden	1010	Single Fam  MDL-01	2	2 Stories	3	Colonial	2529	2	Oil	10	Hydro Air
Holden	1010	Single Fam  MDL-01	2	2 Stories	3	Colonial	2529	3	Gas	4	Forced Air-Duc
Holden	1010	Single Fam  MDL-01	2	2 Stories	3	Colonial	2530	2	Oil	6	Steam
Holden	1010	Single Fam  MDL-01	2	2 Stories	3	Colonial	2532	2	Oil	5	Hot Water
Holden	1010	Single Fam  MDL-01	2	2 Stories	3	Colonial	2532	3	Gas	4	Forced Air-Duc
Holden	1010	Single Fam  MDL-01	2	2 Stories	3	Colonial	2534	2	Oil	5	Hot Water
Holden	1010	Single Fam  MDL-01	2	2 Stories	3	Colonial	2534	2	Oil	5	Hot Water
Holden	1010	Single Fam  MDL-01	2	2 Stories	3	Colonial	2535	2	Oil	5	Hot Water
Holden	1010	Single Fam  MDL-01	2	2 Stories	3	Colonial	2535	2	Oil	5	Hot Water
Holden	1010	Single Fam  MDL-01	2	2 Stories	3	Colonial	2536	2	Oil	4	Forced Air-Duc
Holden	1010	Single Fam  MDL-01	2	2 Stories	3	Colonial	2536	3	Gas	4	Forced Air-Duc
Holden	1010	Single Fam  MDL-01	2	2 Stories	3	Colonial	2538	2	Oil	5	Hot Water
Holden	1010	Single Fam  MDL-01	2	2 Stories	3	Colonial	2540	2	Oil	5	Hot Water
Holden	1010	Single Fam  MDL-01	2	2 Stories	3	Colonial	2540	2	Oil	5	Hot Water
Holden	1010	Single Fam  MDL-01	2	2 Stories	3	Colonial	2540	3	Gas	5	Hot Water
Holden	1010	Single Fam  MDL-01	2	2 Stories	3	Colonial	2541	2	Oil	5	Hot Water
Holden	1010	Single Fam  MDL-01	2	2 Stories	3	Colonial	2543	2	Oil	5	Hot Water
Holden	1010	Single Fam  MDL-01	2	2 Stories	3	Colonial	2544	2	Oil	5	Hot Water
Holden	1010	Single Fam  MDL-01	2	2 Stories	3	Colonial	2544	2	Oil	5	Hot Water
Holden	1010	Single Fam  MDL-01	2	2 Stories	3	Colonial	2544	3	Gas	4	Forced Air-Duc
Holden	1010	Single Fam  MDL-01	2	2 Stories	3	Colonial	2544	3	Gas	4	Forced Air-Duc
Holden	1010	Single Fam  MDL-01	2	2 Stories	3	Colonial	2545	3	Gas	4	Forced Air-Duc
Holden	1010	Single Fam  MDL-01	2	2 Stories	3	Colonial	2547	2	Oil	5	Hot Water
Holden	1010	Single Fam  MDL-01	2	2 Stories	3	Colonial	2547	3	Gas	5	Hot Water
Holden	1010	Single Fam  MDL-01	2	2 Stories	3	Colonial	2548	3	Gas	4	Forced Air-Duc
Holden	1010	Single Fam  MDL-01	2	2 Stories	3	Colonial	2549	3	Gas	4	Forced Air-Duc
Holden	1010	Single Fam  MDL-01	2	2 Stories	3	Colonial	2550	2	Oil	5	Hot Water
Holden	1010	Single Fam  MDL-01	2	2 Stories	3	Colonial	2550	3	Gas	4	Forced Air-Duc
Holden	1010	Single Fam  MDL-01	2	2 Stories	3	Colonial	2550	3	Gas	4	Forced Air-Duc
Holden	1010	Single Fam  MDL-01	2	2 Stories	3	Colonial	2551	3	Gas	4	Forced Air-Duc
Holden	1010	Single Fam  MDL-01	2	2 Stories	3	Colonial	2551	3	Gas	4	Forced Air-Duc
Holden	1010	Single Fam  MDL-01	2	2 Stories	3	Colonial	2551	3	Gas	4	Forced Air-Duc
Holden	1010	Single Fam  MDL-01	2	2 Stories	3	Colonial	2552	2	Oil	5	Hot Water
Holden	1010	Single Fam  MDL-01	2	2 Stories	3	Colonial	2552	2	Oil	5	Hot Water
Holden	1010	Single Fam  MDL-01	2	2 Stories	3	Colonial	2552	2	Oil	5	Hot Water
Holden	1010	Single Fam  MDL-01	2	2 Stories	3	Colonial	2552	3	Gas	4	Forced Air-Duc
Holden	1010	Single Fam  MDL-01	2	2 Stories	3	Colonial	2553	3	Gas	4	Forced Air-Duc
Holden	1010	Single Fam  MDL-01	2	2 Stories	3	Colonial	2555	3	Gas	4	Forced Air-Duc
Holden	1010	Single Fam  MDL-01	2	2 Stories	3	Colonial	2555	3	Gas	4	Forced Air-Duc
Holden	1010	Single Fam  MDL-01	2	2 Stories	3	Colonial	2557	2	Oil	5	Hot Water
Holden	1010	Single Fam  MDL-01	2	2 Stories	3	Colonial	2558	3	Gas	4	Forced Air-Duc
Holden	1010	Single Fam  MDL-01	2	2 Stories	3	Colonial	2559	3	Gas	4	Forced Air-Duc
Holden	1010	Single Fam  MDL-01	2	2 Stories	3	Colonial	2560	2	Oil	5	Hot Water
Holden	1010	Single Fam  MDL-01	2	2 Stories	3	Colonial	2560	2	Oil	5	Hot Water
Holden	1010	Single Fam  MDL-01	2	2 Stories	3	Colonial	2561	3	Gas	4	Forced Air-Duc
Holden	1010	Single Fam  MDL-01	2	2 Stories	3	Colonial	2562	2	Oil	5	Hot Water
Holden	1010	Single Fam  MDL-01	2	2 Stories	3	Colonial	2562	2	Oil	5	Hot Water
Holden	1010	Single Fam  MDL-01	2	2 Stories	3	Colonial	2562	3	Gas	4	Forced Air-Duc
Holden	1010	Single Fam  MDL-01	2	2 Stories	3	Colonial	2562	3	Gas	4	Forced Air-Duc
Holden	1010	Single Fam  MDL-01	2	2 Stories	3	Colonial	2563	2	Oil	5	Hot Water
Holden	1010	Single Fam  MDL-01	2	2 Stories	3	Colonial	2564	2	Oil	5	Hot Water
Holden	1010	Single Fam  MDL-01	2	2 Stories	3	Colonial	2564	2	Oil	5	Hot Water
Holden	1010	Single Fam  MDL-01	2	2 Stories	3	Colonial	2564	3	Gas	4	Forced Air-Duc
Holden	1010	Single Fam  MDL-01	2	2 Stories	3	Colonial	2567	2	Oil	5	Hot Water
Holden	1010	Single Fam  MDL-01	2	2 Stories	3	Colonial	2568	2	Oil	5	Hot Water
Holden	1010	Single Fam  MDL-01	2	2 Stories	3	Colonial	2568	2	Oil	5	Hot Water
Holden	1010	Single Fam  MDL-01	2	2 Stories	3	Colonial	2568	3	Gas	4	Forced Air-Duc
Holden	1010	Single Fam  MDL-01	2	2 Stories	3	Colonial	2568	3	Gas	4	Forced Air-Duc
Holden	1010	Single Fam  MDL-01	2	2 Stories	3	Colonial	2572	2	Oil	5	Hot Water
Holden	1010	Single Fam  MDL-01	2	2 Stories	3	Colonial	2572	3	Gas	4	Forced Air-Duc
Holden	1010	Single Fam  MDL-01	2	2 Stories	3	Colonial	2574	3	Gas	4	Forced Air-Duc
Holden	1010	Single Fam  MDL-01	2	2 Stories	3	Colonial	2576	2	Oil	5	Hot Water
Holden	1010	Single Fam  MDL-01	2	2 Stories	3	Colonial	2576	2	Oil	5	Hot Water
Holden	1010	Single Fam  MDL-01	2	2 Stories	3	Colonial	2576	2	Oil	5	Hot Water
Holden	1010	Single Fam  MDL-01	2	2 Stories	3	Colonial	2576	3	Gas	4	Forced Air-Duc
Holden	1010	Single Fam  MDL-01	2	2 Stories	3	Colonial	2576	3	Gas	4	Forced Air-Duc
Holden	1010	Single Fam  MDL-01	2	2 Stories	3	Colonial	2576	3	Gas	4	Forced Air-Duc
Holden	1010	Single Fam  MDL-01	2	2 Stories	3	Colonial	2577	2	Oil	5	Hot Water
Holden	1010	Single Fam  MDL-01	2	2 Stories	3	Colonial	2579	2	Oil	5	Hot Water
Holden	1010	Single Fam  MDL-01	2	2 Stories	3	Colonial	2579	2	Oil	6	Steam
Holden	1010	Single Fam  MDL-01	2	2 Stories	3	Colonial	2580	2	Oil	5	Hot Water
Holden	1010	Single Fam  MDL-01	2	2 Stories	3	Colonial	2580	2	Oil	5	Hot Water
Holden	1010	Single Fam  MDL-01	2	2 Stories	3	Colonial	2580	2	Oil	5	Hot Water
Holden	1010	Single Fam  MDL-01	2	2 Stories	3	Colonial	2580	2	Oil	5	Hot Water
Holden	1010	Single Fam  MDL-01	2	2 Stories	3	Colonial	2580	2	Oil	10	Hydro Air
Holden	1010	Single Fam  MDL-01	2	2 Stories	3	Colonial	2580	3	Gas	4	Forced Air-Duc
Holden	1010	Single Fam  MDL-01	2	2 Stories	3	Colonial	2582	2	Oil	5	Hot Water
Holden	1010	Single Fam  MDL-01	2	2 Stories	3	Colonial	2582	2	Oil	5	Hot Water
Holden	1010	Single Fam  MDL-01	2	2 Stories	3	Colonial	2583	2	Oil	6	Steam
Holden	1010	Single Fam  MDL-01	2	2 Stories	3	Colonial	2583	3	Gas	4	Forced Air-Duc
Holden	1010	Single Fam  MDL-01	2	2 Stories	3	Colonial	2583	3	Gas	4	Forced Air-Duc
Holden	1010	Single Fam  MDL-01	2	2 Stories	3	Colonial	2584	2	Oil	5	Hot Water
Holden	1010	Single Fam  MDL-01	2	2 Stories	3	Colonial	2584	2	Oil	5	Hot Water
Holden	1010	Single Fam  MDL-01	2	2 Stories	3	Colonial	2585	2	Oil	5	Hot Water
Holden	1010	Single Fam  MDL-01	2	2 Stories	3	Colonial	2586	3	Gas	4	Forced Air-Duc
Holden	1010	Single Fam  MDL-01	2	2 Stories	3	Colonial	2588	2	Oil	5	Hot Water
Holden	1010	Single Fam  MDL-01	2	2 Stories	3	Colonial	2588	3	Gas	4	Forced Air-Duc
Holden	1010	Single Fam  MDL-01	2	2 Stories	3	Colonial	2590	2	Oil	5	Hot Water
Holden	1010	Single Fam  MDL-01	2	2 Stories	3	Colonial	2591	2	Oil	10	Hydro Air
Holden	1010	Single Fam  MDL-01	2	2 Stories	3	Colonial	2592	2	Oil	5	Hot Water
Holden	1010	Single Fam  MDL-01	2	2 Stories	3	Colonial	2592	2	Oil	5	Hot Water
Holden	1010	Single Fam  MDL-01	2	2 Stories	3	Colonial	2592	2	Oil	5	Hot Water
Holden	1010	Single Fam  MDL-01	2	2 Stories	3	Colonial	2592	2	Oil	5	Hot Water
Holden	1010	Single Fam  MDL-01	2	2 Stories	3	Colonial	2592	3	Gas	4	Forced Air-Duc
Holden	1010	Single Fam  MDL-01	2	2 Stories	3	Colonial	2592	4	Electric	7	Radiant-Elec.
Holden	1010	Single Fam  MDL-01	2	2 Stories	3	Colonial	2593	2	Oil	5	Hot Water
Holden	1010	Single Fam  MDL-01	2	2 Stories	3	Colonial	2593	3	Gas	4	Forced Air-Duc
Holden	1010	Single Fam  MDL-01	2	2 Stories	3	Colonial	2594	2	Oil	5	Hot Water
Holden	1010	Single Fam  MDL-01	2	2 Stories	3	Colonial	2595	2	Oil	5	Hot Water
Holden	1010	Single Fam  MDL-01	2	2 Stories	3	Colonial	2595	3	Gas	5	Hot Water
Holden	1010	Single Fam  MDL-01	2	2 Stories	3	Colonial	2596	3	Gas	4	Forced Air-Duc
Holden	1010	Single Fam  MDL-01	2	2 Stories	3	Colonial	2597	2	Oil	5	Hot Water
Holden	1010	Single Fam  MDL-01	2	2 Stories	3	Colonial	2598	3	Gas	4	Forced Air-Duc
Holden	1010	Single Fam  MDL-01	2	2 Stories	3	Colonial	2598	3	Gas	4	Forced Air-Duc
Holden	1010	Single Fam  MDL-01	2	2 Stories	3	Colonial	2599	2	Oil	4	Forced Air-Duc
Holden	1010	Single Fam  MDL-01	2	2 Stories	3	Colonial	2600	2	Oil	5	Hot Water
Holden	1010	Single Fam  MDL-01	2	2 Stories	3	Colonial	2600	2	Oil	10	Hydro Air
Holden	1010	Single Fam  MDL-01	2	2 Stories	3	Colonial	2600	3	Gas	4	Forced Air-Duc
Holden	1010	Single Fam  MDL-01	2	2 Stories	3	Colonial	2601	3	Gas	4	Forced Air-Duc
Holden	1010	Single Fam  MDL-01	2	2 Stories	3	Colonial	2602	3	Gas	4	Forced Air-Duc
Holden	1010	Single Fam  MDL-01	2	2 Stories	3	Colonial	2604	2	Oil	5	Hot Water
Holden	1010	Single Fam  MDL-01	2	2 Stories	3	Colonial	2604	2	Oil	5	Hot Water
Holden	1010	Single Fam  MDL-01	2	2 Stories	3	Colonial	2605	2	Oil	4	Forced Air-Duc
Holden	1010	Single Fam  MDL-01	2	2 Stories	3	Colonial	2606	2	Oil	4	Forced Air-Duc
Holden	1010	Single Fam  MDL-01	2	2 Stories	3	Colonial	2608	2	Oil	5	Hot Water
Holden	1010	Single Fam  MDL-01	2	2 Stories	3	Colonial	2608	2	Oil	10	Hydro Air
Holden	1010	Single Fam  MDL-01	2	2 Stories	3	Colonial	2608	3	Gas	4	Forced Air-Duc
Holden	1010	Single Fam  MDL-01	2	2 Stories	3	Colonial	2608	3	Gas	4	Forced Air-Duc
Holden	1010	Single Fam  MDL-01	2	2 Stories	3	Colonial	2608	3	Gas	4	Forced Air-Duc
Holden	1010	Single Fam  MDL-01	2	2 Stories	3	Colonial	2609	2	Oil	5	Hot Water
Holden	1010	Single Fam  MDL-01	2	2 Stories	3	Colonial	2609	2	Oil	5	Hot Water
Holden	1010	Single Fam  MDL-01	2	2 Stories	3	Colonial	2609	2	Oil	10	Hydro Air
Holden	1010	Single Fam  MDL-01	2	2 Stories	3	Colonial	2609	3	Gas	4	Forced Air-Duc
Holden	1010	Single Fam  MDL-01	2	2 Stories	3	Colonial	2611	2	Oil	5	Hot Water
Holden	1010	Single Fam  MDL-01	2	2 Stories	3	Colonial	2611	2	Oil	5	Hot Water
Holden	1010	Single Fam  MDL-01	2	2 Stories	3	Colonial	2611	2	Oil	10	Hydro Air
Holden	1010	Single Fam  MDL-01	2	2 Stories	3	Colonial	2612	2	Oil	5	Hot Water
Holden	1010	Single Fam  MDL-01	2	2 Stories	3	Colonial	2613	2	Oil	4	Forced Air-Duc
Holden	1010	Single Fam  MDL-01	2	2 Stories	3	Colonial	2613	2	Oil	5	Hot Water
Holden	1010	Single Fam  MDL-01	2	2 Stories	3	Colonial	2614	3	Gas	4	Forced Air-Duc
Holden	1010	Single Fam  MDL-01	2	2 Stories	3	Colonial	2614	3	Gas	4	Forced Air-Duc
Holden	1010	Single Fam  MDL-01	2	2 Stories	3	Colonial	2615	3	Gas	4	Forced Air-Duc
Holden	1010	Single Fam  MDL-01	2	2 Stories	3	Colonial	2616	3	Gas	4	Forced Air-Duc
Holden	1010	Single Fam  MDL-01	2	2 Stories	3	Colonial	2618	3	Gas	4	Forced Air-Duc
Holden	1010	Single Fam  MDL-01	2	2 Stories	3	Colonial	2619	3	Gas	4	Forced Air-Duc
Holden	1010	Single Fam  MDL-01	2	2 Stories	3	Colonial	2619	4	Electric	7	Radiant-Elec.
Holden	1010	Single Fam  MDL-01	2	2 Stories	3	Colonial	2622	2	Oil	5	Hot Water
Holden	1010	Single Fam  MDL-01	2	2 Stories	3	Colonial	2624	2	Oil	5	Hot Water
Holden	1010	Single Fam  MDL-01	2	2 Stories	3	Colonial	2624	2	Oil	10	Hydro Air
Holden	1010	Single Fam  MDL-01	2	2 Stories	3	Colonial	2624	3	Gas	4	Forced Air-Duc
Holden	1010	Single Fam  MDL-01	2	2 Stories	3	Colonial	2626	3	Gas	4	Forced Air-Duc
Holden	1010	Single Fam  MDL-01	2	2 Stories	3	Colonial	2628	2	Oil	5	Hot Water
Holden	1010	Single Fam  MDL-01	2	2 Stories	3	Colonial	2630	2	Oil	5	Hot Water
Holden	1010	Single Fam  MDL-01	2	2 Stories	3	Colonial	2630	3	Gas	4	Forced Air-Duc
Holden	1010	Single Fam  MDL-01	2	2 Stories	3	Colonial	2632	2	Oil	5	Hot Water
Holden	1010	Single Fam  MDL-01	2	2 Stories	3	Colonial	2632	2	Oil	5	Hot Water
Holden	1010	Single Fam  MDL-01	2	2 Stories	3	Colonial	2632	3	Gas	4	Forced Air-Duc
Holden	1010	Single Fam  MDL-01	2	2 Stories	3	Colonial	2632	3	Gas	4	Forced Air-Duc
Holden	1010	Single Fam  MDL-01	2	2 Stories	3	Colonial	2632	3	Gas	4	Forced Air-Duc
Holden	1010	Single Fam  MDL-01	2	2 Stories	3	Colonial	2632	3	Gas	4	Forced Air-Duc
Holden	1010	Single Fam  MDL-01	2	2 Stories	3	Colonial	2634	3	Gas	4	Forced Air-Duc
Holden	1010	Single Fam  MDL-01	2	2 Stories	3	Colonial	2634	3	Gas	4	Forced Air-Duc
Holden	1010	Single Fam  MDL-01	2	2 Stories	3	Colonial	2634	3	Gas	4	Forced Air-Duc
Holden	1010	Single Fam  MDL-01	2	2 Stories	3	Colonial	2635	2	Oil	5	Hot Water
Holden	1010	Single Fam  MDL-01	2	2 Stories	3	Colonial	2635	3	Gas	4	Forced Air-Duc
Holden	1010	Single Fam  MDL-01	2	2 Stories	3	Colonial	2635	3	Gas	4	Forced Air-Duc
Holden	1010	Single Fam  MDL-01	2	2 Stories	3	Colonial	2637	3	Gas	4	Forced Air-Duc
Holden	1010	Single Fam  MDL-01	2	2 Stories	3	Colonial	2638	3	Gas	4	Forced Air-Duc
Holden	1010	Single Fam  MDL-01	2	2 Stories	3	Colonial	2640	2	Oil	10	Hydro Air
Holden	1010	Single Fam  MDL-01	2	2 Stories	3	Colonial	2640	3	Gas	4	Forced Air-Duc
Holden	1010	Single Fam  MDL-01	2	2 Stories	3	Colonial	2640	3	Gas	4	Forced Air-Duc
Holden	1010	Single Fam  MDL-01	2	2 Stories	3	Colonial	2641	3	Gas	5	Hot Water
Holden	1010	Single Fam  MDL-01	2	2 Stories	3	Colonial	2642	2	Oil	5	Hot Water
Holden	1010	Single Fam  MDL-01	2	2 Stories	3	Colonial	2643	2	Oil	5	Hot Water
Holden	1010	Single Fam  MDL-01	2	2 Stories	3	Colonial	2644	2	Oil	5	Hot Water
Holden	1010	Single Fam  MDL-01	2	2 Stories	3	Colonial	2644	3	Gas	4	Forced Air-Duc
Holden	1010	Single Fam  MDL-01	2	2 Stories	3	Colonial	2645	2	Oil	7	Radiant-Elec.
Holden	1010	Single Fam  MDL-01	2	2 Stories	3	Colonial	2646	2	Oil	4	Forced Air-Duc
Holden	1010	Single Fam  MDL-01	2	2 Stories	3	Colonial	2646	2	Oil	5	Hot Water
Holden	1010	Single Fam  MDL-01	2	2 Stories	3	Colonial	2646	2	Oil	5	Hot Water
Holden	1010	Single Fam  MDL-01	2	2 Stories	3	Colonial	2646	2	Oil	5	Hot Water
Holden	1010	Single Fam  MDL-01	2	2 Stories	3	Colonial	2647	3	Gas	5	Hot Water
Holden	1010	Single Fam  MDL-01	2	2 Stories	3	Colonial	2648	2	Oil	5	Hot Water
Holden	1010	Single Fam  MDL-01	2	2 Stories	3	Colonial	2648	2	Oil	5	Hot Water
Holden	1010	Single Fam  MDL-01	2	2 Stories	3	Colonial	2648	2	Oil	10	Hydro Air
Holden	1010	Single Fam  MDL-01	2	2 Stories	3	Colonial	2648	3	Gas	5	Hot Water
Holden	1010	Single Fam  MDL-01	2	2 Stories	3	Colonial	2650	2	Oil	5	Hot Water
Holden	1010	Single Fam  MDL-01	2	2 Stories	3	Colonial	2652	2	Oil	5	Hot Water
Holden	1010	Single Fam  MDL-01	2	2 Stories	3	Colonial	2654	3	Gas	4	Forced Air-Duc
Holden	1010	Single Fam  MDL-01	2	2 Stories	3	Colonial	2656	3	Gas	4	Forced Air-Duc
Holden	1010	Single Fam  MDL-01	2	2 Stories	3	Colonial	2656	3	Gas	4	Forced Air-Duc
Holden	1010	Single Fam  MDL-01	2	2 Stories	3	Colonial	2656	3	Gas	5	Hot Water
Holden	1010	Single Fam  MDL-01	2	2 Stories	3	Colonial	2658	2	Oil	10	Hydro Air
Holden	1010	Single Fam  MDL-01	2	2 Stories	3	Colonial	2659	3	Gas	4	Forced Air-Duc
Holden	1010	Single Fam  MDL-01	2	2 Stories	3	Colonial	2660	2	Oil	5	Hot Water
Holden	1010	Single Fam  MDL-01	2	2 Stories	3	Colonial	2661	2	Oil	5	Hot Water
Holden	1010	Single Fam  MDL-01	2	2 Stories	3	Colonial	2664	2	Oil	5	Hot Water
Holden	1010	Single Fam  MDL-01	2	2 Stories	3	Colonial	2664	2	Oil	5	Hot Water
Holden	1010	Single Fam  MDL-01	2	2 Stories	3	Colonial	2664	2	Oil	5	Hot Water
Holden	1010	Single Fam  MDL-01	2	2 Stories	3	Colonial	2668	2	Oil	5	Hot Water
Holden	1010	Single Fam  MDL-01	2	2 Stories	3	Colonial	2668	2	Oil	5	Hot Water
Holden	1010	Single Fam  MDL-01	2	2 Stories	3	Colonial	2668	3	Gas	4	Forced Air-Duc
Holden	1010	Single Fam  MDL-01	2	2 Stories	3	Colonial	2668	3	Gas	4	Forced Air-Duc
Holden	1010	Single Fam  MDL-01	2	2 Stories	3	Colonial	2668	3	Gas	4	Forced Air-Duc
Holden	1010	Single Fam  MDL-01	2	2 Stories	3	Colonial	2672	3	Gas	4	Forced Air-Duc
Holden	1010	Single Fam  MDL-01	2	2 Stories	3	Colonial	2672	3	Gas	4	Forced Air-Duc
Holden	1010	Single Fam  MDL-01	2	2 Stories	3	Colonial	2673	3	Gas	4	Forced Air-Duc
Holden	1010	Single Fam  MDL-01	2	2 Stories	3	Colonial	2673	3	Gas	4	Forced Air-Duc
Holden	1010	Single Fam  MDL-01	2	2 Stories	3	Colonial	2674	2	Oil	4	Forced Air-Duc
Holden	1010	Single Fam  MDL-01	2	2 Stories	3	Colonial	2676	2	Oil	4	Forced Air-Duc
Holden	1010	Single Fam  MDL-01	2	2 Stories	3	Colonial	2676	3	Gas	5	Hot Water
Holden	1010	Single Fam  MDL-01	2	2 Stories	3	Colonial	2678	2	Oil	4	Forced Air-Duc
Holden	1010	Single Fam  MDL-01	2	2 Stories	3	Colonial	2679	2	Oil	5	Hot Water
Holden	1010	Single Fam  MDL-01	2	2 Stories	3	Colonial	2679	3	Gas	5	Hot Water
Holden	1010	Single Fam  MDL-01	2	2 Stories	3	Colonial	2680	2	Oil	5	Hot Water
Holden	1010	Single Fam  MDL-01	2	2 Stories	3	Colonial	2680	3	Gas	4	Forced Air-Duc
Holden	1010	Single Fam  MDL-01	2	2 Stories	3	Colonial	2682	2	Oil	5	Hot Water
Holden	1010	Single Fam  MDL-01	2	2 Stories	3	Colonial	2684	2	Oil	5	Hot Water
Holden	1010	Single Fam  MDL-01	2	2 Stories	3	Colonial	2684	3	Gas	4	Forced Air-Duc
Holden	1010	Single Fam  MDL-01	2	2 Stories	3	Colonial	2684	3	Gas	4	Forced Air-Duc
Holden	1010	Single Fam  MDL-01	2	2 Stories	3	Colonial	2688	2	Oil	5	Hot Water
Holden	1010	Single Fam  MDL-01	2	2 Stories	3	Colonial	2688	2	Oil	5	Hot Water
Holden	1010	Single Fam  MDL-01	2	2 Stories	3	Colonial	2688	2	Oil	10	Hydro Air
Holden	1010	Single Fam  MDL-01	2	2 Stories	3	Colonial	2689	2	Oil	5	Hot Water
Holden	1010	Single Fam  MDL-01	2	2 Stories	3	Colonial	2690	2	Oil	5	Hot Water
Holden	1010	Single Fam  MDL-01	2	2 Stories	3	Colonial	2692	2	Oil	4	Forced Air-Duc
Holden	1010	Single Fam  MDL-01	2	2 Stories	3	Colonial	2693	3	Gas	4	Forced Air-Duc
Holden	1010	Single Fam  MDL-01	2	2 Stories	3	Colonial	2694	3	Gas	4	Forced Air-Duc
Holden	1010	Single Fam  MDL-01	2	2 Stories	3	Colonial	2694	3	Gas	4	Forced Air-Duc
Holden	1010	Single Fam  MDL-01	2	2 Stories	3	Colonial	2695	3	Gas	4	Forced Air-Duc
Holden	1010	Single Fam  MDL-01	2	2 Stories	3	Colonial	2696	2	Oil	4	Forced Air-Duc
Holden	1010	Single Fam  MDL-01	2	2 Stories	3	Colonial	2696	2	Oil	5	Hot Water
Holden	1010	Single Fam  MDL-01	2	2 Stories	3	Colonial	2696	2	Oil	5	Hot Water
Holden	1010	Single Fam  MDL-01	2	2 Stories	3	Colonial	2700	2	Oil	5	Hot Water
Holden	1010	Single Fam  MDL-01	2	2 Stories	3	Colonial	2700	3	Gas	4	Forced Air-Duc
Holden	1010	Single Fam  MDL-01	2	2 Stories	3	Colonial	2700	3	Gas	4	Forced Air-Duc
Holden	1010	Single Fam  MDL-01	2	2 Stories	3	Colonial	2704	2	Oil	4	Forced Air-Duc
Holden	1010	Single Fam  MDL-01	2	2 Stories	3	Colonial	2704	2	Oil	5	Hot Water
Holden	1010	Single Fam  MDL-01	2	2 Stories	3	Colonial	2704	2	Oil	5	Hot Water
Holden	1010	Single Fam  MDL-01	2	2 Stories	3	Colonial	2705	2	Oil	5	Hot Water
Holden	1010	Single Fam  MDL-01	2	2 Stories	3	Colonial	2705	2	Oil	5	Hot Water
Holden	1010	Single Fam  MDL-01	2	2 Stories	3	Colonial	2708	3	Gas	4	Forced Air-Duc
Holden	1010	Single Fam  MDL-01	2	2 Stories	3	Colonial	2708	3	Gas	5	Hot Water
Holden	1010	Single Fam  MDL-01	2	2 Stories	3	Colonial	2709	2	Oil	5	Hot Water
Holden	1010	Single Fam  MDL-01	2	2 Stories	3	Colonial	2709	4	Electric	7	Radiant-Elec.
Holden	1010	Single Fam  MDL-01	2	2 Stories	3	Colonial	2711	3	Gas	5	Hot Water
Holden	1010	Single Fam  MDL-01	2	2 Stories	3	Colonial	2712	2	Oil	5	Hot Water
Holden	1010	Single Fam  MDL-01	2	2 Stories	3	Colonial	2712	3	Gas	5	Hot Water
Holden	1010	Single Fam  MDL-01	2	2 Stories	3	Colonial	2716	2	Oil	5	Hot Water
Holden	1010	Single Fam  MDL-01	2	2 Stories	3	Colonial	2717	3	Gas	4	Forced Air-Duc
Holden	1010	Single Fam  MDL-01	2	2 Stories	3	Colonial	2722	2	Oil	5	Hot Water
Holden	1010	Single Fam  MDL-01	2	2 Stories	3	Colonial	2722	2	Oil	5	Hot Water
Holden	1010	Single Fam  MDL-01	2	2 Stories	3	Colonial	2722	3	Gas	4	Forced Air-Duc
Holden	1010	Single Fam  MDL-01	2	2 Stories	3	Colonial	2724	3	Gas	4	Forced Air-Duc
Holden	1010	Single Fam  MDL-01	2	2 Stories	3	Colonial	2727	3	Gas	4	Forced Air-Duc
Holden	1010	Single Fam  MDL-01	2	2 Stories	3	Colonial	2728	2	Oil	10	Hydro Air
Holden	1010	Single Fam  MDL-01	2	2 Stories	3	Colonial	2731	2	Oil	5	Hot Water
Holden	1010	Single Fam  MDL-01	2	2 Stories	3	Colonial	2731	3	Gas	4	Forced Air-Duc
Holden	1010	Single Fam  MDL-01	2	2 Stories	3	Colonial	2732	2	Oil	5	Hot Water
Holden	1010	Single Fam  MDL-01	2	2 Stories	3	Colonial	2734	2	Oil	5	Hot Water
Holden	1010	Single Fam  MDL-01	2	2 Stories	3	Colonial	2735	3	Gas	4	Forced Air-Duc
Holden	1010	Single Fam  MDL-01	2	2 Stories	3	Colonial	2736	2	Oil	4	Forced Air-Duc
Holden	1010	Single Fam  MDL-01	2	2 Stories	3	Colonial	2736	2	Oil	5	Hot Water
Holden	1010	Single Fam  MDL-01	2	2 Stories	3	Colonial	2736	2	Oil	5	Hot Water
Holden	1010	Single Fam  MDL-01	2	2 Stories	3	Colonial	2736	3	Gas	4	Forced Air-Duc
Holden	1010	Single Fam  MDL-01	2	2 Stories	3	Colonial	2736	3	Gas	4	Forced Air-Duc
Holden	1010	Single Fam  MDL-01	2	2 Stories	3	Colonial	2737	3	Gas	4	Forced Air-Duc
Holden	1010	Single Fam  MDL-01	2	2 Stories	3	Colonial	2738	3	Gas	4	Forced Air-Duc
Holden	1010	Single Fam  MDL-01	2	2 Stories	3	Colonial	2741	2	Oil	5	Hot Water
Holden	1010	Single Fam  MDL-01	2	2 Stories	3	Colonial	2741	2	Oil	5	Hot Water
Holden	1010	Single Fam  MDL-01	2	2 Stories	3	Colonial	2741	3	Gas	4	Forced Air-Duc
Holden	1010	Single Fam  MDL-01	2	2 Stories	3	Colonial	2741	3	Gas	4	Forced Air-Duc
Holden	1010	Single Fam  MDL-01	2	2 Stories	3	Colonial	2741	3	Gas	4	Forced Air-Duc
Holden	1010	Single Fam  MDL-01	2	2 Stories	3	Colonial	2741	3	Gas	4	Forced Air-Duc
Holden	1010	Single Fam  MDL-01	2	2 Stories	3	Colonial	2741	3	Gas	4	Forced Air-Duc
Holden	1010	Single Fam  MDL-01	2	2 Stories	3	Colonial	2741	3	Gas	4	Forced Air-Duc
Holden	1010	Single Fam  MDL-01	2	2 Stories	3	Colonial	2741	3	Gas	4	Forced Air-Duc
Holden	1010	Single Fam  MDL-01	2	2 Stories	3	Colonial	2741	3	Gas	4	Forced Air-Duc
Holden	1010	Single Fam  MDL-01	2	2 Stories	3	Colonial	2741	3	Gas	4	Forced Air-Duc
Holden	1010	Single Fam  MDL-01	2	2 Stories	3	Colonial	2741	3	Gas	4	Forced Air-Duc
Holden	1010	Single Fam  MDL-01	2	2 Stories	3	Colonial	2742	2	Oil	4	Forced Air-Duc
Holden	1010	Single Fam  MDL-01	2	2 Stories	3	Colonial	2742	2	Oil	4	Forced Air-Duc
Holden	1010	Single Fam  MDL-01	2	2 Stories	3	Colonial	2744	2	Oil	5	Hot Water
Holden	1010	Single Fam  MDL-01	2	2 Stories	3	Colonial	2744	2	Oil	10	Hydro Air
Holden	1010	Single Fam  MDL-01	2	2 Stories	3	Colonial	2744	3	Gas	5	Hot Water
Holden	1010	Single Fam  MDL-01	2	2 Stories	3	Colonial	2745	3	Gas	4	Forced Air-Duc
Holden	1010	Single Fam  MDL-01	2	2 Stories	3	Colonial	2745	4	Electric	7	Radiant-Elec.
Holden	1010	Single Fam  MDL-01	2	2 Stories	3	Colonial	2746	2	Oil	5	Hot Water
Holden	1010	Single Fam  MDL-01	2	2 Stories	3	Colonial	2747	2	Oil	5	Hot Water
Holden	1010	Single Fam  MDL-01	2	2 Stories	3	Colonial	2748	2	Oil	5	Hot Water
Holden	1010	Single Fam  MDL-01	2	2 Stories	3	Colonial	2748	2	Oil	5	Hot Water
Holden	1010	Single Fam  MDL-01	2	2 Stories	3	Colonial	2748	2	Oil	10	Hydro Air
Holden	1010	Single Fam  MDL-01	2	2 Stories	3	Colonial	2748	3	Gas	4	Forced Air-Duc
Holden	1010	Single Fam  MDL-01	2	2 Stories	3	Colonial	2748	3	Gas	5	Hot Water
Holden	1010	Single Fam  MDL-01	2	2 Stories	3	Colonial	2749	3	Gas	4	Forced Air-Duc
Holden	1010	Single Fam  MDL-01	2	2 Stories	3	Colonial	2752	2	Oil	5	Hot Water
Holden	1010	Single Fam  MDL-01	2	2 Stories	3	Colonial	2752	2	Oil	5	Hot Water
Holden	1010	Single Fam  MDL-01	2	2 Stories	3	Colonial	2752	3	Gas	4	Forced Air-Duc
Holden	1010	Single Fam  MDL-01	2	2 Stories	3	Colonial	2752	3	Gas	4	Forced Air-Duc
Holden	1010	Single Fam  MDL-01	2	2 Stories	3	Colonial	2752	3	Gas	4	Forced Air-Duc
Holden	1010	Single Fam  MDL-01	2	2 Stories	3	Colonial	2752	3	Gas	4	Forced Air-Duc
Holden	1010	Single Fam  MDL-01	2	2 Stories	3	Colonial	2755	2	Oil	5	Hot Water
Holden	1010	Single Fam  MDL-01	2	2 Stories	3	Colonial	2760	2	Oil	5	Hot Water
Holden	1010	Single Fam  MDL-01	2	2 Stories	3	Colonial	2760	2	Oil	5	Hot Water
Holden	1010	Single Fam  MDL-01	2	2 Stories	3	Colonial	2760	2	Oil	5	Hot Water
Holden	1010	Single Fam  MDL-01	2	2 Stories	3	Colonial	2760	3	Gas	5	Hot Water
Holden	1010	Single Fam  MDL-01	2	2 Stories	3	Colonial	2764	2	Oil	5	Hot Water
Holden	1010	Single Fam  MDL-01	2	2 Stories	3	Colonial	2764	3	Gas	4	Forced Air-Duc
Holden	1010	Single Fam  MDL-01	2	2 Stories	3	Colonial	2764	3	Gas	4	Forced Air-Duc
Holden	1010	Single Fam  MDL-01	2	2 Stories	3	Colonial	2766	2	Oil	10	Hydro Air
Holden	1010	Single Fam  MDL-01	2	2 Stories	3	Colonial	2766	3	Gas	4	Forced Air-Duc
Holden	1010	Single Fam  MDL-01	2	2 Stories	3	Colonial	2768	2	Oil	5	Hot Water
Holden	1010	Single Fam  MDL-01	2	2 Stories	3	Colonial	2772	3	Gas	4	Forced Air-Duc
Holden	1010	Single Fam  MDL-01	2	2 Stories	3	Colonial	2776	2	Oil	4	Forced Air-Duc
Holden	1010	Single Fam  MDL-01	2	2 Stories	3	Colonial	2776	3	Gas	4	Forced Air-Duc
Holden	1010	Single Fam  MDL-01	2	2 Stories	3	Colonial	2777	2	Oil	4	Forced Air-Duc
Holden	1010	Single Fam  MDL-01	2	2 Stories	3	Colonial	2779	2	Oil	5	Hot Water
Holden	1010	Single Fam  MDL-01	2	2 Stories	3	Colonial	2780	2	Oil	5	Hot Water
Holden	1010	Single Fam  MDL-01	2	2 Stories	3	Colonial	2782	2	Oil	5	Hot Water
Holden	1010	Single Fam  MDL-01	2	2 Stories	3	Colonial	2784	2	Oil	5	Hot Water
Holden	1010	Single Fam  MDL-01	2	2 Stories	3	Colonial	2784	2	Oil	5	Hot Water
Holden	1010	Single Fam  MDL-01	2	2 Stories	3	Colonial	2784	2	Oil	5	Hot Water
Holden	1010	Single Fam  MDL-01	2	2 Stories	3	Colonial	2789	2	Oil	5	Hot Water
Holden	1010	Single Fam  MDL-01	2	2 Stories	3	Colonial	2792	2	Oil	5	Hot Water
Holden	1010	Single Fam  MDL-01	2	2 Stories	3	Colonial	2799	2	Oil	4	Forced Air-Duc
Holden	1010	Single Fam  MDL-01	2	2 Stories	3	Colonial	2799	3	Gas	4	Forced Air-Duc
Holden	1010	Single Fam  MDL-01	2	2 Stories	3	Colonial	2800	2	Oil	4	Forced Air-Duc
Holden	1010	Single Fam  MDL-01	2	2 Stories	3	Colonial	2800	2	Oil	5	Hot Water
Holden	1010	Single Fam  MDL-01	2	2 Stories	3	Colonial	2800	2	Oil	5	Hot Water
Holden	1010	Single Fam  MDL-01	2	2 Stories	3	Colonial	2801	2	Oil	5	Hot Water
Holden	1010	Single Fam  MDL-01	2	2 Stories	3	Colonial	2802	2	Oil	5	Hot Water
Holden	1010	Single Fam  MDL-01	2	2 Stories	3	Colonial	2804	2	Oil	4	Forced Air-Duc
Holden	1010	Single Fam  MDL-01	2	2 Stories	3	Colonial	2809	2	Oil	4	Forced Air-Duc
Holden	1010	Single Fam  MDL-01	2	2 Stories	3	Colonial	2809	2	Oil	5	Hot Water
Holden	1010	Single Fam  MDL-01	2	2 Stories	3	Colonial	2809	3	Gas	4	Forced Air-Duc
Holden	1010	Single Fam  MDL-01	2	2 Stories	3	Colonial	2810	3	Gas	4	Forced Air-Duc
Holden	1010	Single Fam  MDL-01	2	2 Stories	3	Colonial	2812	2	Oil	5	Hot Water
Holden	1010	Single Fam  MDL-01	2	2 Stories	3	Colonial	2812	2	Oil	5	Hot Water
Holden	1010	Single Fam  MDL-01	2	2 Stories	3	Colonial	2813	3	Gas	4	Forced Air-Duc
Holden	1010	Single Fam  MDL-01	2	2 Stories	3	Colonial	2814	2	Oil	5	Hot Water
Holden	1010	Single Fam  MDL-01	2	2 Stories	3	Colonial	2814	3	Gas	4	Forced Air-Duc
Holden	1010	Single Fam  MDL-01	2	2 Stories	3	Colonial	2815	3	Gas	4	Forced Air-Duc
Holden	1010	Single Fam  MDL-01	2	2 Stories	3	Colonial	2820	2	Oil	5	Hot Water
Holden	1010	Single Fam  MDL-01	2	2 Stories	3	Colonial	2820	3	Gas	5	Hot Water
Holden	1010	Single Fam  MDL-01	2	2 Stories	3	Colonial	2824	2	Oil	5	Hot Water
Holden	1010	Single Fam  MDL-01	2	2 Stories	3	Colonial	2824	2	Oil	10	Hydro Air
Holden	1010	Single Fam  MDL-01	2	2 Stories	3	Colonial	2828	3	Gas	5	Hot Water
Holden	1010	Single Fam  MDL-01	2	2 Stories	3	Colonial	2832	2	Oil	4	Forced Air-Duc
Holden	1010	Single Fam  MDL-01	2	2 Stories	3	Colonial	2836	2	Oil	5	Hot Water
Holden	1010	Single Fam  MDL-01	2	2 Stories	3	Colonial	2837	2	Oil	5	Hot Water
Holden	1010	Single Fam  MDL-01	2	2 Stories	3	Colonial	2839	2	Oil	5	Hot Water
Holden	1010	Single Fam  MDL-01	2	2 Stories	3	Colonial	2840	2	Oil	5	Hot Water
Holden	1010	Single Fam  MDL-01	2	2 Stories	3	Colonial	2845	2	Oil	5	Hot Water
Holden	1010	Single Fam  MDL-01	2	2 Stories	3	Colonial	2845	2	Oil	5	Hot Water
Holden	1010	Single Fam  MDL-01	2	2 Stories	3	Colonial	2848	2	Oil	5	Hot Water
Holden	1010	Single Fam  MDL-01	2	2 Stories	3	Colonial	2849	3	Gas	4	Forced Air-Duc
Holden	1010	Single Fam  MDL-01	2	2 Stories	3	Colonial	2850	2	Oil	5	Hot Water
Holden	1010	Single Fam  MDL-01	2	2 Stories	3	Colonial	2854	2	Oil	4	Forced Air-Duc
Holden	1010	Single Fam  MDL-01	2	2 Stories	3	Colonial	2856	2	Oil	4	Forced Air-Duc
Holden	1010	Single Fam  MDL-01	2	2 Stories	3	Colonial	2856	2	Oil	5	Hot Water
Holden	1010	Single Fam  MDL-01	2	2 Stories	3	Colonial	2856	2	Oil	10	Hydro Air
Holden	1010	Single Fam  MDL-01	2	2 Stories	3	Colonial	2857	3	Gas	4	Forced Air-Duc
Holden	1010	Single Fam  MDL-01	2	2 Stories	3	Colonial	2859	3	Gas	5	Hot Water
Holden	1010	Single Fam  MDL-01	2	2 Stories	3	Colonial	2861	2	Oil	8	Radiant-Water
Holden	1010	Single Fam  MDL-01	2	2 Stories	3	Colonial	2861	3	Gas	4	Forced Air-Duc
Holden	1010	Single Fam  MDL-01	2	2 Stories	3	Colonial	2870	3	Gas	5	Hot Water
Holden	1010	Single Fam  MDL-01	2	2 Stories	3	Colonial	2872	2	Oil	4	Forced Air-Duc
Holden	1010	Single Fam  MDL-01	2	2 Stories	3	Colonial	2872	3	Gas	5	Hot Water
Holden	1010	Single Fam  MDL-01	2	2 Stories	3	Colonial	2875	3	Gas	4	Forced Air-Duc
Holden	1010	Single Fam  MDL-01	2	2 Stories	3	Colonial	2876	2	Oil	5	Hot Water
Holden	1010	Single Fam  MDL-01	2	2 Stories	3	Colonial	2878	2	Oil	10	Hydro Air
Holden	1010	Single Fam  MDL-01	2	2 Stories	3	Colonial	2884	2	Oil	4	Forced Air-Duc
Holden	1010	Single Fam  MDL-01	2	2 Stories	3	Colonial	2884	2	Oil	5	Hot Water
Holden	1010	Single Fam  MDL-01	2	2 Stories	3	Colonial	2884	2	Oil	10	Hydro Air
Holden	1010	Single Fam  MDL-01	2	2 Stories	3	Colonial	2885	2	Oil	5	Hot Water
Holden	1010	Single Fam  MDL-01	2	2 Stories	3	Colonial	2887	3	Gas	4	Forced Air-Duc
Holden	1010	Single Fam  MDL-01	2	2 Stories	3	Colonial	2888	2	Oil	10	Hydro Air
Holden	1010	Single Fam  MDL-01	2	2 Stories	3	Colonial	2892	2	Oil	5	Hot Water
Holden	1010	Single Fam  MDL-01	2	2 Stories	3	Colonial	2892	2	Oil	5	Hot Water
Holden	1010	Single Fam  MDL-01	2	2 Stories	3	Colonial	2895	2	Oil	5	Hot Water
Holden	1010	Single Fam  MDL-01	2	2 Stories	3	Colonial	2903	2	Oil	5	Hot Water
Holden	1010	Single Fam  MDL-01	2	2 Stories	3	Colonial	2903	3	Gas	4	Forced Air-Duc
Holden	1010	Single Fam  MDL-01	2	2 Stories	3	Colonial	2905	3	Gas	4	Forced Air-Duc
Holden	1010	Single Fam  MDL-01	2	2 Stories	3	Colonial	2906	3	Gas	4	Forced Air-Duc
Holden	1010	Single Fam  MDL-01	2	2 Stories	3	Colonial	2906	3	Gas	4	Forced Air-Duc
Holden	1010	Single Fam  MDL-01	2	2 Stories	3	Colonial	2908	3	Gas	4	Forced Air-Duc
Holden	1010	Single Fam  MDL-01	2	2 Stories	3	Colonial	2909	3	Gas	4	Forced Air-Duc
Holden	1010	Single Fam  MDL-01	2	2 Stories	3	Colonial	2912	2	Oil	5	Hot Water
Holden	1010	Single Fam  MDL-01	2	2 Stories	3	Colonial	2919	3	Gas	4	Forced Air-Duc
Holden	1010	Single Fam  MDL-01	2	2 Stories	3	Colonial	2920	2	Oil	5	Hot Water
Holden	1010	Single Fam  MDL-01	2	2 Stories	3	Colonial	2922	2	Oil	10	Hydro Air
Holden	1010	Single Fam  MDL-01	2	2 Stories	3	Colonial	2924	2	Oil	5	Hot Water
Holden	1010	Single Fam  MDL-01	2	2 Stories	3	Colonial	2925	2	Oil	10	Hydro Air
Holden	1010	Single Fam  MDL-01	2	2 Stories	3	Colonial	2927	2	Oil	4	Forced Air-Duc
Holden	1010	Single Fam  MDL-01	2	2 Stories	3	Colonial	2928	3	Gas	4	Forced Air-Duc
Holden	1010	Single Fam  MDL-01	2	2 Stories	3	Colonial	2929	2	Oil	5	Hot Water
Holden	1010	Single Fam  MDL-01	2	2 Stories	3	Colonial	2930	3	Gas	4	Forced Air-Duc
Holden	1010	Single Fam  MDL-01	2	2 Stories	3	Colonial	2934	3	Gas	4	Forced Air-Duc
Holden	1010	Single Fam  MDL-01	2	2 Stories	3	Colonial	2937	3	Gas	4	Forced Air-Duc
Holden	1010	Single Fam  MDL-01	2	2 Stories	3	Colonial	2939	3	Gas	4	Forced Air-Duc
Holden	1010	Single Fam  MDL-01	2	2 Stories	3	Colonial	2939	3	Gas	4	Forced Air-Duc
Holden	1010	Single Fam  MDL-01	2	2 Stories	3	Colonial	2939	3	Gas	5	Hot Water
Holden	1010	Single Fam  MDL-01	2	2 Stories	3	Colonial	2942	2	Oil	5	Hot Water
Holden	1010	Single Fam  MDL-01	2	2 Stories	3	Colonial	2944	2	Oil	5	Hot Water
Holden	1010	Single Fam  MDL-01	2	2 Stories	3	Colonial	2944	3	Gas	4	Forced Air-Duc
Holden	1010	Single Fam  MDL-01	2	2 Stories	3	Colonial	2944	3	Gas	4	Forced Air-Duc
Holden	1010	Single Fam  MDL-01	2	2 Stories	3	Colonial	2944	3	Gas	10	Hydro Air
Holden	1010	Single Fam  MDL-01	2	2 Stories	3	Colonial	2945	3	Gas	5	Hot Water
Holden	1010	Single Fam  MDL-01	2	2 Stories	3	Colonial	2946	3	Gas	4	Forced Air-Duc
Holden	1010	Single Fam  MDL-01	2	2 Stories	3	Colonial	2946	3	Gas	5	Hot Water
Holden	1010	Single Fam  MDL-01	2	2 Stories	3	Colonial	2948	2	Oil	5	Hot Water
Holden	1010	Single Fam  MDL-01	2	2 Stories	3	Colonial	2948	2	Oil	6	Steam
Holden	1010	Single Fam  MDL-01	2	2 Stories	3	Colonial	2949	3	Gas	4	Forced Air-Duc
Holden	1010	Single Fam  MDL-01	2	2 Stories	3	Colonial	2949	3	Gas	4	Forced Air-Duc
Holden	1010	Single Fam  MDL-01	2	2 Stories	3	Colonial	2949	3	Gas	4	Forced Air-Duc
Holden	1010	Single Fam  MDL-01	2	2 Stories	3	Colonial	2949	3	Gas	4	Forced Air-Duc
Holden	1010	Single Fam  MDL-01	2	2 Stories	3	Colonial	2949	3	Gas	4	Forced Air-Duc
Holden	1010	Single Fam  MDL-01	2	2 Stories	3	Colonial	2949	3	Gas	4	Forced Air-Duc
Holden	1010	Single Fam  MDL-01	2	2 Stories	3	Colonial	2950	2	Oil	5	Hot Water
Holden	1010	Single Fam  MDL-01	2	2 Stories	3	Colonial	2951	2	Oil	10	Hydro Air
Holden	1010	Single Fam  MDL-01	2	2 Stories	3	Colonial	2952	4	Electric	4	Forced Air-Duc
Holden	1010	Single Fam  MDL-01	2	2 Stories	3	Colonial	2953	3	Gas	4	Forced Air-Duc
Holden	1010	Single Fam  MDL-01	2	2 Stories	3	Colonial	2957	2	Oil	10	Hydro Air
Holden	1010	Single Fam  MDL-01	2	2 Stories	3	Colonial	2959	2	Oil	5	Hot Water
Holden	1010	Single Fam  MDL-01	2	2 Stories	3	Colonial	2959	3	Gas	4	Forced Air-Duc
Holden	1010	Single Fam  MDL-01	2	2 Stories	3	Colonial	2960	2	Oil	4	Forced Air-Duc
Holden	1010	Single Fam  MDL-01	2	2 Stories	3	Colonial	2960	3	Gas	4	Forced Air-Duc
Holden	1010	Single Fam  MDL-01	2	2 Stories	3	Colonial	2965	3	Gas	4	Forced Air-Duc
Holden	1010	Single Fam  MDL-01	2	2 Stories	3	Colonial	2969	2	Oil	10	Hydro Air
Holden	1010	Single Fam  MDL-01	2	2 Stories	3	Colonial	2969	3	Gas	4	Forced Air-Duc
Holden	1010	Single Fam  MDL-01	2	2 Stories	3	Colonial	2971	2	Oil	5	Hot Water
Holden	1010	Single Fam  MDL-01	2	2 Stories	3	Colonial	2971	3	Gas	4	Forced Air-Duc
Holden	1010	Single Fam  MDL-01	2	2 Stories	3	Colonial	2972	3	Gas	5	Hot Water
Holden	1010	Single Fam  MDL-01	2	2 Stories	3	Colonial	2973	2	Oil	10	Hydro Air
Holden	1010	Single Fam  MDL-01	2	2 Stories	3	Colonial	2973	3	Gas	4	Forced Air-Duc
Holden	1010	Single Fam  MDL-01	2	2 Stories	3	Colonial	2973	3	Gas	5	Hot Water
Holden	1010	Single Fam  MDL-01	2	2 Stories	3	Colonial	2975	3	Gas	4	Forced Air-Duc
Holden	1010	Single Fam  MDL-01	2	2 Stories	3	Colonial	2976	3	Gas	4	Forced Air-Duc
Holden	1010	Single Fam  MDL-01	2	2 Stories	3	Colonial	2977	2	Oil	5	Hot Water
Holden	1010	Single Fam  MDL-01	2	2 Stories	3	Colonial	2977	3	Gas	5	Hot Water
Holden	1010	Single Fam  MDL-01	2	2 Stories	3	Colonial	2980	2	Oil	5	Hot Water
Holden	1010	Single Fam  MDL-01	2	2 Stories	3	Colonial	2981	2	Oil	4	Forced Air-Duc
Holden	1010	Single Fam  MDL-01	2	2 Stories	3	Colonial	2981	2	Oil	5	Hot Water
Holden	1010	Single Fam  MDL-01	2	2 Stories	3	Colonial	2983	2	Oil	5	Hot Water
Holden	1010	Single Fam  MDL-01	2	2 Stories	3	Colonial	2984	3	Gas	4	Forced Air-Duc
Holden	1010	Single Fam  MDL-01	2	2 Stories	3	Colonial	2985	2	Oil	5	Hot Water
Holden	1010	Single Fam  MDL-01	2	2 Stories	3	Colonial	2986	3	Gas	4	Forced Air-Duc
Holden	1010	Single Fam  MDL-01	2	2 Stories	3	Colonial	2988	2	Oil	5	Hot Water
Holden	1010	Single Fam  MDL-01	2	2 Stories	3	Colonial	2990	2	Oil	5	Hot Water
Holden	1010	Single Fam  MDL-01	2	2 Stories	3	Colonial	2994	2	Oil	5	Hot Water
Holden	1010	Single Fam  MDL-01	2	2 Stories	3	Colonial	2996	2	Oil	5	Hot Water
Holden	1010	Single Fam  MDL-01	2	2 Stories	3	Colonial	2997	3	Gas	4	Forced Air-Duc
Holden	1010	Single Fam  MDL-01	2	2 Stories	3	Colonial	3002	2	Oil	5	Hot Water
Holden	1010	Single Fam  MDL-01	2	2 Stories	3	Colonial	3005	3	Gas	4	Forced Air-Duc
Holden	1010	Single Fam  MDL-01	2	2 Stories	3	Colonial	3006	2	Oil	5	Hot Water
Holden	1010	Single Fam  MDL-01	2	2 Stories	3	Colonial	3006	3	Gas	4	Forced Air-Duc
Holden	1010	Single Fam  MDL-01	2	2 Stories	3	Colonial	3008	2	Oil	5	Hot Water
Holden	1010	Single Fam  MDL-01	2	2 Stories	3	Colonial	3008	2	Oil	10	Hydro Air
Holden	1010	Single Fam  MDL-01	2	2 Stories	3	Colonial	3013	2	Oil	4	Forced Air-Duc
Holden	1010	Single Fam  MDL-01	2	2 Stories	3	Colonial	3014	3	Gas	4	Forced Air-Duc
Holden	1010	Single Fam  MDL-01	2	2 Stories	3	Colonial	3019	3	Gas	4	Forced Air-Duc
Holden	1010	Single Fam  MDL-01	2	2 Stories	3	Colonial	3021	3	Gas	4	Forced Air-Duc
Holden	1010	Single Fam  MDL-01	2	2 Stories	3	Colonial	3021	3	Gas	4	Forced Air-Duc
Holden	1010	Single Fam  MDL-01	2	2 Stories	3	Colonial	3022	2	Oil	5	Hot Water
Holden	1010	Single Fam  MDL-01	2	2 Stories	3	Colonial	3024	2	Oil	5	Hot Water
Holden	1010	Single Fam  MDL-01	2	2 Stories	3	Colonial	3029	2	Oil	4	Forced Air-Duc
Holden	1010	Single Fam  MDL-01	2	2 Stories	3	Colonial	3030	2	Oil	5	Hot Water
Holden	1010	Single Fam  MDL-01	2	2 Stories	3	Colonial	3034	3	Gas	4	Forced Air-Duc
Holden	1010	Single Fam  MDL-01	2	2 Stories	3	Colonial	3036	2	Oil	5	Hot Water
Holden	1010	Single Fam  MDL-01	2	2 Stories	3	Colonial	3038	2	Oil	5	Hot Water
Holden	1010	Single Fam  MDL-01	2	2 Stories	3	Colonial	3039	3	Gas	4	Forced Air-Duc
Holden	1010	Single Fam  MDL-01	2	2 Stories	3	Colonial	3041	2	Oil	5	Hot Water
Holden	1010	Single Fam  MDL-01	2	2 Stories	3	Colonial	3042	2	Oil	5	Hot Water
Holden	1010	Single Fam  MDL-01	2	2 Stories	3	Colonial	3044	4	Electric	11	Geothermal
Holden	1010	Single Fam  MDL-01	2	2 Stories	3	Colonial	3047	2	Oil	5	Hot Water
Holden	1010	Single Fam  MDL-01	2	2 Stories	3	Colonial	3047	2	Oil	5	Hot Water
Holden	1010	Single Fam  MDL-01	2	2 Stories	3	Colonial	3047	3	Gas	4	Forced Air-Duc
Holden	1010	Single Fam  MDL-01	2	2 Stories	3	Colonial	3048	2	Oil	5	Hot Water
Holden	1010	Single Fam  MDL-01	2	2 Stories	3	Colonial	3053	3	Gas	4	Forced Air-Duc
Holden	1010	Single Fam  MDL-01	2	2 Stories	3	Colonial	3056	2	Oil	4	Forced Air-Duc
Holden	1010	Single Fam  MDL-01	2	2 Stories	3	Colonial	3069	3	Gas	5	Hot Water
Holden	1010	Single Fam  MDL-01	2	2 Stories	3	Colonial	3072	2	Oil	5	Hot Water
Holden	1010	Single Fam  MDL-01	2	2 Stories	3	Colonial	3076	2	Oil	5	Hot Water
Holden	1010	Single Fam  MDL-01	2	2 Stories	3	Colonial	3076	3	Gas	4	Forced Air-Duc
Holden	1010	Single Fam  MDL-01	2	2 Stories	3	Colonial	3078	2	Oil	5	Hot Water
Holden	1010	Single Fam  MDL-01	2	2 Stories	3	Colonial	3084	2	Oil	5	Hot Water
Holden	1010	Single Fam  MDL-01	2	2 Stories	3	Colonial	3088	3	Gas	4	Forced Air-Duc
Holden	1010	Single Fam  MDL-01	2	2 Stories	3	Colonial	3092	3	Gas	10	Hydro Air
Holden	1010	Single Fam  MDL-01	2	2 Stories	3	Colonial	3093	3	Gas	4	Forced Air-Duc
Holden	1010	Single Fam  MDL-01	2	2 Stories	3	Colonial	3093	3	Gas	4	Forced Air-Duc
Holden	1010	Single Fam  MDL-01	2	2 Stories	3	Colonial	3093	3	Gas	4	Forced Air-Duc
Holden	1010	Single Fam  MDL-01	2	2 Stories	3	Colonial	3098	2	Oil	5	Hot Water
Holden	1010	Single Fam  MDL-01	2	2 Stories	3	Colonial	3098	3	Gas	4	Forced Air-Duc
Holden	1010	Single Fam  MDL-01	2	2 Stories	3	Colonial	3101	2	Oil	4	Forced Air-Duc
Holden	1010	Single Fam  MDL-01	2	2 Stories	3	Colonial	3101	3	Gas	4	Forced Air-Duc
Holden	1010	Single Fam  MDL-01	2	2 Stories	3	Colonial	3107	3	Gas	4	Forced Air-Duc
Holden	1010	Single Fam  MDL-01	2	2 Stories	3	Colonial	3110	2	Oil	5	Hot Water
Holden	1010	Single Fam  MDL-01	2	2 Stories	3	Colonial	3112	2	Oil	5	Hot Water
Holden	1010	Single Fam  MDL-01	2	2 Stories	3	Colonial	3112	3	Gas	4	Forced Air-Duc
Holden	1010	Single Fam  MDL-01	2	2 Stories	3	Colonial	3115	7	Propane	4	Forced Air-Duc
Holden	1010	Single Fam  MDL-01	2	2 Stories	3	Colonial	3116	2	Oil	5	Hot Water
Holden	1010	Single Fam  MDL-01	2	2 Stories	3	Colonial	3116	2	Oil	5	Hot Water
Holden	1010	Single Fam  MDL-01	2	2 Stories	3	Colonial	3119	3	Gas	4	Forced Air-Duc
Holden	1010	Single Fam  MDL-01	2	2 Stories	3	Colonial	3120	2	Oil	5	Hot Water
Holden	1010	Single Fam  MDL-01	2	2 Stories	3	Colonial	3122	2	Oil	5	Hot Water
Holden	1010	Single Fam  MDL-01	2	2 Stories	3	Colonial	3128	2	Oil	5	Hot Water
Holden	1010	Single Fam  MDL-01	2	2 Stories	3	Colonial	3132	2	Oil	5	Hot Water
Holden	1010	Single Fam  MDL-01	2	2 Stories	3	Colonial	3134	2	Oil	4	Forced Air-Duc
Holden	1010	Single Fam  MDL-01	2	2 Stories	3	Colonial	3136	3	Gas	4	Forced Air-Duc
Holden	1010	Single Fam  MDL-01	2	2 Stories	3	Colonial	3138	3	Gas	5	Hot Water
Holden	1010	Single Fam  MDL-01	2	2 Stories	3	Colonial	3141	2	Oil	5	Hot Water
Holden	1010	Single Fam  MDL-01	2	2 Stories	3	Colonial	3142	2	Oil	4	Forced Air-Duc
Holden	1010	Single Fam  MDL-01	2	2 Stories	3	Colonial	3144	2	Oil	5	Hot Water
Holden	1010	Single Fam  MDL-01	2	2 Stories	3	Colonial	3144	2	Oil	5	Hot Water
Holden	1010	Single Fam  MDL-01	2	2 Stories	3	Colonial	3152	2	Oil	5	Hot Water
Holden	1010	Single Fam  MDL-01	2	2 Stories	3	Colonial	3156	3	Gas	4	Forced Air-Duc
Holden	1010	Single Fam  MDL-01	2	2 Stories	3	Colonial	3160	3	Gas	4	Forced Air-Duc
Holden	1010	Single Fam  MDL-01	2	2 Stories	3	Colonial	3162	7	Propane	5	Hot Water
Holden	1010	Single Fam  MDL-01	2	2 Stories	3	Colonial	3163	3	Gas	5	Hot Water
Holden	1010	Single Fam  MDL-01	2	2 Stories	3	Colonial	3164	2	Oil	5	Hot Water
Holden	1010	Single Fam  MDL-01	2	2 Stories	3	Colonial	3167	3	Gas	4	Forced Air-Duc
Holden	1010	Single Fam  MDL-01	2	2 Stories	3	Colonial	3168	2	Oil	5	Hot Water
Holden	1010	Single Fam  MDL-01	2	2 Stories	3	Colonial	3168	3	Gas	4	Forced Air-Duc
Holden	1010	Single Fam  MDL-01	2	2 Stories	3	Colonial	3170	2	Oil	5	Hot Water
Holden	1010	Single Fam  MDL-01	2	2 Stories	3	Colonial	3172	2	Oil	5	Hot Water
Holden	1010	Single Fam  MDL-01	2	2 Stories	3	Colonial	3176	2	Oil	4	Forced Air-Duc
Holden	1010	Single Fam  MDL-01	2	2 Stories	3	Colonial	3184	2	Oil	10	Hydro Air
Holden	1010	Single Fam  MDL-01	2	2 Stories	3	Colonial	3192	2	Oil	4	Forced Air-Duc
Holden	1010	Single Fam  MDL-01	2	2 Stories	3	Colonial	3194	2	Oil	4	Forced Air-Duc
Holden	1010	Single Fam  MDL-01	2	2 Stories	3	Colonial	3197	3	Gas	5	Hot Water
Holden	1010	Single Fam  MDL-01	2	2 Stories	3	Colonial	3197	3	Gas	5	Hot Water
Holden	1010	Single Fam  MDL-01	2	2 Stories	3	Colonial	3199	2	Oil	5	Hot Water
Holden	1010	Single Fam  MDL-01	2	2 Stories	3	Colonial	3204	2	Oil	4	Forced Air-Duc
Holden	1010	Single Fam  MDL-01	2	2 Stories	3	Colonial	3204	2	Oil	5	Hot Water
Holden	1010	Single Fam  MDL-01	2	2 Stories	3	Colonial	3209	2	Oil	5	Hot Water
Holden	1010	Single Fam  MDL-01	2	2 Stories	3	Colonial	3212	3	Gas	4	Forced Air-Duc
Holden	1010	Single Fam  MDL-01	2	2 Stories	3	Colonial	3215	2	Oil	10	Hydro Air
Holden	1010	Single Fam  MDL-01	2	2 Stories	3	Colonial	3216	2	Oil	5	Hot Water
Holden	1010	Single Fam  MDL-01	2	2 Stories	3	Colonial	3221	2	Oil	10	Hydro Air
Holden	1010	Single Fam  MDL-01	2	2 Stories	3	Colonial	3222	2	Oil	5	Hot Water
Holden	1010	Single Fam  MDL-01	2	2 Stories	3	Colonial	3224	2	Oil	5	Hot Water
Holden	1010	Single Fam  MDL-01	2	2 Stories	3	Colonial	3226	3	Gas	4	Forced Air-Duc
Holden	1010	Single Fam  MDL-01	2	2 Stories	3	Colonial	3228	3	Gas	4	Forced Air-Duc
Holden	1010	Single Fam  MDL-01	2	2 Stories	3	Colonial	3229	3	Gas	4	Forced Air-Duc
Holden	1010	Single Fam  MDL-01	2	2 Stories	3	Colonial	3231	2	Oil	5	Hot Water
Holden	1010	Single Fam  MDL-01	2	2 Stories	3	Colonial	3232	3	Gas	5	Hot Water
Holden	1010	Single Fam  MDL-01	2	2 Stories	3	Colonial	3240	2	Oil	5	Hot Water
Holden	1010	Single Fam  MDL-01	2	2 Stories	3	Colonial	3240	3	Gas	5	Hot Water
Holden	1010	Single Fam  MDL-01	2	2 Stories	3	Colonial	3243	2	Oil	5	Hot Water
Holden	1010	Single Fam  MDL-01	2	2 Stories	3	Colonial	3244	2	Oil	5	Hot Water
Holden	1010	Single Fam  MDL-01	2	2 Stories	3	Colonial	3246	2	Oil	4	Forced Air-Duc
Holden	1010	Single Fam  MDL-01	2	2 Stories	3	Colonial	3251	3	Gas	4	Forced Air-Duc
Holden	1010	Single Fam  MDL-01	2	2 Stories	3	Colonial	3253	2	Oil	4	Forced Air-Duc
Holden	1010	Single Fam  MDL-01	2	2 Stories	3	Colonial	3265	2	Oil	4	Forced Air-Duc
Holden	1010	Single Fam  MDL-01	2	2 Stories	3	Colonial	3266	2	Oil	10	Hydro Air
Holden	1010	Single Fam  MDL-01	2	2 Stories	3	Colonial	3268	2	Oil	5	Hot Water
Holden	1010	Single Fam  MDL-01	2	2 Stories	3	Colonial	3274	2	Oil	5	Hot Water
Holden	1010	Single Fam  MDL-01	2	2 Stories	3	Colonial	3275	2	Oil	5	Hot Water
Holden	1010	Single Fam  MDL-01	2	2 Stories	3	Colonial	3278	2	Oil	4	Forced Air-Duc
Holden	1010	Single Fam  MDL-01	2	2 Stories	3	Colonial	3280	2	Oil	5	Hot Water
Holden	1010	Single Fam  MDL-01	2	2 Stories	3	Colonial	3280	3	Gas	5	Hot Water
Holden	1010	Single Fam  MDL-01	2	2 Stories	3	Colonial	3286	2	Oil	5	Hot Water
Holden	1010	Single Fam  MDL-01	2	2 Stories	3	Colonial	3286	3	Gas	4	Forced Air-Duc
Holden	1010	Single Fam  MDL-01	2	2 Stories	3	Colonial	3286	3	Gas	5	Hot Water
Holden	1010	Single Fam  MDL-01	2	2 Stories	3	Colonial	3289	2	Oil	10	Hydro Air
Holden	1010	Single Fam  MDL-01	2	2 Stories	3	Colonial	3298	2	Oil	10	Hydro Air
Holden	1010	Single Fam  MDL-01	2	2 Stories	3	Colonial	3301	2	Oil	5	Hot Water
Holden	1010	Single Fam  MDL-01	2	2 Stories	3	Colonial	3302	2	Oil	5	Hot Water
Holden	1010	Single Fam  MDL-01	2	2 Stories	3	Colonial	3307	3	Gas	4	Forced Air-Duc
Holden	1010	Single Fam  MDL-01	2	2 Stories	3	Colonial	3312	2	Oil	5	Hot Water
Holden	1010	Single Fam  MDL-01	2	2 Stories	3	Colonial	3322	3	Gas	4	Forced Air-Duc
Holden	1010	Single Fam  MDL-01	2	2 Stories	3	Colonial	3333	2	Oil	5	Hot Water
Holden	1010	Single Fam  MDL-01	2	2 Stories	3	Colonial	3333	3	Gas	4	Forced Air-Duc
Holden	1010	Single Fam  MDL-01	2	2 Stories	3	Colonial	3337	2	Oil	5	Hot Water
Holden	1010	Single Fam  MDL-01	2	2 Stories	3	Colonial	3340	3	Gas	4	Forced Air-Duc
Holden	1010	Single Fam  MDL-01	2	2 Stories	3	Colonial	3345	2	Oil	5	Hot Water
Holden	1010	Single Fam  MDL-01	2	2 Stories	3	Colonial	3346	3	Gas	5	Hot Water
Holden	1010	Single Fam  MDL-01	2	2 Stories	3	Colonial	3349	2	Oil	5	Hot Water
Holden	1010	Single Fam  MDL-01	2	2 Stories	3	Colonial	3349	2	Oil	5	Hot Water
Holden	1010	Single Fam  MDL-01	2	2 Stories	3	Colonial	3350	2	Oil	5	Hot Water
Holden	1010	Single Fam  MDL-01	2	2 Stories	3	Colonial	3350	7	Propane	4	Forced Air-Duc
Holden	1010	Single Fam  MDL-01	2	2 Stories	3	Colonial	3368	3	Gas	5	Hot Water
Holden	1010	Single Fam  MDL-01	2	2 Stories	3	Colonial	3374	2	Oil	4	Forced Air-Duc
Holden	1010	Single Fam  MDL-01	2	2 Stories	3	Colonial	3379	2	Oil	4	Forced Air-Duc
Holden	1010	Single Fam  MDL-01	2	2 Stories	3	Colonial	3383	3	Gas	4	Forced Air-Duc
Holden	1010	Single Fam  MDL-01	2	2 Stories	3	Colonial	3384	2	Oil	5	Hot Water
Holden	1010	Single Fam  MDL-01	2	2 Stories	3	Colonial	3390	3	Gas	10	Hydro Air
Holden	1010	Single Fam  MDL-01	2	2 Stories	3	Colonial	3392	3	Gas	5	Hot Water
Holden	1010	Single Fam  MDL-01	2	2 Stories	3	Colonial	3401	2	Oil	5	Hot Water
Holden	1010	Single Fam  MDL-01	2	2 Stories	3	Colonial	3404	2	Oil	4	Forced Air-Duc
Holden	1010	Single Fam  MDL-01	2	2 Stories	3	Colonial	3406	2	Oil	10	Hydro Air
Holden	1010	Single Fam  MDL-01	2	2 Stories	3	Colonial	3412	2	Oil	5	Hot Water
Holden	1010	Single Fam  MDL-01	2	2 Stories	3	Colonial	3425	2	Oil	4	Forced Air-Duc
Holden	1010	Single Fam  MDL-01	2	2 Stories	3	Colonial	3432	2	Oil	5	Hot Water
Holden	1010	Single Fam  MDL-01	2	2 Stories	3	Colonial	3436	3	Gas	5	Hot Water
Holden	1010	Single Fam  MDL-01	2	2 Stories	3	Colonial	3445	2	Oil	10	Hydro Air
Holden	1010	Single Fam  MDL-01	2	2 Stories	3	Colonial	3450	3	Gas	4	Forced Air-Duc
Holden	1010	Single Fam  MDL-01	2	2 Stories	3	Colonial	3458	2	Oil	5	Hot Water
Holden	1010	Single Fam  MDL-01	2	2 Stories	3	Colonial	3460	2	Oil	5	Hot Water
Holden	1010	Single Fam  MDL-01	2	2 Stories	3	Colonial	3466	2	Oil	10	Hydro Air
Holden	1010	Single Fam  MDL-01	2	2 Stories	3	Colonial	3468	3	Gas	4	Forced Air-Duc
Holden	1010	Single Fam  MDL-01	2	2 Stories	3	Colonial	3470	2	Oil	5	Hot Water
Holden	1010	Single Fam  MDL-01	2	2 Stories	3	Colonial	3484	2	Oil	4	Forced Air-Duc
Holden	1010	Single Fam  MDL-01	2	2 Stories	3	Colonial	3489	2	Oil	5	Hot Water
Holden	1010	Single Fam  MDL-01	2	2 Stories	3	Colonial	3496	2	Oil	5	Hot Water
Holden	1010	Single Fam  MDL-01	2	2 Stories	3	Colonial	3497	2	Oil	4	Forced Air-Duc
Holden	1010	Single Fam  MDL-01	2	2 Stories	3	Colonial	3505	2	Oil	4	Forced Air-Duc
Holden	1010	Single Fam  MDL-01	2	2 Stories	3	Colonial	3506	3	Gas	4	Forced Air-Duc
Holden	1010	Single Fam  MDL-01	2	2 Stories	3	Colonial	3507	3	Gas	10	Hydro Air
Holden	1010	Single Fam  MDL-01	2	2 Stories	3	Colonial	3508	2	Oil	4	Forced Air-Duc
Holden	1010	Single Fam  MDL-01	2	2 Stories	3	Colonial	3508	2	Oil	4	Forced Air-Duc
Holden	1010	Single Fam  MDL-01	2	2 Stories	3	Colonial	3508	2	Oil	5	Hot Water
Holden	1010	Single Fam  MDL-01	2	2 Stories	3	Colonial	3523	2	Oil	4	Forced Air-Duc
Holden	1010	Single Fam  MDL-01	2	2 Stories	3	Colonial	3527	2	Oil	5	Hot Water
Holden	1010	Single Fam  MDL-01	2	2 Stories	3	Colonial	3533	2	Oil	5	Hot Water
Holden	1010	Single Fam  MDL-01	2	2 Stories	3	Colonial	3542	2	Oil	5	Hot Water
Holden	1010	Single Fam  MDL-01	2	2 Stories	3	Colonial	3547	2	Oil	10	Hydro Air
Holden	1010	Single Fam  MDL-01	2	2 Stories	3	Colonial	3553	2	Oil	4	Forced Air-Duc
Holden	1010	Single Fam  MDL-01	2	2 Stories	3	Colonial	3557	2	Oil	5	Hot Water
Holden	1010	Single Fam  MDL-01	2	2 Stories	3	Colonial	3566	2	Oil	10	Hydro Air
Holden	1010	Single Fam  MDL-01	2	2 Stories	3	Colonial	3566	3	Gas	4	Forced Air-Duc
Holden	1010	Single Fam  MDL-01	2	2 Stories	3	Colonial	3573	2	Oil	4	Forced Air-Duc
Holden	1010	Single Fam  MDL-01	2	2 Stories	3	Colonial	3578	2	Oil	10	Hydro Air
Holden	1010	Single Fam  MDL-01	2	2 Stories	3	Colonial	3579	2	Oil	4	Forced Air-Duc
Holden	1010	Single Fam  MDL-01	2	2 Stories	3	Colonial	3581	2	Oil	5	Hot Water
Holden	1010	Single Fam  MDL-01	2	2 Stories	3	Colonial	3588	2	Oil	5	Hot Water
Holden	1010	Single Fam  MDL-01	2	2 Stories	3	Colonial	3590	3	Gas	4	Forced Air-Duc
Holden	1010	Single Fam  MDL-01	2	2 Stories	3	Colonial	3596	2	Oil	5	Hot Water
Holden	1010	Single Fam  MDL-01	2	2 Stories	3	Colonial	3600	2	Oil	5	Hot Water
Holden	1010	Single Fam  MDL-01	2	2 Stories	3	Colonial	3612	2	Oil	10	Hydro Air
Holden	1010	Single Fam  MDL-01	2	2 Stories	3	Colonial	3623	2	Oil	5	Hot Water
Holden	1010	Single Fam  MDL-01	2	2 Stories	3	Colonial	3626	2	Oil	10	Hydro Air
Holden	1010	Single Fam  MDL-01	2	2 Stories	3	Colonial	3636	2	Oil	5	Hot Water
Holden	1010	Single Fam  MDL-01	2	2 Stories	3	Colonial	3643	3	Gas	4	Forced Air-Duc
Holden	1010	Single Fam  MDL-01	2	2 Stories	3	Colonial	3661	2	Oil	5	Hot Water
Holden	1010	Single Fam  MDL-01	2	2 Stories	3	Colonial	3674	2	Oil	4	Forced Air-Duc
Holden	1010	Single Fam  MDL-01	2	2 Stories	3	Colonial	3687	2	Oil	4	Forced Air-Duc
Holden	1010	Single Fam  MDL-01	2	2 Stories	3	Colonial	3688	2	Oil	5	Hot Water
Holden	1010	Single Fam  MDL-01	2	2 Stories	3	Colonial	3707	3	Gas	4	Forced Air-Duc
Holden	1010	Single Fam  MDL-01	2	2 Stories	3	Colonial	3714	3	Gas	10	Hydro Air
Holden	1010	Single Fam  MDL-01	2	2 Stories	3	Colonial	3718	2	Oil	10	Hydro Air
Holden	1010	Single Fam  MDL-01	2	2 Stories	3	Colonial	3752	2	Oil	5	Hot Water
Holden	1010	Single Fam  MDL-01	2	2 Stories	3	Colonial	3760	2	Oil	5	Hot Water
Holden	1010	Single Fam  MDL-01	2	2 Stories	3	Colonial	3762	2	Oil	10	Hydro Air
Holden	1010	Single Fam  MDL-01	2	2 Stories	3	Colonial	3763	3	Gas	4	Forced Air-Duc
Holden	1010	Single Fam  MDL-01	2	2 Stories	3	Colonial	3767	2	Oil	10	Hydro Air
Holden	1010	Single Fam  MDL-01	2	2 Stories	3	Colonial	3768	2	Oil	5	Hot Water
Holden	1010	Single Fam  MDL-01	2	2 Stories	3	Colonial	3769	2	Oil	5	Hot Water
Holden	1010	Single Fam  MDL-01	2	2 Stories	3	Colonial	3772	3	Gas	5	Hot Water
Holden	1010	Single Fam  MDL-01	2	2 Stories	3	Colonial	3778	2	Oil	10	Hydro Air
Holden	1010	Single Fam  MDL-01	2	2 Stories	3	Colonial	3785	2	Oil	6	Steam
Holden	1010	Single Fam  MDL-01	2	2 Stories	3	Colonial	3788	2	Oil	4	Forced Air-Duc
Holden	1010	Single Fam  MDL-01	2	2 Stories	3	Colonial	3802	2	Oil	5	Hot Water
Holden	1010	Single Fam  MDL-01	2	2 Stories	3	Colonial	3804	2	Oil	5	Hot Water
Holden	1010	Single Fam  MDL-01	2	2 Stories	3	Colonial	3808	2	Oil	10	Hydro Air
Holden	1010	Single Fam  MDL-01	2	2 Stories	3	Colonial	3844	2	Oil	4	Forced Air-Duc
Holden	1010	Single Fam  MDL-01	2	2 Stories	3	Colonial	3904	2	Oil	10	Hydro Air
Holden	1010	Single Fam  MDL-01	2	2 Stories	3	Colonial	3915	2	Oil	5	Hot Water
Holden	1010	Single Fam  MDL-01	2	2 Stories	3	Colonial	3916	3	Gas	4	Forced Air-Duc
Holden	1010	Single Fam  MDL-01	2	2 Stories	3	Colonial	3946	2	Oil	5	Hot Water
Holden	1010	Single Fam  MDL-01	2	2 Stories	3	Colonial	4005	2	Oil	5	Hot Water
Holden	1010	Single Fam  MDL-01	2	2 Stories	3	Colonial	4033	2	Oil	4	Forced Air-Duc
Holden	1010	Single Fam  MDL-01	2	2 Stories	3	Colonial	4048	2	Oil	5	Hot Water
Holden	1010	Single Fam  MDL-01	2	2 Stories	3	Colonial	4070	2	Oil	10	Hydro Air
Holden	1010	Single Fam  MDL-01	2	2 Stories	3	Colonial	4089	2	Oil	4	Forced Air-Duc
Holden	1010	Single Fam  MDL-01	2	2 Stories	3	Colonial	4109	2	Oil	10	Hydro Air
Holden	1010	Single Fam  MDL-01	2	2 Stories	3	Colonial	4127	2	Oil	4	Forced Air-Duc
Holden	1010	Single Fam  MDL-01	2	2 Stories	3	Colonial	4130	2	Oil	4	Forced Air-Duc
Holden	1010	Single Fam  MDL-01	2	2 Stories	3	Colonial	4171	2	Oil	10	Hydro Air
Holden	1010	Single Fam  MDL-01	2	2 Stories	3	Colonial	4191	2	Oil	5	Hot Water
Holden	1010	Single Fam  MDL-01	2	2 Stories	3	Colonial	4201	2	Oil	5	Hot Water
Holden	1010	Single Fam  MDL-01	2	2 Stories	3	Colonial	4227	2	Oil	4	Forced Air-Duc
Holden	1010	Single Fam  MDL-01	2	2 Stories	3	Colonial	4286	2	Oil	5	Hot Water
Holden	1010	Single Fam  MDL-01	2	2 Stories	3	Colonial	4334	2	Oil	4	Forced Air-Duc
Holden	1010	Single Fam  MDL-01	2	2 Stories	3	Colonial	4368	2	Oil	10	Hydro Air
Holden	1010	Single Fam  MDL-01	2	2 Stories	3	Colonial	4395	3	Gas	5	Hot Water
Holden	1010	Single Fam  MDL-01	2	2 Stories	3	Colonial	4432	2	Oil	10	Hydro Air
Holden	1010	Single Fam  MDL-01	2	2 Stories	3	Colonial	4524	2	Oil	10	Hydro Air
Holden	1010	Single Fam  MDL-01	2	2 Stories	3	Colonial	4634	2	Oil	10	Hydro Air
Holden	1010	Single Fam  MDL-01	2	2 Stories	3	Colonial	4722	3	Gas	4	Forced Air-Duc
Holden	1010	Single Fam  MDL-01	2	2 Stories	3	Colonial	4766	2	Oil	5	Hot Water
Holden	1010	Single Fam  MDL-01	2	2 Stories	3	Colonial	4768	3	Gas	5	Hot Water
Holden	1010	Single Fam  MDL-01	2	2 Stories	3	Colonial	4782	2	Oil	5	Hot Water
Holden	1010	Single Fam  MDL-01	2	2 Stories	3	Colonial	4782	2	Oil	5	Hot Water
Holden	1010	Single Fam  MDL-01	2	2 Stories	3	Colonial	4877	2	Oil	4	Forced Air-Duc
Holden	1010	Single Fam  MDL-01	2	2 Stories	3	Colonial	4967	2	Oil	5	Hot Water
Holden	1010	Single Fam  MDL-01	2	2 Stories	3	Colonial	5083	2	Oil	4	Forced Air-Duc
Holden	1010	Single Fam  MDL-01	2	2 Stories	3	Colonial	5092	2	Oil	4	Forced Air-Duc
Holden	1010	Single Fam  MDL-01	2	2 Stories	3	Colonial	5191	2	Oil	4	Forced Air-Duc
Holden	1010	Single Fam  MDL-01	2	2 Stories	3	Colonial	5735	2	Oil	4	Forced Air-Duc
Holden	1010	Single Fam  MDL-01	2	2 Stories	3	Colonial	5860	2	Oil	5	Hot Water
Holden	1010	Single Fam  MDL-01	2	2 Stories	4	Cape Cod	1176	3	Gas	6	Steam
Holden	1010	Single Fam  MDL-01	2	2 Stories	4	Cape Cod	1456	2	Oil	5	Hot Water
Holden	1010	Single Fam  MDL-01	2	2 Stories	4	Cape Cod	1555	2	Oil	5	Hot Water
Holden	1010	Single Fam  MDL-01	2	2 Stories	4	Cape Cod	1591	2	Oil	5	Hot Water
Holden	1010	Single Fam  MDL-01	2	2 Stories	4	Cape Cod	1665	2	Oil	5	Hot Water
Holden	1010	Single Fam  MDL-01	2	2 Stories	4	Cape Cod	1731	2	Oil	4	Forced Air-Duc
Holden	1010	Single Fam  MDL-01	2	2 Stories	4	Cape Cod	1756	2	Oil	5	Hot Water
Holden	1010	Single Fam  MDL-01	2	2 Stories	4	Cape Cod	1832	3	Gas	4	Forced Air-Duc
Holden	1010	Single Fam  MDL-01	2	2 Stories	4	Cape Cod	1891	2	Oil	5	Hot Water
Holden	1010	Single Fam  MDL-01	2	2 Stories	4	Cape Cod	1955	2	Oil	4	Forced Air-Duc
Holden	1010	Single Fam  MDL-01	2	2 Stories	4	Cape Cod	2014	4	Electric	7	Radiant-Elec.
Holden	1010	Single Fam  MDL-01	2	2 Stories	4	Cape Cod	2067	2	Oil	5	Hot Water
Holden	1010	Single Fam  MDL-01	2	2 Stories	4	Cape Cod	2256	2	Oil	5	Hot Water
Holden	1010	Single Fam  MDL-01	2	2 Stories	4	Cape Cod	2324	2	Oil	5	Hot Water
Holden	1010	Single Fam  MDL-01	2	2 Stories	4	Cape Cod	2354	3	Gas	10	Hydro Air
Holden	1010	Single Fam  MDL-01	2	2 Stories	4	Cape Cod	2395	2	Oil	5	Hot Water
Holden	1010	Single Fam  MDL-01	2	2 Stories	4	Cape Cod	2550	2	Oil	10	Hydro Air
Holden	1010	Single Fam  MDL-01	2	2 Stories	4	Cape Cod	2590	2	Oil	5	Hot Water
Holden	1010	Single Fam  MDL-01	2	2 Stories	4	Cape Cod	2610	2	Oil	10	Hydro Air
Holden	1010	Single Fam  MDL-01	2	2 Stories	4	Cape Cod	2747	2	Oil	5	Hot Water
Holden	1010	Single Fam  MDL-01	2	2 Stories	4	Cape Cod	2802	2	Oil	5	Hot Water
Holden	1010	Single Fam  MDL-01	2	2 Stories	4	Cape Cod	2888	2	Oil	5	Hot Water
Holden	1010	Single Fam  MDL-01	2	2 Stories	4	Cape Cod	3002	2	Oil	5	Hot Water
Holden	1010	Single Fam  MDL-01	2	2 Stories	4	Cape Cod	3106	2	Oil	5	Hot Water
Holden	1010	Single Fam  MDL-01	2	2 Stories	4	Cape Cod	4792	3	Gas	4	Forced Air-Duc
Holden	1010	Single Fam  MDL-01	2	2 Stories	5	Bungalow	1611	2	Oil	6	Steam
Holden	1010	Single Fam  MDL-01	2	2 Stories	5	Bungalow	1877	2	Oil	6	Steam
Holden	1010	Single Fam  MDL-01	2	2 Stories	6	Conventional	584	1	No Central	2	Convection
Holden	1010	Single Fam  MDL-01	2	2 Stories	6	Conventional	936	2	Oil	5	Hot Water
Holden	1010	Single Fam  MDL-01	2	2 Stories	6	Conventional	1076	2	Oil	6	Steam
Holden	1010	Single Fam  MDL-01	2	2 Stories	6	Conventional	1147	2	Oil	5	Hot Water
Holden	1010	Single Fam  MDL-01	2	2 Stories	6	Conventional	1200	3	Gas	5	Hot Water
Holden	1010	Single Fam  MDL-01	2	2 Stories	6	Conventional	1243	2	Oil	6	Steam
Holden	1010	Single Fam  MDL-01	2	2 Stories	6	Conventional	1320	2	Oil	5	Hot Water
Holden	1010	Single Fam  MDL-01	2	2 Stories	6	Conventional	1336	2	Oil	5	Hot Water
Holden	1010	Single Fam  MDL-01	2	2 Stories	6	Conventional	1344	2	Oil	6	Steam
Holden	1010	Single Fam  MDL-01	2	2 Stories	6	Conventional	1352	2	Oil	5	Hot Water
Holden	1010	Single Fam  MDL-01	2	2 Stories	6	Conventional	1384	2	Oil	5	Hot Water
Holden	1010	Single Fam  MDL-01	2	2 Stories	6	Conventional	1400	2	Oil	4	Forced Air-Duc
Holden	1010	Single Fam  MDL-01	2	2 Stories	6	Conventional	1404	2	Oil	4	Forced Air-Duc
Holden	1010	Single Fam  MDL-01	2	2 Stories	6	Conventional	1404	2	Oil	5	Hot Water
Holden	1010	Single Fam  MDL-01	2	2 Stories	6	Conventional	1456	2	Oil	6	Steam
Holden	1010	Single Fam  MDL-01	2	2 Stories	6	Conventional	1480	2	Oil	5	Hot Water
Holden	1010	Single Fam  MDL-01	2	2 Stories	6	Conventional	1507	2	Oil	5	Hot Water
Holden	1010	Single Fam  MDL-01	2	2 Stories	6	Conventional	1516	3	Gas	4	Forced Air-Duc
Holden	1010	Single Fam  MDL-01	2	2 Stories	6	Conventional	1520	3	Gas	6	Steam
Holden	1010	Single Fam  MDL-01	2	2 Stories	6	Conventional	1538	3	Gas	4	Forced Air-Duc
Holden	1010	Single Fam  MDL-01	2	2 Stories	6	Conventional	1538	4	Electric	11	Geothermal
Holden	1010	Single Fam  MDL-01	2	2 Stories	6	Conventional	1544	2	Oil	5	Hot Water
Holden	1010	Single Fam  MDL-01	2	2 Stories	6	Conventional	1563	3	Gas	6	Steam
Holden	1010	Single Fam  MDL-01	2	2 Stories	6	Conventional	1583	2	Oil	4	Forced Air-Duc
Holden	1010	Single Fam  MDL-01	2	2 Stories	6	Conventional	1620	3	Gas	5	Hot Water
Holden	1010	Single Fam  MDL-01	2	2 Stories	6	Conventional	1625	2	Oil	6	Steam
Holden	1010	Single Fam  MDL-01	2	2 Stories	6	Conventional	1634	2	Oil	6	Steam
Holden	1010	Single Fam  MDL-01	2	2 Stories	6	Conventional	1638	2	Oil	4	Forced Air-Duc
Holden	1010	Single Fam  MDL-01	2	2 Stories	6	Conventional	1646	2	Oil	6	Steam
Holden	1010	Single Fam  MDL-01	2	2 Stories	6	Conventional	1664	2	Oil	5	Hot Water
Holden	1010	Single Fam  MDL-01	2	2 Stories	6	Conventional	1668	2	Oil	5	Hot Water
Holden	1010	Single Fam  MDL-01	2	2 Stories	6	Conventional	1683	2	Oil	5	Hot Water
Holden	1010	Single Fam  MDL-01	2	2 Stories	6	Conventional	1689	2	Oil	5	Hot Water
Holden	1010	Single Fam  MDL-01	2	2 Stories	6	Conventional	1694	2	Oil	5	Hot Water
Holden	1010	Single Fam  MDL-01	2	2 Stories	6	Conventional	1698	2	Oil	5	Hot Water
Holden	1010	Single Fam  MDL-01	2	2 Stories	6	Conventional	1698	2	Oil	5	Hot Water
Holden	1010	Single Fam  MDL-01	2	2 Stories	6	Conventional	1699	2	Oil	6	Steam
Holden	1010	Single Fam  MDL-01	2	2 Stories	6	Conventional	1713	2	Oil	4	Forced Air-Duc
Holden	1010	Single Fam  MDL-01	2	2 Stories	6	Conventional	1716	2	Oil	5	Hot Water
Holden	1010	Single Fam  MDL-01	2	2 Stories	6	Conventional	1728	3	Gas	5	Hot Water
Holden	1010	Single Fam  MDL-01	2	2 Stories	6	Conventional	1736	2	Oil	5	Hot Water
Holden	1010	Single Fam  MDL-01	2	2 Stories	6	Conventional	1744	2	Oil	6	Steam
Holden	1010	Single Fam  MDL-01	2	2 Stories	6	Conventional	1746	2	Oil	5	Hot Water
Holden	1010	Single Fam  MDL-01	2	2 Stories	6	Conventional	1759	2	Oil	6	Steam
Holden	1010	Single Fam  MDL-01	2	2 Stories	6	Conventional	1782	4	Electric	7	Radiant-Elec.
Holden	1010	Single Fam  MDL-01	2	2 Stories	6	Conventional	1804	2	Oil	6	Steam
Holden	1010	Single Fam  MDL-01	2	2 Stories	6	Conventional	1807	2	Oil	5	Hot Water
Holden	1010	Single Fam  MDL-01	2	2 Stories	6	Conventional	1810	2	Oil	5	Hot Water
Holden	1010	Single Fam  MDL-01	2	2 Stories	6	Conventional	1814	2	Oil	4	Forced Air-Duc
Holden	1010	Single Fam  MDL-01	2	2 Stories	6	Conventional	1818	2	Oil	6	Steam
Holden	1010	Single Fam  MDL-01	2	2 Stories	6	Conventional	1828	2	Oil	6	Steam
Holden	1010	Single Fam  MDL-01	2	2 Stories	6	Conventional	1835	2	Oil	5	Hot Water
Holden	1010	Single Fam  MDL-01	2	2 Stories	6	Conventional	1843	2	Oil	5	Hot Water
Holden	1010	Single Fam  MDL-01	2	2 Stories	6	Conventional	1848	2	Oil	5	Hot Water
Holden	1010	Single Fam  MDL-01	2	2 Stories	6	Conventional	1860	2	Oil	6	Steam
Holden	1010	Single Fam  MDL-01	2	2 Stories	6	Conventional	1896	2	Oil	5	Hot Water
Holden	1010	Single Fam  MDL-01	2	2 Stories	6	Conventional	1902	2	Oil	6	Steam
Holden	1010	Single Fam  MDL-01	2	2 Stories	6	Conventional	1908	2	Oil	6	Steam
Holden	1010	Single Fam  MDL-01	2	2 Stories	6	Conventional	1944	2	Oil	5	Hot Water
Holden	1010	Single Fam  MDL-01	2	2 Stories	6	Conventional	1960	2	Oil	5	Hot Water
Holden	1010	Single Fam  MDL-01	2	2 Stories	6	Conventional	1962	2	Oil	6	Steam
Holden	1010	Single Fam  MDL-01	2	2 Stories	6	Conventional	1963	2	Oil	5	Hot Water
Holden	1010	Single Fam  MDL-01	2	2 Stories	6	Conventional	1965	2	Oil	4	Forced Air-Duc
Holden	1010	Single Fam  MDL-01	2	2 Stories	6	Conventional	1968	3	Gas	5	Hot Water
Holden	1010	Single Fam  MDL-01	2	2 Stories	6	Conventional	1969	2	Oil	5	Hot Water
Holden	1010	Single Fam  MDL-01	2	2 Stories	6	Conventional	2002	2	Oil	6	Steam
Holden	1010	Single Fam  MDL-01	2	2 Stories	6	Conventional	2008	2	Oil	5	Hot Water
Holden	1010	Single Fam  MDL-01	2	2 Stories	6	Conventional	2017	2	Oil	6	Steam
Holden	1010	Single Fam  MDL-01	2	2 Stories	6	Conventional	2018	2	Oil	6	Steam
Holden	1010	Single Fam  MDL-01	2	2 Stories	6	Conventional	2032	2	Oil	5	Hot Water
Holden	1010	Single Fam  MDL-01	2	2 Stories	6	Conventional	2050	2	Oil	5	Hot Water
Holden	1010	Single Fam  MDL-01	2	2 Stories	6	Conventional	2060	2	Oil	5	Hot Water
Holden	1010	Single Fam  MDL-01	2	2 Stories	6	Conventional	2066	2	Oil	5	Hot Water
Holden	1010	Single Fam  MDL-01	2	2 Stories	6	Conventional	2078	2	Oil	4	Forced Air-Duc
Holden	1010	Single Fam  MDL-01	2	2 Stories	6	Conventional	2081	3	Gas	5	Hot Water
Holden	1010	Single Fam  MDL-01	2	2 Stories	6	Conventional	2098	3	Gas	6	Steam
Holden	1010	Single Fam  MDL-01	2	2 Stories	6	Conventional	2106	2	Oil	6	Steam
Holden	1010	Single Fam  MDL-01	2	2 Stories	6	Conventional	2111	2	Oil	5	Hot Water
Holden	1010	Single Fam  MDL-01	2	2 Stories	6	Conventional	2112	2	Oil	5	Hot Water
Holden	1010	Single Fam  MDL-01	2	2 Stories	6	Conventional	2124	2	Oil	5	Hot Water
Holden	1010	Single Fam  MDL-01	2	2 Stories	6	Conventional	2136	3	Gas	4	Forced Air-Duc
Holden	1010	Single Fam  MDL-01	2	2 Stories	6	Conventional	2144	3	Gas	5	Hot Water
Holden	1010	Single Fam  MDL-01	2	2 Stories	6	Conventional	2146	2	Oil	5	Hot Water
Holden	1010	Single Fam  MDL-01	2	2 Stories	6	Conventional	2154	2	Oil	5	Hot Water
Holden	1010	Single Fam  MDL-01	2	2 Stories	6	Conventional	2192	2	Oil	5	Hot Water
Holden	1010	Single Fam  MDL-01	2	2 Stories	6	Conventional	2202	2	Oil	5	Hot Water
Holden	1010	Single Fam  MDL-01	2	2 Stories	6	Conventional	2218	2	Oil	5	Hot Water
Holden	1010	Single Fam  MDL-01	2	2 Stories	6	Conventional	2238	2	Oil	5	Hot Water
Holden	1010	Single Fam  MDL-01	2	2 Stories	6	Conventional	2244	2	Oil	5	Hot Water
Holden	1010	Single Fam  MDL-01	2	2 Stories	6	Conventional	2252	2	Oil	5	Hot Water
Holden	1010	Single Fam  MDL-01	2	2 Stories	6	Conventional	2253	2	Oil	4	Forced Air-Duc
Holden	1010	Single Fam  MDL-01	2	2 Stories	6	Conventional	2263	2	Oil	5	Hot Water
Holden	1010	Single Fam  MDL-01	2	2 Stories	6	Conventional	2308	2	Oil	6	Steam
Holden	1010	Single Fam  MDL-01	2	2 Stories	6	Conventional	2332	2	Oil	5	Hot Water
Holden	1010	Single Fam  MDL-01	2	2 Stories	6	Conventional	2364	2	Oil	5	Hot Water
Holden	1010	Single Fam  MDL-01	2	2 Stories	6	Conventional	2405	2	Oil	5	Hot Water
Holden	1010	Single Fam  MDL-01	2	2 Stories	6	Conventional	2420	3	Gas	6	Steam
Holden	1010	Single Fam  MDL-01	2	2 Stories	6	Conventional	2424	2	Oil	5	Hot Water
Holden	1010	Single Fam  MDL-01	2	2 Stories	6	Conventional	2426	2	Oil	5	Hot Water
Holden	1010	Single Fam  MDL-01	2	2 Stories	6	Conventional	2480	3	Gas	5	Hot Water
Holden	1010	Single Fam  MDL-01	2	2 Stories	6	Conventional	2517	2	Oil	6	Steam
Holden	1010	Single Fam  MDL-01	2	2 Stories	6	Conventional	2560	2	Oil	6	Steam
Holden	1010	Single Fam  MDL-01	2	2 Stories	6	Conventional	2606	2	Oil	5	Hot Water
Holden	1010	Single Fam  MDL-01	2	2 Stories	6	Conventional	2617	3	Gas	4	Forced Air-Duc
Holden	1010	Single Fam  MDL-01	2	2 Stories	6	Conventional	2642	2	Oil	5	Hot Water
Holden	1010	Single Fam  MDL-01	2	2 Stories	6	Conventional	2654	3	Gas	4	Forced Air-Duc
Holden	1010	Single Fam  MDL-01	2	2 Stories	6	Conventional	2710	2	Oil	6	Steam
Holden	1010	Single Fam  MDL-01	2	2 Stories	6	Conventional	2731	2	Oil	6	Steam
Holden	1010	Single Fam  MDL-01	2	2 Stories	6	Conventional	2736	2	Oil	6	Steam
Holden	1010	Single Fam  MDL-01	2	2 Stories	6	Conventional	2767	2	Oil	5	Hot Water
Holden	1010	Single Fam  MDL-01	2	2 Stories	6	Conventional	2792	2	Oil	5	Hot Water
Holden	1010	Single Fam  MDL-01	2	2 Stories	6	Conventional	2880	3	Gas	5	Hot Water
Holden	1010	Single Fam  MDL-01	2	2 Stories	6	Conventional	2894	2	Oil	5	Hot Water
Holden	1010	Single Fam  MDL-01	2	2 Stories	6	Conventional	2909	2	Oil	5	Hot Water
Holden	1010	Single Fam  MDL-01	2	2 Stories	6	Conventional	2936	2	Oil	5	Hot Water
Holden	1010	Single Fam  MDL-01	2	2 Stories	6	Conventional	2960	2	Oil	5	Hot Water
Holden	1010	Single Fam  MDL-01	2	2 Stories	6	Conventional	2997	2	Oil	5	Hot Water
Holden	1010	Single Fam  MDL-01	2	2 Stories	6	Conventional	3048	2	Oil	5	Hot Water
Holden	1010	Single Fam  MDL-01	2	2 Stories	6	Conventional	3080	2	Oil	5	Hot Water
Holden	1010	Single Fam  MDL-01	2	2 Stories	6	Conventional	3231	2	Oil	5	Hot Water
Holden	1010	Single Fam  MDL-01	2	2 Stories	6	Conventional	3317	2	Oil	6	Steam
Holden	1010	Single Fam  MDL-01	2	2 Stories	6	Conventional	3366	2	Oil	6	Steam
Holden	1010	Single Fam  MDL-01	2	2 Stories	6	Conventional	3708	2	Oil	5	Hot Water
Holden	1010	Single Fam  MDL-01	2	2 Stories	6	Conventional	3769	7	Propane	7	Radiant-Elec.
Holden	1010	Single Fam  MDL-01	2	2 Stories	6	Conventional	5539	2	Oil	5	Hot Water
Holden	1010	Single Fam  MDL-01	2	2 Stories	7	Modern/Contemp	1344	2	Oil	5	Hot Water
Holden	1010	Single Fam  MDL-01	2	2 Stories	7	Modern/Contemp	1649	2	Oil	5	Hot Water
Holden	1010	Single Fam  MDL-01	2	2 Stories	7	Modern/Contemp	1919	2	Oil	5	Hot Water
Holden	1010	Single Fam  MDL-01	2	2 Stories	7	Modern/Contemp	1980	2	Oil	5	Hot Water
Holden	1010	Single Fam  MDL-01	2	2 Stories	7	Modern/Contemp	2003	2	Oil	5	Hot Water
Holden	1010	Single Fam  MDL-01	2	2 Stories	7	Modern/Contemp	2058	2	Oil	5	Hot Water
Holden	1010	Single Fam  MDL-01	2	2 Stories	7	Modern/Contemp	2072	2	Oil	4	Forced Air-Duc
Holden	1010	Single Fam  MDL-01	2	2 Stories	7	Modern/Contemp	2164	2	Oil	5	Hot Water
Holden	1010	Single Fam  MDL-01	2	2 Stories	7	Modern/Contemp	2230	2	Oil	5	Hot Water
Holden	1010	Single Fam  MDL-01	2	2 Stories	7	Modern/Contemp	2280	2	Oil	5	Hot Water
Holden	1010	Single Fam  MDL-01	2	2 Stories	7	Modern/Contemp	2338	2	Oil	4	Forced Air-Duc
Holden	1010	Single Fam  MDL-01	2	2 Stories	7	Modern/Contemp	2412	2	Oil	4	Forced Air-Duc
Holden	1010	Single Fam  MDL-01	2	2 Stories	7	Modern/Contemp	2438	3	Gas	4	Forced Air-Duc
Holden	1010	Single Fam  MDL-01	2	2 Stories	7	Modern/Contemp	2450	2	Oil	4	Forced Air-Duc
Holden	1010	Single Fam  MDL-01	2	2 Stories	7	Modern/Contemp	2478	2	Oil	5	Hot Water
Holden	1010	Single Fam  MDL-01	2	2 Stories	7	Modern/Contemp	2522	3	Gas	4	Forced Air-Duc
Holden	1010	Single Fam  MDL-01	2	2 Stories	7	Modern/Contemp	2555	3	Gas	5	Hot Water
Holden	1010	Single Fam  MDL-01	2	2 Stories	7	Modern/Contemp	2559	4	Electric	7	Radiant-Elec.
Holden	1010	Single Fam  MDL-01	2	2 Stories	7	Modern/Contemp	2579	2	Oil	5	Hot Water
Holden	1010	Single Fam  MDL-01	2	2 Stories	7	Modern/Contemp	2633	4	Electric	7	Radiant-Elec.
Holden	1010	Single Fam  MDL-01	2	2 Stories	7	Modern/Contemp	2753	2	Oil	5	Hot Water
Holden	1010	Single Fam  MDL-01	2	2 Stories	7	Modern/Contemp	2794	2	Oil	5	Hot Water
Holden	1010	Single Fam  MDL-01	2	2 Stories	7	Modern/Contemp	2840	3	Gas	4	Forced Air-Duc
Holden	1010	Single Fam  MDL-01	2	2 Stories	7	Modern/Contemp	2849	2	Oil	4	Forced Air-Duc
Holden	1010	Single Fam  MDL-01	2	2 Stories	7	Modern/Contemp	2849	3	Gas	4	Forced Air-Duc
Holden	1010	Single Fam  MDL-01	2	2 Stories	7	Modern/Contemp	2877	2	Oil	5	Hot Water
Holden	1010	Single Fam  MDL-01	2	2 Stories	7	Modern/Contemp	2904	3	Gas	4	Forced Air-Duc
Holden	1010	Single Fam  MDL-01	2	2 Stories	7	Modern/Contemp	2919	3	Gas	4	Forced Air-Duc
Holden	1010	Single Fam  MDL-01	2	2 Stories	7	Modern/Contemp	2948	2	Oil	5	Hot Water
Holden	1010	Single Fam  MDL-01	2	2 Stories	7	Modern/Contemp	2960	4	Electric	7	Radiant-Elec.
Holden	1010	Single Fam  MDL-01	2	2 Stories	7	Modern/Contemp	2963	2	Oil	5	Hot Water
Holden	1010	Single Fam  MDL-01	2	2 Stories	7	Modern/Contemp	2968	3	Gas	5	Hot Water
Holden	1010	Single Fam  MDL-01	2	2 Stories	7	Modern/Contemp	3004	2	Oil	5	Hot Water
Holden	1010	Single Fam  MDL-01	2	2 Stories	7	Modern/Contemp	3010	2	Oil	4	Forced Air-Duc
Holden	1010	Single Fam  MDL-01	2	2 Stories	7	Modern/Contemp	3016	2	Oil	5	Hot Water
Holden	1010	Single Fam  MDL-01	2	2 Stories	7	Modern/Contemp	3018	3	Gas	4	Forced Air-Duc
Holden	1010	Single Fam  MDL-01	2	2 Stories	7	Modern/Contemp	3078	2	Oil	5	Hot Water
Holden	1010	Single Fam  MDL-01	2	2 Stories	7	Modern/Contemp	3197	2	Oil	10	Hydro Air
Holden	1010	Single Fam  MDL-01	2	2 Stories	7	Modern/Contemp	3200	2	Oil	5	Hot Water
Holden	1010	Single Fam  MDL-01	2	2 Stories	7	Modern/Contemp	3244	2	Oil	4	Forced Air-Duc
Holden	1010	Single Fam  MDL-01	2	2 Stories	7	Modern/Contemp	3364	3	Gas	4	Forced Air-Duc
Holden	1010	Single Fam  MDL-01	2	2 Stories	7	Modern/Contemp	3388	2	Oil	5	Hot Water
Holden	1010	Single Fam  MDL-01	2	2 Stories	7	Modern/Contemp	3564	2	Oil	5	Hot Water
Holden	1010	Single Fam  MDL-01	2	2 Stories	7	Modern/Contemp	3602	3	Gas	4	Forced Air-Duc
Holden	1010	Single Fam  MDL-01	2	2 Stories	7	Modern/Contemp	3642	2	Oil	5	Hot Water
Holden	1010	Single Fam  MDL-01	2	2 Stories	7	Modern/Contemp	3653	2	Oil	4	Forced Air-Duc
Holden	1010	Single Fam  MDL-01	2	2 Stories	7	Modern/Contemp	3750	3	Gas	4	Forced Air-Duc
Holden	1010	Single Fam  MDL-01	2	2 Stories	7	Modern/Contemp	3780	3	Gas	5	Hot Water
Holden	1010	Single Fam  MDL-01	2	2 Stories	7	Modern/Contemp	3902	3	Gas	5	Hot Water
Holden	1010	Single Fam  MDL-01	2	2 Stories	7	Modern/Contemp	4025	2	Oil	4	Forced Air-Duc
Holden	1010	Single Fam  MDL-01	2	2 Stories	11	Family Conver.	2397	2	Oil	5	Hot Water
Holden	1010	Single Fam  MDL-01	2	2 Stories	11	Family Conver.	2594	2	Oil	5	Hot Water
Holden	1010	Single Fam  MDL-01	2	2 Stories	11	Family Conver.	2769	2	Oil	5	Hot Water
Holden	1010	Single Fam  MDL-01	2	2 Stories	63	Antique	1368	2	Oil	6	Steam
Holden	1010	Single Fam  MDL-01	2	2 Stories	63	Antique	1662	3	Gas	1	None
Holden	1010	Single Fam  MDL-01	2	2 Stories	63	Antique	1824	2	Oil	5	Hot Water
Holden	1010	Single Fam  MDL-01	2	2 Stories	63	Antique	2030	2	Oil	5	Hot Water
Holden	1010	Single Fam  MDL-01	2	2 Stories	63	Antique	2160	2	Oil	5	Hot Water
Holden	1010	Single Fam  MDL-01	2	2 Stories	63	Antique	2189	2	Oil	5	Hot Water
Holden	1010	Single Fam  MDL-01	2	2 Stories	63	Antique	2256	2	Oil	5	Hot Water
Holden	1010	Single Fam  MDL-01	2	2 Stories	63	Antique	2510	2	Oil	5	Hot Water
Holden	1010	Single Fam  MDL-01	2	2 Stories	63	Antique	2523	2	Oil	6	Steam
Holden	1010	Single Fam  MDL-01	2	2 Stories	63	Antique	2611	2	Oil	5	Hot Water
Holden	1010	Single Fam  MDL-01	2	2 Stories	63	Antique	2872	2	Oil	5	Hot Water
Holden	1010	Single Fam  MDL-01	2	2 Stories	63	Antique	2959	2	Oil	5	Hot Water
Holden	1010	Single Fam  MDL-01	2	2 Stories	63	Antique	3056	2	Oil	6	Steam
Holden	1010	Single Fam  MDL-01	2	2 Stories	63	Antique	3073	2	Oil	5	Hot Water
Holden	1010	Single Fam  MDL-01	2	2 Stories	63	Antique	3096	2	Oil	10	Hydro Air
Holden	1010	Single Fam  MDL-01	2	2 Stories	63	Antique	3181	2	Oil	5	Hot Water
Holden	1010	Single Fam  MDL-01	2	2 Stories	63	Antique	3470	2	Oil	5	Hot Water
Holden	1010	Single Fam  MDL-01	2	2 Stories	63	Antique	3546	2	Oil	5	Hot Water
Holden	1010	Single Fam  MDL-01	2	2 Stories	63	Antique	3552	3	Gas	5	Hot Water
Holden	1010	Single Fam  MDL-01	2	2 Stories	63	Antique	3760	2	Oil	5	Hot Water
Holden	1010	Single Fam  MDL-01	2	5 Stories	3	Colonial	3076	2	Oil	4	Forced Air-Duc
Holden	1010	Single Fam  MDL-01	2.25		6	Conventional	2174	2	Oil	6	Steam
Holden	1010	Single Fam  MDL-01	2.5	2 1/2 Stories	3	Colonial	1792	2	Oil	5	Hot Water
Holden	1010	Single Fam  MDL-01	2.5	2 1/2 Stories	3	Colonial	1944	2	Oil	5	Hot Water
Holden	1010	Single Fam  MDL-01	2.5	2 1/2 Stories	3	Colonial	2050	2	Oil	5	Hot Water
Holden	1010	Single Fam  MDL-01	2.5	2 1/2 Stories	3	Colonial	2174	2	Oil	5	Hot Water
Holden	1010	Single Fam  MDL-01	2.5	2 1/2 Stories	3	Colonial	2270	2	Oil	5	Hot Water
Holden	1010	Single Fam  MDL-01	2.5	2 1/2 Stories	3	Colonial	2368	2	Oil	5	Hot Water
Holden	1010	Single Fam  MDL-01	2.5	2 1/2 Stories	3	Colonial	2411	2	Oil	5	Hot Water
Holden	1010	Single Fam  MDL-01	2.5	2 1/2 Stories	3	Colonial	2553	2	Oil	5	Hot Water
Holden	1010	Single Fam  MDL-01	2.5	2 1/2 Stories	3	Colonial	2620	2	Oil	5	Hot Water
Holden	1010	Single Fam  MDL-01	2.5	2 1/2 Stories	3	Colonial	2626	2	Oil	5	Hot Water
Holden	1010	Single Fam  MDL-01	2.5	2 1/2 Stories	3	Colonial	2681	3	Gas	5	Hot Water
Holden	1010	Single Fam  MDL-01	2.5	2 1/2 Stories	3	Colonial	2729	2	Oil	5	Hot Water
Holden	1010	Single Fam  MDL-01	2.5	2 1/2 Stories	3	Colonial	2786	2	Oil	5	Hot Water
Holden	1010	Single Fam  MDL-01	2.5	2 1/2 Stories	3	Colonial	2802	2	Oil	5	Hot Water
Holden	1010	Single Fam  MDL-01	2.5	2 1/2 Stories	3	Colonial	2935	2	Oil	5	Hot Water
Holden	1010	Single Fam  MDL-01	2.5	2 1/2 Stories	3	Colonial	3119	2	Oil	5	Hot Water
Holden	1010	Single Fam  MDL-01	2.5	2 1/2 Stories	3	Colonial	3246	2	Oil	4	Forced Air-Duc
Holden	1010	Single Fam  MDL-01	2.5	2 1/2 Stories	3	Colonial	3350	2	Oil	5	Hot Water
Holden	1010	Single Fam  MDL-01	2.5	2 1/2 Stories	3	Colonial	3410	2	Oil	5	Hot Water
Holden	1010	Single Fam  MDL-01	2.5	2 1/2 Stories	3	Colonial	3445	2	Oil	4	Forced Air-Duc
Holden	1010	Single Fam  MDL-01	2.5	2 1/2 Stories	3	Colonial	3533	2	Oil	10	Hydro Air
Holden	1010	Single Fam  MDL-01	2.5	2 1/2 Stories	3	Colonial	3536	2	Oil	5	Hot Water
Holden	1010	Single Fam  MDL-01	2.5	2 1/2 Stories	3	Colonial	3539	3	Gas	5	Hot Water
Holden	1010	Single Fam  MDL-01	2.5	2 1/2 Stories	3	Colonial	3543	2	Oil	5	Hot Water
Holden	1010	Single Fam  MDL-01	2.5	2 1/2 Stories	3	Colonial	3596	2	Oil	5	Hot Water
Holden	1010	Single Fam  MDL-01	2.5	2 1/2 Stories	3	Colonial	3615	3	Gas	4	Forced Air-Duc
Holden	1010	Single Fam  MDL-01	2.5	2 1/2 Stories	3	Colonial	3666	3	Gas	4	Forced Air-Duc
Holden	1010	Single Fam  MDL-01	2.5	2 1/2 Stories	3	Colonial	3731	2	Oil	5	Hot Water
Holden	1010	Single Fam  MDL-01	2.5	2 1/2 Stories	3	Colonial	3738	3	Gas	4	Forced Air-Duc
Holden	1010	Single Fam  MDL-01	2.5	2 1/2 Stories	3	Colonial	3820	2	Oil	4	Forced Air-Duc
Holden	1010	Single Fam  MDL-01	2.5	2 1/2 Stories	3	Colonial	3833	2	Oil	5	Hot Water
Holden	1010	Single Fam  MDL-01	2.5	2 1/2 Stories	3	Colonial	3847	3	Gas	4	Forced Air-Duc
Holden	1010	Single Fam  MDL-01	2.5	2 1/2 Stories	3	Colonial	3855	2	Oil	5	Hot Water
Holden	1010	Single Fam  MDL-01	2.5	2 1/2 Stories	3	Colonial	3894	3	Gas	4	Forced Air-Duc
Holden	1010	Single Fam  MDL-01	2.5	2 1/2 Stories	3	Colonial	3953	3	Gas	4	Forced Air-Duc
Holden	1010	Single Fam  MDL-01	2.5	2 1/2 Stories	3	Colonial	3962	3	Gas	5	Hot Water
Holden	1010	Single Fam  MDL-01	2.5	2 1/2 Stories	3	Colonial	4000	2	Oil	5	Hot Water
Holden	1010	Single Fam  MDL-01	2.5	2 1/2 Stories	3	Colonial	4329	2	Oil	5	Hot Water
Holden	1010	Single Fam  MDL-01	2.5	2 1/2 Stories	3	Colonial	4343	2	Oil	5	Hot Water
Holden	1010	Single Fam  MDL-01	2.5	2 1/2 Stories	3	Colonial	4388	2	Oil	5	Hot Water
Holden	1010	Single Fam  MDL-01	2.5	2 1/2 Stories	6	Conventional	2065	2	Oil	6	Steam
Holden	1010	Single Fam  MDL-01	2.5	2 1/2 Stories	6	Conventional	3196	3	Gas	5	Hot Water
Holden	1010	Single Fam  MDL-01	2.5	2 1/2 Stories	6	Conventional	3480	2	Oil	5	Hot Water
Holden	1010	Single Fam  MDL-01	2.5	2 1/2 Stories	7	Modern/Contemp	3218	3	Gas	5	Hot Water
Holden	1010	Single Fam  MDL-01	2.5	2 Stories	3	Colonial	2706	2	Oil	5	Hot Water
Holden	1010	Single Fam  MDL-01	2.5	2 Stories	3	Colonial	4237	2	Oil	4	Forced Air-Duc
Holden	1010	Single Fam  MDL-01	2.75	2 3/4 Stories	3	Colonial	2856	2	Oil	5	Hot Water
Holden	1010	Single Fam  MDL-01	2.75	2 3/4 Stories	3	Colonial	4801	3	Gas	5	Hot Water
Holden	1010	Single Fam  MDL-01	2.75	2 3/4 Stories	3	Colonial	5022	3	Gas	4	Forced Air-Duc
Holden	1010	Single Fam  MDL-01	3	2 Stories	6	Conventional	3709	2	Oil	6	Steam
Holden	1010	Single Fam  MDL-01	3	3 Stories	3	Colonial	3010	4	Electric	7	Radiant-Elec.
Holden	1010	Single Fam  MDL-01	3	3 Stories	7	Modern/Contemp	2448	2	Oil	5	Hot Water
Holden	1010	Single Fam  MDL-01	5	5 Stories	3	Colonial	2488	2	Oil	4	Forced Air-Duc
Holden	1013	INN	2	2 Stories	92	INN	2912	2	Oil	6	Steam
Holden	1040	TWO FAMILY	1	1 Story	1	Ranch	2182	2	Oil	5	Hot Water
Holden	1040	TWO FAMILY	1	1 Story	10	Family Duplex	1500	2	Oil	5	Hot Water
Holden	1040	TWO FAMILY	1	1 Story	11	Family Conver.	1002	4	Electric	7	Radiant-Elec.
Holden	1040	TWO FAMILY	1	1 Story	11	Family Conver.	1584	2	Oil	5	Hot Water
Holden	1040	TWO FAMILY	1	1 Story	11	Family Conver.	1600	4	Electric	7	Radiant-Elec.
Holden	1040	TWO FAMILY	1	1 Story	11	Family Conver.	1742	2	Oil	6	Steam
Holden	1040	TWO FAMILY	1	1 Story	11	Family Conver.	2615	2	Oil	5	Hot Water
Holden	1040	TWO FAMILY	1.5	1 1/2 Stories	10	Family Duplex	1802	3	Gas	4	Forced Air-Duc
Holden	1040	TWO FAMILY	1.5	1 1/2 Stories	10	Family Duplex	1827	2	Oil	5	Hot Water
Holden	1040	TWO FAMILY	1.5	1 1/2 Stories	10	Family Duplex	1960	3	Gas	6	Steam
Holden	1040	TWO FAMILY	1.5	1 1/2 Stories	11	Family Conver.	1228	2	Oil	5	Hot Water
Holden	1040	TWO FAMILY	1.5	1 1/2 Stories	11	Family Conver.	1593	2	Oil	6	Steam
Holden	1040	TWO FAMILY	1.5	1 1/2 Stories	11	Family Conver.	1618	2	Oil	5	Hot Water
Holden	1040	TWO FAMILY	1.5	1 1/2 Stories	11	Family Conver.	1762	2	Oil	5	Hot Water
Holden	1040	TWO FAMILY	1.5	1 1/2 Stories	11	Family Conver.	1837	2	Oil	5	Hot Water
Holden	1040	TWO FAMILY	1.5	1 1/2 Stories	11	Family Conver.	1851	2	Oil	5	Hot Water
Holden	1040	TWO FAMILY	1.5	1 1/2 Stories	11	Family Conver.	2045	3	Gas	5	Hot Water
Holden	1040	TWO FAMILY	1.5	1 1/2 Stories	11	Family Conver.	2091	2	Oil	5	Hot Water
Holden	1040	TWO FAMILY	1.5	1 1/2 Stories	11	Family Conver.	2131	2	Oil	6	Steam
Holden	1040	TWO FAMILY	1.5	1 1/2 Stories	11	Family Conver.	2140	2	Oil	4	Forced Air-Duc
Holden	1040	TWO FAMILY	1.5	1 1/2 Stories	11	Family Conver.	2245	2	Oil	5	Hot Water
Holden	1040	TWO FAMILY	1.5	1 1/2 Stories	11	Family Conver.	2522	2	Oil	5	Hot Water
Holden	1040	TWO FAMILY	1.5	1 1/2 Stories	11	Family Conver.	2643	2	Oil	5	Hot Water
Holden	1040	TWO FAMILY	1.5	2 Stories	9	Family Flat	2031	2	Oil	5	Hot Water
Holden	1040	TWO FAMILY	1.75	1 3/4 Stories	10	Family Duplex	2187	2	Oil	5	Hot Water
Holden	1040	TWO FAMILY	1.75	1 3/4 Stories	11	Family Conver.	1901	2	Oil	4	Forced Air-Duc
Holden	1040	TWO FAMILY	2	2 Stories	9	Family Flat	1748	2	Oil	5	Hot Water
Holden	1040	TWO FAMILY	2	2 Stories	9	Family Flat	2544	2	Oil	5	Hot Water
Holden	1040	TWO FAMILY	2	2 Stories	10	Family Duplex	1740	2	Oil	5	Hot Water
Holden	1040	TWO FAMILY	2	2 Stories	10	Family Duplex	1936	8	Wood	1	None
Holden	1040	TWO FAMILY	2	2 Stories	10	Family Duplex	2040	2	Oil	5	Hot Water
Holden	1040	TWO FAMILY	2	2 Stories	10	Family Duplex	2162	2	Oil	5	Hot Water
Holden	1040	TWO FAMILY	2	2 Stories	10	Family Duplex	2428	2	Oil	5	Hot Water
Holden	1040	TWO FAMILY	2	2 Stories	10	Family Duplex	2482	2	Oil	5	Hot Water
Holden	1040	TWO FAMILY	2	2 Stories	10	Family Duplex	2516	2	Oil	6	Steam
Holden	1040	TWO FAMILY	2	2 Stories	10	Family Duplex	2794	3	Gas	4	Forced Air-Duc
Holden	1040	TWO FAMILY	2	2 Stories	10	Family Duplex	2950	2	Oil	5	Hot Water
Holden	1040	TWO FAMILY	2	2 Stories	10	Family Duplex	3024	7	Propane	4	Forced Air-Duc
Holden	1040	TWO FAMILY	2	2 Stories	11	Family Conver.	1200	3	Gas	5	Hot Water
Holden	1040	TWO FAMILY	2	2 Stories	11	Family Conver.	1726	2	Oil	5	Hot Water
Holden	1040	TWO FAMILY	2	2 Stories	11	Family Conver.	1792	2	Oil	5	Hot Water
Holden	1040	TWO FAMILY	2	2 Stories	11	Family Conver.	1836	2	Oil	5	Hot Water
Holden	1040	TWO FAMILY	2	2 Stories	11	Family Conver.	1952	2	Oil	5	Hot Water
Holden	1040	TWO FAMILY	2	2 Stories	11	Family Conver.	2067	2	Oil	5	Hot Water
Holden	1040	TWO FAMILY	2	2 Stories	11	Family Conver.	2102	3	Gas	5	Hot Water
Holden	1040	TWO FAMILY	2	2 Stories	11	Family Conver.	2146	2	Oil	6	Steam
Holden	1040	TWO FAMILY	2	2 Stories	11	Family Conver.	2180	2	Oil	5	Hot Water
Holden	1040	TWO FAMILY	2	2 Stories	11	Family Conver.	2184	2	Oil	5	Hot Water
Holden	1040	TWO FAMILY	2	2 Stories	11	Family Conver.	2214	2	Oil	5	Hot Water
Holden	1040	TWO FAMILY	2	2 Stories	11	Family Conver.	2252	3	Gas	5	Hot Water
Holden	1040	TWO FAMILY	2	2 Stories	11	Family Conver.	2390	2	Oil	6	Steam
Holden	1040	TWO FAMILY	2	2 Stories	11	Family Conver.	2440	2	Oil	6	Steam
Holden	1040	TWO FAMILY	2	2 Stories	11	Family Conver.	2446	2	Oil	6	Steam
Holden	1040	TWO FAMILY	2	2 Stories	11	Family Conver.	2466	2	Oil	5	Hot Water
Holden	1040	TWO FAMILY	2	2 Stories	11	Family Conver.	2524	2	Oil	5	Hot Water
Holden	1040	TWO FAMILY	2	2 Stories	11	Family Conver.	2554	2	Oil	6	Steam
Holden	1040	TWO FAMILY	2	2 Stories	11	Family Conver.	2568	2	Oil	5	Hot Water
Holden	1040	TWO FAMILY	2	2 Stories	11	Family Conver.	2599	2	Oil	6	Steam
Holden	1040	TWO FAMILY	2	2 Stories	11	Family Conver.	2704	2	Oil	5	Hot Water
Holden	1040	TWO FAMILY	2	2 Stories	11	Family Conver.	2746	2	Oil	6	Steam
Holden	1040	TWO FAMILY	2	2 Stories	11	Family Conver.	2916	2	Oil	5	Hot Water
Holden	1040	TWO FAMILY	2	2 Stories	11	Family Conver.	2972	2	Oil	5	Hot Water
Holden	1040	TWO FAMILY	2	2 Stories	11	Family Conver.	3025	3	Gas	5	Hot Water
Holden	1040	TWO FAMILY	2	2 Stories	11	Family Conver.	3192	2	Oil	6	Steam
Holden	1040	TWO FAMILY	2	2 Stories	11	Family Conver.	3793	2	Oil	5	Hot Water
Holden	1040	TWO FAMILY	2.5	2 1/2 Stories	9	Family Flat	2703	2	Oil	5	Hot Water
Holden	1040	TWO FAMILY	2.5	2 1/2 Stories	9	Family Flat	3742	3	Gas	5	Hot Water
Holden	1040	TWO FAMILY	2.5	2 Stories	11	Family Conver.	2948	2	Oil	5	Hot Water
Holden	1040	TWO FAMILY	3	3 Stories	11	Family Conver.	4251	2	Oil	6	Steam
Holden	1050	THREE FAM	1	1 Story	11	Family Conver.	896	2	Oil	5	Hot Water
Holden	1050	THREE FAM	1	1 Story	11	Family Conver.	2686	4	Electric	7	Radiant-Elec.
Holden	1050	THREE FAM	1	1 Story	11	Family Conver.	3432	7	Propane	6	Steam
Holden	1050	THREE FAM	1.5	1 1/2 Stories	6	Conventional	2300	3	Gas	4	Forced Air-Duc
Holden	1050	THREE FAM	1.5	1 1/2 Stories	11	Family Conver.	2109	2	Oil	5	Hot Water
Holden	1050	THREE FAM	1.5	1 1/2 Stories	11	Family Conver.	2335	2	Oil	5	Hot Water
Holden	1050	THREE FAM	1.5	1 1/2 Stories	11	Family Conver.	3806	2	Oil	6	Steam
Holden	1050	THREE FAM	2	2 Stories	3	Colonial	2535	3	Gas	5	Hot Water
Holden	1050	THREE FAM	2	2 Stories	11	Family Conver.	2600	2	Oil	5	Hot Water
Holden	1050	THREE FAM	2	2 Stories	11	Family Conver.	2840	2	Oil	5	Hot Water
Holden	1050	THREE FAM	2	2 Stories	11	Family Conver.	2880	2	Oil	6	Steam
Holden	1050	THREE FAM	2	2 Stories	11	Family Conver.	3006	3	Gas	4	Forced Air-Duc
Holden	1050	THREE FAM	2	2 Stories	11	Family Conver.	3105	3	Gas	4	Forced Air-Duc
Holden	1050	THREE FAM	2	2 Stories	11	Family Conver.	3229	2	Oil	5	Hot Water
Holden	1050	THREE FAM	2	2 Stories	11	Family Conver.	3792	2	Oil	5	Hot Water
Holden	1050	THREE FAM	2.5	2 1/2 Stories	11	Family Conver.	2068	2	Oil	5	Hot Water
Holden	1050	THREE FAM	2.5	2 Stories	11	Family Conver.	2964	2	Oil	5	Hot Water
Holden	1050	THREE FAM	2.5	2 Stories	11	Family Conver.	4282	2	Oil	5	Hot Water
Holden	1050	THREE FAM	3	2 Stories	6	Conventional	2744	2	Oil	5	Hot Water
Holden	1050	THREE FAM	3	3 Stories	11	Family Conver.	2627	2	Oil	5	Hot Water
Holden	1090	MULTI HSES	1	1 Story	1	Ranch	405	2	Oil	4	Forced Air-Duc
Holden	1090	MULTI HSES	1	1 Story	1	Ranch	528	3	Gas	5	Hot Water
Holden	1090	MULTI HSES	1	1 Story	1	Ranch	548	4	Electric	7	Radiant-Elec.
Holden	1090	MULTI HSES	1	1 Story	1	Ranch	614	4	Electric	5	Hot Water
Holden	1090	MULTI HSES	1	1 Story	1	Ranch	616	2	Oil	5	Hot Water
Holden	1090	MULTI HSES	1	1 Story	1	Ranch	624	2	Oil	5	Hot Water
Holden	1090	MULTI HSES	1	1 Story	1	Ranch	646	2	Oil	3	Hot Air-no Duc
Holden	1090	MULTI HSES	1	1 Story	1	Ranch	652	2	Oil	4	Forced Air-Duc
Holden	1090	MULTI HSES	1	1 Story	1	Ranch	716	2	Oil	5	Hot Water
Holden	1090	MULTI HSES	1	1 Story	1	Ranch	718	6	None	1	None
Holden	1090	MULTI HSES	1	1 Story	1	Ranch	725	2	Oil	4	Forced Air-Duc
Holden	1090	MULTI HSES	1	1 Story	1	Ranch	750	2	Oil	5	Hot Water
Holden	1090	MULTI HSES	1	1 Story	1	Ranch	825	3	Gas	5	Hot Water
Holden	1090	MULTI HSES	1	1 Story	1	Ranch	872	4	Electric	4	Forced Air-Duc
Holden	1090	MULTI HSES	1	1 Story	1	Ranch	924	2	Oil	5	Hot Water
Holden	1090	MULTI HSES	1	1 Story	1	Ranch	1104	2	Oil	5	Hot Water
Holden	1090	MULTI HSES	1	1 Story	1	Ranch	1230	4	Electric	7	Radiant-Elec.
Holden	1090	MULTI HSES	1	1 Story	1	Ranch	1426	2	Oil	5	Hot Water
Holden	1090	MULTI HSES	1	1 Story	1	Ranch	1450	2	Oil	5	Hot Water
Holden	1090	MULTI HSES	1	1 Story	1	Ranch	3376	2	Oil	5	Hot Water
Holden	1090	MULTI HSES	1	1 Story	4	Cape Cod	2006	2	Oil	5	Hot Water
Holden	1090	MULTI HSES	1	1 Story	5	Bungalow	820	2	Oil	4	Forced Air-Duc
Holden	1090	MULTI HSES	1	1 Story	6	Conventional	513	3	Gas	4	Forced Air-Duc
Holden	1090	MULTI HSES	1	1 Story	6	Conventional	760	2	Oil	5	Hot Water
Holden	1090	MULTI HSES	1	1 Story	6	Conventional	911	3	Gas	4	Forced Air-Duc
Holden	1090	MULTI HSES	1.5	1 1/2 Stories	3	Colonial	922	2	Oil	5	Hot Water
Holden	1090	MULTI HSES	1.5	1 1/2 Stories	4	Cape Cod	1109	2	Oil	4	Forced Air-Duc
Holden	1090	MULTI HSES	1.5	1 1/2 Stories	4	Cape Cod	1544	8	Wood	5	Hot Water
Holden	1090	MULTI HSES	1.5	1 1/2 Stories	4	Cape Cod	1790	2	Oil	5	Hot Water
Holden	1090	MULTI HSES	1.5	1 1/2 Stories	4	Cape Cod	2057	2	Oil	5	Hot Water
Holden	1090	MULTI HSES	1.5	1 1/2 Stories	6	Conventional	1175	2	Oil	5	Hot Water
Holden	1090	MULTI HSES	1.5	1 1/2 Stories	6	Conventional	1204	2	Oil	5	Hot Water
Holden	1090	MULTI HSES	1.5	1 1/2 Stories	6	Conventional	1651	2	Oil	6	Steam
Holden	1090	MULTI HSES	1.5	1 1/2 Stories	6	Conventional	1739	4	Electric	7	Radiant-Elec.
Holden	1090	MULTI HSES	1.75	1 3/4 Stories	4	Cape Cod	2309	3	Gas	5	Hot Water
Holden	1090	MULTI HSES	2		11	Family Conver.	1500	2	Oil	5	Hot Water
Holden	1090	MULTI HSES	2	2 Stories	3	Colonial	3753	2	Oil	5	Hot Water
Holden	1090	MULTI HSES	2	2 Stories	4	Cape Cod	1849	2	Oil	6	Steam
Holden	1090	MULTI HSES	2	2 Stories	6	Conventional	2152	2	Oil	5	Hot Water
Holden	1090	MULTI HSES	2	2 Stories	11	Family Conver.	3020	2	Oil	5	Hot Water
Holden	1090	MULTI HSES	2	2 Stories	11	Family Conver.	3657	2	Oil	5	Hot Water
Holden	1110	APT 4-UNT	1.5	1 1/2 Stories	60	Apt Resid/Sm	4374	2	Oil	5	Hot Water
Holden	1110	APT 4-UNT	1.75	1 3/4 Stories	60	Apt Resid/Sm	2731	2	Oil	5	Hot Water
Holden	1110	APT 4-UNT	2	2 Stories	60	Apt Resid/Sm	2460	2	Oil	5	Hot Water
Holden	1110	APT 4-UNT	2	2 Stories	60	Apt Resid/Sm	2460	2	Oil	5	Hot Water
Holden	1110	APT 4-UNT	2	2 Stories	60	Apt Resid/Sm	3372	2	Oil	5	Hot Water
Holden	1110	APT 4-UNT	2	2 Stories	60	Apt Resid/Sm	3448	2	Oil	6	Steam
Holden	1110	APT 4-UNT	2	2 Stories	60	Apt Resid/Sm	3576	2	Oil	5	Hot Water
Holden	1110	APT 4-UNT	2	2 Stories	60	Apt Resid/Sm	3640	2	Oil	3	Hot Air-no Duc
Holden	1110	APT 4-UNT	2	2 Stories	60	Apt Resid/Sm	3640	2	Oil	3	Hot Air-no Duc
Holden	1110	APT 4-UNT	2	2 Stories	60	Apt Resid/Sm	4023	2	Oil	6	Steam
Holden	1110	APT 4-UNT	2	2 Stories	60	Apt Resid/Sm	4216	3	Gas	6	Steam
Holden	1110	APT 4-UNT	2	2 Stories	60	Apt Resid/Sm	4612	4	Electric	7	Radiant-Elec.
Holden	1110	APT 4-UNT	2	2 Stories	60	Apt Resid/Sm	4612	4	Electric	7	Radiant-Elec.
Holden	1110	APT 4-UNT	2	2 Stories	60	Apt Resid/Sm	4832	2	Oil	5	Hot Water
Holden	1110	APT 4-UNT	2	2 Stories	60	Apt Resid/Sm	5313	2	Oil	5	Hot Water
Holden	1110	APT 4-UNT	2	2 Stories	60	Apt Resid/Sm	5400	2	Oil	5	Hot Water
Holden	1110	APT 4-UNT	2	2 Stories	60	Apt Resid/Sm	6792	4	Electric	7	Radiant-Elec.
Holden	1300	RES ACLNDV					0				
Holden	1300	RES ACLNDV			99	Vacant Land	0				
Holden	1300	RES ACLNDV			99	Vacant Land	0				
Holden	1300	RES ACLNDV			99	Vacant Land	0				
Holden	1300	RES ACLNDV			99	Vacant Land	0				
Holden	1300	RES ACLNDV			99	Vacant Land	0				
Holden	1300	RES ACLNDV			99	Vacant Land	0				
Holden	1300	RES ACLNDV			99	Vacant Land	0				
Holden	1300	RES ACLNDV			99	Vacant Land	0				
Holden	1300	RES ACLNDV			99	Vacant Land	0				
Holden	1300	RES ACLNDV			99	Vacant Land	0				
Holden	1300	RES ACLNDV			99	Vacant Land	0				
Holden	1300	RES ACLNDV			99	Vacant Land	0				
Holden	1300	RES ACLNDV			99	Vacant Land	0				
Holden	1310	RES ACLNPO			99	Vacant Land	0				
Holden	1310	RES ACLNPO			99	Vacant Land	0				
Holden	1320	RES ACLNUD					0				
Holden	1320	RES ACLNUD					0				
Holden	1320	RES ACLNUD			99	Vacant Land	0				
Holden	1320	RES ACLNUD			99	Vacant Land	0				
Holden	1320	RES ACLNUD			99	Vacant Land	0				
Holden	1320	RES ACLNUD			99	Vacant Land	0				
Holden	1320	RES ACLNUD			99	Vacant Land	0				
Holden	1320	RES ACLNUD			99	Vacant Land	0				
Holden	1320	RES ACLNUD			99	Vacant Land	0				
Holden	1320	RES ACLNUD			99	Vacant Land	0				
Holden	1400	CHILD CARE	1	1 Story	45	Daycare	1124	2	Oil	4	Forced Air-Duc
Holden	1400	CHILD CARE	1	1 Story	45	Daycare	1535	2	Oil	5	Hot Water
Holden	1400	CHILD CARE	1	1 Story	45	Daycare	2612	2	Oil	5	Hot Water
Holden	931R	IMP SELECTMN MDL-01	1.5	1 1/2 Stories	63	Antique	1644	2	Oil	6	Steam
Holden	957R	CHARIT ORG  MDL-01	1	1 Story	4	Cape Cod	918	2	Oil	5	Hot Water
Holden	957R	CHARIT ORG  MDL-01	1	1 Story	36	Camp	288	1	No Central	1	None
Holden	957R	CHARIT ORG  MDL-01	1	1 Story	36	Camp	399	1	No Central	1	None
Holden	957R	CHARIT ORG  MDL-01	1	1 Story	36	Camp	768	1	No Central	1	None
Holden	957R	CHARIT ORG  MDL-01	1	1 Story	36	Camp	1224	1	No Central	1	None
Holden	957R	CHARIT ORG  MDL-01	1	1 Story	36	Camp	2220	1	No Central	1	None
Holden	959R	HSNG/OTHER  MDL-01	1		1	Ranch	2336	2	Oil	4	Forced Air-Duc
Holden	959R	HSNG/OTHER  MDL-01	1		1	Ranch	2548	3	Gas	4	Forced Air-Duc
Holden	959R	HSNG/OTHER  MDL-01	1	1 Story	1	Ranch	1966	2	Oil	10	Hydro Air
Holden	959R	HSNG/OTHER  MDL-01	1	1 Story	1	Ranch	2058	2	Oil	5	Hot Water
Holden	959R	HSNG/OTHER  MDL-01	1	1 Story	1	Ranch	2149	3	Gas	4	Forced Air-Duc
Holden	959R	HSNG/OTHER  MDL-01	1	1 Story	1	Ranch	2678	2	Oil	5	Hot Water
Holden	959R	HSNG/OTHER  MDL-01	1	1 Story	1	Ranch	2767	2	Oil	4	Forced Air-Duc
Holden	959R	HSNG/OTHER  MDL-01	1	1 Story	1	Ranch	2966	2	Oil	4	Forced Air-Duc
Holden	959R	HSNG/OTHER  MDL-01	1	1 Story	1	Ranch	3150	2	Oil	4	Forced Air-Duc
Holden	959R	HSNG/OTHER  MDL-01	1	1 Story	1	Ranch	3290	2	Oil	5	Hot Water
Holden	959R	HSNG/OTHER  MDL-01	2	2 Stories	3	Colonial	3671	2	Oil	5	Hot Water
Holden	960R	CHURCH ETC  MDL-01	2	2 Stories	6	Conventional	2062	2	Oil	6	Steam
Holden	960R	CHURCH ETC  MDL-01	2	2 Stories	6	Conventional	3045	2	Oil	6	Steam
Holden	961R	PARSONAGE MDL-01	1	1 Story	1	Ranch	2853	2	Oil	5	Hot Water
Holden	961R	PARSONAGE MDL-01	1	1 Story	6	Conventional	1151	2	Oil	5	Hot Water
Holden	961R	PARSONAGE MDL-01	1	1 Story	8	Raised Ranch	1566	2	Oil	5	Hot Water
Holden	961R	PARSONAGE MDL-01	1.5	1 1/2 Stories	4	Cape Cod	1685	2	Oil	5	Hot Water
Holden	961R	PARSONAGE MDL-01	2		3	Colonial	2701	3	Gas	4	Forced Air-Duc
Holden	961R	PARSONAGE MDL-01	2	2 Stories	3	Colonial	1929	2	Oil	5	Hot Water
Holden	961R	PARSONAGE MDL-01	2	2 Stories	3	Colonial	2172	2	Oil	5	Hot Water
Holden	961R	PARSONAGE MDL-01	2	2 Stories	6	Conventional	1890	2	Oil	6	Steam
Holden	9810	"IMPROV, SELECT OT"	2	2 Stories	11	Family Conver.	3708	2	Oil	5	Hot Water
