"USECODE","FUELTYPE","AREASQ","STORYHEIGHT"
"102","Electric",587,2
"102","Electric",587,2
"102","Electric",587,2
"102","Electric",587,2
"102","Gas",613,2
"102","Electric",900,2
"102","Electric",900,2
"102","Electric",900,2
"102","Electric",1000,2
"102","Electric",1000,2
"102","Gas",708,1
"102","Gas",680,2
"102","Gas",1298,1.5
"102","Gas",1271,1.5
"102","Electric",1002,1
"102","Electric",990,1
"102","Electric",992,1
"102","Electric",997,1
"102","Electric",991,1
"102","Electric",988,1
"102","Electric",1015,1
"102","Electric",1001,1
"102","Electric",985,1
"102","Electric",983,1
"102","Electric",985,1
"102","Electric",988,1
"102","Electric",988,1
"102","Electric",985,1
"102","Electric",983,1
"102","Electric",985,1
"102","Electric",999,1
"102","Electric",986,1
"102","Electric",1007,1
"102","Electric",986,1
"102","Electric",990,1
"102","Electric",990,1
"102","Electric",992,1
"102","Electric",987,1
"102","Electric",1020,1
"102","Electric",1001,1
"102","Electric",985,1
"102","Electric",983,1
"102","Electric",985,1
"102","Electric",988,1
"102","Electric",988,1
"102","Electric",985,1
"102","Electric",983,1
"102","Electric",985,1
"102","Electric",999,1
"102","Electric",986,1
"102","Electric",1010,1
"102","Electric",985,1
"102","Electric",989,1
"102","Electric",991,1
"102","Electric",991,1
"102","Electric",990,1
"102","Electric",1020,1
"102","Electric",1001,1
"102","Electric",985,1
"102","Electric",983,1
"102","Electric",985,1
"102","Electric",988,1
"102","Electric",988,1
"102","Electric",985,1
"102","Electric",983,1
"102","Electric",985,1
"102","Electric",999,1
"102","Electric",981,1
"102","Electric",1010,1
"102","Electric",988,1
"102","Electric",987,1
"102","Electric",992,1
"102","Electric",990,1
"102","Electric",988,1
"102","Electric",1019,1
"102","Electric",1001,1
"102","Electric",985,1
"102","Electric",983,1
"102","Electric",985,1
"102","Electric",988,1
"102","Electric",988,1
"102","Electric",985,1
"102","Electric",983,1
"102","Electric",985,1
"102","Electric",999,1
"102","Oil",1025,1
"102","Electric",1025,1
"102","Oil",513,1
"322","Oil",3158,1
"102","Electric",1280,2.25
"102","Electric",1280,2.25
"102","Electric",1280,2.25
"102","Electric",1280,2.25
"102","Electric",1088,2.25
"102","Electric",1088,2.25
"102","Electric",1190,2.25
"102","Electric",1088,2.25
"102","Electric",1190,2.25
"102","Electric",1190,2.25
"102","Electric",1190,2.25
"102","Electric",1190,2.25
"102","Electric",1088,2.25
"102","Electric",1120,2.25
"102","Electric",1088,2.25
"102","Electric",1088,2.25
"102","Electric",1190,2.25
"102","Electric",1190,2.25
"102","Electric",1190,2.25
"102","Electric",1190,2.25
"102","Electric",1280,2.25
"102","Electric",1280,2.25
"102","Electric",1280,2.25
"102","Electric",1280,2.25
"102","Oil",1558,2.25
"013","Oil",1598,2
"013","Oil",1595,2
"102","Electric",886,2
"102","Electric",887,2
"102","Electric",921,2
"102","Oil",932,2
"102","Electric",922,2
"102","Electric",1080,2
"102","Electric",1080,2
"102","Electric",1080,2
"102","Electric",1080,2
"102","Oil",864,1
"102","Oil",1038,1.5
"102","Electric",1100,2
"102","Electric",1100,2
"102","Gas",1320,2
"102","Gas",1320,2
"102","Gas",1320,2
"102","Gas",1320,2
"102","Gas",1320,2
"102","Gas",1320,2
"102","Gas",1320,2
"102","Gas",1320,2
"102","Gas",1320,2
"102","Gas",1320,2
"102","Gas",1320,2
"102","Gas",1320,2
"102","Gas",1320,2
"102","Gas",1320,2
"102","Gas",1320,2
"102","Gas",1320,2
"102","Gas",1320,2
"102","Gas",1320,2
"102","Gas",1320,2
"102","Gas",1320,2
"102","Gas",1320,2
"102","Gas",1320,2
"102","Gas",1320,2
"102","Gas",1320,2
"102","Electric",1470,2
"102","Electric",1228,2
"102","Electric",1228,2
"102","Electric",1228,2
"102","Electric",1228,2
"102","Electric",1347,2
"102","Electric",1228,2
"102","Electric",1228,2
"102","Electric",1228,2
"102","Electric",1234,2
"102","Electric",1228,2
"102","Electric",1228,2
"102","Electric",1228,2
"102","Electric",1228,2
"102","Electric",1470,2
"102","Electric",1228,2
"102","Electric",1351,2
"102","Electric",986,1
"102","Electric",986,1
"102","Electric",975,1
"102","Electric",975,1
"102","Electric",986,1
"102","Electric",986,1
"102","Electric",975,1
"102","Electric",975,1
"102","Electric",975,1
"102","Electric",975,1
"102","Electric",950,1
"102","Electric",927,2
"102","Electric",927,2
"102","Electric",927,2
"102","Electric",927,2
"102","Electric",927,2
"102","Electric",927,2
"102","Electric",927,2
"102","Electric",927,2
"102","Electric",927,2
"102","Electric",927,2
"102","Electric",927,2
"102","Electric",927,2
"102","Electric",927,2
"102","Electric",927,2
"102","Electric",927,2
"102","Electric",927,2
"102","Electric",927,2
"102","Electric",927,2
"102","Electric",927,2
"102","Electric",927,2
"102","Electric",927,2
"102","Electric",927,2
"102","Electric",918,1
"102","Electric",951,1
"102","Electric",914,1
"102","Electric",932,1
"102","Electric",962,1
"102","Electric",936,1
"102","Electric",933,1
"102","Electric",967,1
"102","Electric",930,1
"102","Electric",936,1
"102","Electric",968,1
"102","Electric",943,1
"102","Electric",935,1
"102","Electric",968,1
"102","Electric",930,1
"102","Electric",902,1
"102","Electric",904,1
"102","Electric",926,1
"102","Electric",925,1
"102","Electric",939,1
"102","Electric",942,1
"102","Electric",937,1
"102","Electric",935,1
"102","Electric",941,1
"102","Electric",943,1
"102","Electric",1040,2
"102","Electric",1040,2
"102","Electric",927,2
"102","Electric",927,2
"102","Electric",927,2
"102","Electric",927,2
"102","Electric",927,2
"102","Electric",927,2
"102","Electric",927,2
"102","Electric",927,2
"102","Electric",927,2
"102","Electric",927,2
"102","Electric",927,2
"102","Electric",927,2
"102","Electric",927,2
"102","Electric",927,2
"102","Electric",927,2
"102","Electric",927,2
"102","Electric",927,2
"102","Electric",927,2
"102","Electric",927,2
"102","Electric",927,2
"102","Electric",927,2
"102","Electric",927,2
"102","Electric",927,2
"102","Electric",927,2
"102","Electric",927,2
"102","Electric",927,2
"102","Electric",927,2
"102","Electric",927,2
"102","Electric",927,2
"102","Electric",927,2
"102","Electric",927,2
"102","Electric",927,2
"102","Electric",927,2
"102","Electric",927,2
"102","Electric",927,2
"102","Electric",927,2
"102","Electric",927,2
"102","Electric",927,2
"102","Electric",927,2
"102","Electric",927,2
"102","Electric",927,2
"102","Electric",927,2
"102","Electric",927,2
"102","Electric",927,2
"102","Electric",927,2
"102","Electric",927,2
"102","Electric",927,2
"102","Electric",927,2
"102","Electric",927,2
"102","Electric",927,2
"102","Electric",927,2
"102","Electric",927,2
"102","Electric",927,2
"102","Electric",927,2
"102","Electric",927,2
"102","Electric",927,2
"102","Electric",927,2
"102","Electric",927,2
"102","Electric",927,2
"102","Electric",927,2
"102","Electric",927,2
"102","Electric",927,2
"102","Electric",927,2
"102","Electric",927,2
"102","Electric",927,2
"102","Electric",927,2
"102","Electric",927,2
"102","Electric",927,2
"102","Electric",927,2
"102","Electric",927,2
"102","Electric",927,2
"102","Electric",927,2
"102","Electric",927,2
"102","Electric",927,2
"102","Electric",927,2
"102","Electric",927,2
"102","Electric",927,2
"102","Electric",927,2
"102","Electric",927,2
"102","Electric",927,2
"102","Electric",927,2
"102","Electric",927,2
"102","Electric",927,2
"102","Electric",927,2
"102","Electric",927,2
"102","Electric",927,2
"102","Electric",927,2
"102","Electric",927,2
"102","Electric",927,2
"102","Electric",927,2
"102","Electric",927,2
"102","Electric",927,2
"102","Electric",927,2
"102","Electric",927,2
"102","Electric",927,2
"102","Electric",927,2
"102","Electric",927,2
"102","Electric",927,2
"102","Electric",927,2
"102","Electric",927,2
"102","Electric",927,2
"102","Electric",927,2
"102","Electric",927,2
"102","Electric",927,2
"102","Electric",927,2
"102","Electric",927,2
"102","Electric",927,2
"102","Electric",927,2
"102","Electric",927,2
"102","Electric",927,2
"102","Electric",927,2
"102","Electric",927,2
"102","Electric",927,2
"102","Electric",927,2
"102","Gas",1162,2.25
"102","Gas",1458,2.25
"102","Gas",1458,2.25
"102","Gas",1458,2.25
"102","Gas",1458,2.25
"102","Gas",1458,2.25
"102","Gas",1458,2.25
"102","Gas",1458,2.25
"102","Gas",1458,2.25
"102","Gas",1458,2.25
"102","Gas",1458,2.25
"102","Gas",1458,2.25
"102","Gas",1458,2.25
"102","Gas",1458,2.25
"102","Gas",1458,2.25
"102","Gas",1458,2.25
"102","Gas",1458,2.25
"102","Gas",1458,2.25
"102","Gas",1458,2.25
"102","Gas",1458,2.25
"102","Gas",1458,2.25
"102","Gas",1458,2.25
"102","Gas",1458,2.25
"102","Gas",1449,2.25
"102","Gas",1458,2.25
"102","Gas",1458,2.25
"102","Gas",1458,2.25
"102","Gas",1458,2.25
"102","Gas",1458,2.25
"102","Gas",1458,2.25
"102","Gas",1458,2.25
"102","Gas",1458,2.25
"102","Gas",1458,2.25
"102","Gas",1458,2.25
"102","Gas",1458,2.25
"102","Gas",1458,2.25
"102","Gas",1458,2.25
"102","Gas",1458,2.25
"102","Gas",1458,2.25
"102","Gas",1458,2.25
"102","Gas",1458,2.25
"102","Electric",1040,2
"102","Electric",1040,2
"102","Electric",1040,2
"102","Electric",1040,2
"102","Electric",1040,2
"102","Electric",1040,2
"102","Electric",1040,2
"102","Electric",1040,2
"102","Electric",1206,2.25
"102","Gas",1206,2.25
"102","Electric",1206,2.25
"102","Electric",1206,2.25
"102","Electric",1206,2.25
"102","Electric",1206,2.25
"102","Electric",1206,2.25
"102","Electric",1206,2.25
"102","Electric",1206,2.25
"102","Electric",1206,2.25
"102","Electric",1206,2.25
"102","Electric",1206,2.25
"102","Electric",900,1
"102","Electric",860,1
"102","Electric",900,1
"102","Electric",1143,1
"102","Electric",1076,2.25
"102","Electric",1076,2.25
"102","Electric",1143,2.25
"102","Electric",1143,2.25
"102","Electric",1143,2.25
"102","Electric",1143,2.25
"102","Electric",1143,2.25
"102","Electric",920,2.25
"102","Electric",884,2.25
"102","Electric",864,2.25
"102","Electric",854,2.25
"102","Electric",897,2.25
"102","Electric",906,2.25
"102","Electric",1079,2.25
"102","Electric",1079,2.25
"102","Electric",1070,2.25
"102","Electric",1071,2.25
"102","Electric",1065,2.25
"102","Electric",1070,2.25
"102","Electric",1073,2.25
"102","Electric",1071,2.25
"102","Electric",1069,2.25
"102","Electric",1075,2.25
"102","Electric",1072,2.25
"102","Electric",1071,2.25
"102","Electric",1118,2.25
"102","Electric",1073,2.25
"102","Electric",1079,2.25
"102","Electric",1079,2.25
"102","Electric",1258,2.25
"102","Electric",1258,2.25
"102","Electric",1258,2.25
"102","Electric",1258,2.25
"102","Electric",1258,2.25
"102","Electric",1258,2.25
"102","Electric",1258,2.25
"102","Electric",1258,2.25
"102","Electric",1258,2.25
"102","Electric",1258,2.25
"102","Electric",1258,2.25
"102","Electric",1258,2.25
"102","Gas",1206,2
"102","Gas",1206,2
"102","Electric",1116,2
"102","Electric",1224,2
"102","Electric",1224,2
"102","Electric",1224,2
"102","Electric",1116,2
"102","Electric",1224,2
"102","Electric",1224,2
"102","Electric",1116,2
"102","Electric",1224,2
"102","Electric",1224,2
"102","Electric",1224,2
"102","Electric",1116,2
"102","Electric",1332,2
"102","Electric",1116,2
"102","Electric",1116,2
"102","Electric",1116,2
"102","Electric",1116,2
"102","Electric",1116,2
"102","Electric",1116,2
"102","Electric",1224,2
"102","Electric",1116,2
"102","Electric",1224,2
"102","Electric",1116,2
"102","Electric",1116,2
"102","Electric",1116,2
"102","Electric",1116,2
"102","Electric",1116,2
"102","Electric",1224,2
"102","Electric",1224,2
"102","Electric",1116,2
"102","Electric",1116,2
"102","Electric",1224,2
"102","Electric",1116,2
"102","Electric",1116,2
"102","Electric",1224,2
"102","Electric",1116,2
"102","Electric",1116,2
"102","Electric",1116,2
"102","Electric",1116,2
"102","Electric",1224,2
"102","Electric",1224,2
"102","Electric",1116,2
"102","Electric",1116,2
"102","Electric",1116,2
"102","Gas",864,2
"102","Electric",840,1
"102","Electric",840,1
"102","Gas",720,1
"102","Gas",720,1
"340","Gas",1050,1
"102","Gas",682,1
"102","Gas",1612,2
"102","Gas",1460,2
"102","Gas",1460,2
"102","Gas",1456,2
"102","Gas",1456,2
"102","Gas",1577,2
"102","Gas",1544,2
"102","Gas",1454,2
"102","Gas",1455,2
"102","Gas",1455,2
"102","Gas",1455,2
"102","Gas",1455,2
"102","Gas",1455,2
"102","Gas",1455,2
"102","Gas",1455,2
"102","Gas",1455,2
"102","Gas",1455,2
"102","Gas",1455,2
"102","Gas",1459,2
"102","Gas",1335,2
"102","Gas",1455,2
"102","Gas",1455,2
"102","Gas",1455,2
"102","Gas",1455,2
"102","Gas",1455,2
"102","Gas",1577,2
"102","Gas",1545,2
"102","Gas",1545,2
"102","Gas",1545,2
"102","Gas",1455,2
"102","Gas",1455,2
"102","Gas",1455,2
"102","Gas",1455,2
"102","Gas",1551,2
"102","Gas",1549,2
"102","Gas",1454,2
"102","Gas",1547,2
"102","Gas",1455,2
"102","Gas",1455,2
"102","Gas",1545,2
"102","Gas",1545,2
"102","Gas",1325,1.75
"102","Electric",1149,2.25
"102","Electric",1149,2.25
"102","Electric",1149,2.25
"102","Electric",1149,2.25
"102","Electric",1149,2.25
"102","Electric",1149,2.25
"102","Electric",1149,2.25
"102","Electric",1149,2.25
"102","Electric",1149,2.25
"102","Electric",1149,2.25
"102","Electric",1149,2.25
"102","Electric",1149,2.25
"102","Electric",1149,2.25
"102","Electric",1149,2.25
"102","Electric",1149,2.25
"102","Electric",1149,2.25
"102","Electric",1149,2.25
"102","Electric",1149,2.25
"102","Electric",1149,2.25
"102","Electric",955,2
"102","Electric",955,2
"102","Electric",955,2
"102","Electric",955,2
"102","Electric",955,2
"102","Electric",633,1
"102","Electric",633,1
"102","Electric",633,1
"102","Electric",633,1
"102","Gas",1100,2
"102","Electric",1080,2
"102","Electric",1080,2
"102","Electric",1080,2
"102","Electric",1080,2
"102","Electric",1080,2
"102","Electric",1080,2
"102","Electric",1080,2
"102","Electric",1080,2
"102","Electric",1080,2
"102","Electric",1080,2
"102","Electric",1080,2
"102","Electric",1080,2
"102","Electric",1080,2
"102","Electric",1080,2
"102","Electric",1080,2
"102","Electric",1080,2
"102","Electric",652,2
"102","Electric",1281,2
"102","Electric",1281,2
"102","Electric",1281,2
"102","Electric",1281,2
"102","Electric",1281,2
"102","Electric",1281,2
"102","Electric",1281,2
"102","Electric",1281,2
"102","Electric",1281,2
"102","Electric",1281,2
"102","Electric",1281,2
"102","Electric",1281,2
"102","Electric",1281,2
"102","Electric",1281,2
"102","Electric",1281,2
"102","Electric",1281,2
"102","Electric",1281,2
"102","Electric",1281,2
"102","Electric",1281,2
"102","Electric",1281,2
"102","Electric",1281,2
"102","Electric",1281,2
"102","Electric",1281,2
"102","Electric",1281,2
"102","Electric",1281,2
"102","Electric",1281,2
"102","Electric",1281,2
"102","Electric",1281,2
"102","Electric",1281,2
"102","Electric",1281,2
"102","Electric",1281,2
"102","Electric",1281,2
"102","Electric",1281,2
"102","Electric",1281,2
"102","Electric",1281,2
"102","Electric",1281,2
"102","Electric",1281,2
"102","Electric",1281,2
"102","Electric",1281,2
"102","Electric",1281,2
"102","Electric",1281,2
"102","Electric",1281,2
"102","Electric",1281,2
"102","Electric",1281,2
"102","Electric",1281,2
"102","Electric",1281,2
"102","Electric",1281,2
"102","Electric",1281,2
"102","Electric",1281,2
"102","Electric",1281,2
"102","Electric",1281,2
"102","Electric",1281,2
"102","Electric",1281,2
"102","Electric",1281,2
"102","Electric",1281,2
"102","Electric",1281,2
"102","Electric",1281,2
"102","Electric",1281,2
"102","Electric",1281,2
"102","Electric",1281,2
"102","Electric",1281,2
"102","Electric",1281,2
"102","Electric",1281,2
"102","Electric",1281,2
"102","Electric",1281,2
"102","Electric",1281,2
"102","Electric",1281,2
"102","Electric",1281,2
"102","Oil",1189,2
"102","Oil",1884,2
"102","Oil",1884,2
"102","Oil",1189,2
"102","Oil",1884,2
"102","Oil",1884,2
"102","Oil",1884,2
"102","Oil",1884,2
"102","Oil",1884,2
"102","Oil",1884,2
"102","Oil",1884,2
"102","Oil",1884,2
"102","Oil",1884,2
"102","Oil",1884,2
"102","Oil",1884,2
"102","Oil",1884,2
"102","Oil",1884,2
"102","Oil",1884,2
"102","Oil",1884,2
"102","Oil",1884,2
"102","Oil",1884,2
"102","Oil",1884,2
"102","Oil",1884,2
"102","Oil",1884,2
"102","Oil",1189,2
"102","Oil",1884,2
"102","Oil",1884,2
"102","Oil",1189,2
"102","Oil",1884,2
"102","Oil",1884,2
"102","Oil",1884,2
"102","Oil",1884,2
"102","Electric",1236,2
"102","Electric",1236,2
"102","Electric",1236,2
"102","Electric",1236,2
"102","Electric",1236,2
"102","Electric",1236,2
"102","Electric",1232,2
"102","Electric",1236,2
"102","Electric",1236,2
"102","Electric",1236,2
"102","Electric",1236,2
"102","Electric",1236,2
"102","Electric",1236,2
"102","Electric",1236,2
"102","Electric",1236,2
"102","Electric",1236,2
"102","Electric",1236,2
"102","Electric",1236,2
"102","Electric",1236,2
"102","Electric",1236,2
"102","Electric",1236,2
"102","Electric",1236,2
"102","Electric",1236,2
"102","Electric",1236,2
"102","Electric",1236,2
"102","Electric",1236,2
"102","Electric",1236,2
"102","Electric",1236,2
"102","Electric",1236,2
"102","Electric",1236,2
"102","Electric",1236,2
"102","Electric",1241,2
"102","Electric",1236,2
"102","Electric",1236,2
"102","Electric",1236,2
"102","Electric",1236,2
"102","Electric",1236,2
"102","Electric",1236,2
"102","Electric",1236,2
"102","Electric",1236,2
"102","Electric",1236,2
"102","Electric",1236,2
"102","Electric",1236,2
"102","Electric",1236,2
"102","Electric",1236,2
"102","Electric",1236,2
"102","Electric",1236,2
"102","Electric",1236,2
"102","Electric",1236,2
"102","Electric",1236,2
"102","Electric",1236,2
"102","Electric",1236,2
"102","Electric",1236,2
"102","Electric",1236,2
"322","Gas",3311,1
"322","Oil",618,1
"322","Gas",720,1
"322","Gas",1612,1
"322","Gas",3069,1
"322","Gas",2950,1
"102","Electric",959,2
"102","Electric",959,2
"102","Electric",959,2
"102","Electric",959,2
"102","Electric",959,2
"102","Electric",959,2
"102","Electric",959,2
"102","Electric",959,2
"102","Electric",980,2
"102","Gas",936,2
"102","Gas",936,2
"102","Electric",1296,2
"102","Electric",1488,2
"102","Electric",1040,2
"102","Electric",1040,2
"102","Electric",1040,2
"102","Electric",1040,2
"102","Electric",990,2
"102","Electric",983,2
"102","Electric",986,2
"102","Electric",990,2
"102","Electric",984,2
"102","Electric",989,2
"102","Electric",648,1
"102","Electric",576,1
"102","Electric",657,1
"102","Electric",650,1
"102","Electric",677,1
"102","Electric",666,1
"102","Electric",692,1
"102","Electric",666,1
"102","Electric",693,1
"102","Electric",681,1
"102","Electric",696,1
"102","Electric",681,1
"102","Electric",514,1
"102","Electric",681,1
"102","Electric",654,1
"102","Electric",646,1
"102","Electric",670,1
"102","Electric",678,1
"102","Electric",686,1
"102","Electric",691,1
"102","Electric",682,1
"102","Electric",697,1
"102","Electric",688,1
"102","Electric",695,1
"102","Electric",576,1
"102","Electric",695,1
"102","Electric",657,1
"102","Electric",650,1
"102","Electric",677,1
"102","Electric",666,1
"102","Electric",692,1
"102","Electric",666,1
"102","Electric",693,1
"102","Electric",681,1
"102","Electric",696,1
"102","Electric",681,1
"102","Electric",659,1
"102","Electric",586,1
"102","Electric",650,1
"102","Electric",653,1
"102","Electric",687,1
"102","Electric",682,1
"102","Electric",694,1
"102","Electric",683,1
"102","Electric",697,1
"102","Electric",693,1
"102","Electric",701,1
"102","Electric",694,1
"102","Electric",501,1
"102","Electric",666,1
"102","Electric",664,1
"102","Electric",659,1
"102","Electric",683,1
"102","Electric",697,1
"102","Electric",688,1
"102","Electric",700,1
"102","Electric",692,1
"102","Electric",705,1
"102","Electric",685,1
"102","Electric",703,1
"102","Electric",554,1
"102","Electric",660,1
"102","Electric",691,1
"102","Electric",690,1
"102","Electric",666,1
"102","Electric",676,1
"102","Electric",687,1
"102","Electric",686,1
"102","Electric",697,1
"102","Electric",686,1
"102","Electric",694,1
"102","Electric",681,1
"102","Electric",795,1
"102","Electric",730,1
"102","Electric",795,1
"102","Electric",590,1
"102","Electric",795,1
"102","Electric",565,1
"102","Electric",770,1
"102","Electric",565,1
"102","Electric",825,1
"102","Electric",635,1
"102","Electric",850,1
"102","Electric",615,1
"102","Electric",795,1
"102","Electric",795,1
"102","Electric",565,1
"102","Electric",770,1
"102","Electric",565,1
"102","Electric",795,1
"102","Electric",615,1
"102","Electric",860,1
"102","Electric",635,1
"102","Electric",835,1
"102","Electric",745,1
"102","Electric",795,1
"102","Electric",745,1
"102","Electric",770,1
"102","Electric",565,1
"102","Electric",795,1
"102","Electric",565,1
"102","Electric",770,1
"102","Electric",635,1
"102","Electric",835,1
"102","Electric",615,1
"102","Electric",860,1
"102","Electric",795,1
"102","Electric",795,1
"102","Electric",565,1
"102","Electric",770,1
"102","Electric",565,1
"102","Electric",795,1
"102","Electric",615,1
"102","Electric",850,1
"102","Electric",635,1
"102","Electric",825,1
"102","Electric",810,1
"102","Electric",785,1
"102","Electric",785,1
"102","Electric",810,1
"102","Electric",845,1
"102","Electric",830,1
"102","Electric",745,1
"102","Electric",745,1
"102","Electric",590,1
"102","Electric",730,1
"102","Electric",984,1
"322","Gas",4809,1
"102","Gas",1162,2.25
"102","Gas",1091,2.25
"102","Gas",1091,2.5
"102","Gas",1162,2.25
"102","Gas",1162,2.25
"102","Gas",1100,2
"102","Electric",980,2
"102","Electric",980,2
"102","Gas",1008,2
"102","Gas",1458,1.5
"102","Gas",1008,2
"102","Electric",930,1
"102","Electric",930,1
"102","Oil",1492,2.25
"102","Gas",1372,1
"102","Gas",1321,1
"102","Gas",1257,1
"102","Gas",1173,1
"102","Gas",1282,1
"102","Gas",1132,1
"102","Gas",1097,1
"102","Gas",1237,1
"102","Gas",1173,1
"102","Gas",1372,1
"102","Gas",1321,1
"102","Gas",1214,1
"102","Gas",1173,1
"102","Gas",1282,1
"102","Gas",1132,1
"102","Gas",1097,1
"102","Gas",1237,1
"102","Gas",1173,1
"102","Electric",642,2
"102","Electric",642,2
"102","Electric",577,2
"102","Electric",577,2
"102","Electric",433,2
"102","Electric",433,2
"102","Electric",848,2
"102","Electric",848,2
"102","Electric",642,2
"102","Electric",642,2
"102","Electric",642,2
"102","Electric",642,2
"102","Electric",577,2
"102","Electric",577,2
"102","Electric",433,2
"102","Electric",433,2
"102","Electric",848,2
"102","Electric",848,2
"102","Electric",642,2
"102","Electric",642,2
"102","Electric",642,2
"102","Electric",642,2
"102","Electric",577,2
"102","Electric",577,2
"102","Electric",433,2
"102","Electric",433,2
"102","Electric",848,2
"102","Electric",848,2
"102","Electric",642,2
"102","Electric",642,2
"102","Gas",990,2
"102","Gas",1122,2
"102","Gas",727,5
"102","Gas",768,5
"102","Gas",1068,5
"102","Gas",880,5
"102","Gas",1041,5
"102","Gas",921,5
"102","Gas",1113,5
"102","Gas",720,5
"102","Gas",575,5
"102","Gas",505,5
"102","Gas",1305,5
"102","Gas",797,5
"102","Gas",821,5
"102","Gas",759,5
"102","Gas",779,5
"102","Gas",946,5
"102","Gas",1004,5
"102","Gas",1034,5
"102","Gas",921,5
"102","Gas",1109,5
"102","Gas",750,5
"102","Gas",626,5
"102","Gas",620,5
"102","Gas",1125,5
"102","Gas",893,5
"102","Gas",759,5
"102","Gas",795,5
"102","Gas",784,5
"102","Gas",946,5
"102","Gas",774,5
"102","Gas",997,5
"102","Gas",921,5
"102","Gas",1094,5
"102","Gas",733,5
"102","Gas",610,5
"102","Gas",606,5
"102","Gas",1126,5
"102","Gas",889,5
"102","Gas",761,5
"102","Gas",794,5
"102","Gas",998,5
"102","Gas",936,5
"102","Gas",1501,5
"102","Gas",1103,5
"102","Gas",1033,5
"102","Gas",751,5
"102","Gas",625,5
"102","Gas",625,5
"102","Gas",1140,5
"102","Gas",652,5
"102","Gas",623,5
"102","Gas",728,5
"102","Gas",752,5
"102","Gas",625,5
"102","Gas",625,5
"102","Gas",655,5
"102","Gas",642,5
"102","Gas",1696,2
"102","Gas",1676,2
"102","Gas",1676,2
"102","Gas",1676,2
"102","Gas",1676,2
"102","Gas",1676,2
"102","Gas",1752,3
"102","Gas",1752,3
"102","Gas",1684,2
"102","Gas",1684,2
"102","Gas",1684,2
"102","Gas",1684,2
"102","Gas",1684,2
"102","Gas",1676,2
"102","Gas",2328,2.5
"102","Gas",2328,2.5
"102","Oil",2328,2.5
"102","Electric",771,1
"102","Electric",833,1
"102","Electric",806,1
"102","Electric",738,1
"102","Electric",798,1
"102","Electric",771,1
"102","Electric",920,1
"102","Electric",833,1
"102","Electric",780,1
"102","Electric",738,1
"102","Electric",798,1
"102","Electric",771,1
"102","Electric",920,1
"102","Electric",833,1
"102","Electric",780,1
"102","Electric",738,1
"102","Electric",798,1
"102","Electric",955,1
"102","Electric",1036,2
"102","Electric",1036,2
"102","Electric",1036,2
"102","Electric",1036,2
"102","Electric",1036,2
"102","Electric",1036,2
"102","Electric",1036,2
"102","Electric",1036,2
"102","Electric",1036,2
"102","Electric",1036,2
"102","Electric",1036,2
"102","Electric",1036,2
"102","Electric",1036,2
"102","Electric",1036,2
"102","Electric",1036,2
"102","Electric",1036,2
"102","Gas",1000,1
"102","Gas",1047,1
"102","Gas",982,1
"102","Electric",635,1
"102","Electric",696,1
"102","Electric",681,1
"102","Electric",693,1
"102","Electric",681,1
"102","Electric",692,1
"102","Electric",666,1
"102","Electric",677,1
"102","Electric",666,1
"102","Electric",657,1
"102","Electric",650,1
"102","Electric",648,1
"102","Electric",576,1
"102","Electric",695,1
"102","Electric",688,1
"102","Electric",697,1
"102","Electric",682,1
"102","Electric",691,1
"102","Electric",686,1
"102","Electric",678,1
"102","Electric",670,1
"102","Electric",646,1
"102","Electric",654,1
"102","Electric",645,1
"102","Electric",480,1
"102","Electric",654,1
"102","Electric",654,1
"102","Electric",654,1
"102","Electric",654,1
"102","Electric",635,1
"102","Electric",815,1
"102","Electric",900,1
"102","Electric",815,1
"102","Electric",815,1
"102","Electric",900,1
"102","Electric",815,1
"102","Electric",815,1
"102","Electric",900,1
"102","Electric",592,1
"102","Electric",815,1
"102","Electric",900,1
"102","Electric",815,1
"102","Electric",815,1
"102","Electric",900,1
"102","Electric",815,1
"102","Electric",815,1
"102","Electric",900,1
"102","Electric",592,1
"102","Oil",1183,2
"102","Oil",1183,1.75
"102","Gas",1696,2
"102","Gas",1696,2
"102","Gas",1684,2
"102","Gas",1684,2
"102","Gas",1684,2
"102","Gas",1684,2
"102","Gas",1696,2
"102","Gas",1696,2
"102","Gas",1684,2
"102","Gas",1684,2
"102","Gas",1684,2
"102","Gas",1684,2
"102","Gas",1926,1
"102","Gas",1136,1
"102","Gas",1183,1
"102","Gas",1203,1
"102","Gas",1171,1
"102","Gas",1421,1
"102","Gas",1556,1
"102","Gas",1365,1
"102","Gas",1370,1
"102","Gas",1450,1
"102","Gas",1343,1
"102","Gas",1195,1
"102","Gas",1183,1
"102","Gas",1203,1
"102","Gas",1171,1
"102","Gas",1421,1
"102","Gas",1556,1
"102","Gas",1365,1
"102","Gas",1370,1
"102","Gas",1450,1
"102","Gas",1343,1
"102","Gas",1195,1
"102","Gas",1136,1
"102","Gas",1171,1
"102","Gas",1203,1
"102","Gas",1556,1
"102","Gas",1485,1
"102","Gas",1373,1
"102","Gas",1368,1
"102","Gas",2133,1
"102","Gas",1136,1
"102","Gas",1183,1
"102","Gas",2328,2.5
"102","Gas",2328,2.5
"102","Gas",2264,2.5
"102","Gas",1159,2
"102","Gas",1159,2
"102","Oil",1993,2
"102","Oil",1993,2
"102","Gas",1162,2.25
"102","Gas",1162,2
"102","Gas",1740,3
"102","Gas",1740,3
"102","Gas",1740,3
"102","Gas",1740,3
"102","Gas",1740,3
"102","Gas",1740,3
"402","Gas",3000,1
"402","Gas",1500,1
"402","Gas",1500,1
"402","Gas",1500,1
"402","Gas",1500,1
"402","Gas",1500,1
"402","Gas",1500,1
"402","Gas",1500,1
"402","Gas",1500,1
"402","Gas",1500,1
"402","Gas",1500,1
"402","Gas",1500,1
"402","Gas",1500,1
"402","Gas",1500,1
"402","Gas",1500,1
"402","Gas",1500,1
"402","Gas",1500,1
"402","Gas",1500,2
"402","Gas",1500,1
"102","Gas",1696,2
"102","Gas",1684,2
"102","Gas",1684,2
"102","Gas",1684,2
"102","Gas",1684,2
"102","Gas",1696,2
"102","Oil",512,2
"102","Oil",1672,2
"102","Oil",1705,2
"102","Oil",512,2
"102","Oil",1050,2
"102","Oil",1050,2
"340","Gas",788,1
"340","Gas",869,1
"340","Gas",1042,1
"340","Gas",1227,1
"340","Gas",1098,1
"102","Gas",785,1
"322","Oil",1907,1
"322","Coal or Wood",0,1
"102","Gas",1456,2
"102","Gas",1537,2
"102","Gas",1537,2
"102","Gas",1526,2
"102","Gas",1526,2
"102","Gas",1526,2
"102","Gas",1526,2
"102","Gas",1537,2
"102","Gas",1537,2
"102","Gas",1526,2
"102","Gas",1526,2
"102","Gas",1526,2
"102","Gas",1526,2
"102","Gas",1537,2
"102","Gas",1537,2
"102","Gas",1526,2
"102","Gas",1526,2
"102","Gas",1526,2
"102","Gas",1526,2
"102","Gas",1537,2
"102","Gas",1537,2
"102","Gas",1526,2
"102","Gas",1526,2
"102","Gas",1537,2
"102","Gas",1517,2
"102","Gas",1526,2
"102","Gas",1526,2
"102","Gas",1537,2
"102","Gas",1537,2
"102","Gas",1526,2
"102","Gas",1526,2
"102","Gas",1526,2
"102","Gas",1526,2
"102","Gas",1456,2
"102","Gas",1456,2
"102","Gas",1440,2
"102","Gas",1440,2
"102","Gas",1292,2
"102","Gas",1318,2
"102","Gas",1768,2
"102","Gas",1736,2
"102","Gas",1520,2
"102","Gas",1520,2
"102","Gas",1520,2
"102","Gas",1520,2
"102","Gas",1520,2
"102","Gas",1520,2
"102","Gas",1520,2
"102","Gas",1520,2
"102","Gas",1687,2
"102","Gas",1686,2
"102","Gas",1568,2
"102","Gas",1568,2
"102","Gas",1748,2
"102","Gas",1622,2
"102","Gas",1622,2
"102","Gas",1748,2
"402","Electric",6720,1
"402","Electric",1750,1
"402","Electric",1750,1
"402","Electric",1694,1
"402","Electric",2035,1
"402","Electric",2035,1
"402","Electric",1694,1
"402","Electric",1750,1
"402","Electric",1780,1
"102","Gas",1520,2
"102","Gas",1520,2
"102","Gas",1520,2
"102","Gas",1520,2
"102","Gas",1400,2
"102","Gas",1400,2
"102","Gas",1580,2
"102","Gas",1580,2
"102","Gas",1526,2
"102","Gas",1520,2
"102","Gas",1361,1.75
"102","Gas",1361,1.75
"102","Gas",1361,1.75
"102","Gas",1361,1.75
"102","Gas",1428,1.75
"102","Gas",1428,1.75
"102","Gas",1520,2
"102","Gas",1520,2
"102","Gas",1520,2
"102","Gas",1520,2
"102","Gas",1520,2
"102","Gas",1520,2
"102","Gas",1456,2
"102","Gas",1456,2
"102","Gas",2494,2
"102","Gas",2214,2
"102","Gas",2348,2
"102","Gas",2238,2
"102","Gas",2494,2
"102","Gas",2574,2
"102","Gas",2238,2
"102","Gas",2494,2
"102","Gas",2616,2
"102","Gas",2616,2
"102","Gas",2610,2
"102","Gas",2214,2
"102","Gas",2354,2
"102","Gas",2956,2
"102","Gas",2069,1
"102","Gas",2214,2
"102","Gas",2194,2
"102","Gas",2192,2
"102","Gas",2700,2
"102","Gas",2258,2
"102","Gas",2354,2
"102","Gas",2646,2
"102","Gas",2228,2
"102","Gas",2354,2
"102","Gas",2596,2
"102","Gas",2474,2
"102","Gas",2564,2
"102","Gas",2700,2
"102","Gas",2596,2
"102","Gas",2920,2
"102","Gas",2649,2
"102","Gas",2186,2
"102","Gas",2492,2
"102","Gas",2182,2
"102","Gas",2314,2
"102","Gas",2474,2
"102","Gas",3097,2
"102","Gas",2648,2
"102","Oil",2478,2
"102","Gas",2061,1
"102","Gas",2348,2
"102","Gas",2498,2
"102","Gas",2244,2
"102","Gas",2494,2
"102","Gas",2360,2
"102","Gas",2616,2
"102","Gas",1620,2
"102","Gas",1620,2
"102","Gas",1456,2
"102","Gas",1456,2
"102","Oil",4315,NA
"102","Oil",4315,2
"102","Oil",1456,2.75
"102","Oil",1456,NA
"102","Gas",1620,NA
"102","Gas",1620,2
"102","Gas",1404,2
"102","Gas",1404,2
"102","Gas",1640,2
"102","Gas",1640,2
"102","Gas",1686,2
"102","Gas",1686,2
"102","Gas",1707,NA
"102","Gas",1707,NA
"102","Gas",1707,NA
"102","Gas",1707,NA
"102","Gas",1707,NA
"102","Gas",1707,NA
"102","Gas",1707,NA
"102","Gas",1707,NA
"102","Gas",1707,NA
"102","Gas",1707,NA
"102","Gas",1707,NA
"102","Gas",1707,NA
"102","Gas",1707,NA
"102","Gas",1707,NA
"102","Gas",1707,NA
"102","Gas",1707,NA
"102","Gas",1707,NA
"102","Gas",1707,NA
"102","Gas",1707,NA
"102","Gas",1707,NA
"114","Gas",44244,3
"340","Electric",7000,1
"334","Oil",1644,1
"332","Oil",1994,1
"010","Gas",2083,1.75
"934","Oil",84314,2
"931","Gas",29772,2
"011","Oil",7044,3
"322","Oil",848,1
"322","Gas",3770,1
"934","Gas",13290,2
"400","Oil",25488,2
"111","Gas",4006,3
"402","Gas",9542,1
"341","Oil",2952,1
"011","Gas",16186,3
"011","Gas",15748,2
"111","Electric",10053,3
"960","Oil",19309,1
"112","Oil",4688,3
"111","Oil",3599,2.5
"011","Electric",20561,2
"960","Gas",18452,2
"931","Gas",9150,1
"960","Oil",2729,1
"010","Oil",5255,1
"112","Electric",12273,3
"333","Gas",1908,1
"010","Oil",9690,3
"111","Gas",5351,3
"111","Oil",4798,3
"010","Oil",2766,1.75
"121","Gas",3816,3
"112","Oil",9941,3
"340","Gas",4608,1
"111","Gas",3624,2.5
"111","Oil",4107,2.5
"112","Electric",20328,3
"121","Oil",3740,2
"112","Oil",10542,1.5
"332","Oil",1193,1
"960","Oil",17756,1
"112","Electric",34236,3
"140","Oil",1650,1
"111","Electric",5358,2
"111","Electric",5358,2
"111","Electric",5992,2
"111","Electric",6928,2
"111","Electric",5992,2
"111","Electric",5992,2
"340","Oil",2152,1
"340","Electric",3945,2
"400","Gas",8405,1
"310","Oil",7038,1
"935","Gas",36424,2
"340","Oil",2846,1
"400","Gas",25377,3
"332","Gas",10750,2
"340","Oil",7834,2
"340","Oil",4192,1.5
"341","Gas",2270,1
"103","Oil",1147,1
"340","Oil",2192,2
"400","Oil",15892,1
"316","Oil",3529,1
"400","Gas",28467,1
"326","Gas",8298,1
"332","Gas",2991,1
"333","Electric",2066,1
"010","Oil",4438,2.5
"402","Gas",2325,1
"342","Oil",1408,1.5
"322","Gas",3004,1
"402","Gas",6500,1
"342","Oil",3089,2
"330","Gas",28962,2
"330","Oil",17300,1
"340","Oil",1565,1
"402","Gas",6200,1
"326","Gas",3749,1
"324","Gas",70770,1
"316","Gas",3600,1
"111","Electric",3637,2.5
"954","Oil",14697,3
"900","Gas",6335,1
"402","Oil",3984,2
"970","Gas",41580,6
"111","Oil",5091,3
"340","Gas",2088,1
"332","Oil",2092,1
"323","Oil",6250,1
"322","Gas",6440,1
"323","Oil",7380,1
"430","Oil",9628,1
"010","Gas",4995,2.5
"323","Gas",4928,1
"011","Gas",7700,2
"322","Gas",11060,2
"341","Gas",3827,1
"957","Gas",59241,4
"111","Oil",4985,2.5
"010","Gas",5044,2.5
"010","Electric",3840,2.5
"322","Oil",5250,1
"323","Gas",1600,1
"112","Gas",8590,2
"332","Coal or Wood",2010,1
"323","Gas",21120,1
"316","Oil",76886,1
"326","Oil",3443,1
"935","Gas",9362,2
"322","Gas",41138,3
"322","Gas",45996,1
"316","Oil",10320,1
"402","Gas",8379,1
"322","Oil",7250,2
"010","Oil",1598,1.75
"011","Gas",166513,5
"010","Gas",5211,1.5
"341","Gas",2378,1
"012","Oil",3534,3
"012","Oil",7872,2
"322","Gas",9342,2
"340","Gas",9078,2
"011","Electric",8748,3
"340","Gas",1600,1
"322","Gas",3000,1
"011","Gas",18483,4
"322","Oil",2870,1
"332","Gas",5009,1
"402","Oil",1620,1
"326","Gas",2130,1
"331","Oil",1512,1
"323","Oil",6812,1
"332","Gas",6025,1
"323","Gas",7655,1
"323","Gas",10218,1
"342","Gas",6551,2
"326","Gas",9265,2
"332","Oil",7500,1
"326","Oil",1400,1
"332","Oil",7042,1
"335","Coal or Wood",4518,1
"322","Gas",2560,1
"323","Gas",3795,1
"333","Oil",3600,1
"326","Gas",2214,1
"402","Oil",5867,1
"322","Gas",2448,1
"322","Oil",1354,1.75
"323","Electric",4900,1
"326","Oil",2185,2
"340","Oil",2492,2
"332","Oil",3000,1
"322","Coal or Wood",981,1
"332","Oil",1107,1
"112","Electric",12408,2
"111","Electric",5670,2
"322","Oil",2800,1
"322","Coal or Wood",840,1
"332","Oil",4568,1
"010","Oil",2878,2
"340","Electric",4800,2
"332","Oil",1986,1
"322","Oil",2078,1
"333","Gas",256,1
"326","Oil",2101,1
"331","Gas",4856,1
"331","Gas",384,1
"323","Electric",7670,1
"322","Gas",2070,1
"111","Oil",4731,2
"010","Oil",2645,1.5
"934","Oil",18030,1
"340","Gas",1170,1
"960","Oil",15930,2
"322","Oil",960,1
"400","Oil",84906,2
"322","Gas",2759,1
"323","Gas",2240,1
"401","Gas",8155,1
"010","Oil",4202,2.25
"010","Oil",2345,2
"112","Gas",30700,3
"326","Gas",2029,1
"010","Oil",5728,2
"112","Gas",27644,2
"322","Electric",8200,2
"010","Oil",5900,2
"322","Electric",3468,1
"112","Oil",21774,3
"040","Oil",6082,1
"111","Electric",5184,2
"971","Gas",13137,1
"400","Gas",10780,1
"010","Gas",1919,1
"971","Oil",3517,2
"111","Oil",5460,3
"112","Electric",16208,2
"342","Electric",2562,1
"340","Oil",3000,1
"400","Oil",9840,1
"332","Oil",9000,1
"340","Gas",2490,2
"332","Oil",2106,1
"322","Coal or Wood",2400,1
"970","Oil",7510,2
"010","Oil",8406,1
"400","Oil",30584,1
"010","Oil",2036,1
"316","Coal or Wood",15598,1
"112","Electric",6832,2
"323","Oil",2414,1
"112","Electric",18048,2
"112","Electric",8160,2
"111","Oil",3454,2
"332","Electric",3060,1
"316","Coal or Wood",8800,1
"332","Oil",3532,1.5
"010","Oil",2925,1.5
"340","Oil",1209,1
"322","Oil",6864,2
"340","Oil",4280,2
"340","Gas",4608,1
"931","Coal or Wood",196,1
"340","Gas",2128,1
"400","Oil",54786,2
"111","Gas",5249,2
"402","Gas",5696,1
"954","Oil",10393,1
"112","Electric",9444,2
"111","Oil",6448,2
"326","Gas",1985,1
"010","Electric",1362,1.5
"112","Electric",6173,2
"402","Oil",12429,1
"934","Oil",30787,2
"931","Oil",3777,2
"112","Electric",10050,2
"334","Oil",3010,1
"340","Electric",3402,2
"332","Oil",4056,1
"340","Oil",1008,1
"326","Oil",3856,2
"341","Gas",3388,1
"322","Gas",5021,1
"931","Oil",3840,2
"340","Gas",2964,1
"340","Gas",7260,2
"340","Electric",2928,1
"931","Oil",25798,1
"400","Oil",25024,1
"400","Oil",34252,3
"376","Oil",2809,1
"960","Gas",9881,1
"960","Gas",6582,1
"342","Electric",3484,2
"322","Oil",4608,1
"428","Oil",1824,1
"140","Gas",8026,1
"010","Gas",11184,2
"340","Oil",1396,1
"322","Oil",1634,1
"332","Oil",2252,1
"350","Oil",2226,1
"111","Oil",4630,2.5
"010","Oil",3030,2
"112","Electric",6764,3
"111","Gas",5358,2
"970","Electric",1692,1
"402","Gas",6402,1
"332","Electric",2220,1
"402","Gas",6512,1
"342","Gas",12904,2
"326","Gas",29999,2
"376","Gas",21360,2
"316","Coal or Wood",3900,1
"301","Electric",18246,2
"300","Gas",57404,NA
"322","Gas",13180,1
"301","Electric",33059,2
"301","Oil",3652,1
"400","Gas",15614,1
"960","Gas",16143,1
"334","Oil",1956,1
"326","Gas",2194,1
"340","Electric",6629,1.5
"322","Gas",15945,1
"323","Gas",3407,1
"370","Gas",34668,1
"338","Gas",8612,1
"112","Electric",30013,2
"433","Oil",860,1
"330","Gas",53375,2
"322","Gas",5640,1
"322","Gas",7125,1
"333","Gas",5075,1
"322","Gas",7700,1.5
"322","Gas",3900,1
"322","Gas",5014,1
"103","Gas",1920,1
"331","Oil",1556,1
"322","Gas",8280,1
"316","Gas",30255,1
"332","Gas",3744,1
"323","Oil",18500,1
"326","Gas",3040,1
"954","Oil",945,1
"960","Gas",9085,1
"340","Electric",5744,2
"326","Gas",5000,1
"332","Gas",6432,1
"333","Oil",4620,1
"323","Gas",6153,1
"924","Coal or Wood",3840,1
"323","Gas",89242,1
"342","Oil",11389,2
"322","Gas",126073,1
"934","Oil",14813,1
"340","Electric",5732,2
"330","Gas",18711,1
"402","Oil",3224,1
"114","Electric",45528,4
"323","Gas",741896,3
"323","Gas",142061,3
"323","Gas",182578,3
"323","Gas",120020,2
"935","Gas",6784,1
"330","Gas",33066,2
"322","Gas",190458,1
"326","Gas",6664,1
"323","Gas",59800,1
"322","Oil",3641,2.75
"332","Gas",4240,1
"322","Oil",6750,1
"323","Gas",113770,1
"323","Gas",97027,1
"322","Gas",32637,1
"323","Gas",105878,1
"322","Gas",35180,1
"960","Oil",2025,1
"402","Oil",4530,1
"971","Oil",760,1
"010","Gas",3000,1
"956","Coal or Wood",1428,1.5
"956","Coal or Wood",696,1
"375","Gas",4865,1
"958","Gas",44348,2
"931","Gas",1800,1
"931","Gas",1824,1
"931","Oil",1440,1
"934","Electric",183651,2
"323","Gas",37890,1
"340","Oil",2346,2
"342","Oil",2984,1
"010","Gas",4444,1.25
"125","Gas",57089,2
"402","Gas",6873,1
"334","Oil",1440,1
"316","Oil",28000,1
"332","Gas",5000,2
"400","Gas",91126,1
"400","Oil",56161,1
"400","Oil",18000,1
"400","Gas",13151,2
"316","Gas",27384,1
"400","Gas",21122,1
"316","Gas",39000,1
"316","Gas",14130,2
"400","Oil",15346,1
"400","Oil",59400,1
"400","Gas",71838,1
"400","Gas",47000,1
"400","Gas",21100,1
"404","Electric",6266,1
"401","Oil",17616,1
"332","Electric",6250,1
"400","Gas",45286,1
"401","Gas",16200,1
"400","Gas",16160,1
"400","Gas",28772,1
"943","Gas",26332,1
"400","Gas",47504,1
"340","Gas",29848,1
"400","Oil",20620,1
"400","Gas",44080,1
"400","Gas",26775,1
"400","Oil",15590,1
"400","Gas",51538,1
"400","Gas",7012,1
"400","Gas",7380,1
"400","Gas",37954,1
"960","Oil",104003,2
"400","Gas",17472,1
"316","Gas",82500,3
"400","Gas",17800,1
"400","Gas",10000,1
"402","Gas",6120,1
"400","Gas",20800,1
"400","Gas",15000,1
"400","Gas",25400,1
"114","Gas",48864,4
"402","Oil",6000,1
"140","Gas",4200,1
"971","Electric",16800,2
"140","Gas",5620,1
"323","Gas",9136,1
"323","Gas",17459,1
"323","Oil",16912,1
"934","Oil",79322,1
"323","Oil",13000,1
"400","Gas",18600,1
"332","Gas",15190,1
"332","Oil",8000,1
"400","Gas",22586,1
"316","Coal or Wood",21462,1
"332","Gas",5000,1
"332","Gas",6000,1
"385","Coal or Wood",3045,1
"971","Coal or Wood",308,1
"332","Gas",7500,1
"410","Oil",5796,1
"402","Gas",48600,1
"326","Oil",11012,1
"935","Gas",3120,1
"333","Gas",1500,1
"333","Gas",5298,1
"332","Oil",11632,1
"335","Gas",2640,1
"340","Oil",6202,1.5
"340","Gas",9200,3
"330","Oil",9792,1
"322","Gas",860,1
"318","Oil",18570,1
"900","Oil",4208,1
"010","Oil",720,1
"111","Electric",5310,2
"954","Gas",6550,1
"111","Oil",6246,2
"332","Gas",4600,1
"332","Oil",7813,1
"322","Gas",2040,1
"326","Gas",1692,1
"112","Electric",36960,2
"112","Electric",18030,2
"112","Electric",18480,2
"112","Electric",9240,2
"934","Oil",52259,1
"934","Gas",29912,1
"111","Electric",4878,2.5
"341","Oil",7986,2
"340","Gas",12120,2
"323","Gas",8870,1
"332","Oil",1400,1
"300","Electric",48796,4
"362","Gas",52282,1
"323","Gas",135199,1
"323","Gas",14965,1
"351",NA,0,NA
"322","Gas",44290,1
"332","Oil",5400,1
"010","Oil",1890,1
"342","Gas",7540,2
"931","Coal or Wood",357,1
"330","Oil",36608,1
"316","Gas",27084,2
"971","Gas",12564,1
"101","Oil",1368,1
"101","Gas",2086,2
"101","Electric",1731,2
"101","Electric",1536,2
"101","Gas",2912,2
"101","Oil",1344,1.75
"101","Gas",2256,2
"101","Gas",1260,1.5
"101","Gas",3462,2
"101","Gas",2744,2
"101","Oil",3192,1.5
"101","Gas",2088,1.75
"101","Oil",2494,1.9
"101","Oil",3562,2.25
"101","Gas",3594,2
"101","Gas",3779,2.5
"101","Oil",2467,2
"101","Oil",1887,2.25
"104","Oil",2782,2.5
"101","Oil",2247,2
"101","Gas",1572,1
"101","Oil",1209,1.5
"104","Oil",2008,1.75
"101","Oil",1184,1
"101","Oil",1120,1
"101","Oil",1534,1.9
"101","Oil",1928,2.25
"101","Oil",1248,1
"101","Gas",2079,2
"101","Gas",2355,2
"101","Gas",1586,2
"104","Oil",2948,2.5
"101","Gas",1578,1
"104","Gas",1768,2
"101","Oil",1775,2
"101","Oil",1984,1.5
"105","Gas",3384,2
"105","Oil",3327,2.25
"101","Oil",2086,1.5
"101","Oil",1630,2
"101","Oil",1812,2
"101","Oil",1467,1
"101","Gas",1005,1
"101","Oil",2409,2
"101","Gas",2740,2.25
"105","Oil",3346,2.25
"101","Oil",2289,1.9
"101","Oil",2539,2
"101","Oil",1865,2
"101","Oil",2807,2
"101","Oil",2850,2.5
"101","Oil",2542,2
"101","Oil",1902,1.5
"104","Oil",1915,2
"101","Gas",1944,2
"101","Gas",2304,1
"101","Gas",1726,2
"101","Oil",968,1
"105","Gas",3084,2.75
"105","Oil",3768,3
"104","Oil",2604,2
"104","Electric",2794,1.75
"101","Oil",1590,2
"104","Oil",1768,2.25
"101","Oil",1475,1.9
"101","Oil",2295,2
"104","Oil",2137,2.25
"101","Oil",1868,2
"104","Gas",2210,1.9
"101","Gas",1729,1.5
"104","Oil",3203,2
"104","Oil",1824,2
"104","Gas",2856,1.5
"101","Oil",3912,2
"101","Gas",1952,2
"105","Oil",3459,2
"111","Gas",3708,3
"105","Gas",3324,3
"105","Electric",2947,2.25
"104","Gas",2526,2
"104","Gas",1958,2
"101","Gas",1147,1.25
"104","Gas",2582,2
"104","Gas",2294,2
"105","Gas",3564,3.25
"101","Gas",1836,2
"101","Oil",940,1
"104","Gas",1568,1.75
"104","Oil",1895,2
"101","Gas",2392,2
"101","Oil",1440,2
"104","Oil",2360,2
"111","Oil",4835,3
"101","Gas",2115,2
"101","Oil",2072,2
"101","Gas",3399,2
"111","Electric",3000,2
"105","Oil",2196,2.5
"104","Gas",2080,2
"111","Gas",3404,2
"104","Oil",2514,1.75
"105","Oil",2376,2
"101","Electric",1586,2
"101","Oil",1684,1.75
"111","Gas",2820,2.5
"105","Oil",3582,2.75
"111","Oil",3657,3
"105","Gas",3003,3
"104","Oil",2363,2
"104","Oil",2012,2
"101","Oil",1335,1
"101","Gas",963,1.5
"111","Oil",2856,2.5
"101","Oil",2055,1.75
"105","Oil",3060,3
"111","Electric",3328,2
"111","Oil",3168,2.5
"101","Gas",1020,1
"101","Gas",2016,1.75
"101","Gas",1666,1.75
"101","Oil",1442,1.9
"101","Oil",1494,1
"101","Oil",1390,1.5
"101","Gas",1434,2
"104","Oil",2802,2
"101","Oil",2144,2
"101","Oil",1800,2
"101","Electric",1949,1
"101","Oil",1166,1
"104","Oil",2775,2
"101","Oil",1808,1.75
"101","Oil",1546,1.75
"101","Gas",1388,1.75
"101","Oil",1767,1.75
"101","Gas",1746,2
"101","Oil",1610,1.9
"101","Gas",1836,2
"101","Oil",1665,1.9
"104","Oil",2240,2
"101","Oil",1153,1
"104","Oil",3656,2
"101","Gas",3636,2.5
"101","Oil",2089,1.5
"101","Oil",1428,1
"101","Oil",864,1
"105","Gas",2406,3
"101","Gas",1260,1.75
"101","Gas",3736,2
"101","Oil",1410,1.75
"101","Gas",1386,1
"101","Gas",1152,1.5
"105","Gas",2840,2
"101","Gas",1049,1.5
"101","Gas",2392,2
"104","Oil",2494,2.5
"101","Gas",2151,2
"101","Oil",1458,1.5
"101","Gas",1997,1.9
"101","Gas",2192,2.5
"101","Gas",1974,1.5
"104","Oil",2258,2
"101","Oil",1891,1.5
"101","Oil",1014,2
"111","Oil",3488,2.5
"105","Oil",2304,2
"101","Oil",1272,1.5
"101","Gas",1758,1.5
"104","Oil",1820,2.5
"105","Gas",2148,1.5
"101","Electric",2094,2
"104","Gas",1944,2
"111","Gas",3597,2.5
"111","Oil",3253,2.5
"104","Oil",2330,2
"105","Oil",2496,2.5
"101","Oil",1452,1.5
"104","Oil",2122,2
"101","Oil",1485,1.9
"104","Gas",2511,1.5
"105","Oil",3538,2.5
"104","Oil",1945,2.25
"111","Oil",2558,2.5
"105","Oil",2395,2.25
"111","Oil",2076,2
"101","Oil",1353,1.5
"111","Oil",2588,2.75
"961","Oil",4550,2
"105","Oil",3540,2
"101","Oil",3082,2
"101","Oil",1566,2.5
"101","Gas",2428,2
"101","Gas",1863,1.5
"111","Oil",2426,1.5
"105","Gas",3816,3
"111","Oil",3940,2
"101","Gas",3870,2
"104","Oil",2436,2
"101","Oil",2547,2
"104","Gas",2453,2
"101","Gas",3082,1.25
"101","Oil",2505,1.9
"111","Oil",5512,2.5
"101","Oil",1418,1.5
"105","Oil",3016,2.5
"105","Gas",3086,2
"101","Gas",2789,1.9
"101","Oil",3159,2
"104","Gas",3192,1.75
"104","Oil",3324,2
"125","Oil",3639,2.5
"105","Oil",2411,2.5
"101","Gas",2998,2
"101","Gas",2622,2
"109","Oil",1368,1.5
"109","Oil",2490,2
"101","Oil",2701,2
"101","Gas",1776,1.5
"101","Gas",2979,2
"101","Oil",2128,1.9
"109","Oil",3607,2
"111","Gas",3650,2
"105","Gas",3433,2.75
"111","Oil",3393,2
"105","Oil",1901,2.5
"104","Oil",1822,2
"105","Oil",2869,2.5
"105","Gas",3125,2.5
"105","Oil",2633,2.5
"101","Gas",1001,1.5
"101","Oil",1689,1.75
"101","Gas",2252,1.9
"101","Gas",2209,2
"101","Oil",1687,2
"101","Gas",924,1.5
"101","Gas",1130,1.5
"101","Gas",1214,1.5
"104","Oil",2107,2.25
"104","Oil",1949,1.5
"101","Oil",2077,1.9
"101","Gas",2028,1.9
"101","Gas",2730,2
"101","Gas",994,1.5
"101","Oil",2904,2.5
"101","Oil",821,1.5
"105","Oil",3625,2.5
"104","Oil",2866,2.5
"101","Oil",2781,2
"101","Gas",3148,2
"101","Oil",2228,2
"105","Electric",2894,3
"104","Oil",2918,2
"101","Oil",1916,2
"101","Oil",2336,2
"101","Oil",1239,1
"101","Oil",2392,2
"101","Gas",1518,1.5
"101","Oil",1302,1.5
"104","Oil",2704,2
"101","Oil",1275,2
"101","Gas",924,1.5
"101","Oil",1311,2
"101","Oil",1345,1.5
"104","Oil",4077,2.5
"101","Oil",1185,2
"105","Electric",2628,2.5
"111","Oil",2976,2.5
"104","Gas",1900,2
"101","Oil",1218,1.5
"104","Oil",1972,2
"105","Gas",2970,2
"101","Oil",1416,1.5
"105","Oil",3020,2.5
"105","Oil",2530,2
"104","Gas",2606,2
"101","Oil",2159,2
"101","Oil",1773,1.75
"101","Oil",1498,2
"101","Oil",924,1
"105","Gas",2765,2.75
"105","Oil",2246,2
"101","Oil",1438,2
"104","Electric",2760,2
"105","Oil",2892,2.5
"105","Oil",2242,2.5
"101","Oil",1281,1.5
"101","Oil",1158,1.5
"105","Oil",3218,2.75
"104","Gas",2002,2
"101","Gas",1320,2
"101","Oil",1436,1.25
"101","Oil",2682,2
"101","Oil",1465,1.5
"104","Gas",2470,2.5
"104","Oil",2850,2
"101","Gas",1820,2
"101","Gas",1405,1.5
"105","Oil",2731,2
"105","Oil",1916,2.25
"111","Gas",3301,2.5
"104","Gas",2875,2
"104","Oil",1734,2
"105","Oil",4503,2
"101","Oil",1501,1.5
"104","Gas",1800,2
"105","Gas",2819,2
"101","Gas",2156,2
"105","Gas",2296,2
"101","Oil",1119,1.5
"101","Oil",1950,2
"101","Oil",1712,2
"101","Oil",920,2
"101","Oil",2050,2
"101","Gas",1480,1.5
"101","Gas",1112,1
"101","Oil",1174,1
"101","Gas",1982,1.5
"101","Gas",1008,1
"101","Gas",1749,1.5
"104","Gas",2530,2.25
"111","Gas",3173,2.5
"104","Oil",1776,2
"104","Gas",1772,2
"101","Gas",1724,1.5
"101","Oil",1391,1.75
"104","Gas",1339,2
"101","Gas",832,1
"101","Gas",990,1.5
"101","Gas",2844,1.9
"111","Oil",3268,2.5
"101","Oil",1512,1.75
"101","Oil",2380,1.5
"101","Gas",760,1.5
"105","Gas",3741,3
"105","Oil",3743,3
"105","Oil",2686,2.5
"101","Gas",1512,1.75
"105","Oil",2380,2.5
"105","Oil",2744,2.5
"105","Gas",2400,2.5
"105","Electric",2962,2.5
"105","Gas",2916,2.25
"105","Oil",3344,2
"105","Oil",2636,2.25
"105","Gas",2188,2.5
"104","Oil",2571,2.25
"105","Gas",3110,2.25
"101","Oil",1920,2
"104","Oil",1911,1.75
"101","Oil",988,1
"101","Oil",2451,2.25
"101","Oil",1576,1.75
"101","Oil",1494,1.75
"101","Gas",1973,1.75
"101","Oil",1310,1.5
"101","Oil",2240,1
"109","Oil",2850,2.5
"104","Oil",3038,1.75
"105","Oil",3473,2.5
"101","Oil",1532,2
"101","Oil",1367,1.75
"101","Gas",1593,1.75
"104","Oil",2337,2.5
"104","Gas",2362,1.75
"105","Oil",2371,2.25
"105","Oil",2502,2.5
"101","Gas",1059,1.5
"104","Gas",2502,2
"101","Oil",1539,1.75
"101","Oil",1225,1.5
"104","Gas",2691,1.75
"104","Oil",2513,1.9
"104","Oil",1720,2
"101","Oil",793,1
"105","Oil",3249,2.5
"101","Gas",2772,2
"105","Oil",2657,2
"105","Oil",2376,2
"101","Oil",2030,2
"111","Oil",3480,3
"104","Gas",2200,2.25
"104","Oil",2900,2.5
"101","Gas",1794,2.25
"101","Gas",1923,1.75
"105","Gas",2086,1.75
"101","Oil",1833,2
"101","Oil",1574,2
"101","Oil",1013,1.75
"101","Oil",1714,2
"101","Gas",1056,1.5
"104","Gas",2714,2.25
"104","Electric",1736,1.75
"104","Oil",1800,2
"101","Oil",1907,1.75
"109","Gas",503,1
"101","Gas",1536,1.75
"104","Gas",2568,2.25
"105","Oil",2694,2.75
"105","Gas",3256,2.75
"101","Oil",1852,2
"111","Oil",2933,2.5
"104","Gas",2242,2
"104","Gas",2256,2
"101","Gas",2638,2.25
"105","Gas",2960,2.5
"105","Oil",2960,2.5
"104","Gas",3033,2.5
"101","Gas",1292,1.25
"101","Oil",1248,1.5
"101","Gas",1344,1.5
"105","Gas",2582,2.5
"104","Gas",2388,2.5
"101","Oil",1178,1.5
"105","Gas",2636,2.5
"101","Gas",1581,1.75
"101","Oil",1348,1.5
"105","Oil",2648,2.5
"101","Oil",1170,1.5
"101","Gas",962,1
"105","Gas",3701,2.9
"111","Gas",3248,2
"101","Oil",1270,2
"105","Gas",2246,2.25
"101","Gas",2141,1.75
"101","Oil",1465,1.75
"104","Gas",1600,1.75
"101","Oil",1008,1.5
"101","Oil",1609,1.5
"101","Gas",1756,2
"105","Oil",3246,2.5
"101","Gas",2052,2.25
"101","Oil",1414,1.25
"101","Gas",720,1
"101","Oil",1312,1.5
"101","Oil",1008,1.25
"105","Oil",2484,2.5
"101","Oil",1036,1
"101","Oil",1439,2
"105","Oil",2160,2.5
"101","Gas",1116,1.75
"101","Gas",1224,1.5
"101","Gas",924,1.5
"101","Oil",1176,1.5
"101","Oil",858,1.5
"104","Oil",2406,2.75
"101","Gas",1531,1.75
"104","Gas",1694,1.5
"101","Gas",2034,1.75
"105","Oil",2154,1.75
"104","Gas",3101,2
"101","Oil",1148,1.5
"104","Oil",3053,2
"104","Electric",2109,2
"101","Gas",1348,1.75
"101","Oil",948,1
"105","Oil",2592,2.25
"101","Oil",2006,2
"101","Oil",1876,2
"101","Oil",1635,2
"101","Oil",1620,1.5
"101","Gas",1428,1.75
"101","Oil",1428,1.75
"101","Gas",1238,2.25
"101","Gas",1372,1
"101","Electric",2432,2
"105","Gas",1958,2.25
"101","Gas",1301,1.9
"101","Oil",1249,1.5
"105","Gas",2588,2.5
"101","Gas",1600,1.25
"125","Gas",4546,2.5
"104","Oil",2284,2
"109","Gas",1536,2
"111","Gas",4310,2
"101","Oil",981,1.5
"104","Electric",2132,2.25
"101","Oil",957,1.5
"104","Gas",2154,2.25
"111","Oil",2896,2
"101","Oil",1188,1.5
"101","Oil",1421,1.75
"101","Gas",1008,1.75
"104","Gas",2154,2.25
"111","Gas",3267,2
"101","Oil",1820,2.25
"101","Oil",1821,2
"101","Gas",1348,1.75
"101","Oil",1105,1
"101","Gas",2148,2
"101","Oil",1736,1.5
"101","Oil",1746,1.25
"101","Oil",1758,1
"101","Gas",1758,1
"101","Oil",1260,1.75
"101","Gas",1856,1.75
"101","Gas",1356,1.5
"104","Oil",2009,1.5
"101","Oil",1623,1.5
"101","Oil",1356,1.5
"101","Oil",1272,1.75
"101","Gas",1323,1.75
"101","Gas",1218,1.25
"101","Gas",1440,2
"101","Oil",2055,1.75
"104","Gas",1947,1.75
"101","Oil",1538,1.5
"101","Gas",1385,1.5
"101","Gas",1074,1.5
"101","Oil",1148,1.5
"105","Oil",2368,2.5
"105","Oil",3035,1
"101","Oil",1640,2
"101","Gas",1575,1.75
"101","Oil",1332,1.5
"104","Gas",1176,1.75
"101","Gas",1014,1.5
"104","Oil",1530,1.5
"105","Gas",2441,2.5
"101","Gas",1342,1.25
"104","Gas",2843,2.5
"105","Gas",3741,2.5
"101","Oil",1180,1
"101","Oil",2110,2
"101","Oil",2021,1.5
"101","Oil",1680,1.5
"101","Oil",1109,1.25
"101","Oil",1692,2
"111","Oil",3364,2
"111","Gas",3306,2
"101","Oil",4719,2
"101","Electric",2579,2.25
"101","Gas",3133,1.75
"101","Gas",1748,1.75
"109","Gas",1778,2
"959","Oil",3825,2
"105","Oil",2860,2.75
"101","Gas",1035,1.5
"101","Oil",1035,1.5
"101","Gas",1008,1.5
"104","Gas",1557,1.5
"101","Oil",1107,1.5
"101","Oil",990,1.5
"104","Gas",2454,1.5
"101","Gas",1090,1.75
"101","Gas",1061,1.5
"101","Oil",1904,2.25
"101","Oil",2290,2
"101","Gas",3358,2
"101","Oil",3506,2.25
"104","Oil",2610,1.5
"105","Gas",2238,2.5
"101","Oil",1056,1.5
"101","Oil",1445,1.5
"101","Gas",1335,2
"104","Oil",2262,2
"104","Oil",2342,2
"101","Oil",2182,2.25
"104","Oil",1940,2
"101","Oil",1123,1
"101","Gas",979,1.75
"101","Oil",2176,1.75
"105","Gas",2110,2.25
"104","Oil",2058,1.75
"105","Oil",2574,2.75
"104","Oil",2332,2
"101","Gas",1229,1
"104","Oil",1282,1.25
"105","Gas",3525,3
"101","Gas",1280,2
"111","Gas",3854,3
"111","Gas",2832,2.5
"111","Electric",2875,2
"105","Oil",2493,2.25
"101","Oil",1206,1.5
"105","Oil",2678,2
"101","Oil",1116,1.5
"101","Oil",1082,1.5
"105","Gas",2241,2.5
"101","Gas",1206,1.75
"111","Gas",3013,1.5
"101","Electric",1388,1.5
"101","Gas",1444,1.5
"125","Gas",3289,1.5
"105","Gas",2470,2.5
"104","Oil",2074,2.25
"104","Oil",2930,2.5
"101","Gas",1224,1.5
"101","Oil",1292,1.5
"111","Oil",2964,2
"101","Gas",1575,1.75
"104","Gas",1884,2.25
"101","Gas",1151,1.5
"105","Gas",2444,2
"101","Oil",941,1
"101","Gas",966,1.5
"101","Oil",1302,1.5
"101","Oil",1378,1.5
"101","Gas",1365,1.5
"101","Oil",1329,1.75
"104","Gas",1253,1.5
"101","Oil",1134,2
"111","Oil",2024,2
"111","Gas",1448,1.75
"104","Oil",2184,2
"111","Gas",2978,2.5
"101","Gas",936,1
"109","Oil",936,1
"109","Gas",2016,2
"101","Gas",1440,2
"101","Oil",960,1.5
"104","Gas",1236,1.5
"104","Oil",1584,1.5
"111","Oil",3001,3
"105","Oil",3748,2
"104","Coal or Wood",2204,2.25
"111","Gas",4626,2
"101","Gas",2170,1.75
"105","Gas",4290,2.75
"101","Oil",1001,1.5
"101","Gas",1785,1.75
"105","Gas",3474,2.25
"104","Gas",2001,2
"105","Gas",2652,3
"111","Oil",4043,2.5
"104","Gas",2008,1.5
"104","Gas",2323,2
"101","Gas",1768,2
"104","Oil",1755,1.5
"111","Electric",3360,2
"101","Gas",2904,2.25
"111","Oil",2756,2
"104","Gas",1945,2
"105","Oil",1701,1.75
"105","Gas",2316,2.5
"104","Oil",1872,2.25
"101","Oil",1163,1.75
"101","Gas",1140,1.5
"104","Oil",1945,2
"105","Gas",2914,3
"111","Gas",2488,2
"101","Gas",1186,1.5
"111","Gas",4095,2.75
"101","Gas",1204,1.5
"101","Gas",1080,1.5
"101","Oil",1365,1.5
"101","Gas",1113,1.25
"101","Gas",890,1.25
"105","Gas",3224,2.9
"101","Electric",980,1
"101","Gas",992,1.75
"104","Oil",2112,2.25
"104","Gas",2502,2
"104","Oil",2502,2
"104","Oil",2448,2
"111","Oil",3328,2.25
"105","Gas",2857,2.25
"105","Gas",2462,2.25
"105","Gas",2350,2
"111","Gas",4996,4
"101","Gas",1568,2
"101","Gas",1416,1.5
"111","Oil",2488,2
"101","Gas",1472,1.5
"104","Oil",2184,2
"101","Oil",1358,1.5
"101","Oil",1666,2
"101","Oil",1546,2
"101","Electric",1648,2
"101","Oil",1534,2
"101","Oil",1772,1
"101","Oil",1461,2.25
"101","Oil",1192,1.5
"101","Gas",2032,2
"111","Oil",3564,3
"104","Gas",1800,2
"101","Oil",1388,1
"101","Oil",1512,1.75
"101","Oil",1248,1
"101","Oil",1594,1.5
"104","Gas",1608,2
"101","Gas",1832,1.5
"101","Gas",2022,1
"101","Oil",1080,1
"104","Oil",1563,2
"101","Oil",1388,2
"101","Oil",912,1
"109","Oil",1721,2
"101","Oil",1355,2
"101","Oil",1815,2.25
"101","Oil",1139,1.5
"104","Oil",2342,2.25
"101","Oil",1224,1.5
"101","Oil",1344,1.5
"010","Gas",1820,1.75
"101","Oil",1224,1.5
"105","Electric",3070,2
"101","Oil",1503,2
"101","Gas",1135,2
"101","Gas",1254,1.5
"101","Gas",997,1
"105","Oil",2382,2.5
"101","Oil",1080,1.5
"101","Gas",1716,2
"104","Oil",2382,2.5
"101","Oil",2072,2
"104","Oil",2128,2
"104","Gas",1255,1.75
"105","Gas",2148,1.5
"105","Oil",2250,2.5
"101","Oil",648,1
"101","Oil",928,1.5
"101","Oil",924,1.5
"101","Oil",1393,1.5
"105","Electric",2431,2.75
"105","Gas",2871,2.75
"104","Gas",1176,1.75
"105","Coal or Wood",2669,2.25
"105","Gas",2034,2.5
"101","Oil",1220,1.75
"101","Oil",1140,1.5
"101","Oil",1218,1.5
"101","Gas",1007,1.75
"101","Oil",1424,1.5
"104","Oil",2086,2
"104","Oil",2256,1.5
"105","Oil",2655,2.5
"104","Oil",2172,2.5
"101","Oil",1200,2.25
"101","Oil",1319,2.25
"101","Oil",1007,1.25
"101","Gas",1025,1.5
"101","Gas",1601,2
"101","Oil",1602,1.5
"104","Oil",2408,2.25
"111","Oil",3578,1.5
"105","Gas",1894,2.5
"104","Gas",1474,2
"111","Electric",2787,2
"105","Gas",2184,2
"101","Oil",2243,1.5
"101","Gas",2880,2
"111","Gas",2071,1.5
"111","Oil",4394,2
"101","Gas",1597,2.25
"104","Oil",2483,1.25
"961","Gas",1572,1.75
"111","Oil",2986,2
"101","Gas",2212,2
"111","Oil",2176,2
"101","Oil",991,1.5
"101","Gas",1471,1.5
"104","Oil",1919,1.75
"101","Oil",1340,1.5
"101","Oil",1870,1.5
"104","Gas",2676,2.25
"101","Oil",1444,2
"101","Oil",1011,1.5
"101","Gas",892,1.5
"101","Oil",1146,1.5
"101","Gas",1382,1.75
"105","Oil",2546,2.25
"101","Oil",1424,1.5
"101","Oil",1075,1
"101","Gas",1194,1.5
"101","Gas",1487,1.75
"101","Gas",1246,1.9
"101","Gas",1261,1.5
"105","Oil",2540,2.25
"105","Gas",2540,2.25
"101","Gas",1362,2.25
"101","Gas",1750,2
"101","Oil",988,1
"101","Gas",1706,1
"101","Gas",3763,2
"101","Oil",1612,2
"101","Oil",742,1
"101","Gas",1142,1
"104","Oil",1990,2.25
"104","Oil",2238,2
"101","Gas",1163,1.5
"105","Gas",1690,2.25
"101","Oil",1182,1.5
"101","Oil",1080,1.5
"101","Gas",823,1.75
"101","Oil",882,1.5
"101","Oil",1188,2
"101","Oil",864,1.5
"104","Gas",2140,2.25
"101","Oil",1116,1.5
"101","Gas",1218,1
"104","Gas",1872,2.25
"105","Gas",2592,3
"105","Gas",2021,2.25
"105","Oil",1972,2.25
"105","Oil",2072,2.5
"105","Gas",2652,2.5
"101","Gas",1110,1.5
"101","Gas",990,1.5
"101","Oil",1080,1.5
"101","Oil",1163,1.75
"101","Oil",1204,1.5
"101","Oil",776,1.5
"101","Gas",936,1
"104","Oil",2366,2
"101","Gas",1092,1.75
"101","Oil",1404,1
"104","Oil",2128,2.25
"105","Oil",3469,3
"101","Oil",1026,1.5
"104","Oil",1794,1.5
"104","Oil",756,1.5
"111","Oil",3306,2
"101","Oil",1008,1.5
"105","Gas",2936,2.25
"105","Gas",2620,2.25
"101","Oil",1430,1.75
"101","Oil",1278,1.5
"104","Oil",1976,2
"101","Oil",1089,1.5
"101","Oil",1176,1.75
"104","Gas",2013,1.75
"101","Gas",1259,1.5
"101","Oil",1920,2
"101","Oil",1008,1.5
"101","Gas",1140,1.5
"101","Oil",1080,1.5
"101","Oil",1233,1.5
"101","Oil",1192,1.25
"101","Oil",1548,1.5
"104","Oil",1777,1.5
"101","Gas",1254,1.5
"104","Oil",1958,2.25
"111","Oil",3306,2
"111","Electric",3400,2
"105","Gas",2620,2.25
"111","Gas",3400,2
"956","Oil",1685,2
"956","Oil",972,1
"101","Oil",1506,1.25
"101","Gas",2341,2.25
"111","Oil",3353,2
"101","Oil",1893,1.75
"111","Oil",2892,2
"101","Oil",1841,1.5
"101","Oil",1249,1.25
"101","Gas",1212,1.5
"101","Oil",1336,2
"101","Gas",1152,1.5
"105","Oil",2566,2.5
"101","Oil",1325,1.25
"101","Gas",1846,2.25
"111","Oil",2964,2
"101","Gas",1418,1.5
"105","Gas",2340,2.5
"105","Oil",2246,2
"101","Gas",1248,1.5
"101","Oil",1420,1.5
"101","Oil",1050,1
"101","Oil",1302,1.25
"101","Oil",1556,2
"101","Gas",1013,1.25
"101","Gas",924,1.5
"101","Oil",1316,1.25
"101","Gas",2211,1
"101","Oil",1368,1.5
"105","Oil",2738,2.5
"101","Oil",1112,1.5
"101","Gas",1473,1.5
"101","Oil",924,1.5
"101","Oil",1621,1.75
"101","Oil",1025,1
"101","Oil",2078,2
"101","Gas",1202,1
"101","Gas",1250,1.5
"101","Oil",1812,2
"101","Oil",1368,1.5
"105","Oil",2794,2.5
"101","Oil",1456,1.75
"101","Oil",2274,2
"101","Oil",1772,1.75
"101","Oil",1254,1.5
"101","Oil",1765,1.25
"101","Gas",2244,2
"105","Oil",2732,2
"101","Gas",1200,1.5
"105","Gas",2635,2.5
"104","Gas",1879,2.25
"101","Oil",1461,1.5
"104","Gas",2008,1.75
"101","Gas",919,1.5
"104","Oil",2624,2
"101","Oil",1080,1.5
"105","Oil",2083,2.25
"101","Oil",1507,1.5
"105","Gas",3500,3
"101","Oil",1314,1.25
"101","Gas",1269,1.5
"105","Gas",3424,2.9
"104","Gas",1716,2.25
"101","Oil",1468,1
"101","Gas",1607,1.75
"101","Oil",1008,1.75
"101","Oil",744,1
"101","Oil",1368,1.5
"101","Oil",1572,1.5
"101","Gas",1440,1.75
"101","Oil",2192,1.9
"101","Gas",1765,1
"101","Gas",1142,1.5
"101","Gas",2372,1.75
"101","Oil",988,1.25
"105","Gas",2920,2.75
"101","Oil",1229,1.5
"101","Oil",1526,1
"101","Oil",1092,1
"101","Oil",1184,1.75
"101","Oil",864,1.25
"101","Gas",588,1.25
"101","Gas",610,1
"111","Oil",2217,1.9
"101","Oil",1565,1
"105","Gas",2318,1.25
"101","Gas",2487,2
"105","Oil",2172,2.25
"101","Gas",936,2
"111","Oil",2964,2
"101","Oil",1000,1
"101","Gas",1050,1
"101","Oil",1008,1
"101","Oil",1156,1
"101","Electric",1270,1
"104","Gas",2496,2
"101","Oil",1620,2
"109","Gas",2252,2
"101","Oil",1617,1.75
"101","Oil",1026,1.5
"101","Gas",2268,2
"101","Oil",630,1.5
"105","Gas",2951,2
"104","Oil",1400,1.5
"101","Oil",1078,1.75
"101","Gas",630,1.5
"104","Gas",1448,1.75
"101","Oil",660,1.5
"101","Gas",1370,1
"104","Oil",1798,2
"105","Oil",2169,2
"104","Oil",1908,2
"101","Oil",1283,1.5
"101","Oil",1336,1.5
"111","Gas",2880,2
"104","Gas",2818,2.25
"101","Oil",1344,1.25
"101","Oil",2093,1.75
"101","Gas",2076,1.25
"101","Oil",3006,2
"101","Oil",1716,1.75
"101","Oil",1505,1
"101","Electric",1142,1.25
"101","Oil",2086,1.75
"101","Oil",1637,1.5
"101","Oil",1409,1.5
"101","Gas",960,1
"101","Gas",1930,2.25
"101","Oil",1520,2
"101","Oil",1080,1
"101","Gas",1949,1.5
"101","Gas",2874,2.5
"101","Gas",2438,2.25
"101","Oil",1811,1.75
"101","Oil",1400,1.75
"101","Oil",940,1.5
"101","Oil",1920,1.5
"101","Gas",1136,1
"101","Electric",1020,1
"105","Oil",2600,2.5
"101","Oil",1039,1.5
"104","Oil",2592,2
"104","Oil",1006,1.5
"101","Oil",1732,2
"111","Gas",3630,2.5
"111","Oil",2363,2
"101","Oil",1072,1
"111","Electric",3306,2
"104","Gas",1692,1.5
"101","Oil",858,1.5
"101","Oil",858,1.5
"104","Oil",1956,2
"104","Oil",1932,2
"104","Oil",2318,2
"101","Electric",974,1.25
"101","Gas",1320,1.5
"101","Oil",1644,1.5
"111","Gas",3740,2.5
"104","Oil",2628,2
"101","Gas",1167,1.75
"101","Oil",1202,1.25
"104","Oil",1284,1.5
"101","Gas",2445,1.9
"101","Oil",1080,1.25
"101","Gas",2273,1.75
"101","Oil",1132,1
"101","Oil",1538,1.75
"101","Oil",1108,1
"101","Oil",1252,1
"104","Oil",1872,2.25
"101","Electric",2690,2
"101","Oil",2065,1.75
"111","Oil",3182,2
"101","Gas",2335,1.75
"101","Gas",1792,1.75
"101","Oil",1696,1.75
"101","Oil",1322,1
"101","Gas",2062,1.75
"104","Oil",1800,1.5
"101","Oil",1990,2
"101","Oil",2700,2
"104","Electric",1623,1.25
"104","Oil",1800,2
"104","Oil",2242,1.75
"101","Oil",1632,2
"101","Gas",759,1
"105","Gas",2808,3
"101","Electric",1433,1.75
"101","Oil",1625,1
"101","Oil",1618,2
"101","Oil",1867,2
"104","Oil",1848,2.5
"104","Oil",2100,2.25
"105","Gas",3866,2.25
"104","Oil",2186,2
"105","Oil",3064,2
"105","Gas",3636,2
"101","Gas",1925,1.5
"101","Gas",1254,1.5
"101","Oil",1703,2
"101","Gas",1428,2
"101","Gas",1952,2
"101","Gas",1317,1.5
"104","Oil",2392,2
"101","Oil",1524,1.5
"105","Gas",3140,2.5
"101","Gas",1360,1.5
"105","Oil",2502,2
"101","Oil",830,1
"104","Gas",2576,2
"104","Oil",1704,2
"101","Electric",1344,2
"101","Oil",1890,2
"101","Oil",2116,1.75
"104","Oil",2474,2.15
"104","Gas",2376,2.25
"101","Oil",704,1
"101","Oil",960,1
"101","Oil",1343,1.5
"104","Gas",2448,2.25
"101","Oil",1084,1
"101","Oil",1905,1
"101","Gas",1062,1.25
"104","Oil",3108,2.5
"101","Gas",3360,2
"104","Oil",2938,1.9
"101","Oil",768,1
"101","Gas",1268,1
"101","Gas",1480,1.75
"101","Gas",1740,1.75
"101","Gas",1420,1.5
"101","Oil",1348,2
"101","Oil",1590,1.75
"101","Oil",1580,1.75
"101","Oil",1441,1
"101","Oil",1470,1.75
"101","Oil",1072,1.5
"101","Gas",1190,1.25
"101","Oil",1200,1.5
"101","Oil",1439,1
"101","Oil",804,1
"101","Oil",930,1.5
"101","Electric",742,1
"101","Gas",1274,1.75
"101","Oil",1208,1
"101","Oil",1064,1
"104","Electric",1664,1
"104","Gas",1965,1.9
"104","Gas",2080,2
"101","Oil",1182,1
"104","Gas",2354,2.25
"104","Oil",2146,2.25
"105","Oil",2614,2.25
"101","Oil",1257,1
"111","Gas",4662,2
"101","Oil",1935,2.25
"101","Oil",1672,1.5
"101","Oil",1802,1.5
"101","Gas",1148,1
"101","Oil",1756,2
"101","Gas",2146,2.25
"104","Oil",2926,2.75
"101","Oil",1209,1
"101","Oil",1734,1
"101","Oil",1000,1
"101","Oil",890,1.5
"101","Oil",1296,1
"101","Oil",1080,1.5
"101","Oil",1289,1.75
"105","Gas",3826,2.25
"101","Gas",1078,1.5
"101","Gas",1412,1.25
"101","Oil",1141,1.25
"101","Oil",878,1
"101","Gas",1248,1.5
"101","Oil",1092,1
"101","Oil",1543,1.4
"101","Gas",1812,1.75
"101","Gas",990,1.5
"101","Oil",832,1
"101","Gas",1982,2
"101","Oil",1104,1
"101","Oil",1456,1.75
"101","Oil",1340,1.25
"101","Gas",1692,1.75
"101","Oil",1165,1.25
"101","Gas",858,1.25
"101","Oil",1940,2
"101","Gas",1576,1.75
"101","Oil",1834,1.9
"101","Gas",1540,1.75
"101","Oil",1581,1.9
"101","Gas",1518,1.5
"101","Oil",1352,1
"101","Oil",1493,1
"101","Oil",1046,1
"101","Oil",1826,2
"101","Oil",1248,1
"101","Oil",1128,1
"101","Oil",1201,1
"101","Oil",2314,1
"101","Oil",1302,1
"101","Oil",1317,1
"101","Oil",1158,1
"101","Oil",1194,1
"101","Oil",1211,1
"101","Oil",1230,1
"101","Oil",1196,1
"101","Oil",1232,1
"101","Gas",1130,1
"101","Oil",1996,2
"101","Oil",2032,2
"101","Gas",1196,1
"101","Gas",2100,1.75
"101","Oil",2052,2
"101","Oil",1976,2
"101","Oil",2150,2.25
"101","Electric",1876,1
"101","Oil",2088,2
"101","Oil",1800,2
"101","Oil",2360,1.75
"101","Oil",2014,2
"101","Oil",2252,2
"101","Oil",1300,1
"101","Oil",2528,2.25
"101","Oil",1768,2
"101","Oil",1408,1
"101","Oil",1878,1.9
"101","Oil",1872,1.9
"101","Oil",1700,2
"101","Oil",1547,1.75
"101","Oil",1554,2
"101","Oil",1782,1.75
"101","Oil",2270,2
"101","Oil",1260,1.5
"101","Oil",2005,1.75
"101","Oil",1008,1
"101","Gas",1713,1.9
"104","Oil",2154,2.25
"101","Oil",1595,1.75
"101","Gas",1334,2
"101","Gas",2281,2.25
"104","Gas",2070,2
"104","Gas",2122,2.25
"101","Oil",1443,1.75
"101","Gas",1470,2
"104","Gas",2026,2.25
"101","Gas",1144,1
"104","Oil",2342,2
"101","Gas",1184,1
"104","Oil",1372,1.75
"101","Gas",1427,1
"101","Gas",1400,1
"101","Oil",900,1
"101","Electric",768,1
"101","Oil",830,1.5
"101","Oil",1272,1.75
"101","Oil",1050,1.5
"104","Oil",1748,2.5
"101","Oil",1188,1.5
"105","Gas",2210,2.5
"104","Gas",2122,2.25
"101","Gas",2138,2
"101","Oil",1134,1.5
"101","Gas",1242,1.5
"101","Oil",1304,1.5
"101","Gas",1564,2
"101","Oil",1804,1.75
"101","Oil",1232,1
"104","Electric",1151,1
"101","Oil",1168,1
"101","Oil",1274,1.75
"101","Gas",1224,1.5
"101","Oil",2580,2
"104","Gas",2246,2.25
"104","Electric",1555,1.75
"101","Oil",1092,1
"111","Oil",3135,2
"101","Gas",1371,1.75
"105","Gas",2696,2.25
"104","Oil",2340,2.25
"101","Gas",637,1
"101","Electric",1194,1.5
"101","Electric",506,1
"101","Oil",988,1
"101","Oil",1510,1
"101","Oil",1680,1
"111","Oil",3465,2
"101","Gas",1690,1.25
"101","Gas",1190,1.75
"101","Oil",1368,1.75
"101","Gas",1936,1
"101","Oil",1496,1.25
"101","Oil",1707,2
"101","Gas",828,1.5
"101","Oil",1520,2
"101","Gas",1395,1.5
"101","Oil",1008,1.25
"101","Gas",988,1
"101","Gas",1056,1
"101","Gas",2556,1.75
"101","Gas",1747,2
"101","Gas",1570,1.5
"101","Oil",2516,1.5
"101","Oil",1572,1.5
"101","Gas",1814,1.75
"101","Gas",1001,1.5
"101","Gas",1768,2.25
"104","Oil",1672,1.5
"101","Oil",1425,1.75
"101","Gas",1736,1
"101","Oil",1729,1.5
"101","Oil",1200,1.5
"101","Gas",1227,1.5
"101","Oil",1528,2
"105","Gas",3243,2.25
"101","Oil",1651,1.75
"101","Oil",1144,1
"105","Oil",3140,2.25
"104","Oil",2184,2
"101","Gas",1836,2.25
"101","Gas",1976,2
"101","Oil",2275,2.25
"101","Gas",2797,2.25
"104","Oil",1998,2
"105","Oil",2763,2.25
"101","Oil",1487,1.25
"101","Oil",1536,1.5
"104","Oil",2768,2
"104","Gas",2786,2
"105","Gas",3191,3
"101","Oil",1360,2
"101","Oil",1524,1.25
"101","Oil",1972,1.75
"101","Gas",1456,1.75
"101","Gas",1853,1.9
"101","Gas",1836,2
"104","Oil",2880,2.5
"101","Gas",1131,1.5
"101","Oil",2316,1.75
"101","Oil",1547,1.75
"101","Gas",942,1
"111","Gas",3144,3
"101","Gas",1692,2
"101","Oil",1028,1
"101","Gas",1050,1
"104","Oil",3029,2.25
"105","Gas",2478,2.25
"105","Gas",2780,2.5
"101","Gas",3017,3
"105","Gas",2662,2.25
"105","Gas",4026,3
"104","Oil",2787,2
"101","Oil",2965,2
"101","Oil",1944,1
"101","Gas",1696,1
"101","Electric",1642,2
"101","Oil",1092,1.5
"101","Oil",999,1.5
"101","Gas",2317,1.5
"101","Gas",1390,1.25
"101","Gas",1344,1.25
"101","Oil",1489,1.5
"101","Oil",1515,1.5
"109","Oil",1260,1
"101","Oil",936,1.5
"101","Gas",1760,2.25
"101","Oil",3280,2.25
"101","Oil",1488,1.75
"101","Gas",1732,1.75
"101","Gas",1344,1.75
"101","Oil",997,1
"101","Oil",1934,1.75
"101","Gas",1670,1.75
"101","Oil",1080,1
"101","Oil",1666,1.75
"101","Oil",1461,1.75
"101","Electric",790,1
"970","Oil",957,1
"101","Gas",1267,1.25
"101","Oil",1344,1.75
"101","Oil",1326,1.5
"101","Gas",1516,1
"101","Oil",1206,1.5
"101","Oil",1560,1.75
"101","Oil",1705,1.25
"101","Oil",912,1
"101","Oil",1104,1.25
"101","Oil",912,1
"101","Oil",1068,1
"101","Gas",2292,2.25
"101","Oil",960,1
"101","Oil",960,1
"101","Oil",1068,1
"101","Oil",1258,1
"101","Oil",1280,1
"101","Oil",1428,1.5
"101","Oil",1396,1
"101","Oil",988,1
"101","Oil",1594,1
"101","Oil",966,1
"101","Oil",1508,1
"101","Oil",1872,1.5
"101","Oil",1444,1
"101","Oil",1236,1
"101","Oil",1212,1
"104","Gas",2184,2.25
"101","Oil",1459,2
"101","Oil",1939,2
"101","Oil",1536,2
"101","Gas",2429,2
"101","Oil",1990,1.5
"101","Oil",1293,1.9
"101","Oil",1122,1
"101","Oil",912,1
"101","Oil",1360,1
"101","Oil",2054,2
"101","Oil",912,1
"101","Gas",960,1
"101","Gas",960,1
"101","Gas",1560,2
"101","Oil",1656,1
"101","Oil",912,1
"101","Oil",1824,2
"101","Oil",1080,1
"101","Gas",1075,1
"105","Gas",3569,3
"105","Oil",3972,3
"105","Gas",2373,2
"101","Gas",2040,2
"105","Oil",3558,2
"104","Oil",1554,1.5
"101","Oil",1608,2
"104","Oil",2112,2
"105","Oil",2496,3
"101","Gas",1222,1
"101","Oil",1634,1.75
"104","Gas",2410,1.75
"101","Oil",1440,2
"101","Oil",1031,1.5
"101","Oil",1764,1.75
"104","Gas",1135,1.75
"101","Oil",1120,1
"101","Gas",988,1.5
"104","Gas",2736,2
"104","Oil",1766,2
"101","Oil",3442,1.75
"111","Electric",3360,2
"101","Oil",1468,1.75
"111","Electric",3360,2
"109","Electric",1296,1.5
"101","Gas",2165,1.5
"112","Oil",4085,2.5
"104","Oil",1625,1.5
"104","Oil",2687,2.5
"101","Gas",1900,2
"101","Gas",1683,1.75
"111","Gas",3266,2.5
"101","Gas",1645,1.5
"104","Gas",2556,2
"101","Oil",1044,1.5
"101","Oil",1544,1
"101","Gas",1974,1.75
"101","Oil",1082,1.5
"101","Gas",1250,1.5
"101","Gas",1482,1.9
"105","Oil",1795,2
"101","Oil",1188,1.5
"101","Gas",1508,2
"101","Gas",1560,2
"101","Gas",988,1
"101","Oil",1359,1.5
"101","Oil",1206,1.5
"101","Oil",941,1
"101","Electric",1244,1
"101","Oil",3512,2
"101","Oil",1653,1
"101","Oil",1288,1
"101","Oil",1547,1.75
"101","Oil",1820,1.5
"101","Oil",1155,1
"101","Oil",1496,1
"101","Oil",1056,1
"101","Oil",1461,2
"101","Oil",1220,1
"101","Oil",1570,1.75
"101","Oil",1092,1
"101","Oil",1080,1
"101","Oil",1096,1
"101","Oil",864,1
"101","Oil",1188,1
"101","Oil",1260,1
"104","Oil",2184,2
"101","Oil",1392,2
"101","Gas",1482,1
"101","Oil",960,1
"101","Oil",1344,1.75
"101","Oil",1170,1.5
"101","Oil",1137,1
"101","Electric",1488,1
"109","Gas",2290,2
"101","Gas",2286,1.5
"104","Oil",3084,2
"105","Gas",2328,2.75
"109","Oil",1316,1.5
"101","Oil",4150,2.5
"101","Oil",1568,1.75
"101","Gas",1348,1
"101","Oil",2513,2.25
"101","Gas",864,1.5
"105","Gas",3189,2
"101","Oil",1400,1.75
"111","Gas",2194,2.5
"104","Gas",2032,2.25
"105","Gas",2518,2.5
"101","Oil",1632,2
"105","Oil",2059,2.25
"104","Oil",2629,2.5
"105","Oil",2658,2.5
"105","Oil",2230,2.25
"111","Gas",3600,3
"109","Oil",1170,1.5
"101","Gas",1355,1.5
"104","Oil",2453,2.25
"104","Gas",1571,1.75
"111","Oil",2101,2
"101","Oil",1200,1.5
"101","Gas",1183,1.5
"105","Gas",2059,2.25
"101","Oil",1040,1.5
"101","Gas",1078,1.75
"101","Oil",1642,1.5
"101","Gas",1148,1.5
"101","Gas",1078,1.75
"101","Oil",1078,1.75
"101","Oil",1266,1.5
"101","Oil",3554,2.25
"105","Gas",1819,2.25
"101","Oil",1387,1.75
"101","Oil",1232,1
"105","Oil",2686,2.5
"101","Oil",1122,1
"101","Oil",3016,1.75
"101","Gas",1781,1.75
"101","Oil",2106,1.5
"101","Oil",2014,1.5
"101","Oil",1924,1.5
"101","Oil",1746,2
"101","Gas",1254,1.5
"105","Gas",1440,1.5
"101","Oil",950,1.25
"101","Oil",1320,1.5
"101","Gas",4077,2
"101","Oil",1755,2.25
"101","Gas",1576,1
"101","Oil",1016,1.5
"101","Oil",1010,1.5
"953","Coal or Wood",544,1
"105","Oil",2688,2.25
"105","Gas",2413,2
"109","Gas",1851,2
"101","Oil",924,1.5
"101","Oil",1000,1.5
"101","Oil",1704,2
"101","Oil",1163,1.5
"101","Oil",1334,1.5
"105","Oil",2138,2.25
"105","Gas",2244,2.75
"101","Oil",2028,2
"101","Oil",1170,1.5
"104","Oil",1680,2
"111","Oil",2944,2
"104","Oil",1520,2
"101","Oil",1463,1.25
"101","Gas",1102,1.75
"101","Oil",1946,1.75
"101","Oil",1562,1
"101","Oil",1372,1
"101","Oil",1369,1.75
"101","Oil",1948,2
"101","Gas",1317,1.5
"105","Oil",1795,2
"101","Oil",1830,2.25
"101","Oil",1800,2
"101","Oil",1154,1.5
"101","Oil",1188,1
"101","Oil",1310,1
"101","Oil",1166,1.75
"111","Oil",3477,2
"111","Oil",3477,2
"101","Oil",1587,1
"101","Oil",1152,1
"101","Oil",1441,1
"101","Oil",2438,2
"109","Oil",1490,1.5
"104","Oil",1532,1.5
"104","Oil",1365,1.5
"105","Oil",2574,2.25
"104","Oil",1592,1.5
"105","Oil",2200,2.25
"104","Oil",1520,1.5
"104","Gas",1900,1.75
"104","Gas",1488,1.75
"104","Oil",3045,2.5
"101","Gas",1844,1
"101","Oil",1326,1.5
"101","Oil",2084,1.25
"101","Gas",2104,2
"101","Oil",1960,2.25
"111","Oil",4712,2
"111","Gas",3469,2
"101","Oil",1387,1.75
"101","Gas",963,1.5
"101","Oil",1318,1.75
"101","Gas",865,1.5
"101","Oil",766,1.5
"101","Gas",1358,1.5
"101","Oil",1214,1.5
"101","Oil",1210,1.5
"101","Oil",1408,1.5
"101","Oil",2472,2
"101","Gas",800,1
"101","Gas",1892,1.5
"101","Gas",3572,2.25
"111","Oil",3390,2
"101","Oil",1120,1
"104","Gas",2472,2
"101","Oil",1694,1.5
"101","Oil",1587,1.25
"101","Oil",2592,1.75
"101","Oil",675,1.5
"111","Oil",3264,2
"104","Gas",2244,2
"101","Gas",828,1
"101","Gas",1488,1
"101","Oil",860,1.5
"111","Gas",3200,1
"101","Oil",1144,1
"111","Electric",3480,2
"101","Oil",1622,1.5
"101","Gas",1652,2.25
"101","Oil",678,1.5
"101","Gas",1632,2
"101","Oil",1670,1
"101","Gas",1029,1.5
"101","Gas",1977,1.75
"101","Oil",1456,1.75
"101","Oil",2031,2
"101","Oil",3422,2
"111","Oil",3360,2
"111","Oil",3360,2
"111","Electric",1716,1
"101","Oil",1290,1
"101","Oil",2865,2
"101","Oil",2308,1
"101","Gas",1042,1
"101","Gas",2800,2
"101","Gas",1534,2
"101","Gas",1348,1
"101","Gas",4992,2
"104","Gas",2340,2
"104","Gas",2376,2
"101","Gas",994,1
"104","Gas",2400,2
"101","Oil",1752,2.25
"101","Oil",1879,2.5
"101","Oil",1582,1.5
"105","Oil",1810,1.5
"101","Gas",1355,1.5
"111","Oil",3420,2
"109","Oil",2452,2.5
"101","Electric",1376,1.5
"101","Oil",1977,1.25
"101","Oil",1552,1
"101","Oil",1459,1
"101","Oil",1028,1
"101","Oil",2678,2
"101","Gas",520,1.75
"101","Oil",2271,1.5
"101","Oil",1218,1.75
"101","Electric",1014,1
"101","Oil",1698,1.5
"101","Electric",1176,1
"101","Gas",1239,1.75
"101","Oil",1891,1.75
"104","Gas",1905,1.9
"109","Gas",1662,1.5
"104","Oil",1992,2
"101","Oil",948,1
"101","Oil",1950,2
"101","Gas",1159,1.5
"101","Oil",1677,1.5
"101","Oil",1092,1
"101","Oil",1032,1
"104","Gas",2520,2.25
"104","Oil",2162,1.5
"010","Oil",1836,1.5
"101","Oil",1308,1
"104","Gas",2390,2.75
"105","Oil",3396,2.5
"104","Oil",2188,2
"101","Oil",1610,1.5
"111","Gas",2623,2
"111","Gas",2850,2
"111","Gas",2964,2
"104","Gas",1988,2
"101","Gas",3236,2
"101","Oil",1824,1
"104","Gas",1977,2.25
"101","Oil",1419,1.5
"101","Oil",784,1
"101","Oil",675,1.5
"101","Gas",1008,1.5
"101","Oil",855,1
"101","Oil",1008,1.5
"101","Oil",1491,1.75
"101","Oil",1350,1.5
"104","Gas",1320,2.5
"101","Oil",968,1
"101","Gas",1980,1.5
"104","Oil",1324,1.5
"111","Oil",3306,2
"101","Oil",966,1.5
"101","Oil",1792,2
"101","Gas",1140,1
"101","Oil",1219,1.5
"101","Oil",1176,1
"101","Oil",1212,1
"101","Gas",1176,1
"101","Oil",1860,2
"101","Electric",1466,1
"101","Gas",1040,1
"101","Gas",1482,2
"104","Oil",2053,1.5
"101","Oil",1800,1.5
"104","Oil",2512,2
"104","Oil",2810,2.25
"101","Oil",1718,2
"101","Oil",1452,1.5
"101","Gas",1736,1.5
"101","Gas",1293,1.5
"101","Oil",1056,1.5
"101","Oil",1040,1.5
"101","Oil",1386,1.5
"101","Gas",1299,1.5
"101","Oil",1224,1.5
"101","Gas",2004,1.5
"101","Oil",2555,1.5
"111","Gas",5226,2.5
"104","Oil",1680,2.25
"111","Oil",2964,2
"104","Gas",2710,2.5
"101","Oil",1320,2
"101","Oil",1548,2
"101","Gas",1208,1
"101","Oil",1113,1
"101","Oil",875,1
"101","Oil",1452,1.75
"101","Oil",1305,1.75
"101","Gas",1564,1
"101","Oil",1684,1.75
"104","Gas",4839,2
"104","Gas",2437,2
"104","Oil",2766,2
"101","Oil",1706,1.5
"101","Gas",3936,2.5
"101","Oil",1008,1
"101","Gas",1190,1.25
"104","Oil",1919,1.5
"101","Oil",1302,1.5
"101","Oil",1511,1.5
"104","Oil",2977,2
"104","Gas",2310,2
"101","Gas",3244,2.75
"101","Gas",3776,2.25
"101","Oil",1168,1
"101","Oil",1814,2
"101","Gas",1155,1
"101","Gas",1347,1.5
"101","Oil",1666,1.75
"101","Gas",1245,1
"101","Oil",888,1.5
"101","Oil",1165,1.25
"105","Gas",2250,2.5
"101","Gas",880,1
"104","Gas",2578,2.25
"960","Oil",1600,2
"104","Oil",3056,2
"101","Oil",1224,2
"101","Oil",1565,1.75
"101","Oil",1632,2
"101","Oil",1908,2
"101","Oil",3235,1.9
"101","Oil",1260,1.5
"104","Oil",2516,2
"101","Oil",1876,1.75
"101","Gas",2843,2
"101","Gas",1862,2
"104","Gas",2141,1.75
"105","Oil",3528,2.25
"101","Oil",1554,1.5
"101","Gas",1510,1.5
"101","Oil",1128,1
"104","Oil",1440,2
"101","Oil",1478,1
"101","Gas",1812,2
"101","Oil",1078,1.75
"101","Oil",2188,1.75
"101","Oil",960,2
"101","Gas",1808,1.75
"111","Oil",2358,2
"101","Oil",2628,2
"101","Gas",1753,1.5
"101","Gas",1590,1.5
"101","Oil",1663,1.5
"104","Gas",4348,2
"101","Oil",1613,1.5
"101","Oil",1916,2
"101","Oil",2451,2.5
"101","Gas",1305,1.5
"101","Gas",2674,1.5
"101","Oil",2155,1.5
"101","Oil",2136,2.25
"101","Oil",2094,2
"101","Electric",1838,1
"101","Oil",1404,1
"101","Electric",2040,2
"101","Electric",2170,2
"101","Gas",1872,2
"101","Electric",2088,1.5
"101","Oil",2126,2
"101","Gas",2150,1
"101","Oil",1691,1.75
"101","Oil",2550,2
"101","Oil",1214,1.5
"101","Gas",1224,1.5
"101","Oil",803,1.75
"101","Gas",1666,1.75
"101","Gas",1176,1
"101","Oil",1708,1
"105","Gas",2100,2
"104","Oil",2200,2
"101","Oil",1626,1.75
"104","Gas",2364,2
"101","Oil",1368,1.25
"101","Gas",1872,2
"101","Oil",2302,2
"101","Oil",2168,2.25
"101","Electric",1976,2
"101","Oil",2428,2
"101","Oil",2490,2
"101","Oil",2280,2
"101","Oil",2224,2
"101","Electric",1960,2
"101","Gas",1661,2
"101","Oil",1344,2
"101","Oil",1932,1.75
"101","Oil",966,1.5
"101","Gas",1071,1.5
"101","Oil",1124,1.25
"104","Gas",1925,2
"101","Oil",2205,1.75
"101","Oil",1912,1.5
"101","Oil",2158,2
"101","Oil",2056,2
"101","Oil",2556,2
"101","Oil",1584,1
"101","Oil",1976,2
"101","Oil",2216,2
"101","Oil",1976,2
"101","Oil",2096,2
"101","Oil",2208,2
"101","Oil",2584,2
"101","Oil",1960,2
"101","Oil",1976,2
"101","Oil",2659,2
"101","Oil",1976,2
"101","Oil",1976,2
"101","Oil",3774,2
"101","Oil",1456,1.5
"109","Oil",2191,2
"101","Oil",1844,1.75
"101","Oil",1200,1
"101","Oil",1522,1
"101","Oil",1192,1
"101","Oil",1232,1
"101","Gas",1260,1
"101","Oil",2196,1.75
"101","Oil",1393,1.25
"101","Oil",2651,2
"101","Gas",2166,2
"101","Oil",1912,1
"101","Oil",1792,1.75
"101","Oil",2139,1
"101","Oil",1734,1.5
"101","Oil",1120,1
"101","Oil",1440,1
"101","Oil",1735,1
"101","Oil",1116,1
"101","Oil",1274,1
"101","Gas",3232,2
"101","Oil",1908,1
"101","Oil",1316,1
"101","Oil",1824,2
"101","Oil",2430,2
"101","Oil",1502,1
"101","Electric",1710,1
"101","Oil",1682,1.75
"101","Oil",1698,2
"101","Oil",2077,1.75
"101","Oil",1330,1
"101","Gas",2097,1.75
"101","Gas",3668,2
"101","Gas",1692,1.5
"101","Gas",1029,1.75
"101","Gas",1894,1.75
"101","Oil",2112,1
"101","Oil",1208,1
"101","Gas",1324,1.5
"101","Oil",2708,2.25
"101","Gas",1872,2
"101","Oil",2064,1.75
"101","Gas",1334,1.5
"101","Oil",1438,1.5
"101","Oil",924,1.5
"101","Oil",1116,1.5
"101","Oil",1000,1
"101","Gas",1228,1.25
"104","Gas",3151,2.25
"101","Gas",3906,2.25
"101","Gas",1757,2.25
"101","Oil",1042,1.5
"101","Oil",1260,1.75
"101","Oil",1056,1
"101","Electric",1564,1
"101","Oil",1638,1.75
"101","Electric",1280,1
"101","Electric",1024,1
"101","Oil",1230,1
"101","Oil",2174,1.25
"105","Oil",2497,2.5
"101","Gas",1452,1.5
"101","Oil",1224,1.5
"101","Gas",1556,1.5
"101","Gas",924,1.5
"101","Gas",3299,2.25
"101","Oil",1076,1
"101","Oil",1144,1
"101","Oil",1076,1
"101","Oil",1356,1.5
"101","Oil",1836,1.75
"101","Gas",1794,1.5
"101","Oil",1104,1.5
"101","Oil",858,1.5
"101","Oil",1368,1.25
"101","Oil",1088,1
"101","Gas",1248,1.5
"101","Gas",1560,2
"101","Gas",990,1.5
"101","Oil",720,1
"101","Gas",994,1.5
"101","Electric",1568,2
"101","Oil",1485,1.25
"101","Oil",1583,1.75
"101","Gas",1424,1.75
"101","Gas",1487,1.25
"101","Gas",1013,1
"101","Gas",1704,1
"101","Oil",2778,2.25
"101","Oil",1184,1
"101","Oil",1428,1.5
"104","Gas",2028,2.25
"101","Oil",1866,1.75
"101","Oil",1706,1.5
"101","Gas",3210,1.5
"101","Oil",1232,1.5
"101","Oil",1838,1.75
"101","Gas",1397,1.75
"101","Oil",2248,1.75
"101","Oil",832,1
"101","Oil",1260,1.5
"109","Oil",1505,1.5
"101","Gas",1691,1.25
"101","Gas",2256,1
"101","Oil",3002,2.25
"101","Oil",1242,1.25
"960","Oil",2943,1
"101","Oil",2304,2
"101","Oil",1127,1.5
"101","Gas",1498,1.75
"101","Gas",1628,1
"101","Gas",1118,1.75
"101","Oil",1694,2
"101","Gas",1200,1.5
"101","Oil",2212,1.75
"104","Oil",1586,1
"101","Gas",1214,1
"101","Oil",3200,2
"101","Oil",1183,1
"101","Gas",1680,1.75
"101","Oil",2384,2
"101","Oil",1318,1
"101","Oil",1258,1
"101","Oil",1080,1.5
"101","Oil",1769,1
"101","Oil",2363,1.75
"101","Oil",2827,1.75
"101","Oil",1386,1.75
"101","Oil",1260,1
"101","Oil",1382,1
"101","Gas",2068,2
"101","Oil",1273,1
"101","Oil",1140,1
"101","Oil",1310,1
"101","Oil",1296,1.5
"101","Oil",1182,1
"101","Oil",1385,1
"101","Oil",1512,1
"101","Oil",1944,2
"101","Gas",1277,1.25
"101","Oil",1677,1.5
"101","Oil",2080,2
"101","Gas",1196,1
"101","Oil",1568,2
"101","Oil",1952,1
"101","Oil",1176,1
"101","Oil",2648,2
"101","Oil",912,1
"101","Electric",1288,1
"104","Oil",1748,1.5
"101","Oil",1914,1.5
"101","Oil",1724,2
"101","Oil",1568,2
"101","Oil",1152,1
"101","Oil",1132,1
"104","Electric",2392,2
"104","Electric",1700,2
"101","Gas",1678,1.75
"101","Oil",1773,1
"105","Oil",3140,2.5
"101","Gas",1886,2.15
"101","Gas",1580,1.75
"101","Gas",1670,1.5
"101","Oil",1593,1.75
"101","Gas",896,1
"105","Oil",3126,3
"101","Gas",2776,2
"104","Gas",2523,1.5
"101","Oil",1330,1.5
"101","Oil",1338,1.5
"104","Gas",2552,2
"101","Oil",1776,2
"101","Oil",1552,1.5
"101","Gas",1625,1.5
"101","Oil",2949,2.25
"105","Gas",2174,2.25
"930","Oil",2009,1.75
"104","Oil",3168,2.25
"101","Oil",1548,1.9
"101","Gas",1400,1.75
"101","Oil",2231,2.25
"101","Oil",2614,2
"101","Gas",2600,2
"101","Oil",1197,1
"101","Oil",1308,1
"105","Gas",2602,2.75
"105","Oil",3284,2.5
"105","Oil",3859,2.5
"101","Oil",756,1.75
"104","Gas",1822,2
"101","Gas",1512,1.75
"105","Gas",2672,2.5
"101","Gas",2128,2
"101","Electric",1872,2
"101","Gas",2515,2
"101","Oil",1404,1.5
"101","Oil",1172,1.5
"101","Gas",1648,2
"105","Gas",3011,2.75
"105","Oil",3100,2.5
"101","Gas",2299,1.75
"101","Gas",2004,1.75
"101","Gas",2448,2
"101","Gas",1648,2
"101","Oil",1196,1
"101","Oil",1152,1.5
"101","Gas",1096,1
"101","Oil",1482,1.75
"101","Gas",848,1
"101","Oil",1152,1.5
"101","Oil",960,1
"101","Oil",1074,1
"101","Coal or Wood",1316,2
"101","Oil",1196,1
"101","Gas",748,1
"101","Gas",912,1
"101","Oil",1276,1
"101","Oil",912,1
"101","Oil",1614,1.75
"101","Oil",1592,2
"101","Oil",1552,1.75
"101","Oil",759,1
"101","Gas",1288,1.75
"101","Gas",2098,1.75
"101","Gas",1170,1.5
"101","Oil",936,1
"101","Gas",1891,2
"104","Oil",2392,1.75
"101","Oil",2422,1.75
"101","Gas",3298,1.75
"101","Oil",1540,1
"105","Gas",2280,2.5
"109","Oil",1815,1.5
"101","Electric",1536,1
"101","Oil",1198,1
"101","Gas",672,1
"101","Oil",1512,1.75
"101","Oil",1664,2
"101","Oil",1584,1.5
"101","Oil",1887,1.75
"101","Oil",960,1
"101","Gas",1837,2
"101","Electric",1152,1.5
"101","Oil",3237,1.9
"101","Oil",2016,1
"101","Gas",1709,1
"101","Gas",1044,1
"109","Coal or Wood",600,1
"101","Gas",2103,1.75
"101","Electric",1286,1.5
"101","Gas",1460,1
"101","Oil",1777,1
"101","Gas",1208,1
"101","Gas",1368,1
"101","Gas",1404,1.9
"104","Gas",3152,2.75
"101","Gas",1262,1.5
"101","Gas",1626,1.5
"101","Gas",2072,2
"101","Gas",916,1
"101","Gas",2190,2
"105","Gas",1918,1.5
"101","Oil",1056,1
"101","Gas",1979,1.5
"101","Gas",2406,2
"101","Gas",738,1
"105","Gas",1299,1.75
"101","Oil",1634,1.5
"101","Oil",3360,2
"101","Oil",1152,1
"105","Gas",2730,2.5
"104","Oil",1910,2
"101","Oil",1782,1.5
"101","Oil",950,1
"101","Gas",1936,1
"101","Oil",2184,1.5
"101","Oil",1682,2
"101","Oil",1436,2
"101","Oil",1518,1
"101","Electric",3854,2
"101","Oil",1050,1.5
"101","Oil",2081,1.75
"101","Oil",2326,2
"101","Oil",1782,2
"101","Oil",2532,2
"101","Oil",1588,1.5
"101","Oil",1759,1.75
"101","Oil",2276,1.75
"101","Oil",1240,1.5
"101","Oil",2142,2.25
"101","Oil",1560,1.5
"105","Oil",2544,2.25
"101","Oil",1080,1
"101","Oil",1675,1.75
"101","Oil",1588,1.25
"101","Oil",1910,1.75
"101","Oil",1684,1.9
"101","Gas",1472,1.25
"101","Gas",1146,1.25
"101","Oil",1116,1.5
"101","Oil",1100,1
"101","Oil",2180,1
"101","Oil",1101,1
"101","Oil",1539,1.5
"101","Oil",1998,1.75
"101","Oil",1288,1
"101","Oil",1788,1
"101","Oil",1372,2
"101","Oil",1884,1.75
"101","Oil",1288,1
"101","Oil",3352,2
"101","Oil",2948,2.25
"101","Oil",874,1.25
"101","Oil",2454,1.75
"101","Oil",1136,1
"111","Oil",3306,2
"101","Gas",1267,1
"101","Gas",1080,1
"101","Oil",1250,1
"101","Oil",2604,2
"101","Oil",1938,2
"101","Oil",1176,1
"101","Oil",2592,2
"101","Gas",2132,1
"101","Oil",1132,1
"101","Gas",2059,1
"101","Oil",2596,2
"101","Oil",1220,1
"101","Oil",1220,1
"101","Oil",1220,1
"101","Oil",1220,1
"101","Oil",1220,1
"101","Oil",1220,1
"101","Oil",1168,1
"101","Oil",1220,1
"101","Oil",2016,2
"101","Oil",1220,1
"101","Oil",1220,1
"101","Oil",1092,1
"101","Oil",1185,1
"101","Gas",1259,2
"101","Oil",1214,1.75
"101","Oil",1312,1.75
"101","Oil",1118,1
"101","Gas",1892,2
"101","Oil",1484,1
"101","Oil",1116,1.5
"101","Oil",3576,1
"101","Electric",1054,1
"101","Oil",1508,2
"101","Oil",1742,1
"101","Oil",1942,1
"101","Oil",1132,1
"101","Oil",1074,1.5
"101","Gas",1664,1.5
"101","Electric",792,1.5
"101","Gas",1272,1.75
"101","Oil",1185,1.25
"101","Oil",1259,1
"101","Gas",1543,1.25
"101","Gas",1968,2
"101","Oil",1470,1
"101","Gas",1758,2
"101","Oil",1632,1.5
"101","Gas",1365,1.75
"101","Oil",2326,1
"101","Oil",2250,1.75
"101","Gas",1709,1
"101","Oil",2454,1.75
"101","Oil",2220,1.5
"101","Oil",1218,1
"101","Oil",1584,1
"101","Gas",1344,1
"101","Gas",1916,1.75
"101","Oil",2006,1.75
"101","Oil",1536,2
"101","Oil",3680,1.75
"101","Gas",2164,1.25
"101","Oil",1174,1
"101","Oil",2046,2
"101","Oil",2022,1
"101","Oil",2583,1.5
"101","Oil",1843,1.5
"101","Gas",1924,1.5
"109","Oil",1152,1.5
"101","Gas",2068,1.75
"101","Coal or Wood",1348,1.75
"101","Oil",2382,1
"101","Oil",1441,1.25
"101","Electric",2257,1.25
"101","Gas",2434,1
"101","Oil",1293,1.5
"101","Oil",1556,1
"101","Oil",1144,1
"101","Oil",1236,1
"101","Oil",1230,1
"101","Oil",1754,1
"101","Oil",1173,1
"101","Electric",920,1
"101","Oil",1957,1.25
"101","Oil",1458,1
"101","Oil",1406,1.5
"101","Oil",960,1
"101","Oil",1008,1
"101","Oil",1008,1
"101","Oil",1038,1
"101","Oil",1152,1.5
"101","Oil",816,1
"101","Oil",1152,1
"101","Oil",1148,1.25
"101","Oil",1152,1
"101","Oil",1580,1
"101","Oil",1296,1
"101","Oil",1572,1
"101","Oil",1292,1
"101","Oil",888,1
"101","Gas",912,1
"101","Gas",1104,1
"101","Oil",888,1
"101","Oil",1218,1
"101","Oil",1014,1
"101","Oil",912,1
"101","Oil",960,1
"101","Oil",888,1
"101","Oil",1008,1
"101","Oil",888,1
"101","Oil",1219,1
"101","Oil",912,1
"101","Oil",888,1
"101","Oil",888,1
"101","Gas",1664,2
"101","Oil",1553,1.25
"101","Oil",1182,1
"101","Oil",1903,2
"101","Oil",1348,1
"101","Gas",2358,1.75
"101","Oil",828,1
"101","Oil",1708,1.5
"101","Oil",1746,1.5
"101","Oil",2400,1.75
"101","Oil",1702,1
"101","Oil",1412,1
"105","Oil",2984,2
"101","Oil",1808,1
"101","Oil",1400,1
"101","Oil",2564,2
"101","Oil",1939,1.75
"101","Oil",2577,1.75
"101","Oil",936,1.25
"101","Oil",1428,1.75
"101","Oil",2526,1.25
"101","Oil",1212,1
"101","Oil",1056,1
"101","Gas",1344,1.75
"101","Oil",1820,1.75
"112","Gas",3248,2
"101","Oil",960,1
"101","Gas",1722,1.75
"101","Oil",960,1
"101","Oil",1536,1.75
"101","Oil",960,1
"101","Oil",1152,1
"101","Oil",1222,1
"104","Oil",1440,2
"101","Oil",1248,1
"101","Oil",2160,1
"101","Electric",1232,1
"101","Oil",1406,1.25
"101","Oil",1404,1.5
"101","Electric",1138,1
"101","Gas",1386,1
"101","Gas",1392,1
"101","Gas",1180,1
"101","Gas",1248,1
"104","Gas",2526,2.5
"101","Oil",1050,1
"101","Oil",1826,1
"101","Oil",1360,1
"101","Oil",1038,1
"101","Oil",1038,1
"101","Gas",1056,1
"101","Oil",1012,1
"101","Oil",2272,1.75
"101","Oil",1012,1
"101","Oil",1992,1
"101","Oil",1156,1
"101","Oil",1428,1.75
"101","Gas",2476,2
"101","Oil",2320,2
"101","Oil",1428,1.75
"101","Oil",2426,1.75
"101","Oil",1212,1
"101","Oil",1428,1.75
"101","Oil",2208,1
"101","Oil",1312,1
"101","Oil",2599,1.75
"101","Oil",2560,2
"101","Oil",1288,1
"101","Oil",1500,1.5
"101","Electric",1080,1
"101","Electric",1076,1
"101","Electric",1092,1
"101","Electric",1080,1
"101","Electric",1778,1.9
"101","Electric",1080,1
"101","Oil",1080,1
"101","Electric",1080,1
"101","Oil",1497,1
"101","Electric",1967,1
"101","Oil",1774,1.75
"101","Oil",1184,1
"101","Oil",1212,1
"101","Electric",2075,1
"101","Oil",1878,1
"101","Oil",2720,2
"101","Oil",1898,2
"101","Oil",1680,1
"101","Gas",2320,2
"101","Gas",3196,2
"101","Gas",2366,2
"101","Gas",2308,2
"101","Oil",3679,2
"101","Gas",2464,2
"101","Oil",2780,1
"101","Gas",3346,2.25
"101","Oil",3024,2
"101","Oil",1512,1.75
"101","Oil",1470,2
"101","Oil",1080,1
"101","Oil",1746,2
"101","Oil",1008,1
"101","Oil",1544,1.75
"101","Oil",1746,2
"101","Oil",1456,1
"101","Oil",1726,2
"101","Oil",1924,2
"101","Oil",1694,1.75
"101","Oil",1131,1
"101","Oil",2594,2
"101","Oil",1773,1.75
"101","Oil",1830,2
"101","Oil",1576,1
"101","Oil",1100,1
"101","Oil",1442,1
"101","Electric",1118,1
"101","Oil",2103,2
"101","Oil",1848,1
"101","Oil",1456,1.75
"101","Oil",1419,1.5
"101","Oil",1604,2.25
"101","Oil",1788,1
"104","Oil",1904,1.75
"101","Oil",2176,2
"101","Gas",2530,1.5
"101","Oil",1664,2
"101","Oil",1187,1
"101","Oil",912,1
"101","Oil",3524,2.25
"101","Oil",3188,2.25
"101","Oil",2415,2
"101","Oil",1316,1.25
"101","Oil",1416,1.75
"101","Oil",2474,1.75
"101","Oil",1304,2
"101","Oil",1321,1.25
"101","Oil",2308,2
"101","Oil",1569,2
"101","Electric",1899,2
"101","Oil",1240,1
"101","Oil",1422,1
"101","Oil",1056,1
"101","Electric",385,1
"101","Oil",1882,2
"101","Oil",2755,1.25
"101","Oil",1606,2
"101","Oil",3133,1.75
"101","Oil",2753,2.5
"101","Oil",1428,1.75
"101","Oil",2074,2
"101","Oil",1188,1
"101","Gas",4687,2
"101","Oil",1410,1
"101","Oil",1748,1.75
"101","Oil",1999,1.75
"101","Gas",1668,1
"101","Oil",1774,2
"101","Oil",3574,2
"101","Oil",1800,2
"101","Oil",1288,1.75
"101","Oil",1920,2
"101","Oil",1614,1
"101","Oil",2044,1.75
"101","Oil",1804,1
"101","Oil",1510,1
"101","Oil",1547,1.75
"101","Oil",1180,1
"101","Oil",1734,1.75
"101","Oil",1447,1
"101","Oil",1245,1
"101","Oil",1976,2
"101","Oil",1144,1
"101","Oil",1636,1
"101","Oil",1772,1
"101","Electric",1964,1
"101","Oil",1572,1
"101","Oil",2807,1.75
"101","Electric",1693,1.5
"101","Oil",1684,1
"101","Oil",1676,1
"101","Electric",1232,1
"101","Oil",1514,1
"101","Oil",1770,2
"101","Oil",3066,1.75
"101","Oil",1260,1
"101","Electric",1290,1
"101","Oil",1225,1
"101","Oil",1196,1
"101","Electric",1496,1
"101","Oil",1232,1
"101","Oil",2188,2
"101","Oil",1675,1.75
"101","Oil",1106,1
"101","Gas",1464,2
"101","Oil",1764,1.75
"101","Oil",1562,2
"101","Oil",2070,1
"101","Oil",1481,1
"101","Oil",1616,1
"101","Oil",2092,1
"101","Oil",2194,2
"101","Oil",1939,1
"101","Oil",2365,1
"101","Oil",884,1
"101","Oil",1221,1.75
"101","Oil",1848,1.5
"101","Oil",1547,1.75
"101","Oil",2023,1.5
"104","Gas",2252,1.75
"101","Oil",1146,1.25
"101","Oil",1274,2
"101","Oil",1120,1.5
"101","Gas",1029,1.5
"101","Gas",2240,1
"101","Electric",1044,1
"101","Gas",1268,1
"101","Gas",1590,1
"101","Gas",1174,1
"101","Gas",1094,1
"101","Gas",1094,1
"101","Gas",1568,2
"101","Oil",1212,1
"101","Oil",1780,1
"101","Oil",2873,2
"101","Gas",1326,1.5
"101","Oil",1883,1.75
"104","Gas",3450,2.5
"101","Oil",1796,1.75
"101","Oil",1500,1.75
"101","Oil",2015,1.75
"101","Oil",2029,2
"101","Oil",1436,1.25
"101","Gas",4348,2
"101","Oil",1701,1.5
"101","Oil",864,1
"101","Oil",1896,2
"101","Oil",2612,1.75
"101","Oil",1974,1.5
"101","Electric",2750,2
"101","Gas",1376,1.5
"101","Oil",1842,1
"101","Oil",1408,1
"101","Oil",1240,1
"101","Oil",1100,1
"101","Oil",1400,1
"101","Oil",1400,1
"101","Oil",1124,1
"101","Oil",1547,1.75
"101","Oil",1112,1
"101","Oil",2930,1.9
"101","Gas",2100,1.75
"101","Gas",2079,1
"101","Gas",1269,1
"101","Oil",2375,1
"101","Gas",2021,1.75
"101","Oil",1880,1
"101","Oil",1650,1.75
"101","Oil",1610,1
"101","Oil",1960,1.75
"101","Oil",1636,1
"101","Oil",2024,1
"101","Gas",1740,1
"101","Oil",1673,1
"101","Oil",1322,1
"101","Oil",1901,1
"101","Oil",1986,1
"101","Oil",1987,2
"101","Oil",2328,1.25
"101","Oil",2382,1.9
"101","Gas",2512,2
"101","Oil",2606,1.75
"101","Oil",1598,1.5
"101","Oil",1986,1.5
"101","Oil",1790,1.9
"101","Oil",2644,1.75
"101","Oil",2096,1.75
"101","Oil",1746,1.75
"101","Oil",3592,1.5
"101","Oil",2332,1.75
"101","Oil",922,1.25
"101","Oil",966,1
"101","Oil",1776,1.75
"101","Oil",2121,1.75
"101","Oil",2108,2
"101","Oil",1103,1
"101","Electric",1140,1
"101","Oil",744,1
"101","Oil",2140,1
"101","Oil",2294,1.75
"101","Oil",1080,1.5
"101","Oil",1534,1
"101","Oil",2161,2
"101","Oil",2094,1.75
"101","Oil",1859,1
"101","Oil",1296,1
"101","Oil",1371,1
"101","Oil",1958,1.75
"101","Oil",1404,1
"101","Oil",888,1
"101","Oil",1871,1.5
"101","Oil",1532,1.25
"101","Gas",912,1
"101","Gas",1600,2
"101","Gas",1400,1
"101","Oil",1456,1
"101","Oil",2233,1.75
"101","Oil",1806,1.75
"101","Oil",2258,1.75
"101","Oil",2783,1.5
"101","Electric",1152,1
"101","Oil",1638,1.75
"101","Oil",1552,1.5
"104","Gas",2744,2
"101","Oil",1076,1
"101","Oil",2067,1.9
"101","Oil",2080,1
"101","Oil",1762,1.5
"101","Oil",1372,2
"101","Gas",1808,2
"101","Oil",1200,1
"101","Oil",1152,1
"101","Oil",1144,1
"101","Oil",1572,1
"101","Electric",1234,1
"101","Oil",1726,2
"101","Electric",1014,1
"101","Electric",2040,1
"101","Electric",1624,1
"101","Oil",1894,1.75
"101","Oil",1462,1
"101","Oil",2480,2
"101","Gas",1997,2
"101","Gas",2236,2
"101","Gas",1050,1.75
"101","Gas",2650,2
"101","Oil",1404,1
"101","Electric",2139,2
"101","Gas",1386,1
"101","Gas",1712,1.75
"101","Gas",2270,2
"101","Oil",3161,2
"101","Gas",2881,2
"101","Oil",2516,2
"101","Oil",1480,1
"101","Oil",1456,1
"101","Gas",2065,1.9
"101","Oil",1343,1
"101","Oil",1722,2
"101","Oil",1776,1
"101","Oil",1592,1
"101","Oil",2527,1.75
"101","Electric",1917,2
"101","Oil",2907,1.75
"101","Oil",1352,2
"101","Oil",3082,1.5
"961","Oil",816,1
"101","Gas",1978,2
"101","Electric",1508,1
"101","Gas",3151,1
"101","Oil",2451,2
"101","Oil",1968,1
"101","Gas",2680,2
"101","Oil",2830,2
"101","Electric",2500,2
"101","Gas",2518,1
"101","Gas",3224,1.75
"101","Oil",2890,1.75
"101","Gas",2213,2
"101","Gas",2560,2
"101","Oil",1848,1.75
"101","Oil",2415,1.75
"101","Gas",4228,2
"101","Oil",2624,2
"101","Gas",2319,2
"101","Oil",2540,2
"101","Oil",3595,1.5
"101","Oil",2300,2
"101","Gas",2282,1.75
"101","Gas",3524,2
"101","Electric",2337,1.5
"101","Oil",2276,2
"101","Oil",1176,2
"101","Oil",1872,1.75
"101","Oil",1778,1.9
"101","Oil",1164,1
"101","Oil",1372,1
"101","Gas",1069,1.9
"101","Oil",1782,1.75
"104","Oil",2565,2
"101","Gas",1770,1.75
"101","Gas",2412,2
"105","Gas",3680,2.5
"101","Electric",1778,1.9
"101","Gas",2688,2
"101","Gas",3110,2
"101","Gas",3058,2
"101","Oil",1459,1.9
"101","Oil",1923,1.75
"101","Oil",1261,1
"101","Oil",1626,1.75
"101","Gas",1836,2
"101","Gas",1988,1.75
"101","Oil",974,1
"101","Gas",1793,1.75
"101","Oil",1466,1
"101","Gas",1176,1
"101","Oil",954,1
"101","Gas",1896,1
"101","Oil",1237,1.75
"101","Oil",1388,1.75
"101","Oil",1400,1.75
"101","Gas",1225,1.4
"101","Oil",1200,1
"101","Gas",960,1
"101","Oil",2360,1.75
"101","Oil",1537,1.75
"101","Oil",2282,1.75
"101","Gas",1806,1.75
"101","Gas",936,1.5
"101","Gas",1851,1
"101","Oil",1766,1
"101","Oil",988,1
"101","Oil",910,1
"101","Gas",2578,2
"101","Gas",2596,2
"101","Oil",1824,1
"101","Oil",914,1
"101","Gas",1689,1.75
"101","Oil",1176,1
"101","Oil",1398,1
"101","Gas",1822,1
"101","Gas",1410,1
"101","Gas",1375,1
"101","Oil",1210,1
"101","Gas",3414,1.75
"101","Oil",3122,1
"101","Gas",2506,1
"101","Electric",1308,1
"101","Electric",1482,1.5
"101","Oil",1285,1
"101","Oil",1290,1
"101","Oil",1224,1.5
"101","Oil",864,1
"101","Gas",1841,1
"101","Oil",1440,1
"101","Gas",1944,2
"101","Gas",1896,2
"101","Gas",1504,1
"101","Oil",2128,2
"101","Gas",2580,1.75
"101","Oil",2102,1.9
"101","Gas",2416,2
"101","Gas",2058,1.9
"101","Gas",2236,2
"101","Gas",2376,2
"101","Gas",1636,1
"101","Gas",2200,2
"101","Oil",1060,1.75
"101","Gas",1228,1
"101","Oil",1056,1
"101","Gas",988,1
"101","Oil",1040,1
"101","Oil",2060,1
"101","Gas",1428,1.75
"101","Oil",1691,1.75
"101","Oil",1144,1
"101","Oil",1848,1.75
"101","Oil",1833,1
"101","Oil",1598,2
"101","Oil",1896,1.9
"101","Oil",1016,1.75
"101","Oil",1440,1
"101","Oil",988,1
"101","Oil",988,1
"101","Gas",1547,1.75
"101","Oil",988,1
"101","Gas",1528,1.75
"101","Oil",1472,1
"101","Oil",1044,1
"101","Oil",1232,1
"101","Gas",1608,1.75
"101","Gas",1060,1
"101","Oil",1672,1
"101","Oil",1310,1
"101","Oil",1374,1
"101","Oil",988,1
"101","Oil",1056,1
"101","Oil",988,1
"101","Gas",2888,2
"101","Oil",1232,1
"101","Oil",1350,1
"101","Gas",1632,2
"101","Gas",1044,1
"101","Oil",2030,1.9
"101","Oil",2174,1.9
"101","Oil",1872,2
"101","Oil",1946,1.9
"101","Gas",1716,1.9
"101","Gas",1872,2
"101","Gas",1778,1.9
"101","Gas",1990,2
"101","Gas",1753,1.75
"101","Oil",3063,2
"101","Oil",1779,1.5
"101","Oil",1184,1
"101","Oil",1184,1
"101","Oil",1208,1
"101","Oil",1880,1.75
"101","Oil",1184,1
"101","Oil",2483,2
"101","Oil",1736,1.75
"101","Electric",1976,2
"101","Oil",2980,2
"101","Electric",1817,1.75
"101","Oil",2174,1.75
"101","Electric",2093,1.75
"101","Oil",2032,2
"101","Oil",1796,1
"101","Oil",1080,1
"101","Oil",1080,1
"101","Gas",1496,1
"101","Gas",2562,2
"101","Gas",2391,1
"101","Gas",2624,2
"101","Gas",2006,2
"101","Gas",2760,2
"101","Gas",2862,2
"101","Gas",2717,2
"101","Gas",2874,2
"101","Gas",3002,1.75
"101","Gas",3434,2
"101","Gas",2750,2.5
"101","Gas",2685,2
"101","Gas",3648,1.75
"101","Oil",1971,2
"101","Oil",1177,1
"101","Oil",1817,2
"101","Oil",1120,1
"101","Oil",1500,1
"101","Oil",1897,2
"101","Gas",2618,1
"101","Oil",1302,1.75
"101","Oil",2640,2
"101","Oil",1240,2
"101","Oil",2132,1
"101","Oil",1224,1
"101","Gas",2096,2
"101","Oil",832,1
"101","Oil",1132,1
"101","Oil",1132,1
"101","Gas",2137,2
"101","Oil",1132,1
"101","Gas",1592,1.9
"101","Gas",768,1.5
"101","Gas",1571,2
"101","Oil",1742,2
"101","Gas",2310,2
"101","Gas",1719,1.75
"101","Oil",2182,1.75
"101","Oil",2128,2
"109","Oil",1251,1.5
"101","Oil",1732,2
"101","Gas",1952,2
"101","Oil",1324,1
"101","Gas",2304,2
"101","Oil",2734,2
"101","Gas",1502,2
"104","Gas",1908,2
"101","Gas",2774,2
"101","Oil",888,1.5
"101","Gas",2212,2
"101","Oil",2000,1.75
"101","Oil",1477,2
"101","Gas",1479,1.5
"101","Gas",1486,1.5
"109","Oil",1950,1.5
"101","Oil",2520,2.25
"101","Oil",2368,2
"101","Oil",1395,1.5
"105","Oil",1998,2.5
"104","Oil",2319,2
"101","Gas",2091,2
"101","Oil",1951,1
"104","Oil",1808,2
"101","Oil",1247,1.5
"104","Oil",2742,2
"101","Gas",1701,1
"101","Oil",1344,1.75
"101","Gas",1428,1
"101","Oil",1236,1.5
"101","Oil",3133,1.75
"101","Gas",2408,1.75
"109","Oil",1664,1.5
"101","Oil",1233,1.5
"101","Oil",2466,2
"101","Oil",1928,2
"101","Oil",1872,2
"101","Oil",2426,2
"101","Oil",1290,1
"101","Oil",2625,2
"101","Oil",1464,1
"101","Oil",2549,2
"101","Gas",3116,2
"101","Oil",1296,1.5
"101","Gas",2281,1
"101","Oil",1922,1.5
"104","Oil",1532,1
"101","Oil",2304,2
"101","Oil",2219,2
"010","Oil",2759,1.5
"970","Oil",2288,2
"101","Oil",1575,1.5
"106","Oil",924,2
"101","Oil",1310,1.25
"101","Gas",1668,1.75
"101","Oil",2433,2
"101","Gas",1365,1.5
"101","Oil",1666,1.75
"101","Oil",2116,1
"101","Gas",2084,1
"101","Gas",2304,2
"101","Oil",1132,1
"101","Oil",1998,1
"101","Oil",2106,2.25
"101","Oil",2178,2
"101","Oil",1872,2
"101","Electric",1778,1.9
"101","Oil",2619,2
"101","Oil",2048,2
"101","Oil",1928,1
"101","Oil",2000,2
"101","Oil",1894,1.5
"101","Oil",2302,2
"101","Oil",1976,2
"101","Oil",2750,2
"101","Oil",2448,2
"101","Oil",2448,2
"101","Oil",1992,2
"101","Oil",1944,2
"101","Oil",1872,2
"101","Oil",2526,2.25
"101","Oil",1872,2
"101","Oil",2520,2
"101","Oil",2240,2
"101","Oil",2448,2
"101","Oil",2090,1.75
"101","Oil",2210,2
"101","Oil",1872,2
"101","Oil",1872,2
"101","Oil",2594,2
"101","Oil",2448,2
"101","Oil",2230,2
"101","Oil",1872,2
"101","Oil",1778,1.75
"101","Oil",2465,2
"101","Oil",2051,2
"101","Oil",2352,2
"101","Oil",2114,2
"101","Oil",1946,1.9
"101","Oil",1872,2
"101","Oil",2740,2
"101","Oil",1777,1.75
"101","Oil",2388,1
"101","Oil",1944,2
"101","Oil",1884,2
"101","Oil",1988,2
"101","Oil",1638,1.75
"101","Oil",1728,2
"101","Oil",2246,2.25
"101","Oil",1132,1
"101","Oil",2092,2
"101","Oil",1778,1.9
"101","Oil",1092,1
"101","Oil",2014,2
"101","Oil",1558,1
"101","Oil",2009,1.75
"101","Oil",1432,1
"101","Oil",818,1
"101","Oil",3363,1.75
"101","Oil",1330,1
"101","Oil",864,1
"101","Oil",1323,1.5
"101","Oil",2494,1.75
"101","Electric",2328,2
"101","Oil",2548,2
"101","Oil",1547,1.75
"101","Oil",2771,2.25
"101","Oil",1288,1
"101","Oil",1040,1
"101","Oil",1996,1
"101","Oil",1118,1
"101","Oil",2782,2
"101","Oil",1092,1
"101","Oil",1776,2
"101","Oil",1428,1.75
"101","Oil",1080,1
"101","Oil",1488,1
"101","Oil",2021,1
"101","Oil",2014,2
"101","Oil",1582,2
"101","Oil",1474,1
"101","Oil",2481,2
"101","Oil",1352,1
"101","Gas",1572,1
"101","Oil",2224,2
"101","Oil",1556,1
"101","Oil",1248,1
"101","Gas",1596,1.5
"101","Oil",2434,2
"101","Gas",1752,1.5
"101","Oil",988,1
"101","Oil",1336,1
"101","Gas",1248,1
"101","Oil",1075,1.25
"101","Oil",1140,1
"101","Oil",1320,1.5
"101","Oil",960,1
"101","Oil",1160,1
"101","Oil",3026,2
"101","Oil",1802,1
"101","Electric",1232,1
"101","Oil",1622,1
"101","Oil",1932,2
"101","Oil",1510,1
"101","Oil",2000,2
"101","Oil",2717,2
"101","Oil",1861,1.5
"101","Oil",1412,1
"101","Oil",1652,1
"101","Oil",1944,2
"101","Electric",1144,1
"101","Oil",1556,1
"101","Oil",2284,2
"101","Oil",1596,1.5
"101","Oil",2004,1
"101","Oil",1548,1
"101","Oil",1719,1.5
"101","Oil",2936,2
"101","Oil",2359,1.75
"101","Oil",1872,2
"101","Oil",2554,2
"101","Oil",1824,1.9
"959","Oil",2138,1
"101","Oil",1792,1.9
"101","Oil",2038,2
"101","Oil",1896,2
"101","Oil",2008,2
"101","Oil",1992,2
"101","Oil",2262,2
"101","Oil",1872,2
"101","Oil",2062,2
"101","Oil",2410,2
"101","Oil",1984,2
"101","Oil",2170,2
"101","Oil",2056,2
"101","Oil",1884,2
"101","Oil",1872,2
"101","Oil",1746,2
"101","Oil",1888,2
"101","Oil",1886,2
"101","Oil",2345,2
"101","Oil",1976,2
"101","Oil",2060,2
"101","Oil",1790,2
"101","Oil",2016,2
"101","Oil",1880,2
"101","Oil",2184,2
"101","Oil",1328,1
"101","Oil",2027,1
"101","Gas",2762,2
"101","Oil",1553,1
"101","Electric",1412,1
"101","Electric",2048,1
"101","Oil",2148,2
"101","Oil",1400,1
"101","Oil",2239,1
"101","Oil",1242,1
"101","Oil",1984,1
"101","Gas",2406,2
"101","Oil",2507,2
"101","Oil",3450,2
"101","Gas",1872,2
"101","Oil",1778,1.9
"101","Oil",2830,2
"101","Gas",1872,2
"101","Oil",2667,2
"101","Oil",2448,2
"101","Oil",2016,2
"101","Gas",3078,2
"101","Electric",2856,1.75
"101","Oil",1872,2
"101","Oil",2448,2
"101","Oil",2088,2
"101","Oil",2364,2
"101","Oil",2526,2
"101","Oil",2166,2
"101","Oil",2479,2
"101","Oil",1740,1.75
"101","Oil",2173,1.75
"101","Oil",1740,1.75
"101","Oil",1662,1
"101","Gas",2324,2
"101","Oil",1702,1.9
"101","Oil",2148,2
"101","Oil",2520,2
"101","Oil",2172,2
"101","Oil",1970,2
"101","Oil",2104,2
"101","Oil",2448,2
"101","Oil",3283,2.25
"101","Oil",2752,2
"101","Gas",2476,2
"101","Oil",2036,2
"101","Oil",2412,2
"101","Oil",2808,2
"101","Oil",2484,2
"101","Oil",1880,2
"101","Oil",2864,2
"101","Oil",1976,2
"101","Oil",2340,2
"101","Oil",1872,2
"101","Oil",1944,2
"101","Oil",2462,2
"101","Oil",2824,2
"101","Oil",3044,2
"101","Oil",1968,2
"101","Oil",1980,2
"101","Oil",2232,2
"101","Oil",2645,2
"101","Oil",1872,2.25
"101","Oil",2492,2
"101","Oil",2712,2
"101","Oil",2372,2
"101","Oil",2131,2
"101","Oil",1872,2
"101","Oil",3340,2.5
"101","Oil",1872,2.25
"101","Oil",2470,2
"101","Oil",2858,1.75
"101","Oil",1778,1.9
"101","Oil",1872,2
"101","Oil",1994,2
"101","Oil",1802,2
"101","Oil",1752,2
"101","Oil",2363,2
"101","Oil",1848,2
"101","Oil",2297,1.9
"101","Oil",2040,2
"101","Oil",3338,2
"101","Oil",2528,2
"101","Oil",2240,2
"101","Oil",1988,2
"101","Oil",1872,2
"101","Oil",2376,1.75
"101","Oil",2672,2
"101","Oil",2110,1.5
"101","Oil",2120,2
"101","Oil",2448,2
"101","Oil",2707,2
"101","Oil",2520,2
"101","Oil",3043,1.9
"101","Oil",2370,2
"101","Oil",2762,2
"101","Oil",2402,2
"101","Oil",2190,2
"101","Oil",3420,2
"101","Oil",2040,2
"101","Oil",2128,2
"101","Oil",1976,2
"101","Oil",1981,2
"101","Oil",1950,2
"101","Oil",2998,1.5
"101","Oil",1920,2
"101","Oil",1914,2
"101","Oil",2164,2
"101","Oil",2494,2
"101","Oil",2288,2
"101","Oil",1716,2
"101","Oil",2664,2
"101","Oil",1920,2
"101","Oil",2026,2
"101","Oil",2036,2
"101","Oil",1884,2
"101","Oil",1896,2
"101","Oil",2713,2
"101","Oil",1850,2
"101","Oil",1742,2
"101","Oil",1880,2
"101","Oil",1988,2
"101","Oil",1856,2
"101","Oil",2954,2
"101","Oil",2418,2
"101","Oil",2032,2
"101","Oil",2621,2.25
"101","Oil",2832,2
"101","Oil",2304,2
"101","Oil",2072,2
"101","Oil",1888,2
"101","Oil",2520,1.5
"101","Oil",2564,1
"101","Gas",2485,2.25
"101","Gas",2444,2.25
"101","Gas",3819,1.75
"101","Gas",2808,2
"101","Oil",2488,1.5
"101","Oil",3480,1.75
"101","Oil",1560,1
"101","Oil",2944,2
"101","Oil",3172,2
"101","Oil",3891,1.75
"101","Oil",1772,1.5
"101","Oil",1717,1.5
"101","Oil",1500,1
"101","Oil",4570,2.25
"101","Oil",1526,1.5
"104","Oil",2900,2.5
"104","Oil",2776,2.25
"104","Oil",1232,2.25
"101","Oil",1745,1.75
"111","Oil",3524,2
"101","Gas",2994,2.25
"101","Gas",810,1
"101","Gas",2304,1
"101","Oil",1806,1.75
"101","Oil",1256,1
"101","Oil",2820,2.25
"101","Oil",3162,1.5
"101","Oil",1996,1
"101","Oil",1900,2
"101","Electric",982,1
"101","Oil",1440,1.75
"101","Oil",1573,1.75
"101","Oil",1432,1
"101","Oil",3664,2.25
"101","Gas",3393,2.5
"101","Oil",2596,2.25
"101","Gas",2370,2
"101","Oil",2676,2.25
"101","Gas",2870,1
"104","Oil",1878,1.75
"101","Oil",2490,2
"101","Oil",1712,2
"101","Oil",2724,1.75
"101","Oil",1280,1
"101","Gas",3104,1
"101","Gas",1470,1.75
"101","Oil",1633,1.75
"101","Oil",2728,2.25
"101","Oil",2488,2
"101","Gas",3509,2.25
"104","Oil",1680,2.25
"104","Oil",2580,2.5
"101","Oil",1215,1.5
"101","Gas",1652,1.75
"101","Oil",1378,1.75
"101","Oil",1092,1
"101","Oil",2608,2
"101","Oil",1704,1
"101","Gas",808,1
"101","Oil",1984,1
"101","Oil",1671,1.75
"101","Oil",2685,2.5
"101","Oil",1345,1
"101","Oil",1176,1
"101","Oil",1196,1
"101","Oil",1742,2.25
"101","Oil",1418,1
"101","Gas",2126,1
"101","Electric",2176,1
"101","Oil",2464,2
"101","Oil",2551,2
"101","Gas",1616,1
"101","Oil",1568,1.25
"101","Oil",4211,1.5
"101","Oil",2697,1.25
"101","Oil",2301,1.75
"101","Oil",2744,1.5
"101","Oil",2708,2.25
"101","Oil",1806,1.75
"101","Oil",1911,1.75
"101","Oil",1600,1
"101","Oil",1332,1
"101","Oil",2520,2
"101","Oil",1587,1
"101","Oil",1717,2.25
"101","Oil",1808,2.25
"101","Gas",2324,2
"101","Oil",1984,2
"101","Oil",1236,1
"101","Oil",1883,1.75
"101","Oil",1386,1
"101","Gas",1532,1
"101","Oil",1040,1
"101","Oil",1784,1
"101","Oil",3664,2
"101","Oil",3031,2
"101","Oil",1278,1.75
"101","Oil",1964,1
"101","Oil",1080,1.25
"101","Oil",1794,2.25
"101","Electric",1388,1
"101","Oil",1568,2
"101","Oil",2056,2
"101","Oil",1196,1
"101","Oil",1000,1
"101","Gas",1132,1
"101","Oil",1236,1
"101","Gas",1788,1
"101","Oil",2465,2
"101","Gas",3086,2
"101","Gas",1549,1.75
"101","Oil",1980,2
"101","Oil",1862,1.75
"101","Oil",2667,1.75
"101","Oil",1132,1
"101","Oil",2192,2
"101","Oil",1706,1
"101","Gas",2776,1.75
"101","Oil",3584,2.25
"101","Gas",3384,2.25
"101","Oil",2748,2
"101","Oil",1594,1
"101","Gas",2504,2
"101","Oil",1132,1
"101","Oil",2492,2
"101","Oil",2945,1.75
"101","Oil",1872,2.25
"101","Gas",4226,2
"101","Oil",2104,1.5
"101","Oil",1632,2
"101","Oil",2236,1
"101","Oil",1044,1
"101","Oil",1800,2
"101","Oil",2213,2
"101","Oil",2940,2
"101","Oil",2088,1
"101","Oil",1956,1
"101","Oil",2408,2
"101","Oil",2844,1.75
"101","Oil",2541,2
"101","Oil",1990,2
"101","Oil",1080,1
"010","Oil",2284,2
"101","Oil",1526,1
"101","Oil",1344,1
"101","Oil",920,1
"101","Oil",1892,2
"101","Oil",1374,1
"101","Oil",1680,1.5
"101","Oil",1635,2
"101","Oil",1652,1.75
"101","Oil",1320,1
"101","Oil",2595,1.75
"101","Gas",1160,1
"101","Oil",912,1
"101","Oil",1333,1.5
"101","Oil",1073,1
"101","Oil",1120,1
"101","Gas",1590,1
"101","Oil",1128,1
"101","Oil",2241,1.5
"101","Oil",1210,1
"101","Oil",1310,1.25
"101","Gas",1185,1
"101","Oil",1351,1
"104","Oil",1916,1
"101","Oil",1423,1.75
"101","Oil",964,1
"101","Oil",1352,1
"101","Oil",1586,1
"101","Oil",800,1
"101","Oil",864,1
"101","Gas",1914,1.75
"101","Oil",1316,1.25
"101","Oil",1020,1
"101","Oil",1248,1
"101","Oil",1152,1
"101","Oil",1044,1
"101","Oil",2256,1
"010","Oil",2712,1
"101","Oil",1400,1
"101","Oil",2226,2.25
"101","Oil",1782,1.5
"101","Oil",872,1
"101","Oil",1040,1
"101","Oil",1152,1
"101","Oil",1768,1
"101","Oil",1960,1
"101","Oil",960,1
"101","Oil",1134,1
"101","Oil",1552,1
"101","Oil",1400,1
"101","Electric",1224,1
"101","Electric",1176,1
"101","Oil",1088,1
"101","Oil",1208,1
"101","Oil",2318,2
"101","Oil",912,1
"101","Oil",1254,1
"101","Oil",1642,1.9
"101","Gas",2036,2
"101","Oil",1288,1
"101","Oil",2318,2
"101","Gas",1188,1
"101","Oil",1568,2
"101","Oil",880,1.25
"101","Gas",1976,2
"010","Gas",2552,2
"101","Oil",1094,1
"101","Oil",2018,1.5
"101","Oil",1184,1
"101","Electric",1939,1.5
"101","Oil",884,1
"101","Oil",1020,1
"101","Gas",2622,1
"101","Gas",4034,2.25
"101","Oil",1848,1
"101","Oil",1080,1
"101","Oil",1080,1
"101","Oil",1080,1
"101","Oil",2056,1
"101","Oil",1208,1
"101","Oil",2439,1
"101","Gas",1080,1
"101","Oil",1080,1
"101","Oil",2142,1.75
"101","Oil",1632,2
"101","Oil",2255,2
"101","Oil",1728,1
"101","Oil",1920,2
"101","Oil",1260,1
"101","Oil",1472,1
"101","Gas",1040,1
"101","Oil",1316,1
"101","Oil",1040,1
"101","Oil",1444,1
"101","Oil",1632,2
"101","Oil",2240,2.25
"101","Oil",3013,1
"101","Oil",988,1
"101","Oil",2204,2
"101","Oil",2140,2
"101","Oil",2768,2
"101","Oil",2295,2
"101","Oil",2128,2
"101","Oil",1960,2
"101","Oil",2392,2
"101","Oil",2496,2
"101","Oil",2302,2
"101","Oil",2132,2
"101","Oil",2250,2.25
"101","Gas",4940,2
"101","Oil",2035,1.75
"101","Oil",2140,2
"101","Oil",3358,2.25
"101","Gas",2240,2
"101","Oil",1958,1.75
"101","Oil",2830,2
"101","Oil",2880,2.25
"101","Oil",2148,2.5
"101","Oil",2587,2
"101","Oil",2378,1.75
"101","Oil",3366,2
"101","Oil",2108,2.25
"101","Oil",2250,2
"101","Oil",2156,2
"101","Oil",2364,2
"101","Oil",1296,1.5
"101","Oil",1406,1
"101","Gas",1656,2
"101","Oil",1644,2
"101","Oil",1825,2
"101","Oil",720,1
"101","Oil",936,1.25
"101","Electric",2088,1.5
"101","Oil",1176,1
"101","Oil",1225,2
"101","Oil",916,1
"101","Oil",1208,1
"101","Oil",1691,1
"101","Oil",1794,1.25
"101","Oil",1686,1.75
"101","Oil",1664,2
"101","Oil",1660,1.75
"101","Electric",1040,1
"101","Oil",1180,1
"101","Oil",1158,1
"101","Oil",1638,1.5
"101","Electric",1326,1.75
"101","Oil",1880,1.75
"101","Oil",2627,2
"101","Oil",2010,1.75
"101","Oil",2880,2
"101","Oil",1728,2
"101","Gas",1638,2
"101","Oil",2176,2
"101","Oil",2128,2
"101","Oil",2016,2
"101","Oil",2464,2
"101","Oil",1828,2
"101","Oil",1152,1
"101","Oil",1806,1.75
"101","Oil",1056,1
"101","Oil",1625,1
"101","Oil",1824,2
"101","Gas",2408,2
"101","Oil",1144,1
"101","Oil",1560,1
"101","Oil",1220,1
"101","Oil",1080,1
"101","Oil",1338,1
"101","Oil",1759,2
"101","Oil",1132,1
"101","Oil",1044,1
"101","Oil",2435,2
"101","Oil",2478,1.75
"101","Oil",1734,1.75
"101","Oil",1789,2
"101","Oil",1092,1
"101","Oil",1092,1
"101","Oil",1720,1
"101","Oil",1984,1
"101","Oil",1835,1.75
"101","Gas",1920,1
"101","Oil",780,1
"101","Oil",1080,1
"101","Oil",2024,1
"101","Oil",2095,1
"101","Oil",1220,1
"101","Oil",1556,1
"101","Electric",1120,1
"101","Oil",1946,1.75
"104","Oil",4632,1
"101","Oil",1344,1.25
"101","Oil",1332,1
"101","Oil",1344,120
"101","Oil",2930,2
"101","Oil",1144,1
"101","Oil",1592,2
"101","Oil",3070,2
"101","Oil",752,1
"101","Gas",1443,1
"109","Oil",1236,1
"101","Oil",2180,2
"101","Oil",1520,1.25
"101","Oil",1236,1
"101","Oil",1276,1
"101","Oil",2448,2
"101","Oil",1410,1
"101","Oil",1510,2
"101","Oil",2152,1.25
"101","Oil",1144,1
"101","Oil",1656,2
"101","Oil",1738,2
"101","Oil",1820,2
"101","Oil",1800,2
"101","Oil",988,1
"101","Oil",2244,2.25
"101","Oil",2087,1.5
"101","Oil",1422,1.75
"101","Oil",2246,2.25
"101","Oil",1600,1.25
"101","Oil",1182,1
"101","Gas",2890,2
"101","Oil",2002,2.25
"101","Oil",2272,2
"959","Gas",2010,1
"101","Oil",2267,2
"101","Electric",1824,2
"101","Oil",987,1.5
"101","Gas",1872,2.25
"101","Oil",1884,1.75
"104","Oil",2316,1
"101","Gas",1232,1
"101","Oil",1310,1
"101","Oil",1446,1
"101","Oil",1843,1.75
"101","Oil",1190,1
"101","Oil",1184,1
"101","Oil",1872,2
"101","Oil",1880,1.75
"101","Oil",2476,2
"101","Oil",1428,1.75
"101","Oil",1928,2
"101","Oil",1248,1
"101","Gas",2405,2
"101","Oil",1000,1.75
"101","Oil",1144,1
"101","Oil",3543,2
"101","Oil",1776,1.5
"101","Oil",972,1.75
"101","Gas",4231,2
"101","Gas",2272,1.5
"101","Oil",1352,1
"101","Oil",1528,2
"101","Oil",1248,1.5
"101","Oil",2852,2
"101","Electric",784,1
"101","Oil",1272,1.25
"101","Oil",1752,2
"101","Oil",1500,1
"101","Oil",2136,2
"101","Oil",1064,1
"101","Oil",1163,1.25
"101","Oil",864,1
"101","Oil",1489,1
"101","Oil",1446,1.5
"101","Gas",2433,2
"101","Oil",3996,2
"101","Oil",1886,2
"101","Oil",1408,2
"101","Oil",2322,2.25
"101","Gas",2821,2
"104","Oil",2028,2.25
"101","Oil",2160,2
"101","Gas",2056,2
"101","Oil",1600,1.75
"101","Oil",1859,2
"101","Oil",1952,1.75
"101","Oil",2023,1.5
"101","Oil",1990,1.5
"101","Oil",2294,2
"101","Oil",1729,1.75
"101","Gas",1260,1.75
"101","Oil",1763,1.5
"101","Oil",1058,1
"101","Electric",1318,1
"101","Oil",780,1
"101","Oil",1420,1
"101","Oil",1632,1.75
"101","Oil",1515,1.5
"101","Oil",1404,1.5
"101","Oil",1312,1.75
"101","Oil",1570,2
"101","Oil",2068,1.75
"101","Gas",2464,2.25
"101","Oil",2248,1.75
"101","Oil",1248,1
"101","Oil",1768,2
"101","Oil",1729,1.75
"101","Oil",2197,1.25
"104","Oil",1536,1
"101","Oil",1700,2
"104","Oil",2024,2
"101","Oil",1866,1.5
"101","Oil",2517,2
"101","Electric",1510,1
"101","Electric",1710,1
"101","Oil",1428,1.5
"101","Oil",1976,2
"101","Oil",2413,2
"101","Oil",1271,1
"101","Oil",1124,1
"101","Oil",2340,1
"101","Oil",1252,1
"101","Oil",1607,1.25
"101","Oil",1155,1.75
"101","Oil",1226,1
"101","Oil",1872,1
"101","Oil",1296,1
"101","Oil",1034,1
"101","Oil",2244,1
"101","Oil",1224,1.5
"101","Oil",1404,1
"101","Oil",1176,1
"101","Oil",2018,2
"101","Oil",1983,1
"101","Oil",2594,1
"101","Oil",1792,1
"101","Oil",2261,2
"101","Oil",2224,2
"101","Oil",2434,1.5
"101","Oil",1316,1
"101","Oil",1520,1
"101","Oil",2941,2
"101","Oil",1872,2
"101","Oil",1824,2.5
"101","Oil",2092,2
"101","Oil",1224,1.5
"101","Oil",1144,1
"101","Oil",1104,1
"101","Oil",1132,1
"101","Oil",1766,2
"101","Oil",2014,1.75
"101","Oil",1580,1
"101","Oil",2169,1.5
"101","Oil",1106,1
"101","Oil",2124,2
"101","Gas",1728,2
"101","Oil",1760,2
"101","Oil",1700,2
"101","Gas",1728,2
"101","Gas",1728,2
"101","Gas",1728,2
"101","Gas",2248,1.75
"101","Oil",2462,2
"101","Gas",1732,2
"101","Oil",1816,2
"101","Oil",2814,2
"101","Oil",2257,2
"101","Oil",2476,1.75
"101","Oil",2080,1.75
"101","Oil",2741,1.5
"101","Oil",1976,2
"101","Oil",1964,2
"101","Oil",2400,2
"101","Oil",1852,2
"101","Oil",2762,2
"101","Oil",1761,1.9
"101","Oil",1956,2
"101","Oil",1836,2
"101","Oil",2172,2
"101","Oil",1500,1.75
"101","Oil",1229,1.5
"101","Oil",924,1
"101","Oil",2160,2
"101","Gas",1456,1
"101","Oil",1144,1
"101","Oil",3439,2
"101","Oil",2336,1.75
"101","Oil",1078,1
"101","Oil",1992,2
"101","Oil",1092,1
"101","Oil",1092,1
"101","Oil",1444,1.5
"101","Oil",2629,2
"101","Oil",1456,1
"101","Oil",2127,2
"101","Gas",2330,1
"101","Oil",1866,1
"101","Oil",1881,1.5
"101","Oil",1646,1.75
"101","Oil",1808,1
"101","Gas",1742,2
"101","Gas",1814,2
"101","Gas",1528,1.75
"101","Gas",1626,2
"101","Gas",2056,2
"101","Gas",1789,2
"101","Gas",1920,2
"101","Gas",1729,2
"101","Gas",1568,1.75
"101","Gas",1524,1.75
"101","Gas",2077,2
"101","Gas",2598,1.75
"101","Gas",1763,2
"101","Gas",2106,2
"101","Gas",3183,2
"101","Gas",1920,2
"101","Gas",1642,2
"101","Gas",1609,2
"101","Gas",1800,2
"101","Gas",1576,1.75
"101","Gas",1729,2
"101","Gas",1386,1.75
"101","Gas",2578,2
"101","Gas",1308,1.5
"101","Gas",1776,2
"101","Oil",2480,2
"101","Oil",3002,2
"101","Oil",1772,2
"101","Oil",2330,2
"101","Oil",1692,2
"101","Oil",1800,2
"101","Oil",1800,2
"101","Oil",2264,2
"101","Oil",2928,2
"101","Oil",1632,2
"101","Oil",1746,2
"101","Oil",1664,2
"101","Oil",1870,2
"101","Oil",1936,2
"101","Oil",1810,2
"101","Oil",2417,2
"101","Oil",1632,2
"101","Oil",2052,1.75
"101","Gas",2910,2
"101","Oil",2058,1.75
"101","Oil",2317,2
"101","Gas",1792,2
"101","Oil",1120,1
"101","Gas",936,1
"101","Gas",2126,2
"101","Oil",1638,1.75
"101","Oil",1988,2
"101","Oil",2003,1.9
"101","Oil",1910,2
"101","Oil",1622,1.75
"101","Oil",2436,2
"101","Oil",1889,1.9
"101","Oil",2004,2.25
"101","Gas",2320,1.75
"101","Gas",2422,2
"101","Gas",2448,2
"101","Oil",1758,1.5
"101","Oil",2248,2
"101","Oil",3648,2
"101","Oil",3804,2
"101","Oil",2383,2
"101","Oil",1293,1
"101","Oil",3806,2
"101","Gas",2230,2
"101","Oil",1028,1
"101","Oil",2089,1
"101","Gas",1662,1.75
"104","Gas",2982,2.25
"101","Gas",2782,2
"101","Gas",1794,1
"101","Oil",924,1
"101","Oil",1368,1
"101","Oil",1716,1
"101","Oil",2128,2
"101","Oil",1498,1.25
"101","Oil",480,1
"101","Oil",1711,2
"101","Gas",2689,2
"101","Oil",1728,2
"103","Gas",540,1
"101","Oil",1692,1.5
"104","Oil",1956,2
"101","Gas",2948,2
"104","Oil",1512,1.75
"101","Oil",2600,2
"101","Electric",1300,1
"101","Oil",1248,1.5
"101","Oil",1764,1
"101","Oil",1982,1.75
"101","Gas",1204,1
"101","Oil",1318,1
"101","Oil",1765,1.75
"104","Gas",3258,2
"101","Oil",1116,1.5
"101","Oil",1208,1
"101","Oil",1666,2
"101","Oil",1208,1
"101","Oil",4138,2
"101","Oil",1640,1
"101","Gas",1071,1
"101","Gas",936,1
"101","Gas",1025,1
"101","Gas",950,1
"101","Gas",1845,2
"101","Gas",858,1
"101","Gas",957,1
"101","Gas",1355,1
"101","Gas",2736,2
"101","Gas",936,1
"101","Gas",1040,1
"101","Gas",1170,1
"101","Gas",1144,1
"101","Gas",1555,1
"101","Gas",1481,1
"101","Gas",1170,1
"101","Gas",1631,1
"101","Gas",1144,1
"101","Gas",1978,1
"101","Gas",2522,1
"101","Gas",1362,1
"101","Gas",1422,1
"101","Gas",936,1
"101","Gas",936,1
"101","Gas",960,1
"101","Gas",1534,1
"101","Gas",1170,1
"101","Gas",864,1
"101","Gas",864,1
"101","Gas",864,1
"101","Gas",1144,1
"101","Gas",896,1
"101","Gas",1404,1
"101","Gas",2830,2
"101","Gas",1452,1
"101","Gas",1833,1
"101","Gas",2673,2
"101","Gas",1206,1
"101","Gas",1096,1
"101","Gas",1521,1
"101","Gas",1146,1
"101","Gas",1797,1
"101","Oil",2560,1.9
"101","Gas",1238,1
"101","Gas",1365,1.75
"101","Oil",2636,2
"101","Oil",1568,1
"101","Oil",1254,1.25
"101","Gas",1248,1
"101","Gas",1123,1
"101","Gas",1122,1
"101","Gas",1694,2
"101","Gas",1440,1
"101","Gas",1740,1
"101","Gas",1458,1
"101","Gas",1802,2
"101","Oil",985,1
"101","Gas",1200,1
"101","Gas",1170,1
"101","Gas",1440,1
"101","Gas",1152,1
"101","Gas",1456,1
"101","Gas",1425,1
"101","Gas",1348,1
"101","Gas",1200,1
"101","Gas",1087,1
"101","Gas",1170,1
"101","Gas",1356,1
"101","Gas",1413,1
"101","Gas",2144,2
"101","Gas",1464,1
"101","Gas",1200,1
"101","Gas",1160,1
"101","Oil",1738,1
"101","Gas",1158,1
"101","Gas",1440,1
"101","Gas",2464,1
"101","Gas",1440,1
"101","Gas",1440,1
"101","Gas",1338,1
"101","Gas",1496,2
"101","Gas",960,1
"101","Gas",1176,1
"101","Gas",1048,1
"101","Gas",1386,1
"101","Gas",1158,1
"101","Gas",1704,1
"101","Gas",2418,2
"101","Gas",1380,1
"101","Gas",1338,1
"101","Gas",1104,1
"101","Gas",1512,1
"101","Gas",1288,1.75
"101","Gas",1176,1
"101","Gas",1412,1
"101","Gas",1228,1
"101","Gas",1260,1
"101","Gas",1544,1
"101","Gas",1232,1
"101","Oil",1344,1
"101","Gas",1948,2
"101","Gas",1200,1
"101","Gas",1460,1.75
"101","Gas",1856,1
"101","Gas",1056,1
"101","Gas",1152,1
"101","Gas",1248,1
"101","Gas",1242,1
"101","Oil",1196,1
"101","Gas",1080,1
"101","Gas",1196,1
"101","Gas",1144,1
"101","Gas",1288,1
"101","Oil",2288,1
"101","Gas",1549,2
"101","Gas",1384,1
"101","Oil",1464,1
"101","Gas",1276,1
"101","Oil",1802,2
"101","Electric",1248,1
"101","Gas",1909,1.9
"101","Gas",1915,1.25
"101","Gas",1836,2
"101","Gas",2042,2
"101","Gas",960,1
"101","Electric",1132,1
"101","Gas",2428,1.75
"101","Gas",1296,1
"101","Gas",1247,1
"101","Oil",2406,1
"101","Gas",1092,1
"101","Gas",2148,2
"101","Gas",1843,1.5
"101","Gas",2022,2
"101","Gas",1764,2
"101","Oil",1080,1
"101","Electric",1352,1
"101","Oil",2549,1
"101","Electric",1340,1
"101","Gas",1748,1.75
"101","Oil",1132,1
"101","Gas",2834,2
"101","Gas",1922,2
"101","Gas",1758,1.75
"101","Gas",2629,2
"101","Gas",2246,2
"101","Gas",1636,1.25
"101","Gas",1184,1
"101","Gas",1264,1
"101","Oil",2640,2
"101","Oil",1848,2
"101","Oil",1872,2
"101","Oil",1975,1.75
"101","Oil",2256,2
"101","Oil",1684,2
"101","Oil",2008,2
"101","Oil",2494,2
"101","Oil",2204,1
"101","Oil",2560,2
"101","Oil",2728,2
"101","Oil",2235,1.5
"101","Oil",2170,2
"101","Oil",2346,1.75
"101","Oil",2172,1
"101","Gas",2268,2
"101","Oil",1920,2.25
"101","Oil",1942,1.75
"101","Oil",2638,2
"101","Oil",1324,1
"101","Oil",1736,2
"101","Oil",2204,2
"101","Oil",2536,2.25
"101","Oil",2936,2
"101","Oil",1884,2
"101","Oil",1872,2
"101","Oil",960,1
"101","Oil",2168,1
"101","Gas",1999,1
"101","Oil",1934,2
"101","Gas",1582,1
"101","Gas",1940,1.5
"101","Gas",1872,2
"101","Oil",3462,2
"101","Oil",3717,2
"101","Gas",1680,1.9
"101","Gas",1456,1
"101","Gas",2689,2
"101","Oil",1372,1
"101","Oil",1232,1
"101","Oil",2706,1.5
"109","Gas",2043,1.5
"101","Oil",1656,1.5
"101","Oil",1616,1
"101","Oil",2246,2
"101","Oil",2188,1.75
"101","Oil",1741,1.5
"101","Gas",2461,2
"101","Oil",1372,2
"101","Oil",2106,2.5
"101","Oil",1728,2
"101","Gas",2212,2
"101","Oil",2156,2
"101","Oil",1800,2
"101","Oil",1835,1.75
"101","Oil",2047,1.5
"101","Oil",1491,1.25
"101","Oil",1900,2
"101","Oil",3209,1.75
"101","Oil",1884,1.5
"101","Oil",4380,2
"101","Electric",2024,2
"101","Oil",2740,2
"101","Oil",2998,2
"101","Oil",2007,2
"101","Electric",2000,2
"101","Electric",1104,1
"101","Electric",1234,1
"101","Oil",2456,2
"101","Oil",2284,2
"101","Oil",1976,2
"101","Gas",2052,2
"101","Oil",1464,1
"101","Gas",1840,1
"101","Oil",1367,1.75
"101","Oil",2480,2
"101","Oil",1683,1
"101","Oil",1810,1.75
"101","Oil",2448,1
"101","Gas",2540,2
"101","Oil",2271,2
"101","Oil",2460,2
"101","Oil",1886,1.9
"101","Oil",1184,1
"101","Oil",1184,1
"101","Oil",1092,1
"101","Oil",2910,1.5
"101","Oil",2408,2
"101","Electric",2334,2
"101","Electric",2748,2
"101","Gas",5144,2
"101","Oil",2828,2
"101","Oil",2950,2
"101","Oil",1313,1
"101","Oil",1532,1
"101","Oil",1636,2
"101","Oil",2340,2
"101","Oil",1755,1.5
"101","Oil",1944,1
"101","Electric",2313,1.75
"101","Oil",1904,1
"101","Oil",1800,2
"101","Oil",2878,2
"101","Gas",2744,2
"101","Electric",1680,1.25
"101","Oil",1937,1
"101","Oil",1078,1
"101","Oil",2100,1.75
"101","Oil",2296,2
"101","Oil",1915,2
"101","Oil",1358,1
"101","Oil",1716,1
"101","Oil",816,1
"101","Gas",1568,2
"101","Oil",3221,1
"101","Oil",1096,1
"101","Oil",1908,1.5
"101","Oil",1040,1
"101","Oil",1752,1.75
"101","Oil",1413,1
"101","Oil",1500,1
"101","Oil",1445,1
"101","Oil",1152,1
"101","Oil",1456,1
"101","Oil",1960,1.75
"101","Oil",2404,1.75
"101","Oil",1576,2
"101","Oil",2384,1.5
"101","Oil",1414,1
"101","Oil",1574,1
"101","Oil",1667,1.5
"101","Oil",1808,1
"101","Oil",2840,2
"109","Oil",1644,1.5
"101","Oil",1267,1
"101","Oil",1280,1
"101","Oil",1402,1
"101","Oil",1382,1
"101","Oil",1656,1
"101","Oil",2704,1.9
"101","Oil",3096,2
"101","Oil",1508,1
"101","Oil",1221,1
"101","Oil",1164,1
"101","Oil",1479,1.75
"101","Oil",1850,2.25
"101","Oil",1094,1
"101","Oil",1547,1.75
"959","Electric",2545,1
"101","Oil",1190,1
"101","Oil",1180,1
"101","Oil",3466,2
"101","Oil",2952,2
"101","Oil",2116,2
"101","Oil",1440,1.5
"101","Oil",1768,1.75
"101","Oil",1188,1
"101","Oil",2558,1.75
"101","Oil",2651,1.75
"101","Oil",1950,2
"101","Oil",2831,2
"101","Oil",2529,2
"101","Oil",2074,1.25
"101","Oil",2529,1.75
"101","Oil",3571,2
"101","Oil",3844,2
"101","Electric",2405,2
"101","Oil",6242,2.5
"101","Oil",2672,1.75
"101","Electric",3621,2
"101","Oil",2678,1.75
"101","Oil",2920,2
"101","Oil",2700,2
"101","Oil",3976,2
"101","Oil",3365,2
"101","Oil",2664,2
"101","Oil",2868,2
"101","Oil",3667,2
"101","Oil",2364,2
"101","Oil",2986,2
"101","Oil",2486,2
"101","Gas",4255,2
"101","Oil",3459,2
"101","Oil",2477,2
"101","Oil",3081,1.5
"101","Gas",5625,2
"101","Oil",1937,1.5
"101","Oil",2984,2
"101","Oil",1104,1
"101","Oil",1127,1
"101","Electric",4617,1
"104","Gas",1404,1.5
"104","Oil",2232,2
"101","Oil",3072,1
"101","Oil",2333,1
"101","Oil",2183,1
"101","Oil",3808,1.75
"101","Oil",1465,1
"101","Oil",2514,2
"101","Oil",2718,2
"101","Gas",3453,1.5
"101","Gas",2617,1
"101","Gas",2394,1
"101","Oil",3063,1.75
"101","Oil",2284,2
"101","Oil",1357,1.9
"101","Oil",2512,2
"101","Oil",2013,1.2
"101","Oil",1232,1
"101","Oil",2044,2
"101","Oil",1332,1
"101","Oil",1792,1
"101","Electric",1286,1
"101","Gas",3702,2
"101","Oil",2207,1.5
"101","Oil",1320,1
"101","Electric",1163,1.5
"101","Oil",1976,2
"101","Oil",2728,2
"101","Oil",3010,2.5
"101","Oil",2499,2
"101","Oil",1480,1
"101","Oil",1038,1
"101","Oil",1260,1
"101","Oil",1796,1.4
"111","Oil",2892,2
"101","Oil",2288,1.5
"959","Oil",2250,1
"101","Oil",1151,1.25
"101","Oil",2611,2
"101","Oil",1748,1
"101","Oil",2240,2
"101","Oil",1433,1.75
"101","Oil",1094,1
"101","Oil",1881,1
"101","Oil",1516,2
"101","Oil",2363,1
"101","Oil",1075,1
"101","Oil",1512,1.75
"101","Oil",1648,1
"101","Oil",1495,1.5
"101","Oil",1800,2
"101","Oil",1067,1
"101","Oil",2128,2
"101","Oil",1180,1
"101","Oil",1818,2
"101","Oil",1920,2
"101","Oil",1066,1
"101","Oil",1210,1.25
"101","Oil",2538,2
"101","Gas",2752,2
"101","Oil",1444,1
"101","Oil",1726,1
"101","Gas",2030,1
"101","Electric",1392,1
"101","Oil",1755,1.9
"101","Oil",2522,1.9
"101","Oil",1236,1
"101","Oil",1426,1.75
"101","Oil",1800,2
"101","Oil",1552,1
"101","Oil",1292,1
"101","Oil",1292,1
"101","Oil",2168,2
"101","Oil",2459,2
"101","Oil",1520,1
"101","Oil",3336,2
"101","Oil",1080,2
"101","Electric",1184,1
"101","Gas",3326,2
"101","Electric",1188,1
"101","Gas",913,1
"101","Oil",1184,1
"101","Oil",1294,1
"101","Oil",4028,2
"101","Oil",3317,1
"101","Oil",2856,2
"101","Oil",2603,2
"101","Oil",2766,2
"101","Oil",3385,2
"101","Oil",2462,2
"101","Oil",2992,2
"101","Oil",1912,2
"101","Oil",3142,2.25
"101","Oil",1330,1
"101","Oil",4707,2
"101","Oil",4151,1.75
"101","Oil",3718,2
"101","Oil",2636,2
"101","Oil",4620,2
"101","Oil",3344,2
"101","Oil",3100,2
"101","Oil",2574,2
"101","Oil",3156,1.5
"101","Oil",3242,2
"101","Oil",4858,2
"959","Oil",4208,1.5
"101","Oil",2360,2
"101","Oil",5034,2.25
"101","Oil",1996,2
"101","Electric",2225,1.5
"101","Oil",3425,2
"101","Oil",1858,1
"101","Oil",2176,1.75
"101","Gas",2836,2
"101","Oil",2240,1.75
"101","Oil",1496,1
"101","Oil",1778,2
"101","Oil",1976,2
"101","Oil",2576,2
"101","Oil",2407,1
"101","Oil",2912,2
"101","Oil",2558,2
"101","Oil",2496,2
"101","Oil",1905,1.5
"101","Oil",2891,2
"101","Oil",1518,2
"101","Gas",1512,2
"101","Gas",1999,1
"101","Oil",3622,2.25
"101","Oil",1954,2.25
"101","Oil",1404,1.5
"101","Gas",1228,1.5
"101","Oil",1921,1.75
"101","Gas",2000,1
"101","Gas",1694,1
"101","Oil",2075,2
"101","Oil",1354,1
"101","Oil",2184,2
"104","Electric",1726,1
"101","Oil",2247,1.75
"101","Oil",1100,1
"101","Oil",1794,1
"101","Oil",1180,1
"101","Oil",1132,1
"101","Oil",1056,1
"101","Oil",2624,1.25
"101","Oil",1266,1.5
"101","Gas",1992,1
"101","Oil",3155,2
"101","Oil",3000,2.5
"101","Oil",1968,2
"101","Oil",2372,2
"101","Oil",2704,2
"109","Oil",1436,1.5
"101","Oil",2678,2
"101","Electric",1620,1.5
"101","Oil",1347,1.9
"101","Oil",1068,1
"101","Oil",912,1
"101","Oil",1419,1.75
"101","Oil",2586,1
"101","Oil",1508,1
"101","Oil",1820,1.75
"101","Oil",3492,2
"101","Oil",1700,2
"101","Oil",1234,1
"101","Oil",2014,1.75
"101","Oil",1648,1
"101","Oil",1922,1.9
"101","Oil",1960,1.75
"101","Oil",2032,2
"101","Oil",1904,1
"101","Gas",1756,1.9
"109","Oil",1239,1.5
"101","Oil",2104,1.75
"101","Oil",2408,1.75
"101","Oil",2025,1.75
"101","Oil",2495,1.75
"931","Oil",864,1
"931","Electric",768,1
"931","Oil",816,1
"101","Gas",2550,2
"101","Oil",3654,2
"101","Oil",2640,1.9
"101","Oil",1680,1
"101","Oil",2454,2
"101","Oil",2208,2
"101","Oil",1958,2
"101","Oil",1896,2
"101","Gas",2624,1.5
"101","Oil",1646,2
"101","Oil",1026,1.5
"101","Oil",2552,2
"101","Gas",1521,1.75
"101","Oil",1007,1.5
"101","Oil",2224,1
"101","Gas",1945,1.75
"101","Oil",1068,1
"101","Oil",1560,1
"101","Oil",1312,1
"101","Oil",1224,1
"101","Oil",1096,1
"101","Oil",1276,1
"101","Oil",1096,1
"101","Oil",1304,1
"101","Gas",9108,2
"101","Gas",3488,2
"101","Oil",2135,1.75
"101","Oil",1671,1.5
"101","Oil",1352,2
"101","Oil",1592,1.75
"101","Oil",2102,2
"101","Oil",864,1
"101","Oil",4084,2
"101","Gas",1648,1
"101","Oil",1571,1.4
"101","Oil",1168,1
"101","Oil",2058,1.75
"101","Oil",1948,1
"101","Oil",936,1
"101","Oil",1512,1
"101","Electric",2254,1.75
"101","Gas",2304,2
"101","Oil",1773,1
"101","Oil",1773,1
"101","Oil",1592,1
"101","Oil",1184,1
"101","Oil",2014,2
"101","Oil",1238,1.4
"101","Oil",1205,1.4
"101","Oil",2120,2
"101","Oil",1652,2
"101","Gas",1421,1
"101","Electric",1500,1
"101","Oil",2694,2
"101","Oil",1080,1
"101","Oil",1080,1
"101","Oil",1080,1
"101","Oil",1080,1
"101","Oil",1092,1
"101","Oil",1288,1
"101","Oil",1080,1
"101","Oil",1080,1
"101","Oil",1080,1
"101","Oil",1080,1
"101","Oil",1080,1
"101","Oil",1080,1
"101","Oil",1314,1
"101","Oil",1080,1
"101","Oil",1080,1
"101","Oil",1092,1
"101","Oil",1080,1
"101","Oil",2475,1.75
"101","Oil",2112,1
"101","Oil",1080,1
"101","Oil",1080,1
"101","Oil",1080,1
"101","Gas",1547,1.75
"101","Gas",2491,1.75
"101","Gas",1560,1.9
"101","Gas",1780,2
"101","Oil",1404,1
"101","Gas",2226,1.5
"101","Gas",1686,1.75
"101","Gas",1778,1.9
"101","Gas",1268,1.5
"101","Gas",2000,2
"101","Gas",2508,2
"101","Gas",2004,2
"101","Gas",2173,2
"101","Gas",3502,2
"101","Gas",1428,1.75
"101","Gas",1638,1.75
"101","Gas",2180,2
"101","Gas",1782,2
"101","Gas",2180,2
"101","Gas",1638,1.75
"101","Gas",2208,2
"101","Oil",1338,1
"101","Oil",3152,2
"101","Gas",2508,2
"101","Oil",2093,2
"101","Oil",1445,1.25
"101","Oil",1360,2
"101","Electric",1476,1.75
"101","Oil",2149,1.75
"101","Oil",1118,1.75
"101","Oil",2384,2
"101","Oil",2024,2
"101","Electric",1040,1
"101","Oil",1117,1.75
"101","Oil",2836,1.75
"101","Electric",1820,1.75
"101","Electric",2579,1.75
"101","Electric",1236,1
"101","Electric",1040,1
"101","Oil",1662,1.75
"101","Oil",2384,1
"101","Oil",1352,1
"109","Gas",1238,1
"101","Oil",2394,2
"101","Oil",1428,1
"101","Oil",2486,2
"101","Oil",1246,1.75
"101","Oil",1000,1
"101","Oil",1313,1.5
"101","Oil",2026,1.9
"101","Oil",4332,2
"101","Oil",1872,2
"101","Oil",1322,2
"101","Oil",1987,1.9
"101","Oil",2088,2
"101","Oil",2232,2
"101","Oil",2160,2
"101","Oil",3329,2
"101","Oil",2346,1.75
"101","Oil",2354,1.9
"101","Oil",1704,1.75
"101","Oil",1638,1.75
"101","Oil",3286,2
"101","Oil",1596,1.9
"101","Oil",2082,1.9
"101","Oil",1872,2
"101","Oil",1746,1.75
"101","Oil",3759,1.5
"104","Oil",2018,1.5
"101","Oil",1778,1.9
"101","Oil",1132,1
"101","Oil",1266,1
"101","Oil",2824,1.9
"101","Oil",1896,1
"101","Oil",1132,1
"101","Oil",1545,1
"101","Oil",2546,1.75
"101","Oil",1998,2
"101","Oil",1706,1
"101","Oil",2216,2
"101","Oil",1638,1.75
"101","Oil",2034,1.75
"101","Gas",2884,2
"101","Gas",1788,1.75
"101","Oil",1132,1
"101","Gas",1152,1
"101","Gas",2680,2
"101","Gas",1798,1.9
"101","Oil",1128,1
"101","Oil",1884,1.5
"101","Oil",1516,1.5
"101","Oil",2044,1.9
"101","Oil",1829,1.9
"101","Oil",1184,1
"101","Oil",1180,1
"101","Oil",2824,2
"101","Oil",2282,2
"101","Gas",2483,2
"101","Oil",1376,1
"101","Oil",1704,1
"101","Oil",1277,1.75
"101","Oil",2308,2
"101","Oil",2052,2
"101","Oil",1971,2
"010","Oil",1952,1
"101","Gas",1832,2
"101","Gas",1846,1.4
"101","Gas",1675,1.9
"101","Gas",2324,1
"101","Electric",1120,1
"101","Oil",1462,1.75
"101","Oil",3330,2
"101","Oil",2360,2
"101","Oil",1944,2
"101","Oil",2124,2
"101","Oil",2120,2
"101","Oil",2208,2
"101","Oil",2032,2
"101","Oil",2640,2
"101","Oil",1956,2
"101","Oil",1872,2
"101","Oil",1260,1.75
"101","Oil",850,1
"101","Gas",3177,2
"101","Oil",1899,1.75
"101","Oil",1278,1.4
"101","Gas",2460,2
"342","Oil",1428,1.75
"101","Oil",1356,1.75
"101","Oil",1208,1.75
"101","Oil",894,1.4
"101","Oil",936,1
"101","Gas",2136,2
"101","Oil",876,1.5
"101","Oil",1300,1
"101","Oil",1200,1
"101","Oil",1794,1
"101","Oil",1660,1.5
"101","Gas",1200,1
"101","Gas",2064,2
"101","Oil",917,1
"101","Gas",1572,1
"101","Gas",850,1
"101","Oil",1720,1.75
"101","Oil",1428,1.75
"101","Gas",1313,1.5
"101","Gas",3077,2
"101","Gas",2066,1.9
"101","Gas",1712,2
"101","Gas",1838,1.75
"109","Oil",854,1
"101","Oil",1365,1.5
"101","Oil",2572,2
"101","Gas",2468,1
"101","Oil",2335,1.75
"101","Oil",1014,1
"101","Oil",2192,1.75
"101","Oil",2048,1
"101","Oil",890,1
"101","Oil",2700,1.75
"101","Electric",1196,1
"101","Electric",1080,1
"101","Oil",1140,1
"101","Gas",2420,1.75
"101","Gas",976,1
"101","Oil",1700,2
"101","Oil",2776,2
"101","Oil",1040,1
"101","Oil",1040,1
"101","Oil",2048,2
"101","Oil",1979,1
"101","Oil",1684,1.75
"101","Oil",1320,1
"101","Electric",1504,1
"101","Oil",1743,1.75
"101","Gas",2814,1.75
"101","Gas",1862,1.75
"101","Oil",1132,1
"101","Oil",1718,1.9
"101","Oil",1428,1.75
"101","Oil",1500,1.75
"101","Oil",1550,1.9
"101","Oil",1272,1
"101","Oil",1428,1.75
"101","Oil",1550,1.9
"101","Oil",1550,1.9
"101","Oil",2544,2
"101","Gas",2818,1
"101","Electric",1252,1
"101","Oil",1728,2
"101","Gas",1188,1
"101","Oil",1728,2
"101","Oil",2132,2
"101","Oil",2018,1.9
"101","Gas",1794,1
"101","Electric",1927,1.75
"101","Oil",1990,1.75
"101","Oil",1778,1.9
"101","Oil",2184,2
"101","Oil",1198,1
"101","Gas",2831,2
"101","Gas",2252,2
"101","Electric",2149,1.9
"101","Electric",1459,1.9
"101","Oil",1459,1.9
"101","Oil",1976,2
"101","Gas",2204,2
"101","Oil",1946,1.9
"101","Oil",1961,1.75
"101","Oil",2278,2.5
"101","Oil",2560,2
"101","Oil",2206,2
"101","Oil",2120,2
"101","Oil",1652,1
"101","Oil",2232,2
"101","Oil",1980,1.75
"101","Oil",1638,1.75
"101","Oil",2002,1.5
"101","Oil",1788,1.75
"101","Oil",1952,2
"101","Oil",2056,2
"101","Oil",2444,2
"101","Oil",1961,1.75
"101","Oil",2052,2
"101","Oil",2088,2
"101","Oil",2140,2.25
"101","Oil",2656,2
"101","Oil",1897,1.75
"101","Oil",1864,1.75
"101","Gas",2044,2
"101","Oil",2164,2
"101","Gas",1184,1
"101","Gas",1908,1.5
"101","Gas",1200,1
"101","Gas",1080,1
"101","Gas",2110,2
"101","Gas",1278,1
"101","Gas",1141,1
"101","Gas",1140,1
"101","Gas",1632,2
"101","Gas",1140,1
"101","Gas",1632,2
"101","Gas",1196,1
"101","Gas",1632,2
"101","Gas",1362,1
"101","Gas",1140,1
"101","Gas",1855,2
"101","Gas",2058,2
"101","Gas",1632,2
"101","Gas",2157,2
"101","Gas",1932,1.75
"101","Gas",1566,2
"101","Gas",1632,2
"101","Gas",1653,2
"101","Gas",1632,2
"101","Gas",1550,1.9
"101","Gas",2241,2
"101","Gas",1632,2
"101","Gas",1632,2
"101","Gas",1824,2
"101","Gas",1516,2
"101","Gas",2016,2
"101","Gas",2856,2
"101","Gas",1218,1
"101","Gas",1632,2
"101","Gas",2646,2
"101","Gas",1632,2
"101","Gas",1280,2
"101","Gas",1104,1
"101","Gas",2524,2.25
"101","Gas",1632,2
"101","Gas",1814,2
"101","Gas",1879,2
"101","Gas",1650,2
"101","Gas",2208,3
"101","Gas",1632,2
"101","Gas",1632,2
"101","Gas",1130,1
"101","Oil",2200,2
"101","Oil",1872,2
"101","Oil",1924,2
"101","Oil",1996,2
"101","Oil",1238,1
"101","Oil",2254,2
"101","Oil",2272,2
"101","Oil",2344,1.9
"101","Oil",1820,2
"101","Oil",1764,1.75
"101","Oil",2088,2
"101","Oil",1944,2
"101","Oil",1946,1.75
"101","Oil",1778,1.9
"101","Oil",3519,2
"101","Oil",1880,1.75
"101","Gas",1810,1.75
"101","Oil",2052,2
"101","Oil",2465,2
"101","Oil",1706,1
"101","Electric",2052,2
"101","Electric",2052,2
"101","Oil",1876,2
"101","Electric",1952,2
"101","Electric",2224,2
"101","Oil",2157,2
"101","Oil",2044,2
"101","Oil",2332,2
"101","Oil",2296,2
"101","Oil",2214,2
"101","Oil",2184,2
"101","Oil",2128,2
"101","Electric",3072,2
"101","Oil",2352,2
"101","Oil",2052,2
"101","Oil",2340,2
"101","Electric",1976,2
"101","Oil",1954,1.75
"101","Electric",1715,1
"101","Gas",3304,2
"101","Oil",2240,2
"101","Oil",2238,2
"101","Oil",2945,2
"101","Oil",1960,1.75
"101","Electric",2200,2
"101","Electric",1196,1
"101","Oil",2204,2
"101","Electric",2307,2
"101","Electric",2320,2
"101","Electric",1746,1.75
"101","Oil",2198,2
"101","Electric",1696,1
"101","Electric",3292,2
"101","Oil",2460,2
"101","Oil",2588,1
"101","Oil",2040,2
"101","Oil",2816,2
"101","Oil",2600,2
"101","Electric",2592,2
"101","Oil",2730,2
"101","Oil",2923,2
"101","Electric",2800,2
"101","Electric",2274,2
"101","Electric",1872,2
"101","Oil",2824,2
"101","Oil",2456,2
"101","Oil",2766,2
"101","Oil",2128,2
"101","Oil",1686,1
"101","Oil",3000,1
"101","Oil",2128,2
"101","Oil",1872,2
"101","Oil",3012,2
"101","Oil",1976,2
"101","Oil",3484,2
"101","Oil",854,1
"101","Gas",2029,1.75
"101","Oil",1494,1
"101","Oil",1168,1.5
"101","Oil",1624,1
"101","Oil",1387,1
"101","Gas",1800,2
"101","Gas",1916,2
"101","Oil",1638,1.75
"101","Oil",2541,2
"101","Oil",2052,2
"101","Electric",2832,2
"101","Oil",2742,2
"101","Oil",2065,2
"101","Oil",2172,2
"101","Oil",2052,2
"101","Electric",1643,1.75
"101","Oil",2593,2
"101","Oil",2920,2
"101","Gas",1144,1
"101","Gas",1728,2
"101","Oil",1642,1.9
"101","Gas",1900,2
"101","Oil",1920,2
"101","Gas",2000,2
"101","Oil",1268,1
"101","Oil",2048,1.5
"101","Gas",2528,2
"101","Oil",2034,2
"101","Oil",1742,1
"101","Oil",1132,1.5
"101","Oil",1739,1.75
"101","Oil",1592,1.75
"101","Oil",1568,2
"101","Electric",1132,1
"101","Oil",1716,1
"101","Gas",924,1
"101","Electric",1028,1
"101","Gas",2172,2
"101","Gas",1344,1.75
"101","Electric",864,1.5
"101","Electric",1216,1
"101","Oil",1036,1
"101","Oil",2070,1
"101","Oil",952,1
"101","Oil",1279,1
"101","Gas",1220,1
"101","Gas",2650,1
"101","Oil",1988,1
"101","Electric",1488,1.75
"101","Oil",1124,1
"101","Oil",1210,1
"101","Oil",972,1
"101","Oil",1189,1
"101","Oil",1182,1
"101","Oil",2119,1.75
"101","Gas",1148,1
"101","Oil",1356,1
"101","Oil",1120,1
"101","Oil",984,1
"101","Oil",1850,1
"104","Oil",2185,1.5
"101","Gas",1855,1
"101","Gas",1012,1
"101","Gas",1751,1
"101","Oil",916,1
"101","Oil",1188,1
"101","Oil",1372,2
"101","Oil",1144,1
"101","Oil",1312,1
"101","Oil",1708,2
"101","Oil",1462,1
"101","Gas",1996,1
"101","Gas",2128,1.75
"101","Gas",1311,1
"101","Oil",1056,1
"101","Oil",2007,2
"101","Gas",1952,1
"101","Oil",1800,1.75
"101","Oil",936,1
"101","Oil",1302,1
"101","Oil",1092,1
"101","Gas",1428,1.75
"101","Gas",1142,1
"101","Electric",728,1
"101","Oil",1160,1
"101","Oil",1256,1
"101","Oil",1469,1
"101","Oil",1040,1
"101","Oil",1296,1
"101","Gas",1808,2
"101","Electric",1568,2
"101","Oil",1512,1
"101","Oil",1075,1
"101","Oil",1320,1
"101","Oil",1813,2
"101","Oil",1272,1
"101","Oil",1250,1
"101","Oil",2571,1.75
"101","Oil",1196,1
"101","Oil",1288,1
"101","Oil",1890,1.75
"101","Electric",1536,1.75
"101","Oil",1748,1.75
"101","Gas",1176,1
"101","Oil",1428,1.75
"101","Oil",1056,1.75
"101","Oil",2712,2
"101","Oil",2067,2
"101","Oil",3002,2
"101","Oil",2590,1.5
"101","Oil",1638,1.75
"101","Oil",1778,1.9
"101","Oil",1638,1.75
"101","Electric",1638,1.75
"101","Oil",1778,1.9
"101","Oil",2096,2
"101","Oil",1872,2
"101","Oil",1618,1
"101","Oil",2128,2
"101","Oil",2180,2
"101","Oil",1427,1
"101","Gas",1935,2
"101","Oil",1912,2
"101","Oil",1888,2
"101","Oil",2952,2
"101","Oil",2448,1.9
"101","Oil",2462,2
"101","Electric",1456,1
"101","Oil",1939,1
"101","Gas",1872,2
"101","Oil",1972,2
"101","Gas",2200,1.75
"101","Oil",2676,2
"101","Gas",1897,1.75
"101","Gas",2818,2
"101","Electric",2260,2
"101","Oil",1120,1
"101","Oil",1704,1.75
"101","Oil",1547,1.75
"101","Oil",1810,2
"101","Oil",1764,1.75
"101","Oil",1638,1.75
"101","Oil",1974,1.9
"101","Oil",1984,1
"101","Oil",1310,1
"101","Oil",2864,2
"101","Oil",1040,1
"101","Electric",1056,1
"101","Electric",1568,2
"101","Oil",2156,1.75
"101","Oil",1764,2
"101","Oil",2732,1.75
"101","Oil",1873,1.75
"101","Oil",2104,1.75
"101","Oil",1908,2
"101","Oil",2240,2.5
"101","Oil",2014,2
"101","Oil",1638,1
"101","Oil",2036,2
"101","Oil",2980,2
"101","Oil",1188,1
"101","Oil",1486,1
"101","Oil",1672,1.75
"101","Oil",2335,1.9
"101","Oil",2724,1.75
"101","Oil",1350,1.5
"101","Oil",1106,1
"101","Oil",1708,1.75
"101","Oil",2050,1
"101","Oil",1756,1
"101","Oil",1060,1
"101","Oil",1028,1
"101","Oil",2624,1
"101","Oil",1312,1
"101","Oil",1144,1
"101","Oil",1408,1
"101","Oil",1822,2
"101","Oil",1396,1
"101","Oil",1610,1
"101","Oil",1096,1
"101","Oil",1308,1
"101","Oil",1158,1
"101","Oil",1820,2
"101","Oil",1056,1
"101","Oil",1158,1
"101","Oil",1337,1
"101","Electric",1860,2
"101","Oil",2939,2
"101","Oil",1272,1
"101","Oil",2941,2
"101","Electric",1284,1
"101","Oil",1132,1
"101","Oil",1056,1
"101","Oil",1044,1
"101","Oil",1568,2
"101","Oil",1396,1
"101","Oil",2160,1
"101","Oil",1196,1
"101","Oil",1795,1.9
"101","Oil",910,1
"101","Oil",3091,1.75
"101","Oil",2093,2
"101","Oil",1543,1
"101","Oil",2121,1.75
"101","Oil",2081,1.75
"101","Oil",3104,2
"101","Oil",2394,2
"101","Oil",2451,1.9
"101","Oil",1971,1.75
"101","Electric",2150,1.9
"101","Gas",2527,2
"101","Gas",1936,2
"101","Gas",1800,2
"101","Oil",2380,2
"101","Oil",1910,1
"101","Oil",2560,1.75
"101","Oil",1456,1
"101","Oil",1800,1
"101","Oil",2609,1.9
"101","Oil",1248,1
"101","Oil",1729,1.75
"101","Oil",1568,1
"101","Oil",2128,1
"101","Electric",1941,2
"101","Oil",1648,1
"101","Oil",1602,2
"101","Oil",2534,2
"101","Oil",2024,2
"101","Oil",1642,1.9
"101","Oil",2256,1
"101","Oil",1946,2
"101","Oil",1664,1
"101","Oil",2421,2
"101","Oil",3440,2
"101","Oil",1701,1
"101","Oil",2058,1.9
"101","Gas",1872,2
"101","Oil",1729,1
"101","Oil",2220,1
"101","Oil",2108,1.75
"101","Oil",2356,1.75
"101","Oil",1925,1.75
"101","Oil",1946,1.75
"101","Electric",2156,1.75
"101","Oil",2592,2
"101","Oil",1904,2
"101","Oil",3032,2
"101","Oil",1962,1.75
"101","Oil",4002,1.75
"101","Oil",3320,1.75
"101","Oil",2592,2
"101","Oil",2080,2
"101","Oil",1400,1
"101","Oil",2180,2
"101","Gas",2149,2
"101","Oil",1988,1
"101","Oil",1963,1
"101","Oil",1893,2
"101","Oil",1144,1
"101","Oil",2166,1.75
"101","Oil",2438,1.75
"101","Oil",2144,2
"101","Oil",2040,1.5
"101","Oil",1872,1
"101","Oil",1929,2
"101","Oil",2374,1
"101","Oil",1992,2
"101","Oil",1889,1.9
"101","Oil",1044,1
"101","Oil",1296,1
"101","Oil",960,1
"101","Oil",1080,1
"101","Oil",1248,1
"101","Oil",1837,2
"101","Oil",1216,1
"101","Oil",2490,1
"101","Oil",2080,1
"101","Oil",2520,1.75
"101","Oil",2240,2
"101","Oil",2160,2
"101","Oil",3208,2
"101","Oil",1974,1.75
"101","Oil",2260,2
"101","Oil",2510,2
"101","Oil",1872,2
"101","Oil",3083,2
"101","Oil",2424,2
"101","Oil",2189,2
"101","Oil",2010,2
"101","Oil",1972,2
"101","Electric",2658,2
"101","Electric",2266,1.75
"101","Electric",1872,2
"101","Oil",2155,2.25
"101","Oil",2458,2
"101","Electric",2464,2
"101","Gas",2600,2
"101","Oil",3554,2
"101","Gas",2203,2
"101","Oil",3010,2
"101","Oil",2560,2
"101","Oil",2672,2
"101","Oil",2288,2
"101","Oil",2240,2
"101","Oil",2240,2
"101","Oil",2432,2
"101","Oil",1944,2
"101","Oil",2240,2
"101","Oil",2058,2
"101","Oil",2240,2
"101","Gas",2042,2
"101","Oil",3825,1.5
"101","Gas",2634,2
"101","Oil",2400,2
"101","Gas",1908,1.75
"101","Gas",2592,2
"101","Gas",2040,2
"101","Gas",2355,1.75
"101","Gas",1981,1.9
"101","Gas",2148,2
"101","Oil",1884,2
"101","Oil",1988,2
"101","Oil",2720,2
"101","Oil",2088,2
"101","Oil",1956,1
"101","Oil",4986,2
"101","Gas",2250,2
"101","Gas",3056,2
"101","Gas",1974,2
"101","Gas",1933,1.75
"101","Gas",2402,1.5
"101","Gas",2929,2
"101","Gas",1822,2
"101","Gas",1698,2
"101","Gas",1704,1
"101","Gas",1368,1
"101","Gas",2108,2
"101","Oil",2002,1.75
"101","Gas",1670,1.75
"101","Gas",1154,1
"101","Gas",1667,2
"101","Gas",1152,1
"101","Gas",1670,1.75
"101","Gas",1236,1
"101","Gas",1568,2
"101","Gas",1864,2
"101","Gas",1928,2
"101","Gas",1746,2
"101","Gas",1952,2
"101","Gas",1244,1
"101","Gas",1812,2
"101","Oil",1242,1
"101","Gas",1844,1.75
"101","Gas",1888,2
"101","Gas",1872,2
"101","Gas",1704,2
"101","Gas",1256,1
"101","Gas",1800,2
"101","Gas",1473,1
"101","Gas",2214,2
"101","Gas",1944,2
"101","Oil",2117,2
"101","Gas",1722,2
"101","Gas",2425,2
"101","Gas",2030,2
"101","Oil",1040,1
"101","Oil",1401,1.75
"101","Gas",1144,1
"101","Oil",1756,1.75
"101","Oil",2398,1.5
"101","Oil",1092,1
"101","Gas",2054,2
"101","Oil",1973,1.75
"101","Electric",2568,1
"101","Oil",1700,1.75
"101","Oil",1632,2
"101","Electric",1003,1.9
"101","Oil",2509,1.75
"101","Oil",1183,1.75
"101","Oil",1221,2
"101","Oil",1526,1.75
"101","Oil",1945,1
"101","Electric",1807,1.75
"101","Oil",2400,2
"101","Oil",1487,1.9
"101","Oil",1300,2
"101","Oil",2109,1.75
"101","Electric",1084,1
"106","Coal or Wood",403,1
"101","Oil",1152,1.25
"101","Oil",2670,1.75
"101","Oil",1187,1
"109","Oil",1821,1.75
"101","Oil",1552,1.75
"101","Oil",1862,1
"101","Oil",1516,1
"101","Gas",2800,2
"101","Oil",1094,1
"101","Oil",1200,1
"101","Oil",2940,2
"101","Oil",2548,2
"101","Oil",2305,1.75
"101","Oil",986,1
"101","Oil",1395,1
"101","Oil",3210,2
"101","Oil",1340,1
"101","Oil",1368,1
"101","Gas",1238,1.4
"101","Oil",1140,1
"101","Oil",2252,1.75
"101","Oil",1576,1
"101","Oil",1108,1
"101","Oil",1272,1
"101","Oil",2292,1.75
"101","Oil",1344,2
"101","Oil",950,1
"101","Oil",2160,2
"101","Oil",1344,1
"101","Oil",2765,1.5
"101","Oil",2750,1.75
"101","Oil",1684,1.75
"101","Oil",2376,2
"101","Oil",1799,1.9
"101","Oil",1936,2
"101","Oil",1713,1
"101","Oil",1056,1
"101","Gas",2114,1.75
"101","Oil",1260,1.75
"101","Oil",1963,1.75
"101","Oil",1760,2
"101","Gas",1872,2
"101","Oil",1152,1.5
"101","Oil",1144,1
"101","Oil",1102,1
"101","Oil",1452,1
"101","Oil",2400,2
"101","Oil",1100,1
"101","Oil",1924,1
"101","Oil",1080,1
"101","Oil",1294,1
"101","Oil",1136,1
"101","Oil",1144,1
"101","Oil",1422,1
"101","Oil",1144,1
"101","Electric",1176,1
"101","Oil",1540,1
"101","Electric",1220,1
"101","Oil",1372,1
"101","Oil",1264,1
"101","Oil",1410,1
"101","Electric",1834,1
"101","Oil",1056,1
"101","Oil",1060,1
"101","Oil",1132,1
"101","Oil",1132,1
"101","Oil",1260,1
"101","Oil",1100,1
"101","Oil",1144,1
"101","Gas",1344,1.75
"101","Electric",1132,1
"101","Oil",1206,1
"101","Oil",1728,2
"101","Oil",1184,1
"101","Oil",1132,1
"101","Oil",1144,1
"101","Oil",1876,1.9
"101","Oil",1094,1
"101","Oil",1249,1
"101","Electric",1144,1
"101","Oil",1132,1
"101","Electric",1144,1
"101","Oil",1080,1
"101","Oil",1132,1
"101","Oil",1834,1.9
"101","Oil",1092,1
"101","Oil",1080,1
"101","Electric",2200,1
"101","Oil",1911,1.75
"101","Electric",1883,1.75
"101","Oil",1342,1
"101","Electric",1484,1
"101","Oil",1264,1
"101","Oil",1272,1
"101","Oil",1170,1
"101","Oil",1132,1
"101","Oil",1132,1
"101","Electric",2203,1.9
"101","Oil",4047,1.75
"101","Oil",2972,2
"101","Oil",1984,2
"101","Oil",1940,2
"101","Oil",3562,2
"101","Oil",3252,1.5
"101","Oil",2630,2
"101","Oil",2124,2
"101","Oil",3363,2
"101","Oil",2363,2
"101","Oil",3453,2
"101","Oil",2742,2
"101","Oil",2405,1
"101","Oil",2666,2
"101","Oil",2584,2
"101","Oil",2715,2
"101","Oil",2668,1.5
"101","Oil",3068,1
"101","Gas",832,1
"101","Gas",940,1
"101","Oil",640,1
"101","Electric",2032,2
"101","Gas",1804,2
"101","Oil",2132,2
"104","Oil",1251,1
"101","Electric",1888,3
"101","Gas",1070,2
"101","Electric",972,1
"101","Gas",2458,2
"101","Oil",1048,1
"101","Oil",1044,1
"101","Oil",2323,1
"101","Oil",1500,1
"101","Oil",1028,1
"101","Oil",924,1
"101","Gas",1108,1
"101","Oil",1132,1
"101","Oil",1197,1
"101","Oil",1028,1
"101","Oil",924,1
"101","Oil",2248,1
"101","Oil",1218,1
"101","Oil",924,1
"101","Oil",1196,1
"101","Oil",1074,1
"101","Oil",1111,1
"101","Oil",924,1
"101","Oil",1982,2
"101","Oil",924,1
"101","Oil",924,1
"101","Oil",1052,1
"101","Oil",1028,1
"101","Oil",924,1
"101","Oil",1552,1
"101","Oil",1132,1
"101","Gas",2038,2
"101","Gas",1520,1
"104","Oil",1972,2
"101","Oil",1344,1.75
"101","Oil",2671,1.9
"101","Oil",924,1
"101","Gas",924,1
"101","Gas",924,1
"101","Gas",924,1
"101","Gas",1168,1
"101","Oil",2492,1
"101","Gas",940,1
"101","Oil",2640,2
"101","Gas",960,1
"101","Gas",1205,1
"101","Oil",2038,3
"101","Electric",1888,2
"101","Oil",2211,1.9
"101","Oil",2340,1.75
"101","Oil",2136,1.5
"101","Oil",640,1
"101","Oil",1452,1
"101","Gas",4894,2
"101","Oil",808,1
"101","Oil",560,1
"101","Oil",1820,2
"101","Electric",432,1
"101","Gas",1194,1
"101","Gas",1992,1
"101","Oil",1882,2
"101","Oil",2330,1.75
"101","Gas",3104,1
"101","Gas",1556,2
"101","Oil",1889,1.9
"101","Gas",1156,1
"101","Gas",1040,2
"101","Gas",842,1
"101","Oil",1734,1.5
"101","Oil",2122,2
"101","Oil",2632,2
"101","Oil",1852,1.75
"101","Oil",2362,2
"101","Oil",1091,1.75
"101","Oil",1512,1.25
"101","Oil",1512,1.25
"101","Oil",1416,2
"101","Oil",2115,1.5
"101","Oil",1532,1
"101","Electric",1196,1
"101","Electric",1428,2
"101","Oil",1080,1
"101","Electric",2483,1.75
"101","Oil",1452,1
"101","Oil",1080,1
"101","Oil",1946,1.9
"101","Electric",1080,1
"101","Oil",1460,1
"101","Gas",1665,1
"101","Oil",2682,2.25
"101","Oil",1568,1.25
"101","Oil",1710,1.75
"101","Oil",2053,1.75
"104","Oil",1911,1.9
"101","Gas",768,1
"101","Oil",1176,1
"101","Gas",1808,1.75
"101","Oil",1680,1.75
"101","Gas",1555,1.5
"101","Electric",1180,1
"101","Gas",924,1
"101","Oil",1194,1
"101","Oil",990,1.5
"101","Oil",2252,2
"101","Oil",1470,1.5
"101","Oil",1132,1
"101","Oil",1014,1
"101","Gas",1203,1
"101","Oil",1615,1
"101","Gas",3617,2
"101","Oil",1892,1.5
"101","Oil",1402,1
"101","Oil",1136,1
"101","Oil",1232,1
"101","Oil",1120,1
"101","Oil",1120,1
"101","Oil",1120,1
"101","Oil",1309,1
"101","Oil",1040,1
"101","Oil",1287,1
"101","Oil",960,1
"101","Oil",960,1
"101","Oil",960,1
"101","Oil",960,1
"101","Oil",1428,1.75
"101","Oil",1144,1
"101","Oil",1312,1
"101","Oil",1550,1.9
"101","Oil",936,1
"101","Oil",1268,1
"101","Oil",960,1
"101","Oil",960,1
"101","Oil",1176,1
"101","Oil",1428,1.75
"101","Oil",1046,1
"101","Oil",1040,1
"101","Oil",976,1
"101","Oil",1084,1
"101","Gas",1056,1
"101","Oil",1280,1
"101","Oil",1044,1
"101","Oil",2052,2
"101","Gas",1218,1
"101","Oil",1040,1
"101","Oil",1156,1
"101","Oil",1512,1.75
"101","Gas",1365,1.5
"101","Oil",1428,1.75
"101","Oil",988,1
"101","Oil",1040,1
"101","Oil",1545,1
"101","Oil",988,1
"101","Oil",1044,1
"101","Oil",1174,1
"101","Oil",988,1
"101","Gas",1056,1
"101","Oil",1044,1
"101","Oil",1374,1
"101","Oil",1152,1
"101","Oil",1428,1.75
"101","Oil",1384,1
"101","Oil",960,1
"101","Oil",1308,1
"101","Oil",1168,1
"101","Oil",1593,1.75
"101","Oil",1534,1
"101","Oil",1132,1
"101","Oil",1080,1
"101","Oil",2032,2
"101","Oil",988,1
"101","Gas",1044,1
"101","Gas",884,1
"101","Oil",1232,1
"101","Oil",1388,1
"101","Oil",1512,1.75
"101","Oil",2328,1
"101","Oil",1510,1
"101","Oil",1164,1
"101","Oil",1144,1
"101","Oil",1132,1
"101","Oil",1301,1
"101","Oil",2140,1
"101","Oil",1106,1
"101","Oil",1118,1
"101","Oil",1132,1
"101","Oil",1144,1
"101","Oil",1224,1
"101","Oil",1076,1
"101","Oil",1144,1
"101","Oil",1900,1
"101","Oil",1604,1
"101","Oil",1659,1
"101","Oil",1992,1
"101","Oil",1132,1
"101","Oil",1028,1
"101","Oil",1080,1
"101","Oil",2094,1
"101","Oil",1132,1
"101","Oil",924,1
"101","Oil",924,1
"140","Oil",1816,1
"101","Oil",2152,1
"101","Oil",1912,1
"101","Oil",1584,1
"101","Oil",1758,1
"101","Oil",1988,2
"101","Oil",1176,1.5
"101","Oil",2224,2
"101","Gas",1764,1.75
"101","Gas",1408,1
"101","Gas",1932,1.75
"101","Gas",1460,1
"101","Gas",2033,1.75
"101","Gas",2400,1.75
"101","Gas",2874,1.75
"101","Oil",2791,1.9
"101","Oil",3776,2
"101","Oil",1036,1.75
"101","Oil",1560,2
"101","Gas",1874,2
"101","Oil",1831,2
"101","Oil",1065,1
"101","Oil",1125,1
"101","Gas",1260,1
"101","Oil",2120,1
"101","Oil",1148,1
"101","Oil",1184,1
"101","Gas",2267,2
"101","Gas",1400,1
"101","Oil",906,1
"101","Oil",1168,1
"101","Gas",1600,2
"101","Oil",1968,2
"101","Oil",1092,1
"101","Oil",944,1
"101","Oil",1176,1
"101","Gas",2108,2
"101","Oil",1218,1.5
"101","Oil",2048,2
"101","Oil",1484,1
"101","Oil",1462,1
"101","Oil",1872,2
"101","Oil",2432,1
"101","Gas",2782,1.75
"101","Oil",2218,1.9
"101","Oil",2923,1
"101","Oil",1092,1
"101","Oil",1774,1.9
"101","Electric",1184,1
"101","Electric",2292,2
"101","Oil",1958,1.9
"101","Electric",1914,1
"101","Oil",1432,1
"101","Electric",1896,2
"101","Oil",1164,1
"101","Electric",2060,1.9
"101","Electric",1642,1.9
"101","Oil",1544,1
"101","Electric",2461,1.9
"101","Oil",1664,1
"101","Oil",2194,2
"101","Oil",1728,2
"101","Electric",1436,1
"101","Oil",1132,1
"101","Oil",1300,1
"101","Oil",1608,1
"101","Oil",976,1
"101","Oil",1314,1
"101","Electric",1028,1
"101","Oil",1028,1
"101","Oil",1080,1
"101","Oil",1804,1
"101","Oil",1080,1
"101","Oil",1180,1
"101","Oil",1132,1
"101","Oil",1132,1
"101","Oil",1028,1
"101","Oil",976,1
"101","Oil",1028,1
"101","Oil",976,1
"101","Oil",1028,1
"101","Oil",924,1
"101","Oil",1028,1
"101","Oil",1028,1
"101","Oil",1316,1
"101","Oil",950,1
"101","Oil",1080,1
"101","Oil",1216,1
"101","Oil",1316,1
"101","Oil",976,1
"101","Oil",1220,1
"101","Oil",1172,1
"101","Oil",1028,1
"101","Oil",1668,1
"101","Oil",976,1
"101","Oil",1080,1
"101","Oil",1028,1
"101","Oil",1028,1
"101","Oil",1080,1
"101","Oil",1028,1
"101","Oil",976,1
"101","Oil",1080,1
"101","Oil",1028,1
"101","Oil",1928,1
"101","Oil",1128,1
"101","Oil",1544,1
"101","Oil",1028,1
"101","Oil",976,1
"101","Oil",924,1
"101","Oil",1210,1
"101","Oil",1359,1
"101","Oil",1028,1
"101","Oil",924,1
"101","Oil",1080,1
"101","Oil",1080,1
"101","Oil",2010,1
"101","Oil",976,1
"101","Oil",976,1
"101","Oil",1618,1
"101","Oil",1028,1
"101","Oil",1080,1
"101","Oil",976,1
"101","Oil",1080,1
"101","Oil",1172,1
"101","Oil",1028,1
"101","Oil",1358,1
"101","Oil",1080,1
"101","Oil",1276,1
"101","Oil",2251,1.75
"101","Gas",1106,1
"101","Gas",2112,2
"101","Oil",960,1
"101","Electric",1134,1
"101","Oil",1044,1
"101","Oil",880,1
"101","Electric",1176,1
"101","Electric",1280,1
"101","Oil",1792,1.9
"101","Electric",1352,1
"101","Oil",1834,1
"101","Oil",2748,1.9
"101","Oil",2438,2
"101","Electric",1008,1
"101","Oil",2454,1.75
"101","Oil",2335,1.9
"101","Electric",1296,1
"101","Oil",2124,1.75
"101","Gas",1774,1
"101","Oil",1744,2
"101","Oil",1920,2
"101","Oil",1792,2
"101","Oil",2076,2
"101","Oil",2317,2
"101","Oil",1780,2
"101","Oil",1968,2
"101","Oil",2404,2
"101","Oil",1669,1.75
"101","Oil",1156,1.5
"101","Oil",1724,1
"101","Oil",1144,1
"101","Oil",1652,2
"101","Oil",2160,2
"101","Oil",1400,1
"101","Oil",1140,1
"101","Oil",1181,1
"101","Oil",2695,1.75
"101","Oil",2624,1.75
"101","Oil",1123,1
"101","Electric",1259,1
"101","Oil",1658,1
"101","Coal or Wood",690,1
"101","Oil",874,1.5
"101","Oil",1416,1.5
"101","Oil",1188,1
"101","Oil",996,1.75
"101","Oil",1772,71.5
"101","Electric",908,1
"101","Oil",1694,1
"101","Oil",1140,1
"101","Oil",1536,1
"109","Electric",876,1.5
"101","Oil",836,1
"101","Oil",1872,2
"101","Oil",2108,1.75
"101","Gas",2790,1
"101","Oil",1200,1
"101","Oil",1296,1
"101","Oil",1008,1.5
"101","Oil",880,1
"101","Electric",1408,2
"101","Oil",1749,1
"101","Oil",1608,1
"101","Oil",1848,1
"101","Coal or Wood",714,1
"101","Oil",768,1
"101","Oil",960,1
"101","Oil",1619,1.75
"101","Oil",1628,2
"101","Gas",2192,2
"101","Electric",968,1
"101","Oil",2010,2
"101","Oil",1218,1
"104","Oil",2040,2
"101","Oil",1778,1.9
"101","Gas",1511,1.75
"101","Oil",1978,1.75
"101","Gas",4394,2.75
"101","Oil",2248,2
"101","Oil",2414,1
"101","Oil",2368,2
"101","Oil",2568,2
"101","Gas",7054,2
"101","Oil",2644,2
"101","Oil",1694,1
"101","Gas",1870,1.5
"101","Oil",1425,1
"101","Oil",1979,1.5
"101","Oil",1322,1
"101","Electric",1320,1
"101","Coal or Wood",1322,1.5
"101","Oil",1203,1
"101","Gas",1782,1.75
"101","Oil",996,1.5
"101","Oil",1394,2
"101","Oil",2616,1.75
"101","Gas",1344,1.75
"101","Oil",1520,1.75
"101","Oil",1444,2
"101","Gas",1728,2
"101","Oil",1920,1
"101","Oil",1152,1
"101","Gas",1583,1
"101","Oil",1509,1.75
"101","Oil",1172,1
"101","Oil",857,1
"101","Oil",1593,1.75
"101","Gas",1470,1.5
"101","Oil",1728,1
"101","Oil",1732,2
"101","Oil",1926,2
"101","Oil",1699,1.75
"101","Oil",1984,2.5
"101","Oil",2166,2.5
"101","Oil",2132,2.5
"101","Oil",2986,2
"101","Oil",1288,1
"101","Oil",1766,1.75
"101","Oil",2099,2
"101","Oil",1896,1.75
"101","Oil",2560,2
"101","Oil",2309,1.9
"101","Oil",2504,2.5
"101","Oil",1872,2
"101","Oil",2163,2.5
"101","Oil",1428,2
"101","Oil",1882,1.75
"101","Oil",1782,1.9
"101","Oil",2163,2.75
"101","Oil",2240,2
"101","Oil",5280,2
"101","Oil",2396,2
"101","Oil",2294,2
"101","Oil",2796,3
"101","Oil",2474,2.25
"101","Oil",2266,2
"101","Oil",2568,2
"101","Oil",1507,2
"101","Oil",1453,1
"101","Oil",2100,2
"101","Oil",1344,1
"101","Oil",900,1
"101","Oil",1650,2
"101","Oil",712,1
"101","Electric",1376,1.5
"101","Oil",1632,1
"101","Oil",1820,1.75
"101","Oil",1820,2
"101","Oil",842,1
"101","Oil",2728,2
"101","Oil",1198,1.5
"101","Oil",1408,1
"101","Oil",1648,1.75
"101","Oil",2199,1.75
"101","Oil",1632,1
"101","Oil",999,1
"101","Oil",2184,1
"101","Oil",1262,1
"101","Oil",1020,1
"101","Oil",888,1
"101","Gas",2246,2
"101","Oil",854,1
"101","Oil",1962,1
"101","Oil",1366,1.5
"101","Oil",1296,1
"101","Oil",888,1
"101","Oil",1202,2
"101","Oil",1142,1
"101","Oil",918,1
"101","Oil",918,1
"101","Oil",918,1
"101","Electric",1680,1.9
"101","Electric",1768,2
"101","Electric",2086,2
"101","Oil",1092,1
"101","Oil",874,1
"101","Oil",912,1
"101","Oil",864,1
"101","Oil",1075,1
"101","Oil",1075,1
"101","Oil",912,1
"101","Oil",1176,1
"101","Oil",952,1
"101","Electric",1080,1
"101","Electric",2020,1
"101","Electric",1776,1.9
"101","Oil",1878,1.75
"101","Electric",1800,2
"101","Oil",1453,1
"101","Electric",1966,1.9
"101","Oil",1800,2
"101","Electric",2006,1
"101","Oil",1086,1
"101","Oil",1050,1
"101","Oil",896,1
"101","Oil",1075,1
"101","Oil",1075,1
"101","Oil",1344,1.75
"101","Oil",1074,1
"101","Electric",1392,2
"101","Oil",1092,1
"101","Oil",1412,1
"101","Oil",1144,1
"101","Oil",2260,1.9
"101","Electric",2710,2
"101","Electric",1028,1
"101","Oil",1428,1.75
"101","Oil",1220,1
"101","Oil",1747,2
"101","Oil",1373,1
"101","Oil",1286,1
"101","Oil",1824,1
"101","Oil",2268,2
"101","Oil",2104,1.75
"101","Oil",1304,1
"101","Oil",1004,1
"101","Oil",1132,1
"101","Oil",1664,1
"101","Oil",2541,2.25
"101","Oil",1184,1
"101","Oil",1132,1
"101","Oil",1192,1
"101","Oil",1188,1
"101","Oil",1420,1
"101","Oil",1184,1
"101","Oil",1196,1
"101","Oil",1196,1
"101","Oil",1132,1
"101","Oil",1132,1
"101","Oil",1284,1
"101","Oil",924,1
"101","Oil",1028,1
"101","Oil",2420,2
"101","Oil",1428,1.75
"101","Electric",1508,1
"101","Oil",1636,1
"101","Oil",1196,1
"101","Oil",1564,1
"101","Oil",1238,1
"101","Oil",1420,1
"101","Oil",1212,1
"101","Oil",1328,1
"101","Oil",1312,1
"101","Oil",1548,1
"101","Oil",1884,1
"101","Oil",2099,1.75
"101","Oil",924,1
"101","Oil",1028,1
"101","Oil",1028,1
"101","Oil",2090,1
"101","Oil",2206,2
"101","Oil",2706,2
"101","Oil",1080,1
"101","Oil",1392,1
"101","Oil",1248,1
"101","Oil",1132,1
"101","Oil",1840,2
"101","Oil",1132,1
"101","Oil",1132,1
"101","Oil",1038,1
"101","Oil",1290,1
"101","Oil",1144,1
"101","Oil",1440,1
"101","Oil",924,1
"101","Oil",1000,1
"101","Oil",1132,1
"101","Oil",1813,2
"101","Oil",1056,1
"101","Oil",1144,1
"101","Oil",1300,1
"101","Oil",1904,2
"101","Electric",1534,1
"101","Electric",1080,1
"101","Oil",1379,1
"101","Oil",1092,1
"101","Oil",1080,1
"101","Oil",1008,1
"101","Oil",1028,1
"101","Oil",1512,1
"101","Oil",1468,1
"101","Oil",1288,1
"101","Gas",2052,2
"101","Oil",1911,1.75
"101","Electric",996,1
"101","Electric",1268,1
"101","Electric",1044,1
"101","Oil",1080,1
"101","Oil",1456,1
"101","Oil",1426,1
"101","Oil",1106,1
"101","Oil",1106,1
"101","Electric",1138,1
"101","Electric",1144,1
"101","Oil",1132,1
"101","Oil",1556,1
"101","Oil",1666,2
"101","Oil",1008,1
"101","Oil",1144,1
"101","Oil",1276,1
"101","Oil",1132,1
"101","Oil",1224,1
"101","Oil",1130,1
"101","Oil",2251,1
"101","Oil",1132,1
"101","Electric",1132,1
"101","Oil",2004,2
"101","Oil",2322,1.75
"101","Oil",1896,2
"101","Oil",1132,1
"101","Oil",1044,1
"101","Oil",1596,1.75
"101","Oil",1132,1
"101","Oil",1196,1
"101","Oil",1196,1
"101","Oil",1600,2
"101","Oil",1132,1
"101","Oil",1132,1
"101","Oil",1132,1
"101","Oil",1324,1
"101","Oil",1666,2
"101","Oil",1132,1
"101","Oil",1908,2
"101","Oil",1764,2
"101","Oil",1360,1
"101","Oil",1864,1.75
"101","Oil",1196,1
"101","Oil",1196,1
"101","Oil",1106,1
"101","Gas",1712,1
"101","Electric",1220,1
"101","Oil",1260,2
"101","Oil",1939,2
"101","Oil",924,1
"101","Oil",1132,1
"101","Oil",976,1
"101","Oil",1887,2
"101","Oil",2637,2
"101","Oil",2068,2
"101","Oil",2379,1.5
"101","Oil",1778,1.9
"101","Oil",2399,2
"101","Oil",2058,2
"101","Oil",1778,1.9
"101","Oil",1966,2
"101","Oil",3408,2
"101","Oil",1238,1.5
"101","Oil",1640,2
"101","Oil",1521,2
"101","Oil",1642,2
"101","Oil",1196,1
"101","Oil",1751,1.75
"101","Oil",2156,2
"101","Oil",2724,2
"101","Oil",1950,2
"101","Oil",2158,2
"101","Oil",2052,2
"101","Oil",2614,1.9
"101","Oil",1813,2
"101","Oil",2070,1.75
"101","Oil",2340,2
"101","Oil",2216,2
"101","Oil",2304,2
"101","Oil",2354,2
"101","Oil",2372,2
"101","Oil",2674,2.25
"101","Oil",2588,2
"101","Oil",2328,2
"101","Oil",3534,2
"101","Oil",2328,2
"101","Oil",2224,2
"101","Oil",2111,2
"101","Oil",3316,2
"101","Electric",2652,2
"101","Oil",2800,2
"101","Oil",2149,1.9
"101","Oil",2016,2
"101","Oil",2570,1.9
"101","Oil",1778,1.9
"101","Oil",2052,2
"101","Oil",2110,2
"101","Oil",2244,2
"101","Oil",2304,1.5
"101","Oil",2320,2
"101","Oil",2268,2
"101","Oil",2303,2
"101","Oil",2194,1.9
"101","Oil",2292,2
"101","Oil",2376,2
"101","Oil",2276,2
"101","Oil",2678,2
"101","Oil",2452,2
"101","Oil",2272,2
"101","Oil",1886,2
"101","Oil",2497,2
"101","Oil",1988,1.9
"101","Oil",2212,2
"101","Oil",2052,2
"101","Oil",2594,2
"101","Oil",2034,1.9
"101","Oil",2318,2
"101","Oil",2221,2
"101","Oil",1828,1.9
"101","Oil",1778,1.9
"101","Oil",2072,2
"101","Oil",2330,1.9
"101","Oil",2008,2
"101","Oil",2366,2
"101","Oil",2008,2
"101","Oil",2297,1.9
"101","Oil",2598,2
"101","Oil",2436,2
"101","Oil",2024,1.9
"101","Oil",2232,2
"101","Oil",1776,2
"101","Oil",2076,2
"101","Oil",2028,2
"101","Oil",2052,2
"101","Oil",2412,2
"101","Oil",2394,2
"101","Electric",1940,1.75
"101","Oil",2532,2
"101","Oil",1778,1.9
"101","Oil",1998,2
"101","Oil",2546,2
"101","Oil",2971,2
"101","Oil",2531,1.9
"101","Oil",2040,2
"101","Oil",2570,2
"101","Gas",1872,2
"101","Oil",2136,2
"101","Oil",2139,1.9
"101","Oil",2106,2
"101","Oil",2376,2
"101","Oil",1908,2
"101","Oil",2358,2
"101","Oil",2064,2
"101","Oil",1944,2
"101","Oil",2350,1.5
"101","Oil",2796,2
"101","Gas",2016,2
"101","Oil",1949,2
"101","Oil",1998,2
"101","Oil",2136,2
"101","Oil",2736,2
"101","Oil",1961,2
"101","Oil",1778,1.9
"101","Oil",2128,1.9
"101","Oil",2296,2
"101","Oil",2136,2
"101","Oil",1955,1.5
"101","Oil",2329,2
"101","Oil",2192,2
"101","Oil",2012,2
"101","Electric",2054,2
"101","Oil",2312,2
"101","Oil",2052,2
"101","Oil",1944,2
"101","Oil",2250,2
"101","Oil",1961,2
"101","Oil",2052,2
"101","Oil",1944,2
"101","Oil",2106,2
"101","Oil",1998,2
"101","Oil",2000,2
"101","Oil",2250,2
"101","Oil",2024,2
"101","Oil",1944,2
"101","Oil",1962,1.9
"101","Oil",2480,2
"101","Oil",1890,2
"101","Oil",2160,2
"101","Oil",1938,1.75
"101","Oil",2056,2
"101","Oil",2402,2
"101","Oil",1877,1.9
"101","Oil",1899,2
"101","Oil",1908,2
"101","Oil",2238,2
"101","Electric",2430,1.9
"101","Oil",2052,2
"101","Oil",2376,2
"101","Oil",2072,2
"101","Oil",2350,2
"101","Oil",2052,2
"101","Oil",1512,1.5
"101","Oil",2502,1.9
"101","Oil",1764,2
"101","Oil",1734,1.5
"101","Oil",1638,1.5
"101","Oil",2347,2
"101","Oil",2303,2
"101","Oil",1908,1.75
"101","Oil",2018,2
"101","Oil",1647,1.9
"101","Oil",1684,1
"101","Oil",2818,2
"101","Gas",1453,1.5
"101","Oil",2156,1.9
"101","Oil",1480,1.75
"101","Oil",1973,1.75
"101","Oil",1428,1
"101","Oil",2246,1.75
"101","Oil",2598,1
"101","Oil",1655,1
"101","Oil",2334,2
"101","Oil",1962,2
"104","Oil",1552,1.25
"101","Gas",787,1.25
"101","Oil",988,1
"101","Oil",1246,1.5
"101","Gas",1144,1
"101","Oil",1234,1.25
"101","Gas",1144,1
"101","Gas",1872,2
"101","Oil",2008,1.25
"101","Gas",1540,2
"101","Oil",1946,1.5
"101","Oil",1705,1.75
"101","Oil",864,1
"101","Oil",1462,1.5
"101","Gas",936,1
"101","Gas",936,1
"101","Oil",1654,1
"101","Gas",845,1
"101","Gas",1344,1.75
"101","Gas",1144,1
"101","Gas",1144,1
"101","Oil",1493,1.25
"101","Oil",1144,1
"101","Gas",1373,1.25
"101","Electric",1300,1
"101","Oil",1984,1
"101","Oil",1206,1
"101","Oil",1647,1.5
"101","Oil",1716,1
"101","Oil",1750,1.5
"101","Oil",1000,1
"101","Oil",1370,1.25
"101","Gas",870,1
"104","Gas",1144,1
"104","Gas",2362,1
"104","Oil",1976,1
"101","Oil",2724,1
"101","Oil",448,1
"101","Oil",1200,1.5
"101","Oil",1242,2
"101","Gas",800,1.5
"101","Electric",790,1
"104","Electric",1144,1
"104","Electric",2760,1
"101","Gas",500,1
"101","Oil",938,1
"101","Oil",1125,1
"101","Oil",1344,2
"101","Gas",1092,1
"101","Gas",2481,2
"104","Electric",1829,1
"101","Oil",1352,1
"101","Gas",900,1
"101","Oil",1002,1
"101","Gas",1560,2
"104","Gas",2046,2
"101","Oil",1512,1.75
"101","Oil",480,1
"101","Solar Assisted",680,1
"101","Oil",784,1
"101","Gas",924,1
"101","Oil",1732,1
"101","Oil",690,1
"101","Oil",765,1
"101","Oil",1176,1.5
"101","Oil",1728,2
"101","Oil",1782,2
"101","Oil",1105,1
"101","Gas",1512,2
"101","Oil",720,1
"101","Oil",1406,1.5
"101","Gas",1166,2
"101","Gas",1262,1.75
"101","Oil",784,1
"101","Oil",816,1
"101","Oil",1443,1
"101","Oil",874,1
"104","Oil",2400,2
"104","Gas",2912,2
"101","Gas",1128,1
"101","Gas",980,1
"101","Gas",1988,2
"970","Oil",1144,1
"101","Gas",1328,2
"101","Oil",720,1
"101","Oil",540,1
"104","Electric",2092,2
"970","Electric",1144,1
"101","Oil",990,1.5
"101","Electric",1012,1
"101","Oil",914,1
"101","Oil",1400,2
"104","Gas",1924,2
"101","Electric",1920,2
"101","Gas",1066,1.75
"101","Gas",1392,2
"101","Oil",1344,1
"101","Gas",814,1
"101","Oil",1408,2
"101","Electric",824,1
"101","Gas",898,1
"101","Oil",1629,1.75
"101","Oil",908,1
"101","Oil",854,1
"101","Gas",1120,1
"101","Electric",794,1
"101","Oil",1252,2
"104","Gas",3150,1
"101","Oil",1188,1.5
"101","Gas",769,1
"101","Gas",918,1
"101","Oil",790,1
"101","Oil",504,1
"101","Electric",1123,1
"101","Oil",740,1
"101","Gas",1144,2
"101","Oil",1226,1
"101","Oil",1232,1
"101","Oil",1176,1
"101","Gas",1016,1
"104","Electric",900,1
"101","Oil",1305,1
"101","Electric",704,1
"101","Oil",1243,1
"101","Electric",1924,1
"101","Electric",1210,1
"104","Electric",2400,2
"104","Oil",1768,2
"101","Electric",768,1
"101","Gas",2563,2
"101","Oil",1242,1
"101","Oil",2404,2
"101","Oil",1329,1
"101","Oil",1700,2
"101","Gas",1929,2.5
"101","Oil",2301,2
"101","Oil",2168,1.75
"101","Oil",2294,1
"101","Oil",740,1
"101","Oil",1124,2
"101","Oil",952,1
"101","Oil",758,1
"101","Oil",1690,1
"101","Oil",1820,2
"101","Oil",867,1
"101","Oil",816,1
"101","Gas",1008,1.5
"101","Oil",1060,2
"101","Gas",1505,1.25
"101","Gas",728,1
"101","Oil",704,1
"101","Oil",1437,1.5
"101","Oil",792,1
"101","Oil",1732,2
"101","Oil",1140,1
"101","Oil",634,1
"101","Oil",752,1
"101","Oil",1128,2
"101","Gas",1416,1
"101","Oil",600,1
"101","Gas",375,1
"101","Oil",852,1.5
"101","Oil",604,1
"101","Oil",1015,1
"101","Electric",1564,1
"101","Oil",1380,1
"101","Oil",1440,2
"101","Gas",720,1
"101","Electric",1004,1
"101","Oil",1215,1.5
"101","Oil",1228,1
"101","Gas",1098,1
"101","Gas",1016,1
"101","Gas",1909,1
"101","Gas",684,1
"101","Oil",1204,1
"101","Oil",1120,1
"101","Oil",1632,2
"101","Oil",1512,1.75
"101","Gas",814,1
"101","Oil",1299,1
"101","Oil",1603,1.5
"101","Gas",1664,2
"101","Coal or Wood",880,1
"101","Oil",1101,1
"101","Oil",1221,1
"101","Oil",1400,1
"101","Oil",1463,1
"104","Oil",3680,1
"101","Oil",1404,1.5
"101","Oil",1394,2
"101","Gas",1560,2
"104","Electric",1464,2
"104","Electric",2424,2
"101","Oil",1075,1
"101","Oil",924,1.5
"101","Electric",1308,1
"104","Oil",2515,1.75
"101","Oil",1266,1
"101","Oil",600,1
"101","Oil",1110,1
"104","Electric",2160,2
"101","Oil",840,1
"104","Electric",1658,2
"101","Gas",536,1
"104","Electric",1988,1
"101","Oil",2184,2
"101","Oil",1056,1
"101","Gas",1535,1
"101","Oil",891,1.5
"101","Oil",1696,1
"101","Oil",941,1
"101","Gas",1170,1.5
"101","Oil",1332,1.5
"101","Oil",1246,1
"104","Oil",3104,2
"101","Oil",1140,1
"101","Gas",672,1
"101","Gas",3317,1.75
"101","Gas",1600,1
"101","Gas",1276,1
"101","Oil",1029,1
"101","Oil",1086,1.75
"101","Oil",719,2
"101","Oil",957,1
"101","Oil",667,1
"101","Oil",1326,1.5
"101","Gas",680,1
"101","Oil",1844,1
"101","Gas",2110,2
"101","Oil",720,1.5
"101","Oil",2292,2
"101","Oil",1080,1.5
"101","Gas",1152,1
"101","Gas",1532,2
"101","Oil",1680,1.75
"101","Oil",1470,1
"101","Gas",1799,1.75
"101","Gas",1080,1.5
"101","Gas",1304,1.5
"101","Gas",1404,1.75
"101","Gas",1360,1.5
"101","Gas",1680,1.75
"101","Oil",1260,1.75
"101","Oil",1260,1.75
"101","Gas",1260,1.75
"101","Oil",1248,1.5
"101","Oil",1080,1.5
"101","Gas",1252,1.5
"101","Oil",1056,1
"101","Gas",1320,1
"101","Gas",1080,1.5
"101","Oil",1260,1.5
"101","Oil",1260,1.75
"101","Oil",1220,1.5
"101","Oil",864,1
"101","Oil",912,1
"101","Oil",912,1
"101","Gas",912,1
"101","Oil",1152,1.5
"101","Oil",1272,1.5
"101","Gas",1618,1.9
"101","Oil",1512,1.5
"101","Oil",1512,1.75
"101","Oil",1116,1
"101","Gas",1912,2
"101","Oil",912,1
"101","Oil",1056,1.5
"101","Oil",988,1
"101","Oil",2058,2
"101","Oil",1656,1.5
"101","Oil",1640,1.75
"101","Oil",1236,1.5
"101","Gas",1572,1.5
"101","Oil",1560,1.5
"101","Oil",912,1
"101","Oil",912,1
"101","Oil",1024,1
"101","Oil",912,1
"101","Oil",912,1
"101","Oil",1232,1
"101","Oil",912,1
"101","Gas",1744,2
"101","Gas",1372,2
"101","Gas",1628,2
"101","Gas",2272,2
"101","Gas",1372,2
"101","Oil",1118,1
"101","Gas",1372,2
"101","Gas",1144,1
"101","Oil",912,1
"101","Oil",864,1
"101","Oil",1240,1.5
"101","Oil",1260,1.75
"101","Gas",1722,1.75
"101","Oil",1128,1.5
"101","Oil",1080,1.5
"101","Oil",1080,1.5
"101","Oil",1296,1.5
"101","Oil",1580,1.75
"101","Oil",1420,1.75
"101","Oil",912,1
"101","Gas",1536,2
"101","Gas",1974,1.5
"101","Oil",1080,1.5
"101","Oil",1260,1.75
"101","Gas",1080,1.5
"101","Oil",1080,1.5
"101","Gas",912,1
"101","Gas",912,1
"101","Electric",1028,1
"101","Oil",1080,1.5
"101","Oil",1670,2
"101","Electric",1000,1
"101","Gas",1680,2
"101","Oil",1459,1.9
"101","Oil",1478,1.75
"101","Oil",1080,1.5
"101","Oil",1660,1.75
"101","Oil",1813,1
"101","Oil",1104,1
"101","Oil",1014,1
"101","Oil",1520,1
"101","Oil",3016,2
"101","Gas",1470,2
"101","Oil",1820,1.75
"101","Oil",1248,1.5
"101","Oil",1884,1.75
"101","Oil",1272,1.5
"101","Oil",1266,1.75
"101","Oil",832,1
"101","Oil",1348,1
"101","Oil",1488,1.5
"101","Oil",1032,1
"101","Oil",1614,1.5
"101","Oil",1152,1.5
"101","Oil",1032,1
"101","Gas",1540,1.5
"101","Gas",816,1
"101","Gas",1344,1.75
"101","Gas",912,1
"101","Oil",1280,1
"101","Oil",1371,1
"101","Oil",1174,1
"101","Oil",1128,1.5
"101","Oil",1308,1.75
"101","Oil",1523,1.25
"101","Gas",1244,1.25
"101","Oil",1560,2
"101","Oil",1287,1.5
"101","Gas",1844,1.75
"101","Oil",1231,1.25
"101","Oil",1176,1.25
"101","Oil",1000,1
"101","Oil",1210,1.25
"101","Oil",1046,1.5
"101","Oil",1398,1
"101","Gas",1430,1.25
"101","Oil",1064,1.25
"101","Gas",1028,1
"101","Oil",1066,1
"101","Oil",1066,1
"101","Oil",1066,1.75
"101","Oil",1040,1
"101","Oil",1422,1
"101","Oil",1784,1.9
"101","Oil",1120,1
"101","Oil",1556,2
"101","Oil",948,1
"101","Oil",1202,1
"101","Oil",1000,1
"101","Gas",1000,1
"101","Oil",1000,1
"101","Oil",2264,2
"101","Oil",1048,1
"101","Oil",1016,1
"101","Oil",960,1
"101","Oil",970,1
"101","Oil",2184,1
"101","Oil",1293,1
"101","Oil",936,1
"101","Oil",988,1
"101","Gas",800,1.5
"101","Oil",1788,1.75
"101","Oil",1028,1.25
"101","Oil",1555,1.25
"101","Oil",1238,1.25
"101","Oil",1305,1.25
"101","Oil",988,1
"101","Gas",1333,1.25
"101","Oil",1245,1.25
"101","Gas",1716,1.5
"101","Oil",1482,1.5
"101","Gas",1008,1
"101","Oil",1248,1
"101","Oil",1144,1
"101","Oil",960,1
"101","Oil",1072,1
"101","Oil",972,1
"101","Gas",950,1
"101","Gas",1750,1.75
"101","Oil",1133,1
"101","Oil",1990,2
"101","Gas",1729,1.75
"101","Oil",1040,1
"101","Oil",1066,1
"101","Gas",1100,1
"101","Oil",1092,1
"101","Gas",1792,1.75
"101","Gas",2170,2
"101","Oil",1092,1.25
"101","Oil",1270,1.25
"101","Oil",1095,1.25
"101","Oil",1296,1
"101","Oil",1092,1.25
"101","Oil",1365,1.75
"101","Oil",2585,1.75
"101","Oil",2159,1.5
"101","Oil",960,1
"101","Gas",1344,1.75
"101","Oil",1204,1
"101","Gas",1680,1.75
"101","Gas",1218,1.5
"101","Oil",1016,1.5
"101","Oil",1835,2
"101","Oil",1462,1
"101","Oil",1150,1.75
"101","Gas",1548,1.75
"101","Oil",1807,2
"101","Oil",1152,1.75
"101","Oil",1200,1.75
"101","Oil",1248,1
"101","Oil",1666,1.5
"101","Oil",1246,1
"101","Oil",2510,2
"101","Oil",2104,2
"101","Oil",1719,2.25
"101","Oil",3244,2
"101","Oil",1873,2
"101","Gas",924,1
"101","Oil",1908,2
"101","Oil",2372,2
"101","Oil",2456,2
"101","Oil",1870,2
"101","Oil",2632,2
"101","Oil",3315,2
"101","Oil",1768,1
"101","Oil",2575,2.25
"101","Oil",2291,1.75
"101","Oil",2758,2
"101","Oil",1936,2.25
"101","Oil",1729,2.25
"101","Oil",1600,2.25
"101","Oil",2532,2.5
"101","Oil",2443,2
"101","Oil",1628,2.25
"101","Oil",2444,2.25
"101","Oil",1812,2
"101","Oil",2508,1.75
"101","Oil",2606,2
"101","Oil",2728,2
"101","Oil",3008,2
"101","Oil",2210,2
"101","Oil",1915,2.5
"101","Oil",1876,2
"101","Oil",1712,2.5
"101","Oil",1920,2.5
"101","Oil",2696,2
"101","Oil",2772,2
"101","Electric",1714,2
"101","Gas",1882,2
"101","Gas",2132,1.9
"101","Gas",2018,2
"101","Oil",760,1
"101","Oil",3184,2
"101","Gas",2408,2
"101","Oil",2570,2
"101","Oil",2420,2
"101","Oil",2828,2
"101","Oil",1818,2
"101","Oil",1743,2
"101","Oil",3920,2
"101","Oil",2117,1
"101","Oil",1962,2
"101","Gas",2086,2
"101","Gas",2016,2
"101","Gas",1872,2
"101","Oil",2668,2
"101","Gas",2564,2
"101","Oil",2588,1
"101","Gas",1834,1.5
"101","Gas",1542,1.75
"101","Gas",1362,2
"101","Gas",1528,1.75
"101","Gas",1742,2
"101","Gas",3510,2
"101","Oil",1626,2
"101","Oil",1563,2
"101","Oil",1798,2
"101","Oil",1590,2
"101","Gas",1572,1.75
"101","Gas",1632,2
"101","Gas",1638,1.75
"101","Gas",1616,2
"101","Gas",1692,2
"101","Gas",1740,2
"101","Gas",2148,2
"101","Gas",2080,2
"101","Gas",1689,2
"101","Gas",2606,2
"101","Gas",2022,2
"101","Oil",1876,2
"101","Gas",2192,2.25
"101","Gas",1918,1.75
"101","Gas",2114,2
"101","Gas",1700,2
"101","Gas",1800,2
"101","Gas",1872,2
"101","Gas",1976,2
"101","Gas",1728,2
"101","Gas",2272,2
"101","Gas",2383,2
"101","Gas",1938,2
"101","Gas",2767,2
"101","Gas",1688,2
"101","Gas",2286,2
"101","Oil",1132,1
"101","Oil",1132,1
"101","Oil",1132,1
"101","Oil",1132,1
"101","Oil",2396,2
"101","Oil",2008,2
"101","Oil",2256,2
"101","Oil",2244,2
"101","Oil",2093,2
"101","Oil",1872,2
"101","Oil",2444,2
"101","Oil",1971,2
"101","Oil",1893,2
"101","Oil",2096,2
"101","Oil",2895,2
"101","Oil",2577,2.25
"101","Oil",1924,2
"101","Oil",2479,2
"101","Oil",2184,2
"101","Oil",3130,2
"101","Oil",2065,2
"101","Oil",2404,2
"101","Oil",2080,2
"101","Oil",2464,2.5
"101","Oil",2336,2
"101","Oil",2472,2
"101","Oil",1963,2
"101","Oil",2600,2
"101","Oil",3264,2
"101","Oil",1928,2
"101","Oil",1976,2
"101","Oil",2036,2
"101","Oil",1198,1
"101","Oil",2186,2.25
"101","Oil",2196,2.25
"101","Gas",2728,2
"101","Gas",2328,2
"101","Gas",1650,2
"101","Oil",3234,2
"101","Oil",1872,2
"101","Oil",1896,2
"101","Oil",1858,2
"101","Oil",2651,2
"101","Oil",1960,2
"101","Oil",1792,2
"101","Oil",2356,2
"101","Oil",2396,2
"101","Gas",1060,1
"101","Gas",2648,2
"101","Oil",1338,1
"101","Gas",1484,1.75
"101","Gas",1152,1
"101","Gas",1914,2
"101","Gas",1738,2
"101","Gas",1882,2
"101","Gas",2526,2
"101","Gas",2106,2
"101","Gas",1632,2
"101","Gas",2106,2
"101","Gas",1772,2
"101","Gas",1932,2
"101","Gas",1796,2
"101","Gas",2213,2
"101","Gas",2088,2
"101","Gas",1793,2
"101","Gas",1893,2
"101","Gas",2370,2
"101","Gas",1632,2
"101","Gas",2312,2
"101","Gas",1840,2
"101","Oil",1867,2
"101","Gas",1800,2
"101","Gas",1879,1.25
"101","Oil",1771,1.5
"101","Gas",3424,2.5
"101","Oil",2921,2
"101","Gas",2922,2
"101","Gas",3792,1.75
"101","Gas",2676,2
"101","Gas",2933,1.75
"101","Gas",3164,2.25
"101","Gas",2982,2
"101","Oil",2900,2
"101","Oil",2984,2
"101","Gas",2942,2.5
"101","Oil",3658,2
"101","Oil",3098,1
"101","Oil",2710,2
"101","Oil",2253,1.75
"101","Oil",2016,2
"101","Oil",2242,2
"101","Oil",2248,2
"101","Oil",2108,2
"959","Oil",4621,1.75
"101","Oil",2820,2
"101","Oil",3160,2
"101","Gas",2447,2
"101","Oil",1967,1.75
"101","Oil",1954,2.25
"101","Oil",2092,2
"101","Oil",1616,1
"101","Gas",2212,2
"101","Gas",1872,2
"101","Gas",2268,2
"101","Gas",1860,2
"101","Gas",1792,2
"101","Gas",1940,1
"101","Gas",1682,2
"101","Gas",1664,2
"101","Gas",2090,2
"101","Gas",2544,2
"101","Gas",1966,2
"101","Gas",1933,2
"101","Gas",1821,2
"101","Gas",1872,2
"101","Gas",2180,2
"101","Gas",2924,2
"101","Gas",1604,2
"101","Gas",1872,2
"101","Oil",2665,2.25
"101","Oil",2608,2
"101","Gas",2358,2
"101","Gas",2851,2
"101","Gas",2528,1.75
"101","Gas",2178,2
"101","Gas",2766,2
"101","Gas",2554,2
"101","Gas",2529,2
"101","Gas",3093,2
"101","Gas",3080,2
"101","Gas",2708,2
"101","Gas",2072,1.5
"101","Gas",2554,2
"101","Gas",2434,2
"101","Gas",1932,2
"101","Gas",2865,1.75
"101","Gas",2498,2
"101","Gas",4044,2
"101","Gas",2293,2
"101","Gas",2602,2
"101","Gas",2518,2
"101","Gas",2841,2
"101","Gas",2870,2
"101","Gas",2774,2
"101","Gas",2726,2
"101","Gas",2418,2
"101","Gas",2677,2
"101","Oil",2876,1.9
"101","Gas",2334,2
"101","Gas",3301,1.75
"101","Gas",2670,2
"101","Gas",2493,2
"101","Gas",2546,2
"101","Gas",2610,2
"101","Gas",4014,2
"101","Gas",3456,2
"101","Gas",3131,2
"101","Gas",3030,2
"101","Gas",2778,2
"101","Gas",2980,2
"101","Oil",1928,2
"101","Oil",2340,2
"101","Oil",1708,1
"101","Oil",2177,2
"101","Oil",1952,2
"101","Oil",1749,2
"101","Oil",1646,2
"101","Gas",1557,2.5
"101","Oil",2256,2
"101","Oil",1767,2
"101","Oil",1820,2
"101","Oil",2647,2
"101","Oil",1840,2
"101","Oil",1806,2
"101","Oil",1800,2
"101","Oil",1840,2
"101","Oil",2407,2
"101","Oil",1846,2
"101","Oil",1737,2
"101","Oil",1926,2
"101","Oil",1728,2
"101","Oil",1728,2
"101","Oil",1800,2
"101","Oil",1650,2
"101","Oil",1906,2
"101","Oil",1714,2
"101","Oil",1728,2
"101","Oil",1670,2
"101","Oil",1632,2
"101","Oil",2450,2
"101","Oil",2718,2
"101","Oil",1638,2
"101","Oil",1872,2
"101","Oil",1800,2
"101","Oil",1728,2
"101","Oil",1572,2
"101","Oil",1693,1.75
"101","Oil",2200,2
"101","Gas",1829,2.5
"101","Gas",2309,2.5
"101","Gas",3080,2
"101","Gas",2699,1.75
"101","Oil",2046,2
"101","Oil",2406,2
"101","Oil",1872,2
"101","Oil",2340,2
"101","Oil",2016,2
"101","Oil",1872,2.25
"101","Oil",2092,2
"101","Oil",1880,2.25
"101","Oil",2256,2
"101","Oil",2080,2
"101","Oil",1976,2.25
"101","Oil",1872,2
"101","Oil",1872,2
"101","Oil",2553,2
"101","Oil",2136,2
"101","Oil",1050,1
"101","Gas",1312,1.75
"101","Oil",2377,1
"101","Oil",1845,2
"101","Oil",2035,1.75
"101","Oil",2642,2.5
"101","Oil",2146,2
"101","Oil",2976,2
"101","Oil",2698,2
"101","Gas",2914,2
"101","Gas",3277,2
"101","Oil",2194,2
"101","Gas",1848,2
"101","Oil",2624,2
"101","Oil",2277,1.75
"101","Gas",1953,2
"101","Oil",2068,2
"101","Oil",3110,2
"101","Oil",2416,2
"101","Oil",1754,2
"101","Oil",2508,2
"101","Oil",2577,2
"101","Oil",2440,2
"101","Oil",2528,2
"101","Oil",2774,2
"101","Oil",2592,2
"101","Oil",2739,2
"101","Oil",2494,2.5
"101","Oil",2486,2
"101","Oil",2344,2
"101","Oil",2505,2
"101","Oil",2672,2
"101","Oil",2552,2
"101","Oil",3545,1.5
"101","Oil",2340,2
"101","Oil",2838,2
"101","Oil",2358,2
"101","Oil",2549,1.75
"101","Oil",2704,2
"101","Oil",2471,2
"101","Oil",2572,2
"101","Oil",1728,2
"101","Oil",2020,2
"101","Oil",2256,2
"101","Oil",2614,2
"101","Oil",2370,2
"101","Oil",2258,2
"101","Oil",2292,2
"101","Oil",2160,2
"101","Oil",1719,2
"101","Oil",2036,2
"101","Oil",2652,2
"101","Oil",3548,2
"101","Oil",2669,2
"101","Oil",2076,2
"101","Gas",2524,2
"101","Oil",2203,2
"101","Oil",2176,2
"101","Oil",1944,2
"101","Oil",2240,2
"101","Gas",2338,2.25
"101","Oil",2078,2
"101","Oil",2360,2
"101","Oil",2006,2
"101","Oil",1976,2
"101","Oil",1972,2
"101","Oil",2109,2
"101","Oil",1637,2
"101","Oil",1994,2
"101","Oil",2556,2
"101","Oil",2452,2
"101","Oil",3328,2
"101","Oil",2056,2
"101","Oil",2412,1.5
"101","Gas",2513,2
"101","Oil",2294,2
"101","Oil",2754,2
"101","Oil",2465,2
"101","Oil",3262,2
"101","Oil",2864,2
"101","Oil",3222,2
"101","Gas",2514,2
"101","Gas",2432,2
"101","Gas",2261,2
"101","Gas",3879,2
"101","Gas",2439,2
"101","Gas",4280,2
"101","Gas",2744,2
"101","Gas",4049,2
"101","Gas",2450,2
"101","Gas",2380,2
"101","Gas",2248,2
"101","Gas",4434,2
"101","Gas",4524,2
"101","Gas",2613,2
"101","Gas",3822,2
"101","Gas",2959,2
"101","Gas",2184,2
"101","Gas",2232,2
"101","Gas",2620,2
"101","Gas",2680,2
"101","Gas",2701,2
"101","Gas",3663,2
"101","Gas",3007,2
"101","Oil",3851,2
"101","Gas",4548,2
"101","Gas",2635,2
"101","Gas",2682,2
"101","Gas",3019,2
"101","Gas",2245,2
"101","Gas",3505,2
"101","Gas",4014,2
"101","Gas",2396,2
"101","Gas",2780,2
"101","Gas",3963,2
"101","Gas",2580,2
"101","Gas",4313,2
"101","Gas",4091,2
"101","Gas",3855,2
"101","Gas",2441,2
"101","Gas",2958,2
"101","Oil",1718,2
"101","Oil",2580,2
"101","Oil",2304,2
"101","Oil",2060,2
"101","Oil",2087,2
"101","Oil",3081,2
"101","Oil",3976,2
"101","Oil",2388,2
"101","Oil",2830,2
"101","Gas",2816,2
"101","Gas",2294,2
"101","Gas",3312,2
"101","Gas",2565,2.25
"101","Gas",2981,2.25
"101","Gas",3442,2
"101","Gas",2610,2
"101","Gas",2488,2
"101","Gas",2402,2
"101","Gas",2183,2
"101","Gas",2128,2
"101","Gas",2608,2
"101","Oil",2864,2.25
"101","Gas",2386,2
"101","Oil",2824,2
"101","Oil",1568,2
"101","Gas",2947,2
"101","Oil",2240,2
"101","Oil",2711,2
"101","Oil",2141,1.5
"101","Gas",2590,2
"101","Oil",2968,2.25
"101","Oil",2076,2
"101","Gas",1832,2
"101","Oil",2256,2
"101","Oil",1976,2
"101","Oil",2024,2
"101","Oil",2128,2
"101","Oil",1976,2
"101","Oil",2738,2
"101","Oil",2172,1.75
"101","Oil",3172,2
"101","Oil",2446,2
"101","Oil",1992,2
"101","Oil",1976,2
"101","Oil",2432,2
"104","Oil",2248,2
"101","Oil",1976,2.25
"101","Oil",2520,2
"101","Oil",2558,2
"101","Oil",1900,2
"101","Oil",2256,2
"101","Oil",1844,2
"101","Oil",2232,2
"101","Oil",1872,2
"101","Oil",1912,2.25
"101","Oil",1872,2.25
"101","Gas",2114,2
"101","Oil",1984,2
"101","Oil",2944,2.25
"101","Oil",2476,2
"101","Oil",2629,2
"101","Oil",3371,2
"101","Oil",2364,2
"101","Oil",2549,2
"101","Oil",3146,2
"101","Oil",3434,2
"101","Oil",1872,2
"101","Gas",2984,2
"101","Oil",2152,2
"101","Oil",2448,2
"101","Oil",2448,2
"101","Oil",2280,2
"101","Oil",2448,2
"101","Oil",2036,2.25
"101","Gas",3726,2
"101","Gas",3382,2
"101","Gas",3658,2
"101","Gas",3426,2
"101","Gas",3356,2
"101","Gas",3429,2
"101","Gas",4542,2
"101","Gas",3260,2
"101","Gas",2688,1.75
"101","Gas",2828,2
"101","Gas",3715,2
"101","Gas",3583,2
"101","Gas",3350,2
"101","Gas",3684,2
"101","Gas",3109,2
"101","Gas",2866,2
"101","Gas",4083,2
"101","Gas",3367,2
"101","Gas",3914,2
"101","Gas",3364,2
"101","Gas",3295,2
"101","Gas",3123,2
"101","Gas",3591,2
"101","Gas",3662,2
"101","Gas",3225,2
"101","Gas",3088,2
"101","Gas",3457,2
"101","Gas",3976,2
"101","Gas",4239,2
"101","Gas",4137,2
"101","Gas",3731,2
"101","Gas",3329,2
"101","Gas",3831,2
"101","Gas",4961,2.5
"101","Gas",3964,2
"101","Gas",3305,2
"101","Gas",4256,2
"101","Gas",3495,2
"101","Gas",4448,2
"101","Gas",3565,2
"101","Gas",5302,2
"101","Gas",4013,2
"101","Gas",3544,2
"101","Gas",3023,2
"101","Gas",4439,2
"101","Gas",7971,2
"101","Gas",3300,NA
"101","Gas",3920,2
"101","Gas",5779,2
"101","Gas",4352,2
"101","Gas",3986,2
"101","Gas",3629,2
"101","Gas",3424,2
"101","Gas",3186,2
"101","Gas",3045,2
"101","Gas",3180,2
"101","Gas",2175,1.75
"101","Gas",3803,2
"101","Gas",5238,2
"101","Gas",4415,2
"101","Gas",3123,2
"101","Gas",3618,2
"101","Gas",4874,2
"101","Gas",4459,2
"101","Gas",4340,2
"101","Gas",5136,2
"101","Gas",4399,2
"101","Gas",3784,2
"101","Gas",4647,2
"101","Gas",3320,2
"101","Gas",5870,2
"101","Gas",3051,2
"101","Gas",3950,2
"101","Gas",4038,2
"101","Gas",5064,2
"101","Gas",2760,2
"101","Gas",4944,2
"101","Gas",3466,2
"101","Gas",3358,2
"101","Gas",3257,2
"101","Gas",3132,2
"101","Gas",2884,2
"101","Gas",3295,2
"101","Oil",4481,2
"101","Gas",4160,2
"101","Gas",3680,2
"101","Gas",3006,2
"101","Gas",3940,2
"101","Gas",3480,2
"101","Gas",4076,2
"101","Gas",3720,2
"101","Gas",3515,2
"101","Gas",3403,2
"101","Gas",3342,2
"101","Gas",2942,2
"101","Gas",5127,2
"101","Gas",3643,2
"101","Gas",3168,2
"101","Gas",3847,2
"101","Gas",3379,2
"101","Gas",3649,2
"101","Gas",3248,2
"101","Gas",3188,2
"101","Gas",3640,2
"101","Gas",3271,2
"101","Gas",3570,2
"101","Gas",3380,2
"101","Gas",3573,2
"101","Gas",3660,2
"101","Gas",3471,2
"101","Oil",4344,2
"101","Gas",3386,2
"101","Gas",3376,2
"101","Gas",3124,2
"101","Gas",3236,2
"101","Gas",3238,2
"101","Gas",3004,2
"101","Gas",3332,2
"101","Gas",3323,2
"101","Gas",3478,2
"101","Gas",4976,2
"101","Gas",3248,2
"101","Gas",3304,2
"101","Gas",4696,2
"101","Gas",3190,2
"101","Gas",5410,2
"101","Gas",2879,2
"101","Gas",4122,2
"101","Gas",5031,2
"101","Gas",2875,2
"101","Gas",3598,2
"101","Gas",2866,2
"101","Gas",2748,2
"101","Oil",3239,1.75
"101","Oil",1900,2
"101","Oil",1900,2
"101","Oil",4255,1.75
"101","Gas",2876,2
"101","Oil",2144,2
"101","Oil",1824,2
"101","Gas",4314,2
"101","Oil",3733,1.75
"101","Oil",1702,2
"101","Gas",1584,1.75
"101","Gas",2551,2
"112","Gas",6983,2
"101","Oil",2240,2
"101","Oil",1848,2
"101","Oil",1398,1
"101","Oil",1838,2
"101","Oil",2379,2
"101","Oil",2520,2
"101","Oil",2176,2
"101","Oil",2284,2
"101","Gas",3096,2
"101","Gas",3396,2
"101","Gas",3084,2
"101","Gas",3506,2
"101","Gas",3725,2
"101","Gas",3014,2
"101","Gas",4717,2
"101","Gas",3376,2
"101","Gas",3884,2
"101","Gas",4066,2
"101","Gas",4084,2
"101","Gas",6390,2
"101","Gas",3148,2
"101","Gas",2924,2
"101","Gas",2796,2
"101","Gas",3014,2
"101","Gas",3065,2
"101","Gas",3084,2
"101","Gas",3104,2
"101","Gas",3392,2
"101","Gas",2928,2
"101","Gas",3104,2
"101","Gas",2655,2
"101","Gas",3168,2
"101","Electric",2953,2
"101","Gas",3932,2
"101","Gas",2986,2
"101","Gas",3640,2
"101","Gas",2168,2
"101","Gas",2160,2
"101","Gas",2448,2
"101","Gas",2416,2
"101","Gas",2256,2
"101","Gas",2848,2
"101","Gas",2090,1
"101","Gas",1920,2
"101","Gas",2032,2
"101","Gas",2064,2
"101","Gas",2040,2
"101","Gas",2064,2
"101","Gas",2224,2
"101","Gas",2688,2
"101","Gas",1824,2
"101","Gas",2648,2
"101","Gas",2760,2
"101","Oil",2416,2
"101","Gas",3004,2
"101","Oil",2528,2
"101","Gas",2100,2
"101","Oil",2568,2
"101","Gas",2416,2
"101","Gas",3814,2.75
"101","Oil",2432,2
"101","Gas",2528,2
"101","Gas",2424,2
"101","Oil",2554,2
"101","Oil",2504,2
"101","Oil",2638,2
"101","Oil",2528,2
"101","Gas",2208,2
"101","Oil",2586,2
"101","Oil",3454,2
"101","Oil",2604,2
"101","Oil",2992,2
"101","Oil",2448,2
"101","Gas",2952,2
"101","Oil",1960,1.5
"101","Gas",3072,2
"101","Oil",2920,2
"101","Oil",2700,2
"101","Oil",2374,2
"101","Oil",2592,2
"101","Gas",2532,2
"101","Oil",2330,1.75
"101","Oil",2520,2
"101","Oil",2476,2
"101","Gas",2848,2
"101","Oil",2336,2
"101","Gas",2518,2
"101","Oil",2280,2
"101","Oil",2400,2
"101","Oil",2512,2.25
"101","Oil",3184,2
"101","Oil",2568,2.25
"101","Oil",2286,2
"101","Oil",2552,2
"101","Oil",2534,2
"101","Oil",2512,2
"101","Oil",3160,2
"101","Oil",2524,2
"101","Oil",2100,2
"101","Oil",2394,2
"101","Oil",2200,2
"101","Oil",2384,2
"101","Oil",2118,2
"101","Oil",2860,2
"101","Oil",1976,2
"101","Oil",2612,2
"101","Oil",2355,2
"101","Oil",1920,2
"101","Oil",2530,2
"101","Oil",2422,2
"101","Oil",2373,1.75
"101","Oil",2256,2
"101","Gas",2892,2
"101","Oil",2142,2
"101","Oil",2112,2
"101","Oil",1194,1.75
"101","Oil",1600,1
"101","Gas",2447,1
"101","Gas",2440,1
"101","Gas",1784,1
"101","Oil",2164,1
"101","Gas",2478,1.75
"101","Oil",2908,1
"101","Oil",2352,2
"101","Oil",2352,2
"101","Oil",1954,2
"101","Oil",2426,2
"101","Oil",2528,2
"101","Oil",3302,2.25
"101","Gas",2796,2
"101","Oil",2556,2
"101","Oil",3375,2
"101","Oil",2640,2
"101","Oil",2908,2
"101","Oil",3230,2
"101","Oil",3288,2
"101","Oil",3394,2
"101","Oil",3186,2
"101","Oil",3294,2
"101","Oil",3209,2
"101","Oil",3010,2
"101","Gas",2572,2
"101","Gas",2950,2
"101","Oil",2788,2
"101","Gas",3138,2
"101","Oil",4221,2.75
"101","Oil",3446,2
"101","Oil",2998,2
"101","Oil",3222,2
"101","Oil",4870,3
"101","Gas",3819,2
"101","Oil",3450,2
"101","Oil",3505,2
"101","Oil",3713,2
"101","Oil",3860,2
"101","Oil",3256,2
"101","Oil",3476,2
"101","Oil",2883,2
"101","Gas",3240,2
"101","Oil",3592,2
"101","Oil",2910,2
"101","Gas",3084,2
"101","Oil",3170,2
"101","Oil",3080,2
"101","Oil",3552,2
"101","Oil",3054,1
"101","Oil",2668,2
"101","Oil",2679,1
"101","Oil",2218,2
"101","Oil",2936,2
"101","Oil",3134,2
"101","Oil",2415,2
"101","Oil",2979,2
"101","Oil",2332,2
"101","Oil",2587,2
"101","Oil",2876,2
"101","Oil",2652,2
"101","Oil",2658,2
"101","Oil",2176,2
"101","Oil",2528,2
"101","Oil",2999,2
"101","Oil",2587,2
"101","Oil",3078,2
"101","Oil",2759,2
"101","Oil",2582,2
"101","Gas",2528,2
"101","Oil",2794,2
"101","Oil",2032,2
"101","Oil",2600,2
"101","Oil",2760,2
"101","Oil",2782,2
"101","Oil",2204,2
"101","Oil",2337,2
"101","Oil",2835,1.75
"101","Oil",2636,2
"101","Oil",2522,2
"101","Oil",2584,2
"101","Oil",2988,2
"101","Oil",2542,2
"101","Oil",2353,1.75
"101","Oil",2406,2
"101","Oil",2980,2
"101","Oil",2418,2
"101","Oil",2230,2
"101","Oil",2724,20
"101","Oil",2662,2
"101","Oil",2633,2
"101","Oil",2682,2
"101","Oil",2380,2
"101","Oil",2496,2
"101","Gas",1176,1.5
"101","Oil",2556,2
"101","Oil",2600,2
"101","Oil",2568,2
"101","Oil",2560,2
"101","Oil",2554,2
"101","Oil",2560,2
"101","Oil",2088,2
"101","Oil",3248,2
"101","Oil",2488,2
"101","Oil",2412,2
"101","Oil",2258,2
"101","Oil",2818,2
"101","Oil",2016,2
"101","Oil",2845,2.25
"101","Gas",2016,2
"101","Gas",2056,2
"101","Gas",2216,2
"101","Oil",2056,2
"101","Oil",2056,2
"101","Oil",2889,2
"101","Oil",2885,2
"101","Oil",2563,1
"101","Oil",2832,1
"101","Oil",2916,2
"101","Oil",2907,2
"101","Oil",2966,2
"101","Oil",3002,2
"101","Oil",2757,2
"101","Oil",2888,2
"101","Oil",3364,2
"101","Oil",2808,2
"101","Gas",3918,2
"101","Oil",2927,2
"101","Oil",3521,2
"101","Oil",3110,2
"101","Oil",2528,2
"101","Oil",2877,2
"101","Oil",2736,2
"101","Oil",2760,2
"101","Oil",2626,2
"101","Oil",2804,2
"101","Oil",3828,2
"101","Gas",2827,1
"101","Oil",2617,2
"101","Oil",2192,2
"101","Oil",2678,2
"101","Oil",2624,2
"101","Oil",2648,2
"101","Oil",2686,2
"101","Oil",2732,2
"101","Oil",2576,2
"101","Oil",2924,2
"101","Oil",2400,2
"101","Oil",2675,2
"101","Oil",2132,2
"101","Oil",2696,2
"101","Oil",2458,2
"101","Oil",2288,2
"101","Oil",2496,2
"101","Oil",2494,2
"101","Oil",2705,2
"101","Oil",2686,2
"101","Oil",2576,2
"101","Oil",2608,2
"101","Oil",2576,2
"101","Oil",2424,2
"101","Oil",2608,2
"101","Oil",3102,2
"101","Oil",2608,5
"101","Oil",3260,2
"101","Oil",2148,2
"101","Gas",2816,2
"101","Oil",3165,2
"101","Oil",2232,2
"101","Oil",2120,2
"101","Oil",2280,2
"101","Oil",1966,2
"101","Gas",4736,2
"101","Oil",3178,2
"101","Gas",3470,2.25
"101","Oil",3000,2
"101","Oil",4294,2
"101","Gas",3172,2
"101","Oil",3783,2
"101","Oil",2780,1.75
"101","Oil",3789,2
"101","Oil",3192,2
"101","Oil",3200,2
"101","Oil",3676,2
"101","Oil",3076,2
"101","Oil",3038,2
"101","Gas",2860,2
"101","Oil",3688,2
"101","Oil",3552,2
"101","Oil",3285,2
"101","Oil",3442,2
"101","Oil",3163,2
"101","Oil",3105,2
"101","Gas",2430,2
"101","Gas",2344,2
"101","Gas",2560,2
"101","Gas",2768,2
"101","Gas",3882,2.75
"101","Gas",1976,2
"101","Oil",2830,2
"101","Oil",2526,2
"101","Oil",2792,2
"101","Oil",3018,2
"101","Gas",2544,2
"101","Oil",2786,2
"101","Oil",3673,2
"101","Gas",2386,2
"101","Gas",2692,2
"101","Gas",2712,2
"101","Oil",2982,2
"101","Oil",3356,2
"101","Oil",3698,2
"101","Gas",3308,2
"101","Gas",2632,2
"101","Oil",2785,2
"101","Oil",2576,2
"101","Gas",2672,2
"101","Oil",2924,2
"101","Gas",2980,2
"101","Gas",3052,2
"101","Oil",1715,1
"101","Oil",2060,1.75
"101","Gas",2016,2
"101","Oil",2030,20
"101","Gas",2030,2
"101","Oil",2506,1
"101","Oil",2507,2
"101","Oil",3158,2
"101","Oil",2628,2
"101","Gas",2448,20
"101","Gas",2304,2
"101","Gas",2043,2
"101","Oil",2448,2
"101","Oil",2504,2
"101","Oil",2440,2
"101","Oil",2528,2.25
"101","Oil",2410,2
"101","Oil",1932,2
"101","Oil",3052,2
"101","Oil",2994,2
"101","Oil",3050,2
"101","Gas",2967,2
"101","Oil",3064,2
"101","Oil",3584,2
"101","Oil",2770,2
"101","Oil",2890,2
"101","Oil",3284,2
"101","Oil",2869,2
"101","Oil",3740,2
"101","Oil",4118,2
"101","Oil",2772,2
"101","Oil",2866,2
"101","Oil",2476,2
"101","Electric",1512,1
"101","Oil",2968,2
"101","Gas",2863,2.25
"101","Gas",2128,2
"101","Gas",2458,2
"101","Oil",3040,2
"101","Gas",3513,2
"101","Gas",6208,2
"101","Oil",3000,2
"101","Oil",2920,2
"101","Gas",2572,2
"101","Oil",2628,2
"101","Gas",1872,2
"101","Gas",2514,2
"101","Oil",2824,2
"101","Oil",2618,2
"101","Oil",1132,1
"101","Oil",1132,1
"101","Oil",4277,1.75
"101","Oil",2080,2
"101","Oil",2818,2
"101","Oil",2884,2
"101","Oil",2231,1
"101","Gas",2448,2
"101","Gas",2650,2
"101","Gas",2544,2
"101","Gas",2592,2
"101","Oil",2504,2
"101","Oil",2560,2
"101","Oil",2429,2
"101","Gas",2324,2
"101","Oil",2566,2
"101","Oil",3084,2
"101","Oil",2528,2
"101","Oil",2680,2
"101","Oil",2680,2
"101","Oil",2570,2
"101","Gas",2916,2.25
"101","Oil",2376,2
"101","Oil",2016,2
"101","Gas",2448,2
"101","Oil",3704,2
"101","Oil",2144,2
"101","Oil",2576,20
"101","Gas",3833,1
"101","Oil",2788,2
"101","Gas",1456,1
"101","Oil",2324,2
"101","Gas",2256,2
"104","Gas",2332,2
"101","Oil",2464,2
"101","Oil",1216,1
"101","Oil",2492,2
"101","Gas",2701,2
"101","Oil",2236,2.25
"101","Oil",2056,2.25
"101","Gas",2552,2
"101","Gas",2840,1
"106","Oil",0,1
"101","Gas",2864,2
"101","Gas",1918,1
"101","Gas",2354,1
"101","Oil",2268,2
"101","Gas",2610,2
"101","Gas",3002,2
"101","Gas",2054,2
"101","Gas",3142,2
"101","Gas",2581,2
"101","Gas",2324,2
"101","Gas",1908,2
"101","Gas",2682,2
"101","Gas",1920,2
"101","Gas",2917,2
"101","Gas",2814,2
"101","Oil",2664,1
"101","Oil",2624,1
"101","Gas",2278,2
"101","Gas",3828,1
"101","Gas",2347,2
"101","Gas",3391,2
"101","Gas",1949,2
"101","Gas",2352,2
"101","Gas",2621,2
"101","Gas",3613,2
"101","Gas",2660,2
"101","Gas",2644,2
"101","Gas",2448,2
"101","Gas",2492,2
"101","Gas",2853,2
"101","Gas",2452,2
"101","Gas",2036,2
"101","Oil",3073,2
"101","Oil",1632,2
"101","Oil",2568,2
"101","Gas",1768,2
"101","Gas",2576,1
"101","Gas",3836,1.75
"101","Gas",2566,2
"101","Gas",2243,1
"101","Gas",2896,2
"101","Gas",2498,2
"101","Gas",2787,2
"101","Gas",2418,2
"101","Gas",3005,2
"101","Gas",3985,1.75
"101","Gas",2933,2
"101","Gas",3418,2
"101","Gas",2501,1.5
"101","Gas",2501,2
"101","Gas",2958,1
"101","Gas",2614,2
"101","Gas",2338,2
"101","Gas",2440,2
"101","Gas",3207,2
"101","Gas",1928,2
"101","Gas",2240,1
"101","Gas",2439,2
"101","Gas",2542,2
"101","Gas",2659,1
"101","Gas",2862,2
"101","Gas",2304,2
"101","Gas",2632,2
"101","Gas",2296,2
"101","Gas",2079,2
"101","Gas",2150,2
"101","Gas",2300,2
"101","Gas",2284,2
"101","Gas",2168,2
"101","Gas",2288,2
"101","Gas",2110,2
"101","Gas",2140,2
"101","Gas",2159,2
"101","Gas",2159,2
"101","Gas",2168,2
"101","Gas",2304,2
"101","Gas",2127,2
"101","Gas",2144,2
"101","Gas",2480,2
"101","Gas",2406,2
"101","Gas",2700,2
"101","Gas",2252,2
"101","Gas",2880,2
"101","Gas",3005,2
"101","Gas",2556,2
"101","Gas",2538,2
"101","Gas",2590,2
"101","Gas",3002,2
"104","Electric",3098,2.5
"101","Gas",2296,2
"101","Gas",1600,2
"101","Gas",3177,2
"101","Gas",2093,1
"101","Gas",2951,2
"101","Gas",2214,2
"101","Oil",2377,2
"101","Oil",2225,1
"101","Gas",2464,1.75
"101","Gas",2944,2
"101","Gas",2216,2
"101","Gas",1932,1
"101","Gas",2636,2
"101","Gas",2072,2
"101","Gas",2124,2
"101","Gas",2968,2
"101","Gas",2966,2
"101","Gas",3276,2
"101","Gas",2988,2
"101","Gas",3404,2
"101","Gas",2296,2
"101","Gas",1584,2
"101","Gas",2416,2
"101","Gas",3088,2
"101","Gas",2532,2
"101","Gas",2205,1
"101","Oil",2489,1.75
"101","Gas",2224,2
"101","Gas",2785,2
"101","Gas",2688,2
"101","Gas",1650,1
"101","Gas",1672,2
"930",NA,0,NA
"101","Gas",3882,2
"132",NA,0,NA
"101","Gas",3173,2
"101","Gas",2565,2
"101","Gas",2871,1.5
"132",NA,0,NA
"101","Gas",3072,2
"101","Gas",4858,2
"101","Gas",3308,2
"101","Gas",3170,2
"930",NA,0,NA
"132",NA,0,NA
"101","Gas",3378,2
"101","Gas",3104,2
"101","Gas",2657,2
"101","Gas",2284,2
"101","Gas",2794,2
"101","Gas",4190,2
"101","Gas",3164,2
"101","Gas",2640,2
"101","Gas",2941,2
"101","Gas",2500,2
"101","Gas",3152,2
"101","Gas",2244,2
"101","Gas",4416,2
"101","Gas",2922,2
"101","Gas",2538,2
"101","Gas",1834,2
"101","Gas",2212,2
"132",NA,0,NA
"132",NA,0,NA
"132",NA,0,NA
"101","Gas",1836,1
"132",NA,0,NA
"930",NA,0,NA
"132",NA,0,NA
"930",NA,0,NA
"423",NA,0,NA
"930",NA,0,NA
"130",NA,0,NA
"131",NA,0,NA
"106",NA,0,NA
"930",NA,0,NA
"132",NA,0,NA
"132",NA,0,NA
"936",NA,0,NA
"930",NA,0,NA
"130",NA,0,NA
"930",NA,0,NA
"130",NA,0,NA
"106",NA,0,NA
"130",NA,0,NA
"132",NA,0,NA
"132",NA,0,NA
"132",NA,0,NA
"132",NA,0,NA
"132",NA,0,NA
"951",NA,0,NA
"132",NA,0,NA
"974",NA,0,NA
"954",NA,0,NA
"930",NA,0,NA
"132",NA,0,NA
"132",NA,0,NA
"423",NA,0,NA
"900",NA,0,NA
"132",NA,0,NA
"132",NA,0,NA
"132",NA,0,NA
"106",NA,0,NA
"132",NA,0,NA
"953",NA,0,NA
"130",NA,0,NA
"130",NA,0,NA
"973",NA,0,NA
"131",NA,0,NA
"131",NA,0,NA
"132",NA,0,NA
"132",NA,0,NA
"953",NA,0,NA
"131",NA,0,NA
"930",NA,0,NA
"932",NA,0,NA
"951",NA,0,NA
"974",NA,0,NA
"932",NA,0,NA
"932",NA,0,NA
"930",NA,0,NA
"131",NA,0,NA
"132",NA,0,NA
"303",NA,NA,NA
"932",NA,0,NA
"132",NA,0,NA
"130",NA,0,NA
"974",NA,0,NA
"390",NA,NA,NA
"130",NA,0,NA
"109",NA,0,NA
"131",NA,0,NA
"130",NA,0,NA
"441",NA,NA,NA
"130",NA,NA,NA
"932",NA,0,NA
"932",NA,0,NA
"130",NA,0,NA
"132",NA,0,NA
"930",NA,0,NA
"932",NA,0,NA
"930",NA,0,NA
"130",NA,0,NA
"106",NA,0,NA
"440",NA,0,NA
"930",NA,0,NA
"132",NA,0,NA
"930",NA,0,NA
"130",NA,0,NA
"130",NA,NA,NA
"900",NA,0,NA
"131",NA,0,NA
"131",NA,0,NA
"130",NA,0,NA
"953",NA,0,NA
"900",NA,0,NA
"932",NA,0,NA
"131",NA,0,NA
"930",NA,0,NA
"930",NA,0,NA
"932",NA,0,NA
"954",NA,0,NA
"131",NA,0,NA
"131",NA,0,NA
"130",NA,0,NA
"131",NA,0,NA
"441",NA,0,NA
"131",NA,0,NA
"973",NA,0,NA
"130",NA,0,NA
"106",NA,0,NA
"392",NA,0,NA
"132",NA,0,NA
"131",NA,0,NA
"303",NA,0,NA
"131",NA,0,NA
"131",NA,0,NA
"900",NA,0,NA
"131",NA,0,NA
"932",NA,0,NA
"132",NA,0,NA
"803",NA,0,NA
"132",NA,0,NA
"106",NA,0,NA
"974",NA,0,NA
"718",NA,0,NA
"106",NA,0,NA
"130",NA,0,NA
"900",NA,0,NA
"954",NA,0,NA
"930",NA,0,NA
"132",NA,0,NA
"390",NA,0,NA
"930",NA,0,NA
"131",NA,0,NA
"132",NA,0,NA
"131",NA,0,NA
"130",NA,0,NA
"131",NA,0,NA
"924",NA,0,NA
"106",NA,0,NA
"131",NA,0,NA
"932",NA,0,NA
"131",NA,0,NA
"130",NA,0,NA
"132",NA,0,NA
"403",NA,0,NA
"131",NA,0,NA
"932",NA,0,NA
"132",NA,0,NA
"130",NA,0,NA
"936",NA,0,NA
"131",NA,0,NA
"718",NA,0,NA
"106",NA,0,NA
"132",NA,0,NA
"713",NA,0,NA
"930",NA,0,NA
"303",NA,0,NA
"131",NA,0,NA
"130",NA,0,NA
"130",NA,0,NA
"712",NA,0,NA
"713",NA,0,NA
"953",NA,0,NA
"131",NA,0,NA
"953",NA,0,NA
"131",NA,0,NA
"953",NA,0,NA
"131",NA,0,NA
"390",NA,0,NA
"132",NA,0,NA
"930",NA,0,NA
"130",NA,0,NA
"013",NA,NA,NA
"803",NA,0,NA
"903",NA,0,NA
"132",NA,NA,NA
"130",NA,0,NA
"131",NA,0,NA
"132",NA,NA,NA
"132",NA,0,NA
"132",NA,0,NA
"131",NA,0,NA
"106",NA,0,NA
"930",NA,0,NA
"106",NA,NA,NA
"130",NA,0,NA
"132",NA,0,NA
"930",NA,0,NA
"130",NA,0,NA
"803",NA,0,NA
"106",NA,0,NA
"132",NA,0,NA
"900",NA,0,NA
"013",NA,NA,NA
"106",NA,0,NA
"132",NA,0,NA
"131",NA,0,NA
"132",NA,0,NA
"132",NA,0,NA
"109",NA,0,NA
"131",NA,0,NA
"930",NA,0,NA
"130",NA,0,NA
"130",NA,0,NA
"132",NA,0,NA
"441",NA,0,NA
"131",NA,0,NA
"953",NA,0,NA
"930",NA,0,NA
"130",NA,0,NA
"936",NA,0,NA
"131",NA,0,NA
"132",NA,0,NA
"713",NA,0,NA
"131",NA,0,NA
"951",NA,0,NA
"930",NA,0,NA
"974",NA,0,NA
"337",NA,0,NA
"132",NA,0,NA
"132",NA,0,NA
"130",NA,0,NA
"130",NA,NA,NA
"130",NA,0,NA
"130",NA,0,NA
"974",NA,0,NA
"132",NA,0,NA
"130",NA,0,NA
"132",NA,0,NA
"130",NA,0,NA
"131",NA,0,NA
"132",NA,0,NA
"132",NA,0,NA
"974",NA,0,NA
"132",NA,0,NA
"101",NA,0,NA
"132",NA,0,NA
"930",NA,0,NA
"132",NA,0,NA
"932",NA,0,NA
"130",NA,0,NA
"390",NA,0,NA
"953",NA,0,NA
"130",NA,0,NA
"131",NA,0,NA
"423",NA,0,NA
"442",NA,0,NA
"930",NA,0,NA
"442",NA,0,NA
"130",NA,0,NA
"106",NA,0,NA
"953",NA,0,NA
"130",NA,0,NA
"441",NA,0,NA
"392",NA,0,NA
"132",NA,0,NA
"803",NA,0,NA
"131",NA,0,NA
"132",NA,0,NA
"130",NA,0,NA
"131",NA,0,NA
"130",NA,0,NA
"130",NA,0,NA
"132",NA,0,NA
"131",NA,0,NA
"130",NA,NA,NA
"131",NA,0,NA
"132",NA,0,NA
"932",NA,0,NA
"132",NA,0,NA
"132",NA,0,NA
"932",NA,0,NA
"132",NA,0,NA
"303",NA,0,NA
"132",NA,0,NA
"132",NA,0,NA
"132",NA,0,NA
"718",NA,0,NA
"423",NA,0,NA
"428",NA,0,NA
"132",NA,0,NA
"423",NA,0,NA
"131",NA,0,NA
"442",NA,0,NA
"930",NA,0,NA
"132",NA,NA,NA
"130",NA,0,NA
"132",NA,NA,NA
"803",NA,0,NA
"930",NA,0,NA
"130",NA,0,NA
"974",NA,0,NA
"130",NA,0,NA
"131",NA,0,NA
"953",NA,0,NA
"132",NA,0,NA
"132",NA,0,NA
"132",NA,0,NA
"132",NA,0,NA
"132",NA,0,NA
"930",NA,0,NA
"130",NA,0,NA
"130",NA,0,NA
"132",NA,0,NA
"132",NA,0,NA
"932",NA,0,NA
"132",NA,0,NA
"974",NA,0,NA
"442",NA,0,NA
"132",NA,0,NA
"930",NA,0,NA
"441",NA,NA,NA
"131",NA,0,NA
"130",NA,NA,NA
"132",NA,0,NA
"930",NA,NA,NA
"936",NA,0,NA
"953",NA,0,NA
"932",NA,0,NA
"130",NA,0,NA
"929",NA,0,NA
"930",NA,0,NA
"930",NA,0,NA
"930",NA,0,NA
"932",NA,0,NA
"130",NA,0,NA
"131",NA,0,NA
"303",NA,0,NA
"441",NA,0,NA
"132",NA,0,NA
"930",NA,0,NA
"131",NA,0,NA
"974",NA,0,NA
"930",NA,0,NA
"130",NA,0,NA
"130",NA,0,NA
"131",NA,0,NA
"013",NA,NA,NA
"933",NA,0,NA
"131",NA,0,NA
"930",NA,0,NA
"103",NA,NA,NA
"132",NA,0,NA
"130",NA,0,NA
"013",NA,NA,NA
"803",NA,0,NA
"423",NA,0,NA
"132",NA,0,NA
"132",NA,0,NA
"900",NA,0,NA
"132",NA,0,NA
"130",NA,0,NA
"132",NA,0,NA
"106",NA,0,NA
"132",NA,0,NA
"130",NA,0,NA
"130",NA,0,NA
"130",NA,0,NA
"131",NA,0,NA
"130",NA,0,NA
"013",NA,NA,NA
"930",NA,0,NA
"130",NA,0,NA
"132",NA,0,NA
"132",NA,0,NA
"423",NA,0,NA
"131",NA,0,NA
"132",NA,0,NA
"132",NA,0,NA
"974",NA,0,NA
"131",NA,0,NA
"132",NA,0,NA
"132",NA,0,NA
"390",NA,0,NA
"130",NA,0,NA
"130",NA,NA,NA
"131",NA,0,NA
"103",NA,0,NA
"131",NA,0,NA
"106",NA,0,NA
"131",NA,0,NA
"131",NA,0,NA
"131",NA,0,NA
"130",NA,0,NA
"130",NA,0,NA
"930",NA,0,NA
"106",NA,0,NA
"130",NA,0,NA
"953",NA,0,NA
"392",NA,0,NA
"132",NA,0,NA
"132",NA,0,NA
"130",NA,0,NA
"805",NA,0,NA
"103",NA,0,NA
"130",NA,0,NA
"106",NA,0,NA
"132",NA,0,NA
"953",NA,0,NA
"130",NA,0,NA
"130",NA,0,NA
"132",NA,0,NA
"930",NA,0,NA
"130",NA,0,NA
"132",NA,0,NA
"130",NA,0,NA
"440",NA,0,NA
"337",NA,0,NA
"130",NA,0,NA
"013",NA,NA,NA
"132",NA,0,NA
"930",NA,0,NA
"132",NA,0,NA
"132",NA,0,NA
"932",NA,0,NA
"130",NA,0,NA
"106",NA,0,NA
"930",NA,0,NA
"130",NA,0,NA
"132",NA,0,NA
"013",NA,NA,NA
"131",NA,0,NA
"132",NA,0,NA
"930",NA,0,NA
"132",NA,0,NA
"131",NA,0,NA
"936",NA,0,NA
"132",NA,0,NA
"932",NA,0,NA
"130",NA,0,NA
"132",NA,0,NA
"132",NA,0,NA
"130",NA,NA,NA
"106",NA,0,NA
"130",NA,0,NA
"106",NA,NA,NA
"130",NA,0,NA
"303",NA,0,NA
"132",NA,NA,NA
"132",NA,0,NA
"930",NA,0,NA
"130",NA,0,NA
"131",NA,0,NA
"132",NA,0,NA
"392",NA,0,NA
"932",NA,0,NA
"930",NA,0,NA
"106",NA,0,NA
"131",NA,0,NA
"131",NA,0,NA
"403",NA,0,NA
"130",NA,0,NA
"131",NA,0,NA
"930",NA,0,NA
"130",NA,0,NA
"932",NA,0,NA
"132",NA,0,NA
"962",NA,0,NA
"930",NA,0,NA
"974",NA,0,NA
"442",NA,0,NA
"442",NA,0,NA
"441",NA,0,NA
"930",NA,0,NA
"974",NA,0,NA
"132",NA,0,NA
"106",NA,0,NA
"131",NA,0,NA
"974",NA,0,NA
"130",NA,0,NA
"131",NA,0,NA
"131",NA,0,NA
"442",NA,0,NA
"936",NA,NA,NA
"932",NA,0,NA
"132",NA,0,NA
"130",NA,0,NA
"130",NA,0,NA
"953",NA,0,NA
"303",NA,0,NA
"130",NA,0,NA
"130",NA,0,NA
"132",NA,0,NA
"131",NA,0,NA
"132",NA,0,NA
"131",NA,0,NA
"953",NA,0,NA
"131",NA,0,NA
"132",NA,0,NA
"930",NA,0,NA
"803",NA,0,NA
"303",NA,0,NA
"713",NA,NA,NA
"130",NA,0,NA
"132",NA,0,NA
"131",NA,0,NA
"131",NA,0,NA
"106",NA,0,NA
"130",NA,0,NA
"932",NA,0,NA
"930",NA,0,NA
"932",NA,0,NA
"932",NA,0,NA
"106",NA,0,NA
"132",NA,0,NA
"132",NA,NA,NA
"132",NA,0,NA
"932",NA,0,NA
"130",NA,0,NA
"106",NA,0,NA
"974",NA,0,NA
"131",NA,0,NA
"106",NA,0,NA
"130",NA,0,NA
"130",NA,0,NA
"953",NA,0,NA
"423",NA,0,NA
"130",NA,0,NA
"131",NA,0,NA
"132",NA,0,NA
"930",NA,0,NA
"720",NA,0,NA
"932",NA,0,NA
"130",NA,0,NA
"132",NA,NA,NA
"131",NA,0,NA
"132",NA,0,NA
"131",NA,0,NA
"712",NA,0,NA
"131",NA,0,NA
"130",NA,0,NA
"132",NA,0,NA
"106",NA,0,NA
"132",NA,0,NA
"131",NA,0,NA
"130",NA,0,NA
"131",NA,0,NA
"953",NA,0,NA
"930",NA,0,NA
"932",NA,0,NA
"132",NA,0,NA
"130",NA,0,NA
"132",NA,0,NA
"930",NA,0,NA
"130",NA,0,NA
"131",NA,0,NA
"132",NA,0,NA
"930",NA,0,NA
"131",NA,0,NA
"131",NA,0,NA
"131",NA,0,NA
"924",NA,0,NA
"132",NA,0,NA
"930",NA,0,NA
"130",NA,0,NA
"131",NA,0,NA
"132",NA,0,NA
"130",NA,0,NA
"933",NA,0,NA
"132",NA,0,NA
"132",NA,0,NA
"303",NA,0,NA
"131",NA,0,NA
"932",NA,0,NA
"131",NA,0,NA
"130",NA,0,NA
"132",NA,0,NA
"130",NA,0,NA
"132",NA,0,NA
"132",NA,0,NA
"130",NA,0,NA
"712",NA,0,NA
"932",NA,0,NA
"930",NA,0,NA
"130",NA,0,NA
"101",NA,0,NA
"303",NA,0,NA
"930",NA,0,NA
"930",NA,0,NA
"318",NA,0,NA
"130",NA,0,NA
"130",NA,NA,NA
"930",NA,0,NA
"130",NA,0,NA
"132",NA,0,NA
"132",NA,0,NA
"131",NA,0,NA
"973",NA,0,NA
"131",NA,0,NA
"953",NA,0,NA
"131",NA,0,NA
"303",NA,0,NA
"930",NA,0,NA
"132",NA,0,NA
"132",NA,NA,NA
"130",NA,0,NA
"303",NA,0,NA
"130",NA,0,NA
"013",NA,NA,NA
"131",NA,0,NA
"132",NA,0,NA
"930",NA,0,NA
"131",NA,0,NA
"132",NA,0,NA
"101",NA,0,NA
"130",NA,0,NA
"131",NA,0,NA
"132",NA,0,NA
"131",NA,0,NA
"013",NA,NA,NA
"132",NA,0,NA
"932",NA,0,NA
"131",NA,0,NA
"974",NA,0,NA
"132",NA,0,NA
"974",NA,0,NA
"106",NA,0,NA
"382",NA,0,NA
"932",NA,0,NA
"130",NA,0,NA
"932",NA,0,NA
"132",NA,0,NA
"131",NA,0,NA
"132",NA,0,NA
"130",NA,0,NA
"130",NA,0,NA
"132",NA,0,NA
"974",NA,0,NA
"132",NA,0,NA
"974",NA,0,NA
"936",NA,0,NA
"132",NA,0,NA
"132",NA,0,NA
"130",NA,0,NA
"130",NA,0,NA
"953",NA,0,NA
"973",NA,0,NA
"936",NA,0,NA
"974",NA,0,NA
"930",NA,0,NA
"132",NA,0,NA
"974",NA,0,NA
"132",NA,0,NA
"718",NA,0,NA
"932",NA,0,NA
"431",NA,0,NA
"132",NA,0,NA
"106",NA,NA,NA
"132",NA,0,NA
"131",NA,0,NA
"930",NA,0,NA
"924",NA,0,NA
"132",NA,0,NA
"130",NA,NA,NA
"131",NA,0,NA
"440",NA,0,NA
"130",NA,0,NA
"132",NA,0,NA
"132",NA,0,NA
"900",NA,0,NA
"130",NA,0,NA
"974",NA,0,NA
"130",NA,0,NA
"101",NA,0,NA
"131",NA,0,NA
"132",NA,0,NA
"131",NA,0,NA
"130",NA,0,NA
"132",NA,0,NA
"132",NA,0,NA
"132",NA,0,NA
"131",NA,0,NA
"132",NA,0,NA
"130",NA,0,NA
"132",NA,0,NA
"131",NA,0,NA
"132",NA,0,NA
"130",NA,0,NA
"932",NA,0,NA
"132",NA,0,NA
"930",NA,0,NA
"132",NA,0,NA
"130",NA,0,NA
"130",NA,0,NA
"712",NA,0,NA
"130",NA,0,NA
"132",NA,0,NA
"106",NA,0,NA
"130",NA,0,NA
"130",NA,0,NA
"130",NA,0,NA
"131",NA,0,NA
"130",NA,0,NA
"131",NA,0,NA
"132",NA,0,NA
"130",NA,0,NA
"130",NA,NA,NA
"131",NA,0,NA
"132",NA,0,NA
"953",NA,0,NA
"132",NA,0,NA
"932",NA,0,NA
"932",NA,0,NA
"132",NA,0,NA
"132",NA,0,NA
"132",NA,0,NA
"132",NA,0,NA
"130",NA,0,NA
"130",NA,0,NA
"423",NA,0,NA
"131",NA,0,NA
"130",NA,0,NA
"936",NA,0,NA
"131",NA,0,NA
"132",NA,0,NA
"132",NA,0,NA
"930",NA,0,NA
"930",NA,0,NA
"132",NA,0,NA
"106",NA,0,NA
"131",NA,0,NA
"900",NA,0,NA
"132",NA,0,NA
"106",NA,0,NA
"130",NA,0,NA
"131",NA,0,NA
"132",NA,0,NA
"131",NA,0,NA
"936",NA,0,NA
"130",NA,0,NA
"317",NA,0,NA
"132",NA,0,NA
"132",NA,0,NA
"132",NA,0,NA
"440",NA,0,NA
"900",NA,0,NA
"930",NA,0,NA
"131",NA,0,NA
"932",NA,0,NA
"440",NA,0,NA
"930",NA,0,NA
"930",NA,0,NA
"132",NA,0,NA
"974",NA,0,NA
"132",NA,0,NA
"900",NA,0,NA
"132",NA,0,NA
"131",NA,0,NA
"440",NA,0,NA
"932",NA,0,NA
"390",NA,0,NA
"132",NA,0,NA
"130",NA,0,NA
"132",NA,0,NA
"130",NA,0,NA
"932",NA,0,NA
"930",NA,0,NA
"131",NA,0,NA
"130",NA,0,NA
"130",NA,0,NA
"130",NA,0,NA
"132",NA,0,NA
"132",NA,0,NA
"132",NA,0,NA
"132",NA,0,NA
"132",NA,0,NA
"132",NA,0,NA
"132",NA,0,NA
"930",NA,0,NA
"106",NA,0,NA
"337",NA,0,NA
"951",NA,NA,NA
"130",NA,0,NA
"132",NA,0,NA
"131",NA,0,NA
"132",NA,0,NA
"132",NA,0,NA
"932",NA,0,NA
"132",NA,0,NA
"953",NA,0,NA
"132",NA,0,NA
"132",NA,0,NA
"930",NA,0,NA
"130",NA,0,NA
"130",NA,0,NA
"106",NA,0,NA
"130",NA,0,NA
"932",NA,0,NA
"932",NA,0,NA
"930",NA,0,NA
"131",NA,0,NA
"900",NA,0,NA
"131",NA,0,NA
"930",NA,0,NA
"423",NA,0,NA
"930",NA,0,NA
"974",NA,0,NA
"932",NA,0,NA
"132",NA,0,NA
"130",NA,NA,NA
"130",NA,0,NA
"132",NA,0,NA
"932",NA,0,NA
"131",NA,0,NA
"106",NA,0,NA
"930",NA,0,NA
"441",NA,0,NA
"953",NA,0,NA
"132",NA,0,NA
"930",NA,0,NA
"130",NA,0,NA
"130",NA,0,NA
"130",NA,NA,NA
"720",NA,0,NA
"132",NA,0,NA
"391",NA,0,NA
"131",NA,0,NA
"131",NA,0,NA
"130",NA,0,NA
"131",NA,0,NA
"130",NA,0,NA
"109",NA,0,NA
"930",NA,0,NA
"932",NA,0,NA
"932",NA,0,NA
"932",NA,0,NA
"132",NA,NA,NA
"131",NA,0,NA
"130",NA,0,NA
"132",NA,0,NA
"392",NA,0,NA
"130",NA,0,NA
"900",NA,0,NA
"130",NA,0,NA
"130",NA,NA,NA
"131",NA,0,NA
"936",NA,0,NA
"130",NA,0,NA
"131",NA,0,NA
"932",NA,0,NA
"423",NA,0,NA
"441",NA,0,NA
"930",NA,0,NA
"130",NA,0,NA
"974",NA,0,NA
"930",NA,0,NA
"390",NA,0,NA
"132",NA,0,NA
"930",NA,0,NA
"131",NA,0,NA
"130",NA,0,NA
"130",NA,NA,NA
"131",NA,0,NA
"132",NA,0,NA
"423",NA,0,NA
"132",NA,0,NA
"130",NA,0,NA
"130",NA,0,NA
"132",NA,0,NA
"132",NA,0,NA
"953",NA,0,NA
"930",NA,0,NA
"130",NA,0,NA
"930",NA,0,NA
"106",NA,0,NA
"132",NA,0,NA
"974",NA,0,NA
"132",NA,0,NA
"303",NA,0,NA
"109",NA,0,NA
"130",NA,0,NA
"974",NA,0,NA
"974",NA,0,NA
"974",NA,0,NA
"930",NA,0,NA
"442",NA,NA,NA
"932",NA,0,NA
"130",NA,0,NA
"720",NA,0,NA
"974",NA,0,NA
"130",NA,0,NA
"130",NA,0,NA
"132",NA,0,NA
"974",NA,0,NA
"131",NA,0,NA
"130",NA,0,NA
"130",NA,0,NA
"106",NA,0,NA
"932",NA,0,NA
"930",NA,0,NA
"803",NA,0,NA
"132",NA,0,NA
"132",NA,0,NA
"974",NA,0,NA
"130",NA,0,NA
"132",NA,0,NA
"131",NA,0,NA
"932",NA,0,NA
"974",NA,0,NA
"130",NA,0,NA
"132",NA,0,NA
"712",NA,0,NA
"131",NA,0,NA
"303",NA,0,NA
"130",NA,0,NA
"131",NA,0,NA
"132",NA,0,NA
"132",NA,0,NA
"132",NA,0,NA
"930",NA,0,NA
"392",NA,0,NA
"132",NA,0,NA
"930",NA,0,NA
"130",NA,0,NA
"132",NA,0,NA
"132",NA,0,NA
"132",NA,0,NA
"803",NA,0,NA
"132",NA,0,NA
"130",NA,0,NA
"132",NA,0,NA
"130",NA,0,NA
"131",NA,0,NA
"317",NA,0,NA
"132",NA,0,NA
"431",NA,0,NA
"131",NA,0,NA
"932",NA,0,NA
"441",NA,0,NA
"121",NA,0,NA
"930",NA,0,NA
"974",NA,0,NA
"132",NA,0,NA
"392",NA,0,NA
"130",NA,0,NA
"106",NA,0,NA
"932",NA,0,NA
"930",NA,0,NA
"132",NA,0,NA
"106",NA,0,NA
"131",NA,0,NA
"131",NA,0,NA
"932",NA,0,NA
"932",NA,0,NA
"314",NA,0,NA
"130",NA,0,NA
"930",NA,0,NA
"936",NA,0,NA
"131",NA,0,NA
"303",NA,NA,NA
"441",NA,0,NA
"132",NA,0,NA
"933",NA,0,NA
"132",NA,0,NA
"132",NA,0,NA
"441",NA,0,NA
"131",NA,0,NA
"132",NA,0,NA
"130",NA,0,NA
"132",NA,0,NA
"932",NA,0,NA
"936",NA,NA,NA
"974",NA,0,NA
"132",NA,0,NA
"132",NA,0,NA
"130",NA,0,NA
"131",NA,0,NA
"933",NA,0,NA
"718",NA,0,NA
"132",NA,0,NA
"131",NA,0,NA
"130",NA,0,NA
"132",NA,0,NA
"131",NA,0,NA
"805",NA,0,NA
"337",NA,0,NA
"131",NA,0,NA
"303",NA,0,NA
"932",NA,0,NA
"953",NA,0,NA
"131",NA,0,NA
"930",NA,0,NA
"131",NA,0,NA
"932",NA,0,NA
"130",NA,NA,NA
"713",NA,0,NA
"936",NA,0,NA
"936",NA,0,NA
"953",NA,0,NA
"132",NA,0,NA
"132",NA,0,NA
"303",NA,0,NA
"132",NA,0,NA
"930",NA,0,NA
"132",NA,0,NA
"132",NA,0,NA
"132",NA,0,NA
"130",NA,0,NA
"132",NA,0,NA
"962",NA,0,NA
"131",NA,0,NA
"974",NA,0,NA
"130",NA,0,NA
"953",NA,0,NA
"132",NA,0,NA
"132",NA,0,NA
"718",NA,0,NA
"132",NA,0,NA
"132",NA,0,NA
"930",NA,0,NA
"131",NA,0,NA
"930",NA,0,NA
"317",NA,0,NA
"131",NA,0,NA
"013",NA,NA,NA
"431",NA,0,NA
"131",NA,0,NA
"900",NA,0,NA
"132",NA,0,NA
"930",NA,0,NA
"932",NA,0,NA
"131",NA,0,NA
"303",NA,NA,NA
"130",NA,0,NA
"962",NA,0,NA
"132",NA,0,NA
"440",NA,0,NA
"974",NA,0,NA
"423",NA,0,NA
"130",NA,0,NA
"954",NA,0,NA
"132",NA,0,NA
"132",NA,0,NA
"132",NA,0,NA
"130",NA,0,NA
"132",NA,0,NA
"132",NA,0,NA
"930",NA,0,NA
"930",NA,0,NA
"106",NA,0,NA
"132",NA,0,NA
"930",NA,0,NA
"930",NA,0,NA
"132",NA,0,NA
"924",NA,0,NA
"013",NA,NA,NA
"103",NA,0,NA
"936",NA,0,NA
"130",NA,0,NA
"130",NA,0,NA
"013",NA,NA,NA
"131",NA,0,NA
"930",NA,0,NA
"130",NA,NA,NA
"930",NA,0,NA
"131",NA,0,NA
"930",NA,0,NA
"805",NA,0,NA
"131",NA,0,NA
"103",NA,0,NA
"930",NA,0,NA
"132",NA,0,NA
"390",NA,0,NA
"423",NA,0,NA
"131",NA,0,NA
"132",NA,0,NA
"130",NA,0,NA
"130",NA,0,NA
"130",NA,0,NA
"132",NA,0,NA
"933",NA,0,NA
"130",NA,0,NA
"132",NA,0,NA
"130",NA,0,NA
"930",NA,0,NA
"131",NA,0,NA
"130",NA,0,NA
"132",NA,0,NA
"132",NA,0,NA
"130",NA,0,NA
"132",NA,0,NA
"013",NA,NA,NA
"933",NA,0,NA
"130",NA,0,NA
"130",NA,0,NA
"103",NA,0,NA
"930",NA,0,NA
"132",NA,0,NA
"974",NA,0,NA
"132",NA,0,NA
"132",NA,0,NA
"132",NA,0,NA
"805",NA,0,NA
"132",NA,0,NA
"930",NA,0,NA
"930",NA,0,NA
"132",NA,0,NA
"132",NA,0,NA
"132",NA,0,NA
"130",NA,0,NA
"932",NA,0,NA
"132",NA,0,NA
"132",NA,0,NA
"130",NA,0,NA
"106",NA,0,NA
"132",NA,0,NA
"930",NA,0,NA
"132",NA,0,NA
"932",NA,0,NA
"930",NA,0,NA
"936",NA,0,NA
"131",NA,0,NA
"900",NA,0,NA
"131",NA,0,NA
"900",NA,0,NA
"132",NA,0,NA
"932",NA,0,NA
"130",NA,0,NA
"131",NA,0,NA
"132",NA,0,NA
"712",NA,0,NA
"130",NA,0,NA
"130",NA,0,NA
"712",NA,0,NA
"903",NA,0,NA
"930",NA,0,NA
"958",NA,0,NA
"953",NA,0,NA
"936",NA,0,NA
"130",NA,0,NA
"130",NA,0,NA
"132",NA,0,NA
"131",NA,0,NA
"130",NA,0,NA
"930",NA,0,NA
"974",NA,0,NA
"303",NA,0,NA
"130",NA,0,NA
"130",NA,0,NA
"131",NA,0,NA
"130",NA,0,NA
"130",NA,0,NA
"132",NA,0,NA
"132",NA,0,NA
"130",NA,0,NA
"930",NA,0,NA
"932",NA,0,NA
"130",NA,0,NA
"131",NA,0,NA
"930",NA,0,NA
"132",NA,0,NA
"131",NA,0,NA
"930",NA,0,NA
"930",NA,0,NA
"132",NA,0,NA
"131",NA,NA,NA
"713",NA,0,NA
"974",NA,0,NA
"936",NA,0,NA
"130",NA,0,NA
"130",NA,0,NA
"932",NA,0,NA
"132",NA,0,NA
"130",NA,0,NA
"131",NA,0,NA
"932",NA,0,NA
"132",NA,0,NA
"930",NA,0,NA
"132",NA,0,NA
"930",NA,0,NA
"132",NA,0,NA
"132",NA,0,NA
"953",NA,0,NA
"423",NA,0,NA
"974",NA,0,NA
"930",NA,0,NA
"132",NA,NA,NA
"932",NA,0,NA
"930",NA,0,NA
"973",NA,0,NA
"132",NA,0,NA
"930",NA,0,NA
"132",NA,0,NA
"132",NA,0,NA
"130",NA,0,NA
"900",NA,0,NA
"130",NA,0,NA
"936",NA,0,NA
"392",NA,0,NA
"132",NA,0,NA
"132",NA,0,NA
"132",NA,0,NA
"132",NA,0,NA
"132",NA,0,NA
"131",NA,0,NA
"930",NA,0,NA
"130",NA,0,NA
"930",NA,0,NA
"132",NA,0,NA
"132",NA,0,NA
"131",NA,0,NA
"974",NA,0,NA
"132",NA,0,NA
"900",NA,0,NA
"713",NA,0,NA
"131",NA,0,NA
"932",NA,0,NA
"131",NA,0,NA
"132",NA,0,NA
"130",NA,0,NA
"930",NA,0,NA
"132",NA,0,NA
"130",NA,0,NA
"974",NA,0,NA
"930",NA,0,NA
"803",NA,0,NA
"932",NA,0,NA
"713",NA,0,NA
"130",NA,0,NA
"930",NA,0,NA
"131",NA,0,NA
"132",NA,0,NA
"131",NA,0,NA
"130",NA,0,NA
"130",NA,0,NA
"131",NA,0,NA
"131",NA,0,NA
"131",NA,0,NA
"132",NA,0,NA
"132",NA,0,NA
"131",NA,0,NA
"132",NA,0,NA
"106",NA,0,NA
"930",NA,0,NA
"930",NA,0,NA
"132",NA,0,NA
"953",NA,0,NA
"932",NA,0,NA
"101",NA,0,NA
"720",NA,0,NA
"130",NA,0,NA
"132",NA,0,NA
"932",NA,0,NA
"130",NA,0,NA
"106",NA,0,NA
"953",NA,0,NA
"900",NA,0,NA
"132",NA,0,NA
"932",NA,0,NA
"131",NA,0,NA
"132",NA,0,NA
"132",NA,0,NA
"130",NA,0,NA
"132",NA,0,NA
"132",NA,0,NA
"932",NA,0,NA
"131",NA,0,NA
"130",NA,0,NA
"132",NA,0,NA
"441",NA,0,NA
"428",NA,0,NA
"930",NA,0,NA
"131",NA,0,NA
"132",NA,0,NA
"936",NA,0,NA
"132",NA,0,NA
"131",NA,0,NA
"132",NA,0,NA
"132",NA,0,NA
"900",NA,0,NA
"932",NA,0,NA
"132",NA,0,NA
"930",NA,0,NA
"131",NA,0,NA
"974",NA,0,NA
"130",NA,0,NA
"441",NA,NA,NA
"932",NA,0,NA
"974",NA,0,NA
"131",NA,0,NA
"132",NA,0,NA
"130",NA,0,NA
"132",NA,0,NA
"303",NA,0,NA
"930",NA,0,NA
"130",NA,0,NA
"131",NA,0,NA
"132",NA,0,NA
"130",NA,0,NA
"131",NA,0,NA
"132",NA,0,NA
"131",NA,0,NA
"930",NA,0,NA
"132",NA,0,NA
"132",NA,0,NA
"932",NA,0,NA
"131",NA,0,NA
"132",NA,0,NA
"130",NA,0,NA
"930",NA,0,NA
"131",NA,0,NA
"930",NA,0,NA
"391",NA,0,NA
"132",NA,0,NA
"132",NA,0,NA
"974",NA,0,NA
"130",NA,NA,NA
"130",NA,0,NA
"131",NA,0,NA
"932",NA,0,NA
"130",NA,0,NA
"391",NA,0,NA
"974",NA,0,NA
"930",NA,0,NA
"132",NA,0,NA
"390",NA,0,NA
"930",NA,0,NA
"130",NA,0,NA
"932",NA,0,NA
"131",NA,0,NA
"953",NA,0,NA
"131",NA,0,NA
"130",NA,0,NA
"930",NA,0,NA
"132",NA,0,NA
"441",NA,0,NA
"132",NA,0,NA
"106",NA,0,NA
"132",NA,0,NA
"130",NA,0,NA
"130",NA,0,NA
"130",NA,0,NA
"130",NA,0,NA
"132",NA,0,NA
"132",NA,0,NA
"974",NA,0,NA
"132",NA,0,NA
"440",NA,0,NA
"303",NA,NA,NA
"333",NA,0,NA
"130",NA,0,NA
"130",NA,0,NA
"131",NA,0,NA
"431",NA,NA,NA
"130",NA,0,NA
"130",NA,NA,NA
"132",NA,0,NA
"106",NA,0,NA
"132",NA,0,NA
"930",NA,0,NA
"930",NA,0,NA
"130",NA,0,NA
"131",NA,0,NA
"132",NA,0,NA
"132",NA,0,NA
"132",NA,0,NA
"900",NA,0,NA
"930",NA,0,NA
"130",NA,0,NA
"930",NA,0,NA
"132",NA,0,NA
"130",NA,0,NA
"130",NA,0,NA
"131",NA,0,NA
"132",NA,0,NA
"130",NA,0,NA
"930",NA,0,NA
"303",NA,0,NA
"132",NA,0,NA
"900",NA,0,NA
"936",NA,0,NA
"132",NA,0,NA
"131",NA,0,NA
"101",NA,0,NA
"130",NA,NA,NA
"132",NA,0,NA
"930",NA,0,NA
"932",NA,0,NA
"132",NA,0,NA
"974",NA,0,NA
"132",NA,0,NA
"930",NA,0,NA
"130",NA,0,NA
"131",NA,0,NA
"130",NA,0,NA
