"USECODE","FUELTYPE","AREASQ","STORYHEIGHT"
"102","Gas",1160,1
"102","Electric",1280,2
"102","Gas",1280,2
"102","Gas",1280,2
"102","Gas",1160,1
"102","Gas",1280,2
"102","Gas",1160,1
"102","Gas",1280,2
"102","Gas",1280,2
"102","Gas",1160,1
"102","Gas",1280,2
"102","Gas",1160,1
"102","Gas",1160,1
"102","Gas",1160,1
"102","Gas",1160,1
"102","Gas",1280,2
"102","Gas",1280,2
"102","Gas",1160,1
"102","Gas",1280,2
"102","Gas",1280,2
"102","Gas",1280,2
"102","Gas",1160,1
"102","Gas",1280,2
"102","Gas",1160,1
"102","Gas",1280,2
"102","Gas",1160,1
"102","Gas",1280,2
"102","Gas",1160,1
"102","Gas",1280,2
"102","Gas",1280,2
"102","Gas",1160,1
"102","Gas",1280,2
"102","Gas",1160,1
"102","Gas",1280,2
"102","Gas",1160,1
"102","Gas",1160,1
"102","Gas",1280,2
"102","Gas",1280,2
"102","Gas",1160,1
"102","Gas",1280,2
"102","Gas",1160,1
"102","Gas",1160,1
"102","Gas",1160,1
"102","Gas",1280,2
"102","Gas",1280,2
"102","Gas",1280,2
"102","Gas",1280,2
"102","Gas",1160,1
"102","Electric",675,1
"102","Electric",600,1
"102","Gas",1280,2
"102","Electric",600,1
"102","Electric",675,1
"102","Electric",675,1
"102","Electric",600,1
"102","Electric",675,1
"102","Electric",600,1
"102","Electric",600,1
"102","Electric",675,1
"102","Electric",675,1
"102","Gas",1160,1
"102","Gas",1160,1
"102","Gas",1280,2
"102","Gas",1160,2
"102","Gas",1160,2
"102","Gas",1160,2
"102","Gas",1160,1
"102","Gas",1160,1
"102","Gas",1160,1
"102","Gas",1280,2
"102","Electric",675,1
"102","Gas",1426,2
"102","Gas",1176,2
"102","Gas",1176,2
"102","Gas",1160,2
"102","Gas",1426,2
"102","Electric",600,1
"102","Gas",1160,2
"102","Gas",1426,2
"102","Gas",1160,2
"402","Gas",371220,1
"402","Gas",24352,1
"102","Gas",1176,2
"402","Gas",99490,1
"102","Gas",1426,2
"102","Gas",1160,2
"102","Gas",1160,2
"102","Gas",614,1
"102","Gas",614,1
"102","Gas",850,1
"102","Gas",884,1
"102","Gas",1086,1
"102","Gas",850,1
"102","Gas",884,1
"402","Gas",181070,1
"102","Gas",740,1
"102","Gas",1280,2
"102","Gas",1160,1
"102","Gas",850,1
"102","Gas",1170,1
"102","Gas",740,1
"102","Gas",1086,1
"102","Gas",740,1
"102","Gas",614,1
"102","Gas",884,1
"102","Gas",850,1
"102","Gas",1170,1
"102","Gas",1086,1
"102","Gas",1280,2
"102","Gas",1280,2
"102","Gas",1086,1
"102","Gas",1086,1
"102","Gas",1086,1
"102","Gas",884,1
"102","Gas",740,1
"102","Gas",1086,1
"102","Gas",614,1
"102","Gas",1086,1
"102","Gas",1086,1
"102","Gas",740,1
"102","Gas",1086,1
"102","Gas",884,1
"102","Gas",884,1
"102","Gas",1086,1
"102","Gas",740,1
"102","Gas",614,1
"102","Gas",740,1
"102","Gas",1086,1
"102","Gas",884,1
"102","Gas",884,1
"102","Gas",1086,1
"102","Gas",1086,1
"102","Gas",740,1
"102","Gas",1086,1
"102","Gas",670,1
"102","Gas",1086,1
"102","Gas",614,1
"102","Gas",740,1
"102","Gas",884,1
"102","Electric",1086,1
"102","Gas",1086,1
"102","Gas",740,1
"102","Gas",1086,1
"102","Gas",1086,1
"102","Gas",740,1
"102","Gas",1086,1
"102","Gas",884,1
"102","Gas",884,1
"102","Gas",1170,1
"102","Gas",1086,1
"102","Gas",884,1
"102","Gas",1086,1
"102","Gas",1086,1
"102","Gas",1086,1
"102","Gas",884,1
"102","Gas",740,1
"102","Gas",884,1
"102","Gas",740,1
"102","Electric",1086,1
"102","Gas",850,1
"102","Gas",850,1
"102","Gas",1086,1
"102","Gas",884,1
"102","Gas",850,1
"102","Gas",884,1
"102","Gas",884,1
"102","Gas",740,1
"102","Gas",1086,1
"102","Gas",614,1
"102","Gas",614,1
"102","Gas",1086,1
"102","Gas",1086,1
"102","Gas",884,1
"102","Gas",884,1
"102","Gas",1086,1
"102","Gas",1086,1
"102","Gas",740,1
"102","Gas",1086,1
"102","Gas",740,1
"102","Gas",1086,1
"102","Gas",740,1
"102","Gas",1086,1
"102","Gas",850,1
"102","Gas",1170,1
"102","Gas",1086,1
"102","Gas",1086,1
"102","Gas",740,1
"102","Gas",614,1
"102","Gas",1086,1
"102","Gas",1086,1
"102","Gas",1086,1
"102","Gas",884,1
"102","Gas",850,1
"102","Gas",884,1
"102","Gas",1086,1
"102","Gas",1086,1
"102","Gas",740,1
"102","Gas",884,1
"102","Gas",850,1
"102","Gas",850,1
"102","Gas",1086,1
"102","Gas",614,1
"102","Gas",850,1
"102","Gas",740,1
"102","Gas",614,1
"102","Gas",614,1
"102","Gas",614,1
"102","Gas",1086,1
"102","Gas",850,1
"102","Gas",1086,1
"102","Gas",1086,1
"102","Gas",740,1
"102","Gas",740,1
"102","Gas",1086,1
"102","Gas",1086,1
"102","Gas",1086,1
"102","Gas",740,1
"102","Gas",1086,1
"102","Gas",1170,1
"102","Gas",1086,1
"102","Gas",884,1
"102","Gas",1170,1
"102","Gas",1086,1
"102","Gas",740,1
"102","Gas",884,1
"102","Gas",884,1
"102","Gas",850,1
"102","Gas",740,1
"102","Gas",1086,1
"102","Gas",740,1
"102","Gas",1086,1
"102","Gas",1170,1
"102","Gas",740,1
"102","Gas",884,1
"102","Gas",884,1
"102","Gas",740,1
"102","Gas",614,1
"102","Gas",850,1
"102","Gas",740,1
"102","Gas",740,1
"102","Gas",740,1
"102","Gas",1086,1
"102","Gas",1086,1
"102","Gas",1086,1
"102","Gas",740,1
"102","Gas",884,1
"102","Gas",740,1
"102","Gas",884,1
"102","Gas",740,1
"102","Gas",1086,1
"102","Gas",740,1
"102","Gas",884,1
"102","Gas",740,1
"102","Gas",740,1
"102","Gas",1086,1
"102","Gas",740,1
"102","Gas",1086,1
"102","Gas",1170,1
"102","Gas",884,1
"102","Gas",1086,1
"102","Gas",1086,1
"102","Gas",1086,1
"102","Gas",884,1
"102","Gas",1086,1
"102","Gas",1086,1
"102","Gas",884,1
"102","Gas",740,1
"102","Gas",740,1
"102","Gas",740,1
"102","Gas",740,1
"102","Gas",1086,1
"102","Gas",1086,1
"102","Gas",1086,1
"102","Gas",740,1
"102","Gas",740,1
"102","Gas",614,1
"102","Gas",1086,1
"102","Gas",1086,1
"102","Gas",740,1
"102","Gas",740,1
"102","Gas",1086,1
"102","Gas",614,1
"102","Gas",884,1
"102","Gas",614,1
"102","Electric",740,1
"102","Gas",740,1
"102","Gas",1170,1
"102","Gas",1086,1
"102","Electric",850,1
"102","Gas",614,1
"102","Gas",1170,1
"102","Gas",1086,1
"102","Gas",884,1
"102","Gas",740,1
"102","Gas",1086,1
"102","Gas",1170,1
"102","Gas",1086,1
"102","Gas",850,1
"102","Gas",740,1
"102","Gas",884,1
"102","Gas",614,1
"102","Gas",884,1
"102","Gas",850,1
"102","Gas",850,1
"102","Gas",1170,1
"102","Gas",740,1
"102","Gas",884,1
"102","Gas",614,1
"102","Gas",740,1
"102","Gas",1086,1
"102","Gas",740,1
"102","Gas",1086,1
"102","Gas",884,1
"102","Gas",740,1
"102","Gas",1170,1
"102","Gas",1086,1
"102","Gas",740,1
"102","Gas",1086,1
"102","Gas",884,1
"102","Gas",740,1
"102","Gas",740,1
"102","Gas",1086,1
"102","Gas",940,1
"102","Gas",1050,2
"102","Gas",884,1
"102","Gas",740,1
"102","Gas",850,1
"102","Gas",740,1
"102","Gas",1086,1
"102","Gas",884,1
"102","Gas",740,1
"102","Gas",740,1
"102","Gas",1050,2
"102","Gas",816,2
"102","Gas",614,1
"102","Gas",740,1
"102","Gas",1086,1
"102","Gas",884,1
"102","Gas",884,1
"102","Gas",884,1
"102","Gas",884,1
"102","Gas",884,1
"102","Gas",816,2
"102","Gas",816,2
"102","Gas",1086,1
"102","Gas",740,1
"102","Gas",1086,1
"102","Gas",1086,1
"102","Gas",884,1
"102","Gas",740,1
"102","Gas",884,1
"102","Gas",1086,1
"102","Gas",1050,2
"102","Gas",1050,2
"102","Gas",1086,1
"102","Gas",740,1
"102","Gas",679,1
"102","Gas",884,1
"102","Gas",614,1
"102","Gas",614,1
"102","Gas",1050,2
"102","Gas",1050,2
"102","Gas",884,1
"102","Gas",740,1
"102","Gas",740,1
"102","Gas",1170,1
"102","Gas",1086,1
"102","Gas",1086,1
"102","Gas",1050,2
"102","Gas",1050,2
"102","Gas",884,1
"102","Gas",740,1
"102","Gas",740,1
"102","Gas",1086,1
"102","Gas",1170,1
"102","Gas",1086,1
"102","Gas",1050,2
"102","Gas",1050,2
"102","Gas",850,1
"102","Gas",1086,1
"102","Gas",884,1
"102","Gas",740,1
"102","Gas",614,1
"102","Gas",850,1
"102","Gas",816,2
"102","Gas",1050,2
"102","Gas",1086,1
"102","Gas",1086,1
"102","Gas",1086,1
"102","Gas",1086,1
"102","Gas",1086,1
"102","Gas",1086,1
"102","Gas",816,2
"102","Gas",816,2
"102","Electric",1086,1
"102","Gas",1086,1
"102","Gas",884,1
"102","Gas",740,1
"102","Gas",740,1
"102","Gas",884,1
"102","Gas",1086,1
"102","Gas",1086,1
"102","Gas",1050,2
"102","Gas",1050,2
"102","Gas",614,1
"102","Gas",884,1
"102","Gas",1086,1
"102","Gas",884,1
"102","Gas",1050,2
"102","Gas",1050,2
"102","Gas",1050,2
"102","Gas",1050,2
"102","Gas",1050,2
"102","Gas",1050,2
"102","Gas",1086,1
"102","Gas",850,1
"102","Gas",679,1
"102","Gas",1170,1
"102","Gas",816,2
"102","Gas",1050,2
"102","Gas",1050,2
"102","Gas",1050,2
"102","Gas",1050,2
"102","Gas",1050,2
"102","Gas",614,1
"102","Gas",1086,1
"102","Gas",1050,2
"102","Gas",1050,2
"102","Gas",1050,2
"102","Gas",1050,2
"102","Gas",1050,2
"102","Gas",1050,2
"102","Gas",850,1
"102","Gas",614,1
"102","Gas",1050,2
"102","Gas",1050,2
"102","Gas",816,2
"102","Gas",816,2
"102","Gas",1050,2
"102","Gas",1050,2
"102","Gas",1086,1
"102","Gas",1086,1
"102","Gas",1050,2
"102","Gas",1050,2
"102","Gas",816,2
"102","Gas",1038,2
"102","Gas",1050,2
"102","Gas",1050,2
"102","Gas",884,1
"102","Gas",1086,1
"102","Gas",1050,2
"102","Gas",816,2
"102","Gas",1038,2
"102","Gas",1088,2
"102","Gas",1050,2
"102","Gas",816,2
"102","Gas",1050,2
"102","Gas",1050,2
"102","Gas",1050,2
"102","Electric",1050,2
"102","Gas",884,1
"102","Gas",850,1
"102","Gas",1038,2
"102","Gas",1088,2
"102","Gas",1050,2
"102","Gas",1050,2
"102","Gas",1050,2
"102","Gas",1050,2
"102","Gas",1050,2
"102","Gas",1298,2
"102","Gas",1088,2
"102","Gas",1038,2
"102","Gas",1086,1
"102","Gas",884,1
"102","Gas",816,2
"102","Gas",1050,2
"102","Gas",1298,2
"102","Gas",816,2
"102","Gas",1088,2
"102","Gas",1088,2
"102","Gas",1050,2
"102","Gas",1050,2
"102","Gas",1050,2
"102","Gas",1050,2
"102","Gas",992,1
"102","Gas",992,1
"102","Gas",1050,2
"102","Gas",1050,2
"102","Gas",816,2
"102","Gas",1050,2
"102","Gas",992,1
"102","Gas",992,1
"102","Gas",1050,2
"102","Gas",1050,2
"102","Gas",1050,2
"102","Gas",1050,2
"102","Gas",1048,1
"102","Gas",1048,1
"102","Gas",1050,2
"102","Gas",1050,2
"102","Gas",1050,2
"102","Gas",1050,2
"102","Gas",1088,2
"102","Gas",1088,2
"102","Gas",816,2
"102","Gas",816,2
"102","Gas",1050,2
"102","Gas",816,2
"102","Gas",1088,2
"102","Gas",1088,2
"102","Gas",1050,2
"102","Gas",1050,2
"102","Gas",816,2
"102","Gas",1050,2
"102","Gas",1088,2
"102","Gas",1020,1
"102","Gas",1050,2
"102","Gas",1050,2
"102","Gas",1050,2
"102","Electric",1050,2
"102","Electric",1188,2
"102","Gas",1020,1
"102","Gas",1298,2
"102","Gas",1050,2
"102","Gas",1050,2
"102","Gas",1050,2
"102","Gas",816,2
"102","Gas",816,2
"102","Gas",1298,2
"102","Gas",816,2
"102","Gas",868,1
"102","Gas",868,1
"102","Gas",816,2
"102","Gas",816,2
"102","Gas",816,2
"102","Gas",1050,2
"102","Gas",900,1
"102","Gas",824,1
"102","Gas",816,2
"102","Gas",1050,2
"102","Gas",1086,1
"102","Gas",1086,1
"102","Gas",1038,2
"102","Gas",1088,2
"102","Electric",1050,2
"102","Gas",816,2
"102","Gas",900,1
"102","Gas",816,1
"102","Gas",1086,1
"102","Gas",1050,2
"102","Gas",1050,2
"102","Gas",816,2
"102","Gas",854,1
"102","Gas",816,1
"102","Gas",816,2
"102","Gas",816,2
"102","Gas",1038,2
"102","Gas",1088,2
"102","Gas",1050,2
"102","Gas",1050,2
"102","Gas",1050,2
"102","Gas",1050,2
"102","Gas",816,2
"102","Gas",816,2
"102","Gas",1050,2
"102","Gas",1050,2
"102","Gas",792,1
"102","Gas",800,1
"102","Gas",816,2
"102","Gas",1050,2
"102","Gas",1050,2
"102","Gas",816,2
"102","Gas",1050,2
"102","Gas",1050,2
"102","Gas",1050,2
"102","Gas",1050,2
"102","Gas",1038,2
"102","Gas",1048,1
"102","Gas",1050,2
"102","Gas",1050,2
"102","Gas",792,1
"102","Gas",935,1
"102","Gas",1050,2
"102","Gas",816,2
"102","Gas",816,2
"102","Gas",816,2
"102","Gas",1048,1
"102","Gas",1048,1
"102","Gas",685,1
"102","Gas",796,1
"102","Gas",1088,2
"102","Gas",1088,2
"102","Gas",1048,1
"102","Gas",1048,1
"102","Gas",1050,2
"102","Gas",1050,2
"102","Gas",800,1
"102","Gas",1000,1
"102","Gas",1088,2
"102","Gas",1088,2
"102","Gas",816,2
"102","Gas",1050,2
"102","Gas",1088,2
"102","Gas",1038,2
"102","Gas",1088,2
"102","Gas",1088,2
"102","Gas",1038,2
"102","Gas",1038,2
"102","Gas",992,1
"102","Gas",992,1
"102","Gas",674,1
"102","Gas",776,1
"102","Gas",992,1
"102","Gas",1125,1
"102","Gas",1088,2
"102","Gas",1188,2
"102","Gas",1052,1
"102","Gas",674,1
"102","Gas",1312,1
"102","Gas",1125,1
"102","Gas",1188,2
"102","Gas",1188,2
"102","Gas",854,1
"102","Gas",800,1
"102","Gas",1125,1
"102","Gas",1088,2
"102","Gas",1287,1
"102","Gas",1287,1
"102","Gas",728,1
"102","Gas",800,1
"102","Gas",1048,1
"102","Gas",1048,1
"102","Gas",1287,1
"102","Gas",1287,1
"102","Gas",1088,2
"102","Gas",1020,1
"102","Gas",846,1
"102","Gas",1226,1
"102","Gas",1020,1
"102","Gas",824,1
"102","Gas",1048,1
"102","Gas",1048,1
"102","Gas",796,1
"102","Gas",1178,1
"102","Gas",1287,1
"102","Gas",1020,1
"102","Electric",1048,1
"102","Gas",1088,2
"102","Gas",1172,1
"102","Electric",1040,1
"102","Gas",886,1
"102","Gas",868,1
"102","Gas",1020,1
"102","Gas",824,1
"102","Gas",1088,2
"102","Gas",1020,1
"102","Gas",1050,2
"102","Gas",1050,2
"102","Gas",868,1
"102","Gas",886,1
"102","Gas",1020,1
"102","Gas",1188,2
"102","Gas",1050,2
"102","Gas",1050,2
"102","Gas",1280,1
"102","Gas",1052,1
"102","Gas",900,1
"102","Gas",824,1
"102","Gas",1298,2
"102","Gas",816,2
"102","Gas",1188,2
"102","Gas",1287,1
"102","Gas",796,1
"102","Gas",935,1
"102","Gas",963,1
"102","Gas",968,1
"102","Gas",816,2
"102","Gas",1050,2
"102","Gas",886,1
"102","Gas",886,1
"102","Gas",800,1
"102","Gas",816,1
"102","Gas",1287,1
"102","Gas",1287,1
"102","Gas",674,1
"102","Gas",792,1
"102","Gas",900,1
"102","Gas",836,1
"102","Gas",1287,1
"102","Gas",1287,1
"102","Gas",1050,2
"102","Gas",816,2
"102","Gas",674,1
"102","Gas",900,1
"102","Gas",854,1
"102","Gas",792,1
"102","Gas",836,1
"102","Gas",836,1
"102","Gas",816,2
"102","Gas",1050,2
"102","Gas",726,1
"102","Gas",1320,1
"102","Gas",816,1
"102","Gas",935,1
"102","Gas",824,1
"102","Gas",886,1
"102","Gas",1200,1
"102","Gas",1320,1
"102","Gas",868,1
"102","Gas",824,1
"102","Oil",886,1
"102","Gas",868,1
"102","Gas",792,1
"102","Gas",1172,1
"102","Gas",1257,1
"102","Gas",1308,1
"102","Gas",900,1
"102","Gas",824,1
"102","Gas",962,1
"102","Gas",685,1
"102","Gas",935,1
"102","Gas",963,1
"102","Gas",1200,1
"102","Gas",1320,1
"102","Gas",792,1
"102","Gas",792,1
"102","Gas",1050,2
"102","Gas",1050,2
"102","Gas",854,1
"102","Gas",993,1
"102","Gas",1200,1
"102","Gas",1308,1
"102","Gas",1050,2
"102","Gas",816,2
"102","Gas",1172,1
"102","Electric",800,1
"102","Gas",816,1
"102","Gas",792,1
"102","Gas",1088,2
"102","Gas",1038,2
"102","Gas",854,1
"102","Gas",800,1
"102","Gas",800,1
"102","Gas",800,1
"102","Gas",1038,2
"102","Gas",1088,2
"102","Gas",1000,1
"102","Gas",989,1
"102","Gas",1308,1
"102","Gas",1293,1
"102","Gas",960,1
"102","Gas",674,1
"102","Gas",816,1
"102","Gas",756,1
"102","Gas",1172,1
"102","Gas",674,1
"102","Gas",935,1
"102","Electric",685,1
"102","Gas",963,1
"102","Electric",959,1
"102","Gas",816,1
"102","Gas",756,1
"102","Gas",816,1
"102","Gas",854,1
"102","Gas",992,1
"102","Gas",992,1
"102","Gas",1172,1
"102","Gas",800,1
"102","Gas",1293,1
"102","Gas",1220,1
"102","Gas",846,1
"102","Gas",846,1
"102","Gas",1312,1
"102","Gas",1272,2
"102","Gas",1220,1
"102","Gas",1287,1
"102","Gas",816,1
"102","Gas",674,1
"102","Gas",935,1
"102","Gas",674,1
"102","Gas",1305,1
"102","Gas",1287,1
"102","Gas",1341,2
"102","Gas",1048,1
"102","Gas",1172,1
"102","Gas",674,1
"102","Gas",674,1
"102","Gas",1050,1
"102","Gas",1024,2
"102","Gas",1024,2
"102","Gas",1009,1
"102","Gas",836,1
"102","Gas",1088,2
"102","Gas",1088,2
"102","Gas",935,1
"102","Gas",1172,1
"102","Gas",1024,2
"102","Gas",1024,2
"102","Gas",836,1
"102","Gas",993,1
"102","Gas",800,1
"102","Gas",1172,1
"102","Gas",1088,2
"102","Gas",1020,1
"102","Gas",1172,1
"102","Gas",989,1
"102","Gas",993,1
"102","Gas",993,1
"102","Gas",1188,2
"102","Gas",1188,2
"102","Gas",674,1
"102","Gas",674,1
"102","Gas",800,1
"102","Gas",1178,1
"102","Gas",1188,2
"102","Gas",1287,1
"102","Gas",1000,1
"102","Gas",726,1
"102","Gas",1172,1
"102","Gas",800,1
"102","Gas",1287,1
"102","Gas",886,1
"102","Gas",956,1
"102","Gas",1200,1
"102","Gas",963,1
"102","Gas",963,1
"102","Gas",900,1
"102","Gas",824,1
"102","Gas",1257,1
"102","Gas",1320,1
"102","Gas",854,1
"102","Gas",674,1
"102","Gas",868,1
"102","Gas",886,1
"102","Gas",854,1
"102","Gas",674,1
"102","Gas",935,1
"102","Gas",854,1
"102","Gas",836,1
"102","Gas",796,1
"102","Gas",1172,1
"102","Gas",674,1
"102","Gas",900,1
"102","Gas",1230,1
"102","Electric",1248,2
"102","Electric",1144,2
"102","Gas",792,1
"102","Gas",796,1
"102","Gas",1178,1
"102","Gas",854,1
"102","Gas",836,1
"102","Gas",796,1
"102","Gas",1397,1
"102","Gas",1293,1
"102","Gas",854,1
"102","Gas",792,1
"102","Gas",728,1
"102","Gas",674,1
"102","Gas",800,1
"102","Gas",1280,1
"102","Gas",796,1
"102","Gas",674,1
"102","Gas",963,1
"102","Gas",959,1
"102","Gas",993,1
"102","Gas",963,1
"102","Electric",1166,2
"102","Gas",955,1
"102","Gas",796,1
"102","Gas",816,1
"102","Gas",726,1
"102","Gas",1009,1
"102","Gas",674,1
"102","Gas",854,1
"102","Gas",755,1
"102","Gas",755,1
"102","Gas",792,1
"102","Gas",800,1
"102","Gas",1154,1
"102","Gas",1287,1
"102","Gas",1039,1
"102","Gas",796,1
"102","Gas",854,1
"102","Gas",792,1
"102","Gas",963,1
"102","Gas",674,1
"102","Gas",985,1
"102","Gas",1287,1
"102","Gas",1287,1
"102","Gas",1287,1
"102","Gas",796,1
"102","Gas",796,1
"102","Gas",1046,1
"102","Gas",846,1
"102","Gas",935,1
"102","Gas",993,1
"102","Gas",1230,2
"102","Gas",1230,2
"102","Gas",1305,1
"102","Gas",1293,1
"102","Gas",796,1
"102","Gas",674,1
"102","Gas",900,1
"102","Gas",1272,1
"102","Gas",1044,1
"102","Gas",993,1
"102","Gas",990,1
"102","Gas",828,1
"102","Gas",776,1
"102","Gas",1040,1
"102","Gas",1272,1
"102","Gas",1308,1
"102","Gas",989,1
"102","Gas",674,1
"102","Gas",1024,2
"102","Gas",1024,2
"102","Gas",1287,1
"102","Gas",1287,1
"102","Gas",1052,1
"102","Gas",674,1
"102","Gas",1200,1
"102","Gas",1272,1
"102","Gas",1024,2
"102","Gas",1024,2
"102","Gas",963,1
"102","Gas",989,1
"102","Gas",963,1
"102","Gas",1000,1
"102","Gas",810,2
"102","Electric",810,2
"102","Gas",854,1
"102","Gas",1226,1
"102","Electric",1126,1
"102","Electric",808,2
"102","Gas",900,1
"102","Gas",900,1
"102","Electric",808,2
"102","Electric",806,2
"102","Gas",846,1
"102","Gas",1272,1
"102","Gas",1308,1
"102","Gas",1154,1
"102","Gas",854,1
"102","Gas",674,1
"102","Electric",1272,1
"102","Gas",1200,1
"102","Electric",600,1
"102","Electric",675,1
"102","Oil",980,1
"102","Gas",735,1
"102","Gas",1394,1
"102","Gas",1287,1
"102","Gas",854,1
"102","Gas",1172,1
"102","Gas",1200,1
"102","Gas",1200,1
"102","Electric",760,1
"102","Electric",770,1
"102","Gas",1178,1
"102","Gas",1178,1
"102","Gas",1704,2
"102","Electric",1166,2
"102","Gas",1024,2
"102","Gas",1024,2
"102","Gas",1308,1
"102","Gas",1272,1
"102","Gas",989,1
"102","Gas",963,1
"102","Gas",750,1
"102","Gas",945,1
"102","Gas",1024,2
"102","Gas",1024,2
"102","Electric",1144,2
"102","Electric",1144,2
"102","Gas",730,1
"102","Gas",730,1
"102","Gas",674,1
"102","Gas",989,1
"102","Electric",1248,2
"102","Electric",1144,2
"102","Gas",1293,1
"102","Gas",1145,1
"102","Gas",945,1
"102","Gas",750,1
"102","Gas",1178,1
"102","Gas",963,1
"102","Gas",935,1
"102","Gas",674,1
"102","Gas",1280,1
"102","Gas",1280,1
"102","Gas",1178,1
"102","Gas",726,1
"102","Electric",1248,2
"102","Gas",760,1
"102","Gas",1280,2
"102","Gas",1280,2
"102","Gas",1172,1
"102","Gas",1052,1
"102","Gas",1293,1
"102","Gas",1305,1
"102","Gas",990,1
"102","Electric",955,1
"102","Gas",1280,2
"102","Gas",1280,2
"102","Gas",963,1
"102","Gas",1172,1
"102","Gas",1293,1
"102","Gas",1287,1
"102","Gas",730,1
"102","Gas",740,1
"102","Gas",1280,2
"102","Gas",1280,1
"102","Gas",1230,1
"102","Gas",726,1
"102","Gas",1024,2
"102","Gas",1024,2
"102","Gas",1280,2
"102","Gas",1280,2
"102","Gas",960,1
"102","Gas",1287,1
"102","Gas",1039,1
"102","Gas",1308,1
"102","Electric",1166,2
"102","Electric",1166,2
"102","Gas",1280,2
"102","Gas",1280,2
"102","Gas",1287,1
"102","Gas",1287,1
"102","Gas",1272,1
"102","Gas",1272,1
"102","Electric",1166,2
"102","Electric",1144,2
"102","Gas",1280,2
"102","Gas",1280,2
"102","Gas",1230,2
"102","Gas",1287,1
"102","Gas",1308,1
"102","Gas",1320,1
"102","Electric",812,2
"102","Electric",810,2
"102","Electric",1144,2
"102","Gas",640,1
"102","Gas",1280,2
"102","Electric",756,2
"102","Electric",808,2
"102","Electric",804,2
"102","Gas",950,1
"102","Gas",985,1
"102","Electric",804,2
"102","Electric",780,2
"102","Gas",730,1
"102","Gas",755,1
"102","Electric",808,2
"102","Electric",806,2
"102","Electric",756,2
"102","Gas",1428,2
"102","Gas",1287,1
"102","Gas",1658,2
"102","Gas",1200,1
"102","Gas",1450,1
"102","Electric",600,1
"102","Gas",1176,2
"102","Gas",1704,2
"102","Electric",1248,2
"102","Gas",1428,2
"102","Gas",1428,2
"102","Gas",828,1
"102","Gas",1287,1
"102","Gas",859,1
"102","Gas",1352,2
"102","Gas",750,1
"102","Gas",730,1
"102","Gas",1287,1
"102","Gas",1287,1
"102","Gas",808,2
"102","Electric",1354,2
"102","Electric",1166,2
"102","Electric",1144,2
"102","Gas",859,1
"102","Gas",1352,2
"102","Gas",730,1
"102","Gas",750,1
"102","Gas",1352,2
"102","Gas",1352,2
"102","Gas",990,1
"102","Oil",735,1
"102","Gas",1352,2
"102","Gas",816,1
"102","Oil",940,1
"102","Electric",975,1
"102","Gas",730,1
"102","Gas",950,1
"102","Electric",806,2
"102","Gas",808,2
"102","Gas",735,1
"102","Gas",1287,1
"102","Electric",1302,2
"102","Electric",808,2
"102","Gas",730,1
"102","Gas",1280,1
"102","Gas",1287,1
"102","Gas",1287,1
"959","Electric",737,1
"102","Electric",1000,1
"102","Gas",1287,1
"102","Gas",1230,2
"102","Gas",1280,2
"102","Gas",1280,2
"102","Gas",770,1
"102","Gas",750,1
"102","Electric",683,1
"102","Electric",716,1
"102","Gas",990,1
"102","Gas",1287,1
"102","Gas",1287,1
"102","Gas",1024,2
"102","Gas",1280,2
"102","Gas",1280,2
"102","Gas",990,1
"102","Gas",975,1
"102","Electric",708,2
"102","Electric",1592,2
"102","Gas",1024,2
"102","Gas",1024,2
"102","Gas",1280,1
"102","Gas",1280,2
"102","Gas",1287,1
"102","Electric",808,2
"102","Gas",745,1
"102","Gas",745,1
"102","Gas",1024,2
"102","Gas",1024,2
"102","Gas",1280,2
"102","Gas",1280,2
"102","Electric",804,2
"102","Electric",810,2
"102","Oil",980,1
"102","Gas",985,1
"102","Gas",1280,2
"102","Gas",1280,2
"102","Electric",989,1
"102","Electric",980,1
"102","Gas",755,1
"102","Gas",935,1
"102","Electric",690,1
"102","Gas",800,2
"102","Gas",1280,2
"102","Gas",1280,2
"102","Electric",989,1
"102","Electric",808,2
"102","Gas",800,2
"102","Gas",800,2
"102","Gas",1280,2
"102","Gas",990,1
"102","Gas",1280,1
"102","Electric",1280,2
"102","Gas",735,1
"102","Gas",945,1
"102","Gas",800,2
"102","Gas",800,2
"102","Gas",1280,2
"102","Gas",1280,1
"102","Gas",945,1
"102","Gas",730,1
"102","Gas",800,2
"102","Gas",800,2
"102","Gas",740,1
"102","Gas",884,1
"102","Gas",955,1
"102","Oil",750,1
"102","Gas",800,2
"102","Gas",800,2
"102","Electric",756,2
"102","Electric",756,2
"102","Gas",1280,2
"102","Gas",1280,2
"102","Gas",1086,1
"102","Gas",1086,1
"102","Gas",720,1
"102","Gas",745,1
"102","Electric",756,2
"102","Electric",756,2
"102","Gas",1280,2
"102","Oil",1280,2
"102","Electric",846,1
"102","Electric",846,1
"102","Electric",756,2
"102","Electric",756,2
"102","Electric",1166,2
"102","Electric",1248,2
"102","Gas",1280,2
"102","Gas",1280,2
"102","Electric",1124,2
"102","Electric",1124,2
"102","Electric",756,2
"102","Electric",756,2
"102","Gas",1280,1
"102","Electric",1280,2
"102","Gas",1280,2
"102","Gas",1280,2
"102","Gas",1287,1
"102","Gas",1020,1
"102","Gas",640,1
"102","Gas",675,1
"102","Gas",1280,2
"102","Gas",1280,2
"102","Gas",1020,1
"102","Gas",676,1
"102","Electric",756,2
"102","Gas",1428,2
"102","Gas",1280,2
"102","Electric",756,2
"102","Gas",735,1
"102","Gas",735,1
"102","Gas",1280,2
"102","Gas",1280,2
"102","Gas",1428,2
"102","Gas",1428,2
"102","Electric",756,2
"102","Electric",756,2
"102","Oil",755,1
"102","Electric",935,1
"102","Gas",990,1
"102","Gas",900,1
"102","Gas",1428,2
"102","Gas",859,1
"102","Electric",756,2
"102","Electric",756,2
"102","Oil",755,1
"102","Gas",735,1
"102","Electric",756,2
"102","Electric",756,2
"102","Gas",859,1
"102","Gas",1352,2
"102","Gas",960,1
"102","Gas",990,1
"102","Gas",1352,2
"102","Gas",859,1
"102","Electric",756,2
"102","Electric",756,2
"102","Gas",1287,1
"102","Gas",1287,1
"102","Gas",676,1
"102","Electric",936,2
"102","Gas",1287,1
"102","Gas",1658,2
"102","Electric",756,2
"102","Electric",756,2
"102","Electric",756,2
"102","Gas",1428,2
"102","Gas",1352,2
"102","Gas",1352,2
"102","Electric",936,2
"102","Electric",936,2
"102","Gas",1230,2
"102","Gas",1658,2
"102","Electric",756,2
"102","Electric",756,2
"102","Gas",1428,2
"102","Gas",859,1
"102","Gas",1352,2
"102","Gas",1352,2
"102","Gas",1287,1
"102","Gas",1287,1
"102","Gas",1352,2
"102","Gas",1352,2
"102","Gas",1232,2
"102","Gas",1352,2
"102","Gas",1440,2
"102","Gas",1440,2
"102","Gas",1352,2
"102","Electric",706,1
"102","Gas",884,1
"102","Gas",740,1
"102","Electric",808,2
"102","Gas",740,1
"102","Gas",859,1
"102","Gas",1352,2
"102","Electric",631,1
"102","Electric",677,1
"102","Gas",1086,1
"102","Gas",1086,1
"102","Gas",750,1
"102","Gas",960,1
"102","Gas",816,1
"102","Electric",613,1
"102","Gas",859,1
"102","Gas",859,1
"102","Electric",700,2
"102","Electric",1013,1
"102","Gas",1086,1
"102","Gas",740,1
"102","Gas",940,1
"102","Gas",980,1
"102","Electric",635,1
"102","Electric",700,1
"102","Gas",800,2
"102","Gas",800,2
"102","Gas",859,1
"102","Gas",859,1
"102","Gas",980,1
"102","Gas",730,1
"102","Gas",800,2
"102","Gas",800,2
"102","Gas",1352,2
"102","Gas",1352,2
"102","Gas",750,1
"102","Gas",755,1
"102","Electric",736,1
"102","Electric",641,1
"102","Gas",1352,2
"102","Gas",1352,2
"102","Gas",800,2
"102","Gas",800,2
"102","Gas",1540,2
"102","Gas",1208,2
"102","Gas",945,1
"102","Gas",980,1
"102","Gas",800,2
"102","Gas",800,2
"102","Gas",816,1
"102","Electric",711,1
"102","Gas",800,2
"102","Gas",800,2
"102","Gas",1280,1
"102","Gas",1280,1
"102","Electric",991,1
"102","Electric",606,1
"102","Gas",800,2
"102","Gas",800,2
"102","Gas",800,2
"102","Gas",800,2
"102","Gas",1280,1
"102","Gas",1280,2
"102","Electric",685,1
"102","Electric",689,1
"102","Gas",800,2
"102","Gas",800,2
"102","Gas",1280,2
"102","Gas",1280,2
"102","Electric",707,1
"102","Electric",597,1
"102","Electric",873,1
"102","Electric",873,1
"102","Gas",800,2
"102","Gas",800,2
"102","Gas",1280,1
"102","Gas",1280,1
"102","Electric",708,2
"102","Electric",1592,2
"102","Gas",800,2
"102","Gas",800,2
"102","Gas",1280,2
"102","Gas",1280,2
"102","Gas",1287,1
"102","Gas",1020,1
"102","Electric",940,1
"959","Electric",683,1
"102","Gas",1280,2
"102","Gas",1280,2
"102","Gas",1020,1
"102","Gas",1287,1
"102","Gas",800,2
"102","Electric",873,1
"102","Gas",1280,2
"102","Gas",1280,2
"102","Gas",1188,1
"102","Gas",1340,1
"102","Gas",1280,2
"102","Gas",1280,2
"102","Electric",846,1
"102","Gas",1287,1
"102","Gas",740,1
"102","Gas",1086,1
"102","Gas",1280,2
"102","Gas",1280,2
"102","Gas",1536,2
"102","Gas",800,2
"102","Gas",1340,1
"102","Electric",1040,2
"102","Gas",1020,1
"102","Gas",1020,1
"102","Gas",1086,1
"102","Gas",1086,1
"102","Gas",1280,2
"102","Gas",1280,2
"102","Gas",800,2
"102","Gas",800,2
"102","Electric",1040,2
"102","Electric",1040,2
"102","Gas",800,2
"102","Gas",800,2
"102","Gas",1120,2
"102","Electric",936,2
"102","Electric",1040,2
"102","Electric",1040,2
"102","Gas",800,2
"102","Gas",800,2
"102","Electric",1040,2
"102","Electric",1040,2
"102","Gas",800,2
"102","Gas",800,2
"102","Gas",900,1
"102","Electric",756,2
"102","Electric",1040,2
"102","Electric",1040,2
"102","Gas",1287,1
"102","Electric",936,2
"102","Electric",756,2
"102","Electric",756,2
"102","Electric",846,1
"102","Electric",873,1
"102","Electric",1040,2
"102","Electric",1040,2
"102","Electric",756,2
"102","Electric",756,2
"102","Electric",900,2
"102","Gas",1540,2
"102","Electric",1040,2
"102","Electric",1040,2
"102","Electric",1124,2
"102","Electric",846,1
"102","Electric",756,2
"102","Electric",756,2
"102","Gas",1020,1
"102","Gas",1020,1
"102","Electric",756,2
"102","Electric",756,2
"102","Gas",1208,2
"102","Gas",1208,2
"102","Gas",1340,1
"102","Gas",1340,1
"102","Gas",1020,1
"102","Gas",1020,1
"102","Electric",1040,2
"102","Electric",756,2
"102","Electric",756,2
"102","Gas",1208,2
"102","Gas",1208,2
"102","Gas",1188,1
"102","Gas",1340,1
"102","Electric",756,2
"102","Electric",1440,2
"102","Gas",1428,2
"102","Gas",1428,2
"102","Gas",1188,1
"102","Electric",1040,2
"102","Gas",859,1
"102","Gas",1352,2
"102","Gas",676,1
"102","Electric",936,2
"102","Electric",1040,2
"102","Electric",1040,2
"102","Gas",859,1
"102","Gas",859,1
"102","Electric",1040,2
"102","Electric",1040,2
"102","Gas",1352,2
"102","Gas",1352,2
"102","Gas",740,1
"102","Gas",884,1
"102","Electric",1040,2
"102","Electric",1040,2
"102","Gas",1352,2
"102","Gas",816,1
"102","Gas",1340,1
"102","Gas",1416,1
"102","Gas",614,1
"102","Gas",850,1
"102","Gas",1086,1
"102","Gas",1170,1
"102","Electric",680,1
"102","Electric",685,1
"102","Electric",781,1
"959","Electric",914,1
"102","Electric",1040,2
"102","Electric",1040,2
"102","Electric",720,1
"959","Electric",714,1
"102","Electric",936,2
"102","Gas",1540,2
"102","Electric",1040,2
"102","Electric",1040,2
"102","Electric",637,1
"102","Electric",1015,1
"102","Electric",1040,2
"102","Electric",676,1
"102","Electric",685,1
"102","Electric",626,2
"102","Electric",706,2
"102","Gas",1086,1
"102","Gas",1086,1
"102","Electric",1592,2
"102","Electric",734,2
"102","Electric",626,1
"102","Electric",711,1
"102","Gas",884,1
"102","Gas",740,1
"102","Electric",1040,2
"959","Electric",680,1
"102","Gas",1536,2
"102","Gas",614,1
"102","Gas",850,1
"102","Gas",1086,1
"102","Gas",1086,1
"102","Gas",740,1
"102","Gas",850,1
"102","Gas",1086,1
"102","Gas",884,1
"102","Gas",800,2
"102","Gas",800,2
"102","Gas",1086,1
"102","Gas",740,1
"102","Gas",800,2
"102","Gas",800,2
"102","Electric",1040,2
"102","Electric",1040,2
"102","Gas",800,2
"102","Electric",800,2
"102","Electric",1040,2
"102","Electric",1040,2
"102","Gas",800,2
"102","Gas",800,2
"102","Electric",1040,2
"102","Electric",1040,2
"102","Electric",1040,2
"102","Electric",1040,2
"102","Electric",846,1
"102","Electric",873,1
"102","Gas",740,1
"102","Gas",1086,1
"102","Electric",1040,2
"102","Electric",1040,2
"102","Gas",1287,1
"102","Gas",1287,1
"102","Gas",1086,1
"102","Gas",1086,1
"102","Electric",1040,2
"102","Electric",1040,2
"102","Gas",1020,1
"102","Gas",1287,1
"102","Gas",614,1
"102","Gas",614,1
"102","Gas",850,1
"102","Gas",850,1
"102","Gas",1086,1
"102","Gas",1086,1
"102","Gas",884,1
"102","Gas",740,1
"102","Gas",676,1
"102","Electric",936,2
"102","Electric",936,2
"102","Electric",936,2
"102","Gas",740,1
"102","Gas",740,1
"102","Gas",1086,1
"102","Gas",884,1
"102","Gas",1170,1
"102","Gas",1086,1
"102","Gas",850,1
"102","Gas",740,1
"102","Gas",679,1
"102","Gas",1086,1
"102","Electric",1086,1
"102","Gas",614,1
"102","Gas",850,1
"102","Gas",884,1
"102","Gas",740,1
"102","Gas",940,1
"102","Gas",1050,2
"102","Gas",1050,2
"102","Gas",1050,2
"102","Gas",1050,2
"102","Gas",1050,2
"102","Gas",1050,2
"102","Gas",1050,2
"102","Gas",1050,2
"102","Electric",936,2
"102","Gas",1188,1
"102","Gas",1050,2
"102","Gas",1050,2
"102","Gas",816,2
"102","Gas",816,2
"102","Gas",1340,1
"102","Gas",1348,1
"102","Gas",1050,2
"102","Gas",1050,2
"102","Gas",1050,2
"102","Gas",1298,2
"102","Electric",1040,2
"102","Electric",1040,2
"102","Gas",1050,2
"102","Gas",816,2
"102","Electric",1040,2
"102","Electric",1040,2
"102","Gas",1050,2
"102","Gas",1050,2
"102","Electric",1040,2
"102","Electric",1040,2
"102","Gas",1050,2
"102","Gas",1050,2
"102","Electric",1040,2
"102","Electric",1040,2
"102","Electric",1040,2
"102","Electric",1040,2
"102","Gas",1050,2
"102","Gas",816,2
"102","Gas",816,2
"102","Gas",1038,2
"102","Gas",1088,2
"102","Gas",1038,2
"102","Gas",1038,2
"102","Gas",1038,2
"102","Gas",1088,2
"102","Gas",992,1
"102","Gas",992,1
"102","Gas",992,1
"102","Gas",1125,1
"102","Gas",1048,1
"102","Gas",1088,2
"102","Gas",1088,2
"102","Gas",1088,2
"102","Gas",1088,2
"102","Gas",1088,2
"102","Gas",1020,1
"102","Gas",1188,2
"102","Gas",1188,2
"102","Gas",1188,2
"102","Gas",1020,1
"102","Gas",1020,1
"102","Gas",900,1
"102","Gas",900,1
"102","Gas",868,1
"102","Gas",816,1
"102","Gas",685,1
"102","Gas",854,1
"102","Gas",816,1
"102","Gas",800,1
"102","Gas",854,1
"102","Gas",854,1
"102","Gas",880,1
"102","Gas",963,1
"102","Electric",674,1
"102","Gas",963,1
"102","Gas",963,1
"102","Gas",989,1
"102","Gas",776,1
"102","Gas",1052,1
"102","Gas",963,1
"102","Gas",963,1
"102","Gas",792,1
"102","Gas",800,1
"102","Gas",963,1
"102","Gas",800,1
"102","Gas",800,1
"102","Gas",854,1
"102","Gas",800,1
"102","Gas",800,1
"102","Gas",854,1
"102","Gas",728,1
"102","Gas",674,1
"102","Gas",726,1
"102","Gas",792,1
"102","Gas",726,1
"102","Gas",900,1
"102","Gas",1046,1
"102","Gas",846,1
"102","Gas",836,1
"102","Gas",674,1
"102","Gas",800,1
"102","Gas",989,1
"102","Gas",1172,1
"102","Gas",1052,1
"102","Gas",993,1
"102","Gas",993,1
"102","Gas",993,1
"102","Gas",674,1
"102","Gas",900,1
"102","Gas",846,1
"102","Gas",956,1
"102","Gas",1272,1
"102","Gas",1320,1
"102","Gas",1200,1
"102","Gas",1308,1
"102","Gas",1272,1
"102","Gas",1308,1
"102","Gas",1257,1
"102","Gas",1450,1
"102","Gas",1305,1
"102","Gas",1394,1
"102","Gas",1287,1
"102","Gas",1024,2
"102","Gas",1024,2
"102","Gas",1024,2
"102","Gas",1024,2
"102","Gas",1024,2
"102","Gas",1024,2
"102","Electric",1248,2
"102","Electric",1144,2
"102","Electric",1144,2
"102","Electric",1166,2
"102","Electric",1248,2
"102","Electric",1144,2
"102","Electric",1248,2
"102","Electric",1166,2
"102","Electric",1166,2
"102","Electric",1248,2
"102","Gas",675,1
"102","Gas",965,1
"102","Oil",730,1
"102","Oil",950,1
"102","Gas",745,1
"102","Gas",725,1
"102","Gas",960,1
"102","Gas",990,1
"102","Gas",1287,1
"102","Gas",1287,1
"102","Gas",1658,2
"102","Gas",1230,2
"102","Gas",1230,2
"102","Gas",1230,2
"102","Gas",828,1
"102","Gas",828,1
"102","Gas",804,2
"102","Electric",1354,2
"102","Gas",1055,1
"102","Electric",1050,1
"102","Electric",808,2
"102","Electric",804,2
"102","Electric",810,2
"102","Electric",804,2
"102","Electric",808,2
"102","Electric",780,2
"102","Electric",808,2
"102","Oil",740,1
"102","Electric",950,1
"102","Electric",950,1
"102","Gas",930,1
"102","Oil",735,1
"102","Gas",760,1
"102","Gas",925,1
"102","Gas",960,1
"102","Oil",950,1
"102","Gas",985,1
"102","Gas",945,1
"102","Oil",765,1
"102","Gas",730,1
"102","Gas",715,1
"102","Gas",945,1
"102","Gas",760,1
"102","Gas",1280,1
"102","Gas",1280,2
"102","Gas",1280,2
"102","Gas",1280,2
"102","Gas",1280,2
"102","Gas",1280,1
"102","Gas",1280,1
"102","Gas",1280,2
"102","Gas",1280,2
"102","Gas",1280,2
"102","Gas",1280,2
"102","Gas",1280,2
"102","Gas",1280,2
"102","Gas",990,1
"102","Electric",756,2
"102","Electric",756,2
"102","Electric",756,2
"102","Electric",756,2
"102","Electric",756,2
"102","Electric",756,2
"102","Electric",756,2
"102","Gas",1440,2
"102","Gas",1428,2
"102","Gas",859,1
"102","Gas",1352,2
"102","Gas",859,1
"102","Gas",859,1
"102","Gas",859,1
"102","Gas",1352,2
"102","Gas",1232,2
"102","Electric",877,1
"102","Electric",794,1
"102","Electric",699,1
"102","Electric",694,1
"102","Electric",670,1
"102","Electric",705,1
"102","Gas",800,2
"102","Gas",800,2
"102","Gas",800,2
"102","Gas",800,2
"102","Gas",800,2
"102","Gas",800,2
"102","Gas",800,2
"102","Gas",800,2
"102","Gas",800,2
"102","Gas",800,2
"102","Gas",800,2
"102","Gas",800,2
"102","Electric",873,1
"102","Electric",873,1
"102","Electric",846,1
"102","Electric",846,1
"102","Electric",873,1
"102","Gas",1287,1
"102","Gas",1020,1
"102","Gas",1287,1
"102","Gas",1120,2
"102","Electric",936,2
"102","Electric",900,2
"102","Electric",936,2
"102","Gas",1208,2
"102","Gas",1188,1
"102","Gas",1188,1
"102","Gas",1188,1
"102","Electric",1040,2
"102","Electric",1040,2
"102","Electric",1040,2
"102","Electric",1040,2
"102","Electric",1040,2
"102","Electric",1040,2
"102","Electric",1040,2
"102","Electric",1040,2
"102","Electric",1040,2
"102","Electric",1040,2
"102","Electric",1040,2
"332","Gas",5192,1
"111","Gas",1344,1
"326","Gas",2281,1
"111","Gas",4788,3
"401","Gas",57679,2
"013","Gas",3464,2
"331","Gas",4288,2
"400","Gas",9135,1
"331","Gas",5400,1
"400","Gas",129751,1
"400","Gas",42456,4
"013","Gas",1876,1
"325","Gas",1885,1
"111","Gas",3840,3
"431","Gas",1000,1
"401","Gas",2592,1
"325","Gas",5868,1
"013","Gas",3604,2
"325","Gas",4904,1
"325","Gas",1968,1
"400","Gas",14175,1
"111","Gas",3260,2
"111","Gas",5850,2
"111","Gas",4410,3
"013","Gas",1696,1
"111","Gas",4890,3
"335","Gas",2925,1
"937","Gas",2980,1
"400","Gas",6946,1
"111","Gas",2879,2
"351","Gas",24525,1
"013","Gas",5280,2
"111","Gas",4758,3
"111","Gas",1920,2
"112","Gas",102516,4
"326","Gas",4034,1
"111","Gas",2460,2
"322","Gas",13472,1
"111","Gas",7728,3
"111","Gas",3689,2.5
"970","Gas",5850,2
"400","Gas",40250,1
"013","Gas",3023,2
"111","Electric",2574,2
"325","Gas",13114,2
"325","Gas",4904,1
"111","Gas",1956,2
"931","Gas",1320,NA
"922","Gas",21828,1
"111","Gas",6780,3
"140","Gas",3279,NA
"325","Gas",874,1
"111","Gas",5964,3
"013","Gas",7177,2
"314","Gas",2304,1
"325","Gas",3000,1
"332","Gas",4480,1
"111","Gas",2894,2
"325","Gas",1445,NA
"316","Gas",6000,1
"111","Gas",2673,2
"111","Gas",4530,3
"013","Gas",4708,2
"321","Gas",6729,NA
"112","Gas",28930,5
"013","Gas",2850,2
"111","Gas",2288,2
"111","Gas",2976,2
"111","Gas",4640,2
"111","Gas",4093,3
"111","Gas",3116,1
"111","Gas",5574,3
"330","Gas",1296,1
"960","Gas",3780,1
"111","Gas",1092,1.75
"111","Gas",4401,3
"325","Gas",3864,1
"111","Gas",4277,2.5
"332","Gas",1350,1
"111","Gas",2478,2
"340","Gas",1450,1
"325","Gas",6500,1
"334","Gas",2413,1
"340","Gas",2886,1
"111","Gas",3240,2
"325","Gas",4200,1
"326","Gas",2006,1
"010","Gas",6133,2
"325","Gas",3574,1
"112","Gas",9024,4
"325","Gas",2600,1
"325","Gas",10800,1
"325","Gas",13734,1
"330","Gas",1652,1
"111","Gas",2348,2
"325","Gas",5028,2
"400","Gas",1680,1
"111","Gas",3936,2
"013","Gas",1941,2
"111","Gas",5801,3
"111","Gas",3213,2
"326","Gas",3233,1
"400","Gas",22210,2
"954","Gas",8107,NA
"112","Gas",10640,2
"400","Gas",14064,2
"112","Gas",6816,2
"353","Gas",4520,1
"111","Gas",5080,2
"325","Gas",960,1
"112","Gas",11340,3
"325","Gas",4560,2
"013","Gas",5563,3
"111","Gas",5400,3
"013","Gas",2980,2
"111","Gas",3494,2
"111","Gas",3078,2.5
"013","Gas",4263,3
"111","Gas",2710,2
"112","Gas",10560,3
"111","Gas",3675,2
"935","Gas",10744,3
"326","Gas",1376,1
"111","Gas",4040,2
"960","Gas",9444,1
"111","Gas",4368,3
"937","Gas",9566,1
"111","Gas",3508,2
"325","Gas",1298,1
"325","Gas",2168,1
"325","Gas",16059,3
"013","Gas",6484,3
"111","Gas",4092,3
"013","Gas",2688,2
"900","Gas",5120,1
"340","Gas",4206,2
"931","Gas",5448,NA
"326","Gas",1633,1
"960","Gas",8593,NA
"112","Gas",17190,2
"111","Gas",520,2
"325","Gas",2016,1
"960","Gas",4452,1
"013","Gas",2242,1
"941","Gas",64000,2
"111","Gas",3179,2
"111","Gas",4872,3
"341","Gas",2095,1
"111","Gas",4080,2
"326","Gas",1020,1
"111","Gas",3750,2
"325","Gas",4417,2
"111","Gas",3844,2
"111","Gas",5513,2.5
"111","Gas",5183,3
"111","Gas",2592,2
"960","Gas",5040,2
"013","Gas",5091,3
"013","Gas",2614,2
"941","Gas",16200,2
"111","Gas",3012,2
"960","Gas",2100,1
"931","Gas",16118,1
"111","Gas",5814,3
"112","Gas",8357,3
"111","Gas",2603,2
"324","Gas",10850,1
"971","Gas",15635,2
"111","Gas",9072,3
"112","Gas",17480,3
"400","Gas",4900,1
"111","Gas",5129,2
"970","Gas",8432,NA
"111","Gas",4164,2
"341","Gas",4943,1
"330","Gas",20384,1
"013","Gas",4501,2
"934","Gas",181008,4
"111","Gas",4524,3
"931","Gas",13859,NA
"111","Gas",2780,2
"960","Gas",9720,NA
"400","Gas",7625,1
"960","Gas",2352,NA
"325","Gas",1800,1
"111","Gas",5353,2
"111","Gas",6246,2.5
"111","Gas",5076,3
"111","Gas",4227,3
"325","Gas",1982,1
"013","Gas",9504,3
"013","Gas",4442,3
"332","Gas",11764,1
"111","Gas",2622,2
"013","Gas",3376,2
"340","Gas",1008,1
"111","Gas",3488,NA
"111","Gas",6612,3
"400","Gas",51600,1
"326","Gas",6507,1
"326","Gas",4610,1
"013","Gas",799,1
"323","Gas",36779,1
"314","Gas",29876,1
"306","Gas",22557,1
"341","Gas",8704,1
"111","Gas",2466,2
"325","Gas",18730,2
"400","Gas",21875,1
"400","Gas",74400,1
"332","Gas",7228,1
"342","Gas",2294,1
"400","Gas",74520,1
"957","Gas",5624,1
"340","Gas",10131,1
"325","Gas",2916,2
"400","Gas",64216,5
"340","Gas",25938,4
"341","Gas",2070,1
"400","Gas",3808,1
"353","Gas",16457,3
"013","Gas",1861,2
"332","Gas",2546,1
"325","Gas",10301,2
"340","Gas",1368,3
"325","Gas",7844,2
"316","Gas",1768,1
"111","Gas",7428,3
"013","Gas",4382,2
"013","Gas",4564,2
"400","Gas",5280,1
"400","Gas",4800,1
"112","Gas",61278,3
"323","Gas",15950,1
"111","Gas",5260,3
"400","Gas",600,1
"351","Gas",20364,1
"401","Gas",12800,1
"934","Gas",6248,1
"013","Gas",14405,3
"111","Gas",4358,2
"111","Gas",4228,3
"400","Gas",11700,1
"951","Gas",9516,1
"400","Gas",16650,1
"400","Gas",23417,1
"401","Gas",59545,1
"111","Gas",6486,3
"111","Gas",3600,2
"340","Gas",3904,1
"400","Gas",57600,1
"112","Electric",12636,3
"111","Gas",4218,2
"340","Gas",5458,1
"960","Gas",9946,1
"400","Gas",152380,1
"325","Gas",11334,1
"013","Gas",10132,3
"013","Gas",6889,3
"971","Gas",51954,2
"934","Gas",286624,4
"112","Gas",9072,3
"013","Gas",5463,2
"340","Gas",1015,1
"111","Gas",9072,3
"340","Gas",5472,2
"111","Gas",4797,3
"325","Gas",21706,2
"111","Gas",4844,3
"325","Gas",10031,1
"341","Gas",2685,1
"111","Gas",3488,2
"013","Gas",4590,2
"111","Electric",2768,2
"013","Gas",9188,2
"325","Gas",7200,1
"401","Gas",32000,1
NA,NA,NA,NA
NA,NA,NA,NA
"400","Gas",291714,1
"111","Gas",3148,2
"326","Gas",2300,1
"013","Gas",3300,2
"013","Gas",4163,2
"111","Gas",5994,3
"111","Electric",5994,3
"111","Gas",4152,2
"013","Gas",3880,2
"112","Gas",44496,4
"400","Gas",10000,1
"400","Gas",99796,1
"111","Gas",4600,2
"111","Gas",4609,2.5
"951","Gas",24811,1
"951","Gas",24646,1
"400","Gas",18000,1
"960","Gas",2890,NA
"111","Gas",6402,3
"400","Gas",37351,1
"325","Gas",4800,2
"960","Gas",1622,1
"951","Gas",31752,NA
"351","Gas",7536,1
"400","Gas",42096,1
"400","Gas",138000,2
"325","Gas",4536,1
"112","Gas",10752,2
"112","Electric",18678,3
"400","Gas",16794,1
"401","Gas",18080,1
"400","Gas",79666,1
"111","Gas",3723,2.5
"330","Gas",3172,1
"400","Gas",9600,1
"957","Gas",5172,1
"400","Gas",29458,1
"331","Gas",3700,1
"400","Gas",257179,1
"400","Gas",99205,1
"334","Gas",4802,1
"316","Gas",5120,1
"325","Gas",2400,1
"013","Gas",5176,2
"111","Gas",5298,3
"400","Gas",78550,1
"400","Gas",31152,1
"311","Gas",4480,1
"013","Gas",8052,3
"340","Gas",2216,1
"935","Gas",30161,1
"111","Electric",3611,2
"325","Gas",6800,2
"111","Electric",1900,2
"943","Gas",38222,1
"943","Gas",10970,1
"111","Gas",3502,2
"111","Gas",3888,2
"325","Gas",1820,1
"111","Gas",1920,2
"325","Gas",7512,2
"013","Gas",9100,4
"111","Gas",3045,2
"112","Gas",10296,2
"111","Gas",3885,3
"013","Gas",2944,1
"400","Gas",88318,1
"400","Gas",31776,4
"326","Gas",1064,1
"400","Gas",11248,1
"111","Gas",4347,3
"111","Gas",7740,3
"112","Gas",4095,3
"325","Gas",11473,1
"931","Gas",2472,1
"111","Gas",4710,2
"111","Gas",4488,2.75
"111","Gas",832,2
"111","Gas",3388,2
"316","Gas",4002,2
"112","Gas",18486,2
"331","Gas",1625,NA
"400","Gas",1560,1
"900","Gas",20800,1
"111","Gas",2592,2
"111","Gas",10584,4
"111","Gas",2460,2
"112","Gas",27528,2
"111","Gas",5005,2.5
"111","Gas",2644,2
"332","Gas",2967,1
"111","Gas",6944,2
"340","Gas",3337,2
"326","Gas",1800,1
"326","Gas",4224,1
"400","Gas",88440,2
"112","Gas",5825,2
"111","Gas",3676,2
"112","Gas",14652,3
"957","Gas",1672,1
"341","Gas",11896,2
"111","Gas",3666,3
"111","Gas",2800,2
"111","Gas",3527,2
"111","Gas",3658,2
"325","Gas",4459,1
"111","Gas",3320,2
"111","Gas",5496,3
"960","Gas",12790,1
"325","Gas",7874,2
"111","Electric",9588,4
"013","Gas",4538,2
"330","Gas",3500,1
"111","Gas",3744,2
"111","Gas",4624,2
"325","Gas",2748,1
"111","Gas",5994,3
"111","Gas",3444,3
"111","Gas",3466,2
"400","Gas",8063,1
"111","Gas",4551,3
"112","Gas",4267,2.5
"400","Gas",21342,1
"332","Gas",2755,1
"400","Gas",19098,1
"335","Gas",3151,1
"325","Gas",1056,NA
"111","Gas",3744,2
"111","Gas",4056,2
"013","Gas",1624,1
"112","Gas",47074,4
"111","Gas",4760,2
"314","Gas",11808,1
"401","Gas",14560,1
"937","Gas",5510,1
"112","Gas",2700,2
"937","Gas",11685,6
"111","Gas",2370,2
"330","Gas",2022,1
"316","Gas",6086,1
"325","Gas",2391,1
"954","Gas",26400,1
"112","Gas",21276,2
"994","Gas",12288,2
"400","Gas",18092,3
"325","Gas",1374,1
"013","Gas",10500,1
NA,NA,NA,NA
NA,NA,NA,NA
"111","Gas",2948,1
"332","Gas",1656,1
"340","Gas",4164,2
"325","Gas",16020,2
"960","Gas",2796,1
"111","Gas",6414,3
"111","Gas",3088,2
"316","Gas",8340,1
"931","Gas",18892,NA
"340","Gas",45440,2
"013","Gas",2408,2
"332","Gas",18668,1
"401","Gas",6000,1
"316","Gas",3810,1
"332","Gas",3759,1
"325","Gas",1941,1
"325","Gas",2703,2
"013","Gas",2184,2
"332","Gas",4728,1
"325","Gas",3988,1
"325","Gas",5719,1
"957","Gas",5069,1
"111","Gas",3136,2
"112","Gas",5673,1
"400","Gas",6032,1
"325","Gas",4412,1
"111","Gas",6456,3
"111","Gas",9920,4
"111","Gas",2072,2
"332","Gas",3066,1
"934","Gas",25106,2
"111","Gas",2764,2
"111","Gas",6897,3
"013","Gas",3708,2
"970","Gas",6312,2
"401","Gas",6160,1
"325","Gas",5352,2
"111","Gas",6504,3
"013","Gas",4318,3
"112","Gas",5490,3
"112","Gas",8244,3
"013","Gas",4146,2.75
"111","Gas",7818,3
"111","Gas",4224,3
"013","Gas",1257,1.75
"111","Gas",2368,2
"111","Gas",1345,2
"400","Gas",9280,1
"400","Gas",61945,2
"316","Gas",130816,1
"330","Gas",17500,1
"970","Gas",63776,5
"332","Gas",700,1
"332","Gas",3785,1
"325","Gas",3988,1
"931","Gas",33168,2
"332","Gas",2823,1
"340","Gas",7186,1
"332","Gas",2480,1
"400","Gas",15938,1
"954","Gas",12480,1
"400","Gas",38780,1
"370","Gas",47736,2
"326","Gas",612,1
"325","Gas",1234,1
"111","Gas",3692,2
"400","Gas",17530,1
"400","Gas",13752,1
"341","Gas",3310,1
"400","Gas",98100,1
"400","Gas",3200,1
NA,NA,NA,NA
NA,NA,NA,NA
"111","Gas",2384,2
"314","Gas",6042,1
"301","Gas",30744,2
"960","Gas",2754,1
"125","Gas",79350,3
"332","Gas",3200,1
"326","Gas",1552,NA
"400","Gas",4092,1
"332","Gas",1520,1
"400","Gas",28648,1
"316","Gas",31666,1
"330","Gas",1340,1
"941","Gas",31220,NA
"316","Gas",7500,1
"401","Gas",50000,1
"400","Gas",14966,1
"330","Electric",2128,1
"326","Gas",3344,1
"340","Gas",78974,3
"316","Gas",4044,1
"325","Gas",1560,1
"111","Gas",3024,2
"111","Gas",1859,1.75
"325","Gas",752,1
"332","Gas",15016,1
"326","Gas",4280,1
"388","Gas",2040,1
"332","Gas",1046,1
"340","Gas",2002,1
"326","Gas",2746,1
"013","Gas",1200,1
"325","Gas",8144,1
"400","Gas",3000,1
"325","Gas",4400,1
"325","Gas",2118,1
"934","Gas",57070,2
"334","Gas",1296,1
"330","Gas",1880,1
"929","Gas",3726,NA
"112","Gas",10912,2
"322","Gas",1992,2
"401","Gas",29982,1
"314","Gas",16166,1
"316","Gas",101849,1
"325","Gas",7649,1
"112","Electric",13824,2
"111","Gas",2380,2
"423","Gas",1000,1
"432","Gas",936,1
"013","Gas",2803,2
"013","Gas",5996,2
"111","Gas",1436,1
"400","Gas",18198,1
"326","Gas",2225,1
"334","Gas",8468,1
"314","Gas",65952,1
"112","Gas",19328,2
"325","Gas",1649,1
"316","Coal or Wood",18000,1
"957","Gas",2802,2
"111","Gas",6033,3
"342","Gas",4806,1
"111","Gas",3240,2
"400","Gas",80040,1
"111","Gas",5088,3
"013","Gas",5402,2
"342","Gas",1251,1
"324","Gas",18316,1
"340","Gas",974,1
"111","Gas",5400,3
"316","Gas",15670,2
"340","Gas",6360,NA
"326","Gas",1612,1
"957","Gas",5681,NA
"342","Gas",4296,1
"301","Gas",43456,2
"341","Gas",3544,1
"013","Gas",11520,2
"326","Gas",304,1
"112","Gas",17259,2
"304","Gas",19462,10
"316","Gas",24778,1
"332","Gas",2000,1
"325","Gas",11946,1
"934","Gas",72676,NA
"957","Gas",5704,1
"325","Gas",4500,1
"111","Gas",1760,2
"325","Gas",3300,1
"332","Gas",4654,NA
"111","Gas",3924,2
"326","Gas",2392,1
"111","Gas",3856,2
"111","Gas",3770,2.5
"316","Gas",4700,1
"332","Gas",2380,1
"325","Gas",8218,2
"341","Gas",2825,1
"325","Gas",4800,1
"301","Gas",52113,3
"111","Gas",4680,3
"431","Gas",180,1
"325","Gas",2747,1
"330","Gas",12240,2
"013","Gas",2552,1
"401","Gas",1920,1
"332","Gas",1680,1
"941","Gas",33388,2
"342","Gas",12240,1
NA,NA,NA,NA
NA,NA,NA,NA
"326","Gas",8706,2
"325","Gas",2110,1
"324","Gas",35022,1
"013","Gas",6000,2
"112","Gas",19376,2
"325","Gas",2700,1
"331","Gas",4800,1
"326","Gas",1688,1
"316","Gas",61662,1
"341","Gas",2025,1
"341","Gas",4155,1
"111","Gas",2569,2
"322","Gas",11766,1
"335","Gas",3888,1
"332","Gas",2080,1
"931","Gas",15728,1
"931","Gas",392,1
"325","Gas",1208,1
"330","Gas",28697,1
"960","Gas",2236,1
"111","Gas",1728,2
"322","Gas",105780,1
"935","Gas",4364,2
"330","Gas",1128,1
"112","Gas",9376,2
"325","Gas",4386,1
"112","Gas",10320,2
"340","Gas",3392,1
"324","Gas",65080,1
"326","Gas",3927,NA
"931","Gas",2260,1
"929","Gas",5004,NA
"332","Gas",8230,1
"970","Gas",10170,1
"326","Gas",3396,1
"301","Gas",88603,4
"031","Gas",7460,2
"400","Gas",38389,1
"316","Gas",7700,1
"341","Gas",2238,1
"112","Electric",5184,2
"111","Gas",4608,3
"111","Gas",6426,3
"111","Gas",2582,2
"325","Gas",1769,1
"325","Gas",3480,1
"316","Gas",29679,1
"953","Gas",2336,1
"352","Gas",7028,1
"400","Gas",52267,1
"400","Gas",9310,1
"013","Gas",7330,2
"400","Gas",199199,1
"332","Gas",3420,1
"326","Gas",4749,1
"322","Gas",7068,1
"111","Gas",3496,3
"111","Gas",3880,3
"111","Gas",4080,2
"112","Gas",38976,2
"125","Gas",64151,2
"332","Gas",5600,1
"326","Gas",2484,1
"340","Electric",660,1
"111","Gas",4912,3
"112","Gas",3536,2
"325","Gas",1763,1
"013","Gas",6165,2
"332","Gas",5560,1
"400","Gas",154500,1
"970","Gas",4576,2
"326","Gas",3242,1
"111","Gas",3006,3
"013","Gas",6712,2
"326","Gas",1196,1
"326","Gas",816,1
"103","Electric",400,1
"111","Gas",5796,3
"111","Gas",4782,2
"325","Gas",1440,1
"330","Gas",2170,1
"013","Gas",4962,2
"340","Gas",3596,1
"400","Gas",6401,1
"111","Gas",5643,3
"325","Gas",13287,1
"954","Gas",13412,1
"947","Gas",11660,1
"332","Gas",2400,1
"326","Gas",3411,NA
"013","Gas",8464,4
"332","Gas",5216,1
"013","Gas",3528,3
"111","Gas",5418,3
"931","Gas",37328,2
"326","Gas",1645,1
"326","Gas",3731,1
"334","Gas",2276,1
"013","Gas",4832,2
"325","Electric",876,1
"325","Gas",5097,2
"111","Gas",19703,2
"111","Gas",9632,4
"318","Gas",5853,1
"325","Gas",2975,1
"335","Gas",6222,1
"400","Gas",13975,1
"332","Gas",2903,1
"013","Gas",4145,2
"326","Gas",480,1
"960","Gas",21431,1
"013","Gas",5160,4
"111","Gas",6279,3
"326","Gas",3450,1
"111","Gas",4200,3
"111","Gas",2857,1.5
"338","Gas",5096,1
"326","Gas",8135,2
"111","Gas",2320,1
"013","Gas",5567,2
"013","Gas",22876,4
"112","Gas",8208,2
"937","Gas",3874,1
"400","Gas",22302,1
"013","Gas",2500,1
"013","Gas",5227,1.75
"326","Gas",1720,1
"430","Gas",630,1
"111","Gas",3430,2
"013","Gas",7870,2
"111","Gas",7992,3
"325","Gas",5898,1
"316","Gas",14058,1
"013","Gas",3114,1
"325","Gas",2400,1
"316","Gas",6450,1
"325","Gas",9180,1
"332","Gas",15232,1
"013","Gas",3298,1
"401","Gas",85518,1
"330","Gas",300,1
"013","Gas",5136,2
"400","Gas",111396,1
"340","Gas",1020,1
"111","Gas",4566,3
"325","Gas",8332,1
"111","Gas",5796,3
"325","Gas",4725,1
"013","Gas",6016,3
"013","Gas",7562,3
"111","Gas",3289,3
"959","Gas",7088,1
"111","Gas",5316,3
"332","Gas",3117,1
"316","Gas",8232,1
"111","Gas",3136,2
"112","Electric",6000,2
"013","Gas",3845,2.75
"959","Gas",2853,2
"931","Gas",1769,1
"013","Gas",3960,2
"111","Gas",3308,2
"316","Gas",816,1
"960","Gas",12664,NA
"013","Gas",3375,1
"031","Gas",4866,1
"970","Gas",10830,3
"970","Gas",10578,2
"332","Gas",1045,1
"959","Gas",40753,3
"111","Gas",5066,2.75
"325","Gas",9162,1
"325","Gas",1092,1
"340","Gas",1386,1
"111","Gas",3042,3
"340","Gas",1400,1
"111","Gas",4283,2.5
"013","Gas",23291,2
"352","Gas",12653,1
"935","Gas",6525,2
"013","Gas",8775,3
"340","Gas",12328,1
"321","Gas",116625,1
"321","Gas",7904,1
"325","Gas",2100,NA
"324","Gas",78505,NA
"112","Electric",27149,2
"326","Gas",2376,1
"970","Gas",10830,3
"931","Gas",3950,1
"400","Gas",229849,2
"325","Gas",2340,1
"013","Gas",2064,1
"111","Gas",4583,3
"111","Gas",5643,3
"970","Gas",54354,5
"013","Gas",2752,1
"111","Gas",3456,2
"330","Gas",2436,1
"013","Gas",1614,1.5
"111","Gas",5346,3
"111","Gas",4356,2
"341","Gas",2424,1
"323","Gas",80627,4
"960","Gas",4962,1
"340","Gas",440,1
"013","Gas",2880,1
"340","Gas",710,NA
"013","Gas",1562,2
"325","Gas",1163,1
"112","Gas",8988,3
"400","Gas",4080,1
"958","Gas",2676,1
"326","Gas",1797,1
"332","Gas",4472,1
"325","Gas",4240,1
"111","Gas",3927,3
"330","Gas",30624,1
"400","Gas",15083,1
"400","Gas",9600,2
"111","Gas",8704,2
"013","Gas",4832,2
"960","Gas",4108,1
"111","Gas",8448,2
"112","Gas",12288,2
"325","Gas",6006,1
"325","Gas",3565,1
"111","Gas",5208,3
"111","Gas",4172,2
"111","Gas",4944,3
"013","Gas",12156,4
"111","Gas",4070,2
"112","Gas",16896,3
"325","Gas",1224,1
"326","Gas",1518,1
"325","Gas",1152,1
"400","Gas",13186,1
"111","Gas",10128,4
"111","Gas",5472,3
"111","Gas",6960,4
"112","Gas",9672,4
"111","Gas",5301,3
"111","Gas",3822,3
"112","Electric",9204,NA
"325","Gas",4752,2
"111","Gas",1986,1
"322","Gas",14342,1
"323","Gas",54408,1
"112","Electric",12323,2
"111","Gas",3744,3
"330","Gas",10736,2
"400","Gas",45793,1
"316","Gas",1550,1
"960","Gas",3582,1
"325","Gas",4240,1
"931","Gas",960,1
"332","Gas",5115,1
"330","Gas",289,1
"325","Gas",2884,1
"316","Gas",7343,1
"353","Gas",11032,2
"400","Gas",14924,2
"341","Gas",1725,1
"013","Gas",4444,2
"111","Electric",3564,2
"325","Gas",648,1
"111","Gas",4188,3
"342","Gas",2604,1
"325","Gas",8570,1
"316","Gas",1200,1
"111","Gas",2936,2
"111","Gas",7554,3
"326","Gas",6001,1
"325","Gas",13405,2
"985","Gas",16400,2
"325","Gas",3118,1
"112","Gas",13911,3
"111","Gas",6960,3
"400","Gas",45266,1
"316","Gas",16098,1
"325","Gas",3032,1
"111","Gas",5445,3
"929","Gas",3320,NA
"401","Gas",13000,1
"316","Gas",572,1
"013","Gas",4080,2
"111","Gas",2084,2
"112","Gas",19542,3
"111","Gas",5472,3
"960","Gas",8944,NA
"325","Gas",2700,1
"316","Gas",768,1
"422","Gas",1680,1
"332","Gas",3536,1
"111","Gas",3338,2
"111","Gas",5088,3
"954","Gas",36790,1
"323","Gas",1693,1
"332","Gas",3152,1
"111","Gas",6960,4
"960","Gas",600,1
"111","Gas",5775,3
"934","Gas",171241,2
"970","Gas",7220,3
"970","Gas",10830,3
"112","Gas",23940,2
"342","Gas",1200,1
"322","Gas",20522,2
"334","Gas",552,1
"960","Gas",14691,1
"111","Gas",5684,2
"326","Gas",2547,1
"111","Gas",2767,1.5
"013","Gas",10184,4
"111","Gas",3480,2
"340","Gas",1120,1
"111","Gas",5124,3
"111","Gas",2760,2
"325","Gas",1260,1
"111","Gas",1834,2
"013","Gas",4800,2
"322","Gas",4716,1
"332","Gas",1800,NA
"111","Gas",4935,3
"325","Gas",3276,1
"341","Gas",2448,1
"960","Gas",6106,1
"111","Gas",2092,2
"111","Gas",1737,2
"401","Gas",20838,1
"957","Gas",30456,3
"111","Gas",6886,2
"335","Gas",2268,1
"400","Gas",7117,2
"326","Gas",5425,1
"112","Electric",7090,2
"111","Gas",8448,2
"400","Gas",7916,1
"934","Gas",80393,2
"325","Gas",496,1
"013","Gas",11112,4
"112","Gas",7056,3
"111","Gas",8448,2
"111","Gas",8448,2
"323","Gas",123776,1
"400","Gas",6846,1
"111","Gas",8448,2
"334","Gas",2140,1
"954","Gas",3640,1
"334","Gas",2524,1
"316","Gas",10800,1
"325","Gas",1600,1
"330","Gas",4880,1
"112","Gas",40600,2
"326","Gas",2924,1
"332","Gas",1921,1
"325","Gas",1800,1
"013","Gas",2464,1
"934","Gas",40256,2
"326","Gas",1230,1
"111","Gas",5316,3
"955","Gas",2544,1
"960","Gas",9902,1
NA,NA,NA,NA
NA,NA,NA,NA
"325","Gas",3064,1
"112","Gas",12288,2
"111","Gas",7617,3
"013","Gas",7528,3
"325","Gas",1680,1
"316","Gas",4800,1
"953","Gas",600,1
"111","Gas",3434,2
"111","Gas",5684,2
"111","Gas",2542,2
"112","Electric",27149,2
"970","Gas",10578,2
"340","Gas",1845,1.5
"111","Gas",8448,2
"340","Gas",1032,1
"316","Gas",23452,1
"401","Gas",19325,2
"140","Gas",4645,1
"334","Gas",1680,1
"931","Gas",39280,1
"332","Gas",2195,1
"400","Gas",8100,1
NA,NA,NA,NA
NA,NA,NA,NA
"326","Gas",1714,1
"325","Gas",3321,1
"013","Gas",5096,2
"960","Gas",2648,1
"111","Gas",1176,1.75
"111","Gas",7800,2
"111","Gas",5544,3
"326","Gas",3379,1
"112","Gas",12810,2
"401","Gas",5886,1
"013","Gas",696,1
"931","Gas",47908,NA
"970","Gas",4096,1
"112","Gas",10802,3
"013","Gas",2260,NA
"111","Gas",2734,2
"316","Gas",3459,1
"111","Gas",3300,2
"013","Gas",4763,3
"112","Gas",17987,4
"353","Gas",1920,1
"401","Gas",3760,2
"111","Gas",3584,2
"111","Gas",6216,2
"332","Gas",2799,1
"111","Gas",3324,2.5
"013","Gas",2199,1
"325","Gas",7360,1
"340","Gas",3168,1
"340","Gas",2160,NA
"377","Gas",1464,1
"111","Gas",6264,3
"111","Gas",6288,3
"401","Gas",4920,1
"332","Gas",2446,1
"332","Gas",2338,1
"334","Gas",2235,1
"013","Gas",4601,2
"112","Gas",13018,2
"112","Gas",16783,2
"111","Gas",2080,2
"013","Gas",6758,2
"954","Gas",5242,1
"111","Gas",2723,2
"112","Gas",10228,3
"013","Gas",3221,2
"111","Gas",3472,3
"013","Gas",8640,3
"111","Gas",2779,2
"013","Gas",5290,2
"111","Gas",5814,3
"013","Gas",4639,2
"326","Gas",4687,1
"931","Gas",3656,1
"326","Gas",1917,1
"013","Gas",6780,3
"013","Gas",3680,2
"340","Gas",10800,1
"111","Gas",9072,3
"962","Gas",4236,1
"111","Gas",3680,2
"111","Gas",4145,2.5
"013","Gas",8546,2
"112","Gas",4207,3
"957","Gas",17424,1
"400","Gas",11600,1
"400","Gas",10800,1
"316","Gas",39824,1
"314","Gas",16180,1
"959","Gas",49347,1
"402","Gas",15300,1
"401","Gas",217640,1
"400","Gas",320639,2
"401","Gas",190638,1
"400","Gas",82182,1
"400","Gas",54624,1
"140","Gas",3607,1
"013","Gas",625,1
"332","Gas",2800,1
NA,NA,NA,NA
NA,NA,NA,NA
"111","Gas",7044,3
"111","Gas",5298,3
"111","Gas",5298,3
"325","Gas",2200,1
"934","Gas",14056,2
"111","Gas",4697,2
"111","Gas",9620,4
"111","Gas",6108,3
"325","Gas",5012,1
"111","Gas",2832,2
"111","Gas",5994,3
"111","Gas",3276,2
"325","Gas",2880,1
"401","Gas",1190,2
"400","Gas",9205,2
"112","Gas",10752,2
"325","Gas",2160,1
"111","Gas",4192,2
"111","Gas",3707,2.75
"013","Electric",2520,2
"111","Gas",5626,2
"013","Gas",800,1
"323","Gas",19732,1
"340","Gas",2513,1
NA,NA,NA,NA
NA,NA,NA,NA
"111","Gas",6378,3
"112","Electric",13824,2
"314","Gas",4000,1
"400","Gas",13908,1
"401","Gas",15946,2
"400","Gas",4000,1
"332","Gas",832,1
"954","Gas",15228,2
"937","Gas",12894,1
"353","Gas",4996,NA
"340","Gas",2200,1
"401","Gas",4716,1
"325","Gas",2714,1
"325","Gas",5846,1
"931","Gas",480,1
"400","Gas",2964,1
"325","Gas",5847,1
"331","Gas",4400,1
"111","Gas",6960,3
"013","Gas",3756,1
"325","Gas",1503,1
"112","Gas",17760,2
"400","Gas",30000,1
NA,NA,NA,NA
NA,NA,NA,NA
"332","Gas",1288,1
"340","Gas",75548,2
"330","Gas",336,1
"430","Gas",1728,1
"013","Gas",15873,1
"325","Gas",3018,1
"111","Gas",2646,2
"322","Gas",2280,NA
"322","Gas",6600,1
NA,NA,NA,NA
NA,NA,NA,NA
"112","Gas",41510,2
"935","Gas",5100,1
"334","Gas",1595,1
"433","Gas",3240,1
"400","Gas",4371,1
"316","Gas",2400,1
"400","Gas",67396,2
"316","Gas",2835,1
"325","Gas",1029,1
"112","Gas",7224,3
"013","Gas",7131,3
"340","Gas",1680,1
"342","Gas",76531,2
"323","Gas",223390,1
"326","Gas",1750,1
"326","Gas",7299,1
"111","Gas",2240,2
"325","Gas",2512,1
"112","Gas",9376,2
"334","Gas",1728,1
"341","Gas",2526,1
"341","Gas",4500,1
"325","Gas",2275,1
"330","Gas",12782,1
"318","Gas",7410,1
"013","Gas",2484,2
"316","Gas",8070,2
"035","Gas",3360,1
"934","Gas",307490,4
"954","Gas",4287,NA
"332","Gas",2316,1
"325","Gas",9916,2
"338","Gas",6000,1
"332","Gas",1131,1
"400","Gas",17230,1
"400","Gas",4000,1
"400","Gas",3360,2
"111","Gas",4416,1
"400","Gas",1472,NA
"316","Gas",3120,1
"325","Gas",7086,1
"430","Gas",2546,1
"332","Gas",2700,1
"332","Gas",2957,1
"325","Gas",1800,1
"013","Gas",9012,3
"959","Gas",32316,3
"111","Gas",1508,1
"111","Gas",2219,2
"112","Gas",22768,2
"111","Gas",5808,3
"401","Gas",2607,1
"400","Gas",6064,1
"013","Gas",3666,3
"013","Gas",8377,3
"342","Gas",11568,1
"322","Gas",29396,1
"931","Gas",1296,NA
"111","Gas",8144,4
"111","Gas",6108,3
"111","Gas",5301,3
"400","Gas",16130,2
"316","Gas",2800,1
"111","Gas",5229,3
"111","Gas",5016,3
"326","Gas",1792,1
"332","Gas",2000,1
"111","Gas",2916,2
"111","Gas",7062,3
"332","Gas",3760,1
"321","Gas",4500,1
"401","Gas",45334,3
"111","Gas",2944,2
"934","Gas",36665,2
"342","Gas",2045,1
"013","Gas",4548,1
"301","Gas",4180,NA
"325","Gas",3327,2
"112","Gas",3456,2
"960","Gas",14372,2
"960","Gas",3160,1
"111","Gas",2288,2
"013","Gas",2054,2
"923","Gas",1964,1
"332","Gas",2900,1
"332","Gas",1496,1
"112","Gas",9139,2
"340","Gas",7000,2
"111","Gas",8704,2
"970","Gas",58792,4
"400","Gas",3260,1
"332","Gas",1860,1
"400","Gas",7771,2
"111","Gas",8448,2
"111","Gas",8448,2
"112","Gas",88384,4
"341","Gas",2240,1
"325","Gas",2688,1
NA,NA,NA,NA
NA,NA,NA,NA
"325","Gas",6200,1
"440",NA,NA,NA
"440",NA,NA,NA
"440",NA,NA,NA
"390",NA,NA,NA
"936",NA,NA,NA
"390",NA,NA,NA
"922",NA,NA,NA
"955",NA,NA,NA
"930",NA,NA,NA
"401",NA,NA,NA
"390",NA,NA,NA
"337",NA,NA,NA
"922",NA,NA,NA
"390",NA,NA,NA
"390",NA,NA,NA
"104","Oil",2154,2
"912",NA,NA,NA
"101","Oil",1068,1
"930",NA,NA,NA
"132",NA,NA,NA
"132",NA,NA,NA
"104","Oil",2618,2
"105","Oil",2399,2
"105","Gas",2598,2
"104","Gas",1748,2
"104","Oil",2416,2
"132",NA,NA,NA
"391",NA,NA,NA
"101","Oil",2243,2
"104","Gas",2834,2
"109","Gas",1984,2
"101","Oil",1241,1.5
"104","Oil",2496,2
"101","Gas",1238,1.5
"104","Oil",2252,2
"104","Gas",2288,2
"104","Oil",2418,2
"105","Oil",3079,2.5
"101","Oil",1976,2
"101","Oil",1109,1.5
"104","Oil",2288,2
"101","Gas",1442,1.5
"105","Oil",2633,2
"104","Oil",2795,2
"101","Gas",1280,1.5
"101","Oil",1566,1.5
"104","Gas",2288,2
"104","Gas",2376,2
"106",NA,NA,NA
"101","Oil",1522,2
"104","Gas",2340,2
"101","Gas",1247,1.5
"101","Gas",1328,1.5
"101","Gas",1288,2
"101","Gas",1540,2
"101","Gas",1352,2
"101","Oil",1497,1.5
"101","Gas",1696,2
"101","Oil",1344,2
"101","Oil",1310,2
"101","Gas",1008,1
"101","Gas",1464,2
"101","Gas",1248,2
"101","Oil",1229,1.5
"101","Gas",1367,1
"101","Oil",1346,1.5
"101","Gas",1296,2
"101","Gas",1519,1.5
"101","Gas",1320,1.5
"101","Oil",1256,1.5
"101","Gas",1427,2
"101","Gas",875,1
"101","Oil",1302,1.5
"101","Gas",1950,1.5
"101","Gas",1285,1.5
"132",NA,NA,NA
"101","Oil",1234,1.5
"104","Oil",2136,2
"101","Oil",1321,1.5
"101","Oil",1523,1.5
"101","Electric",1456,2
"106",NA,NA,NA
"101","Oil",1201,1.5
"101","Gas",1350,1.5
"101","Oil",1476,2
"101","Oil",1626,2
"101","Gas",1440,2
"101","Gas",1528,2
"101","Gas",1525,2
"106",NA,NA,NA
"101","Oil",1456,2
"101","Oil",1398,2
"101","Oil",1315,1.5
"101","Oil",960,1
"101","Oil",1528,2
"440",NA,NA,NA
"101","Oil",1610,2
"101","Oil",1268,2
"132",NA,NA,NA
"101","Oil",958,1
"337",NA,0,NA
"132",NA,NA,NA
"101","Gas",1312,1.5
"101","Gas",1551,2
"132",NA,NA,NA
"101","Gas",1008,1
"101","Gas",1508,2
"101","Gas",1120,1
"101","Oil",1637,1.5
"105","Oil",2718,2
"101","Gas",1028,1
"101","Electric",1199,2
"101","Gas",1254,2
"104","Oil",2216,2
"101","Oil",1144,2
"441",NA,NA,NA
"104","Oil",2204,2
"101","Gas",1228,1
"101","Gas",1693,1.5
"101","Gas",1155,1.5
"101","Oil",891,1
"104","Electric",1289,1.5
"101","Gas",737,1
"101","Gas",1155,1.5
"101","Oil",1052,1.5
"101","Oil",1403,1.5
"101","Oil",1000,1
"101","Gas",1248,2
"962",NA,0,NA
"101","Gas",1280,2
"101","Gas",1762,2
"101","Gas",1752,2
"101","Gas",1580,2
"101","Oil",1745,1
"101","Gas",864,1
"104","Gas",2016,2
"104","Oil",2288,2
"440",NA,NA,NA
"105","Oil",2994,2
"101","Oil",1399,1.5
"105","Oil",3048,2
"105","Gas",2516,2
"101","Gas",1120,1.5
"104","Oil",2000,2
"101","Gas",1170,1
"101","Oil",1084,1.5
NA,NA,NA,NA
NA,NA,NA,NA
"101","Oil",1230,1.5
"104","Gas",2928,2
"101","Gas",2236,2
"104","Gas",1275,1
"104","Gas",2796,2
"101","Gas",1188,2
"104","Gas",1852,2
"101","Oil",1886,2
"104","Oil",2191,2
"101","Oil",1194,2
"101","Oil",1160,2
"101","Oil",1290,1.5
"132",NA,NA,NA
"105","Oil",2547,2
"104","Oil",2620,2
"104","Gas",2224,2
"101","Oil",1045,1
"101","Oil",1683,1.5
"101","Gas",1104,1
"101","Gas",1307,1.5
"105","Oil",2457,2
"101","Gas",1385,2
"105","Oil",2556,2
"104","Gas",2021,2
"101","Oil",1265,1
"104","Oil",2536,2
"104","Oil",2258,2
"101","Gas",1556,2
"101","Gas",1024,1
"013","Gas",2856,2
"104","Gas",2291,1
"104","Gas",2341,2
"105","Oil",3229,2.5
"104","Oil",2314,2
"105","Oil",2628,2
"101","Gas",990,1.5
"104","Gas",2224,2
"101","Electric",1596,1
"101","Electric",1097,1
"132",NA,NA,NA
"101","Gas",1455,1
"105","Gas",3822,3
"105","Oil",2515,2.5
"104","Oil",2622,2
"104","Oil",2304,2
"101","Oil",944,1.5
"101","Oil",1696,1
"101","Gas",1335,1.5
"962",NA,0,NA
"104","Oil",2364,2
"105","Gas",2617,2
"104","Oil",2224,2
"101","Oil",1039,1
"101","Gas",1200,1
"101","Electric",2074,2
"104","Oil",2224,2
"104","Gas",2146,2
"101","Gas",1200,1
"101","Oil",1191,1
"101","Gas",1484,1
"101","Gas",1790,1
"101","Electric",1196,1
"132",NA,NA,NA
"132",NA,NA,NA
"101","Gas",1660,1.5
"105","Gas",2717,2
"101","Electric",1056,1
"104","Oil",2088,2
"101","Gas",1808,2
"101","Oil",1683,2
"101","Gas",1448,2
"101","Oil",1095,1
"111","Typical",2284,2
"101","Oil",1113,1
"104","Gas",2308,2
"101","Electric",2388,2
"101","Oil",1498,1
"104","Oil",1968,2
"101","Oil",1310,1.5
"104","Oil",2376,2
"104","Oil",2224,2
"104","Oil",2510,2
"101","Oil",1736,2
"101","Oil",1720,2
"101","Gas",1095,1.5
"101","Oil",2031,2
"132",NA,NA,NA
"101","Oil",1927,2
"132",NA,NA,NA
"132",NA,NA,NA
"101","Oil",1267,1.5
"106",NA,NA,NA
"101","Oil",1092,1
"101","Gas",1201,1.5
"101","Oil",1300,1
"101","Gas",1622,2
"101","Gas",746,1
"101","Gas",1109,1.5
"101","Gas",1709,1.5
"101","Oil",1806,2
"101","Gas",1496,1.5
"101","Gas",1141,1.5
"101","Gas",1540,2
"101","Oil",1133,1
"105","Oil",2387,2
"101","Oil",1623,2
"101","Gas",1565,2
"101","Gas",1404,1.5
"101","Gas",988,1
"101","Oil",1544,1.5
"101","Oil",2148,1.5
"101","Gas",1449,2
"101","Gas",1428,2
"104","Oil",1199,1
"105","Oil",3100,2.5
"101","Oil",1290,2
"104","Oil",2510,2
"101","Gas",1350,2
"132",NA,NA,NA
"101","Gas",3066,1.5
"101","Oil",1409,1.5
"101","Oil",1400,2
"101","Gas",1482,2
"132",NA,NA,NA
"101","Gas",1494,1.5
"105","Gas",3727,2.5
"104","Oil",1628,2
"101","Gas",1728,2
"105","Gas",3222,2.5
"101","Gas",1634,1.5
"101","Oil",1456,2
"104","Oil",2524,2
"101","Gas",1887,2
"104","Oil",2496,2
"104","Gas",2348,2
"101","Oil",980,1
"104","Oil",2496,2
"101","Electric",1008,1
"104","Gas",2314,2
"101","Gas",1248,2
"101","Gas",1109,1.5
"101","Oil",1424,1
"101","Oil",990,1
"104","Oil",2926,2
"101","Oil",1124,1
"101","Oil",1632,2
"101","Gas",2223,2
"101","Gas",1712,2
"104","Gas",2188,2
"101","Oil",1830,1
"101","Gas",2299,1.5
"101","Oil",996,1
"101","Oil",924,1
"101","Oil",1947,2
"101","Gas",1866,2
"104","Oil",2080,2
"104","Electric",2017,2
"106",NA,0,NA
"101","Oil",1080,1
"101","Gas",1686,1
"101","Gas",2384,1
"101","Gas",1075,2
"101","Gas",1218,1
"101","Gas",1709,2
"101","Gas",1371,1.5
"101","Gas",2560,2
"930",NA,NA,NA
"101","Gas",2890,1.5
"101","Oil",768,1
"955",NA,NA,NA
"101","Oil",1198,1
"101","Gas",1302,1.5
"101","Gas",1289,1.5
"101","Oil",1331,2
"101","Gas",1478,2
"101","Oil",1694,1.5
"101","Gas",1924,2
"101","Gas",1636,2
"101","Oil",1356,2
"101","Oil",1315,1
"101","Gas",1120,1
"101","Electric",960,1
"440",NA,NA,NA
"101","Gas",1157,1.5
"101","Gas",1068,1.5
"101","Oil",1609,2
"101","Gas",936,1
"101","Oil",1080,1
"101","Gas",1175,1
"392",NA,NA,NA
"936",NA,NA,NA
"101","Oil",1420,2
"101","Gas",1436,2
"101","Oil",1953,1
"101","Gas",1004,1
"101","Gas",1794,1.5
"101","Gas",1208,2
"101","Oil",1594,1
"132",NA,NA,NA
"101","Gas",1257,1
"104","Oil",3047,2
"104","Gas",2988,2
"101","Oil",1864,1.5
"101","Gas",1139,1
"101","Oil",2280,2
"101","Oil",956,1
"104","Oil",2617,2
"104","Gas",2441,2
"104","Oil",2192,2
"930",NA,NA,NA
"101","Gas",1176,1
"111","Typical",5634,3
"101","Gas",1512,2
"105","Oil",3364,3
"101","Oil",990,1.5
"101","Oil",1411,1.5
"132",NA,NA,NA
"104","Electric",2259,2
"104","Oil",2232,2
"101","Gas",1512,1.5
"101","Gas",1412,2
"101","Gas",1476,2
"101","Oil",1523,2
"101","Oil",1303,2
"101","Oil",1462,2
"101","Oil",1218,1
"101","Gas",2093,1
"104","Gas",1960,2
"104","Coal or Wood",2274,2
"104","Oil",2187,2
"101","Gas",1674,2
"101","Gas",1820,1
"101","Oil",960,1
"101","Oil",2174,2
"101","Oil",1000,1
"101","Oil",1292,1
"101","Oil",2008,1.5
"104","Oil",2637,2
"101","Oil",916,1.5
"101","Gas",1070,1
"132",NA,NA,NA
"101","Gas",1916,1.5
"132",NA,NA,NA
"101","Oil",1106,1
"101","Oil",1820,2
"101","Electric",954,1
"101","Gas",642,1
"101","Oil",1481,1
"101","Oil",1855,1
"101","Gas",1876,2
"101","Oil",1436,1.5
"104","Oil",2551,2
"101","Oil",1271,2
"936",NA,NA,NA
"132",NA,NA,NA
"101","Gas",748,1
"101","Gas",1692,1
"104","Gas",2110,2
"101","Oil",2517,2
"101","Gas",1014,1
"101","Oil",1720,2
"130",NA,NA,NA
"105","Gas",2655,2
"101","Gas",1070,1
"101","Oil",900,1
"104","Oil",2736,2
"101","Oil",833,1
"132",NA,NA,NA
"101","Gas",1839,1
"101","Gas",1248,1
"104","Gas",2426,2
"101","Oil",960,1
"132",NA,NA,NA
"101","Gas",1875,2
"101","Oil",1344,1.5
"105","Gas",3087,2
"101","Oil",1254,1.5
"101","Oil",1402,2
"104","Oil",2292,2
"101","Gas",1575,1.5
"101","Oil",1138,1
"101","Oil",2008,2
"101","Oil",1030,1.5
"132",NA,NA,NA
"132",NA,NA,NA
"104","Oil",2688,2
"104","Gas",2688,2
"101","Gas",936,1
"109","Gas",2418,2
"959","Gas",1795,1
"101","Gas",1562,1.5
"101","Oil",1641,1
"101","Gas",2313,2
"101","Oil",1562,1.5
"104","Oil",2421,2
"105","Gas",3834,3
"104","Oil",1417,2
"104","Oil",2315,2
"104","Oil",2174,2
"101","Electric",1098,1.5
"101","Electric",1284,1
"101","Oil",864,1
"101","Oil",1428,2
"101","Gas",624,1
"101","Gas",1084,1
"101","Oil",1872,1
"101","Oil",2022,2
"101","Oil",1482,1.5
"101","Gas",1944,1
"101","Gas",936,1
"101","Gas",816,1
"101","Electric",1456,2
"101","Gas",2029,1
"105","Oil",3111,2.5
"101","Gas",1022,1.5
"132",NA,NA,NA
"104","Oil",2052,2
"101","Gas",1172,1
"101","Gas",824,1
"105","Gas",3213,2
"104","Oil",1649,2
"101","Oil",1086,1
"101","Oil",1528,1
"101","Oil",1516,2
"105","Gas",3349,2.5
"101","Oil",1444,1
"101","Oil",1489,1
"132",NA,NA,NA
"104","Oil",2418,2
"101","Oil",1600,1
"101","Oil",900,1
"104","Oil",2551,2
"101","Gas",1055,1
"132",NA,NA,NA
"101","Oil",1357,2
"101","Gas",999,1
"101","Gas",836,1
"101","Oil",1694,1
"101","Oil",1400,1
"111","Typical",4288,NA
"132",NA,NA,NA
"101","Oil",974,1
"104","Gas",2626,2
"101","Oil",1544,1.5
"101","Gas",1044,1.5
"132",NA,NA,NA
"013","Typical",944,1.5
"104","Gas",1944,2
"104","Gas",2498,2
"101","Oil",1339,1
"101","Oil",1354,1
"105","Oil",3542,3
"105","Gas",3458,3
"101","Oil",953,1
"101","Oil",960,1
"101","Gas",1436,2
"101","Oil",1472,2
"111","Gas",4800,3
"101","Electric",1806,1
"101","Oil",960,1
"101","Electric",1416,1
"101","Electric",1104,1
"101","Oil",1192,1
"101","Oil",845,1
"101","Gas",1153,1
"132",NA,NA,NA
"101","Oil",870,1
"101","Gas",1080,1
"101","Gas",841,1
"101","Oil",1512,2
"104","Gas",2016,2
"101","Oil",876,1
"101","Oil",1252,1
"101","Oil",1196,1
"101","Electric",975,1
"105","Oil",2216,2
"104","Gas",1308,1
"101","Oil",1120,1
"101","Electric",1492,1
"132",NA,NA,NA
"101","Electric",1296,1
"101","Electric",1296,1
"105","Oil",2837,2
"101","Oil",1142,1
"101","Oil",1306,1
"101","Oil",1954,1.5
"101","Oil",840,1
"104","Oil",2804,2
"104","Oil",2288,2
"101","Oil",1772,1
"101","Gas",1210,1
"101","Oil",912,1
"101","Oil",1165,1
"101","Oil",1798,2
"104","Oil",2624,2
"930",NA,NA,NA
"101","Oil",1442,1
"101","Oil",966,1
"013","Typical",832,2.5
"101","Oil",720,1
"104","Oil",2916,2
"101","Oil",1136,1
"132",NA,NA,NA
"104","Electric",3290,2
"101","Oil",1860,2
"101","Gas",1850,2
"104","Gas",3443,2
"101","Oil",871,1
"101","Gas",1328,1
"101","Oil",1566,2
"101","Oil",1070,1
"101","Oil",1409,1.5
"132",NA,NA,NA
"101","Oil",1664,1
"132",NA,NA,NA
"101","Oil",1286,1.5
"101","Oil",1629,1.5
"101","Gas",1344,2
"132",NA,NA,NA
"101","Electric",1068,1
"101","Oil",960,1
"101","Gas",1119,1
"101","Gas",1008,1
"132",NA,NA,NA
"132",NA,NA,NA
"101","Oil",1113,1
"101","Gas",1924,2
"101","Electric",1294,1
"104","Oil",2374,2
"101","Gas",1449,1
"101","Oil",1333,1
"101","Oil",1822,1
"130",NA,NA,NA
"132",NA,NA,NA
"132",NA,NA,NA
"132",NA,NA,NA
"132",NA,NA,NA
"101","Oil",1190,1
"101","Oil",1032,1
"101","Oil",2026,2
"104","Oil",2320,2
"101","Oil",992,1
"101","Gas",2224,1.5
"390",NA,NA,NA
"101","Gas",1308,1
"101","Oil",2066,2
"101","Gas",1426,1
"101","Gas",2802,2
"104","Oil",1680,2
"101","Oil",2202,1
"101","Oil",2096,1
"104","Gas",1856,2
"101","Oil",980,1
"101","Gas",1035,1
"101","Oil",780,1
"101","Gas",2362,1
"101","Gas",1427,1
"101","Oil",960,1
"101","Oil",1149,1.5
"101","Oil",1464,2
"104","Oil",2368,2
"101","Gas",1056,1
"101","Oil",1040,1
"132",NA,NA,NA
"101","Oil",1316,2
"104","Oil",1836,2
"013","Gas",1080,1
"101","Gas",1484,2
"101","Oil",1228,1.5
"937","Gas",826,1
"132",NA,NA,NA
"101","Oil",1584,1
"104","Oil",2828,2
"132",NA,NA,NA
"132",NA,NA,NA
"101","Gas",2039,1.5
"101","Gas",1780,1
"101","Oil",1232,1
"101","Electric",1230,1.5
"105","Oil",3053,2
"104","Gas",2360,2
"101","Oil",1000,1
"130",NA,NA,NA
"104","Gas",3528,2
"101","Oil",1267,1.5
"101","Oil",1139,1.5
"101","Oil",1232,1
"101","Oil",1197,1
"101","Gas",2070,2
"132",NA,NA,NA
"104","Electric",1744,2
"101","Gas",1514,2
"104","Gas",1934,2
"101","Oil",1430,1
"101","Oil",1188,1.5
"101","Oil",1872,2
"101","Oil",1408,1.5
"101","Gas",1450,2
"111","Typical",4374,NA
"105","Gas",2822,2
"101","Gas",1840,2
"101","Oil",1068,1
"101","Oil",1300,1
"101","Oil",1328,2
"104","Electric",1886,2
"101","Gas",2829,3
"101","Oil",1636,2
"101","Oil",1452,1
"101","Gas",1004,1
"101","Gas",2724,3
"104","Gas",2035,2
"132",NA,NA,NA
"101","Gas",1060,1
"101","Gas",1248,2
"101","Gas",1014,1
"105","Electric",2584,2
"104","Oil",2512,2
"101","Electric",960,1
"101","Oil",960,1
"104","Electric",3116,2
"101","Gas",1520,2
"101","Oil",1102,1
"111","Typical",4872,3
"101","Gas",1641,2
"105","Oil",2950,2
"105","Gas",3246,2
"104","Oil",2538,2
"101","Oil",864,1
"101","Electric",1131,1
"132",NA,NA,NA
"104","Gas",1946,2
"101","Oil",1574,1
"101","Oil",1226,1
"101","Gas",1352,2
"101","Gas",1302,1
"105","Oil",4934,2
"101","Oil",1456,1
"101","Gas",1864,1
"101","Oil",1582,1.5
"101","Oil",1316,1
"104","Gas",2713,2
"101","Gas",1461,1.5
"101","Oil",1327,1.5
"337",NA,NA,NA
"105","Oil",2656,2
"105","Oil",3750,3
"111","Typical",4479,3
"101","Oil",1770,2
"104","Oil",2792,2
"101","Oil",2522,2
"101","Oil",2534,2
"101","Oil",2156,2
"973",NA,NA,NA
"101","Oil",1012,1
"101","Oil",1720,1
"101","Oil",1980,1
"132",NA,NA,NA
"101","Gas",2076,2
"101","Gas",870,1
"105","Gas",2912,2
"942","Oil",1616,2
"101","Gas",598,1
"101","Gas",1189,1
"101","Oil",3186,2
"101","Oil",2103,2
"101","Oil",1712,1
"101","Gas",1152,1
"101","Oil",1134,1
"101","Oil",1719,1.5
"101","Oil",1064,1
"101","Oil",1485,1.5
"101","Electric",1452,1
"101","Oil",1920,1
"101","Oil",1250,1.5
"101","Gas",1798,1.5
"101","Oil",1032,1
"101","Oil",1208,1
"104","Gas",2548,2
"101","Oil",1188,1.5
"101","Oil",1290,1
"101","Oil",2297,1
"930",NA,NA,NA
"101","Oil",1412,2
"101","Oil",1140,1
"101","Oil",1023,1
"101","Gas",779,1
"101","Oil",1472,1
"101","Oil",1309,2
"101","Oil",1055,1
"104","Gas",2945,2
"104","Gas",2516,2
"101","Oil",1526,1
"101","Oil",1068,1
"101","Oil",1306,2
"105","Gas",2715,2
"101","Oil",1344,1
"101","Oil",813,1
"104","Oil",2691,2
"104","Oil",1832,2
"953",NA,NA,NA
"101","Oil",1456,1
"111","Gas",5373,3
"132",NA,NA,NA
"101","Oil",1248,1
"104","Gas",2254,2
"101","Gas",2876,2
"104","Oil",2135,2
"101","Oil",1184,1
"101","Oil",2945,2
"101","Gas",1140,1
"101","Oil",1444,1
"101","Gas",1424,1
"101","Oil",1012,1
"101","Gas",1961,2
"132",NA,NA,NA
"132",NA,NA,NA
"106",NA,NA,NA
"101","Oil",1072,1
"101","Oil",864,1
"105","Electric",2590,2
"101","Gas",1679,2
"104","Gas",2234,2
"101","Gas",1358,2
"104","Oil",2384,2
"104","Oil",3141,2
"101","Oil",1044,1
"101","Oil",1044,1
"936",NA,NA,NA
"132",NA,NA,NA
"101","Oil",1118,1
"101","Gas",1644,1
"109","Oil",2384,2
"101","Oil",900,1
"101","Oil",1192,1
"101","Gas",1740,2
"101","Oil",1872,1
"101","Oil",1435,1
"101","Oil",2241,1.5
"101","Oil",1338,1
"101","Oil",1576,1
"930",NA,NA,NA
"101","Gas",1564,1
"101","Oil",1456,1
"101","Gas",1465,1.5
"101","Oil",1288,1
"101","Oil",1176,1
"101","Electric",1216,1
"101","Oil",960,1
"101","Oil",1795,1
"101","Oil",1668,1
"101","Oil",1831,1.5
"132",NA,NA,NA
"101","Gas",1244,2
"101","Oil",912,1
"101","Oil",960,1
"101","Oil",1288,1
"101","Oil",1110,1
"104","Oil",2932,2
"101","Oil",1096,1
"104","Gas",1451,1.5
"101","Gas",966,1
"109","Electric",1167,1
"132",NA,NA,NA
"101","Electric",1840,2
"104","Gas",2496,2
"101","Oil",3430,1.5
"101","Oil",1064,1
"101","Gas",1040,1
"101","Oil",983,1
"101","Oil",1314,1
"101","Oil",1375,1
"101","Electric",1426,1.5
"101","Gas",1050,1
"132",NA,NA,NA
"101","Oil",1396,1
"101","Gas",1128,2
"101","Oil",928,1
"101","Gas",1495,1.5
"101","Oil",1024,1
"105","Gas",2601,2
"101","Gas",660,1
"101","Oil",1504,1
"101","Oil",2057,1.5
"132",NA,NA,NA
"101","Gas",1152,2
"101","Oil",1304,1.5
"132",NA,NA,NA
"104","Gas",2352,1
"101","Oil",2598,2
"132",NA,NA,NA
"132",NA,NA,NA
"101","Oil",1248,1
"101","Gas",1116,1
"101","Gas",1115,1.5
"101","Gas",1848,1.5
"101","Oil",1098,1
"101","Oil",1199,1
"101","Oil",1278,1
"101","Gas",1798,1.5
"101","Gas",1571,1.5
"101","Gas",1761,1
"101","Gas",1274,1
"101","Oil",1110,1
"101","Oil",1573,1.5
"101","Oil",1391,1.5
"101","Oil",1028,1
"101","Gas",1542,1
"104","Oil",2908,2
"101","Gas",1265,1
"101","Gas",1228,1.5
"101","Gas",1089,1
"101","Oil",1431,2
"101","Gas",1968,2
"101","Gas",1558,1
"131",NA,NA,NA
"101","Gas",2417,2
"101","Gas",768,1
"101","Gas",1196,1
"104","Gas",1922,2
"101","Gas",816,1
"101","Oil",1228,1.5
"101","Gas",2081,1.75
"101","Gas",1196,2
"101","Oil",1029,1
"104","Oil",1664,2
"101","Oil",958,1
"101","Gas",1018,1
"101","Oil",1596,2
"104","Gas",2030,2
"104","Gas",1728,2
"101","Oil",1155,2
"105","Oil",2720,2
"101","Gas",1004,1
"105","Oil",3144,3
"101","Electric",1569,1
"101","Oil",1654,2
"101","Oil",1462,1
"101","Oil",1120,1
"104","Oil",2374,2
"104","Oil",2538,2
"104","Gas",2152,2
"132",NA,0,NA
"101","Oil",594,1
"132",NA,NA,NA
"101","Electric",1551,1
"101","Oil",1272,1
"101","Oil",1185,1
"101","Gas",1144,1
"101","Gas",996,1
"101","Oil",1774,1.5
"101","Gas",1614,1.5
"101","Oil",1557,2
"132",NA,NA,NA
"132",NA,NA,NA
"101","Gas",1176,1
"101","Gas",1184,1
"101","Gas",1504,2
"104","Oil",3455,2
"105","Gas",3291,3
"101","Oil",1466,1
"101","Oil",1401,1
"104","Gas",2432,2
"104","Gas",3076,2
"101","Gas",2354,2
"101","Oil",1085,1
"101","Gas",1871,2
"132",NA,NA,NA
"101","Oil",1720,1
"101","Oil",2102,1
"930",NA,NA,NA
"101","Oil",1110,1
"101","Gas",1388,1
"105","Oil",3116,2
"101","Oil",1952,2
"101","Gas",1220,1
"104","Oil",3105,2
"101","Gas",980,1
"101","Electric",1328,1
"101","Oil",1734,1
"101","Oil",1056,1
"101","Electric",1354,NA
"101","Oil",1194,1.5
"101","Gas",1320,1.5
"101","Oil",1292,1.5
"104","Gas",2390,2
"101","Oil",1008,1
"101","Oil",1104,1
"130",NA,NA,NA
"105","Oil",2804,2
"101","Oil",1807,1
"104","Gas",2459,2
"101","Oil",1632,2
"101","Oil",1468,1
"101","Gas",1751,2
"101","Gas",1743,2
"101","Oil",2729,2
"104","Gas",2328,2
"105","Gas",2475,2
"104","Gas",2402,2
"104","Gas",2416,2
"132",NA,NA,NA
"101","Oil",1884,2
"101","Gas",2112,2
"132",NA,NA,NA
"132",NA,NA,NA
"101","Gas",1008,1
"101","Gas",1963,2
"104","Gas",2538,2
"132",NA,NA,NA
"104","Oil",2020,2
"104","Oil",2550,2
"101","Gas",1931,2
"101","Gas",1984,2
"101","Oil",1456,2
"101","Oil",784,1
"101","Gas",1418,1
"101","Gas",1644,1.5
"101","Electric",960,1
"101","Oil",1516,2
"101","Gas",1060,1
"132",NA,NA,NA
"101","Oil",2280,2
"101","Oil",1172,1
"101","Oil",984,1
"101","Oil",1150,1
"105","Oil",3693,2.5
"101","Gas",1632,2
"101","Oil",1257,1
"101","Oil",1340,1
"104","Gas",2296,2
"930",NA,NA,NA
"101","Typical",2748,2
"101","Oil",1048,1
"132",NA,NA,NA
"101","Gas",1224,1
"101","Gas",1083,1.5
"109","Electric",1536,2
"101","Oil",1457,2
"104","Oil",2442,2
"101","Gas",2339,2
"104","Oil",2718,2
"101","Oil",943,1
"104","Oil",2214,2
"101","Gas",1345,1
"101","Oil",826,1
"101","Oil",1160,1
"101","Oil",1175,1
"106",NA,NA,NA
"101","Oil",980,1
"101","Oil",1040,1
"101","Oil",1024,1
"101","Gas",2724,2
"101","Oil",1894,2
"101","Gas",1668,1
"101","Oil",1764,1
"105","Oil",3040,2
"104","Oil",2652,2
"101","Oil",1084,1
"132",NA,NA,NA
"101","Gas",1053,1.5
"105","Gas",3144,2
"101","Electric",1380,1
"101","Oil",1446,1
"101","Electric",1225,1.5
"101","Oil",1177,1.5
"101","Gas",988,1
"104","Oil",2076,1.5
"101","Oil",1319,1
"106",NA,NA,NA
"101","Gas",1271,1.75
"101","Gas",1688,2
"101","Gas",2089,2
"101","Oil",4246,2
"105","Gas",3282,2.5
"101","Oil",1012,1
"973",NA,NA,NA
"101","Oil",1391,2
"104","Oil",2140,2
"101","Oil",1144,1
"101","Oil",1189,1
"104","Oil",2727,2
"104","Gas",1882,2
"101","Gas",2056,1.5
"132",NA,NA,NA
"101","Oil",1564,2
"101","Oil",864,1
"101","Gas",720,1
"101","Gas",1516,1.5
"101","Gas",1450,1
"101","Gas",867,1.5
"101","Electric",1199,1.5
"132",NA,NA,NA
"101","Oil",1715,1.5
"101","Oil",816,1
"101","Gas",1545,1
"101","Gas",1871,1.5
"942","Oil",3024,2
"132",NA,NA,NA
"101","Gas",1536,1
"101","Gas",3087,2
"101","Oil",1520,1
"104","Oil",1664,2
"101","Oil",1800,2
"101","Gas",1474,1
"101","Oil",1514,1.5
"101","Oil",1772,1.5
"101","Gas",1168,1
"101","Oil",1056,1.5
"101","Oil",1292,2
"101","Oil",1418,1.5
"101","Oil",1366,1
"930",NA,NA,NA
"101","Oil",1568,2
"101","Gas",2080,2
"101","Oil",1276,1
"104","Oil",2032,2
"930",NA,NA,NA
"101","Oil",1100,1
"132",NA,NA,NA
"101","Oil",1176,1
"101","Oil",1062,1
"101","Gas",1986,1.5
"106",NA,NA,NA
"101","Oil",2586,1.5
"101","Oil",910,1
"101","Gas",1779,2
"105","Gas",2635,2
"101","Gas",1394,1.75
"132",NA,NA,NA
"104","Oil",1892,2
"104","Gas",1660,2
"104","Gas",2552,2
"132",NA,NA,NA
"131",NA,NA,NA
"101","Oil",1884,1
"101","Oil",1308,1
"101","Oil",1232,1
"104","Gas",2844,2
"105","Oil",3504,3
"953",NA,NA,NA
"101","Electric",1324,1
"101","Oil",1088,1
"101","Electric",1216,1
"101","Gas",2088,2
"101","Oil",1862,1.5
"101","Oil",1064,1
"101","Oil",1320,1
"101","Gas",1270,1
"101","Oil",960,1
"101","Oil",1112,1
"101","Oil",1064,1
"101","Oil",960,1
"101","Gas",728,1
"101","Gas",1902,2
"101","Oil",1000,1
"101","Oil",910,1
"104","Oil",2512,2
"132",NA,NA,NA
"101","Oil",1693,1
"101","Oil",1204,1
"101","Oil",1184,1
"104","Gas",3407,2
"104","Gas",2270,2
"104","Oil",2840,2
"101","Gas",1512,2
"101","Gas",2808,2
"101","Oil",1568,1
"101","Typical",2184,NA
"104","Gas",2066,2
"101","Oil",1250,1
"101","Oil",1683,1.5
"104","Oil",1845,1.5
"101","Electric",1056,1
"101","Gas",1770,2
"104","Gas",1954,2
"101","Oil",1187,1
"101","Oil",1376,1
"132",NA,NA,NA
"101","Oil",1720,2
"942","Typical",4297,1
"101","Oil",1887,1
"104","Oil",1419,1.5
"104","Oil",2772,2
"111","Typical",5655,3
"101","Oil",1188,1.5
"101","Oil",1852,2
"101","Oil",1436,1
"104","Oil",2984,2
"101","Oil",1235,2
"101","Electric",1040,1
"101","Oil",1432,2
"101","Oil",1675,1
"101","Oil",1050,2
"104","Oil",2020,2
"104","Gas",2364,2
"101","Oil",1203,1
"101","Oil",1162,1
"104","Oil",1768,2
"101","Oil",1512,2
"101","Oil",1350,1
"101","Oil",1746,1.5
"101","Oil",1904,2
"104","Gas",3143,2
"101","Gas",1225,1
"104","Gas",2736,2
"946",NA,NA,NA
"942","Typical",1681,2
"101","Oil",1412,1
"101","Gas",966,1
"101","Oil",1576,2
"101","Gas",2190,2
"101","Oil",1560,2
"101","Gas",2257,1.5
"101","Oil",1452,2
"101","Oil",1694,1.5
"101","Gas",3312,2
"101","Oil",1978,2
"104","Oil",2572,2
"104","Gas",2324,2
"101","Electric",1376,1
"101","Oil",1696,2
"104","Oil",1671,2
"101","Oil",1808,2
"101","Oil",1243,1
"101","Oil",1416,1.5
"101","Oil",1755,1.5
"101","Gas",1693,1.5
"101","Electric",1322,1
"106",NA,NA,NA
"957","Electric",1998,1
"101","Oil",1380,1
"101","Oil",1056,1
"101","Oil",1658,1.5
"101","Gas",1360,2
"101","Oil",1250,1
"132",NA,NA,NA
"101","Oil",1342,1
"101","Electric",1228,1.5
"101","Oil",1176,1
"101","Electric",1500,1
"132",NA,NA,NA
"101","Oil",2729,2
"101","Oil",1336,1
"101","Gas",1678,1.5
"101","Gas",948,1
"959","Oil",2273,1
"101","Gas",1452,1
"101","Oil",1398,1
"104","Gas",1536,2
"101","Oil",1356,1
"930",NA,NA,NA
"101","Oil",1256,1
"101","Gas",1617,1.5
"101","Gas",1238,1
"101","Oil",852,1
"101","Oil",1368,1
"101","Oil",1180,1
"101","Gas",3458,2.5
"101","Oil",1026,1
"101","Oil",1104,1
"101","Oil",1600,1.5
"101","Oil",1569,2
"104","Gas",2651,2
"101","Electric",1064,1
"104","Gas",2999,2
"132",NA,NA,NA
"101","Oil",1909,1.5
"101","Oil",1843,1
"101","Oil",1294,1
"101","Gas",1870,2
"101","Oil",1155,1.5
"101","Oil",1605,2
"101","Gas",1228,1.5
"106",NA,NA,NA
"013","Gas",2334,2
"132",NA,NA,NA
"101","Gas",1170,1
"101","Oil",1218,1
"132",NA,NA,NA
"101","Oil",1416,1
"101","Oil",1235,1
"101","Gas",1292,1
"101","Electric",1946,1
"101","Oil",752,1.5
"101","Gas",1121,1.5
"101","Gas",1593,1.5
"101","Oil",1273,1
"101","Oil",1044,1.5
"101","Electric",1092,1
"101","Gas",1720,1
"101","Oil",1853,1.5
"101","Gas",1430,1
"101","Gas",2010,2
"101","Gas",1096,1
"101","Oil",1840,2
"101","Gas",924,1
"101","Gas",1608,1
"101","Gas",1096,1
"101","Oil",1802,1
"101","Gas",942,1
"101","Oil",1518,2
"104","Gas",2352,2
"101","Oil",1191,1.5
"104","Gas",2478,2
"101","Gas",2088,1.5
"101","Gas",982,1.5
"930",NA,NA,NA
"101","Oil",1472,1.5
"101","Gas",1669,1.5
"101","Oil",1968,1.5
"101","Electric",976,1
"105","Oil",3816,3
"391",NA,NA,NA
"101","Oil",1421,1
"101","Oil",1288,1
"104","Gas",2413,2
"104","Gas",2378,2
"106",NA,NA,NA
"104","Oil",2496,2
"101","Oil",1500,1
"101","Oil",1048,1
"101","Oil",1428,1
"101","Oil",1327,1.5
"101","Oil",2237,2
"101","Gas",2001,1
"101","Gas",1508,2
"101","Oil",2311,2
"101","Oil",1404,1.5
"101","Oil",1350,1
"104","Oil",2698,2
"101","Oil",1741,2
"105","Oil",3457,3
"337",NA,NA,NA
"101","Oil",1326,1
"101","Oil",1428,1
"101","Gas",1346,1.5
"101","Oil",1580,1
"101","Oil",1226,1
"101","Oil",1584,1.5
"104","Gas",2840,2
"101","Gas",1329,1.5
"101","Gas",1307,1.5
"101","Oil",1231,1
"105","Oil",3011,2
"013","Oil",3683,2
"101","Oil",1296,1.5
"101","Oil",1879,1
"101","Oil",1235,1
"101","Oil",1201,1
"101","Oil",1888,2
"101","Oil",1155,1
"101","Gas",3058,2
"130",NA,NA,NA
"130",NA,NA,NA
"101","Electric",960,1
"101","Oil",2304,2
"101","Gas",1412,2
"101","Oil",1274,1
"101","Oil",1663,1.5
"104","Gas",2681,2
"101","Oil",1130,1
"101","Oil",1398,1
"132",NA,NA,NA
"101","Gas",2019,2
"101","Oil",1114,1.5
"105","Electric",3096,3
"105","Oil",3413,2.5
"101","Gas",2974,1.5
"101","Oil",1320,1
"132",NA,NA,NA
"104","Oil",2312,2
"101","Oil",1157,1.5
"104","Oil",1703,2
"101","Oil",1287,1.5
"132",NA,NA,NA
"101","Oil",828,1
"101","Typical",1784,NA
"104","Oil",1748,2
"101","Oil",1380,2
"101","Oil",1839,2
"930",NA,NA,NA
"101","Oil",1556,1.5
"101","Gas",1393,1
"101","Gas",1114,1
"101","Gas",1196,1
"105","Gas",2948,2
"101","Oil",1448,1
"101","Electric",1170,1
"101","Oil",1103,1
"101","Gas",1633,2
"111","Gas",3852,3
"101","Oil",1472,2
"101","Oil",1868,2
NA,NA,NA,NA
NA,NA,NA,NA
"132",NA,NA,NA
"101","Oil",715,1
"101","Oil",1505,1.5
"101","Gas",1730,2
"101","Gas",713,1
"105","Gas",2994,3
"101","Oil",1120,2
"337",NA,NA,NA
"101","Gas",1130,2
"101","Oil",1048,1
"101","Oil",1048,1
"101","Gas",738,1.5
"101","Gas",980,1.5
"101","Gas",2193,1.5
"101","Oil",1149,1
"104","Oil",2730,2
"101","Gas",2664,2
"101","Oil",939,1
"101","Oil",1520,1.5
"101","Oil",1400,2
"101","Oil",1516,2
"942","Gas",3636,2
"101","Oil",1126,1
"101","Oil",1121,1
"101","Gas",3116,2
"104","Oil",1940,1.5
"132",NA,NA,NA
"101","Oil",1008,1
"111","Gas",2825,2
"101","Oil",912,1
"101","Oil",1500,1
"101","Gas",1266,1.5
"104","Oil",2396,2
"101","Oil",1047,1
"101","Oil",1050,1
"104","Gas",1944,2
"104","Gas",2231,2
"946",NA,NA,NA
"105","Oil",2795,2
"101","Oil",1214,1.5
"101","Oil",1611,1.5
"105","Gas",3447,3
"104","Oil",2728,2
"132",NA,NA,NA
"104","Oil",1928,2
"101","Gas",2516,2
"104","Gas",2688,2
"101","Oil",1153,1.5
"101","Gas",1370,2
"104","Electric",1890,2
"101","Gas",3381,2
"104","Oil",2926,2
"111","Typical",2516,2
"101","Gas",1284,1
"101","Gas",1586,2
"101","Oil",1490,1.5
"013","Typical",1176,2
"104","Oil",3062,2
"101","Oil",1488,2
"101","Oil",1470,1.5
"104","Oil",1947,2
"936",NA,NA,NA
"132",NA,NA,NA
"101","Oil",1395,1
"101","Oil",1183,1
"101","Oil",1720,2
"104","Oil",2236,2
"101","Oil",1106,1
"101","Oil",930,1
"101","Oil",1314,1
"101","Oil",2152,2
"131",NA,NA,NA
"104","Gas",1908,2
"101","Oil",1154,1
"101","Oil",1020,1
"104","Electric",2268,2
"104","Gas",2386,2
"101","Oil",1090,1
"101","Gas",911,1
"101","Oil",1801,1.5
"101","Oil",1008,1
"105","Electric",2426,2
"104","Oil",2940,2
"101","Oil",1110,1
"101","Oil",1008,1
"104","Gas",3028,2
"101","Coal or Wood",1118,2
"104","Oil",2205,1.5
"101","Oil",1896,2
"101","Gas",1242,1
"101","Gas",1248,1
"104","Oil",2625,2
"101","Gas",991,1
"101","Gas",2875,2.5
"930",NA,NA,NA
"101","Oil",1696,1
"101","Electric",720,1
"104","Coal or Wood",2021,2
"105","Oil",3780,2
"930",NA,NA,NA
"104","Oil",2316,2
"101","Gas",1144,1
"104","Gas",2853,2
"101","Oil",1424,1.5
"101","Oil",1132,1
"101","Oil",1388,1.5
"101","Oil",1648,2
"104","Oil",2512,2
"101","Oil",960,1
"105","Gas",2158,2
"101","Oil",1472,2
"104","Oil",2456,2
"101","Gas",806,1
"101","Oil",1130,1
"101","Gas",911,1
"101","Gas",904,1
"101","Oil",1200,1
"101","Electric",912,1
"101","Oil",1412,1
"101","Gas",930,1
"131",NA,NA,NA
"101","Gas",2777,2
"101","Oil",1393,1.5
"101","Gas",1019,1
"101","Gas",900,1
"104","Gas",1996,2
"104","Gas",2112,2
"101","Oil",1140,1
"101","Oil",900,1
"101","Gas",1948,1.5
"111","Typical",3028,2
"101","Electric",1708,1.5
"101","Oil",1631,1
"104","Oil",2194,2
"962",NA,0,NA
"101","Oil",1338,1
"101","Oil",1008,1
"101","Gas",1495,1.5
"104","Oil",2318,2
"104","Gas",1812,2
"104","Oil",2412,2
"105","Oil",2795,2
"104","Gas",2640,2
"104","Oil",1784,2
"101","Oil",1827,1.5
"962",NA,0,NA
"101","Oil",1732,2
"132",NA,NA,NA
"101","Gas",2444,2
"105","Oil",3266,2
"101","Gas",1388,2
"101","Oil",967,1
"101","Gas",1492,2
"101","Gas",1574,1.5
"101","Gas",2529,2.5
"101","Oil",911,1
"101","Oil",1021,1
"101","Oil",1636,2
"101","Gas",1579,2
"101","Gas",1188,1.5
"101","Gas",1165,1
"101","Oil",1882,1.5
"132",NA,NA,NA
"104","Oil",2558,2
"104","Oil",2620,2
"101","Oil",1664,2
"104","Oil",1676,2
"101","Oil",1441,1.5
"101","Oil",1975,2
"104","Oil",1970,2
"101","Oil",940,1
"104","Oil",2960,2
"101","Oil",2094,2
"101","Gas",1203,1
"105","Gas",3400,2.5
"101","Gas",1313,1.5
"101","Oil",2886,2
"101","Oil",1368,1
"101","Oil",1619,1.5
"101","Oil",900,1
"101","Oil",1100,1
"104","Gas",2352,2
"947","Typical",5249,NA
"101","Oil",1020,1
"104","Oil",2344,2
"104","Gas",3062,2
"104","Oil",2538,2
"132",NA,NA,NA
"101","Electric",1370,1
"101","Oil",1776,2
"101","Gas",2854,2
"101","Gas",1180,1
"101","Oil",1680,1.5
"101","Gas",1830,1
"105","Gas",2304,2
"101","Oil",850,1
"101","Oil",1162,1
"101","Oil",1280,1
"104","Gas",2464,2
"101","Oil",900,1.5
"101","Oil",1840,1.5
"132",NA,NA,NA
"104","Oil",1900,2
"101","Oil",1120,1
"101","Oil",983,1
"337",NA,NA,NA
"101","Oil",1144,2
"101","Gas",1060,1
"101","Oil",1212,1
"101","Gas",2949,2
"105","Oil",3951,3
"101","Gas",1590,1.5
"101","Oil",2931,2
"101","Oil",1488,1
"101","Gas",1640,2
"104","Gas",2184,2
"105","Electric",3468,3
"101","Oil",1845,2
"101","Electric",1120,1
"101","Oil",1394,2
"101","Gas",1307,1.5
"101","Oil",1527,1.5
"101","Gas",1826,1
"930",NA,NA,NA
"101","Gas",979,1.5
"101","Oil",963,1
"101","Oil",1135,1
"132",NA,NA,NA
"101","Oil",1628,2
"101","Oil",1080,1
"132",NA,NA,NA
"101","Gas",1689,1
"959","Typical",2808,NA
"101","Oil",1425,1
"101","Oil",3564,2
"101","Oil",1044,1
"101","Electric",1372,1
"101","Gas",1333,2
"132",NA,NA,NA
"101","Oil",1211,1
"101","Gas",1482,2
"104","Oil",2200,2
"104","Gas",2300,2
"105","Gas",3720,3
"101","Electric",1170,1
"105","Oil",2739,2
"101","Oil",891,1
"101","Gas",768,1
"132",NA,NA,NA
"101","Oil",1360,1
"101","Oil",1352,1
"101","Oil",1400,1.5
"101","Gas",2562,2
"101","Electric",1392,1
"101","Oil",744,1
"104","Oil",2408,2
"101","Oil",1494,2
"101","Oil",1670,2
"101","Electric",1392,1
"101","Oil",1426,1.5
"101","Gas",1199,1.5
"101","Gas",1306,2
"104","Gas",2066,2
"101","Oil",1470,1
"101","Gas",1482,2
"101","Gas",1024,1
"104","Oil",2707,2
"132",NA,NA,NA
"101","Oil",1182,1
"104","Gas",2342,2
"101","Gas",1960,1
"101","Gas",1188,1.5
"104","Oil",2428,2
"130",NA,0,NA
"390",NA,NA,NA
"104","Gas",2212,2
"104","Gas",2224,2
"101","Electric",1408,1
"101","Oil",1322,1
"101","Oil",1255,1
"101","Oil",1558,2
"101","Gas",938,1
"101","Oil",1764,1
"101","Oil",1443,1.5
"101","Gas",1044,1
"101","Oil",864,1
"101","Oil",1260,1
"101","Gas",1320,2
"132",NA,NA,NA
"101","Gas",1118,1.5
"104","Gas",2508,2
"101","Oil",1372,2
"105","Gas",3522,2
"104","Gas",1555,1.5
"101","Oil",1503,2
"101","Oil",1194,1
"101","Oil",900,1
"104","Gas",1917,2
"132",NA,NA,NA
"101","Oil",1452,1.5
"101","Oil",1503,1.5
"101","Gas",2016,2
"104","Oil",2476,2
"101","Electric",840,1
"101","Oil",1330,1.5
"101","Gas",960,1
"101","Gas",1584,2
"101","Oil",1625,1
"101","Gas",1271,1
"101","Gas",1248,1
"101","Gas",936,1
"104","Oil",1453,1.5
"101","Gas",1331,1.5
"101","Oil",768,1
"101","Gas",1232,1
"104","Gas",2244,2
"101","Oil",1588,1.5
"132",NA,NA,NA
"101","Oil",768,1
"101","Gas",911,1
"101","Gas",1776,1.5
"101","Gas",1386,1.5
"101","Gas",1362,1
"101","Gas",1695,1.5
"101","Gas",1623,1
"132",NA,NA,NA
"101","Oil",1025,1
"101","Oil",908,1
"101","Electric",1092,1
"101","Oil",2288,2
"101","Oil",1005,1.5
"101","Oil",1048,1
"104","Electric",1449,1.5
"101","Gas",1544,2
"104","Gas",1796,2
"105","Gas",2592,2
"958",NA,NA,NA
"101","Oil",1162,1
"104","Gas",1744,2
"101","Oil",1642,1
"101","Gas",2905,2
"132",NA,NA,NA
"101","Gas",2420,2
"132",NA,NA,NA
"101","Oil",1248,1
"101","Oil",864,1
"101","Electric",2080,2
"101","Gas",1312,1
"101","Oil",1200,1
"104","Gas",2520,2
"101","Oil",1330,1.5
"106",NA,NA,NA
"104","Oil",2536,2
"930",NA,NA,NA
"105","Gas",3176,2
"104","Oil",1728,2
"104","Gas",1564,2
"101","Oil",2382,2
"101","Gas",1577,1.5
"101","Oil",1253,1
"101","Gas",1343,1.5
"105","Oil",3040,2
"101","Gas",1752,1
"101","Oil",1008,1
"132",NA,NA,NA
"101","Gas",1449,1
"104","Gas",2100,2
"105","Oil",3150,2
"104","Oil",2114,2
"101","Oil",900,1
"104","Oil",2240,2
"101","Oil",1715,2
"104","Oil",2356,2
"105","Gas",4536,2
"390",NA,NA,NA
"101","Gas",966,1
"930",NA,NA,NA
"101","Oil",1278,1
"132",NA,NA,NA
"101","Gas",960,1
"104","Oil",2664,2
"337",NA,NA,NA
"013","Typical",2908,2
"101","Electric",1460,1
"132",NA,NA,NA
"101","Oil",2094,1.5
"101","Oil",729,1
"101","Gas",1341,1
"101","Oil",900,1
"936",NA,NA,NA
"132",NA,NA,NA
"101","Gas",1510,1
"104","Oil",2376,2
"104","Gas",2633,2
"013","Gas",3416,2
"101","Oil",676,1
"101","Oil",952,1
"101","Gas",966,1
"101","Oil",1195,1
"101","Oil",991,1
"101","Gas",2001,1.5
"101","Oil",2261,2
"101","Oil",1072,1.5
"101","Oil",1372,1
"101","Oil",1472,1
"104","Oil",3084,2
"936",NA,0,NA
"101","Gas",632,1
"101","Gas",864,1
"104","Oil",3045,2
"104","Gas",2316,2
"101","Oil",1284,1.5
"104","Oil",2352,2
"101","Gas",1253,1.5
"962",NA,0,NA
"104","Oil",2220,2
"101","Oil",1794,1.5
"104","Gas",1769,2
"105","Gas",3378,3
"101","Electric",1168,1
"101","Gas",1130,1
"104","Gas",3296,2
"105","Gas",2252,2
"101","Oil",1116,1
"104","Oil",2040,2
"104","Oil",2329,2
"101","Gas",1378,1.5
"101","Gas",1832,1
"101","Oil",960,1
"962",NA,0,NA
"105","Oil",3458,2.5
"104","Oil",2344,2
"101","Oil",1048,1
"104","Gas",2486,2
"105","Oil",3285,2
"105","Gas",3588,3
"104","Oil",2392,2
"101","Gas",1132,1.5
"104","Oil",2184,2
"130",NA,0,NA
"111","Electric",3721,2
"101","Gas",981,1
"101","Oil",1120,1
"101","Oil",1581,1.5
"111","Typical",4302,3
"101","Gas",1247,1
"101","Gas",930,1
"105","Gas",3510,3
"101","Oil",1339,1.5
"105","Gas",3888,3
"930",NA,NA,NA
"101","Oil",1076,1
"101","Oil",1588,2
"132",NA,NA,NA
"101","Oil",1523,1.5
"101","Oil",2220,2
"961","Electric",2028,2
"101","Oil",1338,1.5
"105","Oil",1842,2
"101","Gas",2014,2
"101","Gas",1579,1.5
"132",NA,NA,NA
"101","Gas",1024,1
"104","Oil",2109,2
"104","Electric",1668,1.5
"101","Oil",1399,1.5
"105","Gas",3534,3
"104","Oil",2264,2
"101","Gas",2070,2
"101","Gas",1819,2
"101","Oil",1432,2
"104","Oil",1598,1.5
"132",NA,NA,NA
"105","Oil",3810,3
"101","Gas",1794,2
"104","Oil",2200,2
"962",NA,0,NA
"132",NA,NA,NA
"101","Oil",1723,2
"101","Gas",2231,1.5
"132",NA,NA,NA
"101","Gas",1441,1.5
"101","Gas",816,1
"101","Oil",2400,2
"101","Electric",1346,1
"109","Oil",1099,1.5
"101","Gas",1432,2
"101","Oil",1188,1.5
"101","Electric",803,1
"104","Gas",3211,2
"104","Oil",2246,2
"101","Gas",1288,1
"101","Oil",911,1
"101","Oil",1240,1
"101","Gas",1091,1
"101","Oil",930,1
"101","Gas",1111,1
"101","Gas",1500,1.5
"101","Oil",1770,1.5
"101","Oil",1193,1
"101","Oil",1228,1.5
"101","Oil",908,1
"101","Oil",1163,1
"101","Oil",1332,1.5
"132",NA,NA,NA
"101","Gas",900,1
"101","Oil",1323,1
"101","Oil",1578,2
"101","Gas",2647,2
"101","Oil",888,1
"101","Gas",1046,1
"101","Oil",2011,2
"974",NA,NA,NA
"101","Gas",1052,1
"101","Oil",1626,2
"101","Oil",930,1
"101","Oil",1757,1.5
"132",NA,NA,NA
"962",NA,0,NA
"101","Gas",1012,1
"101","Oil",930,1
"101","Oil",1496,2
"101","Gas",1620,2
"101","Oil",1628,2
"104","Gas",1878,1.5
"101","Oil",1051,1.5
"101","Oil",2908,2
"132",NA,NA,NA
"101","Oil",966,1
"942","Oil",2862,2
"101","Oil",980,1.5
"101","Oil",926,1
"101","Oil",1302,1
"101","Gas",1164,1
"104","Oil",2584,2
"101","Gas",1503,1.5
"105","Gas",4809,3
"111","Gas",8512,2
"130",NA,NA,NA
"111","Typical",5757,2
"132",NA,NA,NA
"101","Oil",864,1
"101","Oil",934,1
"101","Gas",1956,2
"105","Gas",2812,2
"101","Oil",1203,1.5
"101","Oil",729,1
"101","Gas",2403,2
"101","Gas",1749,1
"101","Oil",1120,1
"101","Oil",1094,1
"101","Oil",1347,1.5
"930",NA,NA,NA
"101","Oil",900,1
"101","Oil",1130,1
"105","Electric",2268,2
"104","Oil",2431,2
"101","Gas",2010,2
"101","Oil",2745,2
"101","Gas",1440,1.5
"101","Oil",911,1
"101","Electric",1060,1
"101","Oil",2930,2
"930",NA,NA,NA
"337",NA,NA,NA
"101","Gas",1180,2
"101","Gas",4573,2
"130",NA,NA,NA
"104","Electric",2304,2
"101","Oil",720,1
"132",NA,NA,NA
"104","Gas",2600,2
"104","Oil",3250,2
"101","Oil",1320,1
"101","Oil",848,1
"105","Oil",3130,2
"101","Oil",1613,1.5
"132",NA,NA,NA
"104","Gas",2294,2
"101","Gas",900,1
"101","Gas",1127,1
"106",NA,NA,NA
"101","Oil",806,1
"101","Gas",1056,1
"101","Gas",1891,2
"101","Oil",2356,2
"101","Gas",1481,1.5
"101","Gas",1236,1
"101","Electric",1512,2
"101","Electric",1024,1
"101","Oil",1178,2
"101","Gas",992,1
"106",NA,NA,NA
"101","Oil",1080,1
"101","Oil",1184,1
"104","Gas",2336,2
"104","Oil",2277,2
"104","Oil",3122,2
"104","Oil",2524,2
"101","Oil",1279,1.5
"101","Oil",744,1
"101","Oil",1320,1.5
"101","Oil",1138,1
"101","Oil",1376,2
"121","Gas",2059,2
"101","Oil",1110,1
"101","Oil",1040,1
"104","Oil",2126,2
"101","Gas",1668,2
"111","Typical",4056,2
"104","Oil",2108,2
"132",NA,NA,NA
"101","Gas",1505,1
"101","Oil",883,1
"104","Gas",2002,2
"101","Oil",1110,1
"101","Electric",1200,1
"101","Electric",1000,1
"132",NA,NA,NA
"101","Gas",1476,1.5
"101","Gas",900,1
"104","Gas",2456,2
"101","Gas",1664,1.5
"997",NA,NA,NA
"104","Gas",3171,2
"337",NA,NA,NA
"390",NA,0,NA
"101","Oil",1140,1
"104","Oil",2286,2
"101","Electric",912,1
"101","Gas",1105,1
"101","Gas",1344,2
"104","Electric",2420,2
"101","Oil",1050,1
"101","Gas",1036,1
"101","Gas",1422,1
"132",NA,NA,NA
"101","Gas",1164,1
"101","Oil",1371,1
"101","Oil",1004,1
"132",NA,NA,NA
"105","Oil",3162,3
"101","Gas",1380,1.5
"104","Electric",2228,2
"101","Oil",1796,2
"132",NA,NA,NA
"101","Gas",1170,1
"101","Gas",1813,2
"104","Oil",2340,2
"101","Gas",960,1
"132",NA,NA,NA
"101","Gas",1417,2
"101","Gas",851,1
"104","Oil",1779,1.5
"104","Electric",1536,2
"101","Oil",1456,2
"101","Oil",966,1
"101","Oil",1224,1
"104","Oil",2152,2
"101","Oil",988,1
"101","Oil",1020,1
"101","Gas",1560,1.5
"132",NA,NA,NA
"101","Electric",768,1
"101","Oil",892,1
"101","Oil",775,1
"101","Oil",1030,1.5
"101","Oil",1962,2
"104","Gas",1959,2
"101","Gas",928,1
"101","Oil",1912,1.5
"337",NA,NA,NA
"101","Oil",1979,2
"101","Gas",1800,2
"101","Oil",1760,2
"106",NA,NA,NA
"104","Oil",2276,2
"101","Gas",1014,1
"101","Oil",1184,1
"101","Oil",1314,2
"101","Oil",1384,1
"101","Oil",1060,1
"101","Electric",1101,1
"101","Gas",1162,1.5
"105","Gas",2160,2
"013","Typical",3038,2
"101","Gas",1354,1
"101","Oil",2017,1.5
"101","Gas",2254,1
"930",NA,NA,NA
"101","Oil",1546,2
"101","Gas",1008,1
"101","Oil",901,1
"101","Oil",1381,1.5
"101","Oil",1258,1.5
"132",NA,NA,NA
"132",NA,NA,NA
"104","Oil",1836,2
"104","Gas",2432,2
"104","Oil",2616,2
"101","Oil",1040,1
"104","Gas",2398,2
"101","Gas",1456,1
"105","Oil",1920,2
"130",NA,NA,NA
"105","Oil",3507,3
"132",NA,NA,NA
"105","Electric",3288,3
"101","Oil",1225,1.5
"132",NA,NA,NA
"101","Oil",1383,1
"104","Gas",2392,2
"101","Gas",1152,1
"104","Gas",1720,2
"101","Gas",1292,1.5
"106",NA,NA,NA
"104","Oil",2586,2
"390",NA,NA,NA
"104","Gas",1440,2
"104","Oil",2933,2
"106",NA,NA,NA
"105","Electric",3442,2
"390",NA,NA,NA
"962",NA,0,NA
"101","Gas",1336,2
"101","Oil",1158,1
"101","Oil",1232,1
"101","Gas",1240,1
"101","Oil",1245,1
"101","Oil",720,1
"101","Electric",1606,1.5
"962",NA,0,NA
"101","Gas",1080,1
"101","Oil",1030,1.5
"101","Gas",2050,2
"104","Gas",2080,2
"104","Gas",3006,2
"106",NA,NA,NA
"132",NA,NA,NA
"101","Oil",2476,2
"105","Gas",3805,2
"101","Electric",1056,1
"337",NA,NA,NA
"104","Oil",2291,2
"104","Oil",1312,2
"337",NA,NA,NA
"105","Oil",2977,2
"101","Oil",912,1
"101","Oil",984,1
"104","Oil",1544,1
"104","Gas",1834,1.5
"101","Electric",1508,1.5
"101","Gas",1278,2
"960","Typical",6905,3
"101","Gas",1412,2
"013","Typical",4249,2.5
"101","Gas",1576,2
"101","Gas",816,1
"101","Gas",951,1
"101","Oil",1858,2
"104","Oil",1536,2
"101","Gas",772,1.5
"132",NA,NA,NA
"104","Gas",1928,2
"104","Oil",1920,2
"101","Oil",1472,1
"101","Oil",2220,1
"104","Gas",3058,2
"111","Oil",2982,2
"104","Gas",1652,2
"441",NA,NA,NA
"101","Gas",1355,1.5
"101","Oil",816,1
"132",NA,NA,NA
"104","Oil",2446,2
"104","Oil",2040,2
"105","Oil",3024,2
"101","Oil",1265,1
"101","Oil",1026,1
"101","Gas",1830,1.5
"101","Oil",1106,1
"101","Oil",3294,2
"101","Gas",1256,2
"101","Gas",1337,1.5
"104","Gas",1742,2
"930",NA,NA,NA
"930",NA,NA,NA
"105","Oil",3438,3
"101","Gas",2334,1.5
"101","Gas",1344,2
"101","Gas",1768,1.5
"101","Gas",1488,2
"104","Oil",2212,2
"101","Gas",1140,1
"104","Oil",2826,2
"337",NA,NA,NA
"105","Gas",2092,1.5
"104","Gas",2972,2
"337",NA,NA,NA
"101","Gas",1954,1
"101","Oil",1104,1
"104","Gas",2352,2
"337",NA,NA,NA
"105","Oil",2824,2
"104","Oil",1955,2
"104","Gas",2856,2
"101","Gas",663,1.5
"105","Oil",2688,2
"104","Oil",2352,2
"101","Gas",1287,1
"101","Gas",1248,1
"101","Oil",1672,2
"105","Oil",2765,2
"101","Oil",1026,1
"101","Oil",1152,1
"101","Gas",910,1
"105","Oil",3448,3
"104","Oil",1594,1.5
"101","Oil",2160,2
"104","Oil",2194,2
"101","Oil",1984,1
"105","Gas",2328,2
"104","Oil",2598,2
"101","Gas",1190,1
"101","Oil",1459,1.5
"337",NA,NA,NA
"104","Gas",2216,2
"105","Oil",2849,2
"105","Oil",2910,2
"105","Oil",2995,2
"013","Oil",1533,1
"101","Gas",1872,2
"132",NA,NA,NA
"337",NA,NA,NA
"930",NA,NA,NA
"105","Oil",3510,3
"101","Gas",1324,1.5
"101","Gas",1384,1
"105","Gas",3380,3
"104","Gas",1872,2
"104","Gas",2184,2
"132",NA,NA,NA
"101","Gas",960,1
"104","Gas",2212,2
"105","Oil",3918,3
"101","Oil",1032,1
"101","Gas",1218,1.5
"101","Oil",1124,1
"960","Typical",9405,2.5
"101","Oil",1135,1.5
"101","Oil",1586,1
"101","Oil",1706,2
"101","Electric",1969,1.5
"101","Gas",1530,1
"390",NA,NA,NA
"101","Gas",1240,1
"101","Gas",1160,1
"101","Oil",856,1.5
"104","Oil",2181,2.5
"101","Electric",1144,1
"101","Gas",1208,1
"104","Gas",1884,2
"441",NA,NA,NA
"101","Oil",1260,1
"101","Oil",1342,1
"111","Typical",2496,2
"013","Typical",3412,NA
"101","Oil",1152,1
"104","Oil",2496,2
"101","Oil",3302,2
"105","Electric",4548,3
"101","Oil",900,1
"101","Oil",1020,1
"105","Oil",3375,3
"930",NA,NA,NA
"101","Gas",2507,1.5
"101","Oil",1040,1
"104","Electric",1440,2
"105","Gas",2919,2
"132",NA,NA,NA
"440",NA,NA,NA
"101","Oil",911,1
"101","Oil",1008,1
"937","Typical",2701,NA
"936",NA,0,NA
"101","Oil",930,1
"101","Oil",1154,1.5
"337",NA,NA,NA
"104","Gas",1496,2
"101","Oil",1014,1
"101","Gas",1000,1
"105","Typical",3460,NA
"104","Electric",2441,2
"101","Oil",1080,1
"101","Oil",1236,1
"101","Oil",1736,2
"101","Gas",1278,2
"951",NA,NA,NA
"951",NA,NA,NA
"101","Gas",1980,1.5
"101","Gas",2100,2
"101","Oil",1802,1.5
"101","Oil",1932,2
"104","Gas",1640,2
"104","Oil",2726,2
"101","Gas",671,1
"101","Oil",1268,1.5
"101","Oil",1048,1
"132",NA,NA,NA
"101","Gas",2856,2
"101","Oil",984,1
"105","Gas",2693,2
"101","Gas",2260,2
"101","Gas",2768,2
"104","Gas",2562,2
"101","Electric",1284,1
"104","Gas",3052,2
"101","Oil",1130,1
"101","Gas",1138,1
"101","Oil",1228,1.5
"962",NA,0,NA
"101","Oil",1730,1
"101","Gas",1676,2
"962",NA,0,NA
"104","Oil",1976,2
"101","Oil",1250,1
"104","Oil",1680,2
"132",NA,NA,NA
"101","Gas",858,1
"101","Gas",1808,2
"101","Oil",1040,1
"104","Oil",2801,2
"104","Gas",1741,1.5
"101","Oil",1020,1
"101","Oil",1120,1
"104","Oil",2898,2
"960","Typical",2329,2
"101","Electric",1002,1
"101","Oil",1188,1.5
"104","Oil",2464,2
"105","Gas",5143,3
"101","Oil",930,1
"104","Oil",2016,2
"104","Gas",1185,1
"105","Gas",2691,2
"132",NA,NA,NA
"101","Oil",911,1
"101","Oil",1440,2
"101","Electric",2362,NA
"101","Oil",1140,1
"101","Oil",889,1
"101","Gas",1061,1
"104","Oil",2799,2
"101","Oil",1277,1
"104","Gas",2424,2
"104","Oil",2310,2
"104","Oil",2682,2.5
"105","Oil",3087,2
"101","Gas",2304,2
"104","Oil",2024,2
"104","Oil",2220,2
"101","Gas",1955,2
"101","Gas",1959,2
"105","Gas",2311,2
"105","Oil",3702,3
"930",NA,NA,NA
"101","Oil",2665,1.5
"104","Oil",2700,2
"105","Gas",2825,2
"101","Gas",860,1.5
"132",NA,NA,NA
"104","Oil",2789,2
"101","Oil",1098,1
"101","Electric",1120,1
"101","Gas",1216,1
"392",NA,NA,NA
"101","Oil",1040,1
"101","Gas",1060,1
"101","Oil",1344,2
"101","Oil",660,1
"101","Gas",768,1
"101","Oil",1678,1
"105","Oil",4272,2.5
"101","Gas",1020,1
"104","Gas",2404,2
"106",NA,NA,NA
"104","Oil",3389,2
"104","Gas",2632,2
"101","Gas",1040,1
"101","Oil",1452,1
"101","Oil",1152,1
"101","Oil",1224,1
"104","Oil",3152,2
"930",NA,NA,NA
"101","Gas",1020,1
"105","Oil",2684,2
"105","Gas",2657,2
"101","Gas",938,1.5
"101","Oil",1330,1
"104","Gas",1828,2
"101","Oil",1390,2
"132",NA,NA,NA
"132",NA,NA,NA
"105","Oil",3477,3
"101","Oil",1085,1
"101","Gas",1346,1.5
"101","Oil",1108,1
"105","Oil",3278,2.5
"104","Gas",1584,2
"101","Oil",828,1
"101","Gas",1599,1.5
"101","Oil",1068,1
"101","Gas",639,1
"105","Electric",2106,2
"101","Gas",1116,1
"101","Gas",768,1
"101","Oil",1262,1
"104","Oil",2435,2
"101","Gas",1080,1
"101","Gas",934,1
"101","Oil",911,1
"104","Oil",2342,2
"104","Oil",2368,2
"132",NA,NA,NA
"101","Oil",1060,1.5
"101","Gas",1504,2
"132",NA,NA,NA
"101","Gas",960,1
"101","Oil",1260,1
"101","Oil",1335,2
"105","Oil",3778,3
"101","Electric",1446,1
"101","Gas",1426,1
"101","Oil",1133,1
"101","Oil",1136,1
"101","Gas",1310,1.5
"101","Gas",1968,1
"101","Oil",980,1
"101","Oil",812,1
"101","Oil",1267,1.5
"132",NA,NA,NA
"101","Gas",1072,1
"101","Electric",1104,1
"132",NA,NA,NA
"111","Typical",4154,2
"104","Gas",2560,2
"101","Gas",2042,2
"101","Oil",1829,2
"101","Gas",1614,2
"101","Oil",1464,2
"101","Gas",1129,1
"104","Oil",3060,2
"104","Electric",2298,1.5
"101","Oil",1663,1.5
"101","Gas",1014,1
"101","Oil",1627,1.5
"101","Gas",1226,1.5
"390",NA,NA,NA
"105","Gas",1584,2
"104","Gas",1791,2
"104","Oil",2404,2
"958",NA,NA,NA
"104","Oil",2160,2
"105","Gas",3177,3
"104","Gas",2936,2
"105","Gas",3684,3
"104","Oil",2601,2
"104","Oil",3459,2
"104","Gas",2702,2
"101","Gas",1402,1
"101","Oil",4084,2
"101","Gas",1203,1.5
"101","Gas",911,1
"101","Gas",1528,1
"101","Gas",1290,1
"101","Gas",1684,2
"101","Gas",1050,1
"106",NA,NA,NA
"101","Oil",780,1
"105","Gas",2824,2
"101","Oil",1470,2
"101","Gas",2376,2
"101","Electric",1040,1
"104","Gas",2291,2
"013","Typical",1924,1.5
"101","Gas",1350,1.5
"101","Gas",1272,1
"105","Oil",4249,2
"105","Gas",3276,3
"101","Oil",2394,2
"101","Gas",2194,2
"101","Gas",1020,1.5
"101","Gas",942,1
"101","Oil",1104,1
"101","Oil",994,1
"101","Gas",1885,2
"101","Oil",2101,1.5
"101","Oil",1395,1
"101","Gas",1168,1
"101","Gas",1422,1.5
"101","Gas",2460,2
"101","Oil",930,1
"101","Oil",1110,1
"101","Gas",1146,1
"131",NA,NA,NA
"101","Oil",1275,1
"101","Oil",1066,1
"013","Typical",4280,2
"959","Gas",4435,2
"101","Oil",744,1
"101","Gas",960,1
"104","Gas",2068,2
"104","Oil",2420,2
"101","Oil",1082,1
"101","Oil",2116,1
"101","Oil",1344,2
"101","Gas",1273,1.5
"132",NA,NA,NA
"101","Oil",860,1
"101","Oil",1463,2
"101","Oil",1440,2
"130",NA,0,NA
"337",NA,NA,NA
"101","Gas",776,1
"104","Oil",1946,1.5
"105","Electric",3074,2
"105","Oil",4764,3
"101","Oil",1330,1.5
"101","Oil",1299,1
"105","Electric",3006,2
"104","Gas",3062,2
"101","Gas",1500,1
"101","Oil",1386,1.5
"101","Oil",1168,1.5
"104","Oil",2352,2
"101","Electric",1080,1
"132",NA,NA,NA
"101","Gas",1666,2
"101","Oil",1740,2
"101","Oil",1197,1
"101","Gas",1346,1.5
"101","Oil",1368,1
"101","Oil",2334,2
"936",NA,NA,NA
"390",NA,NA,NA
"105","Oil",2834,2
"101","Oil",1505,2
"101","Oil",1267,1.5
"101","Electric",1024,1
"101","Oil",1489,1.5
"104","Oil",2336,2
"101","Oil",1345,1
"132",NA,NA,NA
"101","Gas",1994,1
"101","Gas",1848,1.5
"104","Oil",3017,2
"104","Oil",2664,2
"132",NA,NA,NA
"974",NA,NA,NA
"101","Gas",2052,2
"104","Oil",1620,1.5
"391",NA,NA,NA
"101","Gas",928,2
"104","Electric",1764,1.5
"106",NA,NA,NA
"101","Gas",960,1
"101","Gas",790,1
"101","Oil",2990,1.5
"337",NA,NA,NA
"962",NA,0,NA
"105","Gas",3445,2
"440",NA,NA,NA
"391",NA,NA,NA
"105","Gas",4143,3
"105","Oil",3737,3
"337",NA,NA,NA
"104","Oil",2316,2
"101","Electric",864,1
"101","Electric",2028,2
"101","Oil",1317,1
"101","Oil",1040,1
"101","Gas",1354,1
"101","Gas",1196,1
"390",NA,NA,NA
"930",NA,NA,NA
"101","Oil",1691,1.5
"101","Electric",1290,1
"101","Oil",2469,1.5
"101","Oil",1070,2
"105","Oil",3426,3
"101","Oil",1452,1.5
"101","Oil",1532,1
"930",NA,NA,NA
"951",NA,NA,NA
"441",NA,NA,NA
"101","Gas",960,1
"101","Oil",998,1.5
"101","Oil",960,1
"101","Oil",1133,1
"101","Gas",1203,1
"101","Oil",945,1
"337",NA,NA,NA
"441",NA,NA,NA
"101","Electric",1356,1
"101","Gas",1242,1
"104","Electric",2124,2
"337",NA,NA,NA
"101","Oil",1672,2
"101","Gas",919,1.5
"951",NA,NA,NA
"440",NA,NA,NA
"101","Gas",910,1
"104","Gas",1820,2
"930",NA,NA,NA
"440",NA,NA,NA
"105","Oil",3108,2
"105","Oil",2549,2
"101","Oil",1238,1.5
"101","Electric",835,1
"104","Gas",2570,2
"105","Electric",2856,3
"105","Gas",3906,3
"104","Gas",1934,2
"104","Gas",1752,2
"105","Oil",3564,3
"101","Oil",1715,1.5
"101","Gas",1093,1
"337",NA,NA,NA
"951",NA,NA,NA
"101","Gas",1842,1
"101","Electric",1267,1.5
"930",NA,NA,NA
"441",NA,NA,NA
"101","Gas",1494,2
"101","Gas",2117,2
"101","Oil",1505,1.5
"101","Electric",928,1
"101","Gas",1050,1
"101","Gas",1574,1.5
"101","Oil",988,1
"101","Oil",1075,1
"101","Oil",1320,1
"101","Oil",1182,1
"101","Gas",1305,1
"104","Electric",1908,2
"104","Oil",2296,2
"101","Gas",1480,1
"101","Electric",912,1
"101","Electric",912,1
"101","Gas",1406,1.5
"101","Oil",900,1
"130",NA,NA,NA
"101","Oil",1732,1
"951",NA,NA,NA
"930",NA,NA,NA
"104","Gas",3002,2
"101","Gas",2548,2
"101","Gas",1692,2
"101","Electric",900,1
"105","Gas",2687,2
"105","Oil",2895,2.5
"101","Electric",1120,1
"101","Oil",990,1
"104","Gas",2548,2
"101","Gas",1578,2
"101","Oil",768,1
"101","Oil",824,1
"101","Gas",983,1
"105","Electric",3832,2
"101","Oil",1080,1
"101","Oil",2204,2
"105","Gas",3078,3
"101","Gas",6399,NA
"101","Electric",984,1
"130",NA,NA,NA
"930",NA,NA,NA
"930",NA,NA,NA
"105","Oil",3196,2
"101","Oil",1155,1.5
"104","Gas",1972,2
"104","Oil",2806,2
"440",NA,NA,NA
"101","Oil",1568,2
"101","Oil",930,1
"104","Gas",2864,2
"130",NA,NA,NA
"101","Oil",2686,2
"104","Gas",2028,2
"104","Oil",3168,3
"101","Gas",960,1
"132",NA,NA,NA
"101","Oil",1485,2
"104","Oil",1964,2
"101","Oil",2759,2
"101","Gas",1960,2
"101","Oil",988,1
"101","Oil",852,1
"104","Gas",2928,2
"101","Oil",1536,2
"101","Oil",1032,1
"101","Gas",1295,1.5
"101","Gas",2215,2
"105","Gas",3211,2
"101","Gas",1210,1
"101","Oil",1183,1
"104","Gas",1524,2
"101","Gas",1958,2
"132",NA,NA,NA
"101","Oil",1588,1
"101","Oil",1400,1
"101","Gas",1154,1
"101","Gas",2260,1
"101","Gas",2060,2
"101","Gas",1754,1.5
"101","Gas",1316,1
"101","Oil",1404,2
"101","Oil",1674,2
"101","Oil",896,1
"101","Oil",1188,1
"101","Oil",1254,1
"101","Oil",2723,2
"104","Gas",2892,2
"104","Gas",3216,2
"101","Oil",1232,2
"101","Gas",1574,1
"101","Gas",1954,2
"101","Oil",930,1
"105","Oil",2448,2
"101","Oil",2330,2
"101","Gas",1224,1
"101","Oil",864,1
"132",NA,NA,NA
"101","Gas",1544,1.5
"101","Oil",2804,1.5
"101","Electric",912,1
"106",NA,NA,NA
"101","Oil",1008,1
"104","Oil",2612,2
"104","Gas",2988,2
"130",NA,NA,NA
"101","Gas",936,1
"101","Gas",1172,1
"101","Gas",984,1
"101","Gas",936,1
"132",NA,NA,NA
"101","Oil",969,1.5
"101","Gas",1801,2
"101","Oil",700,1
"101","Oil",1032,1.5
"104","Oil",3114,2
"104","Electric",2316,2
"440",NA,NA,NA
"962",NA,0,NA
"101","Oil",862,1
"101","Gas",1201,1.5
"013","Typical",4032,3
"930",NA,NA,NA
"105","Oil",2768,2
"104","Gas",2648,2
"101","Gas",1544,1.5
"132",NA,NA,NA
"101","Gas",1591,2
"104","Gas",2340,2
"101","Gas",1092,1
"104","Gas",1904,2
"105","Gas",2115,2
"132",NA,NA,NA
"101","Gas",840,1
"132",NA,NA,NA
"101","Gas",605,1
"101","Electric",1332,1
"101","Gas",1524,2
"104","Electric",1624,2
"101","Electric",1500,2
"132",NA,NA,NA
"101","Oil",1040,1
"101","Oil",912,1
"104","Gas",2112,2
"104","Oil",1664,2
"101","Gas",1282,1.5
"101","Gas",1077,1.5
"101","Gas",1122,1.5
"101","Oil",2454,2
"101","Electric",1164,1
"101","Oil",1104,1
"104","Gas",2504,2
"101","Gas",1794,2
"013","Typical",2726,2
"930",NA,NA,NA
"101","Gas",1324,1.5
"101","Oil",978,1
"930",NA,NA,NA
"104","Gas",1814,2
"101","Electric",928,1
"101","Oil",1756,1.5
"101","Gas",1478,1.5
"101","Electric",1400,1
"101","Electric",2616,2
"390",NA,NA,NA
"101","Electric",1218,1
"101","Electric",2506,1.5
"101","Gas",1709,2
"101","Oil",2354,2
"101","Oil",2063,2
"101","Oil",878,1
"104","Gas",2627,2
"104","Gas",2447,2
"130",NA,NA,NA
"101","Oil",1344,1
"104","Oil",2630,2
"104","Gas",1694,2
"132",NA,NA,NA
"101","Gas",1508,1
"101","Gas",1137,1.5
"101","Gas",1385,2
"101","Gas",1249,1
"132",NA,NA,NA
"105","Oil",4083,3
"105","Oil",3405,3
"423",NA,NA,NA
"930",NA,NA,NA
"104","Oil",2007,2
"105","Gas",3312,3
"101","Electric",960,1
"101","Gas",1056,1
"316",NA,NA,NA
"105","Gas",4266,3
"132",NA,NA,NA
"101","Oil",975,1
"101","Oil",1157,1.5
"951",NA,NA,NA
"130",NA,NA,NA
"101","Gas",1512,2
"101","Oil",1624,2
"101","Gas",1388,2
"130",NA,NA,NA
"101","Gas",960,1
"101","Gas",1060,1
"132",NA,NA,NA
"105","Gas",4038,3
"105","Gas",2944,2
"101","Oil",1040,1
"101","Oil",840,1
"101","Gas",1240,1
"101","Gas",1064,1
"101","Oil",960,1
"101","Gas",988,1
"101","Gas",1424,2
NA,NA,NA,NA
NA,NA,NA,NA
"101","Gas",1014,1
"101","Gas",1378,1.5
"101","Gas",942,1
"101","Oil",976,1
"314",NA,NA,NA
"996",NA,NA,NA
"101","Oil",900,1
"101","Gas",1960,2
"101","Gas",1080,1
"132",NA,NA,NA
"101","Gas",1210,1
"101","Gas",1403,1.5
"101","Oil",878,1
"101","Oil",942,1
"951",NA,NA,NA
"900",NA,NA,NA
"101","Oil",1374,2
"105","Gas",2968,2.5
"900",NA,NA,NA
"440",NA,NA,NA
"101","Gas",1456,2
"105","Gas",2111,2
"101","Oil",942,1
"101","Oil",1110,1
"101","Gas",2768,2
"101","Oil",1291,1
"132",NA,NA,NA
"101","Electric",960,1
"101","Oil",1675,1
"104","Gas",1908,2
"101","Oil",928,1
"101","Oil",1539,1.5
"132",NA,NA,NA
"101","Oil",1079,1
"101","Oil",1022,1
"101","Oil",942,1
"101","Oil",1632,2
"101","Oil",1105,1
"132",NA,NA,NA
"101","Oil",955,1
"101","Gas",1391,1
"101","Oil",2556,1
"101","Gas",878,1
"101","Gas",4504,2
"101","Gas",1668,1.5
"101","Electric",1086,1
"132",NA,NA,NA
"101","Oil",855,1
"132",NA,NA,NA
"101","Gas",976,1
"101","Electric",1350,1
"101","Electric",1162,1
"101","Gas",1802,2
"104","Oil",2918,2
"101","Electric",1586,1
"130",NA,NA,NA
"101","Oil",1960,1
"423",NA,NA,NA
"101","Gas",2056,2
"104","Gas",2801,2
"101","Gas",864,1
"101","Oil",1296,1
"936",NA,NA,NA
"104","Oil",2625,2
"101","Oil",942,1
"101","Oil",942,1
"101","Oil",2308,2
"104","Gas",2844,2
"132",NA,NA,NA
"104","Gas",2429,2
"101","Electric",1120,1
"101","Oil",1095,1
"101","Gas",1603,1
"101","Gas",2304,NA
"104","Oil",1703,1.5
"101","Oil",1098,1
"101","Gas",1810,2
"104","Gas",3653,2
"104","Oil",2504,2
"104","Oil",2240,2
"101","Electric",960,1
"101","Gas",1144,1
"105","Gas",3330,2
"104","Oil",2426,2
"101","Electric",1440,2
"101","Electric",976,1
"104","Gas",1538,2
"105","Electric",2226,2.5
"131",NA,NA,NA
"132",NA,NA,NA
"101","Oil",1343,1.5
"101","Oil",832,1
"101","Gas",1248,1
"101","Oil",942,1
"101","Gas",1022,1
"132",NA,NA,NA
"101","Electric",976,1
"101","Electric",912,1
"101","Gas",1032,1
"101","Gas",2078,2
"130",NA,NA,NA
"106",NA,NA,NA
"101","Gas",1024,1
"101","Oil",863,1
"105","Gas",3604,3
"105","Electric",3792,3
"101","Oil",942,1
"101","Oil",1182,1
"104","Gas",2122,2
"104","Oil",2068,2
"132",NA,NA,NA
"101","Gas",1872,2
"101","Oil",1478,1.5
"104","Oil",2146,2
"101","Gas",1814,1
"101","Gas",1810,1
"132",NA,NA,NA
"101","Oil",1428,1.5
"105","Coal or Wood",3348,3
"104","Electric",1764,2
"101","Gas",942,1
"101","Gas",1184,1
"104","Oil",2928,2
"104","Oil",2524,2
"101","Gas",1062,1
"101","Gas",2178,2
"101","Oil",1488,1
"101","Solar Assisted",1501,1.5
"105","Gas",2940,2
"101","Oil",3103,2.5
"101","Gas",960,1
"130",NA,NA,NA
"101","Electric",1272,1
"101","Oil",2256,2
"391",NA,NA,NA
"105","Electric",2656,2
"109","Gas",1112,1.5
"105","Gas",3528,3
"101","Gas",1554,1
"101","Oil",1210,1
"104","Gas",2266,2
"104","Gas",2202,2
"101","Oil",1104,1
"101","Oil",1586,1
"104","Oil",2160,2
"132",NA,NA,NA
"132",NA,NA,NA
"109","Oil",1716,2
"930",NA,NA,NA
"391",NA,NA,NA
"101","Gas",1816,2
"104","Gas",2334,2
"104","Oil",1908,2
"105","Oil",3126,3
"101","Oil",1804,1
"104","Gas",2744,2
"105","Gas",3639,3
"105","Oil",3486,3
"104","Oil",2452,2
"104","Oil",2620,2
"101","Gas",1894,2
"104","Gas",3222,2
"105","Gas",3456,3
"105","Oil",4290,3
"101","Electric",1248,1
"101","Electric",1176,1
"314",NA,NA,NA
"951",NA,NA,NA
"105","Oil",3549,3
"101","Oil",1456,2
"101","Gas",2331,2
"101","Gas",1254,1.5
"104","Oil",2489,2
"104","Oil",2209,2
"101","Gas",2042,2
"105","Gas",3435,3
"132",NA,NA,NA
"337",NA,NA,NA
"101","Gas",1060,1
"101","Gas",915,1.5
"900",NA,NA,NA
NA,NA,NA,NA
NA,NA,NA,NA
"101","Oil",1298,1.5
"105","Oil",2747,2
"132",NA,NA,NA
"101","Oil",1249,1
"441",NA,NA,NA
"101","Gas",2768,2
"101","Oil",1792,2
"101","Gas",1251,1
"109","Oil",1247,1.5
"101","Oil",2186,2
"101","Oil",1482,2
"104","Gas",2234,2
"101","Gas",1056,1
"101","Electric",1062,1
"101","Oil",1752,2
"101","Solar Assisted",1599,2
"105","Gas",2328,2
"104","Oil",2028,2
"132",NA,NA,NA
"131",NA,NA,NA
"104","Oil",3240,2
"105","Gas",2266,2
"101","Gas",1424,1.5
"101","Gas",1035,1
"101","Gas",1188,1
"106",NA,NA,NA
"101","Oil",1964,1.5
"101","Oil",1064,1
"101","Oil",1726,2
"106",NA,NA,NA
"936",NA,NA,NA
"104","Gas",2314,2
"104","Gas",2322,2
"105","Gas",3628,3
"101","Gas",1604,2
"101","Electric",1728,2
"105","Gas",4149,3
"101","Gas",984,1
"101","Oil",1440,2
"101","Oil",1241,1.5
"101","Oil",1300,2
"132",NA,NA,NA
"101","Oil",800,1
"101","Oil",676,1
"101","Oil",1132,1
"101","Gas",1138,1
"101","Oil",1320,1
"101","Electric",1346,1.5
"101","Oil",925,1
"104","Oil",2545,2
"101","Electric",1296,1
"101","Oil",1269,1
"101","Gas",2485,2
"105","Gas",2554,1.5
"101","Oil",1571,1
"101","Oil",1532,1
"101","Gas",1188,1.5
"101","Gas",1618,1.5
"101","Gas",1858,2
"105","Oil",2256,2
"101","Typical",432,1
"101","Gas",1800,2
"101","Oil",1508,2
"104","Gas",2232,2
"101","Oil",1092,1
"930",NA,NA,NA
"104","Oil",2908,2
"101","Oil",1869,2
"131",NA,NA,NA
"101","Oil",1613,2
"101","Electric",1386,1
"101","Electric",1329,1
"101","Oil",1928,2
"101","Oil",1669,1.5
"101","Oil",1206,1
"101","Gas",966,1
"104","Gas",2000,2
"101","Oil",1270,1
"101","Gas",960,1
"101","Electric",1296,1
"101","Gas",1236,1
"101","Electric",1320,1
"013","Gas",1040,2
"104","Gas",2758,2
"104","Gas",1496,2
"104","Gas",2208,2
"132",NA,NA,NA
"101","Gas",3093,1.5
"104","Gas",1737,1.5
"101","Oil",933,1.5
"101","Gas",1723,1
"101","Gas",3013,1.5
"132",NA,NA,NA
"101","Gas",1234,1.5
"101","Gas",1056,1
"101","Gas",1056,1
"101","Electric",1152,1
"101","Electric",1008,1
"957","Electric",2344,1
"101","Oil",1610,1.5
"104","Gas",2912,2
"101","Oil",1388,1.5
"101","Gas",1603,1
"101","Oil",2034,2
"101","Oil",1555,2
"930",NA,NA,NA
"957","Gas",2452,2
"132",NA,NA,NA
"101","Gas",1157,1.5
"101","Oil",1966,2
"101","Electric",1132,1
"101","Electric",1248,1
"101","Electric",2648,2
"101","Electric",1248,1
"101","Gas",1144,1
"101","Oil",1002,1
"101","Oil",1778,2
"101","Electric",1300,1
"101","Oil",1994,1
"132",NA,NA,NA
"101","Oil",1511,1
"101","Oil",900,1
"101","Oil",1096,1
"101","Oil",1104,1
"101","Gas",912,1
"101","Oil",1370,1
"101","Oil",1059,1
"101","Oil",1666,1
"104","Oil",2448,2
"105","Gas",3522,2.5
"101","Electric",1374,1
"101","Electric",2016,2
"101","Electric",1379,1
"101","Gas",1702,1
"105","Gas",2492,2
"104","Gas",2482,2
"101","Oil",864,1
"101","Oil",942,1
"101","Oil",1152,1
"101","Gas",2616,1.5
"101","Gas",2007,1
"101","Gas",1248,1
"101","Oil",942,1
"101","Gas",878,1
"101","Electric",976,1
"101","Electric",1239,1
"101","Oil",1076,1
"101","Oil",948,1
"131",NA,NA,NA
"101","Gas",1633,1.5
"101","Oil",2330,2
"101","Oil",1936,2
"101","Gas",816,1
"101","Electric",912,1
"101","Gas",1691,1
"101","Oil",1248,1
"101","Oil",1782,2
"101","Gas",2355,2
"101","Electric",1444,1
"101","Electric",928,1
"104","Electric",2000,2
"101","Gas",891,1
"101","Electric",1008,1
"101","Oil",1112,1
"101","Gas",1737,2
"101","Gas",1334,2
"101","Oil",816,1
"101","Oil",1234,2
"101","Gas",1339,2
"101","Oil",1227,1
"101","Oil",972,1
"101","Gas",1890,1
"101","Gas",991,1
"105","Gas",3708,3
"101","Electric",912,1
"101","Gas",1642,1
"104","Gas",2546,2
"104","Gas",2168,2
"101","Oil",1410,1
"101","Gas",1204,1
"101","Gas",3326,2
"105","Gas",3188,2
"101","Gas",1608,1
"101","Gas",1438,1
"101","Gas",1285,1.5
"101","Gas",1596,1
"101","Electric",1766,1
"101","Oil",1172,1
"101","Electric",1350,2
"101","Electric",912,1
"101","Gas",1694,2
"101","Oil",1440,2
"101","Oil",871,1.5
"101","Oil",1287,1.5
"101","Oil",1344,1
"101","Oil",1369,1
"104","Gas",3008,2
"104","Gas",2676,2
"101","Oil",1314,1
"101","Gas",912,1
"109","Electric",2643,2
"101","Oil",1586,2
"101","Gas",1190,1
"101","Oil",1373,1.5
"101","Oil",1056,1
"101","Oil",945,1
"101","Oil",1478,1
"101","Gas",1258,1
"106",NA,NA,NA
"106",NA,NA,NA
"105","Oil",2844,2
"104","Oil",2186,2
"104","Oil",2111,2
"101","Gas",1615,1.5
"101","Gas",1539,1
"101","Electric",2119,1
"101","Oil",1276,1
"101","Oil",1366,1
"101","Electric",1044,1
"132",NA,NA,NA
"101","Electric",960,1
"101","Electric",1268,1
"101","Gas",1818,2
"104","Oil",2142,2
"104","Oil",2228,2
"101","Gas",980,1
"390",NA,NA,NA
"390",NA,NA,NA
"101","Electric",1144,1
"101","Gas",1540,1
"101","Gas",980,1
"101","Electric",1566,1
"104","Gas",2900,2
"101","Oil",2080,1
"132",NA,NA,NA
"101","Gas",1745,1
"101","Oil",1056,1
"104","Oil",2052,2
"101","Electric",1136,1
"101","Electric",1122,1
"104","Electric",1710,2
"105","Gas",3456,3
"392",NA,NA,NA
"101","Oil",1321,1.5
"101","Oil",1780,2
"101","Gas",1296,1
"101","Electric",1182,1
"101","Oil",2074,2
"101","Gas",1538,1.5
"101","Electric",1423,1.5
"101","Gas",1092,1
"101","Gas",1196,1
"132",NA,NA,NA
"442",NA,NA,NA
"101","Oil",1000,1
"101","Gas",1756,1.5
"104","Gas",2470,2
"104","Gas",2610,2
"101","Gas",1736,2
"101","Oil",1426,1.5
"390",NA,NA,NA
"101","Gas",2268,2
"104","Gas",2002,2
"101","Gas",1346,2
"101","Gas",1973,1.5
"101","Gas",1405,1
"101","Gas",1413,1
"104","Oil",2800,2
"101","Gas",2038,1
"101","Gas",878,1
"101","Gas",1962,2
"104","Gas",3360,2
"101","Electric",1124,1
"101","Oil",864,1
"101","Gas",1603,1
"101","Oil",1036,1
"101","Gas",1056,1
"101","Gas",1445,2
"101","Electric",1080,1
"101","Electric",1124,1
"101","Gas",648,1
"101","Oil",1426,1
"101","Oil",1232,1
"101","Electric",1360,1
"101","Electric",928,1
"101","Electric",928,1
"104","Gas",2456,2
"104","Gas",2796,2
"101","Oil",1301,1
"104","Gas",1800,2
"104","Gas",2052,2
"104","Oil",2902,2
"101","Oil",1400,2
"101","Electric",1204,1
"101","Oil",1746,1.5
"101","Gas",1084,1
"101","Oil",1284,2
"104","Gas",2808,2
"101","Oil",1414,1.5
"101","Oil",780,1
"101","Electric",1248,1
"101","Gas",1142,1
"101","Oil",1012,1
"101","Oil",1620,1
"101","Oil",911,1
"101","Oil",864,1
"101","Oil",1024,1
"101","Oil",1560,1
"101","Gas",1880,1.5
"101","Oil",976,1
"132",NA,NA,NA
"101","Gas",1028,1
"101","Oil",1294,1.5
"101","Gas",1750,1
"101","Gas",942,1
"101","Gas",1060,1
"101","Gas",882,1
"101","Oil",924,1
"101","Oil",1018,1
"101","Gas",864,1
"101","Oil",1136,1
"104","Gas",1920,1
"101","Gas",1080,1
"101","Gas",3368,2
"101","Electric",1698,2
"101","Oil",1296,1
"104","Oil",1954,2
"101","Oil",1617,2
"104","Oil",1890,2
"101","Gas",2569,1.5
"132",NA,NA,NA
"101","Oil",864,1
"101","Oil",2032,1
"101","Oil",2264,1
"101","Oil",878,1
"101","Oil",864,1
"101","Gas",1370,1.5
"101","Oil",1358,1
"101","Gas",1560,1
"101","Oil",1183,1
"132",NA,NA,NA
"101","Oil",1228,1.5
"101","Oil",1274,1
"101","Oil",1110,1
"101","Gas",942,1
"101","Gas",878,1
"101","Gas",942,1
"101","Gas",1949,1
"101","Gas",1228,1
"101","Gas",1206,1
"101","Electric",1545,1
"101","Oil",1269,1
"132",NA,NA,NA
"423",NA,NA,NA
"101","Gas",1754,1.5
"101","Gas",2116,2
"390",NA,NA,NA
"132",NA,NA,NA
"101","Oil",955,1
"101","Oil",1062,1
"101","Gas",966,1
"930",NA,NA,NA
"101","Oil",946,1
"101","Gas",1422,1
"132",NA,NA,NA
"391",NA,NA,NA
"101","Oil",1224,1
"101","Gas",1040,1
"101","Oil",955,1
"101","Gas",894,1
"101","Gas",1988,2
"101","Oil",1252,1
"101","Gas",955,1
"101","Oil",942,1
"930",NA,NA,NA
"101","Electric",2028,1
"101","Oil",955,1
"101","Electric",894,1
"104","Oil",2661,2
"111","Gas",5298,3
"101","Oil",998,1
"101","Gas",1059,1
"101","Gas",2190,2
"101","Gas",3107,2.5
"132",NA,NA,NA
"936",NA,NA,NA
"104","Gas",2032,2
"104","Gas",1620,2
"101","Gas",2091,1.5
"101","Gas",1374,1
"101","Electric",1024,1
"105","Gas",3372,3
"101","Oil",2060,1
"101","Oil",1446,1
"105","Gas",3238,3
"104","Oil",2416,2
"101","Gas",1232,1
"101","Electric",1426,1
"104","Gas",2072,2
"104","Gas",2158,2
"101","Gas",1402,1
"101","Oil",1872,2
"101","Gas",1302,1
"101","Gas",1186,1
"130",NA,NA,NA
"104","Oil",1785,2
"104","Oil",2076,2
"101","Oil",1100,2
"101","Gas",2545,2
"101","Gas",1246,2
"104","Gas",2216,2
"104","Gas",2457,2
"104","Gas",2596,2
"104","Oil",3423,2
"101","Gas",1612,2
"101","Oil",1750,1.5
"131",NA,NA,NA
"101","Gas",1218,2
"131",NA,NA,NA
"101","Oil",912,1
"101","Oil",1212,1
"930",NA,NA,NA
"104","Oil",2088,2
"104","Oil",2682,2
"101","Gas",964,1
"101","Oil",878,1
"101","Oil",1794,1
"101","Electric",1600,1
"101","Oil",988,1
"104","Oil",1976,2
"101","Electric",1062,1
"013","Typical",1254,1.5
"101","Gas",1282,1
"101","Oil",1005,1
"101","Gas",2028,2
"101","Oil",1790,2
"956","Typical",3884,2
"013","Gas",4437,2.5
"101","Oil",1502,1
"101","Gas",2428,2
"104","Gas",2431,2
"101","Oil",1537,2
"101","Gas",1400,1
"101","Gas",875,1
"101","Gas",1508,2
"104","Gas",2367,2
"101","Oil",840,1
"101","Oil",1090,1
"101","Gas",1416,1
"101","Gas",2240,1
"101","Gas",1298,1
"104","Oil",2236,2
"101","Gas",1486,2
"104","Electric",2160,2
"101","Gas",1565,1.5
"101","Gas",878,1
"101","Oil",2036,2
"101","Electric",1236,1
"104","Gas",2246,2
"101","Gas",1530,2
"101","Gas",2336,2
"105","Gas",3074,2
"390",NA,0,NA
"337",NA,NA,NA
"104","Gas",2126,2
"101","Oil",1134,1
"104","Gas",1853,2
"104","Gas",2939,2
"101","Electric",1634,1
"101","Oil",1751,1
"104","Gas",2300,2
"101","Gas",1558,2
"101","Electric",1390,1
"101","Oil",1412,1
"101","Gas",1281,1.5
"104","Electric",1908,2
"101","Oil",1112,1
"101","Oil",1426,1.5
"101","Gas",1296,1
"104","Oil",2140,2
"104","Oil",1869,2
"101","Coal or Wood",1660,2
"101","Oil",1599,1
"101","Oil",1540,2
"105","Oil",2510,2
"104","Oil",2029,2
"106",NA,NA,NA
"132",NA,NA,NA
"101","Electric",1966,2
"101","Electric",1248,1
"101","Oil",1152,1
"132",NA,NA,NA
"101","Electric",1349,1
"101","Electric",1324,1
"101","Electric",1042,1
"101","Gas",984,1
"104","Gas",2044,2
"101","Gas",1189,1
"101","Oil",1098,1
"104","Oil",2657,2
"104","Gas",1964,2
"101","Gas",1748,1
"101","Gas",2016,2
"101","Electric",1776,1
"132",NA,NA,NA
"101","Oil",1080,1
"101","Electric",1134,1
"101","Oil",2666,2
"109","Gas",1904,2
"101","Oil",1338,1.5
"132",NA,NA,NA
"442",NA,NA,NA
"104","Gas",2222,2
"104","Gas",2868,2
"101","Oil",1284,1
"101","Oil",2142,1.5
"101","Gas",1215,1
"101","Oil",650,1
"101","Oil",1502,1.5
"104","Oil",2800,2
"101","Gas",1872,2
"101","Gas",675,1
"101","Gas",1056,1
"104","Gas",1976,2
"101","Electric",912,1
"101","Electric",912,1
"101","Gas",1708,2
"104","Electric",1967,2
"101","Oil",1778,2
"101","Oil",2069,2
"101","Gas",2198,2
"101","Oil",1080,1
"104","Gas",1952,2
"013","Gas",3723,2
"104","Oil",2184,2
"104","Gas",2418,2
"101","Gas",1704,1
"101","Gas",630,1
"101","Oil",1110,1
"101","Electric",1008,1
"101","Oil",1287,1.5
"101","Gas",1298,2
"101","Gas",1470,2
"101","Gas",960,1
"101","Oil",1412,1.5
"101","Gas",1632,2
"132",NA,NA,NA
"104","Electric",1908,2
"101","Oil",1485,1.5
"104","Electric",1630,2
NA,NA,NA,NA
NA,NA,NA,NA
"101","Gas",1400,0
"132",NA,NA,NA
"440",NA,NA,NA
"101","Gas",1056,1
"101","Electric",942,1
"132",NA,NA,NA
"101","Oil",820,1
"101","Oil",1412,1
"101","Gas",1176,1
"101","Oil",1876,1.5
"101","Gas",1396,2
"101","Gas",1060,1
"101","Oil",1764,2
"104","Electric",1976,2
"105","Gas",3240,3
"101","Gas",960,1
"132",NA,NA,NA
"130",NA,NA,NA
"132",NA,NA,NA
"101","Gas",1390,1
"101","Oil",660,1
"104","Gas",2208,2
"104","Gas",1800,2
"101","Oil",1204,1
"101","Oil",1290,1
"101","Oil",1124,1
"104","Gas",2420,2
"423",NA,NA,NA
"101","Gas",1485,1
"104","Gas",1995,2
"104","Gas",1764,2
"101","Oil",1366,1.5
"101","Oil",1232,1
"101","Gas",1936,2
"104","Oil",2800,2
"101","Gas",1282,1
"101","Electric",1729,2
"101","Oil",843,1
"101","Oil",1550,1.5
"101","Gas",3104,1.5
"104","Oil",2800,2
"101","Electric",956,1
"101","Gas",1056,1
"101","Oil",1194,1
"130",NA,NA,NA
"104","Oil",3190,2
"101","Gas",1192,1
"101","Oil",1488,1
"101","Oil",878,1
"101","Oil",1442,1
"101","Oil",1108,1
"101","Oil",878,1
"101","Oil",942,1
"132",NA,NA,NA
"930",NA,NA,NA
"101","Gas",864,1
"101","Oil",955,1
"101","Gas",924,1
"132",NA,NA,NA
"132",NA,NA,NA
"101","Oil",1442,1
"101","Electric",1184,1
"392",NA,NA,NA
"101","Oil",1136,1
"101","Oil",1238,1
"104","Oil",2800,2
"101","Oil",1243,1
"101","Gas",1147,1
"101","Gas",955,1
"101","Oil",1092,1
"104","Oil",1750,2
"101","Oil",966,1
"101","Oil",1315,1
"104","Oil",2128,2
"101","Oil",1345,1
"101","Gas",1303,1
"101","Oil",894,1
"101","Oil",1058,1
"101","Gas",1104,1
"101","Gas",2120,2
"930",NA,NA,NA
"106",NA,NA,NA
"101","Electric",1196,1
"101","Oil",1416,1
"101","Gas",1032,1
"101","Electric",1238,1
"101","Gas",1648,1
"101","Gas",1056,1
"104","Oil",2800,2
"132",NA,NA,NA
"101","Electric",804,1
"132",NA,NA,NA
"101","Gas",1050,1
"101","Oil",1221,1
"101","Oil",1194,1
"101","Gas",1563,1
"101","Gas",1588,2
"101","Electric",1400,1
"101","Electric",1610,1
"101","Gas",1104,1
"101","Gas",1389,1.5
"101","Gas",1352,1
"101","Electric",1862,1
"101","Oil",1249,1
"131",NA,NA,NA
"130",NA,NA,NA
"101","Electric",2222,2
"101","Electric",1440,1
"101","Gas",1346,1.5
"104","Oil",1976,2
"104","Electric",2052,2
"101","Gas",912,1
"101","Gas",1008,1
"130",NA,NA,NA
"101","Oil",1390,1
"423",NA,NA,NA
"101","Oil",1715,2
"101","Oil",1200,1
"101","Gas",972,1
"101","Gas",960,1
"101","Electric",1120,1
"101","Gas",1715,2
"132",NA,NA,NA
"101","Electric",912,1
"101","Electric",912,1
"101","Oil",1503,1
"101","Gas",1548,1
"101","Electric",912,1
"101","Electric",952,1
"101","Electric",988,1
"101","Gas",1202,1
"132",NA,NA,NA
"101","Electric",1200,1
"101","Electric",960,1
"101","Electric",1016,1
"101","Gas",1234,2
"101","Gas",1040,1
"101","Gas",2406,1
"132",NA,NA,NA
"130",NA,NA,NA
"111","Typical",4145,2
"101","Oil",3688,2
"101","Oil",983,1
"101","Gas",1241,1
"104","Gas",2800,2
"101","Gas",1296,1
"101","Gas",1084,1
"101","Oil",1070,1
"101","Gas",560,1
"101","Oil",1902,1.5
"101","Oil",1852,1
"101","Oil",1400,2
"104","Gas",2800,2
"101","Oil",1400,2
"101","Oil",1400,2
"101","Oil",1520,1
"132",NA,NA,NA
"105","Gas",2875,2
"337",NA,NA,NA
"101","Gas",972,1
"101","Gas",1272,1
"101","Oil",1574,1
"101","Oil",1632,1
"101","Oil",912,1
"101","Gas",915,1
"101","Oil",1516,2
"930",NA,NA,NA
"974",NA,NA,NA
"101","Gas",1783,2
"101","Electric",1816,1
"101","Oil",1344,1
"101","Oil",2161,2
"101","Oil",1697,1
"974",NA,NA,NA
"101","Gas",1500,2
"337",NA,NA,NA
"104","Gas",1944,2
"101","Electric",1504,1
"132",NA,NA,NA
"101","Oil",1644,1
"104","Oil",2126,2
"101","Oil",1279,1
"101","Electric",1770,1.5
"101","Electric",2024,1
"101","Oil",1126,1
"104","Electric",2085,2
"101","Gas",2562,2
"101","Gas",1500,2
"101","Oil",2114,1.5
"101","Oil",878,1
"101","Oil",900,1
"104","Gas",2416,2
"101","Oil",1040,1
"101","Gas",1064,1
"101","Oil",2446,2
"104","Gas",1845,1.5
"101","Oil",1669,2
"101","Gas",2121,2
"101","Gas",1492,1
"101","Oil",1044,1
"101","Oil",1046,1
"101","Oil",966,1
"101","Gas",1302,1
"104","Gas",2636,2
"101","Gas",1696,2
"132",NA,NA,NA
"101","Oil",1152,1
"101","Electric",2220,1
"101","Oil",966,1
"101","Oil",1172,1
"101","Oil",864,1
"104","Gas",2184,1.5
"101","Gas",1068,1
"104","Gas",2970,2
"101","Gas",1018,1.5
"101","Gas",864,1
"101","Oil",1182,1
"101","Electric",1042,1
"101","Gas",1384,2
"101","Oil",871,1.5
"101","Oil",1367,1
"104","Gas",1781,2
"101","Oil",1282,1
"101","Oil",966,1
"101","Gas",1212,1
"104","Oil",1854,2
"101","Oil",1227,1
"101","Oil",1374,2
"104","Oil",2583,2
"101","Gas",1935,1
"101","Gas",1921,2
"104","Gas",1267,1.5
"104","Oil",1920,2
"101","Oil",1078,1
"101","Gas",892,1
"101","Electric",1031,1
"101","Electric",1031,1
"101","Oil",966,1
"101","Oil",1008,1
"101","Electric",1000,1
"104","Oil",2184,2
"101","Gas",1274,1
"101","Oil",1076,1
"101","Gas",1530,1
"101","Oil",1042,1
"101","Gas",1176,1
NA,NA,NA,NA
NA,NA,NA,NA
"101","Oil",1304,1
"101","Gas",2098,2
"390",NA,NA,NA
NA,NA,NA,NA
NA,NA,NA,NA
"101","Oil",1264,1
"101","Oil",1482,1
"101","Electric",1098,1
"423",NA,NA,NA
"101","Gas",2880,2
"104","Oil",2134,2
"101","Gas",976,1
"101","Oil",1354,1.5
"101","Oil",996,1
"101","Oil",1288,1
"101","Oil",1514,1.5
"101","Oil",1240,1.5
"101","Electric",1048,1
"132",NA,NA,NA
"101","Electric",1104,1
"101","Gas",1054,1
"101","Gas",1651,1
"132",NA,NA,NA
"936",NA,NA,NA
"101","Oil",2340,2
"101","Gas",1056,1
"101","Gas",1040,1
"101","Oil",1232,1
"132",NA,NA,NA
"951",NA,NA,NA
"132",NA,NA,NA
"101","Gas",1242,2
"337",NA,NA,NA
"101","Oil",1170,1
"101","Gas",1056,1
"104","Oil",2052,2
"101","Oil",1556,1
"101","Oil",1907,1.5
"101","Gas",1584,1
"101","Gas",1596,2
"101","Gas",1302,1.5
"101","Gas",2666,2
"391",NA,NA,NA
"101","Gas",1175,1
"101","Gas",1460,1
"101","Oil",1614,1.5
"101","Gas",1903,1
"101","Electric",1754,1
"101","Gas",1200,1
"105","Gas",3096,2
NA,NA,NA,NA
NA,NA,NA,NA
"132",NA,NA,NA
"132",NA,NA,NA
"105","Gas",3342,3
"104","Electric",1344,2
"101","Oil",1930,2
"101","Oil",1332,2
"101","Gas",1664,2
"111","Typical",5608,2
"101","Gas",1500,2
"101","Gas",462,1
"105","Gas",3342,3
"101","Oil",1283,1
"959","Gas",1634,1
"105","Oil",3652,3
"101","Oil",990,1
"101","Gas",1978,1
"101","Electric",1180,1
"101","Electric",960,1
"130",NA,NA,NA
"104","Electric",2052,2
"101","Gas",1806,1
"101","Gas",1414,1
"101","Oil",790,1
"101","Electric",976,1
"101","Gas",2600,1.5
"104","Oil",1664,2
"101","Oil",1080,1
"101","Oil",1287,1.5
"131",NA,NA,NA
"101","Gas",1062,1
"101","Oil",1513,2
"104","Oil",2230,2
"101","Electric",950,1
"101","Oil",768,1
"440",NA,NA,NA
"101","Gas",960,1
"101","Oil",1736,1
"101","Oil",1237,1
"101","Electric",1372,1
"423",NA,NA,NA
"101","Gas",1349,1
"101","Gas",2208,2
"101","Oil",1048,1
"101","Gas",1248,1
"101","Gas",1127,2
"101","Gas",2080,2
"101","Gas",2000,1
"132",NA,NA,NA
"101","Oil",1048,1
"101","Oil",1058,1
"130",NA,NA,NA
"936",NA,NA,NA
"104","Electric",1908,2
"101","Gas",1201,1.5
"101","Gas",1288,1
"101","Gas",1560,1
"104","Oil",2112,2
"101","Oil",1346,1
"101","Gas",960,1
"101","Oil",1148,1.5
"101","Gas",1336,1
"101","Gas",1088,1
"101","Oil",1026,1
"930",NA,NA,NA
"101","Oil",1144,1
"101","Oil",2385,2
"101","Gas",1014,1
"106",NA,NA,NA
"101","Oil",1295,1
"101","Oil",2034,1
"101","Gas",1728,2
"101","Gas",1114,1
"936",NA,NA,NA
"422",NA,0,NA
"101","Gas",2820,NA
"930",NA,NA,NA
"101","Gas",960,1
"101","Oil",1068,1
"101","Oil",1059,1
"101","Oil",1080,1
"131",NA,NA,NA
"101","Gas",1393,1
"101","Oil",1320,1
"101","Oil",1199,1
"101","Oil",1232,1
"101","Gas",1380,1
"132",NA,NA,NA
"104","Oil",2371,2
"101","Gas",1144,1
"101","Oil",1402,2
"101","Oil",2736,2
"101","Gas",900,1
"104","Oil",2288,2
"101","Gas",1563,1
"101","Oil",1234,1.5
"101","Oil",1458,1.5
"101","Gas",1056,1
"101","Gas",1002,1
"106",NA,NA,NA
"132",NA,NA,NA
"930",NA,NA,NA
"101","Gas",1211,1.5
"101","Oil",864,1
"101","Gas",950,1
"101","Gas",1120,1
"104","Oil",2800,2
"101","Gas",1158,1.5
"101","Electric",912,1
"101","Oil",1602,1
"101","Gas",1400,2
"101","Electric",1277,1
"101","Electric",1346,1.5
"101","Gas",2404,2
"101","Gas",1284,1
"101","Oil",1044,1
"101","Oil",1056,1
"101","Oil",1216,1
"101","Oil",1254,1
"440",NA,NA,NA
"101","Gas",1092,1
"101","Oil",1032,1
"101","Oil",950,1
"132",NA,NA,NA
"104","Oil",1386,1.5
"101","Gas",1367,1
"101","Gas",1200,1
"101","Gas",1025,1
"101","Gas",1346,1.5
"423",NA,NA,NA
"101","Oil",1577,1
"101","Oil",1248,1
"101","Oil",690,1.5
"101","Gas",845,1
"132",NA,NA,NA
"101","Gas",912,1
"101","Oil",1315,1
"101","Oil",1463,1
"101","Oil",1390,1
"101","Gas",983,1
"101","Gas",983,1
"101","Gas",1233,1
"101","Oil",936,1
"101","Oil",1180,1
"101","Oil",1092,1
"101","Oil",1355,1
"106",NA,NA,NA
"101","Oil",1397,1.5
"922",NA,NA,NA
"101","Electric",1300,1
"101","Oil",972,1
"101","Oil",1352,2
"013","Gas",2120,2
"101","Gas",966,1
"101","Oil",936,1
"101","Oil",1560,1
"101","Oil",1080,1
"104","Gas",2800,2
"105","Oil",3280,2
"101","Gas",1344,1
"101","Gas",1588,1
"104","Oil",2800,2
"101","Gas",1400,2
"101","Gas",1017,1
"101","Gas",1057,1
"104","Oil",2800,2
"104","Oil",2800,2
"101","Electric",864,1
"101","Oil",936,1
"101","Gas",1096,1
"101","Gas",700,1
"101","Oil",1064,1
"101","Oil",1336,1
"101","Oil",980,1
"101","Oil",1040,1
"132",NA,NA,NA
"132",NA,NA,NA
"101","Gas",900,1
"101","Gas",1560,1
"101","Gas",1808,2
"101","Gas",1272,1
"101","Oil",1518,1
"101","Oil",1087,1
"132",NA,NA,NA
"101","Gas",1116,1
"101","Gas",2028,1
"101","Gas",1232,1
"101","Gas",1201,1.5
"130",NA,NA,NA
"101","Gas",1312,1
"101","Gas",1144,1
"101","Gas",1056,1
"101","Gas",1056,1
"101","Gas",1199,1
"101","Oil",912,1
"962",NA,0,NA
"104","Oil",2340,2
"101","Oil",2880,1.5
"101","Oil",1202,1
"951",NA,NA,NA
"101","Gas",1482,2
"101","Oil",1540,1
"101","Oil",1508,1
"101","Oil",1882,1.5
"101","Gas",1056,1
"101","Coal or Wood",1099,1.5
"101","Gas",2208,2
"101","Gas",1040,1
"101","Gas",1321,1
"101","Oil",1312,1
"101","Oil",1084,1
"111","Typical",3601,3
"013","Oil",1852,2
"101","Gas",1216,1
"101","Gas",1232,1
"959","Oil",1428,1
"101","Gas",972,1
"101","Oil",1182,1
"101","Gas",1401,1
"101","Gas",1056,1
"101","Oil",1440,1
"390",NA,NA,NA
"104","Gas",2008,2
"132",NA,NA,NA
"101","Oil",1701,1.5
"104","Oil",2596,2
"101","Gas",1177,1
"101","Oil",1834,1
"101","Oil",1354,1
"101","Gas",1200,1
"101","Gas",1470,2
"101","Oil",966,1.5
"101","Oil",1241,1.5
"101","Oil",1474,2
"101","Electric",1300,1
"101","Gas",1080,1
"104","Gas",1952,2
"101","Electric",1154,2
"105","Electric",2124,2
"101","Electric",2000,1.5
"101","Oil",1674,1.5
"104","Electric",2468,2
"104","Gas",1788,2
"101","Gas",1688,2
"423",NA,NA,NA
"101","Oil",1222,1
"130",NA,NA,NA
"101","Electric",1080,1
"101","Gas",1829,1
"101","Gas",1380,1
"101","Gas",1056,1
"101","Electric",1040,1
"423",NA,NA,NA
"101","Gas",1031,1
"101","Oil",1380,1
"101","Gas",1162,1.5
"101","Oil",1016,1
"101","Electric",1920,2
"101","Oil",960,1
"101","Gas",1764,2
"104","Oil",1362,1.5
"132",NA,NA,NA
"101","Oil",1126,1
"104","Gas",2046,2
"101","Gas",1282,1
"101","Gas",864,1
"101","Gas",1032,1
"132",NA,NA,NA
"104","Oil",2098,2
"101","Gas",955,1
"951",NA,NA,NA
"104","Gas",2223,2
"104","Oil",2516,2
"101","Coal or Wood",1452,2
"101","Oil",1339,1
"104","Oil",1736,2
"101","Oil",1075,1.5
"337",NA,NA,NA
"104","Oil",3060,2
"101","Oil",983,1
"101","Gas",1254,1
"101","Oil",1239,2
"101","Oil",1646,1.5
"974",NA,NA,NA
"101","Gas",1850,2
"101","Gas",1008,1
"101","Oil",950,1
"101","Oil",1020,1
"101","Oil",1544,1
"101","Gas",768,1
"104","Gas",2273,2
"101","Oil",1404,1
"101","Oil",1632,2
"132",NA,NA,NA
"132",NA,NA,NA
"101","Gas",1664,1
"101","Gas",1328,1
"900",NA,NA,NA
"962",NA,0,NA
"101","Oil",1472,2
"930",NA,NA,NA
"391",NA,NA,NA
"337",NA,NA,NA
"104","Gas",2216,2
"101","Oil",1856,2
"930",NA,NA,NA
"132",NA,NA,NA
"101","Gas",1056,1
"101","Gas",1056,1
"101","Gas",1001,1
"951",NA,NA,NA
"101","Gas",1425,1
"101","Gas",1346,1
"101","Oil",2103,2
"442",NA,NA,NA
"101","Oil",924,2
"104","Gas",1990,2
"101","Gas",1193,1.5
"101","Oil",1401,2
"132",NA,NA,NA
"132",NA,NA,NA
"101","Gas",1014,1
"101","Gas",1196,1
"101","Oil",1104,1.5
"101","Oil",1041,1.5
"101","Oil",1044,1.5
"104","Electric",1888,2
"101","Oil",1117,1.5
"101","Gas",2299,1.5
"104","Gas",2970,2
"101","Oil",1150,1.5
"101","Gas",1220,1
"101","Gas",1040,1
"101","Gas",1711,2
"104","Electric",1908,2
"101","Gas",2340,1
"101","Gas",1227,1
"132",NA,NA,NA
"440",NA,NA,NA
"101","Gas",1287,1
"101","Gas",992,1
"101","Gas",1056,1
"101","Oil",780,1
"101","Oil",1700,1
"101","Oil",864,1
"104","Electric",3060,2
"104","Oil",2252,2
"132",NA,NA,NA
"101","Electric",960,1
"101","Gas",1020,1
"101","Electric",1104,1
"101","Oil",2060,1
"101","Gas",1056,1
"440",NA,NA,NA
"403",NA,NA,NA
"101","Gas",1496,1
"101","Gas",1426,1
"101","Oil",864,1
"101","Gas",864,1
"101","Gas",864,1
"101","Oil",1392,1
"101","Gas",955,1
"101","Oil",864,1
"101","Gas",1026,1
"101","Gas",1348,1
"101","Gas",864,1
"101","Gas",864,1
"101","Electric",960,1
"101","Gas",1396,1
"104","Gas",2540,2
"101","Oil",1172,1
"111","Typical",2716,2
"104","Gas",2688,2
"101","Gas",1073,1
"101","Oil",3478,1
"390",NA,NA,NA
"390",NA,NA,NA
"101","Gas",1315,1.5
"104","Gas",1980,2
"392",NA,NA,NA
"101","Gas",1771,1.5
"101","Gas",1302,2
"101","Oil",735,1
"132",NA,NA,NA
"101","Gas",1014,1
"101","Oil",1208,1
"131",NA,NA,NA
"101","Gas",1951,1.5
"101","Gas",1928,1
"922",NA,NA,NA
"101","Electric",1472,1
"101","Oil",1207,1.5
"101","Oil",684,1
"132",NA,NA,NA
"101","Oil",1071,1
"132",NA,NA,NA
"105","Gas",3306,3
"101","Gas",1074,1
"104","Gas",1340,1.5
"101","Typical",2354,2
"101","Oil",2316,1
"101","Electric",1308,1
"101","Gas",1267,1.5
"101","Electric",1586,1
"101","Gas",966,1
"101","Electric",1148,1
"101","Electric",950,1
"101","Gas",1008,1
"101","Gas",1163,1
"101","Gas",1056,1
"101","Oil",1456,2
"132",NA,NA,NA
"101","Gas",1691,2
"101","Oil",1144,1
"101","Electric",912,1
"101","Gas",988,1
"101","Gas",1056,1
"132",NA,NA,NA
"106",NA,NA,NA
"101","Gas",1062,1
"101","Gas",1190,1
"101","Gas",958,1
"013","Oil",2520,2
"106",NA,NA,NA
"101","Electric",1042,1
"101","Gas",1756,1.5
"130",NA,NA,NA
"101","Gas",1298,2
"101","Gas",1336,1
"101","Oil",1252,1
"101","Gas",2282,1
"101","Gas",1250,1
"101","Gas",1184,1
"101","Oil",1308,1
"101","Gas",1934,1
"101","Gas",1170,1
"104","Coal or Wood",1536,2
"101","Oil",1796,1.5
"101","Oil",1040,1
"440",NA,NA,NA
"101","Oil",1176,1
"101","Oil",900,1
"101","Gas",934,1
"101","Gas",1109,1.5
"132",NA,NA,NA
"101","Gas",911,1
"101","Gas",747,1
"930",NA,NA,NA
"101","Electric",1320,1
"101","Oil",1680,1.5
"101","Oil",1202,1
"101","Gas",1434,2
"101","Gas",1584,2
"101","Electric",1042,1
"101","Electric",1042,1
"132",NA,NA,NA
"105","Oil",2880,2
"101","Oil",1195,1
"101","Oil",1334,1
"105","Gas",3546,3
"132",NA,NA,NA
"104","Oil",2800,2
"104","Oil",2800,2
"132",NA,NA,NA
"131",NA,NA,NA
"101","Electric",1080,1
"104","Oil",2820,2
"101","Oil",994,1
"101","Gas",1171,1
"101","Gas",912,1
"101","Gas",1036,1.5
"101","Gas",900,1
"101","Oil",915,1
"101","Gas",1056,1
"101","Oil",1209,1
"101","Oil",994,1
"101","Oil",1156,1
"101","Oil",2580,2
"101","Oil",1024,1
"930",NA,NA,NA
"101","Electric",1488,2
"101","Gas",2512,2
"101","Gas",1063,1
"101","Oil",450,1
"101","Gas",1440,1
"101","Electric",960,1
"132",NA,NA,NA
"101","Electric",1020,1
"101","Gas",988,1
"101","Gas",1316,1
"101","Oil",1104,1
"101","Oil",949,1
"101","Gas",1263,1
"101","Gas",1267,1.5
"101","Gas",1300,2
"132",NA,NA,NA
"101","Oil",1459,1.5
"101","Oil",864,1
"101","Electric",1267,1.5
"105","Oil",2316,3
"132",NA,NA,NA
"101","Electric",1502,1
"101","Oil",1476,1
"101","Oil",1360,1
"104","Oil",2800,2
"101","Electric",942,1
"101","Electric",1008,1
"101","Gas",1248,1
"101","Gas",1322,1
"101","Electric",1272,1
"101","Oil",1647,2
"101","Gas",1312,1
"101","Gas",2290,1
"930",NA,NA,NA
"101","Gas",1632,2
"101","Gas",1894,1.5
"101","Oil",1806,1.5
"101","Gas",1440,2
"101","Gas",1128,1
"101","Gas",1078,1
"101","Oil",1040,1
"101","Oil",1168,1
"101","Electric",1418,1.5
"101","Gas",1768,1.5
"101","Oil",1040,1
"101","Electric",1790,2
"132",NA,NA,NA
"101","Oil",1550,1
"101","Electric",1556,1
"101","Oil",1512,2
"101","Gas",2228,1
"101","Gas",973,1
"101","Gas",1000,1
"101","Gas",1176,1
"101","Oil",1583,1
"101","Electric",1008,1
"132",NA,NA,NA
"101","Electric",1044,1
"101","Electric",1602,2
"101","Electric",1042,1
"101","Gas",1072,1
"101","Gas",1522,1
"101","Oil",1374,1
"101","Electric",1476,1.5
"101","Electric",1042,1
"101","Electric",1056,1
"101","Gas",1048,1
"101","Gas",888,1
"101","Oil",936,1
"101","Oil",1571,1.5
"101","Oil",1215,1
"101","Oil",936,1
"101","Oil",966,1
"930",NA,NA,NA
"104","Gas",1872,2
"101","Oil",936,1
"101","Gas",1739,1
"132",NA,NA,NA
"132",NA,NA,NA
"101","Electric",1960,2
"101","Gas",1440,2
"101","Oil",2192,2
"101","Gas",1482,1
"101","Gas",1555,2
"959","Electric",2670,1
"101","Gas",1334,1
"130",NA,NA,NA
"101","Oil",966,1
"951",NA,NA,NA
"132",NA,NA,NA
"101","Oil",1098,1
"962",NA,0,NA
"101","Oil",1281,2
"101","Oil",1542,1
"101","Oil",1152,1
"104","Oil",2354,2
"101","Gas",1758,2
"101","Gas",1330,1.5
"101","Oil",1922,1
"101","Gas",900,1.5
"104","Gas",2288,2
"101","Gas",1472,1
"101","Oil",1306,1
"105","Gas",4050,3
"101","Oil",936,1
"101","Oil",1491,1.5
"101","Gas",1518,1
"101","Gas",1472,1
"101","Oil",1344,1
"101","Electric",864,1
"101","Electric",1508,1
"101","Gas",2292,2
"101","Oil",934,1
"101","Gas",1320,1
"101","Gas",1242,1
"101","Oil",1412,1.5
"101","Gas",934,1
"101","Oil",1928,1
"101","Gas",1284,1
"101","Gas",1119,1
"101","Oil",994,1
"101","Gas",1459,1.5
"101","Gas",2088,1
"132",NA,NA,NA
"101","Oil",1348,2
"101","Gas",1092,1
"101","Oil",1561,1
"101","Gas",1286,2
"132",NA,NA,NA
"101","Oil",1426,1.5
"101","Oil",1412,1
"101","Gas",1785,2
"101","Gas",1348,1.5
"101","Electric",1498,1
"101","Gas",1321,1
"440",NA,NA,NA
"101","Gas",1090,1.5
"101","Gas",912,1
"101","Gas",1190,1
"101","Gas",2144,2
"104","Gas",2240,2
"101","Gas",1248,1
"101","Gas",1242,1
"101","Oil",1104,1
"101","Gas",2340,2
"101","Oil",1170,1
"013","Oil",1162,1.5
"101","Gas",1924,1
"101","Electric",976,1
"104","Gas",2128,2
"104","Gas",2693,2
"101","Electric",950,1
"101","Electric",1008,1
"101","Gas",1022,1.5
"104","Oil",1984,2
"132",NA,NA,NA
"101","Electric",880,1
"132",NA,NA,NA
"101","Gas",2254,1
"423",NA,NA,NA
"423",NA,NA,NA
"101","Electric",950,1
"132",NA,NA,NA
"101","Electric",1216,1
"132",NA,NA,NA
"101","Electric",1078,1
"101","Electric",1344,2
"101","Gas",864,1
"101","Gas",864,1
"013","Coal or Wood",1848,1
"930",NA,NA,NA
"101","Electric",1400,1
"101","Oil",1120,1
"433",NA,NA,NA
"390",NA,NA,NA
"101","Electric",1236,1
"101","Electric",1080,1
"930",NA,NA,NA
"109","Gas",1092,2
"101","Gas",1199,1
"101","Electric",1346,1.5
"132",NA,NA,NA
"101","Gas",2448,2
"423",NA,NA,NA
"442",NA,NA,NA
"101","Oil",864,1
"101","Gas",1020,1
"101","Oil",1328,1
"101","Oil",1227,1
"132",NA,NA,NA
"132",NA,NA,NA
"101","Oil",1506,1
"101","Gas",1680,1
"101","Electric",1144,1
"101","Electric",1056,1
"101","Gas",1057,1
"101","Gas",1048,1
"101","Gas",1089,1.5
"101","Oil",713,1.5
"101","Electric",1920,1
"101","Gas",912,1
"132",NA,NA,NA
"951",NA,NA,NA
"101","Oil",810,1.5
"101","Gas",1860,2
"101","Gas",960,1
"101","Electric",1177,1
"132",NA,NA,NA
"337",NA,NA,NA
"974",NA,NA,NA
"101","Oil",1728,2
"101","Gas",1058,1
"101","Gas",1192,1
"132",NA,NA,NA
"104","Oil",2040,2
"101","Gas",1056,1
"101","Gas",1248,1
"101","Gas",1175,1
"101","Oil",814,1
"101","Gas",1357,1
"101","Gas",2248,2
"101","Oil",756,1
"101","Gas",1056,1
"101","Electric",1512,1
"951",NA,NA,NA
"104","Oil",1836,2
"104","Gas",2628,2
"132",NA,NA,NA
"101","Oil",1902,2
"101","Oil",864,1
"101","Oil",864,1
"101","Gas",1144,2
"101","Oil",1440,2
"101","Gas",1211,1
"101","Gas",1208,1
"101","Electric",1008,1
"101","Electric",900,1
"951",NA,NA,NA
"101","Gas",948,1
"101","Oil",1176,1
"101","Gas",1308,1
"101","Gas",864,1
"101","Gas",1202,1
"441",NA,NA,NA
"101","Gas",1760,2
"951",NA,NA,NA
"951","Electric",1680,1
"101","Gas",1190,1
"106",NA,NA,NA
"951",NA,NA,NA
"101","Oil",1056,1
"101","Gas",1322,1
"101","Oil",1118,1
"132",NA,NA,NA
"101","Oil",800,2
"936",NA,NA,NA
"104","Gas",2760,2
"101","Oil",1950,2
"104","Gas",2216,2
"101","Gas",1056,1.5
"104","Gas",2250,2
"101","Oil",1435,2
"101","Oil",1408,2
"101","Oil",2083,2
"715",NA,NA,NA
"101","Oil",1586,2
"101","Oil",1067,1.5
"101","Oil",1298,2
"101","Oil",1288,1
"101","Gas",906,1.5
"101","Oil",753,1
"101","Electric",1632,2
"101","Electric",1666,2
"101","Oil",1232,1
"930",NA,NA,NA
"101","Gas",1080,1
"101","Oil",948,1
"101","Oil",1666,2
"101","Electric",2093,1.5
"715",NA,NA,NA
"390",NA,NA,NA
"101","Oil",988,1
"440",NA,NA,NA
"132",NA,NA,NA
"101","Gas",1523,2
"440",NA,NA,NA
"101","Electric",1267,1.5
"101","Oil",1000,1.5
"101","Gas",1143,1
"101","Electric",1092,1
"101","Gas",916,1.5
"101","Oil",2062,2
"131",NA,NA,NA
"101","Electric",1157,1
"101","Oil",1372,2
"103",NA,0,NA
"101","Electric",1267,1.5
"101","Electric",960,1
"106",NA,NA,NA
"101","Gas",1600,2
"101","Oil",1106,1.5
"101","Gas",1544,1.5
"101","Electric",1056,1
"101","Oil",1246,1
"101","Oil",1254,1.5
"101","Gas",2020,1
"101","Electric",2375,1.5
"132",NA,NA,NA
"101","Gas",1336,1
"104","Gas",1804,2
"132",NA,NA,NA
"132",NA,NA,NA
"101","Gas",1176,1
"101","Gas",960,1
"101","Oil",1248,1
"101","Oil",1226,1
"101","Gas",960,1
"132",NA,NA,NA
"101","Gas",816,1
"101","Gas",976,1
"101","Gas",960,1
"101","Electric",1300,1
"101","Gas",1072,1
"101","Gas",976,1
"101","Gas",1166,1
"337",NA,NA,NA
"101","Gas",1104,2
"101","Oil",1320,1
"101","Gas",1232,1
"997","Oil",1571,1.5
"101","Electric",2248,1
"132",NA,NA,NA
"101","Oil",2827,2
"101","Electric",1234,1
"101","Electric",1275,1
"101","Electric",1060,1
"101","Gas",1782,1.5
"101","Electric",1200,1
"101","Electric",1946,2
"131",NA,NA,NA
"101","Oil",1502,1.5
"101","Gas",960,1
"101","Gas",1424,1
"132",NA,NA,NA
"101","Electric",1082,1
"101","Oil",881,1
"101","Gas",620,1
"101","Electric",1181,1
"101","Oil",1368,2
"101","Gas",1060,2
"101","Oil",1520,1
"101","Gas",1056,1
"101","Oil",1182,1
"101","Gas",1267,1.5
"132",NA,NA,NA
"101","Electric",1060,1
"101","Oil",1044,1
"101","Gas",1056,1
"101","Gas",1304,1
"101","Coal or Wood",1490,1.5
"101","Oil",1125,1.5
"101","Gas",1092,1
"101","Gas",1017,1
"101","Gas",1904,2
"101","Gas",1728,2
"101","Electric",1632,2
"101","Electric",1200,1
"101","Gas",1385,1.5
"101","Gas",1136,1
"104","Oil",1933,1.5
"101","Gas",2235,2
"101","Electric",1824,1
"101","Electric",1224,1
"101","Electric",1008,1
"101","Gas",1915,2
"101","Electric",1224,1
"101","Gas",1346,1.5
"101","Gas",1232,1
"101","Gas",1734,2
"101","Oil",1664,2
"101","Oil",1030,1.5
"101","Electric",1080,1
"101","Gas",1876,1
"101","Gas",1242,1
"132",NA,NA,NA
"013","Typical",1788,2
"109","Gas",526,1
"101","Gas",972,1
"101","Gas",864,1
"101","Gas",1800,2
"101","Oil",1556,1
"101","Oil",1809,1.5
"104","Gas",1764,2
"101","Oil",1056,1
"101","Gas",1404,2
"132",NA,NA,NA
"101","Gas",1459,1.5
"101","Oil",867,1
"101","Oil",1205,1
"101","Gas",976,1
"101","Gas",1480,1
"101","Oil",1056,1
"101","Gas",960,1
"951",NA,NA,NA
"715",NA,NA,NA
"101","Gas",960,1
"101","Oil",960,1
"103",NA,NA,NA
"101","Electric",960,1
"101","Oil",972,1
"101","Gas",1056,1
"101","Electric",1008,1
"101","Electric",2440,2
"101","Gas",936,1
"101","Electric",1840,1
"101","Gas",1428,1
"101","Electric",960,1
"101","Gas",1610,1
"101","Gas",2033,1.5
"101","Gas",1687,2
"131",NA,NA,NA
"101","Gas",1267,1.5
"101","Gas",2413,2
"101","Oil",1422,1
"101","Oil",1092,1
"101","Gas",976,1
"101","Gas",960,1
"101","Electric",1353,1
"101","Oil",1200,1
"101","Oil",1304,1
"101","Gas",1872,2
"101","Oil",1221,1
"104","Gas",2376,2
"101","Oil",1473,1
"101","Oil",1176,1
"101","Oil",1690,1.5
"101","Gas",1184,1
"101","Oil",1076,1
"101","Oil",957,1
"101","Oil",1223,1.5
"101","Gas",781,1
"101","Electric",1568,1
"101","Electric",1062,1
"106",NA,NA,NA
"101","Oil",1105,1
"104","Gas",2508,2
"104","Gas",2754,1
"441",NA,NA,NA
"423",NA,NA,NA
"101","Oil",768,1
"132",NA,NA,NA
"101","Oil",2040,1
"132",NA,NA,NA
"101","Oil",1485,1.5
"101","Oil",1196,1
"132",NA,NA,NA
"101","Gas",1232,1
"101","Oil",1508,1
"101","Gas",2348,1.5
"101","Oil",1376,1
"101","Oil",1176,1
"101","Electric",1150,1
"101","Gas",890,1
"106",NA,NA,NA
"101","Gas",2728,1
"101","Oil",1350,1.5
"101","Electric",1356,1
"440",NA,NA,NA
"930",NA,NA,NA
"101","Electric",1060,1
"101","Gas",1439,1
"101","Oil",1320,1
"930",NA,NA,NA
"101","Oil",1326,1
"104","Electric",2030,2
"101","Oil",1048,1
"101","Gas",2266,1
"101","Oil",960,1
"101","Gas",1468,1
"101","Oil",1554,1.5
"101","Gas",850,1
"101","Oil",1064,1
"130",NA,NA,NA
"101","Oil",1516,2
"104","Oil",2218,2
"106",NA,NA,NA
"109","Gas",1911,2
"132",NA,NA,NA
"132",NA,NA,NA
"101","Gas",2000,2
"104","Gas",1344,1
"132",NA,NA,NA
"101","Electric",1210,1
"109","Oil",2082,1.5
"101","Gas",1800,1.5
"101","Oil",1260,1
"101","Gas",1048,1
"101","Oil",1382,1
"101","Oil",1792,2
"101","Oil",1474,1.5
NA,NA,NA,NA
NA,NA,NA,NA
"101","Gas",1381,1
"101","Electric",1192,1
"101","Gas",1000,1
"101","Oil",1468,1
"101","Oil",1550,1.5
"101","Oil",996,1
"132",NA,NA,NA
"101","Gas",1168,1
"130",NA,NA,NA
"101","Gas",990,1
"101","Electric",1648,2
"104","Electric",1976,2
"101","Gas",1390,1
"101","Oil",1082,1
"101","Electric",1008,1
"101","Gas",1084,1
"101","Electric",1380,1
"101","Gas",1300,1
"101","Oil",1560,2
"101","Oil",1681,2
"101","Electric",1082,1
"101","Electric",1044,1
"101","Gas",1238,1
"101","Electric",1108,1
"101","Gas",1796,1.5
"101","Gas",1596,1
"101","Gas",1605,2
"132",NA,NA,NA
"131",NA,NA,NA
"101","Oil",1092,1
NA,NA,NA,NA
NA,NA,NA,NA
"101","Gas",1008,1
"132",NA,NA,NA
"101","Gas",1250,1
"106",NA,NA,NA
"101","Oil",795,1
"101","Oil",1431,1
"101","Gas",1697,1
"101","Gas",2312,1
"104","Gas",1868,2
"101","Oil",936,1
"101","Oil",915,1
"101","Gas",1026,1
"101","Oil",1102,1
"101","Gas",1151,1.5
"101","Gas",1160,1
"101","Oil",1215,1
"104","Oil",1680,2
"101","Oil",1857,1
"101","Oil",1328,1
"101","Oil",898,1
"101","Gas",970,1.5
"109","Gas",2057,2
"101","Oil",1039,1.5
"101","Gas",934,1
"101","Oil",1344,1
"101","Gas",1280,1
"104","Gas",2192,2
"101","Gas",1560,1
NA,NA,NA,NA
NA,NA,NA,NA
"101","Oil",1340,1.5
"101","Oil",1190,1
"101","Gas",732,1
"101","Oil",1024,1
"101","Oil",1008,1
"101","Oil",1531,1.5
"101","Electric",1044,1
"101","Oil",1267,1.5
"101","Oil",1308,2
"104","Gas",1850,2
"101","Gas",747,1
"101","Gas",1155,1
"101","Oil",1571,1.5
"104","Gas",2415,2
"101","Gas",934,1
"101","Gas",890,1
"104","Gas",1956,2
"101","Gas",2099,2
"101","Oil",1170,1
"101","Oil",1544,1.5
"101","Electric",1484,1
"101","Oil",1313,1
"101","Gas",729,1
"101","Gas",900,1
"101","Gas",958,1
"101","Oil",1369,1.5
"101","Oil",1118,1
"105","Gas",2560,2
"930",NA,NA,NA
"101","Oil",1212,1
"101","Oil",1346,1.5
"101","Electric",2297,2
"101","Gas",941,1
"101","Gas",1625,1.5
"104","Oil",2200,2
"101","Gas",1494,2
"101","Oil",1516,1.5
"101","Oil",1151,1
"101","Gas",1190,1
"101","Gas",1242,1
"101","Gas",1138,1
"101","Gas",1234,1
"101","Oil",957,1
"101","Oil",1352,2
"101","Electric",1056,1
"101","Electric",1092,1
"101","Oil",1040,1
"101","Gas",1092,1
"101","Gas",1188,1.5
"101","Gas",911,1
"101","Gas",1314,2
"101","Oil",1176,1
"132",NA,NA,NA
"101","Gas",934,1
"101","Oil",1436,1
"101","Electric",1200,1
"101","Electric",1180,1
"101","Oil",1300,1
"101","Gas",1733,1.5
"101","Gas",911,1
"101","Electric",2024,2
"101","Gas",980,1
"101","Electric",1242,1
"101","Oil",1276,1
"104","Electric",2684,2
"101","Gas",772,1.5
"101","Oil",1172,1.5
"101","Oil",1048,1
"101","Oil",1352,1
"101","Oil",1465,1
"101","Gas",1200,1
"101","Electric",1284,1
"101","Gas",1092,1
"101","Gas",1092,1
"101","Gas",1116,1
"104","Gas",2378,2
"101","Oil",1872,2
"101","Oil",1088,1
"105","Gas",3492,3
"101","Oil",1628,2
"132",NA,NA,NA
"951",NA,NA,NA
"101","Gas",1092,1
"101","Oil",1056,1
"101","Gas",1785,2
"132",NA,NA,NA
"104","Oil",2230,2
"104","Gas",2184,2
"101","Oil",1052,1
"132",NA,NA,NA
"101","Coal or Wood",1080,2
"132",NA,NA,NA
"101","Gas",1729,2
"101","Gas",1388,2
"132",NA,NA,NA
"104","Gas",2043,1.5
"101","Gas",900,1
"101","Gas",1758,2
"109","Oil",1798,2
"104","Gas",2300,2
"101","Gas",1232,2
"101","Gas",1206,2
"101","Oil",934,1
"101","Gas",994,1
"104","Oil",2640,2
"101","Oil",872,1
"101","Oil",1144,1
"104","Electric",1536,1
"101","Oil",1863,2
"101","Gas",1232,2
"101","Gas",988,1
"101","Oil",1888,2
"101","Gas",1040,1
"101","Oil",2640,2
"101","Gas",1510,1.5
"104","Oil",1818,1.5
"101","Gas",1208,1.5
"101","Gas",1251,1
"104","Gas",2329,2
"101","Electric",1056,1
"104","Gas",2128,2
"132",NA,NA,NA
"101","Oil",988,1
"101","Oil",988,1
"101","Oil",1538,2
"101","Oil",965,1.5
"101","Gas",963,1
"101","Gas",1100,1
"104","Oil",2664,2
"101","Gas",1111,2
"104","Oil",2104,2
"132",NA,NA,NA
"104","Oil",2092,2
"101","Gas",1179,2
"101","Gas",744,1
"101","Electric",1192,1
"101","Electric",956,1.5
"101","Oil",1240,1.5
"104","Electric",1728,2
"101","Oil",1598,1
"101","Gas",1232,1
"440",NA,NA,NA
"101","Oil",911,1
"101","Gas",934,1
"101","Gas",1503,1.5
"130",NA,NA,NA
"130",NA,NA,NA
"101","Oil",1426,1.5
"101","Gas",930,1
"101","Oil",1228,1.5
"101","Oil",1144,1
"101","Electric",1063,1
"101","Gas",1224,2
"101","Oil",1069,1.5
"101","Gas",1275,1
"101","Oil",994,1
"101","Electric",864,2
"101","Oil",1257,1.5
"101","Oil",924,1
"132",NA,NA,NA
"101","Gas",1344,1
"101","Gas",2806,2
"101","Electric",1434,1
"101","Electric",1880,1
"101","Gas",974,1.5
"101","Oil",2114,1.5
"101","Electric",1130,1
"101","Electric",1050,1
"101","Electric",1882,2
"101","Electric",960,1
"131",NA,NA,NA
"337",NA,NA,NA
"132",NA,NA,NA
"391",NA,NA,NA
"101","Electric",1520,1
"132",NA,NA,NA
"101","Gas",1242,1
"132",NA,NA,NA
"132",NA,NA,NA
"390",NA,NA,NA
"101","Oil",1186,1
"130",NA,NA,NA
"101","Gas",1120,1.5
"930",NA,NA,NA
"132",NA,NA,NA
"101","Gas",911,1
"101","Gas",1896,2
"101","Electric",1152,1
"951",NA,NA,NA
"440",NA,NA,NA
"101","Gas",1031,1
"101","Gas",1084,1
"104","Gas",2124,2
"106",NA,NA,NA
"410",NA,NA,NA
"101","Gas",1512,2
"974",NA,NA,NA
"101","Oil",1104,1
"101","Gas",3864,2
"974",NA,NA,NA
"101","Electric",1236,1
"101","Oil",1426,1.5
"101","Gas",1418,1.5
"132",NA,NA,NA
"106",NA,NA,NA
"101","Electric",1200,1
"601",NA,NA,NA
"101","Coal or Wood",1024,1.5
"104","Oil",2054,2
"101","Oil",1248,1
"101","Electric",1236,1
"101","Electric",1951,2
"601",NA,NA,NA
"601",NA,NA,NA
"104","Electric",879,1
"130",NA,NA,NA
"104","Gas",2340,2
"104","Oil",2128,2
"132",NA,NA,NA
"132",NA,NA,NA
"101","Electric",1236,1
"101","Gas",1404,1
"101","Electric",1334,1
"104","Gas",3092,2
"132",NA,NA,NA
"997",NA,0,NA
"101","Gas",1944,1.5
"105","Gas",2882,2
"101","Gas",1656,1
"101","Oil",1148,2
"101","Electric",1104,1
"101","Electric",968,1
"104","Oil",2788,2
"101","Oil",1432,1
"132",NA,NA,NA
"101","Electric",1200,1
"104","Oil",1968,2
"101","Gas",2208,2
"101","Gas",1912,2
"101","Gas",1398,1
"101","Electric",1341,1
"101","Electric",1056,1
"101","Gas",1287,1.5
"132",NA,NA,NA
"101","Electric",1092,1
"101","Electric",1150,1
"104","Gas",2568,2
"105","Gas",4050,3
"101","Gas",1092,1
"101","Oil",1056,1
"101","Gas",976,1
"101","Electric",1775,1.5
"101","Electric",2262,1
"101","Electric",1130,1
"101","Oil",957,1
"101","Electric",1160,1
"101","Gas",1120,1
"101","Gas",1300,1
"101","Electric",1056,1
"132",NA,NA,NA
"101","Gas",976,1
"101","Gas",960,1
"101","Electric",1234,1
"101","Electric",1200,1
"101","Gas",1230,1
"101","Gas",1534,1
"101","Electric",1666,2
"101","Electric",1008,1
"391",NA,NA,NA
"337",NA,NA,NA
"101","Electric",1302,1
"101","Oil",1019,1
"101","Electric",1126,1
"101","Electric",1128,1
"132",NA,0,NA
"101","Oil",1558,1
"101","Gas",960,1
"101","Gas",1068,1
"101","Electric",1008,1
"101","Gas",840,1
"101","Electric",1008,1
"101","Electric",1239,1
"101","Oil",1328,1
"101","Electric",1388,1
"101","Electric",1008,1
"104","Oil",2368,2
"101","Electric",768,1
"132",NA,NA,NA
"101","Gas",960,1
"101","Electric",1200,1
"013","Electric",2004,1.75
"101","Gas",1192,2
"101","Gas",1584,2
"101","Gas",1004,1.5
"101","Oil",960,1
"101","Gas",976,1
"101","Oil",1279,2
"101","Oil",2807,1.5
"101","Oil",1536,2
"104","Gas",2128,2
"930",NA,NA,NA
"101","Gas",960,1
"101","Oil",1755,1
"101","Gas",1116,1
"106",NA,NA,NA
"106",NA,NA,NA
"101","Gas",976,1
"101","Gas",1092,1
"132",NA,NA,NA
"101","Gas",1774,1.5
"101","Oil",1092,1
"101","Electric",1008,1
"105","Electric",2436,2
"101","Gas",1320,2
"101","Gas",1730,1
"132",NA,NA,NA
"104","Oil",1880,2
"951",NA,NA,NA
"101","Gas",1200,1
"105","Gas",1824,2
"013","Oil",2488,1.5
"337",NA,NA,NA
"101","Gas",960,1
"101","Electric",1544,1.5
"101","Electric",1104,1
"101","Electric",1056,1
"951",NA,NA,NA
"440",NA,NA,NA
"423",NA,NA,NA
"101","Gas",1053,1
"601",NA,NA,NA
"101","Oil",1224,2
"132",NA,NA,NA
"132",NA,NA,NA
"132",NA,NA,NA
"101","Electric",1200,1
"101","Electric",1236,1
"101","Electric",1104,1
"101","Electric",1200,1
"101","Electric",1132,1
"101","Oil",965,1.5
"101","Electric",936,1
"101","Electric",1200,1
"101","Electric",1262,1
"101","Gas",1038,1
"101","Gas",1459,1.5
"101","Electric",1234,1
"101","Gas",1254,1
"132",NA,NA,NA
"101","Oil",1032,1
"104","Oil",2260,2
"101","Oil",1002,1.5
"104","Oil",2214,2
"101","Oil",1212,1
"101","Gas",960,1
"104","Gas",2376,2
"104","Gas",2392,2
"101","Gas",1060,1
"104","Oil",2168,2
"104","Gas",2300,2
"101","Gas",2048,2
"104","Oil",2484,2
"104","Gas",2496,2
"101","Gas",1631,2
"101","Electric",1062,1
"101","Oil",1326,1
"101","Gas",1064,1
"101","Oil",1233,1
"132",NA,NA,NA
"101","Oil",1245,1
"101","Gas",960,1
"101","Gas",2360,2
"101","Electric",1092,1
"101","Gas",1170,1
"101","Oil",1173,1
"101","Electric",1040,1
"101","Oil",1715,1.5
"101","Electric",1056,1
"101","Gas",976,1
"101","Gas",976,1
"104","Gas",1408,1
"132",NA,NA,NA
"101","Gas",960,1
"101","Gas",1192,1
"101","Oil",1272,1
"423",NA,NA,NA
"101","Oil",1492,1
"101","Gas",1306,1
"101","Gas",1242,1
"101","Electric",1137,1
"101","Gas",2040,2
"101","Oil",925,1
"101","Electric",1082,1
"101","Electric",1082,1
"101","Gas",960,1
"101","Gas",1110,1
"101","Electric",1092,1
"101","Oil",1120,1
"132",NA,NA,NA
"101","Gas",1502,1.5
"101","Gas",1394,1
"101","Electric",1745,1
"101","Oil",974,1
"101","Gas",825,1.5
"104","Gas",2148,2
"101","Oil",851,1
"105","Gas",2602,2
"101","Oil",768,1
"101","Oil",1544,1
"101","Oil",2050,1
"101","Oil",1680,2
"132",NA,NA,NA
"101","Gas",1120,1
"101","Electric",1402,1.5
"104","Electric",1566,2
"101","Gas",1181,1
"101","Gas",1144,1
"101","Oil",1255,1
"101","Oil",1392,1
"121","Gas",2934,2
"101","Oil",1167,1
"101","Oil",1525,1
"101","Gas",1040,1
"101","Gas",1032,1
"101","Gas",1004,1
"101","Gas",1344,1
"101","Electric",976,1
"101","Gas",1008,1
"101","Gas",1328,1
"997",NA,NA,NA
"101","Oil",1544,1.5
"101","Electric",2688,2
"101","Oil",874,1
"104","Electric",1824,2
"101","Oil",1392,1
"101","Electric",1315,1
"101","Oil",944,1
"101","Oil",1318,1
"101","Gas",864,1
"111","Typical",2744,2
"104","Oil",2214,2
"105","Gas",3863,3
"104","Gas",2360,2
"101","Electric",2246,1
"132",NA,NA,NA
"101","Oil",1176,1
"930",NA,NA,NA
"104","Gas",2111,2
"101","Oil",1107,1
"101","Oil",1150,1
"101","Oil",3325,2
"338",NA,NA,NA
"104","Oil",2135,1.5
"974",NA,NA,NA
"101","Electric",1234,1
"101","Oil",1442,1
"101","Oil",700,1
"132",NA,NA,NA
"101","Gas",920,1.5
"132",NA,NA,NA
"101","Gas",1107,1
"959","Oil",1632,1
"101","Gas",1294,1
"101","Gas",980,1
"130",NA,NA,NA
"101","Electric",1446,1
"101","Electric",1420,1
"101","Gas",994,1
"101","Gas",2284,1
"101","Electric",1144,1
"132",NA,NA,NA
"974",NA,NA,NA
"101","Electric",2152,2
"132",NA,NA,NA
"930",NA,NA,NA
"101","Oil",1429,2
"101","Oil",1048,1.5
"101","Electric",1580,1
"101","Oil",2138,1
"101","Oil",1092,1
"101","Oil",1674,2
"101","Oil",1030,1
"101","Oil",1392,1.5
"101","Oil",920,1
"101","Oil",1637,1.5
"104","Oil",2341,2
"101","Oil",1531,1
"101","Oil",780,1
"104","Gas",2675,2
"104","Oil",2790,2
"101","Gas",1840,2
"101","Oil",1810,2
"101","Oil",1520,1
"101","Electric",1000,1
"101","Gas",1739,2
"104","Gas",1858,1.5
"101","Oil",620,1
"101","Oil",1996,2
"101","Oil",1155,1.5
"101","Gas",1145,1
"104","Gas",1785,2
"101","Oil",1824,2
"101","Oil",1321,1
"101","Oil",1175,2
"423",NA,NA,NA
"938",NA,NA,NA
"105","Gas",2579,2
"104","Gas",1964,2
"101","Oil",1545,1
"101","Oil",1966,2
"105","Gas",3237,3
"101","Gas",938,1
"104","Oil",2036,2
"101","Gas",1082,1
"104","Gas",2300,2
"101","Electric",1008,1
NA,NA,NA,NA
NA,NA,NA,NA
"101","Gas",1280,2
"105","Oil",2934,2
"101","Oil",1088,1
"106",NA,NA,NA
"101","Oil",1152,1
"101","Oil",768,1
"101","Gas",768,1
"101","Oil",1142,1
"101","Oil",1033,1
"104","Gas",3136,2
"101","Gas",1802,1
"101","Oil",1290,2
"953",NA,NA,NA
"101","Oil",920,1
"101","Gas",712,1
"104","Gas",2356,1.5
"132",NA,NA,NA
"104","Gas",1693,1.5
"101","Oil",1744,2
"132",NA,NA,NA
"104","Oil",1980,2
"101","Oil",1640,1.5
"601",NA,NA,NA
"101","Electric",988,1
"104","Oil",1929,2
"601",NA,NA,NA
"101","Oil",1426,1.5
"130",NA,NA,NA
"101","Oil",1198,2
"101","Gas",1236,1
"101","Oil",695,1
"104","Oil",1760,2
"101","Oil",1080,1
"101","Gas",936,1
"101","Oil",1825,1.5
"101","Gas",1518,1.5
"104","Electric",1728,2
"101","Gas",936,1
"101","Gas",1360,1
"104","Oil",2160,2
"101","Oil",1170,1
"101","Oil",1678,1
"104","Gas",1759,2
"101","Gas",1036,2
"101","Oil",1080,1
"104","Gas",2160,2
"101","Oil",1311,1
"101","Electric",1056,1
"101","Oil",2092,1
"101","Oil",1619,1.5
"104","Gas",1493,2
"101","Electric",1056,1
"101","Oil",1174,1
"101","Electric",1776,1
"101","Gas",1286,1
"132",NA,NA,NA
"132",NA,NA,NA
"132",NA,NA,NA
"105","Electric",3312,3
"132",NA,NA,NA
"132",NA,NA,NA
"101","Gas",1039,1.5
"101","Oil",1103,1
"101","Gas",1286,1
"104","Oil",3186,2
"101","Oil",1069,1.5
"101","Oil",1299,1.5
"337",NA,NA,NA
"101","Gas",1212,1
"101","Oil",1594,1.5
"104","Gas",2556,2
"132",NA,NA,NA
"101","Gas",1056,1
"101","Gas",2346,1
"109","Oil",866,1
"104","Oil",2844,2
"101","Gas",912,1
"101","Gas",1539,1.5
"101","Oil",1196,1
"101","Gas",1224,1
"104","Gas",2414,2
"101","Oil",1884,1
"101","Oil",1186,1
"101","Oil",1108,1
"101","Electric",1056,1
"101","Gas",1088,1
"101","Gas",1069,1
"101","Gas",2056,2
"101","Electric",1060,1
"101","Gas",936,1
"101","Electric",1060,1
"101","Gas",1644,2
"104","Gas",2394,2
"101","Gas",2096,2
"132",NA,NA,NA
"101","Oil",1124,1.5
"104","Oil",2536,2
"951",NA,NA,NA
"390",NA,NA,NA
"101","Oil",1023,1
"101","Oil",975,1
"101","Oil",975,1
"101","Oil",1335,1
"101","Gas",1456,2
"101","Gas",1235,1
"101","Oil",1415,1
"104","Oil",1800,2
"101","Oil",1396,2
"101","Gas",936,1
"101","Oil",982,1
"101","Oil",1904,2
"441",NA,NA,NA
"109","Oil",2266,1.5
"101","Gas",936,1
"104","Gas",1824,2
"930",NA,NA,NA
"101","Gas",1896,2
"101","Electric",938,1
"101","Gas",1568,2
"101","Electric",1042,1
"101","Electric",1056,1
"105","Gas",3016,2
"101","Electric",1376,2
"101","Electric",1062,1
"101","Electric",1698,1.5
"101","Electric",1252,1
"101","Gas",1062,1
"101","Electric",1200,1
"101","Electric",1008,1
"101","Oil",1144,1
"101","Gas",1469,1
"101","Electric",1132,1
"101","Electric",1168,1
"101","Gas",1032,1
"101","Gas",1519,1.5
"101","Gas",1416,2
"101","Electric",1060,1
"104","Gas",2430,2
"104","Oil",2736,2
"101","Gas",1020,1
"101","Gas",938,1.5
"101","Gas",2022,2
"101","Gas",1072,1
"130",NA,NA,NA
"132",NA,NA,NA
"101","Gas",1333,1
"101","Gas",1048,1
"101","Gas",942,1
"101","Electric",988,1
"132",NA,NA,NA
"101","Gas",1040,1
"101","Gas",992,1.5
"101","Gas",816,1
"101","Oil",1176,1
"101","Gas",960,1
"101","Electric",1092,1
"101","Electric",960,1
"111","Gas",3480,3
"101","Oil",1601,1
"101","Gas",1900,1.5
"106",NA,NA,NA
"101","Oil",1260,1
"106",NA,NA,NA
"101","Gas",1088,1
"101","Oil",1267,1.5
"101","Electric",1092,1
"101","Electric",1424,1
"101","Gas",1200,1
"101","Gas",1050,1
"101","Electric",1284,1
"105","Gas",2800,2
"101","Oil",1048,1
"101","Gas",936,1
"101","Oil",1873,2
"101","Oil",1176,2
"104","Gas",2345,2
"104","Electric",864,1
"101","Gas",1536,2
"440",NA,NA,NA
"101","Gas",1000,1
"101","Oil",1180,1
"104","Electric",864,1
"101","Gas",1597,1
"101","Gas",1512,1
"101","Electric",1060,1
"101","Gas",1680,2
"101","Gas",1573,1.5
"101","Gas",1652,2
"101","Oil",1494,2
"101","Gas",1350,2
"101","Oil",1232,1
"101","Oil",1591,2
"101","Gas",1197,1
"101","Gas",1056,1
"101","Gas",1850,1
"132",NA,NA,NA
"101","Oil",1332,2
"101","Gas",1056,1
"101","Oil",1240,1
"104","Electric",1824,2
"101","Oil",1428,1
"132",NA,NA,NA
"132",NA,NA,NA
"104","Gas",1881,2
"391",NA,NA,NA
"390",NA,NA,NA
"101","Gas",2262,1.5
"104","Electric",2200,2
"101","Oil",1878,2
"101","Oil",1198,1.5
"104","Oil",1924,1.5
"101","Gas",1080,1
"101","Oil",920,1
"101","Oil",1340,1
"101","Gas",1280,1
"101","Oil",974,1
"130",NA,NA,NA
"997",NA,0,NA
"440",NA,NA,NA
"130",NA,NA,NA
"101","Oil",1948,2
"101","Oil",920,1
"101","Oil",920,1
"101","Oil",1120,1
"390",NA,NA,NA
"101","Oil",1280,1
"101","Electric",1613,1
"440",NA,NA,NA
"101","Electric",1056,1
"132",NA,NA,NA
"930",NA,NA,NA
"101","Electric",1092,1
"101","Oil",1680,2
"101","Oil",1806,2
"101","Oil",1578,1
"101","Oil",1196,1
"101","Oil",1384,1
"101","Oil",1476,2
"101","Electric",1186,1
"101","Gas",1350,1
"101","Gas",1092,1
"101","Electric",912,1
"101","Gas",1896,2
"101","Oil",1144,1
"132",NA,NA,NA
"101","Gas",2032,1
"101","Gas",1400,1
"101","Oil",900,1
"101","Oil",720,1
"101","Oil",3028,1
"101","Electric",1500,2
"101","Oil",1748,1.5
"423",NA,NA,NA
"101","Oil",1056,1
"101","Oil",1008,1
"101","Gas",1267,1
"132",NA,NA,NA
"101","Electric",1488,1
"104","Electric",1104,1
"132",NA,NA,NA
"101","Oil",1136,1.5
"101","Gas",1062,1
"101","Gas",1266,1
"101","Oil",1056,1
"101","Oil",1511,1
"101","Oil",884,1
"423",NA,NA,NA
"101","Electric",1228,1
"104","Oil",2944,2
"104","Oil",1872,2
"101","Oil",1680,2
"101","Gas",2106,2
"101","Oil",672,1
"101","Gas",1048,1
"101","Gas",768,1
"132",NA,NA,NA
"101","Oil",949,1.5
"423",NA,NA,NA
"938",NA,NA,NA
"101","Gas",1684,1.5
"132",NA,NA,NA
"101","Oil",1837,1.5
"101","Gas",1140,1
"101","Electric",1060,1
"101","Gas",946,1
"101","Electric",1524,1
"101","Electric",1128,1
"101","Gas",1404,2
"101","Gas",1570,2
"101","Gas",1248,2
"105","Oil",3062,2
"101","Electric",1008,1
"101","Electric",1008,1
"104","Gas",2364,2
"132",NA,NA,NA
"101","Gas",1433,2
"104","Electric",1632,2
"101","Gas",1277,1
"132",NA,NA,NA
"013","Gas",2418,2
"104","Electric",864,1
"132",NA,NA,NA
"101","Gas",910,1
"101","Oil",1487,1.5
"101","Electric",1168,1
"938",NA,NA,NA
"101","Gas",1287,1.5
"101","Oil",768,1
"101","Oil",768,1
"337",NA,NA,NA
"337",NA,NA,NA
"101","Coal or Wood",576,1
"392",NA,NA,NA
"101","Gas",1056,1
"101","Gas",960,1
"101","Oil",1932,2
"101","Oil",1380,1
"101","Oil",888,1
"101","Oil",912,1
"130",NA,NA,NA
"101","Oil",1344,1
"101","Oil",930,1
"101","Oil",1560,1
"105","Gas",3132,3
"101","Oil",1348,2
"101","Oil",1652,1
"101","Oil",1338,1
"101","Gas",960,1
"101","Gas",1060,1
"101","Electric",1130,1
"101","Gas",1556,2
"101","Gas",816,1
"101","Gas",1046,1.5
"104","Electric",2052,2
"104","Oil",2052,2
"104","Oil",2430,1
"132",NA,NA,NA
"101","Electric",1216,1
"104","Oil",1728,2
"951",NA,NA,NA
"101","Gas",1122,1
"101","Oil",1388,1
"101","Gas",1622,2
"101","Oil",960,1
"101","Gas",1027,1
"101","Electric",1576,1
"101","Gas",1273,1
"101","Gas",768,1
"104","Oil",1897,1.5
"101","Oil",1273,1
"132",NA,NA,NA
"105","Oil",3905,3
"101","Oil",1048,1
"104","Oil",1682,1
"101","Gas",2334,2
"104","Gas",2088,2
"101","Oil",1269,1
"423",NA,NA,NA
"101","Gas",1993,2
"101","Gas",1164,1
"101","Gas",1278,1
"974",NA,NA,NA
"101","Gas",1152,1.5
"104","Electric",864,1
"132",NA,NA,NA
"104","Electric",1764,2
"101","Oil",816,1
"101","Gas",1158,1
"101","Gas",942,1
"132",NA,NA,NA
"101","Oil",1200,2
"101","Oil",1226,1
"101","Gas",1122,1.5
"101","Gas",942,1
"101","Oil",1540,1
"101","Oil",1048,1
"101","Gas",1048,1
"132",NA,NA,NA
"101","Oil",950,1.5
"101","Gas",942,1
"101","Gas",1206,1
"132",NA,NA,NA
"101","Oil",888,1
"101","Gas",923,1
"101","Oil",959,1
"101","Oil",1733,1.5
"101","Electric",1470,2
"101","Gas",942,1
"101","Gas",1278,1
"104","Oil",2160,2
"104","Gas",2225,2
"101","Oil",2322,2
"105","Oil",3968,3
"101","Electric",1254,1
"101","Gas",1744,1.5
"101","Gas",1093,1
"101","Oil",960,1
"930",NA,NA,NA
"101","Oil",936,1
"101","Gas",1483,1.5
"101","Gas",1806,2
"101","Gas",1464,2
"101","Gas",1456,1
"101","Oil",1095,1.5
"101","Gas",2198,1.5
"101","Oil",936,1
"101","Gas",912,1
"101","Gas",1375,1
"930",NA,NA,NA
"101","Gas",1086,1
"101","Gas",1387,1.5
"101","Gas",1426,1.5
"101","Gas",1728,2
"101","Gas",1080,1
"101","Oil",1048,1
"101","Gas",1056,1
"101","Gas",1257,1
"101","Gas",960,1
"101","Gas",1048,1
"101","Gas",1185,1
"132",NA,NA,NA
"101","Gas",912,1
"101","Gas",1048,1
"101","Gas",1062,1
"101","Gas",942,1
"101","Oil",1560,1
"101","Gas",1744,2
"101","Gas",1048,1
"101","Gas",936,1
"101","Gas",942,1
"101","Gas",942,1
"101","Gas",1024,1
"101","Electric",1728,2
"101","Electric",1220,1
"101","Gas",1140,1
"101","Electric",1080,1
"101","Oil",1040,1
"101","Electric",1248,1
"101","Electric",2772,2
"330",NA,NA,NA
"101","Electric",1552,1
"101","Oil",1239,1
"101","Electric",1346,1.5
"101","Oil",747,1
"101","Oil",1107,1
"101","Electric",1140,1
"101","Electric",1505,1.5
"101","Electric",1394,1
"936",NA,NA,NA
"101","Gas",884,1
"101","Oil",1201,1.5
"390",NA,NA,NA
"930",NA,NA,NA
"101","Electric",1284,1
"101","Electric",988,1
"101","Oil",1232,1
"101","Electric",1200,1
"962","Typical",2356,NA
"101","Oil",1188,1.5
"101","Electric",1392,1
"101","Gas",2392,2
"101","Gas",1065,1.5
"101","Oil",784,1
"101","Gas",2626,2
NA,NA,NA,NA
NA,NA,NA,NA
"101","Oil",1514,2
"104","Oil",1536,2
"101","Oil",896,1
"101","Gas",899,1.5
"104","Gas",2514,2
"105","Oil",2263,2
"101","Electric",1224,1
"101","Oil",1680,2
"390",NA,NA,NA
"930",NA,NA,NA
"101","Gas",1048,1
"101","Gas",960,1
"104","Electric",1764,2
"953",NA,NA,NA
"101","Electric",1275,1
"101","Oil",812,1
"101","Oil",1164,1
"440",NA,NA,NA
"104","Gas",1571,1.5
"101","Electric",1050,1
"101","Gas",942,1
"101","Gas",1082,1
"101","Gas",1304,1
"101","Oil",832,1
"101","Gas",1334,1
"101","Gas",1267,1.5
"101","Gas",1008,1
"930",NA,NA,NA
"101","Gas",1424,1.5
"930",NA,NA,NA
"101","Gas",942,1
"101","Gas",1411,1.5
"101","Gas",960,1
"101","Gas",960,1
"101","Gas",1134,1
"101","Gas",1198,1
"101","Gas",768,1
"101","Gas",768,1
"101","Oil",1222,2
"101","Oil",1005,1
"101","Gas",1472,1
"101","Gas",960,1
"101","Oil",896,1
"101","Electric",1056,1
"101","Electric",1459,1.5
"101","Oil",1739,1.5
"101","Electric",1092,1
"101","Electric",1092,1
"104","Electric",1836,2
"104","Gas",2352,2
"101","Electric",1578,1
"101","Electric",2550,1
"101","Gas",942,1
"101","Gas",1397,1.5
"132",NA,NA,NA
"101","Electric",1231,1
"101","Electric",2028,1
"101","Oil",960,1
"101","Gas",1459,1.5
"101","Gas",1062,1
"101","Gas",1506,1
"013","Oil",1856,1
"101","Gas",1248,1
"101","Gas",960,1
"101","Gas",1062,1
"930",NA,NA,NA
"101","Gas",942,1
"101","Electric",1140,1
"101","Gas",1215,1
"101","Oil",1056,1
"930",NA,NA,NA
"101","Gas",1872,1.5
"101","Electric",960,1
"101","Electric",1276,1
"101","Gas",960,1
"101","Oil",948,1
"101","Gas",1086,1
"101","Gas",1030,1
"132",NA,NA,NA
"132",NA,NA,NA
"101","Oil",888,1
"101","Oil",1068,1
"101","Gas",990,1
"101","Gas",812,1
"101","Electric",1102,1
"101","Gas",1138,1
"132",NA,NA,NA
"104","Gas",3238,2
"101","Gas",1230,1
"101","Oil",1442,1
"101","Oil",1152,1
"101","Oil",920,1
"101","Gas",1716,1
"930",NA,NA,NA
"101","Oil",1264,2
"101","Oil",720,1
"933",NA,NA,NA
"101","Gas",1335,1
"104","Oil",1248,1
"104","Gas",1385,2
"101","Gas",942,1
"403",NA,NA,NA
"101","Oil",1092,1
"101","Oil",1024,1
"104","Electric",1764,2
"390",NA,NA,NA
"101","Gas",1100,1
"104","Electric",864,1
"101","Oil",986,1
"104","Oil",2638,2
"101","Electric",1104,1
"101","Electric",816,1
"101","Oil",896,1
"101","Oil",1241,1
"337",NA,NA,NA
"104","Gas",2440,2
"104","Electric",864,1
"104","Electric",1000,1
"101","Gas",980,1
"337",NA,NA,NA
"101","Electric",1140,1
"104","Gas",2564,2
"101","Oil",1000,1
"101","Oil",1688,1
"101","Oil",1324,1
"101","Oil",1278,1
"101","Gas",1628,1
"101","Gas",1362,1
"104","Gas",2128,2
"104","Oil",2052,2
"973",NA,NA,NA
"101","Oil",1454,2
"101","Oil",1386,1.5
"101","Oil",840,1
"101","Gas",1916,1
"101","Oil",1459,1.5
"101","Oil",960,1
"101","Oil",1240,1
"101","Gas",1128,1
"101","Oil",1372,1
"101","Oil",1249,1
"101","Gas",1203,1
"101","Electric",1368,1
"101","Oil",1460,1
"101","Oil",1486,1
"101","Oil",1189,1
"101","Oil",1181,1
"101","Oil",1203,1
"101","Oil",1874,1
"101","Oil",1056,1
"101","Gas",1273,1
"105","Gas",3331,2.5
"101","Oil",1112,1
"101","Oil",920,1
"101","Gas",1756,1
"101","Oil",1077,1
"101","Oil",1603,2
"101","Gas",1023,1.5
"101","Oil",920,1
"101","Oil",768,1
"101","Oil",1263,1
"101","Oil",1353,1.5
"101","Gas",1882,1.5
"101","Oil",2176,1
"101","Oil",1260,1
"101","Oil",2389,1.5
"101","Gas",972,1.5
"101","Oil",1398,1
"101","Oil",2034,1.5
"101","Electric",960,1
"101","Gas",1036,1
"423",NA,NA,NA
"101","Oil",1273,1
"101","Gas",1357,1
"132",NA,NA,NA
"101","Gas",936,1
"101","Oil",2115,1
"101","Gas",1340,1.5
"101","Oil",1215,1
"101","Oil",1183,1
"104","Gas",1678,1.5
"109","Oil",1628,2
"101","Gas",1154,1
"101","Electric",912,1
"423",NA,NA,NA
"423",NA,NA,NA
"101","Oil",1610,1
"104","Gas",1976,2
"104","Oil",1770,2
"101","Oil",1428,1
"423",NA,NA,NA
"423",NA,NA,NA
"101","Gas",960,1
"101","Gas",1728,2
"101","Oil",768,1
"101","Gas",1404,1.5
"101","Gas",1246,1.5
"101","Oil",1092,1
"101","Oil",1865,1
"104","Oil",1602,1.5
"104","Oil",2040,2
"101","Oil",1064,1
"959",NA,NA,NA
"101","Electric",1056,1
"101","Oil",2396,1
"013","Typical",2734,2
"132",NA,NA,NA
"101","Gas",1504,1
"930",NA,NA,NA
"104","Gas",1610,2
"104","Gas",2240,2
"101","Gas",1120,1
"101","Gas",1056,1
"101","Oil",1855,1.5
"101","Oil",1638,2
"101","Gas",1126,1
"101","Electric",1068,1
"104","Oil",1330,1
"101","Oil",1114,1.5
"101","Oil",1284,1
"423",NA,NA,NA
"423",NA,NA,NA
"101","Electric",1368,1
"101","Oil",1476,2
"101","Gas",1463,1
"101","Oil",1523,1
"101","Gas",942,1
"101","Gas",1462,1
"101","Oil",1246,1
"101","Oil",1878,1.5
"104","Gas",2561,2
"132",NA,NA,NA
"101","Gas",862,1
"930",NA,NA,NA
"101","Gas",1302,1
"101","Gas",942,1
"013","Typical",1701,1
"131",NA,NA,NA
"101","Oil",1205,1.5
"104","Oil",1564,2
"391",NA,NA,NA
"101","Oil",1143,1
"101","Gas",942,1
"101","Gas",942,1
"101","Oil",900,1
"101","Oil",1840,1
"132",NA,NA,NA
"423",NA,NA,NA
"132",NA,NA,NA
"101","Gas",942,1
"109","Gas",1342,1
"101","Oil",1808,1
"101","Gas",1124,1
"101","Gas",942,1
"101","Gas",1176,1
"101","Gas",1254,1
"101","Oil",1205,1
"104","Oil",2872,2
"101","Gas",942,1
"101","Electric",1284,1
"101","Gas",942,1
"101","Gas",942,1
"101","Gas",1140,1
"101","Electric",1104,1
"101","Gas",942,1
"101","Gas",1722,1
"132",NA,NA,NA
"936",NA,NA,NA
"101","Electric",1957,1
NA,NA,NA,NA
NA,"L",NA,NA
"101","Oil",1088,1
"101","Oil",900,1
"101","Gas",1100,2
"101","Electric",874,1
"101","Oil",960,1
"104","Gas",2734,2
"101","Gas",942,1
"101","Gas",1387,1.5
"101","Gas",1210,1
"101","Gas",2529,2
"101","Oil",988,1
"101","Oil",792,1
"101","Gas",1753,1.5
"101","Gas",1048,1
"101","Gas",1250,1
"101","Oil",1718,2
"101","Gas",1247,1
"101","Gas",1110,1
"101","Oil",1267,1.5
"101","Gas",1048,1
"101","Gas",1086,1
"101","Gas",942,1
"101","Gas",1175,1
"101","Oil",1015,1
"101","Gas",1267,1.5
"101","Gas",1056,1
"101","Gas",942,1
"101","Gas",1068,1
"101","Gas",1664,1
"101","Gas",1470,1.5
"101","Gas",942,1
"101","Gas",1042,1
"101","Oil",1109,1.5
"101","Oil",1352,1.5
"101","Gas",2252,2
"101","Gas",1608,1
"101","Gas",1080,1
"101","Gas",1270,1
"101","Electric",1220,1
"101","Electric",1605,1
"104","Gas",1694,1.5
"101","Oil",1235,1
NA,NA,NA,NA
NA,NA,NA,NA
"101","Electric",1178,1
"101","Electric",960,1
"101","Gas",1344,1
"104","Oil",1084,1
"101","Electric",1248,1
"101","Gas",2004,2
"101","Gas",1760,2
"101","Gas",912,1
"101","Gas",1466,2
"101","Gas",720,1
"104","Electric",2133,2
"101","Gas",1488,1
"101","Gas",1952,2
"104","Oil",1791,1
"101","Oil",1649,1.5
"101","Oil",784,1
"101","Oil",962,1
"101","Gas",1344,1
"101","Gas",1178,1
"101","Oil",1533,1
"101","Gas",1236,1
"101","Gas",1048,1
"101","Gas",1048,1
"101","Oil",1008,1
"104","Oil",2680,2
"101","Gas",1550,1
"101","Gas",1218,1
"101","Gas",1092,1
"101","Oil",1849,1
"101","Gas",1116,1
"101","Gas",936,1
"337",NA,NA,NA
"101","Gas",910,1
"101","Gas",1008,1
"101","Gas",1884,1
"101","Oil",909,1
"101","Oil",1618,1
"013","Typical",1901,1
"131",NA,NA,NA
"101","Electric",1736,1
"101","Oil",1035,1
"101","Gas",1388,1
"101","Oil",1338,1
"101","Gas",960,1
"101","Gas",1200,1
"101","Gas",1662,2
"101","Oil",1824,1
"101","Gas",1114,1.5
"101","Gas",1330,1.5
"101","Gas",2324,1
"101","Gas",2012,1
"104","Gas",2160,2
"101","Gas",1462,1
"101","Oil",1048,1
"101","Gas",1048,1
"101","Gas",1466,1
"101","Gas",1508,1
"101","Gas",1348,1
"101","Gas",1550,1
"101","Gas",1692,1
"101","Gas",1056,1
"105","Gas",2708,2
"337",NA,NA,NA
"101","Gas",1176,1
"101","Gas",1602,1
"101","Oil",960,1
"101","Oil",970,1
"101","Gas",1342,1
"101","Gas",1176,1
"101","Gas",1478,1
"101","Gas",1836,1
"101","Gas",1276,1
"101","Gas",1048,1
"105","Oil",2894,2.5
"101","Oil",784,1
"101","Electric",1280,1
"101","Gas",1248,1
"101","Gas",1020,1
"101","Gas",992,1
"132",NA,NA,NA
"132",NA,NA,NA
"104","Oil",2088,2
"101","Oil",1764,2
"101","Gas",1421,1
"101","Gas",1950,2
"101","Gas",1550,1
"101","Gas",1550,1
"101","Gas",1730,2
"101","Electric",1100,1
"101","Oil",1053,1
"101","Oil",1249,1
"101","Gas",1977,1.5
"101","Electric",1470,2
"101","Oil",936,1
"132",NA,NA,NA
"104","Gas",2496,2
"101","Gas",1905,2
"101","Oil",1481,1
"101","Electric",1008,1
"101","Gas",1170,1
"104","Gas",2306,2
"101","Electric",1491,2
"101","Oil",1096,1.5
"101","Oil",1624,2
"101","Electric",1056,1
"101","Gas",944,1
"101","Gas",1120,1
"104","Gas",1728,1
"104","Gas",3360,2
"101","Gas",2588,2
"391",NA,NA,NA
"101","Gas",1056,1
"104","Oil",1404,2
"101","Gas",1334,1
"101","Gas",1379,1
"130",NA,NA,NA
"104","Gas",1960,2
"101","Oil",1945,1
"101","Oil",1628,1
"930",NA,NA,NA
"101","Oil",1310,1
"101","Gas",1008,1
"101","Oil",1608,1
"101","Gas",1099,1
"104","Gas",2592,2
"101","Oil",1504,1
"101","Oil",1687,2
"101","Oil",599,1
"101","Gas",1512,1
"101","Gas",1844,2
"101","Oil",1288,1
"101","Oil",878,1
"104","Oil",2082,1
"101","Gas",1140,1
"101","Gas",1372,1
"101","Oil",1392,2
"101","Oil",1398,1
"101","Electric",1304,1
"101","Gas",1008,1
"101","Oil",1708,1.5
"101","Oil",1810,1.5
"101","Gas",1151,1
"101","Gas",2006,2
"105","Gas",2658,2.5
"101","Oil",1500,1
"101","Gas",1552,1
"101","Gas",1104,1
"101","Oil",1656,1.5
"101","Gas",1440,1
"101","Oil",1056,1
"101","Gas",1196,1
"101","Oil",1295,1
"101","Oil",1170,1
"101","Electric",1056,1
"131",NA,NA,NA
"101","Oil",997,1
"101","Oil",1910,1.5
"101","Gas",1340,1
"101","Gas",1224,1
"132",NA,NA,NA
"101","Gas",1904,2
"390",NA,NA,NA
"104","Electric",1836,2
"101","Gas",1734,2
"101","Oil",1790,2
"101","Electric",1080,1
"101","Gas",1044,1
"101","Oil",1267,1.5
"101","Oil",1273,1
"101","Oil",2331,2
"130",NA,NA,NA
"101","Gas",2103,2
"101","Gas",1248,1
"101","Gas",1178,1
"101","Gas",1808,2
"105","Oil",2309,2
"101","Gas",864,1
"101","Gas",942,1
"957","Gas",1704,1
"101","Electric",1954,2
"101","Electric",2540,1
"106",NA,NA,NA
"101","Gas",2172,1.5
"101","Gas",1792,2
"101","Electric",1065,1
"104","Electric",1728,2
"104","Gas",2788,2
"101","Oil",720,1
"101","Oil",2198,1.5
"132",NA,NA,NA
"101","Electric",960,1
"101","Gas",1008,1
"013","Typical",2484,2
"101","Oil",1284,1.5
"101","Oil",1249,1
"101","Electric",1896,1
"101","Gas",1092,1
"101","Oil",1092,1
"104","Gas",1936,2
"104","Gas",2594,2
"104","Gas",2448,2
"104","Oil",2832,2
"104","Oil",2388,2
"930",NA,NA,NA
"101","Electric",1040,1
"101","Oil",1418,1
"101","Gas",1268,1
"104","Oil",1325,1
"101","Gas",1382,1.5
"101","Oil",1261,1
"101","Oil",1404,1
"101","Gas",1960,1
"101","Electric",1078,1
"101","Oil",1084,1.5
"101","Electric",890,1
"101","Gas",1767,1.5
"101","Oil",1582,1.5
"101","Gas",1376,1
"101","Electric",1517,1
"101","Gas",1335,1
"101","Oil",1584,1
"101","Gas",1056,1
"101","Gas",1190,1
"101","Gas",1134,1
"101","Gas",1347,1.5
"101","Oil",1419,1
"101","Oil",1463,1
"101","Oil",1428,1
"101","Electric",912,1
"101","Electric",1470,2
"930",NA,NA,NA
"101","Oil",988,1
"101","Gas",1086,1
"132",NA,NA,NA
"101","Electric",1144,1
"101","Oil",903,1
"101","Oil",1280,1
"101","Gas",2270,2
"101","Gas",1580,2
"101","Gas",1056,1
"101","Gas",1056,1
"101","Oil",1260,1
"104","Gas",1800,1
"105","Gas",2441,2
"101","Oil",1542,2
"104","Gas",2495,2
"101","Oil",1902,1
"101","Gas",1452,1
"101","Oil",885,1
"101","Oil",1630,1
"101","Oil",2193,1
"104","Gas",2348,2
"101","Oil",768,1
"101","Oil",1342,1
"101","Oil",1530,2
"101","Oil",1314,1
"101","Gas",1840,2
"109","Gas",868,1
"101","Oil",1318,1
"105","Gas",2851,2.5
"104","Gas",1248,1
"104","Oil",1400,1
"101","Oil",958,1
"930",NA,NA,NA
"101","Gas",942,1
"101","Oil",1215,1
NA,NA,NA,NA
NA,NA,NA,NA
"101","Gas",2576,2
"101","Electric",960,1
"101","Oil",805,1
"104","Oil",1367,1
"105","Gas",3654,3
"101","Gas",1743,1
"104","Gas",1248,1
"101","Oil",1175,1
"101","Gas",1225,1
"101","Oil",1250,1
"101","Electric",720,1
"101","Gas",1976,2
"132",NA,NA,NA
"105","Gas",3300,3
"132",NA,NA,NA
"132",NA,NA,NA
"104","Gas",1352,2
"101","Oil",1132,1
"106",NA,NA,NA
"104","Gas",1766,1.5
"601",NA,NA,NA
"101","Gas",1278,1
"104","Oil",2431,2
"101","Gas",1500,1
"104","Oil",2282,2
"105","Gas",2207,3
"101","Gas",1262,1
"930",NA,NA,NA
"101","Gas",2199,1.5
"101","Oil",1145,1
"105","Oil",2586,2
"101","Oil",1163,1
"101","Electric",1254,1
"101","Electric",1092,1
"101","Gas",1056,1
"101","Gas",1068,1
"132",NA,NA,NA
"930",NA,NA,NA
"101","Electric",960,1
"101","Electric",1140,1
"104","Electric",1892,2
"105","Oil",4110,3
"101","Gas",1763,1
"101","Oil",1632,1
"101","Oil",775,1
"101","Oil",1164,1
"101","Oil",1232,1
"101","Gas",744,1
"101","Electric",1804,1
"101","Electric",988,1
"101","Gas",2620,2
"101","Gas",1589,2
"101","Oil",1307,1
"101","Oil",1155,1
"013","Typical",5548,3
"013","Typical",3157,2
"101","Electric",1348,1
"101","Electric",1008,1
"101","Oil",2064,2
"101","Gas",1848,1
"105","Gas",2910,3
"105","Oil",3060,3
"101","Oil",900,1
"101","Oil",832,1
"101","Gas",1072,1
"101","Oil",768,1
"104","Oil",1970,2
"104","Gas",2400,2
"101","Gas",1387,1.5
"101","Gas",942,1
"101","Oil",1313,1.5
"101","Oil",1056,1
"101","Gas",1056,1
"101","Gas",1056,1
"101","Gas",1200,1
"101","Electric",1300,1
"101","Gas",546,1
"101","Oil",1382,2
"101","Gas",912,1
"101","Oil",1669,1.5
"101","Electric",1425,1
"101","Electric",1140,1
"101","Electric",1020,1
"104","Gas",1664,2
"101","Oil",784,1
"104","Electric",864,1
"101","Oil",920,1
"101","Gas",1056,1
"101","Oil",1092,1.5
"101","Oil",1350,1
"101","Gas",1092,1
"101","Oil",1296,1
"101","Gas",1140,1
"101","Electric",1400,1
"132",NA,NA,NA
"101","Oil",768,1
"101","Gas",1056,1
"101","Electric",1296,1
"101","Electric",1069,1
"101","Oil",1086,1
"101","Oil",1092,1
"101","Oil",1372,1
"101","Gas",1216,1
"930",NA,NA,NA
"101","Oil",920,1
"101","Oil",920,1
"105","Electric",3072,3
"101","Oil",928,1
"101","Oil",865,1
"101","Oil",1269,1
"101","Gas",1440,2
"101","Electric",1152,1
"101","Oil",1467,1.5
"101","Oil",768,1
"101","Gas",1228,1
"101","Oil",1248,1
"101","Oil",1368,1
"957","Gas",1750,1
"101","Oil",1618,1
"101","Gas",1482,2
"104","Oil",1344,1
"101","Oil",1233,1
"101","Gas",2439,2
"101","Gas",1401,1
"101","Gas",2269,1
"101","Oil",1273,1
"101","Oil",1080,1
"101","Electric",1040,1
"104","Oil",1909,1
"391",NA,NA,NA
"101","Oil",2130,2
"104","Oil",3713,2
"101","Oil",1217,1
"101","Oil",1478,1.5
"101","Gas",1286,1
"101","Oil",1310,1
"101","Gas",1994,1.5
"101","Gas",1072,1
"101","Oil",3342,2
"101","Gas",1876,2
"101","Oil",1424,1
"101","Gas",1632,2
"101","Electric",1320,1.5
"101","Gas",1280,1
"101","Oil",946,1
"101","Oil",1040,1
"104","Oil",1688,2
"101","Gas",1546,1.5
"101","Gas",1924,2
"101","Gas",1680,1.5
"104","Gas",2706,2
"104","Gas",2760,2
"101","Gas",1080,1
"104","Electric",2052,2
"132",NA,NA,NA
"337",NA,NA,NA
"101","Gas",2218,2
"101","Gas",1550,1
"130",NA,NA,NA
"101","Typical",2324,2
"391",NA,NA,NA
"101","Gas",1145,1
"101","Gas",960,1
"101","Gas",1056,1
"101","Oil",1568,2
"101","Gas",1248,1
"101","Oil",1280,1
"101","Electric",976,1
"101","Gas",1242,1.5
"131",NA,NA,NA
"101","Gas",1056,1
"104","Electric",2640,2
"101","Electric",1178,1
"101","Gas",1488,1
"101","Gas",1327,1.5
"101","Electric",1056,1
"101","Gas",1488,1
"101","Gas",1814,2
"101","Oil",1594,1
"101","Gas",1366,1
"101","Oil",1226,1
"101","Oil",988,1
"104","Gas",1768,2
"440",NA,NA,NA
"101","Gas",1178,1
"101","Gas",1178,1
"101","Gas",1098,1
"101","Gas",1696,2
"101","Oil",1656,1
"101","Gas",1196,1
"101","Gas",1550,1
"101","Electric",1612,2
"101","Electric",1092,1
"101","Gas",1327,1
"101","Oil",1031,1
"101","Gas",2048,2
"104","Gas",3072,2
"101","Gas",1068,1
"101","Gas",1248,1
"101","Gas",1772,2
"101","Gas",1632,2
"101","Gas",1429,1
"104","Oil",2356,2
"106",NA,NA,NA
"101","Electric",1356,1
"101","Gas",1986,1
"101","Electric",1152,1
"101","Oil",1064,1
"101","Gas",1332,1
"132",NA,NA,NA
"101","Gas",1144,1
"101","Gas",1440,1
"101","Oil",1236,1
"101","Oil",975,1
"101","Gas",1742,1.5
"132",NA,NA,NA
"101","Gas",942,1
"930",NA,NA,NA
"101","Oil",1106,1
"101","Oil",1632,2
"101","Oil",1050,1
"101","Oil",960,1
"101","Gas",1178,1
"101","Gas",1040,1
"101","Electric",1426,1.5
"101","Oil",1632,2
"104","Oil",2156,2
"101","Oil",792,1
"101","Electric",2256,2
"101","Electric",2010,2
"930",NA,NA,NA
"101","Gas",1357,1.5
"101","Gas",1056,1
"101","Gas",1056,1
"104","Gas",1248,1
"104","Gas",1248,1
"101","Gas",1632,2
"101","Gas",1424,1
"101","Gas",1234,1
"101","Gas",1062,1
"101","Gas",1246,1
"101","Gas",1200,1
"104","Oil",1180,1
"101","Oil",1000,1
"101","Gas",1327,1
"101","Gas",1132,1
"101","Gas",1160,1
"101","Oil",1184,1
"101","Gas",1235,1
"960","Typical",7020,3
"101","Gas",1852,2
"101","Electric",1246,1
"101","Electric",1116,1
"101","Gas",1191,1
"962",NA,0,NA
"104","Gas",2184,2
"101","Gas",1236,1
"101","Gas",1144,1
"101","Gas",1252,1
"101","Oil",1056,1
"101","Oil",1368,1
"105","Gas",2756,2.5
"101","Oil",1152,1
"101","Gas",1040,1
"101","Gas",1278,1
"101","Gas",942,1
"101","Oil",1724,1
"101","Gas",1404,1
"101","Gas",1092,1
"101","Gas",1144,1
"101","Electric",960,1
"101","Electric",1416,1
"101","Gas",2252,2
"101","Gas",1500,2
"104","Gas",2964,2
"101","Gas",1056,1
"104","Gas",2080,2
"104","Gas",2046,1.5
"101","Electric",1726,2
"101","Gas",1944,2
"101","Gas",1144,1
"101","Gas",1328,1
"101","Electric",1092,1
"101","Electric",1380,1
"101","Gas",1248,1
"132",NA,NA,NA
"101","Gas",2227,2
"132",NA,NA,NA
"101","Oil",1395,1
"101","Gas",2536,2
"101","Electric",1212,1
"960","Typical",2368,1
"132",NA,NA,NA
"991",NA,NA,NA
"101","Oil",2058,1.5
"101","Gas",1020,1
"930",NA,NA,NA
"104","Electric",2352,2
"013","Gas",2058,2
"101","Oil",1568,2
"101","Gas",1600,2
"101","Gas",887,1
"101","Electric",1008,1
"101","Oil",969,2
"101","Oil",1499,1
"101","Electric",1062,1
"101","Gas",1568,1
"101","Oil",900,1
"013","Typical",1200,1
"105","Electric",2309,2
"101","Gas",980,1
"101","Gas",1048,1
"101","Oil",964,1
"101","Oil",1456,2
"101","Oil",1050,1
"101","Oil",1293,1
"104","Gas",1320,1.5
"101","Electric",1062,1
"101","Gas",1048,1
"101","Oil",864,1
"101","Gas",1112,1
"101","Gas",1341,1
"101","Oil",768,1
"101","Electric",1056,1
"101","Gas",1156,1
"101","Oil",1140,1
"101","Oil",864,1
"101","Gas",1082,1
"132",NA,NA,NA
"101","Gas",1292,1
"101","Gas",1080,1
"104","Electric",1960,2
"101","Electric",1132,1
"104","Electric",1960,2
"101","Gas",1048,1
"101","Gas",768,1
"101","Oil",1308,1
"101","Oil",1416,1
"104","Electric",2920,2
"403",NA,NA,NA
"101","Gas",1008,1
"101","Electric",960,1
"101","Gas",1183,1
"391",NA,NA,NA
NA,NA,NA,NA
NA,NA,NA,NA
"101","Oil",960,1
"440",NA,NA,NA
"101","Gas",1083,1
"101","Gas",1132,1
"101","Gas",1056,1
"101","Gas",1426,2
"101","Oil",968,1
"101","Oil",1621,1
"101","Gas",845,1
"104","Gas",1764,2
"104","Electric",2160,2
"390",NA,NA,NA
"101","Oil",1528,1
"959","Electric",1630,1
"132",NA,NA,NA
"101","Gas",2864,1
"101","Oil",1279,1
"101","Gas",2172,1
"104","Oil",1554,1.5
"101","Gas",1624,1
"105","Oil",3843,2.5
"101","Gas",1760,2
"101","Gas",1332,1
"101","Oil",2012,1
"101","Gas",1060,1.5
"101","Oil",1152,1
"101","Gas",1456,2
"337",NA,NA,NA
"105","Oil",2205,2
"101","Gas",2250,2
"101","Gas",1178,1
"101","Oil",1242,2
"101","Oil",1255,1
"101","Gas",1398,1
"101","Oil",1654,1
"104","Gas",1931,1.5
"101","Oil",1614,1
"101","Gas",1347,1
"101","Electric",1363,1
"101","Oil",875,1
"101","Oil",2112,2
"105","Oil",3276,3
"101","Oil",1152,2
"105","Oil",3408,3
"101","Oil",1228,1.5
"101","Electric",1396,1
"101","Gas",1372,2
"337",NA,NA,NA
"101","Gas",2203,1.5
"101","Oil",1360,1
"101","Oil",1348,1
"105","Oil",3332,3
"101","Gas",1290,1
"101","Electric",1694,2
"101","Gas",1416,1
"101","Oil",1124,1
"105","Gas",3276,3
"105","Gas",4158,3
"101","Oil",1857,1.5
"101","Oil",1120,1
"101","Oil",1418,2
"101","Gas",1144,1
"101","Gas",1274,1
"101","Gas",1459,1.5
"104","Oil",2484,2
"013","Typical",1692,2
"101","Oil",1044,1.5
"101","Gas",1216,1
"104","Oil",1912,2
"132",NA,NA,NA
"104","Gas",2496,2
"101","Gas",1302,1
"101","Gas",1220,1
"104","Oil",2160,2
"101","Oil",964,1
"104","Electric",2484,2
"101","Oil",770,1
"104","Gas",2496,2
"101","Oil",1417,1.5
"101","Gas",1888,1
"101","Gas",1763,1
"101","Oil",1486,1
"132",NA,NA,NA
"111","Typical",4312,3
"101","Oil",1888,1.5
"101","Gas",1390,1.5
"101","Oil",1400,2
"930",NA,NA,NA
"101","Gas",1774,2
"101","Oil",1435,1
"101","Oil",1389,1
"101","Oil",1104,1
"101","Gas",1452,1.5
"390",NA,NA,NA
"104","Oil",2145,2
"101","Gas",1408,1
"101","Oil",1170,1
"101","Electric",888,1
"101","Oil",700,1
"101","Gas",1340,1
"101","Oil",970,1
"104","Oil",1596,1.5
"105","Oil",4106,3
"101","Gas",1540,2
"101","Gas",1092,1
"104","Electric",1728,2
"104","Electric",1728,2
"101","Gas",1319,1
"101","Oil",1326,2
"101","Oil",720,1
"101","Oil",1196,1
"104","Oil",1808,2
"104","Gas",1612,1.5
"101","Oil",1092,1
"101","Gas",1108,1
"101","Gas",1148,1
"101","Gas",1316,1
"104","Oil",2016,2
"104","Gas",1976,2
"101","Gas",1248,2
"101","Oil",1581,1
"101","Oil",1358,1
"104","Gas",1620,1
"101","Gas",1196,1
"101","Gas",1602,1
"101","Gas",1015,1
"101","Oil",1354,1
"101","Gas",1056,1
"101","Electric",952,1
"101","Oil",1030,1.5
"101","Gas",1080,1
"101","Gas",1440,1
"101","Gas",1522,1
"101","Gas",1508,1
"101","Oil",864,1
"101","Gas",2054,2
"101","Gas",1988,1
"104","Gas",1784,2
"101","Oil",1593,2
"101","Gas",1040,1
"101","Gas",1056,1
"104","Oil",2236,2
"101","Gas",1258,1
"101","Gas",1834,2
"101","Gas",1324,1
"101","Oil",1073,1
"101","Oil",900,1
"101","Oil",1056,1
"101","Gas",1728,2
"101","Gas",864,1
"101","Oil",960,1
"101","Gas",1713,1.5
"101","Gas",2257,2
"101","Oil",900,1
"101","Gas",672,1
"101","Gas",1244,1
"101","Electric",1664,2
"101","Electric",2100,2
"101","Electric",1200,1
"101","Oil",2158,2
"101","Oil",1682,2
"101","Electric",1032,1
"101","Electric",864,1
"132",NA,NA,NA
"132",NA,NA,NA
"101","Electric",1252,1
"101","Oil",1008,1
"106",NA,NA,NA
"101","Oil",864,1
"101","Electric",1488,1
"101","Gas",1694,2
"101","Oil",1004,1
"930",NA,NA,NA
"101","Gas",1415,1.5
"101","Gas",1003,1
"101","Oil",1040,1
"104","Oil",1718,2
"101","Gas",2572,2
"101","Gas",942,1
"930",NA,NA,NA
"101","Electric",1062,1
"101","Gas",1452,2
"101","Gas",1089,1
"101","Gas",1110,1
"101","Oil",1776,1
"101","Electric",1178,1
"101","Gas",1550,1
"101","Oil",1545,1
"101","Electric",1056,1
"109","Oil",1020,1
"101","Oil",1280,1
"101","Oil",1482,1
"132",NA,NA,NA
"101","Gas",1468,1
"101","Gas",1836,1
"101","Electric",1610,1
"337",NA,NA,NA
"104","Gas",2440,2
"104","Electric",2440,2
"101","Oil",1044,1
"101","Gas",878,1
"101","Electric",816,1
"101","Gas",1092,1
"104","Electric",1960,2
"959","Gas",2936,1
"101","Oil",960,1
"101","Electric",1863,1
"101","Oil",1620,1
"103",NA,NA,NA
"101","Electric",1745,1.5
"101","Gas",1008,1
"101","Gas",1056,1
"132",NA,NA,NA
"101","Gas",2040,2
"101","Gas",1400,1
"101","Gas",1792,1
"101","Gas",2072,1.5
"132",NA,NA,NA
"132",NA,NA,NA
"101","Electric",1940,1
"101","Gas",1488,1
"101","Oil",1616,1
"101","Gas",1388,1
"101","Oil",1632,2
"101","Gas",1742,2
"101","Oil",2025,1.5
"101","Gas",2256,2
"101","Oil",1104,1
"101","Electric",1200,1
"104","Oil",910,1
"101","Gas",1674,2
"101","Gas",1210,1
"101","Gas",1176,1
"101","Gas",1832,2
"101","Gas",1766,1.5
"101","Gas",1426,1
"101","Gas",1421,2
"101","Gas",986,1.5
"101","Oil",810,1
"104","Gas",2288,2
"101","Oil",616,1
"101","Gas",1576,1
"101","Electric",1472,1
"101","Electric",1600,2
"101","Oil",1416,1
"101","Gas",1231,1
"101","Gas",1326,1
"101","Gas",952,1
"101","Gas",792,1
"101","Gas",1126,1
"101","Gas",1688,1
"101","Oil",1144,1
"101","Oil",1944,2
"101","Oil",1498,1.5
"391",NA,NA,NA
"101","Oil",1560,2
"101","Electric",1295,1
"111","Typical",1536,2
"104","Electric",1407,1.5
"101","Oil",2008,1
"101","Oil",2708,2
"105","Gas",3306,3
"101","Oil",1330,1
"101","Gas",2248,2
"101","Gas",1728,2
"101","Gas",1028,1
"101","Gas",1592,1
"101","Electric",1078,1
"101","Electric",1056,1
"101","Oil",2416,2
"101","Electric",1926,2
"101","Oil",1050,1
"104","Oil",1344,2
"101","Gas",1954,2
"101","Gas",1696,2
"101","Gas",1426,1.5
"101","Gas",1558,1
"101","Gas",1696,2
"101","Gas",1994,2
"101","Oil",1300,1
"101","Electric",2136,2
"104","Gas",1673,1.5
"101","Oil",1319,1.5
"101","Electric",1949,2
"101","Electric",2358,2
"104","Gas",2526,2
"101","Oil",1356,1
"101","Electric",1274,1
"101","Electric",1746,1.5
"391",NA,NA,NA
"337",NA,NA,NA
"101","Electric",1000,1
"101","Oil",3369,1
"101","Electric",1694,1
"101","Electric",1768,1
"101","Coal or Wood",1455,1.5
"104","Gas",2248,2
"101","Gas",3044,2
"101","Oil",1712,1
"101","Gas",1092,1
"101","Gas",1344,1
"104","Gas",2688,2
"101","Oil",1478,1.5
"101","Gas",1056,1
"101","Oil",864,1
"101","Gas",1294,1
"101","Gas",3374,2
"101","Gas",1188,1.5
"974",NA,NA,NA
"101","Gas",2176,1
"101","Gas",1779,1
"101","Oil",1382,1
"101","Oil",1126,1
"101","Gas",2520,1
"450",NA,NA,NA
"440",NA,NA,NA
"101","Oil",925,1
"101","Electric",1426,1.5
"101","Gas",1170,1
"101","Gas",1364,1
"104","Electric",1728,2
"101","Gas",1558,1
"959","Gas",2056,1
"101","Gas",760,1
"104","Oil",2395,1.5
"101","Gas",1238,1
"101","Gas",1268,1
"390",NA,NA,NA
"450",NA,NA,NA
"101","Oil",1838,1
"104","Oil",1697,1
"959","Oil",2501,1.5
"104","Oil",1467,1.5
"101","Gas",1566,1
"104","Oil",1625,1
"105","Gas",2171,2
"101","Gas",1470,2
"101","Oil",1064,1
"104","Oil",2673,1.5
"101","Gas",980,1
"101","Gas",1833,2
"101","Gas",1403,1.5
"101","Gas",1582,1
"101","Gas",2717,2
"132",NA,NA,NA
"101","Electric",1174,1
"101","Oil",970,1
"101","Oil",1016,1
"101","Gas",1434,2
"101","Oil",1568,2
"101","Gas",960,1
"101","Gas",952,1
"101","Gas",950,1
"101","Electric",1056,1
"101","Oil",1572,1
"101","Gas",1216,1
"104","Oil",1380,2
"101","Oil",1217,1
"101","Gas",1092,1
"101","Oil",910,1
"101","Gas",792,1
"101","Electric",1393,1
"101","Gas",1920,2
"101","Oil",910,1
"101","Oil",1020,1
"104","Gas",2332,2
"105","Gas",3748,3
"101","Electric",1020,1
"101","Gas",2496,1
"101","Electric",953,1
"101","Oil",1280,1
"132",NA,NA,NA
"104","Oil",1235,2
"104","Gas",1248,1
"960","Typical",8936,2
"101","Oil",803,1
"104","Oil",1724,1.5
"101","Gas",1331,1.5
"101","Electric",1048,1
"101","Gas",722,1
"104","Gas",2112,2
"101","Gas",1040,1
"101","Gas",900,1
"101","Gas",1435,1
"101","Gas",1125,1
"101","Gas",985,1
"104","Oil",2403,2
"101","Gas",1617,1.5
"101","Gas",836,1
"101","Gas",950,1
"104","Gas",2284,2
"101","Gas",1282,1
"109","Gas",1568,2
"132",NA,NA,NA
"101","Gas",1056,1
"101","Gas",1056,1
"101","Oil",1248,2
"101","Oil",1248,2
"101","Oil",850,1
"131",NA,NA,NA
"132",NA,NA,NA
"101","Oil",1080,1
"105","Oil",1650,2
"101","Oil",1992,2
"101","Oil",1828,1
"101","Gas",1080,1
"101","Electric",974,1
"101","Oil",1236,1
"132",NA,NA,NA
"101","Electric",2649,2.5
"101","Gas",1332,1
"101","Oil",1200,1
"101","Oil",1579,1.5
"104","Gas",1149,1
"101","Gas",1894,1.5
"101","Gas",948,1
"101","Gas",950,1
"101","Gas",950,1
"101","Gas",1042,1
"101","Gas",864,1
"101","Gas",1032,1
"101","Oil",1061,1
"101","Electric",990,1
"101","Gas",1140,1
"101","Gas",900,1
"104","Gas",2822,2.5
"105","Gas",3521,3
"101","Oil",972,1
"132",NA,NA,NA
"101","Electric",976,1
"101","Oil",1224,1
"101","Gas",864,1
"101","Gas",950,1
"105","Gas",2885,2
"946",NA,NA,NA
"101","Gas",1365,1
"101","Oil",836,1
"101","Oil",1305,1
"101","Oil",1488,1
"132",NA,NA,NA
"101","Gas",960,1
"132",NA,NA,NA
"101","Gas",1120,1
"101","Gas",1056,1
"101","Oil",1604,1
"132",NA,NA,NA
"101","Oil",1320,1.5
"101","Gas",1504,1
"105","Oil",2106,1.5
"101","Oil",1352,1
"101","Oil",2010,1.5
"101","Gas",960,2
"104","Oil",1344,2
"101","Oil",1236,1
"101","Gas",1644,1
"109","Oil",1008,1
"104","Gas",2240,2
"101","Electric",1340,1
"101","Oil",1596,2
"101","Gas",1232,1
"101","Gas",1410,1
"105","Oil",2716,2
"101","Gas",1295,1
"101","Oil",1330,1
"101","Gas",768,1
"101","Electric",1056,1
"101","Oil",1635,1
"101","Electric",1056,1
"101","Gas",1568,1
"101","Oil",1373,1.5
"132",NA,NA,NA
"132",NA,NA,NA
"101","Gas",1140,1
"104","Oil",1848,2
"101","Gas",1264,1
"104","Gas",1793,1
"101","Electric",1570,1
"101","Oil",1299,1.5
"101","Gas",1240,1
"101","Oil",1328,1.5
"101","Oil",1267,1
"101","Gas",1040,1
"101","Gas",1223,1
"104","Gas",1552,1
"101","Oil",1748,2
"105","Oil",2340,2
"101","Gas",1745,1
"930",NA,NA,NA
"101","Gas",1205,2
"101","Oil",1616,1
"101","Gas",2134,2
"101","Oil",1584,1.5
"105","Electric",3648,3
"105","Gas",3210,3
"101","Gas",1274,1
"101","Oil",1292,1
"101","Electric",1020,1
"130",NA,NA,NA
"132",NA,NA,NA
"101","Gas",960,1
"101","Oil",960,1
"105","Electric",3560,3
"104","Oil",2160,2
"101","Oil",1031,1
"101","Oil",1038,1
"101","Oil",1084,1
"101","Gas",1766,2
"101","Oil",953,1
"101","Oil",1249,1
"101","Gas",1276,1
"101","Electric",1132,1
"101","Gas",1356,1
"013","Gas",3231,1
"101","Gas",1196,1
"101","Oil",768,1
"101","Oil",1364,2
"101","Gas",1104,1
"101","Oil",1050,1
"101","Gas",1036,1
"101","Oil",1555,1
"101","Oil",1069,1
"101","Gas",1352,1
"101","Oil",1145,1
"101","Oil",768,1.5
"101","Oil",1071,1.5
"101","Oil",1748,1
"104","Gas",1280,1
"101","Oil",1364,2
"101","Gas",937,1.5
"101","Oil",1080,1
"101","Oil",1028,1
"104","Oil",2016,2
"130",NA,0,NA
"101","Oil",1364,2
"103",NA,NA,NA
"101","Oil",1036,1
"104","Oil",2576,2
"101","Oil",1115,1.5
"104","Oil",944,1.5
"101","Electric",1508,1
"101","Electric",1710,1
"104","Oil",1546,1
"104","Oil",1546,1
"104","Electric",2016,2
"101","Oil",1604,1.5
"101","Oil",1406,1.5
"104","Oil",2184,1.5
"101","Gas",1960,2
"101","Gas",1421,1
"130",NA,NA,NA
"101","Oil",1526,1.5
"101","Electric",1479,1.5
"337",NA,NA,NA
"104","Oil",2320,1.5
"101","Oil",1379,1.5
"101","Gas",1851,1
"101","Oil",960,1
"101","Gas",1472,1.5
"101","Gas",1248,1
"101","Oil",1260,1
"101","Gas",1242,1
"101","Gas",1592,2
"101","Gas",2148,1
"101","Gas",1278,1
"101","Electric",1090,1
"101","Oil",1026,1
"101","Electric",1904,1
"101","Gas",1593,1
"101","Electric",1332,1
"101","Gas",1069,1
"101","Oil",920,1
"101","Gas",2006,1
"101","Electric",1200,1
"101","Oil",1095,1
"101","Gas",2472,1
"101","Electric",1648,2
"101","Gas",1364,1
"101","Gas",1144,1
"101","Gas",1594,1
"132",NA,NA,NA
"101","Oil",800,1
"101","Gas",2890,2
"101","Electric",1204,1
"106",NA,NA,NA
"101","Oil",796,1
"101","Gas",1836,1
"101","Gas",1550,1
"933",NA,NA,NA
"104","Electric",1792,2
"104","Oil",2472,2
"101","Oil",1164,1
"101","Gas",1500,1
"101","Gas",1232,1
"101","Gas",1608,1
"101","Gas",1403,1.5
"101","Gas",1056,1
"101","Gas",1440,1
"101","Gas",1056,1
"101","Oil",1050,1
"101","Oil",1299,1.5
"101","Gas",900,1
"104","Gas",1860,2
"101","Oil",1073,1
"101","Oil",1063,1
"101","Electric",1514,1.5
"101","Gas",1248,1
"101","Gas",1836,1
"104","Gas",3816,2
"104","Oil",1546,1
"101","Gas",708,1
"101","Oil",1025,1
"101","Electric",1099,1
"131",NA,NA,NA
"101","Electric",1728,2
"101","Electric",2090,2
"101","Oil",1248,1
"101","Gas",1540,1
"101","Gas",1095,1
"101","Gas",1095,1
"104","Oil",1546,1
"104","Oil",1670,2
"101","Gas",1632,1
"101","Electric",2340,1
"101","Gas",960,1
"101","Gas",1095,1
"132",NA,NA,NA
"101","Gas",1074,1
"101","Gas",1261,1
"101","Electric",1638,1
"101","Oil",1373,1.5
"101","Gas",1445,1.5
"101","Gas",792,1
"101","Oil",968,1
"101","Electric",1458,1
"101","Gas",1696,2
"132",NA,NA,NA
"101","Gas",2044,1
"101","Electric",960,1
"101","Gas",1526,1
"101","Electric",1104,1
"101","Gas",800,1
"101","Gas",1178,1
"101","Gas",2206,2
"101","Gas",950,1
"101","Gas",792,1
"101","Gas",1014,1
"101","Gas",976,1
"101","Gas",950,1
"101","Oil",1138,1
"101","Oil",1188,1
"101","Oil",1224,1
"101","Gas",2640,2
"104","Oil",2544,2
"101","Electric",960,1
"101","Oil",936,1
"101","Oil",1000,1
"132",NA,NA,NA
"101","Gas",1056,1
"101","Oil",1086,1
"101","Electric",1625,1.5
"101","Oil",1095,1
"101","Gas",1040,1
"101","Electric",1310,1
"101","Gas",1596,1.5
"101","Gas",3234,2
"101","Oil",1095,1
"101","Oil",1184,1
"132",NA,NA,NA
"101","Gas",1048,1
"101","Gas",1196,1
"101","Gas",1208,1
"101","Gas",1048,1
"104","Gas",2185,1.5
"101","Gas",1908,1.5
"101","Electric",960,1
"101","Oil",1200,2
"101","Gas",1144,1
"101","Gas",1589,1
"101","Gas",1214,1
"101","Oil",1584,1
"132",NA,NA,NA
"101","Gas",1223,1
"101","Gas",1477,1.5
"101","Electric",1099,1
"101","Electric",1248,1
"101","Gas",1905,1.5
"101","Gas",1224,1
"101","Oil",1095,1
"101","Oil",1088,1
"101","Oil",1095,1
"390",NA,NA,NA
"101","Oil",1182,1
"101","Gas",1072,1
"101","Gas",1552,1
"101","Gas",2020,2
"101","Gas",1952,2
"101","Oil",1908,1.5
"101","Gas",2028,2
"132",NA,NA,NA
"101","Gas",1261,1
"101","Gas",1358,1
"132",NA,NA,NA
"132",NA,NA,NA
"101","Gas",2826,2
"101","Gas",1782,2
"101","Gas",1476,1
"101","Oil",1344,1
"101","Electric",1744,2
"101","Oil",1654,2
"101","Electric",1097,1
"101","Electric",1008,1
"101","Gas",2813,2
"101","Gas",2072,1
"930",NA,NA,NA
"132",NA,NA,NA
"101","Gas",1095,1
"101","Oil",1692,1.5
"101","Gas",1012,1
"101","Electric",1060,1
"132",NA,NA,NA
"101","Oil",1598,1
"101","Oil",1318,1
"101","Electric",1416,1
"101","Gas",1095,1
"101","Gas",1095,1
"101","Oil",1395,1
"101","Oil",1120,1
"013","Gas",1671,1
"101","Gas",1095,1
"130",NA,NA,NA
"104","Oil",1999,2
"101","Gas",2460,1
"101","Gas",4036,1
"101","Gas",1537,1.5
"101","Gas",1095,1
"101","Gas",1386,2
"101","Electric",1056,1
"101","Gas",1095,1
"103",NA,NA,NA
"101","Gas",2154,1
"101","Gas",1628,2
"101","Oil",906,1
"101","Gas",1346,1
"101","Gas",1309,2
"101","Electric",936,1
"101","Gas",1152,1
"101","Gas",1056,1
"132",NA,NA,NA
"104","Oil",2128,2
"101","Oil",2016,2
"101","Gas",2930,2
"101","Gas",1272,1
"922",NA,NA,NA
"101","Oil",2214,2
"101","Gas",1928,2
"101","Oil",900,1
"101","Gas",720,1
"101","Gas",1856,2
"101","Gas",1201,1
"104","Gas",1730,2
"101","Oil",1156,1
"101","Gas",1910,2
"101","Gas",1130,1
"104","Gas",1325,1
"101","Oil",1080,1
"101","Gas",1664,2
"101","Gas",1224,1
"101","Oil",1330,1
"390",NA,0,NA
"101","Oil",2054,1
"101","Gas",1874,1.5
"104","Gas",2920,1
"101","Oil",1005,1
"101","Oil",1360,2
"104","Oil",2520,2
"104","Gas",1922,2
"101","Gas",1768,1.5
"101","Gas",1509,2
"101","Gas",1996,2
"101","Oil",1068,1
"101","Oil",960,1
"104","Gas",2930,2
"101","Oil",1142,1
"104","Oil",2512,2
"101","Gas",1076,2
"101","Oil",1508,1
"101","Gas",1544,1.5
"101","Gas",1192,1
"101","Gas",2640,2
"101","Gas",1516,2
"105","Gas",3307,2.5
"101","Gas",1860,1.5
"101","Gas",1357,1.5
"104","Oil",2212,2
"101","Oil",1140,1
"101","Gas",2176,1
"101","Oil",2014,2
"132",NA,NA,NA
"105","Gas",2887,2.5
"930",NA,NA,NA
"337",NA,NA,NA
"101","Oil",988,1
"101","Oil",1630,2
"101","Gas",1332,1
"101","Gas",1088,1
"101","Gas",2080,2
"101","Oil",1020,1
"101","Electric",1824,2
"101","Electric",1536,2
"104","Oil",2092,2
"101","Gas",1556,2
"101","Oil",2098,2
"101","Oil",1677,2
"101","Electric",1539,2
"101","Gas",1820,2
"101","Electric",1638,2
"132",NA,NA,NA
"101","Gas",993,1
"101","Gas",1040,1
"101","Electric",1177,1
"101","Electric",1816,1
"101","Gas",1390,1
"132",NA,NA,NA
"101","Electric",1426,1.5
"101","Gas",1176,1
"101","Gas",1041,1
"104","Gas",1716,1.5
"101","Gas",1140,1
"101","Electric",1177,1
"101","Electric",1802,1
"101","Electric",1628,2
"101","Oil",1597,2
"101","Gas",1048,1
"104","Oil",1117,1
"132",NA,NA,NA
"104","Gas",1596,1
"109","Oil",1203,1
"101","Gas",1135,2
"101","Electric",960,1
"101","Electric",1438,1
"101","Gas",1657,1
"101","Electric",950,1
"101","Electric",976,1
"959","Oil",2416,1
"101","Oil",1742,1.5
"101","Electric",976,1
"930",NA,NA,NA
"101","Electric",2002,1
"101","Gas",1268,1
"104","Oil",1968,2
"104","Oil",1815,1.5
"101","Gas",4924,2
"104","Oil",1976,2
"101","Electric",1346,1.5
"101","Gas",970,1
"104","Oil",1976,2
"104","Gas",1872,2
"111","Gas",2651,2
"101","Gas",1420,2
"101","Gas",1316,1
"101","Electric",928,1
"101","Gas",1370,1
"101","Oil",1341,1
"106",NA,NA,NA
"104","Gas",2340,2
"101","Oil",1068,1
"101","Gas",1008,1
"101","Gas",1071,1
"390",NA,NA,NA
"101","Gas",1250,1.5
"101","Electric",912,1
"101","Gas",1500,1
"101","Gas",1662,1
"101","Oil",1536,2
"101","Oil",1040,1
"132",NA,NA,NA
"101","Gas",1423,1.5
"101","Gas",1178,1
"101","Gas",1694,2
"930",NA,NA,NA
"930",NA,NA,NA
"101","Oil",1872,2
"132",NA,NA,NA
"101","Oil",1224,1
"101","Electric",1244,1
"104","Gas",1824,2
"101","Gas",1040,1
"101","Electric",1965,2
"101","Gas",1178,1
"101","Electric",988,1
"104","Gas",2122,1.5
"101","Electric",1215,1
"101","Electric",1162,1
"132",NA,NA,NA
"101","Oil",912,1
"101","Oil",1012,1
"101","Oil",1496,1
"101","Oil",1126,1
"101","Electric",1400,2
"101","Electric",1178,1
"101","Gas",1550,1
"104","Electric",2016,2
"101","Gas",846,1
"101","Gas",1140,1
"101","Oil",1032,1
"101","Gas",1060,1
"101","Oil",1950,1
"106",NA,NA,NA
"101","Oil",1215,1
"930",NA,NA,NA
"101","Oil",1056,1
"105","Gas",2982,2.5
"104","Electric",1764,2
"101","Oil",1386,1
"101","Oil",1725,1
"101","Oil",898,1
"101","Oil",1225,1
"101","Electric",1302,1
"101","Electric",1248,1
"104","Gas",1776,2
"101","Oil",1256,1
"101","Electric",864,1
"101","Electric",1260,1
"101","Oil",924,1
"101","Electric",1632,2
"104","Gas",1944,2
"101","Electric",960,1
"132",NA,NA,NA
"104","Electric",1944,2
"104","Gas",2156,2
"101","Oil",984,1
"101","Oil",1020,1
"101","Oil",1134,1
"337",NA,NA,NA
"337",NA,NA,NA
"101","Gas",1048,1
"101","Oil",1120,1
"101","Gas",1144,1
"101","Gas",1488,1
"106",NA,NA,NA
"104","Electric",1800,2
"101","Gas",1095,1
"101","Oil",876,1
"104","Electric",1786,1
"392",NA,NA,NA
"101","Gas",1876,2
"101","Gas",1267,1
"101","Gas",1561,1.5
"101","Oil",1019,1
"101","Oil",650,1
"104","Oil",2080,2
"101","Gas",1724,2
"101","Gas",1220,1
"101","Oil",1320,2
"101","Gas",1161,1
"105","Gas",2592,3
"101","Gas",1250,1
"936",NA,NA,NA
"101","Electric",1170,1
"101","Oil",1445,1.5
"101","Oil",1095,1
"101","Oil",1542,1
"104","Oil",2528,2
"132",NA,NA,NA
"101","Electric",1050,1
"132",NA,NA,NA
"101","Oil",1096,1
"101","Gas",1445,1.5
"101","Oil",1095,1
"132",NA,NA,NA
"101","Oil",1008,1
"101","Oil",960,1
"101","Gas",1009,1
"101","Gas",1095,1
"101","Gas",1491,1.5
"101","Oil",1340,1.5
"101","Oil",1216,1
"930",NA,NA,NA
"101","Oil",1080,1
"132",NA,NA,NA
"913",NA,NA,NA
"101","Oil",1088,1
"101","Oil",1080,1
"101","Oil",1260,1
"957","Oil",2789,1
"101","Electric",447,1
"132",NA,NA,NA
"101","Oil",1263,1
"101","Oil",1095,1
NA,NA,NA,NA
NA,NA,NA,NA
"101","Oil",1144,1
"101","Oil",2736,2
"103",NA,NA,NA
"101","Oil",768,1
"101","Oil",960,1
"101","Oil",2600,2
"101","Electric",1648,2
"101","Oil",2370,2
"101","Gas",1856,2
"101","Oil",960,1
"101","Oil",1730,1
"101","Gas",1536,2
"101","Gas",1420,1
"101","Gas",2024,2
"101","Electric",1890,2
"101","Gas",1178,1
"101","Gas",1232,1
"101","Gas",1102,1
"101","Oil",806,1
"101","Oil",1456,1
"101","Oil",1198,1
"101","Oil",996,1
"101","Gas",1387,2
"101","Gas",1286,1
"101","Oil",2092,2
"101","Oil",960,1
"101","Gas",960,1
"101","Electric",1438,1
"101","Oil",1636,2
"101","Electric",1470,2
"101","Electric",1888,2
"101","Gas",1979,1
"101","Gas",1696,2
"101","Electric",1459,1.5
"132",NA,NA,NA
"101","Gas",2599,1
"101","Gas",1694,1
"101","Oil",934,1
"104","Oil",1634,1.5
"101","Gas",2348,1
"101","Gas",2415,1
"101","Gas",1270,1
"930",NA,NA,NA
"104","Gas",2364,2
"101","Gas",960,1
"101","Gas",1308,1
"101","Gas",1592,2
"101","Oil",1056,2
"101","Oil",1444,1.5
"101","Gas",816,1
"104","Gas",1976,2
"132",NA,NA,NA
"101","Gas",584,1
"104","Oil",2128,2
"104","Oil",1976,2
"101","Gas",960,1
"101","Gas",1048,1
"101","Gas",1322,1
"101","Gas",1092,1
"104","Oil",1976,2
"104","Gas",2012,2
"132",NA,NA,NA
"101","Gas",1982,2
"101","Gas",1290,1
"101","Electric",1536,2
"132",NA,NA,NA
"101","Gas",1144,1
"104","Oil",2128,2
"104","Oil",2092,2
"101","Gas",1136,1
"101","Gas",999,1
"101","Oil",1412,1
"101","Gas",1056,1
"101","Gas",960,1
"101","Electric",1056,1
"104","Oil",2132,2
"101","Gas",1302,2
"101","Oil",1300,1
"101","Electric",1116,1
"101","Gas",1040,1
"101","Oil",890,1
"101","Electric",1300,1
"101","Oil",1152,1
"132",NA,NA,NA
"109","Oil",1603,1.5
"930",NA,NA,NA
"101","Gas",4158,1.5
"101","Oil",1104,1
"101","Gas",988,1
"101","Oil",1589,1.5
"101","Gas",1120,1
"101","Gas",2990,2
"101","Gas",1056,1
"101","Gas",1036,1
"104","Oil",2421,2
"101","Electric",1395,1
"101","Electric",1159,1
"101","Gas",2146,1.5
"132",NA,NA,NA
"101","Electric",1014,1
"101","Oil",1130,1
"930",NA,NA,NA
"101","Electric",1107,1
"101","Electric",1344,1
"101","Electric",1447,1
"101","Oil",840,1
"101","Gas",1806,2
"132",NA,NA,NA
"104","Gas",1664,2
"101","Electric",1022,1
"101","Electric",1684,1
"101","Electric",1444,1
"101","Electric",1062,1
"101","Gas",1060,1
"101","Gas",1060,1
"101","Electric",1092,1
"101","Electric",1062,1
"101","Electric",1248,1
"101","Electric",970,1
"101","Oil",1176,1
"101","Oil",1422,2
"101","Gas",1768,1
"101","Gas",2660,1.5
"101","Electric",1279,1
"101","Oil",1780,1
"101","Gas",2336,2
"101","Oil",1452,1
"101","Gas",1024,1
"101","Oil",1515,1.5
"101","Oil",1445,1
"101","Oil",1056,1
"101","Gas",2952,2
"132",NA,NA,NA
"101","Oil",1208,1
"101","Oil",1312,1
"101","Oil",1018,1
"101","Oil",1404,1
"101","Oil",1240,1
"101","Gas",1086,1
"101","Gas",1350,2
"101","Electric",1125,1
"132",NA,NA,NA
"104","Gas",1588,2
"101","Oil",1231,1
"101","Electric",1048,1
"101","Oil",1080,1
"101","Gas",2962,2
"101","Gas",1492,1
"101","Oil",1002,1
"101","Gas",1460,1
"101","Gas",1020,1
"101","Oil",891,1
"132",NA,NA,NA
"101","Gas",1080,1
"101","Gas",1080,1
"101","Oil",1851,1
"101","Gas",936,1
"101","Electric",900,1
"101","Oil",1235,1
"101","Oil",1092,1
"101","Gas",1206,1
"101","Oil",1432,1.5
"101","Electric",1300,1
"391",NA,NA,NA
"101","Gas",1160,1
"104","Electric",2016,2
"106",NA,NA,NA
"101","Gas",1176,1
"101","Gas",1232,1
"101","Oil",990,1
"101","Gas",1235,1
"101","Gas",1354,2
"101","Gas",1060,1
"101","Oil",1292,1
"106",NA,NA,NA
"101","Oil",1450,1
"101","Gas",1170,1
"101","Gas",936,1
"101","Gas",1160,1
"101","Gas",960,1
"101","Oil",2035,1.5
"101","Electric",1250,1
"101","Gas",1296,1
"101","Oil",1388,1
"101","Oil",900,1
"101","Oil",2137,2
"101","Gas",1848,2
"101","Oil",840,1
"101","Gas",1590,1
"130",NA,NA,NA
"101","Electric",1056,1
"104","Oil",1976,2
"104","Oil",2223,2
"101","Gas",1056,1
"101","Electric",1286,1
"106",NA,NA,NA
"104","Oil",1872,2
"101","Gas",1196,1
"101","Gas",1206,1
"101","Gas",1800,1
"106",NA,NA,NA
"101","Gas",1092,1
"101","Oil",1392,1
"104","Gas",1325,1
"104","Gas",1325,1
"101","Electric",1643,1
"101","Oil",1684,2
"101","Gas",1446,1
"101","Gas",1444,1
"104","Oil",2128,2
"132",NA,NA,NA
"101","Oil",862,1
"101","Oil",1428,2
"104","Gas",1962,2
"101","Oil",1448,1
"101","Electric",1872,2
"101","Oil",1421,1
"101","Gas",1228,1
"101","Oil",1167,1
"101","Gas",1056,1
"104","Gas",1325,1
"101","Gas",980,1
"101","Electric",1080,1
"101","Gas",1105,1
"101","Oil",900,1
"101","Gas",850,1
"106",NA,NA,NA
"101","Gas",816,1
"101","Oil",770,1
"132",NA,NA,NA
"951",NA,NA,NA
"105","Gas",3591,3
"101","Oil",1256,2
"101","Oil",960,1
"101","Gas",1924,2
"101","Oil",1528,1
"131",NA,NA,NA
"101","Oil",1313,1
"101","Gas",2128,1
"101","Gas",960,1
"105","Gas",3864,3
"101","Gas",1267,1.5
"101","Oil",925,1
"101","Coal or Wood",1542,1
"101","Gas",770,1
"101","Gas",1420,1
"101","Gas",1225,1
"101","Oil",1120,1
"101","Gas",800,1
"101","Oil",925,1
"101","Oil",884,1
"101","Gas",960,1
"101","Oil",1125,1
"101","Oil",1168,1
"101","Oil",1398,1
"101","Oil",1397,1.5
"101","Oil",1064,1
"101","Gas",1652,2
"101","Oil",667,1
"101","Oil",784,1
"105","Gas",3021,2.5
"101","Gas",1056,1
"101","Gas",1664,2
"101","Oil",720,1
"101","Gas",1392,1
"101","Electric",1107,1
"101","Gas",2164,2
"101","Oil",1403,1.5
"104","Gas",2630,2
"101","Oil",910,1
"101","Gas",1612,1
"101","Oil",1592,1
"103",NA,NA,NA
"104","Oil",2670,2
"101","Oil",1120,1
"132",NA,NA,NA
"101","Gas",3530,2
"101","Gas",960,1
"101","Oil",400,1
"101","Gas",3199,2
"101","Oil",2274,2
"101","Oil",1152,1
"101","Gas",1398,1
"104","Gas",1888,2
"101","Oil",1514,1.5
"104","Gas",2070,2
"101","Oil",1092,1
"101","Gas",1648,2
"101","Gas",1648,2
"105","Oil",2700,3
"101","Oil",1260,1
"101","Oil",768,1
"104","Gas",2736,2
"101","Gas",1632,2
"101","Gas",1346,1.5
"101","Gas",667,1
"101","Oil",1576,2
"104","Gas",2046,2
"101","Oil",1452,2
"930",NA,NA,NA
"101","Electric",1008,1
"101","Gas",860,1
"101","Electric",960,1
"101","Gas",1705,2
"101","Gas",2098,2
"104","Gas",1872,2
"101","Gas",1365,1.5
"104","Oil",1836,1
"106",NA,NA,NA
"101","Electric",1008,1
"105","Oil",2434,2
"104","Oil",2080,2
"101","Gas",1276,1
"104","Oil",1976,2
"104","Oil",2206,2
"101","Electric",1160,1
"101","Oil",1148,1
"132",NA,NA,NA
"132",NA,NA,NA
"101","Oil",1794,1
"101","Electric",1188,1
"104","Oil",1976,2
"132",NA,NA,NA
"132",NA,NA,NA
"104","Gas",1564,2
"101","Gas",1376,1
"101","Oil",672,1
"101","Gas",1318,1
"104","Gas",1327,1
"101","Gas",1048,1
"101","Gas",2176,1
"101","Electric",960,1
"391",NA,NA,NA
"132",NA,NA,NA
"132",NA,NA,NA
"101","Oil",875,1
"101","Electric",864,1
"101","Electric",1428,1
"959","Electric",1323,1
"101","Gas",1344,1
"101","Gas",1544,1.5
"101","Electric",1092,1
"101","Oil",1564,1.5
"101","Electric",960,1
"930",NA,NA,NA
"101","Oil",1581,1.5
"101","Gas",960,1
"104","Oil",2217,2
"104","Oil",1821,2
"104","Oil",1050,1
"104","Oil",2400,2
"104","Gas",3118,2
"101","Gas",960,1
"132",NA,NA,NA
"132",NA,NA,NA
"101","Gas",960,1
"101","Gas",1056,1
"101","Gas",1072,1.5
"391",NA,NA,NA
"101","Gas",996,1
"101","Gas",1452,1.5
"101","Gas",974,1
"101","Gas",1445,1.5
"101","Oil",1048,1
"101","Electric",1062,1
"101","Oil",936,1
"101","Electric",1344,1
"101","Electric",1364,1
"930",NA,NA,NA
"101","Oil",1095,1
"101","Oil",1095,1
"101","Electric",864,1
"101","Electric",1714,1.5
"105","Oil",2743,2
"101","Gas",1050,1
"101","Gas",1968,2
"101","Oil",1425,1
"101","Gas",960,1
"101","Oil",1589,1.5
"101","Electric",1062,1
"101","Oil",1932,1.5
"101","Oil",1180,1
"101","Gas",924,1
"101","Oil",1728,2
"101","Electric",1100,1
"101","Electric",1247,1
"101","Gas",1169,1
"101","Electric",1086,1
"101","Oil",1032,1
"132",NA,NA,NA
"103",NA,NA,NA
"101","Oil",1537,1
"101","Oil",1664,1
"101","Oil",1373,1
"101","Oil",1208,1
"101","Electric",1053,1
"101","Electric",1376,1
"101","Gas",1912,1
"101","Gas",1346,1
"101","Oil",1334,1
"101","Oil",1416,1
"101","Gas",1872,2
"101","Gas",1488,1
"101","Electric",980,1.5
"101","Gas",864,1
"101","Gas",936,1
"105","Gas",2803,1
"101","Oil",1992,2
"130",NA,NA,NA
"101","Gas",1268,1
"391",NA,NA,NA
"101","Electric",960,1
"104","Gas",3044,2
"101","Electric",1002,1
"101","Oil",960,1
"132",NA,NA,NA
"101","Oil",1217,1.5
"101","Oil",1012,1
"101","Oil",912,1
"104","Gas",1680,1
"101","Gas",1488,1
"101","Oil",1666,2
"101","Oil",816,1
"105","Gas",2284,2
"104","Gas",2138,2
"101","Oil",1216,1
"101","Oil",1050,1
"101","Oil",1056,1
"101","Oil",1088,1
"101","Oil",1037,1
"101","Gas",1975,1.5
"101","Oil",1080,1
"104","Oil",1857,1.5
"130",NA,NA,NA
"101","Oil",1152,1
"101","Oil",1248,2
"101","Gas",1248,2
"101","Oil",1105,1
"101","Oil",1120,1
"101","Gas",1053,1
"101","Gas",936,1
"101","Gas",1514,1
"101","Gas",1152,1
"101","Oil",1878,2
"101","Oil",1440,2
"101","Electric",3288,2
"101","Electric",1248,1
"101","Gas",1526,1.5
"101","Electric",925,1
"101","Electric",2016,2
"101","Oil",1996,2
"101","Oil",1201,1
"101","Oil",1105,1
"101","Electric",1436,1
"101","Oil",1908,2
"101","Oil",1284,1
"101","Oil",1452,1
"101","Oil",1116,1
"101","Gas",1048,1
"101","Gas",1608,1
"104","Gas",2128,2
"101","Electric",1008,1
"101","Electric",1040,1
"104","Oil",2128,2
"104","Electric",2156,2
"101","Oil",936,1
"104","Gas",2778,2
"104","Gas",2128,2
"104","Oil",1976,2
"101","Electric",816,1
"101","Electric",1800,1
"101","Gas",1280,2
"101","Gas",1008,1
"101","Gas",1220,1
"101","Oil",1568,2
"104","Gas",1618,1
"930",NA,NA,NA
"101","Electric",1352,1
"101","Gas",2136,1
"104","Electric",2200,2
"132",NA,NA,NA
"101","Electric",1056,1
"392",NA,NA,NA
"104","Oil",2598,2
"104","Oil",2048,2
"410",NA,NA,NA
"104","Oil",2079,1.5
"103",NA,0,NA
"101","Electric",1344,1
"101","Oil",680,1
"105","Gas",3207,3
"101","Gas",1092,1
"132",NA,NA,NA
"101","Electric",988,1
"101","Electric",1308,1
"132",NA,NA,NA
"101","Gas",1048,1
"101","Oil",1612,1.5
"104","Gas",2040,2
"104","Gas",1872,2
"013","Gas",3600,2
"101","Gas",1869,1.5
"101","Gas",1123,1
"101","Electric",1332,1
"104","Gas",1848,2
"104","Electric",2212,2
"104","Oil",1680,2
"104","Oil",2688,2
"132",NA,NA,NA
"101","Gas",1144,1
"101","Electric",912,1
"101","Gas",1300,2
"101","Electric",1107,1
"104","Gas",2976,2
"101","Oil",1056,1
"101","Electric",874,1
"104","Oil",2208,2
"104","Gas",2648,2
"101","Oil",923,1.5
"101","Gas",780,1
"104","Oil",2098,1.5
"101","Gas",1056,1
"130",NA,NA,NA
"391",NA,NA,NA
"104","Gas",2138,2
NA,NA,NA,NA
NA,NA,NA,NA
"440",NA,NA,NA
"104","Gas",1488,1
"101","Electric",1320,1
"013","Gas",868,1
"101","Gas",1416,2
"101","Gas",1080,1
"101","Gas",672,1
"101","Oil",1074,1
"101","Oil",1536,2
"131",NA,NA,NA
"101","Gas",884,1
"101","Gas",1222,1.5
"101","Electric",1008,1
"101","Gas",884,1
"101","Gas",1198,1
"101","Electric",1008,1
"101","Electric",1008,1
"101","Oil",1032,1
"101","Oil",1416,1
"101","Oil",1152,1
"132",NA,NA,NA
"013","Typical",3840,2
"104","Electric",2156,2
"104","Oil",3432,3
"101","Gas",960,1
"104","Electric",2244,2
"101","Gas",1026,1
"101","Electric",864,1
"101","Electric",950,1
"953",NA,NA,NA
"101","Gas",1113,1
"104","Gas",2692,2
"101","Electric",1060,1
"101","Gas",1733,1.5
"104","Oil",2418,2
"104","Oil",1676,2
"101","Oil",1053,1
"013","Typical",4672,NA
"132",NA,NA,NA
"104","Oil",2470,2
"132",NA,NA,NA
"101","Electric",960,1
"101","Oil",1120,1
"101","Gas",962,1
"101","Gas",1414,1
"104","Oil",1800,2
"132",NA,NA,NA
"101","Oil",1092,1
"109","Gas",537,1
"101","Oil",1510,1
"101","Oil",1141,1
"104","Gas",1824,2
"106",NA,NA,NA
"101","Gas",963,1
"101","Oil",1014,1
"105","Gas",2961,2
"101","Gas",1220,1
"101","Gas",1353,1
"104","Gas",1383,2
"101","Gas",1572,1
"101","Oil",1400,1
"101","Gas",1040,1
"101","Electric",1184,1
"101","Oil",1287,1.5
"104","Oil",2194,2
"101","Electric",1107,1
"101","Oil",1208,1
"101","Gas",1296,2
"101","Oil",1044,1
"101","Gas",1052,1.5
"132",NA,NA,NA
"101","Oil",1208,1
"101","Oil",1208,1
"105","Gas",2354,2
"104","Gas",2190,2
"101","Oil",1364,1
"101","Gas",1125,1
"104","Electric",2156,2
"101","Gas",1102,1
"101","Gas",936,1
"101","Gas",1296,1
"101","Electric",1107,1
"101","Electric",960,1
"101","Electric",1092,1
"104","Electric",1764,2
"101","Oil",936,1
"101","Gas",1062,1
"105","Oil",2412,2
"101","Gas",1248,1
"101","Gas",1372,1
"101","Oil",1350,2
"101","Electric",1008,1
"101","Electric",1108,1
"101","Oil",1224,1
"101","Oil",936,1
"106",NA,NA,NA
"101","Gas",1456,2
"101","Oil",1622,1
"101","Oil",1040,1
"101","Gas",884,1
"101","Oil",720,1
"101","Oil",1344,1
"101","Gas",802,1
"101","Gas",1981,2
"101","Gas",1636,2
"101","Oil",1698,1.5
"101","Oil",1040,1
"104","Oil",1976,2
"101","Oil",1823,1.5
"101","Oil",1020,1
"101","Gas",1550,1
"101","Oil",1522,2
"101","Gas",1248,2
"101","Gas",1048,1
"101","Gas",1288,1
"101","Gas",1035,1
"101","Gas",1130,1
"101","Oil",1284,1
"101","Gas",1061,1
"101","Gas",1976,2
"101","Oil",1276,1.5
"101","Gas",972,1
"101","Electric",912,1
"101","Gas",777,1
"101","Gas",1330,2
"101","Oil",1022,1
"101","Gas",2966,1.5
"930",NA,NA,NA
"101","Oil",1302,1
"101","Gas",1056,1
"105","Oil",3264,3
"101","Gas",1034,1
"101","Oil",1061,1.5
"101","Oil",912,1
"101","Electric",912,1
"105","Gas",3552,3
"101","Gas",960,1
"101","Oil",867,1
"101","Oil",1214,1.5
"101","Gas",960,1
"104","Oil",2080,2
"101","Oil",1208,1
"101","Electric",1107,1
"104","Oil",2080,2
"105","Oil",2592,2
"106",NA,NA,NA
"104","Gas",2760,2
"104","Electric",1440,1
"104","Electric",1536,1
"132",NA,NA,NA
"132",NA,NA,NA
"101","Electric",1185,1
"101","Gas",1048,1
"101","Electric",1092,1
"101","Oil",1208,1
"132",NA,NA,NA
"101","Oil",1386,2
"101","Oil",1208,1
"101","Oil",1208,1
"132",NA,NA,NA
"104","Oil",2201,2
"101","Oil",936,1
"101","Gas",936,1
"101","Oil",984,1
"101","Oil",877,1
"101","Gas",898,1
"101","Gas",1168,1
"105","Gas",2223,2
"101","Oil",1152,1
"101","Oil",1008,1
"101","Oil",1171,1
"101","Oil",900,1
"101","Gas",1332,1
"101","Oil",1040,1
"101","Gas",768,1
"101","Electric",1432,1
"106",NA,NA,NA
"101","Gas",984,1
"101","Gas",960,1
"101","Electric",1224,1
"101","Oil",1007,1
"101","Gas",960,1
"101","Gas",960,1
"101","Gas",858,1
"101","Gas",854,1
"101","Gas",1703,1.5
"101","Oil",1080,1
"101","Gas",1000,1
"101","Gas",1056,1
"101","Oil",1224,1
"130",NA,NA,NA
"101","Oil",1352,1
"101","Electric",1102,1
"101","Oil",1326,1
"101","Oil",1080,1
"101","Oil",1140,1
"101","Gas",960,1.5
"101","Gas",1168,1
"101","Gas",1746,1
"101","Electric",1062,1
"101","Electric",2142,2
"132",NA,NA,NA
"101","Electric",1296,1
"101","Electric",1248,1
"101","Gas",1052,1
"101","Electric",1284,1
"974",NA,NA,NA
"101","Gas",1040,1
"101","Gas",1080,1
"101","Electric",1416,1
"101","Gas",936,1
"101","Gas",1152,1
"132",NA,NA,NA
"101","Oil",1134,1
"104","Gas",2448,2
"101","Oil",1574,2
"101","Electric",912,1
"101","Gas",1300,1
"101","Oil",864,1
"106",NA,NA,NA
"101","Oil",1379,1.5
"105","Gas",3240,3
"104","Gas",2520,2
"105","Gas",3264,3
"101","Oil",1080,1
"101","Oil",936,1
"101","Gas",1704,1
"101","Oil",1216,1
"101","Electric",950,1
"101","Oil",1718,2
"104","Electric",2000,2
"101","Electric",1224,1
"101","Oil",1248,1
"101","Oil",1452,1
"101","Oil",1175,1
"132",NA,NA,NA
"101","Oil",912,1
"101","Gas",1584,2
"101","Gas",1224,2
"959","Gas",2261,1
"951",NA,NA,NA
"104","Electric",1872,2
"104","Gas",1872,2
"101","Oil",3152,2
"101","Electric",1162,1
"101","Gas",1148,1
"101","Oil",1288,1
"713",NA,NA,NA
"101","Electric",1652,1
"105","Oil",5040,3
"101","Electric",1032,1
"101","Electric",1344,1
"101","Gas",768,1
"101","Gas",780,1
"101","Oil",1248,2
"101","Gas",956,1
"101","Oil",1128,1
"101","Oil",1344,2
"101","Oil",1344,2
"101","Gas",960,1
"101","Gas",960,1
"101","Oil",1408,2
"101","Gas",960,1
"101","Oil",960,1
"101","Gas",960,1
"101","Electric",1040,1
"101","Oil",1032,1
"101","Oil",1960,2
"101","Gas",1740,1
"101","Gas",2316,2
"101","Electric",2066,1.5
"101","Oil",950,1
"105","Oil",2728,2
"101","Gas",1751,1
"101","Gas",2338,1
"101","Gas",1227,2
"101","Oil",1178,1
"132",NA,NA,NA
"101","Gas",1283,1
"101","Gas",1456,1
"101","Oil",984,1
"101","Oil",1728,2
"101","Electric",2170,2
"337",NA,NA,NA
"131",NA,NA,NA
"101","Electric",1248,1
"101","Electric",1114,1
"101","Gas",972,1
"104","Oil",2322,2
"101","Electric",1284,1
"101","Electric",1100,1
"101","Gas",1152,1
"101","Electric",1180,1
"101","Electric",1512,1
"101","Oil",1312,1
"104","Oil",2088,2
"104","Electric",1440,1
"101","Electric",1352,1
"101","Electric",1372,1
"132",NA,NA,NA
"101","Gas",1272,1
"101","Electric",1014,1
"101","Gas",1560,1.5
"101","Electric",2452,2
"101","Electric",1460,1
"337",NA,NA,NA
"104","Gas",2205,2
"101","Electric",1349,1
"101","Electric",988,1
"104","Gas",2028,2
"101","Oil",1648,1
"101","Gas",1020,1
"101","Gas",1549,1
"131",NA,NA,NA
"132",NA,NA,NA
"104","Gas",1806,1.5
"101","Gas",1931,1
"101","Oil",1378,1
"132",NA,NA,NA
"101","Gas",794,1
"101","Electric",1125,1
"101","Oil",1312,1
"101","Oil",1420,1
"101","Oil",1986,1
"101","Oil",992,1
"101","Gas",960,1
"101","Gas",960,1
"101","Electric",1080,1
"101","Oil",1050,1
"101","Oil",1056,1
"101","Oil",1298,1
"104","Gas",1587,1.5
"101","Gas",1398,2
"132",NA,NA,NA
"101","Oil",1220,1
"101","Gas",1048,1
"101","Gas",1080,1
"101","Gas",936,1
"390",NA,NA,NA
"101","Oil",1646,1
"101","Oil",1738,1
"101","Electric",1184,1
"101","Gas",1252,1
"101","Oil",936,1
"101","Oil",1464,1
"132",NA,NA,NA
"132",NA,NA,NA
"101","Gas",1344,2
"959",NA,NA,NA
"101","Gas",1173,1.5
"101","Oil",1420,2
"131",NA,NA,NA
"101","Oil",1448,1.5
"101","Oil",1430,1
"101","Oil",1077,1
"101","Oil",936,1
"101","Oil",1224,1
"101","Gas",1238,1
"105","Oil",3354,3
"101","Oil",1120,1
"101","Gas",1152,1
"101","Gas",936,1
"101","Oil",925,1
"101","Gas",936,1
"101","Gas",1328,1
"132",NA,NA,NA
"101","Gas",1008,1
"105","Oil",2720,2.5
"101","Oil",1368,2
"132",NA,NA,NA
"101","Gas",960,1
"101","Oil",1526,1.5
"101","Oil",1526,1.5
"101","Electric",960,1
"104","Oil",2080,2
"132",NA,NA,NA
"101","Gas",1085,1
"101","Electric",1104,1
"105","Oil",4089,3
"101","Oil",1436,1
"101","Gas",925,1
"132",NA,NA,NA
"104","Electric",1440,1
"013","Gas",1187,1
"104","Gas",2350,2
"101","Oil",1002,1
"101","Oil",1056,1
"973",NA,NA,NA
"101","Oil",1422,1.5
"101","Oil",1034,1
"101","Oil",1045,1
"104","Electric",1764,2
"105","Oil",2424,2
"101","Oil",820,1
"101","Electric",968,1
"105","Gas",3783,3
"104","Oil",2510,2
"132",NA,NA,NA
"101","Oil",966,1
"101","Electric",700,1
"101","Gas",1120,1
"101","Gas",960,1
"101","Electric",1683,1
"103",NA,NA,NA
"101","Gas",2263,2
"101","Gas",1201,1
"132",NA,NA,NA
"101","Oil",1156,1
"101","Electric",1328,1
"101","Gas",1048,1
"101","Gas",896,1
"101","Gas",1358,1
"104","Electric",2052,2
"101","Gas",1503,1
"423",NA,NA,NA
"101","Gas",1426,1.5
"104","Gas",1388,2
"104","Oil",2240,2
"104","Oil",2240,2
"101","Gas",1056,1
"101","Electric",1020,1
"104","Oil",2138,2
"104","Oil",2743,2
"101","Gas",1300,2
"101","Electric",1532,1
"104","Oil",1872,2
"104","Gas",2100,2
"101","Oil",2494,1
"101","Electric",2052,2
"104","Gas",2184,2
"104","Oil",2128,2
"101","Oil",1896,1
"101","Electric",2248,1
"101","Gas",1188,1.5
"101","Gas",782,1
"101","Gas",2218,1.5
"101","Gas",2505,1.5
"105","Oil",4053,3
"101","Gas",1816,2
"101","Electric",1988,2
"101","Electric",2006,1
"132",NA,NA,NA
"101","Gas",1445,1.5
"101","Gas",1725,2
"101","Electric",2299,2
"101","Gas",884,1
"101","Gas",1410,1
"104","Typical",4752,NA
"962",NA,0,NA
"930",NA,NA,NA
"101","Gas",1832,2
"101","Gas",1048,1
"101","Gas",1048,1
"101","Oil",1004,1
"101","Oil",1308,1
"104","Oil",2164,2
"132",NA,NA,NA
"101","Gas",960,1
"101","Gas",1048,1
"101","Electric",1386,1.5
"718",NA,NA,NA
"101","Gas",1360,1
"104","Oil",1872,2
"101","Oil",1359,1
"101","Gas",1052,1
"101","Oil",1136,1
"101","Oil",1200,1
"101","Oil",1056,1
"101","Oil",1484,1
"101","Oil",1055,1
"101","Oil",1050,1
"101","Gas",960,1
"101","Oil",960,1
"104","Gas",2035,1.5
"101","Gas",1044,1
"101","Oil",960,1
"101","Gas",960,1
"101","Oil",1192,1
"101","Gas",1048,1
"101","Gas",1226,1
"101","Gas",960,1
"101","Oil",1088,1
"104","Gas",2006,1.5
"101","Oil",1206,1
"132",NA,NA,NA
"101","Gas",1590,1
"101","Electric",960,1
"111","Typical",3508,2.75
"104","Oil",2470,2
"101","Gas",1408,1
"101","Electric",1209,1
"101","Electric",1032,1
"101","Gas",1664,2
"101","Electric",1020,1
"101","Oil",1519,1
"101","Electric",1008,1
"101","Electric",1107,1
"101","Gas",966,1
"101","Gas",966,1
"101","Oil",1008,2
"101","Oil",1080,1
"101","Oil",1008,1
"101","Oil",864,1
"101","Gas",912,1
"013","Gas",1736,2
"101","Gas",1413,1
"130",NA,NA,NA
"132",NA,NA,NA
"104","Oil",1606,2
"130",NA,NA,NA
"101","Oil",2242,2
"101","Oil",1346,1.5
"105","Gas",3846,3
"101","Oil",864,1
"101","Oil",1248,1
"101","Oil",1311,1
"101","Oil",1011,1
"101","Electric",1866,2
"101","Gas",1556,1
"104","Gas",2320,2
"101","Gas",1490,2
"101","Oil",1187,1.5
"101","Gas",996,1
"101","Electric",960,1
"132",NA,NA,NA
"101","Oil",1550,1.5
"951",NA,0,NA
"101","Oil",1038,1
"101","Oil",1648,2
"101","Electric",2344,2
"101","Coal or Wood",1360,1.5
"101","Gas",1464,2
"101","Electric",1056,1
"101","Oil",1148,1
"101","Gas",960,1
"101","Oil",1295,1
"101","Electric",1344,1
"101","Gas",1048,1
"101","Oil",1376,1
"101","Electric",1544,1.5
"101","Electric",2639,2
"101","Gas",1120,1
"390",NA,NA,NA
"101","Oil",1284,1
"132",NA,NA,NA
"101","Oil",1272,1
"101","Electric",960,1
"101","Gas",1336,1
"101","Electric",988,1
"101","Oil",3217,2
"101","Coal or Wood",2416,1
"101","Oil",1452,1
"101","Gas",1295,1.5
"101","Electric",1260,1
"101","Oil",1372,1
"101","Electric",1464,1
"101","Electric",1888,1.5
"104","Gas",2092,2
"101","Gas",1152,1
"101","Electric",1056,1
"101","Electric",1230,1
"132",NA,NA,NA
"101","Oil",1080,1
"101","Gas",1008,1
"101","Gas",960,1
"101","Oil",1796,2
"101","Oil",1146,1
"101","Gas",1048,1
"101","Oil",864,1
"101","Oil",1212,1
"101","Gas",1109,1.5
"101","Gas",960,1
"101","Gas",960,1
"101","Oil",768,1.5
"900",NA,NA,NA
"101","Electric",1125,1
"101","Gas",1125,1
"101","Gas",960,1
"101","Gas",1140,1
"101","Gas",1178,1
"101","Gas",1658,1
"101","Electric",2694,1
"132",NA,NA,NA
"101","Electric",960,1
"101","Electric",960,1
"101","Gas",960,1
"101","Gas",960,1
"101","Oil",1190,1
"101","Gas",1048,1
"101","Gas",1050,1
"101","Oil",1060,1
"930",NA,NA,NA
"101","Electric",1384,1
"101","Oil",1162,1
"101","Oil",660,1
"101","Oil",1075,1
"101","Gas",1608,2
"101","Gas",1033,1
"101","Electric",1033,1
"101","Oil",1070,1
"101","Oil",1052,1
"101","Oil",1184,1
"101","Oil",1400,1
"101","Gas",960,1
"101","Gas",1456,1
"101","Gas",960,1
"101","Gas",1152,1
"101","Electric",1204,1
"101","Electric",1550,1
"101","Oil",1082,1
"101","Electric",912,1
"132",NA,NA,NA
"101","Oil",1137,1.5
"101","Oil",1296,1
"101","Oil",1185,1
"101","Electric",1080,1
"101","Gas",1132,1
"101","Oil",912,1
"101","Oil",912,1
"101","Oil",1413,1
"101","Oil",1768,2
"101","Oil",1080,1
"101","Oil",1444,1
"101","Oil",883,1
"101","Electric",1245,1
"101","Oil",720,1
"101","Oil",960,1
"104","Gas",1462,1.5
"104","Gas",1872,2
"101","Oil",1208,1
"101","Oil",1208,1
"101","Gas",1296,1
"101","Gas",1506,1
"101","Electric",1331,1
"101","Gas",1098,1
"101","Oil",1168,1
"101","Gas",2025,1
"101","Oil",768,1
"109","Oil",1252,1
"101","Oil",1656,2
"101","Oil",1838,1
"101","Oil",984,1
"101","Oil",2200,2
"105","Gas",2262,2
"101","Oil",1613,1
"101","Electric",950,1
"101","Gas",1056,1
"132",NA,NA,NA
"101","Oil",960,1
"101","Oil",1161,1
"101","Gas",1485,1
"101","Oil",1238,1
"101","Gas",960,1
"104","Oil",1902,2
"104","Oil",2864,2
"101","Electric",1248,1
"101","Electric",850,1
"101","Gas",925,1
"101","Oil",1020,1
"101","Electric",1248,1
"101","Electric",1440,2
"101","Gas",1924,2
"101","Electric",1300,1
"101","Electric",1002,1
"101","Gas",1170,1
"132",NA,NA,NA
"101","Gas",774,1
"101","Oil",1183,1
"101","Electric",1660,1
"101","Electric",1260,1
"101","Electric",1128,1
"101","Electric",1488,1
"101","Electric",1140,1
"101","Gas",960,1
"101","Oil",1032,1
"101","Electric",988,1
"101","Electric",1780,1
"101","Gas",983,1
"101","Oil",2078,2
"101","Oil",1094,1
"101","Oil",876,1
"101","Electric",988,1
"101","Electric",1092,1
"105","Oil",3624,3
"104","Oil",2576,2
"101","Oil",1050,1
"101","Oil",1615,1
"980",NA,NA,NA
"101","Electric",1482,1
"101","Oil",960,1
"101","Gas",1377,NA
"101","Gas",1124,1
"101","Gas",1568,2
"101","Oil",1284,1
"101","Gas",1730,1.5
"101","Oil",1161,1
"101","Electric",1125,1
"101","Gas",1048,1
"101","Oil",1349,1
"101","Electric",1125,1
"101","Oil",1326,1
"101","Electric",816,1
"101","Electric",988,1
"101","Electric",1125,1
"101","Electric",1355,1
"101","Electric",1140,1
"101","Oil",2692,2
"104","Oil",2576,2
"104","Gas",2628,2
"101","Electric",988,1
"101","Electric",2128,1
"104","Oil",2052,2
"105","Gas",2727,2
"101","Electric",1953,1
"930",NA,NA,NA
"104","Electric",2369,2
"101","Electric",1313,2
"101","Gas",1444,1
"101","Gas",1176,1
"101","Gas",960,1
"101","Gas",1013,1
"101","Oil",1088,1
"101","Gas",3406,1
"101","Gas",1396,1
"101","Electric",1092,1
"101","Gas",1222,1
"101","Oil",1476,1
"101","Electric",988,1
"101","Gas",1092,1
"101","Electric",1338,1
"101","Oil",1412,1
"101","Gas",1078,1
"104","Oil",2400,2
"132",NA,NA,NA
"106",NA,NA,NA
"101","Oil",864,1
"101","Gas",1050,1
"101","Gas",864,2
"101","Electric",912,1
"423",NA,NA,NA
"930",NA,NA,NA
"101","Electric",912,1
"101","Electric",912,1
"101","Gas",1152,2
"101","Oil",1008,1
"104","Oil",2644,2
"101","Oil",1020,1
"101","Gas",1426,1
"132",NA,NA,NA
"105","Gas",3238,3
"105","Gas",3216,3
"101","Gas",1178,1
"101","Gas",1335,1
"101","Oil",1030,1
"104","Oil",2784,2
"132",NA,NA,NA
"101","Gas",1638,2
"101","Gas",1286,1
"101","Gas",2128,2
"101","Electric",1008,1
"101","Gas",1228,1
"101","Gas",1627,1.5
"101","Oil",1320,2
"132",NA,NA,NA
"101","Gas",1218,1
"104","Gas",2500,2
"104","Gas",2228,2
"104","Electric",1764,2
"132",NA,NA,NA
"101","Gas",1332,1
"101","Oil",2816,2
"130",NA,NA,NA
"104","Electric",1536,1
"104","Gas",2672,2
"101","Oil",1231,1
"101","Gas",2480,1.5
"104","Gas",2290,2
"101","Oil",1406,1
"132",NA,NA,NA
"101","Electric",1120,1
"101","Oil",864,1
"105","Electric",3555,3
"104","Electric",1798,1.5
"101","Electric",2915,1
"101","Oil",2611,1.5
"104","Oil",2484,2
"101","Oil",1826,2
"101","Electric",1800,2
"101","Electric",2415,2
"104","Gas",2888,2
"101","Oil",1162,1
"101","Electric",1814,2
"101","Gas",1964,2
"104","Oil",1732,1.5
"104","Oil",2378,2
"132",NA,NA,NA
"132",NA,NA,NA
"101","Electric",1144,1
"130",NA,NA,NA
"101","Electric",1976,2
"101","Oil",768,1
"132",NA,NA,NA
"104","Gas",1847,1.5
"101","Oil",912,1
"101","Oil",1396,1
"101","Oil",1075,1
"101","Electric",1634,1
"101","Gas",1570,1
"101","Gas",1092,1
"101","Oil",2512,1.5
"101","Gas",1218,1
"101","Gas",1944,2
"105","Oil",3360,3
"101","Electric",1056,1
"131",NA,NA,NA
"337",NA,NA,NA
"104","Oil",2478,2
"101","Gas",825,1
"101","Gas",950,1
"104","Oil",2219,1.5
"101","Gas",1320,1
"105","Gas",3339,2.5
"101","Oil",1210,1
"101","Gas",948,1
"101","Oil",950,1
"104","Oil",1560,2
"104","Oil",2674,2
"101","Gas",1012,1
"101","Oil",1048,1
"101","Oil",1048,1
"105","Oil",3444,3
"101","Oil",1702,1
"104","Oil",2036,1.5
"101","Gas",849,1
"101","Electric",1430,1
"104","Oil",2080,2
"101","Gas",914,1
"101","Gas",1070,1.5
"101","Oil",1254,1
"101","Gas",1120,1
"101","Oil",960,1
"130",NA,NA,NA
"101","Gas",1284,2
"104","Oil",2340,2
"101","Gas",1361,2
"101","Gas",960,1
"101","Gas",960,1
"101","Oil",1344,2
"101","Oil",1170,1
"101","Oil",1282,1
"104","Gas",2278,2
"101","Oil",1306,1
"101","Oil",1112,1
"101","Oil",1055,1
"101","Oil",1221,1.5
"101","Oil",1536,2
"101","Oil",1192,2
"132",NA,NA,NA
"101","Oil",912,1
"101","Gas",960,1
"132",NA,NA,NA
"101","Electric",912,1
"101","Oil",1270,1
"104","Oil",2184,2
"105","Gas",2756,2.5
"013","Typical",2744,2
"101","Electric",1512,2
"101","Gas",1858,1
"101","Electric",1092,1
"101","Electric",960,1
"101","Electric",888,1
"101","Oil",1024,1
"101","Gas",1048,1
"101","Oil",1396,2
"101","Gas",960,1
"101","Gas",2032,2
"101","Oil",1176,1
"101","Electric",888,1
"101","Electric",950,1
"101","Oil",936,1
"101","Oil",936,1
"101","Gas",1202,1
"101","Electric",1344,1
"101","Oil",990,1
"101","Electric",888,1
"101","Electric",960,1
"337",NA,NA,NA
"101","Gas",1056,1
"101","Oil",1100,1
"101","Gas",950,1
"101","Gas",948,1
"101","Gas",1288,1
"101","Oil",927,1
"104","Gas",1546,2
"101","Gas",948,1
"101","Electric",816,1
"101","Electric",1024,1
"101","Oil",1320,1
"101","Oil",1224,1
"101","Electric",1056,1
"101","Electric",988,1
"101","Oil",448,1
"101","Gas",1644,1.5
"101","Oil",900,1
"101","Gas",1426,1.5
"131",NA,NA,NA
"101","Oil",1456,2
"101","Electric",1426,1.5
"101","Gas",1070,1
"101","Oil",1138,1
"101","Gas",936,1
"101","Electric",1176,1
"101","Oil",1136,1
"101","Electric",1200,1
"101","Electric",936,1
"101","Gas",1152,1
"101","Gas",1345,1
"101","Oil",1378,1
"101","Gas",912,1
"101","Oil",1743,1.5
"101","Electric",1056,1
"101","Gas",912,1
"101","Gas",1673,1.5
"101","Oil",1204,1
"104","Gas",1792,2
"101","Gas",1848,2
"101","Electric",1116,1
"101","Gas",1267,1.5
"101","Oil",1105,1
"101","Electric",1008,1
"104","Oil",1422,1.5
NA,NA,NA,NA
NA,NA,NA,NA
"101","Gas",1133,1
"101","Oil",1004,1
"104","Oil",1620,2
"101","Oil",1195,1.5
"132",NA,NA,NA
"101","Electric",1056,1
"101","Electric",1107,1
"423",NA,NA,NA
"101","Electric",1216,1
"101","Electric",1064,1
"101","Gas",969,1
"104","Oil",2248,2
"101","Gas",1551,2
"101","Gas",1860,2
"101","Gas",1536,1
"104","Oil",2204,2
"104","Gas",2228,2
"101","Oil",1196,1
"101","Oil",2794,2
"101","Gas",1920,1
"104","Electric",1949,1.5
"101","Electric",2838,2
"101","Electric",2360,2
"101","Gas",960,1
"101","Gas",644,1
"105","Oil",3708,3
"101","Gas",1517,1.5
"101","Oil",1086,1
"423",NA,NA,NA
"101","Gas",1363,1
"101","Oil",938,1
"101","Oil",1303,1.5
"109","Oil",2466,2
"101","Gas",960,1
"101","Gas",1386,2
"101","Oil",1866,1.5
"953",NA,NA,NA
"101","Oil",1755,2
"105","Oil",2916,3
"132",NA,NA,NA
"101","Oil",1018,1
"101","Oil",1896,2
"132",NA,NA,NA
"101","Oil",988,1
"101","Oil",1008,1
"101","Gas",1048,1
"101","Gas",1048,1
"101","Gas",975,1
"101","Oil",1040,1
"101","Gas",1048,1
"101","Gas",1048,1
"132",NA,NA,NA
"104","Oil",2038,2
"101","Gas",1048,1
"101","Gas",912,1
"440",NA,NA,NA
"101","Electric",960,1
"101","Gas",1159,1
"101","Oil",864,1
"423",NA,NA,NA
"101","Gas",1114,1
"101","Gas",960,1
"101","Gas",960,1
"101","Gas",2452,1
"101","Gas",1170,1
"101","Gas",1058,1
"101","Electric",1040,1
"101","Gas",768,1
"101","Oil",1450,1
"101","Gas",1332,1
"101","Electric",1500,1
"101","Gas",1228,1
"101","Gas",1048,1
"101","Gas",1544,1
"130",NA,NA,NA
"101","Gas",1096,1
"101","Gas",1048,1
"101","Oil",864,1
"101","Gas",1048,1
"101","Oil",2306,1
"101","Oil",1008,1
"101","Gas",1132,1
"101","Oil",2288,1
"101","Gas",1200,1
"101","Oil",2082,2
"101","Gas",984,1
"101","Oil",950,1
"101","Electric",1364,1
"101","Electric",2003,1
"101","Electric",1106,1
"390",NA,NA,NA
"101","Oil",1616,1
"101","Oil",912,1
"101","Oil",1080,1
"104","Gas",2671,2
"101","Gas",1048,1
"101","Gas",1440,1
"101","Electric",1892,1
"101","Electric",2319,1.5
"101","Gas",1048,1
"101","Oil",1736,1
"132",NA,NA,NA
"101","Electric",2720,2
"101","Oil",948,1
"101","Gas",948,1
"101","Oil",912,1
"101","Oil",912,1
"423",NA,NA,NA
"101","Gas",1260,1
"101","Electric",816,1
"101","Electric",988,1
"101","Oil",912,1
"101","Oil",912,1
"131",NA,NA,NA
"130",NA,NA,NA
"101","Electric",1236,1
"101","Electric",1968,1
"132",NA,NA,NA
"132",NA,NA,NA
"101","Oil",1168,1
"101","Oil",912,1
"101","Oil",1062,1
"101","Electric",1107,1
"101","Oil",912,1
"101","Oil",912,1
"101","Gas",1684,1
"104","Gas",1736,2
"101","Oil",912,1
"101","Oil",912,1
"101","Gas",1296,1
"101","Oil",1174,1
"101","Electric",976,1
"101","Electric",1272,1
"101","Gas",1189,1
"101","Oil",1502,2
"132",NA,NA,NA
"101","Gas",720,1
"132",NA,NA,NA
"101","Gas",960,1
"957","Typical",2320,1
"104","Electric",2268,2
"101","Gas",1320,2
"101","Gas",1440,2
"101","Electric",1286,1
"101","Gas",1314,2
"101","Oil",1656,2
"101","Gas",1320,2
"101","Electric",948,1
"101","Electric",976,1
"101","Gas",1584,2
"101","Electric",1298,1
"101","Oil",3300,1.5
"101","Oil",912,1
"101","Electric",950,1
"101","Electric",1024,1
"101","Gas",1020,1
"101","Gas",1276,2
"101","Electric",1152,1
"101","Electric",1108,1
"101","Gas",960,1
"101","Gas",1012,1
"101","Electric",912,1
"101","Electric",1572,1
"101","Gas",1712,2
"106",NA,NA,NA
"101","Electric",1056,1
"101","Electric",1016,1
"101","Oil",1496,2
"101","Electric",1152,2
"101","Oil",2666,1.5
"105","Gas",2700,3
"101","Gas",1125,1
"104","Oil",1824,2
"104","Oil",2200,2
"104","Gas",2200,2
"101","Oil",1365,1
"101","Oil",1528,1
"101","Oil",1373,1.5
"101","Oil",1500,2
"104","Gas",1544,2
"104","Gas",4038,1.5
"101","Oil",1536,2
"101","Oil",875,1
"101","Gas",1288,1
"101","Gas",1048,1
"930",NA,NA,NA
"101","Oil",1170,1
"101","Gas",1180,1
"101","Gas",1040,1
"101","Oil",1048,1
"101","Oil",912,1
"104","Oil",2786,2
"101","Oil",1063,1
"101","Gas",1093,1
"101","Oil",1064,1
"101","Gas",1201,1
"101","Gas",1040,1
"132",NA,NA,NA
"105","Gas",3263,3
"101","Oil",912,1
"101","Oil",912,1
"101","Gas",1008,1
"101","Gas",1048,1
"132",NA,NA,NA
"104","Oil",1716,2
"101","Gas",1048,1
"101","Electric",1016,1
"101","Oil",1088,1
"101","Gas",1222,1.5
"101","Gas",1048,1
"101","Gas",1048,1
"101","Gas",960,1
"101","Electric",1031,1
"105","Electric",3214,2.5
"105","Oil",3212,2
"101","Gas",1228,1
"101","Gas",1048,1
"101","Oil",1328,1
"101","Gas",1576,1
"105","Oil",2761,2
"101","Oil",1381,2
"101","Gas",1200,1
"101","Oil",1168,1
"101","Oil",1292,1
"101","Electric",1008,1
"104","Gas",2376,2
"104","Gas",3060,2
"101","Oil",1824,2
"101","Oil",1292,1
"101","Gas",2033,1.5
"130",NA,0,NA
"101","Oil",912,1
"101","Oil",2140,2
"104","Oil",2436,2
"101","Gas",1298,1.5
"101","Oil",1448,1
"101","Oil",816,1
"104","Gas",3186,1.5
"105","Oil",3591,3
"101","Oil",912,1
"101","Oil",1140,1
"101","Oil",840,1
"101","Oil",1163,1
"101","Oil",1736,1
"101","Oil",912,1
"132",NA,NA,NA
"101","Electric",1138,1
"104","Gas",1325,1
"104","Gas",1767,1
"104","Gas",1446,1.5
"105","Gas",3126,3
"101","Oil",868,1
"101","Electric",1048,1
"101","Oil",1824,1
"101","Oil",912,1
"104","Oil",2240,2
"132",NA,NA,NA
"101","Oil",1568,1
"101","Oil",676,1
"101","Oil",912,1
"101","Electric",950,1
"101","Oil",816,1
"101","Gas",1056,1
"101","Electric",950,1
"101","Electric",976,1
"104","Gas",1515,1
"101","Oil",1712,1
"104","Gas",2440,2
"104","Gas",2440,2
"101","Electric",976,1
"101","Electric",1211,1
"111","Gas",4051,3
"105","Electric",2142,2.5
"105","Gas",2757,2.5
"101","Gas",1363,1
"101","Oil",1260,1
"101","Gas",1320,2
"101","Oil",1452,1
"101","Oil",1431,1
"101","Electric",976,1
"101","Electric",1218,1
"105","Gas",3768,3
"104","Oil",2450,2
"974",NA,NA,NA
"101","Gas",1660,1
"101","Gas",1940,2
"101","Oil",2096,2
"101","Gas",1128,2
"104","Gas",1824,2
"101","Electric",960,1
"101","Electric",2016,2
"101","Oil",975,1
"104","Oil",2258,2
"104","Gas",1900,2
"104","Oil",2062,2
"101","Oil",1584,1.5
"101","Oil",1448,1
"105","Electric",2448,2
"101","Oil",880,1
"101","Electric",1064,1
"101","Electric",1310,1
"101","Electric",1224,1
"101","Electric",1436,1
"101","Oil",1665,1.5
"101","Electric",964,1.5
"101","Electric",969,1.5
"101","Oil",3694,2
"101","Electric",1280,1
"101","Oil",3091,2
"101","Gas",1531,1.5
"101","Oil",1497,2
"101","Electric",1152,1
"101","Electric",1568,2
"104","Oil",2030,1.5
"104","Oil",1724,1.5
"101","Oil",2232,2
"101","Gas",1084,1
"101","Electric",1148,1
"104","Gas",2200,2
"440",NA,NA,NA
"101","Gas",1128,1
"101","Gas",1188,2
"101","Electric",1500,1
"101","Oil",1152,1
"101","Gas",1080,1.5
"101","Gas",1373,1.5
"105","Oil",3508,3
"101","Gas",759,1.5
"101","Oil",2614,2
"101","Oil",1504,1
"101","Gas",1638,2
"101","Gas",1048,1
"101","Gas",1128,1
"105","Gas",2880,3
"101","Gas",1125,1.5
"013","Gas",3433,NA
"104","Gas",2248,2
"104","Oil",2430,2
"109","Oil",1056,2
"101","Gas",1262,1
"101","Gas",1120,1
"101","Oil",1572,2
"104","Oil",1235,1
"101","Oil",1430,2
"101","Oil",3348,2
"101","Gas",1568,1.5
"132",NA,NA,NA
"104","Gas",2104,1
"101","Electric",1152,1
"104","Oil",2273,2
"962",NA,0,NA
"101","Oil",1496,1
"101","Gas",948,1
"101","Electric",840,1
"104","Electric",1560,2
"101","Gas",2100,2
"101","Oil",1596,1
"101","Gas",816,1
"101","Oil",1692,1
"104","Oil",2158,2
"105","Oil",3300,3
"101","Gas",1040,1
"101","Gas",4800,2
"104","Electric",1784,2
"101","Oil",1184,1
"101","Electric",2096,2
"101","Oil",1880,1
"101","Gas",1869,1.5
"101","Gas",1202,1
"101","Oil",1620,2
"104","Electric",1127,1
"101","Oil",1248,2
"109","Oil",1217,1.5
"101","Gas",1205,1
"101","Oil",1505,2
"101","Gas",1248,1
"101","Gas",1048,1
"101","Electric",1204,1
"101","Oil",1400,1
"104","Oil",1836,1
"101","Electric",912,1
"101","Gas",1430,1
"101","Gas",1502,1
"132",NA,NA,NA
"132",NA,NA,NA
"101","Electric",1107,1
"101","Electric",1107,1
"101","Oil",1278,2
"101","Oil",1967,2
"132",NA,NA,NA
"101","Electric",2540,2
"101","Electric",1326,1
"101","Electric",1107,1
"101","Oil",864,1
"101","Electric",890,1
"101","Electric",1085,1
"101","Electric",1107,1
"101","Gas",1543,1
"101","Gas",2030,2
"101","Electric",1062,1
"101","Electric",1038,1
"337",NA,NA,NA
"101","Gas",950,1
"101","Electric",1400,1
"101","Electric",2142,2
"101","Gas",1044,1
"101","Oil",864,1
"101","Gas",1062,1
"106",NA,NA,NA
"104","Oil",1724,1.5
"104","Oil",2525,2
"101","Oil",1618,1
"132",NA,NA,NA
"101","Gas",2722,2
"105","Electric",4242,3
"101","Gas",2450,2
"101","Electric",1100,1
"101","Oil",960,1
"101","Gas",720,1
"132",NA,NA,NA
"101","Gas",1721,1.5
"101","Oil",1438,2
"101","Oil",1416,2
"101","Gas",1227,1
"101","Oil",1206,1
"101","Gas",1290,1
"106",NA,NA,NA
"105","Oil",2886,2.5
"104","Gas",1774,1.5
"101","Oil",573,1
"101","Electric",950,1
"101","Oil",1200,1
"101","Oil",912,1
"101","Gas",1740,2
"101","Oil",1537,1
"104","Oil",2556,2
"104","Oil",1922,2
"101","Oil",1304,1
"101","Oil",1296,1
"105","Gas",2408,2
"104","Oil",1872,2
"101","Oil",912,1
"101","Oil",1064,1
"104","Oil",1984,2
"101","Oil",768,1
"101","Oil",1352,1
"101","Gas",912,1
"101","Oil",1446,1
"101","Oil",1280,1
"101","Electric",960,1
"101","Electric",950,1
"104","Gas",2336,2
"104","Oil",2672,2
"101","Gas",1008,1
"101","Gas",1031,1
"101","Oil",1080,1
"101","Gas",1400,1
"101","Oil",1488,2
"101","Electric",1236,1
"101","Gas",1588,1.5
"101","Electric",960,1
"013","Typical",2578,2
"105","Gas",3394,2
"101","Electric",2196,2
"101","Gas",2250,1
"101","Oil",1067,1.5
"930",NA,NA,NA
"104","Oil",2729,2
"104","Gas",2932,2
"101","Gas",1336,1
"101","Gas",1048,1
"101","Electric",1314,1
"101","Electric",960,1
"101","Gas",1160,1
"132",NA,NA,NA
"101","Gas",1490,1
"101","Gas",1601,1
"101","Gas",1606,1
"101","Gas",1282,1
"101","Oil",1043,1
"101","Oil",1366,2
"101","Oil",936,1
"101","Oil",1549,1
"105","Oil",2439,2
"101","Gas",1980,1.5
"106",NA,NA,NA
"101","Electric",912,1
"101","Electric",960,1
"104","Oil",1347,2
"101","Oil",1172,2
"132",NA,NA,NA
"101","Electric",1143,1
"101","Oil",1571,1.5
"101","Gas",1040,1
"101","Gas",1040,1
"423",NA,NA,NA
"101","Gas",1664,1
"101","Gas",1248,1
"101","Gas",1080,1
"101","Gas",1392,1
"101","Gas",1048,1
"101","Gas",1248,1
"101","Gas",1202,1
"106",NA,NA,NA
"101","Oil",1973,2
"101","Gas",1048,1
"101","Gas",1128,1
"101","Oil",844,1
"105","Oil",3738,3
"101","Gas",2040,2
"101","Gas",1356,1
"104","Oil",2079,1.5
"101","Oil",1064,1
"101","Gas",1502,1
"101","Gas",1088,1
"101","Oil",1038,1
"101","Oil",1562,1.5
"101","Gas",1048,1
"101","Gas",864,1
"101","Gas",977,1.5
"104","Electric",2257,2
"101","Oil",768,1
"101","Oil",960,1
"132",NA,NA,NA
"132",NA,NA,NA
"101","Gas",1136,1
"101","Gas",1048,1
"101","Gas",1048,1
"101","Gas",1048,1
"101","Gas",960,1
"101","Oil",1152,1
"101","Gas",1048,1
"101","Gas",1288,1
"101","Gas",1088,1
"101","Gas",1040,1
"132",NA,NA,NA
"101","Gas",1320,2
"101","Gas",1240,1
"101","Gas",1080,1
"101","Gas",1084,1
"101","Gas",1282,1.5
"101","Oil",1934,1
"101","Oil",2400,1
"101","Electric",1100,1
"101","Electric",1226,1
"390",NA,0,NA
"101","Gas",1048,1
"132",NA,NA,NA
"718",NA,NA,NA
"101","Electric",1278,1
"101","Electric",1147,1
"101","Oil",1518,1
"101","Oil",1534,1
"101","Gas",1107,1
"101","Electric",1107,1
"101","Gas",1444,1
"101","Gas",1107,1
"101","Electric",1107,1
"101","Gas",1352,1
"101","Electric",2340,1
"101","Electric",1248,1
"104","Oil",2312,2
"105","Oil",2569,2
"101","Electric",1420,1
"959","Oil",2286,1
"101","Gas",1048,1
"101","Gas",1048,1
"101","Electric",1099,1
"101","Electric",1290,1
"101","Electric",1248,1
"101","Gas",1062,1
"101","Oil",912,1
"101","Gas",1336,1
"101","Gas",1148,1.5
"101","Oil",1391,2
"974",NA,NA,NA
"101","Electric",1426,1
"101","Gas",1232,1
"101","Gas",1048,1
"101","Gas",1220,1
"101","Electric",1511,1
"104","Oil",1998,2
"111","Typical",3174,2
"101","Gas",1044,1
"101","Gas",1336,1
"101","Electric",1062,1
"101","Electric",1062,1
"101","Gas",1325,1
"101","Gas",1704,1
"101","Gas",1120,1
"101","Oil",1152,1
"930",NA,NA,NA
"105","Oil",3480,3
"101","Gas",1182,1
"101","Oil",1467,2
"101","Oil",948,1
"101","Oil",1032,1
"104","Gas",2344,2
"104","Gas",2448,2
"101","Gas",1200,1
"104","Electric",1408,1
"101","Oil",1052,1
"101","Gas",1482,1
"105","Oil",2159,2
"104","Gas",2372,2
"132",NA,NA,NA
"101","Oil",1272,1
"101","Oil",1304,1
"101","Electric",1270,1
"104","Gas",2048,2
"101","Gas",1527,2
"101","Electric",1518,1
"101","Electric",950,1
"104","Gas",2368,1
"101","Oil",1076,1
"101","Electric",950,1
"101","Electric",888,1
"132",NA,NA,NA
"101","Oil",1786,2
"101","Electric",888,1
"101","Electric",1227,1
"101","Oil",743,1
"101","Gas",1709,2
"101","Oil",1755,1
"101","Oil",1587,1
"101","Gas",1361,1
"101","Electric",1472,1
"101","Electric",1031,1
"101","Electric",976,1
"101","Gas",1860,2
"101","Gas",1684,2
"101","Gas",1567,1
"101","Gas",1053,1.5
"101","Oil",2452,2
"101","Oil",1800,1
"101","Electric",888,1
"101","Electric",1172,1
"101","Oil",912,1
"101","Gas",1352,1
"101","Oil",936,1
"104","Oil",2126,2
"101","Oil",1298,1
"101","Electric",1472,1
"105","Gas",3256,2.5
"930",NA,NA,NA
"101","Oil",1016,1
"101","Electric",1414,1
"930",NA,NA,NA
"930",NA,NA,NA
"101","Electric",1228,1
"101","Electric",1008,1
"101","Oil",1098,1
"101","Oil",952,1
"104","Oil",1452,2
"101","Gas",1148,1
"101","Oil",913,1
"390",NA,NA,NA
"101","Gas",1152,1
"101","Gas",1290,1
"101","Gas",1314,1.5
"104","Electric",2160,2
"105","Gas",2372,2
"104","Oil",2744,2
"930",NA,NA,NA
"423",NA,NA,NA
"101","Gas",960,1
"101","Gas",1048,1
"101","Gas",1440,2
"105","Electric",2358,2
"104","Gas",1712,2
"105","Oil",2244,3
"132",NA,NA,NA
"101","Gas",1025,1
"101","Oil",912,1
"101","Oil",912,1
NA,NA,NA,NA
NA,NA,NA,NA
"101","Gas",1620,2
"104","Oil",1984,2
"105","Oil",3480,3
"101","Oil",720,1
"101","Oil",1200,1
"101","Gas",1085,1
"101","Gas",1036,1
"101","Oil",1235,1
"101","Oil",980,1
"104","Oil",2004,2
"104","Gas",1888,2
"101","Oil",912,1
"101","Oil",912,1
"104","Gas",2477,2
"101","Oil",1120,1
"101","Oil",912,1
"101","Electric",1031,1
"101","Gas",1642,1
"101","Gas",2088,2
"101","Electric",1031,1
"101","Electric",948,1
"101","Gas",1040,1
"101","Gas",1062,1
"101","Electric",950,1
"101","Electric",1903,1
"101","Gas",1062,1
"101","Gas",1062,1
"101","Electric",976,1
"101","Oil",1488,1
"101","Gas",1056,1
"013","Typical",900,1
"101","Gas",1440,2
"101","Gas",1792,1.5
"101","Electric",1064,1
"101","Gas",1640,1.5
"101","Electric",1031,1
"101","Electric",950,1
"103",NA,NA,NA
"101","Gas",1056,1.5
"101","Gas",1062,1
"101","Gas",1048,1
"104","Gas",2721,1
"106",NA,NA,NA
"101","Oil",3192,1.5
"101","Gas",1136,1
"104","Gas",2846,2
"105","Oil",3060,2
"101","Gas",1796,1.5
"101","Oil",1230,1
"104","Oil",2744,2
"105","Oil",2504,2
"101","Electric",1288,1
"101","Electric",992,1
"101","Electric",1438,1.5
"101","Oil",1080,1
"101","Electric",1393,1
"101","Electric",1107,1
"101","Electric",1062,1
"132",NA,NA,NA
"101","Oil",1224,1
"101","Oil",1635,1
"104","Oil",2739,2
"104","Oil",2744,2
"101","Gas",1304,1
"101","Gas",1248,1
"101","Oil",1224,1
"101","Oil",1133,1
"101","Gas",1527,1.5
"104","Oil",3368,2
"101","Gas",1066,1
"101","Gas",1296,1
"101","Oil",2030,2
"974",NA,NA,NA
"105","Gas",4037,3
"101","Oil",1027,1
"101","Gas",1548,1
"101","Gas",1148,1
"132",NA,NA,NA
"101","Gas",1584,1.5
"101","Gas",1632,1
"936",NA,NA,NA
"101","Gas",1244,1.5
"101","Gas",1895,1
"101","Electric",1430,1
"101","Electric",1300,1
"101","Electric",1210,1
"101","Electric",1344,1
"101","Electric",1099,1
"101","Oil",960,1
"974",NA,NA,NA
"101","Gas",1302,1
"101","Electric",1008,1
"101","Electric",1536,2
"101","Gas",1048,1
"101","Gas",1031,1
"101","Gas",960,1
"101","Gas",960,1
"101","Electric",1160,1
"101","Electric",1382,1
"101","Gas",1202,1
"101","Gas",1324,1
"101","Gas",1496,2
"101","Electric",960,1
"104","Electric",2464,2
"104","Oil",2705,2
"101","Gas",1048,1
"101","Gas",1048,1
"106",NA,NA,NA
"104","Oil",1660,1.5
"101","Gas",1048,1
"101","Gas",1088,1
"104","Oil",1797,1.5
"104","Gas",2736,2
"101","Gas",1088,1
"101","Gas",1274,1
"962",NA,0,NA
"101","Gas",1456,2
"101","Gas",1048,1
"101","Gas",1596,1
"101","Gas",1048,1
"101","Electric",1374,1
"101","Gas",900,1
"101","Gas",1040,1.5
"101","Electric",1296,1
"101","Oil",1425,1
"101","Electric",1062,1
"101","Electric",1107,1
"101","Oil",1664,2
"101","Oil",1080,1
"101","Gas",1062,1
"101","Gas",1107,1
"101","Oil",792,1.5
"930",NA,NA,NA
"101","Gas",1478,1
"101","Gas",1248,1
"101","Gas",1680,2
"101","Gas",3190,2
"930",NA,NA,NA
"101","Gas",864,1
"101","Gas",3643,1.5
"101","Electric",1224,1
"101","Gas",1088,1
"101","Gas",1048,1
"101","Oil",1410,1
"101","Gas",1552,1
"962",NA,0,NA
"101","Gas",1584,2
"423",NA,NA,NA
"132",NA,NA,NA
"101","Oil",2316,2
"101","Electric",1188,1.5
"104","Gas",1315,1.5
"101","Oil",960,1
"101","Gas",898,2
"130",NA,NA,NA
"101","Oil",1873,2
"101","Oil",1193,1
"104","Oil",2272,2
"013","Gas",2547,NA
"101","Oil",1128,1
"101","Oil",2163,1.5
"101","Oil",1232,1
"101","Gas",1130,1
"101","Oil",1266,1
"101","Oil",1464,1
"104","Oil",2106,2
"101","Electric",1200,1
"101","Oil",864,1
"101","Oil",1124,1
"132",NA,NA,NA
"101","Oil",930,1
"101","Oil",864,1
"101","Oil",880,1
"101","Gas",1269,1
"104","Oil",2916,2
"101","Oil",945,1
"101","Oil",1184,1
"101","Oil",988,1
"101","Gas",720,1.5
"101","Oil",1746,2
"101","Oil",1340,1
"104","Oil",2424,2
"101","Gas",960,1
"930",NA,NA,NA
"101","Gas",1288,1
"101","Gas",1095,1
"101","Oil",1383,1
"101","Gas",1820,2
"101","Gas",1062,1
"101","Oil",1095,1
"101","Gas",1160,1
"101","Electric",1431,1
"101","Gas",1107,1
"101","Electric",1095,1
"101","Oil",1095,1
"101","Gas",1180,1
"101","Gas",1608,2
"101","Gas",960,1
"101","Oil",1095,1
"101","Gas",2095,2
"104","Gas",2158,2
"101","Gas",1048,1
"101","Gas",1316,1
"101","Gas",1095,1
"101","Gas",1185,1
"101","Oil",1872,2
"101","Oil",1100,1
"101","Gas",1408,2
"104","Oil",1936,2
"101","Oil",1122,1.5
"101","Gas",1204,1.5
"101","Gas",1149,1
"104","Oil",2501,2
"101","Gas",1608,1
"101","Gas",1202,1
"101","Oil",1241,1.5
"104","Oil",2376,2
"104","Oil",2210,2
"101","Oil",1848,1
"101","Oil",1022,1
"101","Oil",1104,1
"101","Gas",1048,1
"101","Gas",1048,1
"101","Electric",1056,1
"132",NA,NA,NA
"101","Gas",1288,1
"132",NA,NA,NA
"132",NA,NA,NA
"101","Oil",1073,1
"101","Oil",1426,1.5
"101","Oil",864,1
"390",NA,NA,NA
"337",NA,NA,NA
"101","Oil",1338,1
"101","Gas",1599,1
"390",NA,NA,NA
"101","Oil",1152,1
"974",NA,NA,NA
"101","Gas",1048,1
"132",NA,NA,NA
"101","Gas",1048,1
"101","Oil",1048,1
"101","Gas",1048,1
"101","Gas",1489,1
"101","Gas",1300,1
"101","Gas",1200,1
"101","Gas",1444,1
"101","Gas",1048,1
"101","Gas",1040,1
"423",NA,NA,NA
"104","Oil",1877,1.5
"101","Gas",1356,1
"101","Gas",1168,1
"130",NA,NA,NA
"101","Oil",1494,2
"951",NA,NA,NA
"951",NA,NA,NA
"101","Gas",1048,1
"101","Gas",1048,1
"101","Gas",1048,1
"101","Gas",1048,1
"101","Oil",1072,1
"101","Oil",3035,2
"101","Gas",1208,1
"101","Gas",1342,1
"101","Gas",1490,1
"101","Gas",1904,1
"101","Oil",2563,2
"101","Oil",1859,2
"104","Gas",2062,2
"132",NA,NA,NA
"101","Gas",1478,1
"101","Gas",864,1
"101","Gas",1048,1
"101","Gas",1252,1
"104","Oil",2000,2
"101","Gas",2016,2
"101","Electric",1040,1
"101","Gas",1084,1
"101","Gas",1432,1
"101","Gas",1240,1
"101","Gas",1056,1
"101","Oil",1118,1.5
"101","Gas",1048,1
"930",NA,NA,NA
"132",NA,NA,NA
"101","Oil",2062,2
"101","Electric",1062,1
"101","Electric",1100,1
"101","Gas",778,1.5
"104","Gas",2079,2
"101","Electric",1140,1
"101","Electric",1062,1
"104","Gas",2352,2
"936",NA,NA,NA
"101","Electric",1099,1
"101","Electric",1120,1
"101","Gas",1080,1
"101","Gas",1410,1
"101","Gas",1768,1
"101","Oil",1008,1
"101","Gas",1092,1
"101","Oil",912,1
"101","Gas",1060,1
"101","Gas",864,1
"101","Electric",1268,1
"101","Electric",1248,1
"391",NA,NA,NA
"391",NA,NA,NA
"101","Electric",1107,1
"101","Electric",1724,1
"101","Gas",960,1
"101","Gas",1058,1
"101","Electric",1062,1
"101","Electric",1736,1
"101","Gas",1048,1
"101","Gas",864,1
"101","Electric",1331,1
"101","Gas",2843,2
"101","Gas",1048,1
"101","Gas",1080,1
"101","Electric",1062,1
"101","Electric",1376,1
"101","Oil",1858,2
"101","Gas",1161,1
"105","Oil",3480,3
"105","Oil",3480,3
"101","Gas",1440,1
"101","Gas",1383,1
"101","Oil",1132,1
"101","Oil",1890,2
"930",NA,NA,NA
"930",NA,NA,NA
"101","Gas",1656,1.5
"101","Gas",1920,2
"101","Oil",1079,1
"105","Gas",2142,2
"101","Oil",696,1
"104","Oil",2150,1.5
"101","Electric",1062,1
"101","Gas",1107,1
"104","Gas",1536,2
"101","Oil",974,1.5
"101","Gas",1062,1
"101","Gas",1248,1
"105","Gas",3204,3
"105","Electric",3480,3
"101","Oil",624,1
"106",NA,NA,NA
"101","Gas",1314,1
"101","Electric",1568,1
"140","Typical",4902,2
"101","Gas",965,1.5
"105","Oil",3480,3
"101","Gas",1137,1.5
"104","Gas",1925,2
"101","Oil",1386,2
"101","Gas",3020,2
"101","Oil",744,1
"936",NA,NA,NA
"101","Gas",1088,1
"132",NA,NA,NA
"131",NA,NA,NA
"101","Electric",1181,1
"101","Oil",1008,1
"101","Gas",1830,2
"101","Gas",1780,1
"101","Oil",1080,1
"101","Oil",1632,2
"101","Gas",1005,1.5
"930",NA,NA,NA
"101","Oil",1388,1
"101","Gas",1416,1
"101","Oil",1440,1
"101","Oil",1028,1
"101","Gas",1176,1
"101","Gas",1048,1
"101","Oil",720,1
"101","Oil",912,1
"101","Gas",862,1
"930",NA,NA,NA
"101","Gas",1426,1
"101","Electric",1640,2
"111","Typical",3622,2.5
"337",NA,NA,NA
"101","Gas",1048,1
"101","Gas",864,1
"337",NA,NA,NA
"337",NA,NA,NA
"101","Electric",1568,2
"101","Electric",1732,2
"930",NA,NA,NA
"101","Oil",1599,1
"101","Gas",1048,1
"101","Gas",864,1
"101","Gas",1863,1.5
"101","Gas",2207,1
"104","Oil",2208,2
"101","Electric",1536,2
"101","Gas",1048,1
"101","Gas",1048,1
"337",NA,NA,NA
"101","Oil",2144,2
"101","Gas",864,1
"101","Oil",864,1
"101","Oil",1660,2
"392",NA,NA,NA
"101","Gas",864,1
"101","Gas",1104,1
"101","Electric",825,1
"111","Typical",3312,2
"101","Electric",912,1
"101","Electric",1664,1
"101","Electric",1680,2
"101","Oil",1413,1.5
"101","Gas",1048,1
"101","Oil",1308,1.5
"101","Oil",1664,1.5
"423",NA,NA,NA
"101","Electric",1008,1
"101","Electric",1008,1
"101","Oil",910,1
"101","Oil",840,1
"130",NA,NA,NA
"101","Gas",1456,2
"101","Oil",1024,1
"101","Gas",1200,1
"957","Oil",4673,1
"930",NA,NA,NA
"101","Oil",1134,1.5
"101","Gas",693,1
"101","Gas",1936,1
"101","Gas",2820,1
"101","Oil",1213,1
"101","Gas",1048,1
"101","Coal or Wood",1048,1
"101","Gas",1048,1
"101","Gas",1048,1
"101","Gas",1112,1
"101","Oil",880,1
"101","Oil",960,1
"930",NA,NA,NA
"101","Gas",1048,1
"101","Gas",1408,1
"101","Gas",1346,1.5
"101","Gas",1048,1
"101","Gas",1336,1
"101","Oil",720,1
"101","Oil",992,1
"101","Gas",2870,2
"101","Gas",2721,1.5
"101","Oil",720,1
"101","Gas",2438,2
"101","Gas",2510,1.5
"101","Oil",1848,1.5
"101","Oil",1976,2
"101","Oil",1100,1
"101","Gas",1624,1
"101","Gas",1048,1
"101","Gas",884,1
"101","Gas",1224,1
"101","Gas",1368,1
"101","Gas",1040,1
"101","Gas",1088,1
"101","Oil",1048,1
"101","Gas",1048,1
"101","Gas",1048,1
"101","Oil",1632,1
"101","Oil",1064,1
"101","Gas",1048,1
"101","Gas",1048,1
"101","Gas",1107,1
"101","Gas",1048,1
"101","Gas",1088,1
"101","Gas",1048,1
"101","Oil",2434,1.5
"101","Oil",780,1
"930",NA,NA,NA
"101","Gas",1099,1
"101","Oil",1600,1
"101","Oil",1504,1
"101","Gas",3060,2
"930",NA,NA,NA
"101","Oil",1644,1
"101","Oil",720,1
"101","Gas",1248,1
"101","Electric",1099,1
"101","Oil",1124,1
"101","Oil",720,1
"101","Gas",1263,1
"101","Gas",1099,1
"101","Oil",1160,1
"101","Gas",2957,1.5
"101","Electric",1107,1
"101","Gas",1062,1
"101","Oil",1714,1.5
"101","Oil",1056,1
"101","Gas",1107,1
"101","Electric",1062,1
"101","Oil",1161,1
"101","Oil",830,1
"101","Gas",1084,1
"101","Electric",1062,1
"101","Oil",864,1
"101","Gas",1448,1
"101","Gas",1428,2
"101","Gas",1600,1
"101","Gas",1062,1
"101","Gas",1244,1
"101","Gas",1088,1
"101","Gas",1252,1
"101","Gas",1120,1
"101","Gas",1048,1
"101","Gas",1048,1
"101","Gas",1168,1
"101","Gas",1080,1
"101","Gas",1084,1
"101","Gas",1336,1
"101","Gas",1048,1
"101","Gas",1472,1
"101","Electric",1729,1
"101","Gas",1048,1
"101","Oil",1048,1
"101","Gas",1422,1
"101","Gas",1392,1
"101","Gas",1038,1
"101","Gas",1267,1.5
"101","Electric",1582,1
"101","Gas",1500,1
"101","Gas",1467,1
"104","Oil",2376,2
"101","Electric",1428,1
"104","Oil",2434,2
"104","Oil",2248,2
"104","Oil",2272,2
"101","Gas",1575,1
"101","Gas",1048,1
"101","Oil",1372,1
"101","Gas",640,1
"101","Gas",1073,1.5
"101","Gas",1125,1.5
"101","Gas",1282,1
"101","Oil",1048,1
"101","Gas",936,1
"101","Oil",1344,1
"101","Oil",1600,1
"105","Oil",2856,3
"101","Oil",864,1
"101","Gas",1288,1
"101","Oil",1120,1
"101","Gas",2200,2
"104","Gas",1344,1
"104","Gas",2400,2
"101","Gas",1104,1
"101","Gas",1466,1
"101","Gas",775,1
"101","Gas",960,1
"104","Gas",2148,2
"101","Oil",1008,1
"930",NA,NA,NA
"101","Electric",1500,2
"101","Gas",1706,1
"101","Gas",948,1
"101","Oil",1080,1
"101","Oil",1218,1
"104","Gas",1796,2
"130",NA,NA,NA
"930",NA,NA,NA
"101","Gas",1048,1
"104","Oil",1976,2
"104","Oil",2080,2
"101","Gas",1202,1
"132",NA,NA,NA
"101","Gas",960,1
"101","Gas",1266,1
"101","Gas",1376,2
"101","Gas",1184,1
"101","Gas",864,1
"101","Gas",996,1
"101","Gas",1716,1.5
"101","Gas",720,1
"132",NA,NA,NA
"104","Oil",4346,2
"101","Gas",864,1
"101","Gas",1048,1
"101","Oil",912,1
"101","Electric",568,1
"101","Gas",1092,1
"101","Oil",2440,2
"101","Gas",1048,1
"101","Gas",1708,1
"101","Oil",960,1
"101","Gas",3236,2
"930",NA,NA,NA
"101","Oil",2168,1
"101","Gas",1062,1
"101","Gas",1062,1
"101","Oil",1138,1
"101","Gas",864,1
"132",NA,NA,NA
"101","Oil",1008,1
"101","Gas",1048,1
"101","Gas",1608,1
"101","Oil",1345,1
"101","Oil",768,1
"101","Oil",1575,1
"132",NA,NA,NA
"101","Oil",1009,1
"390",NA,NA,NA
"101","Oil",1448,1
"423",NA,NA,NA
"330","Typical",336,1
"101","Oil",888,1
"423",NA,NA,NA
"104","Gas",1837,1.5
"105","Gas",3510,3
"105","Oil",3339,3
"101","Gas",1166,1
"101","Oil",992,1
"105","Oil",3875,3
"105","Gas",3954,2.5
"104","Gas",2400,2
"104","Gas",1812,2
"132",NA,NA,NA
"101","Gas",1697,1
"132",NA,NA,NA
"101","Gas",1349,1.5
"104","Oil",1916,1.5
"101","Gas",1436,1.5
"104","Gas",2220,2
"104","Gas",1836,2
"101","Gas",1064,1
"132",NA,NA,NA
"101","Oil",868,1
"101","Gas",1682,1.5
"132",NA,NA,NA
"101","Gas",720,1
"104","Gas",2545,2
"105","Gas",4902,3
"101","Gas",1100,1
"101","Gas",984,1
"101","Oil",720,1
"101","Gas",1224,1
"101","Oil",2046,1.5
"104","Oil",1092,1
"101","Oil",840,1
"101","Oil",1244,1
"105","Gas",2856,3
"104","Gas",2629,2
"101","Oil",1080,1
"101","Oil",1575,1
"132",NA,NA,NA
"101","Gas",2288,2
"104","Oil",1336,2
"101","Oil",1313,1
"104","Gas",2100,2
"101","Electric",912,1
"423",NA,NA,NA
"101","Gas",2432,2
"101","Gas",1136,1
"101","Gas",900,1
"423",NA,NA,NA
"101","Oil",1282,1
"101","Oil",750,1
"101","Electric",720,1
"101","Oil",1260,1
"101","Gas",576,1
"101","Oil",720,1
"101","Oil",1026,1
"101","Oil",1360,1
"101","Oil",1272,1.5
"101","Oil",1152,1
"101","Oil",980,1
"101","Gas",1854,2
"101","Gas",1058,1
"101","Oil",1040,1
"101","Oil",900,1
"104","Gas",1356,1
"104","Oil",2394,2
"101","Oil",1040,1
"101","Oil",920,1
"392",NA,NA,NA
"101","Gas",960,1
"101","Oil",1440,2
"101","Oil",1048,1
"101","Gas",560,1
"101","Oil",1427,1
"101","Oil",1044,1
"101","Gas",1350,1
"101","Gas",1790,2
"101","Gas",720,1
"101","Electric",1504,1
"101","Gas",1048,1
"101","Oil",1316,1
"101","Oil",1688,1
"101","Gas",960,1
"101","Gas",1432,1
"101","Gas",720,1
"101","Gas",720,1
"101","Gas",1048,1
"101","Gas",864,1
"101","Oil",1455,1
"132",NA,NA,NA
"101","Gas",1048,1
"101","Gas",1139,1
"101","Gas",1374,1
"101","Gas",1436,1
"101","Gas",1386,2
"101","Gas",1944,2
"104","Oil",1792,2
"101","Gas",1040,1
"104","Gas",1978,2
"101","Gas",1088,1
"104","Oil",1974,2
"104","Gas",1543,1.5
"101","Gas",1040,1
"101","Gas",1290,1
"101","Oil",1152,1
"101","Gas",1088,1
"101","Gas",1062,1
"101","Oil",1082,1
"101","Oil",1158,1
"132",NA,NA,NA
"101","Oil",2016,2
"101","Oil",1440,2
"101","Gas",988,1
"101","Gas",1062,1
"101","Oil",1128,1
"101","Gas",988,1
"132",NA,NA,NA
"101","Oil",960,1
"974",NA,NA,NA
"390",NA,0,NA
"101","Oil",1233,1
"101","Oil",1150,1
"101","Gas",1062,1
"101","Gas",1274,1.5
"101","Oil",1097,1
"101","Oil",1212,1
"101","Oil",1048,1
"101","Oil",1746,1.5
"101","Coal or Wood",1272,1.5
"101","Oil",1160,1
"101","Oil",1587,1.5
"104","Gas",2688,2
"101","Gas",966,1
"101","Gas",1069,1
"101","Oil",2080,2
"101","Oil",1082,1
"132",NA,NA,NA
"101","Gas",1354,1
"132",NA,NA,NA
"101","Electric",1107,1
"101","Gas",1224,1
"101","Gas",1524,1
"101","Oil",970,1
"101","Oil",1100,1
"104","Oil",2620,2
"104","Gas",2058,2
"101","Gas",1800,2
"101","Gas",960,1
"132",NA,NA,NA
"101","Oil",864,1
"101","Oil",1080,1
"101","Oil",1414,1
"132",NA,NA,NA
"132",NA,NA,NA
"101","Oil",1124,1
"101","Electric",988,1
"101","Gas",1072,1
"101","Gas",1610,1
"101","Oil",1461,2
"101","Oil",1014,1
"101","Oil",2068,2
"101","Gas",1040,1
"101","Gas",1284,1
"101","Oil",1588,1
"104","Gas",1325,1
"101","Oil",1148,1
"101","Gas",1048,1
"101","Gas",2884,1.5
"101","Gas",2112,2
"132",NA,NA,NA
"101","Gas",1202,1
"101","Gas",1048,1
"101","Oil",1080,1
"101","Oil",1044,1
"101","Oil",1440,2
"101","Gas",1000,2
"101","Gas",1093,1
"101","Gas",864,1
"101","Gas",1048,1
"101","Gas",1104,1
"101","Electric",1056,1
"132",NA,NA,NA
"101","Electric",1208,1
"132",NA,NA,NA
"101","Gas",1128,1
"101","Gas",1088,1
"101","Gas",1048,1
"390",NA,NA,NA
NA,NA,NA,NA
NA,NA,NA,NA
"101","Gas",1500,1
"101","Oil",1080,1
"101","Oil",1634,1
"101","Gas",1008,1
"101","Gas",1048,1
"101","Gas",1202,1
"101","Gas",1048,1
"101","Oil",1008,1
"132",NA,NA,NA
"930",NA,NA,NA
"101","Oil",1040,1
"930",NA,NA,NA
"130",NA,NA,NA
"101","Oil",2049,1.5
"101","Oil",1062,1
"101","Gas",1160,1
"101","Oil",1120,1
"101","Oil",1408,1
"101","Gas",1400,1
"423",NA,NA,NA
"101","Oil",2483,2
"101","Oil",936,1
"101","Gas",1120,1
"101","Gas",1202,1
"101","Gas",1088,1
"101","Gas",884,1
"101","Oil",1636,2
"101","Gas",1776,2
"132",NA,NA,NA
"104","Oil",2207,2
"105","Oil",3015,3
"101","Gas",1440,1
"101","Gas",1592,1
"930",NA,NA,NA
"101","Electric",1160,1
"104","Gas",2280,2
"132",NA,NA,NA
"101","Gas",1202,1
"101","Gas",1272,1
"101","Gas",904,1
"101","Oil",724,1
"132",NA,NA,NA
"132",NA,NA,NA
"132",NA,NA,NA
"423",NA,NA,NA
"101","Gas",1084,1
"101","Gas",1202,1
"101","Oil",936,1
"101","Oil",1062,1
"132",NA,NA,NA
"101","Gas",1262,1
"104","Oil",2296,2
"101","Gas",576,1
"101","Oil",837,1
"101","Gas",1142,1
"101","Gas",1048,1
"101","Gas",1048,1
"101","Gas",1548,2
"101","Oil",936,1
"101","Oil",552,1
"101","Gas",1557,1.5
"101","Oil",886,1
"101","Oil",930,1
"101","Gas",1048,1
"101","Gas",1432,1
"101","Electric",1144,1
"101","Oil",1000,1
"960","Typical",1562,1
"959","Electric",1848,1
"101","Oil",1226,1
"101","Oil",1982,2
"101","Electric",2160,2
"930",NA,NA,NA
"101","Oil",1104,1
"101","Oil",1366,1
"101","Oil",1553,1.5
"101","Oil",864,1
"101","Gas",1149,1
"101","Gas",1108,1
"101","Oil",1218,1
"101","Oil",1316,1
"101","Gas",1202,1
"101","Gas",720,1
"101","Oil",884,1
"101","Gas",1104,1
"101","Gas",1048,1
"101","Gas",1056,1
"101","Gas",1361,2
"101","Oil",1020,1
"101","Oil",1204,1
"101","Gas",1062,1
"101","Gas",1602,1
"101","Oil",928,1
"132",NA,NA,NA
"132",NA,NA,NA
"101","Oil",1456,2
"101","Gas",1144,1
"101","Gas",1062,1
"101","Gas",1062,1
"951",NA,NA,NA
"101","Oil",936,1
"101","Gas",1336,1
"101","Gas",1048,1
"101","Gas",720,1
"101","Gas",1240,1
"101","Gas",1107,1
"101","Oil",1008,1
"101","Gas",1404,1
"101","Oil",2180,1
"101","Gas",1216,1
"101","Gas",1476,1
"101","Oil",1184,1
"101","Oil",1818,1
"101","Gas",1048,1
"101","Gas",553,1
"101","Gas",1048,1
"101","Gas",1008,1
"101","Oil",1736,1
"101","Gas",1008,1
"104","Gas",1421,1
"101","Oil",1020,1
"101","Gas",1048,1
"101","Gas",2904,2
"101","Oil",1816,2
"974",NA,NA,NA
"101","Oil",1296,1
"101","Gas",960,1
"101","Gas",1048,1
"101","Gas",1048,1
"101","Gas",960,1
"101","Gas",1048,1
"101","Gas",864,1
"101","Gas",864,1
"101","Gas",1040,1
"101","Gas",1056,1
"101","Gas",864,1
"101","Gas",912,1
"101","Oil",1200,1
"101","Gas",816,1
"101","Oil",672,1
"132",NA,NA,NA
"101","Gas",1240,1
"101","Gas",1048,1
"101","Electric",1050,1
"101","Electric",960,1
"101","Gas",1528,1
"101","Oil",960,1
"390",NA,NA,NA
"101","Gas",1296,1
"101","Oil",1056,1
"101","Oil",1742,1.5
"101","Gas",1014,1
"101","Gas",1336,1
"101","Gas",990,1
"104","Oil",1779,2
"101","Gas",960,1
"101","Oil",2328,2
"101","Oil",1036,1
"101","Gas",940,1
"101","Gas",1010,1
"101","Oil",1101,1
"101","Gas",1732,1
"101","Gas",2334,2
"101","Gas",1232,1
"340","Gas",677,1
"101","Oil",900,1
"101","Oil",830,1
"101","Oil",1196,1.5
"101","Oil",870,1
"101","Gas",1904,2
"104","Gas",1358,1.5
"101","Gas",1234,1
"101","Oil",1040,1
"101","Oil",840,1
"101","Oil",2162,2
"101","Oil",816,1
"101","Oil",1304,1
"101","Gas",1986,2
"132",NA,NA,NA
"101","Oil",1771,1
"101","Oil",1350,1
"101","Oil",1148,1
"101","Gas",1156,1
"101","Oil",1332,1
"101","Oil",1332,1
"101","Gas",1177,1
"101","Gas",792,1
"101","Gas",1044,1
"101","Gas",1048,1
"101","Oil",1190,1
"101","Oil",975,1
"101","Gas",1296,1
"101","Gas",1163,1.5
"101","Oil",1160,1
"101","Oil",1088,1
"101","Gas",1144,1
"101","Gas",1048,1
"101","Gas",1284,1
"101","Oil",720,1
"101","Electric",1296,1
"101","Oil",1080,1
"101","Gas",1084,1
"101","Gas",1008,1
"101","Oil",2310,1.5
"101","Oil",2179,2
"101","Gas",932,1.5
"101","Oil",1526,1
"101","Gas",1048,1
"101","Electric",1620,1
"132",NA,NA,NA
"101","Electric",1236,1
"101","Gas",1824,1
"101","Gas",1560,1
"101","Gas",1443,1
"101","Oil",1344,1
"101","Oil",1536,1
"101","Oil",1105,1
"101","Oil",1338,1
"101","Oil",1492,1
"101","Oil",1105,1
"101","Oil",1080,1
"101","Oil",1535,2
"101","Gas",1054,1
"101","Gas",864,1
"101","Oil",720,1
"101","Oil",1380,1
"101","Electric",1584,1.5
"101","Oil",1242,1
"101","Oil",1712,2
"101","Oil",912,1
"101","Oil",976,1
"101","Electric",1632,2
"101","Gas",1344,1
"101","Oil",1469,1.5
"132",NA,NA,NA
"101","Oil",720,1
"101","Oil",804,1
"101","Oil",1005,1
"101","Oil",1318,1
"101","Gas",1648,1
"101","Electric",1368,1
"101","Oil",1470,2
"101","Oil",1620,2
"101","Oil",864,1
"101","Gas",1174,1
"101","Oil",3195,2
"391",NA,NA,NA
"101","Oil",880,1
"101","Gas",1336,1
"101","Oil",1328,1
"101","Oil",1346,1
"101","Gas",1048,1
"960","Typical",1670,1.5
"101","Oil",1315,1
"101","Oil",1125,1
"101","Gas",1048,1
"101","Oil",828,1
"101","Oil",1080,1
"101","Gas",1048,1
"101","Gas",1434,2
"101","Gas",1070,1
"101","Gas",1649,1.5
"101","Gas",1733,2
"101","Gas",1564,1
"101","Gas",1048,1
"101","Gas",1048,1
"101","Oil",1062,1
"101","Oil",920,1
"101","Oil",1050,1
"101","Oil",1048,1
"101","Gas",864,1
"132",NA,NA,NA
"101","Gas",1280,1
"101","Oil",1454,1
"101","Electric",1056,1
"101","Oil",1310,1
"101","Oil",1056,1
"101","Oil",720,1
"101","Gas",916,1
"101","Oil",864,1
"101","Gas",1110,1
"101","Gas",1488,1
"104","Oil",2300,2
"101","Oil",720,1
"101","Oil",720,1
"101","Gas",1068,1
"101","Gas",864,1
"101","Gas",1226,1
"101","Oil",1128,1
"101","Electric",1470,2
"101","Oil",1012,1
"101","Gas",864,1
"101","Oil",1048,1
"132",NA,NA,NA
"101","Electric",1250,1
"101","Oil",720,1
"101","Oil",720,1
"101","Oil",2220,2
"101","Oil",1828,1
"101","Gas",1048,1
"101","Gas",1128,1
"101","Oil",1731,2
"101","Oil",1858,1
"101","Oil",1020,1
"101","Gas",1248,1
"101","Gas",1184,1
"101","Gas",1487,1
"101","Electric",1596,1
"132",NA,NA,NA
"101","Oil",1021,1.5
"101","Electric",1288,1
"101","Gas",1668,1
"101","Oil",948,1
"101","Oil",1202,1
"101","Oil",1584,2
"101","Oil",2410,1.5
"104","Oil",1994,2
"101","Oil",840,1
"101","Oil",840,1
"101","Oil",1728,2
"101","Oil",1350,1
"101","Oil",1028,1
"101","Oil",1348,1.5
"104","Oil",1357,1.5
"101","Oil",1544,1.5
"101","Oil",808,1
"101","Gas",1239,NA
"101","Oil",2351,1.5
"101","Gas",1930,1.5
"104","Oil",2457,2
"101","Oil",974,1
"101","Oil",1020,1
"101","Oil",960,1
"101","Oil",1448,1
"132",NA,NA,NA
"101","Gas",1718,2
"101","Gas",1782,2
"101","Oil",2076,2
"101","Oil",1742,1
"101","Oil",1180,1
"101","Oil",1032,1.5
"101","Oil",1400,1
"101","Oil",1080,1
"101","Oil",1127,1
"101","Gas",1630,1.5
"101","Gas",1902,2
"101","Oil",1011,1.5
"101","Gas",1336,1
"101","Oil",1822,1
"101","Gas",900,1
"101","Oil",1584,2
"101","Gas",1048,1
"101","Gas",1218,1
"101","Electric",1008,1
"959","Electric",1098,1
"101","Gas",1500,2
"101","Gas",988,1
"101","Gas",1434,1
"101","Gas",1056,1
"101","Oil",2496,1
"101","Oil",1050,1
"101","Oil",1015,1
"101","Electric",1783,1.5
"132",NA,NA,NA
"101","Oil",1113,1.5
"101","Oil",1080,1
"101","Electric",1152,1
"132",NA,NA,NA
"101","Gas",1240,1
"101","Oil",1278,1
"101","Oil",1232,1
"101","Oil",1046,1
"101","Gas",1008,1
"101","Electric",1080,1
"101","Electric",960,1
"391",NA,NA,NA
"101","Gas",2072,1
"101","Oil",1352,1
"101","Gas",1882,2
"101","Gas",1564,2
"132",NA,NA,NA
"101","Gas",2006,1.75
"101","Oil",1361,1.5
"101","Oil",720,1
"101","Gas",1358,1
"101","Electric",1248,1
"101","Oil",1736,1
"101","Gas",1060,1
"101","Oil",858,1.5
"104","Oil",2448,2
"101","Oil",1136,1
"101","Gas",925,1
"101","Gas",864,1
"101","Electric",1200,1
"101","Electric",1396,2
"101","Gas",1000,1
"101","Gas",925,1
"132",NA,NA,NA
"101","Gas",720,1
"101","Electric",1758,2
"101","Electric",1062,1
"101","Gas",874,1
"101","Oil",1300,1
"101","Gas",720,1
"101","Gas",1204,1
"101","Gas",1162,1
"104","Oil",2016,2
"101","Oil",1261,1.5
"101","Gas",1360,1
"101","Gas",2196,2
"101","Gas",1398,1
"101","Gas",918,1
"101","Oil",1884,2
"101","Gas",1901,1.5
"101","Gas",1164,1
"101","Gas",1132,1
"101","Oil",864,1
"104","Gas",1764,2
"101","Oil",1155,1
"101","Oil",1734,1
"101","Gas",1207,1
"101","Electric",1128,1
"101","Electric",1118,1
"101","Oil",1536,2
"101","Oil",978,1
"101","Oil",2878,1.5
"101","Oil",1683,1
"101","Oil",1506,1
"101","Gas",960,1
"101","Oil",1584,1
"101","Oil",1728,2
"101","Gas",1000,1
"101","Gas",988,1
"101","Oil",1080,1
"101","Electric",812,1
"101","Electric",1100,1
"101","Gas",1359,1
"101","Electric",1632,1
"101","Oil",1176,1
"132",NA,NA,NA
"101","Oil",1841,1.5
"101","Electric",1241,1
"101","Oil",1976,2
"104","Oil",2400,2
"101","Oil",1128,1
"101","Oil",1662,1
"101","Oil",1736,1
"132",NA,NA,NA
"101","Electric",1076,1
"101","Gas",984,1
"101","Gas",1156,1
"101","Oil",1296,1
"132",NA,NA,NA
"101","Oil",1644,1
"101","Oil",1162,1
"101","Electric",864,1
"101","Electric",1278,1
"101","Electric",972,1
"101","Gas",1862,1
"101","Gas",1500,2
"101","Gas",1206,1
"101","Electric",1338,1
"101","Electric",1550,1
"101","Gas",864,1
"101","Oil",960,1
"101","Gas",1040,1
"101","Gas",1040,1
"101","Oil",864,1
"104","Gas",1471,1
"104","Electric",2510,2
"101","Gas",1718,2
"101","Electric",1195,1
"101","Gas",1040,1
"132",NA,NA,NA
"104","Gas",3072,2
"101","Gas",1292,1
"132",NA,NA,NA
"101","Gas",1320,1
"101","Gas",720,1
"101","Gas",1040,1
"101","Oil",966,1
"101","Gas",920,1
"101","Oil",825,1
"101","Oil",912,1
"101","Oil",1389,1
"101","Oil",1123,1
"101","Gas",2196,1.5
"101","Gas",1330,1
"101","Oil",980,1
"101","Oil",2235,1.5
"101","Oil",2014,2
"423",NA,NA,NA
"104","Gas",1957,2
"101","Oil",988,1
"101","Oil",960,1
"130",NA,NA,NA
"101","Gas",1638,2
"101","Gas",960,1
"101","Oil",1104,1
"101","Oil",840,1
"101","Oil",889,1
"101","Oil",1278,1
"423",NA,NA,NA
"101","Oil",1000,1
"101","Oil",884,1
"101","Oil",1340,1.5
"101","Oil",1320,1.5
"101","Oil",889,1
"101","Gas",918,1
"101","Oil",1160,1
"101","Gas",1854,2
"101","Electric",2200,1
"104","Gas",1788,2
"101","Oil",1298,2
"104","Gas",2012,2
"101","Gas",1400,1
"132",NA,NA,NA
"132",NA,NA,NA
"101","Oil",1456,2
"101","Gas",1490,2
"101","Oil",1712,2
"101","Electric",1436,1
"101","Electric",1062,1
"101","Oil",1651,1.5
"101","Oil",576,1
"104","Oil",1616,1.5
"101","Gas",1893,1.5
"101","Electric",1376,1
"101","Oil",2607,2
"101","Gas",1996,2
"101","Oil",1312,1
"101","Oil",1468,2
"130",NA,NA,NA
"101","Oil",1366,1
"101","Oil",1085,1
"101","Gas",1477,1.5
"101","Gas",1711,2
"013","Typical",1856,2
"101","Oil",1812,1.5
"101","Electric",1698,1
"101","Gas",1508,2
"101","Oil",1312,1
"101","Oil",1758,2
"101","Gas",1194,2
"109","Gas",1411,1.5
"101","Gas",964,1
"101","Gas",1329,1.5
"101","Oil",1521,1
"101","Oil",1464,1
"104","Oil",1836,2
"104","Oil",1944,2
"101","Gas",1400,1
"101","Gas",990,1
"101","Oil",878,1
"101","Gas",1426,1.5
"101","Gas",1494,1
"930",NA,NA,NA
"101","Oil",970,1
"101","Oil",1105,1
"132",NA,NA,NA
"132",NA,NA,NA
"132",NA,NA,NA
"101","Oil",5228,2
"101","Gas",1724,1
"101","Gas",1165,1
"101","Oil",840,1
"101","Gas",1131,1
"101","Electric",1776,1
"101","Gas",1332,1
"101","Oil",1312,1
"101","Oil",1312,1
"101","Gas",1157,1
"101","Gas",945,1
"101","Gas",855,1
"101","Gas",1054,1
"101","Oil",780,1
"101","Gas",1088,1
"101","Oil",952,1
"101","Oil",1140,1
"101","Gas",1848,1
"101","Gas",2352,2
"101","Gas",850,1
"101","Gas",963,1
"930",NA,NA,NA
"101","Oil",1308,1
"101","Oil",1312,1
"101","Gas",984,1
"101","Electric",1298,2
"101","Gas",1073,1.5
"101","Gas",1154,1
"101","Oil",889,1
"132",NA,NA,NA
"132",NA,NA,NA
"101","Oil",2016,2
"101","Gas",1048,1
"101","Gas",1192,1
"962",NA,0,NA
"101","Gas",936,1
"101","Electric",1064,1
"101","Oil",1056,1
"101","Gas",960,1
"101","Oil",912,1
"101","Oil",1600,2
"130",NA,0,NA
"101","Oil",1268,1
"101","Oil",1568,2
"101","Oil",1195,1
"132",NA,NA,NA
"132",NA,NA,NA
"101","Gas",1105,1
"101","Gas",900,1
"131",NA,NA,NA
"101","Oil",1706,2
"101","Oil",1661,2
"101","Gas",1212,1
"101","Oil",1080,1
"101","Oil",1072,1
"101","Oil",846,1
"101","Electric",1232,1
"101","Gas",3040,2
"104","Gas",1688,2
"101","Oil",1666,1
"101","Oil",1176,1
"101","Gas",1845,2
"101","Gas",1516,2
"101","Oil",2270,2
NA,NA,NA,NA
NA,NA,NA,NA
"101","Oil",990,1
"101","Oil",1240,1
"130",NA,NA,NA
"101","Oil",912,1
"101","Gas",1346,1.5
"101","Oil",1232,2
"101","Gas",1495,1
"101","Gas",1056,1
"101","Gas",1847,2
"101","Gas",1152,1
"101","Oil",975,1
"101","Oil",925,1
"101","Oil",980,1
"101","Gas",1010,1
"109","Oil",1848,2
"101","Gas",1008,1
"101","Oil",1176,1
"101","Oil",1395,1.5
"101","Gas",1468,1.5
"101","Oil",1460,2
"101","Gas",1292,1
"101","Gas",1044,1
"101","Oil",672,1
"101","Gas",816,1
"930",NA,NA,NA
"101","Oil",960,1
"101","Gas",1311,2
"101","Oil",3174,2
"101","Gas",1158,1
"101","Oil",916,1
"105","Electric",1745,2.5
"101","Oil",914,1
"423",NA,NA,NA
"930",NA,NA,NA
"101","Oil",1159,1.5
"101","Gas",1364,1
"101","Electric",1330,1
"101","Gas",1411,1
NA,NA,NA,NA
NA,NA,NA,NA
"132",NA,NA,NA
"101","Oil",1760,1
"101","Oil",1224,1.5
"101","Oil",1690,2
"101","Oil",1003,1
"101","Gas",1772,1.5
"104","Oil",2162,2
"101","Gas",1188,1.5
"101","Gas",1048,1
"101","Gas",1444,1.5
"101","Oil",1063,1.5
"101","Gas",960,1
"101","Gas",1048,1
"101","Oil",734,1
"101","Gas",1478,1
"101","Gas",1284,1
"101","Gas",1216,1
"101","Oil",1155,1
"101","Gas",1378,1.5
"132",NA,NA,NA
"101","Oil",1924,2
"101","Gas",1148,1
"104","Oil",1392,1
"101","Oil",864,1
"101","Electric",1062,1
"101","Gas",1092,1
"101","Oil",1176,1
"101","Oil",1810,1.5
"101","Oil",1322,1
"101","Gas",2678,2
"101","Electric",1008,1
"101","Gas",1664,1.5
NA,NA,NA,NA
NA,NA,NA,NA
"109","Electric",1641,1
"101","Oil",2052,1
"101","Gas",984,1
"101","Oil",1631,1
"101","Gas",939,1
"101","Gas",1404,1
"390",NA,NA,NA
"131",NA,NA,NA
"101","Gas",840,1
"101","Oil",1890,1
"101","Gas",1176,1
"104","Gas",2198,2
"101","Oil",1138,1
"930",NA,NA,NA
"101","Oil",1202,1
"104","Gas",2520,2
"101","Gas",960,1
"101","Gas",960,1
"104","Gas",1872,2
"104","Gas",2194,2
"101","Gas",864,1
"101","Oil",1024,1
"101","Gas",1756,1
"101","Oil",1378,1
"101","Oil",960,1
"101","Oil",992,1
"104","Gas",2304,2
"104","Oil",2178,2
"101","Gas",1184,1
"101","Electric",1346,1
"101","Gas",2120,2
"101","Oil",1540,1
"101","Oil",1308,1
"101","Oil",960,1
"101","Oil",1170,1
"101","Oil",1033,1
"101","Oil",1584,1
"101","Gas",1703,1
"101","Gas",960,1
"101","Gas",1372,1
"101","Gas",1088,1
"101","Oil",1680,1
"101","Gas",960,1
"101","Gas",960,1
"101","Electric",1104,1
"441",NA,NA,NA
"101","Gas",1048,1
"101","Gas",1032,1
"937","Oil",1066,2
"101","Gas",996,1.5
"101","Gas",1264,1
"101","Gas",864,1
"101","Gas",1272,1
"101","Gas",1152,1
"132",NA,NA,NA
"132",NA,NA,NA
"101","Gas",2316,2
"101","Gas",1508,2
"104","Gas",2199,2
"101","Gas",1174,1
"101","Oil",1055,1.5
"101","Gas",997,1.5
"101","Oil",1170,1
"101","Oil",1096,1
"101","Gas",1426,1.5
"101","Gas",925,1
"101","Oil",914,1
"101","Oil",914,1
"101","Oil",1260,1
"101","Oil",1040,1
"101","Gas",943,1
"101","Gas",1342,1
"101","Gas",1240,1
"101","Oil",832,1
"936",NA,NA,NA
"101","Oil",1248,2
"101","Oil",1412,1.5
"101","Gas",1294,1
"132",NA,NA,NA
"104","Oil",2640,2
"101","Oil",936,1
"101","Gas",1600,1
"101","Oil",1336,1
"101","Oil",982,1
"101","Oil",970,1
"101","Oil",1416,1
"101","Electric",1102,1
"101","Oil",1188,1
"101","Gas",1056,1
"101","Oil",1084,1.5
"101","Oil",1048,1
"101","Oil",1187,1
"101","Oil",1336,1
"101","Gas",944,1
"101","Oil",1309,1.5
"101","Oil",1649,1
"101","Gas",1376,1
"101","Gas",3762,2
"101","Oil",888,1
"101","Oil",994,1
"130",NA,NA,NA
"101","Oil",1656,1
"101","Oil",1276,1
"101","Gas",1276,1
"101","Oil",1236,1
"101","Electric",1332,1
"101","Gas",792,1
"101","Gas",1292,1
"101","Oil",1080,1
"101","Oil",1270,1.5
"101","Gas",1448,1
"101","Oil",1372,1
"101","Gas",864,1
"101","Oil",1301,1.5
"101","Oil",1080,1
"101","Electric",912,1
"101","Oil",1488,1
"101","Electric",1002,1
"101","Electric",1440,1
"101","Gas",1483,1
"101","Electric",988,1
"132",NA,NA,NA
"101","Gas",1792,1
"101","Gas",1352,1
"101","Gas",912,1
"101","Gas",960,1
"101","Gas",1200,1
"101","Electric",960,1
"101","Gas",960,1
"101","Gas",1568,1
"104","Oil",2458,2
"101","Gas",1276,1
"101","Oil",2598,1
"101","Electric",1248,1
"101","Oil",1140,1
"101","Oil",1290,1
"101","Oil",3611,1
"101","Oil",3374,1.5
"101","Oil",1637,1
"130",NA,NA,NA
"101","Oil",1584,1
"101","Oil",1080,1
"101","Oil",1556,2
"962",NA,0,NA
"101","Oil",2354,2
"101","Electric",1056,1
"101","Electric",1440,1
"101","Gas",1389,1.5
"101","Oil",992,2
"101","Electric",1056,1
"101","Oil",1624,2
"101","Electric",1462,1
"101","Oil",1020,1
"101","Oil",1360,1
"101","Oil",1248,2
"101","Oil",828,1
"101","Gas",1048,1
"132",NA,NA,NA
"101","Gas",1379,1.5
"101","Gas",1390,1.5
"101","Gas",960,1
"101","Gas",960,1
"101","Oil",1727,1.5
"962",NA,0,NA
"101","Oil",1156,1
"101","Gas",960,1
"101","Electric",1836,2
"130",NA,NA,NA
"101","Gas",960,1
"101","Gas",1288,1
"101","Oil",998,1
"101","Gas",1634,1.5
"101","Gas",1024,1
"101","Oil",1116,1
"101","Oil",1293,2
"101","Gas",1260,2
"101","Gas",1292,1
"104","Gas",2703,2.5
"101","Electric",1074,1
"423",NA,NA,NA
"101","Oil",1956,2
"101","Oil",1507,1.5
"101","Electric",1176,1
"101","Gas",1148,1
"101","Gas",1048,1
"101","Gas",960,1
"101","Oil",1181,1
"101","Gas",1401,1
"101","Oil",988,1
"101","Oil",1020,1
"101","Oil",1023,1
"132",NA,NA,NA
"101","Oil",918,1
"101","Oil",1376,1
"101","Oil",1020,1
"101","Gas",1132,1
"101","Gas",2332,2
"101","Gas",1244,1
"101","Oil",1132,1
"101","Oil",1346,1.5
"101","Oil",1196,1
"130",NA,NA,NA
"101","Electric",1470,2
"101","Gas",816,1
"101","Gas",1132,1
"101","Gas",675,1
"101","Gas",2200,2
"101","Oil",1919,1.5
"101","Gas",1169,1
"101","Oil",1266,1
"101","Gas",868,1
"101","Oil",1076,2
"101","Gas",1184,1
"104","Oil",2245,1.5
"101","Oil",1400,1
"101","Oil",888,1
"101","Gas",945,1
"101","Electric",1370,1
"101","Oil",928,1
"101","Oil",916,1
"953",NA,NA,NA
"101","Gas",2627,2
"101","Oil",1043,1
"101","Electric",912,1
"101","Oil",1648,1
"104","Gas",2160,2
"132",NA,NA,NA
"101","Oil",1175,1
"132",NA,NA,NA
"130",NA,NA,NA
"101","Oil",991,1.5
"337",NA,NA,NA
"101","Gas",1546,1.5
"131",NA,NA,NA
"330",NA,NA,NA
"101","Gas",1170,1
"101","Oil",1220,1
"132",NA,NA,NA
"101","Typical",1426,1.5
"101","Gas",1411,2
"440",NA,NA,NA
NA,NA,NA,NA
NA,NA,NA,NA
"132",NA,NA,NA
"105","Electric",3120,2
"104","Oil",1808,1
"101","Gas",1231,1
"101","Electric",1664,1
"101","Gas",2640,2
"101","Oil",864,1
"101","Gas",1250,1
"936",NA,0,NA
NA,NA,NA,NA
NA,NA,NA,NA
"132",NA,NA,NA
"101","Oil",1000,1
"101","Oil",960,1
"101","Oil",1276,1
"132",NA,NA,NA
NA,NA,NA,NA
NA,NA,NA,NA
"101","Gas",1128,1
"101","Gas",1630,1.5
"101","Oil",1984,2
"104","Gas",2252,2
"101","Electric",1390,1
"101","Oil",1868,2
NA,NA,NA,NA
NA,NA,NA,NA
"130",NA,NA,NA
"101","Gas",1216,1
"132",NA,NA,NA
NA,NA,NA,NA
NA,NA,NA,NA
NA,NA,NA,NA
NA,"L",NA,NA
"101","Oil",1056,1
"101","Electric",1232,1
NA,NA,NA,NA
NA,NA,NA,NA
"936",NA,NA,NA
"101","Oil",1568,2
"101","Oil",1779,1.5
"101","Gas",1792,2
"101","Gas",1686,1
"101","Oil",1170,1
"101","Oil",2369,1.5
"101","Gas",1472,1.5
"101","Gas",1464,2
"101","Electric",1236,1
"132",NA,NA,NA
"101","Gas",1998,1.5
"101","Gas",917,1
"101","Electric",912,1
"101","Electric",912,1
"013","Typical",3330,3
"132",NA,NA,NA
"101","Oil",1326,1
"101","Oil",1326,1
"101","Oil",1040,1
"101","Gas",720,1
NA,NA,NA,NA
NA,NA,NA,NA
NA,NA,NA,NA
NA,NA,NA,NA
"101","Oil",1539,1
"131",NA,NA,NA
NA,NA,NA,NA
NA,NA,NA,NA
NA,NA,NA,NA
NA,NA,NA,NA
"930",NA,NA,NA
"130",NA,NA,NA
"101","Electric",1290,1
"101","Electric",1392,1
"101","Oil",1136,1
"104","Gas",2930,2
"101","Oil",1368,1
"101","Electric",960,1
"101","Oil",1516,1
"101","Oil",1373,1.5
"101","Gas",1200,1
"101","Gas",2514,1
NA,NA,NA,NA
NA,NA,NA,NA
"130",NA,NA,NA
"101","Oil",1336,1
"132",NA,NA,NA
"101","Electric",2048,2
"101","Oil",971,1.5
"101","Oil",1248,2
"391",NA,NA,NA
"340","Typical",1296,1
"104","Gas",1512,2
"930",NA,NA,NA
"101","Gas",1614,2
"105","Gas",3180,2.5
"101","Gas",2048,2
"104","Gas",1456,2
"390",NA,NA,NA
"101","Oil",1144,1
"101","Oil",1403,1.5
"101","Gas",1570,1.5
"101","Oil",3776,1.75
"101","Electric",1016,1
"104","Gas",2122,2
"101","Oil",1047,1
"101","Gas",1554,2
"101","Gas",1439,1.5
"101","Electric",1422,1
"101","Gas",1542,2
"101","Electric",1470,2
"101","Oil",900,1
"101","Oil",1107,1
"101","Electric",960,1
"101","Oil",1346,1.5
"101","Gas",1770,1.5
"130",NA,0,NA
"101","Oil",1350,1
"712",NA,NA,NA
"101","Electric",900,1
"101","Oil",1418,2
"101","Oil",1132,1
"101","Oil",1273,1
"101","Oil",1268,1
"132",NA,NA,NA
"101","Oil",2552,2
"101","Gas",1488,2
"101","Oil",816,1
"101","Gas",1267,1.5
"132",NA,NA,NA
"101","Gas",894,1
"101","Gas",1728,2
"101","Gas",1360,1
"101","Oil",936,1
"104","Electric",2244,2
"101","Gas",1334,2
"109","Electric",749,1
"712",NA,NA,NA
"101","Electric",1062,1
"101","Gas",1272,1.5
"132",NA,NA,NA
"953",NA,NA,NA
"101","Gas",1256,1.5
"101","Electric",1062,1
"101","Electric",1254,1
"930",NA,NA,NA
"101","Electric",960,1
"132",NA,NA,NA
"101","Oil",1407,2
"104","Oil",2720,2
"101","Oil",1680,2
"101","Oil",1340,1
"101","Electric",1100,1
"962",NA,0,NA
"101","Gas",1084,1
"101","Oil",2006,2
"101","Gas",1215,1
"101","Gas",936,1
"101","Gas",936,1
"104","Electric",1425,1
"101","Oil",1064,1
"101","Oil",1638,1.5
"101","Oil",1008,1
"101","Electric",912,1
"101","Oil",1640,1
"101","Oil",1425,1
"104","Gas",3349,1.5
"132",NA,NA,NA
"132",NA,NA,NA
"101","Oil",1152,1
"101","Oil",1184,1
"101","Gas",1408,1
"101","Gas",1080,1
"101","Gas",1242,1
"101","Gas",2112,1
"101","Gas",1006,1
"101","Gas",1970,2
"101","Oil",960,1
"101","Gas",1104,1
"101","Gas",416,1
"101","Oil",1239,1
"101","Gas",960,1
"132",NA,NA,NA
"101","Gas",1104,1
"101","Gas",804,1
"101","Oil",1288,1
"101","Gas",1224,2
"101","Electric",1384,1
"101","Gas",1048,1
"104","Gas",1944,2
"104","Oil",2505,2
"101","Oil",1328,2
"109","Gas",1394,1
"101","Gas",1048,1
"101","Gas",1344,1
"104","Gas",2261,2
"101","Gas",1186,2
"104","Gas",2046,2
"101","Gas",1632,2
"101","Gas",1288,1
"101","Electric",1332,1
"101","Oil",1516,2
"101","Gas",1575,2
"101","Gas",1503,1.5
"101","Gas",856,1
"101","Electric",1248,1
"132",NA,NA,NA
"101","Gas",920,1.5
"101","Gas",1839,1.5
"101","Oil",2028,2
"101","Oil",1030,1.5
"101","Gas",1248,2
"101","Oil",1352,2
"101","Oil",1128,1.5
"104","Electric",1848,2
"101","Gas",936,1
"101","Gas",1080,1
"101","Oil",1280,1
"101","Oil",1116,1
"101","Electric",1200,1
"101","Oil",1763,2
"101","Gas",1124,1
"101","Gas",1756,1.5
"101","Oil",1134,1
"101","Gas",1098,1.5
"132",NA,NA,NA
"101","Oil",1134,1
"101","Gas",1204,1
"101","Oil",1248,2
"101","Oil",1044,1
"104","Gas",1900,2
"101","Oil",1152,1
"101","Gas",1170,1
"101","Gas",988,1
"101","Gas",1184,1
"101","Oil",1288,1.5
"101","Oil",2214,2
"101","Gas",1200,1
"111","Typical",2362,2
"101","Oil",1630,1.5
"101","Gas",1528,1.5
"101","Oil",1320,2
"101","Gas",1472,2
"101","Oil",1290,2
"101","Electric",1225,1
"959","Oil",2436,2
"101","Oil",936,1.5
"101","Gas",1830,1.5
"130",NA,NA,NA
"104","Gas",1120,2
"101","Gas",1564,1
"101","Oil",1110,1
"101","Oil",2596,1
"101","Gas",1386,1
"101","Oil",1428,2
"101","Oil",1615,1.5
"101","Oil",1182,1
"101","Electric",1142,1
"101","Electric",950,1
"101","Gas",1339,1.5
"101","Gas",1300,1
"101","Oil",818,1
"101","Oil",1238,1
"104","Gas",2326,2
"101","Gas",1464,2
"101","Electric",1060,1
"101","Electric",1060,1
"101","Gas",1267,1
"105","Oil",3056,2
"101","Electric",1530,1
"101","Electric",1257,1
"104","Oil",2224,2
"132",NA,NA,NA
"104","Gas",2576,2
"101","Electric",960,1
"101","Gas",2484,2
"101","Electric",960,1
"101","Electric",1062,1
"101","Electric",1168,1
"101","Gas",1725,2
"101","Gas",850,1
"104","Gas",1872,2
"130",NA,NA,NA
"101","Oil",1397,1
"104","Gas",1098,1
"101","Oil",1090,1.5
"101","Gas",1219,1.5
"104","Gas",2248,2
"101","Gas",1060,1
"101","Electric",912,1
"101","Electric",912,1
"101","Oil",2095,1
"101","Electric",1062,1
"104","Gas",1904,1
"101","Gas",1064,1
"101","Gas",1328,1
"101","Oil",960,1
"101","Electric",1056,1
"101","Gas",1578,1
"104","Gas",2440,2
"101","Gas",1248,2
NA,NA,NA,NA
NA,NA,NA,NA
"101","Oil",1040,1
"101","Gas",1548,1.5
"101","Gas",1398,1
"101","Oil",1166,1
"104","Gas",2160,2
"101","Electric",1680,2
"101","Gas",1325,1
"132",NA,NA,NA
"104","Oil",1748,2
"101","Gas",1248,2
"101","Oil",1300,2
"101","Oil",1808,1
"101","Oil",1056,1
"101","Oil",1152,1
"101","Gas",2628,2
"101","Oil",1572,1
"101","Electric",1932,2
"104","Gas",1782,2
"101","Oil",1568,2
"101","Oil",1445,1
"101","Gas",1008,1
"104","Oil",1465,1.5
"104","Gas",2288,2
"101","Oil",1248,2
"101","Gas",1422,2
"101","Oil",1120,1
"101","Oil",1104,1
"101","Gas",1008,1
"101","Gas",1088,1
"101","Oil",1285,1
"105","Oil",3390,3
"101","Gas",1208,1
"101","Electric",1445,1.5
"101","Oil",1580,2
"101","Gas",1446,1
"104","Oil",2562,2.5
"101","Gas",1348,1
"105","Electric",3390,3
"104","Electric",1764,2
"101","Electric",1080,1
"131",NA,NA,NA
"101","Oil",1696,2
"101","Oil",1508,2
"101","Oil",1010,1
"101","Oil",1444,1
"101","Oil",864,1
"105","Oil",3024,3
"131",NA,NA,NA
"101","Electric",1008,1
"101","Gas",1283,1
"101","Oil",1578,2
"104","Oil",2434,2
"423",NA,NA,NA
"105","Electric",3516,3
"101","Gas",960,1
"423",NA,NA,NA
"101","Gas",1584,2
"101","Oil",1700,1
"101","Oil",960,1
"391",NA,NA,NA
"104","Oil",2080,2
"101","Oil",1220,1
"423",NA,NA,NA
"101","Oil",1904,1
"988",NA,NA,NA
"101","Gas",1148,1
"101","Gas",1112,1
"930",NA,NA,NA
"101","Gas",1116,1
"101","Oil",1092,1
"131",NA,NA,NA
"101","Oil",1883,1
"105","Gas",3240,3
"101","Oil",1790,2
"104","Oil",1848,2
"101","Oil",1092,1
"101","Gas",1663,1.5
"104","Gas",2108,2
"101","Electric",1232,1
"101","Gas",1048,1
"101","Gas",960,1
"101","Electric",912,1
"101","Gas",1883,1
"101","Gas",1400,1
"101","Gas",1048,1
"101","Gas",963,1
"101","Electric",1740,2
"104","Gas",2216,2
"105","Electric",1776,1.5
"101","Gas",1048,1
"101","Gas",960,1
"101","Oil",1176,1
"101","Gas",1632,2
"423",NA,NA,NA
"101","Gas",2086,2
"104","Oil",2338,2
"104","Gas",2264,2
"101","Gas",668,1
"101","Gas",1260,1
"101","Oil",1756,1.5
"104","Oil",2240,2
"132",NA,NA,NA
"101","Gas",1427,1.5
"101","Gas",960,1
"101","Gas",1450,1
"101","Oil",1341,1
"104","Gas",2378,2
"101","Oil",1406,1.5
"101","Oil",1339,1
"101","Oil",1200,1
"101","Oil",1362,1
"101","Gas",1378,2
"104","Gas",1920,2
"101","Gas",1550,1
"101","Gas",1132,1
"101","Gas",1156,1
"101","Oil",864,1
"101","Oil",2376,2
"101","Electric",912,1
"101","Oil",1667,2
"101","Gas",1470,1
"101","Oil",1575,1
"101","Oil",1000,1
"101","Oil",936,1
"101","Oil",936,1
"441",NA,NA,NA
"101","Gas",1712,1
"101","Gas",1373,1.5
"104","Gas",2288,2
"101","Oil",1080,1
"101","Gas",1400,1.5
"101","Oil",1907,1.5
"132",NA,NA,NA
NA,NA,NA,NA
NA,NA,NA,NA
NA,NA,NA,NA
NA,NA,NA,NA
"440",NA,NA,NA
"101","Gas",1507,2
"101","Oil",1332,1
"104","Oil",1572,1
"101","Oil",1080,1
"101","Electric",1180,1
NA,NA,NA,NA
NA,NA,NA,NA
NA,NA,NA,NA
NA,NA,NA,NA
"101","Electric",1144,1
"101","Oil",1553,1.5
"101","Gas",876,1
"101","Gas",1502,1.5
NA,NA,NA,NA
NA,NA,NA,NA
NA,NA,NA,NA
NA,NA,NA,NA
"101","Gas",1201,1.5
"101","Oil",1200,1
"101","Gas",1430,1.5
"101","Electric",1020,1
"930",NA,NA,NA
"101","Electric",1452,1.5
"101","Oil",1025,1
"101","Oil",1308,1
"392",NA,NA,NA
"101","Gas",2616,1.5
"101","Gas",1617,1
"101","Oil",1041,1
"101","Gas",2232,2
"130",NA,NA,NA
"713",NA,NA,NA
NA,NA,NA,NA
NA,NA,NA,NA
"101","Oil",960,1
"101","Electric",1104,1
"132",NA,NA,NA
"101","Oil",1943,1
"101","Gas",1487,2
"101","Oil",1196,1
"101","Electric",1788,2
"713",NA,NA,NA
"106",NA,NA,NA
"101","Oil",1193,1.5
"101","Oil",1008,1
"101","Oil",960,1
"101","Oil",1836,2
"104","Oil",2510,2
"104","Gas",2000,2
"104","Gas",1554,2
"101","Oil",2194,2
"101","Gas",960,1
"101","Oil",1425,1.5
"104","Gas",2550,2
"104","Oil",2422,2
"105","Oil",2457,2
"101","Oil",960,1
"101","Gas",960,1
"104","Oil",2853,2
"936",NA,NA,NA
"105","Oil",2399,2
"132",NA,NA,NA
"101","Oil",1152,1
"101","Gas",960,1
"132",NA,NA,NA
NA,NA,NA,NA
NA,NA,NA,NA
"130",NA,0,NA
"130",NA,NA,NA
"101","Oil",1044,1
"101","Gas",1830,2
"132",NA,NA,NA
"101","Gas",960,1
"101","Oil",1264,1
"101","Oil",1446,1.5
"101","Oil",960,1
"101","Oil",1392,1
"101","Oil",1008,1
"101","Gas",1338,1
"101","Electric",960,1
"101","Oil",1370,1
"101","Oil",1630,1
"101","Electric",960,1
"101","Oil",1104,1
"101","Electric",1008,1
"101","Electric",1140,1
"132",NA,NA,NA
"101","Electric",2151,1.5
"441",NA,NA,NA
"441",NA,NA,NA
"101","Oil",1443,1.5
"101","Electric",1356,1
NA,NA,NA,NA
NA,NA,NA,NA
NA,NA,NA,NA
NA,NA,NA,NA
"101","Electric",1386,1.5
"101","Electric",1107,1
NA,NA,NA,NA
NA,NA,NA,NA
NA,NA,NA,NA
NA,NA,NA,NA
"132",NA,NA,NA
"101","Electric",1587,1.5
NA,NA,NA,NA
NA,"R",NA,NA
NA,NA,NA,NA
NA,NA,NA,NA
"101","Oil",1419,1.5
"101","Gas",1756,1.5
"101","Gas",960,1
"101","Oil",1000,1
NA,NA,NA,NA
NA,NA,NA,NA
"950",NA,0,NA
"105","Gas",2700,2
"101","Gas",1300,1
"101","Electric",960,1
"101","Gas",1483,1
"930",NA,NA,NA
"104","Gas",1972,2
"130",NA,NA,NA
"132",NA,NA,NA
"105","Oil",3606,3
"104","Oil",2210,1.5
"104","Gas",1732,2
"101","Gas",1224,1
"101","Gas",1180,1
"104","Oil",2150,2
"105","Gas",2147,1.5
"101","Electric",1050,1
"101","Oil",1170,1
"101","Gas",912,1
"104","Gas",1566,2
"105","Oil",3660,3
"104","Oil",2610,2
"101","Gas",1155,1.5
"101","Oil",1216,1
"101","Oil",1094,1
"105","Gas",3462,2.5
"930",NA,NA,NA
"101","Oil",900,1
"101","Oil",1744,1.5
"104","Oil",2392,2
"104","Gas",2536,2
"101","Electric",1655,1
"105","Typical",3430,0
"104","Oil",3032,2.5
"104","Gas",2522,2
"101","Oil",1097,1
"104","Gas",1824,2
"104","Oil",2592,2
"104","Oil",3148,2
"104","Electric",1764,2
"101","Electric",1281,1
"104","Oil",2392,2
"104","Oil",2226,2
"101","Electric",1280,1
"101","Gas",1040,2
"104","Oil",2426,2
"101","Gas",1004,1
"101","Oil",1480,2
"101","Gas",1028,1
"101","Electric",2107,1
"101","Oil",2642,1
"101","Gas",1728,2
"101","Gas",966,1
"101","Gas",1288,2
"132",NA,NA,NA
"101","Gas",966,1
"101","Oil",1888,2
"101","Oil",1340,1
"101","Gas",1506,1
"101","Oil",1320,2
"101","Electric",984,1
"131",NA,NA,NA
"101","Oil",780,1
"101","Gas",1456,1.5
"101","Oil",1179,1.5
"101","Oil",944,1
"101","Electric",960,1
"101","Oil",2064,2
"101","Gas",1683,1
"101","Gas",960,1
"101","Gas",960,1
"101","Oil",1244,1.5
"132",NA,NA,NA
"101","Oil",1344,2
"101","Gas",1528,2
"101","Electric",1484,1
"104","Oil",1546,1.5
"101","Oil",1610,2
"104","Oil",2106,2
"132",NA,NA,NA
"104","Electric",1904,2
"104","Electric",2482,2
"101","Gas",1472,2
"101","Oil",1722,1
"101","Electric",1648,1
"101","Oil",1432,2
"101","Oil",1592,2
"101","Oil",3208,2
"101","Gas",1558,1
"101","Gas",1430,2
"101","Gas",1912,1.5
"101","Electric",1663,1
"101","Electric",2072,1
"101","Gas",1440,1
"101","Electric",988,1
"101","Oil",1060,1
"101","Oil",1516,1
"101","Electric",1922,1.5
"101","Gas",1048,1
"101","Gas",960,1
"101","Gas",1408,1
"101","Gas",1048,1
"101","Oil",960,1
"101","Gas",1152,1
"101","Oil",912,1
"101","Electric",2078,2
"101","Oil",1260,1
"101","Oil",1080,1
"101","Oil",1512,1
"101","Oil",1182,1
"101","Gas",2168,2
"101","Oil",1092,1
"101","Oil",912,1
"101","Gas",2080,2
"101","Gas",1386,2
"101","Oil",1296,1
"101","Oil",2186,2
"104","Gas",1520,2
"101","Oil",1248,2
"101","Electric",960,1
"101","Electric",732,1
"101","Gas",1472,2
"101","Gas",1290,2
"101","Electric",1135,1
"101","Gas",992,1
"101","Gas",1403,1
"101","Electric",2209,1
"101","Gas",864,1
"101","Electric",976,1
"101","Electric",1691,1
"101","Electric",1680,1.5
"101","Gas",1419,1
"101","Gas",1104,1
"101","Electric",960,1
"101","Electric",988,1
"101","Electric",1262,1
"101","Oil",1556,1
"101","Gas",1720,2
"104","Oil",2686,2
"101","Electric",1056,1
"101","Gas",1170,1
"101","Oil",1490,2
"105","Oil",3257,2.5
"101","Gas",1584,1.5
"101","Gas",1456,1
"104","Oil",2000,2
"101","Oil",1724,2
"101","Oil",1260,1
"104","Oil",2756,2
"101","Oil",1050,1
"105","Oil",2306,2
"104","Gas",2180,2
"104","Gas",3324,2
"101","Gas",918,1
"101","Gas",1672,1
"101","Oil",1426,1.5
"101","Gas",1772,1
"101","Electric",750,1
"101","Electric",933,1
"101","Gas",1187,1.5
"105","Electric",3948,3
"101","Oil",1302,2
"105","Oil",3348,3
"104","Oil",2112,2
"105","Gas",4146,3
"106",NA,NA,NA
"105","Oil",2673,2
"101","Gas",866,1.5
"104","Oil",3420,2
"101","Oil",1349,2
"101","Oil",990,1
"101","Gas",1780,2
"105","Oil",4326,3
"101","Coal or Wood",1020,1
"101","Gas",667,1
"132",NA,NA,NA
"101","Gas",1568,2
"101","Oil",1267,1
"101","Electric",1256,1
"101","Oil",1156,1
"105","Gas",3414,3
"104","Oil",2436,2
"104","Gas",2484,2
"105","Electric",2182,2
"104","Oil",1606,2
"101","Gas",1350,1.5
"130",NA,NA,NA
"105","Gas",3012,2.5
"101","Oil",1466,2
"101","Gas",2673,2
"132",NA,NA,NA
"101","Electric",960,1
"101","Electric",1028,1
"104","Oil",1749,1.5
"105","Oil",2480,2.5
"930",NA,NA,NA
"130",NA,NA,NA
"132",NA,NA,NA
"101","Gas",1190,1
"105","Oil",2172,2.5
"101","Electric",1164,1
"936",NA,NA,NA
"101","Oil",1203,1
"101","Oil",1210,1
"101","Oil",1554,1
"104","Oil",1806,2
"101","Gas",960,1
"101","Gas",2201,1.5
"132",NA,NA,NA
"101","Gas",1200,1
"101","Oil",1682,2
"101","Oil",1378,1
"101","Gas",1085,1
"101","Electric",2752,2
"101","Gas",1204,1
"936",NA,NA,NA
"101","Gas",1395,1
"131",NA,NA,NA
"101","Gas",1813,1
"101","Gas",1048,1
"104","Oil",2672,2
"132",NA,NA,NA
"101","Oil",1652,1
"101","Oil",912,1
"101","Gas",1048,1
"101","Oil",1695,1
"132",NA,NA,NA
"101","Gas",1044,1
"101","Gas",1096,1
"101","Gas",1212,1
"101","Gas",1592,1
"101","Gas",1048,1
"101","Oil",1176,1
"101","Oil",1055,1
"101","Gas",1210,1
"132",NA,NA,NA
"101","Gas",1308,2
"101","Oil",1224,1
"101","Oil",1329,1
"959","Oil",1660,1
"132",NA,NA,NA
"101","Oil",720,1
"101","Oil",912,1
"104","Gas",2602,2
"106",NA,NA,NA
"101","Oil",1152,1
"101","Oil",912,1
"101","Gas",1265,1.5
"101","Oil",1993,1.5
"101","Oil",912,1
"101","Electric",1312,1
"104","Gas",3156,2
"101","Oil",1439,2
"101","Electric",950,1
"101","Electric",972,1
"101","Oil",980,1
"101","Gas",1236,2
"101","Oil",950,1
"101","Electric",976,1
"132",NA,NA,NA
"101","Electric",1295,1
"101","Electric",1064,1
"101","Electric",1604,1
"101","Electric",3323,2
"101","Electric",1352,1
"101","Electric",1008,1
"101","Electric",1140,1
"104","Oil",2882,2
"101","Gas",1382,1
"101","Electric",1608,1
"101","Electric",1164,1
"104","Gas",3119,2
"101","Gas",2020,2
"104","Gas",2584,2
"101","Electric",1379,2
"101","Gas",1398,1.5
"101","Gas",1022,1.5
"105","Gas",2056,2
"111","Typical",4009,3
"101","Gas",1359,1.5
"101","Gas",1024,1
"105","Oil",3600,3
"962",NA,0,NA
"132",NA,NA,NA
"104","Oil",3078,2
"390",NA,NA,NA
"104","Oil",1570,2
"101","Gas",1188,1
"132",NA,NA,NA
"111","Typical",2956,2
"390",NA,0,NA
"101","Oil",965,1.5
"104","Oil",2160,2
"104","Oil",2747,2
"105","Oil",2223,2
"101","Oil",1426,1.5
"104","Gas",2208,2
"104","Gas",1772,2
"104","Oil",1465,1.5
"101","Gas",1556,2
"104","Gas",2226,2
"132",NA,NA,NA
"423",NA,NA,NA
"101","Oil",1336,1
"101","Oil",1456,1
"104","Oil",2340,2
"101","Oil",2177,2
"101","Electric",1470,2
"132",NA,NA,NA
"101","Gas",2329,2
"101","Gas",894,1
"101","Oil",1588,1
"101","Oil",1885,1
"111","Gas",2920,2
"101","Oil",1278,1.5
"101","Gas",1048,1
"101","Gas",1048,1
"101","Gas",942,1
"104","Electric",2335,2
"105","Electric",2504,2
"106",NA,NA,NA
"101","Gas",1048,1
"101","Gas",1840,1
"101","Gas",1104,1
"101","Gas",1201,1
"101","Gas",1048,1
"101","Gas",1240,1
"101","Gas",1200,1
"101","Gas",1626,1
"101","Gas",1302,1
"101","Gas",1418,1
"101","Gas",1200,2
"101","Oil",2142,2
"101","Gas",1318,1
"101","Gas",1202,1
"101","Oil",1597,1.5
"101","Gas",2016,1.5
"101","Gas",1040,1
"101","Electric",1062,1
"101","Oil",802,1.5
"101","Oil",1008,1
"101","Electric",1107,1
"101","Electric",1254,1
"101","Oil",1145,1
"101","Oil",1890,1.5
"101","Electric",1107,1
"101","Electric",1093,1
"101","Oil",1368,1
"101","Oil",1168,1
"101","Electric",1062,1
"101","Electric",1523,1
"101","Oil",1280,1
"101","Oil",1228,1
"101","Electric",1008,1
"105","Oil",4650,3
"104","Oil",1716,1.5
"105","Oil",2745,2
"101","Oil",1497,1.5
"104","Gas",2358,2
"106",NA,NA,NA
"101","Gas",1981,2
"101","Gas",1200,1
"101","Gas",1373,1.5
"101","Oil",1625,1
"101","Oil",1838,1
"101","Electric",1600,1.5
"101","Oil",864,1
"101","Oil",864,1
"101","Oil",1054,1
"101","Oil",1170,1
"101","Oil",1440,2
"101","Oil",1451,1
"101","Oil",1112,1
"101","Electric",912,1
"930",NA,NA,NA
"930",NA,NA,NA
"101","Gas",1040,1
"101","Oil",2192,1
"101","Oil",824,1
"101","Oil",1120,1
"132",NA,NA,NA
"101","Gas",1040,1
"101","Gas",1314,1
"104","Oil",2061,2
"101","Oil",1244,1
"101","Gas",1048,1
"101","Gas",1048,1
"101","Gas",1202,1
"101","Gas",1020,1
"101","Gas",1088,1
"101","Gas",1048,1
"101","Gas",1048,1
"101","Gas",1048,1
"101","Oil",1048,1
"101","Gas",1048,1
"104","Gas",2934,2.5
"101","Gas",1613,1
"101","Gas",1514,1
"101","Oil",1228,1
"101","Gas",1067,1.5
"101","Gas",1114,1
"101","Gas",1048,1
"101","Gas",1208,1
"106",NA,NA,NA
"101","Gas",1328,1
"101","Electric",1519,1
"101","Electric",2191,2
"101","Gas",980,1
"101","Gas",1855,1
"101","Gas",1464,1
"101","Electric",1412,1
"101","Oil",1314,1
"101","Electric",834,1
"101","Gas",1662,1
"101","Gas",1062,1
"101","Oil",1088,1
"101","Gas",1144,1
"101","Gas",1048,1
"101","Gas",1144,1
"101","Gas",1062,1
"101","Gas",1462,1
"101","Gas",1062,1
"132",NA,NA,NA
"101","Gas",1062,1
"101","Gas",1062,1
"101","Electric",1107,1
"105","Gas",3528,3
"101","Gas",1499,1
"101","Gas",1394,1
"105","Oil",2660,2
"104","Oil",1710,1.5
"101","Oil",1224,1
"132",NA,NA,NA
"104","Gas",2758,2
"101","Oil",1447,2
"101","Oil",1614,2
"337",NA,NA,NA
"101","Gas",1426,1.5
"101","Oil",1631,2
"104","Oil",2117,2
"104","Gas",2080,2
"101","Gas",768,1
"104","Oil",2702,2
"101","Oil",1390,2
"104","Oil",2572,2
"101","Gas",960,1
"104","Electric",1976,2
"101","Gas",2049,2
"101","Oil",1647,2
"101","Gas",1200,1
"101","Oil",864,1
"101","Gas",1258,1
"101","Oil",1200,1
"101","Gas",1247,1.5
"101","Oil",1244,1
"101","Gas",1437,1
"101","Oil",1302,2
"101","Oil",1844,1
"104","Gas",2944,2
"930",NA,NA,NA
"101","Oil",1085,1.5
"101","Gas",1664,2
"101","Oil",986,1
"104","Oil",2276,2
"104","Electric",2340,2
"104","Oil",2242,2
"104","Electric",2792,2
"101","Oil",1521,1
"101","Oil",1828,2
"101","Gas",1152,1
"101","Oil",1614,2
"942","Oil",2344,2
"105","Gas",2761,2
"101","Gas",1596,1
"101","Gas",1160,1
"104","Gas",2690,2
"101","Oil",960,1
"101","Gas",1092,1
"101","Gas",1100,1
"101","Oil",1481,1
"101","Oil",1640,1
"101","Gas",2016,2
"101","Gas",1500,2
"101","Oil",2814,2
"101","Oil",2196,2
"101","Oil",1272,1
"390",NA,NA,NA
"101","Gas",1048,1
"101","Gas",1128,1
"101","Gas",1048,1
"101","Gas",1368,1
"101","Oil",1165,1
"101","Oil",1370,1
"930",NA,NA,NA
"930",NA,NA,NA
"101","Oil",1232,2
"104","Oil",3003,2
"101","Gas",1084,1
"101","Gas",1402,1
"101","Gas",1521,1.5
"101","Oil",1012,1
"101","Gas",1342,1
"132",NA,NA,NA
"423",NA,NA,NA
"930",NA,NA,NA
"101","Oil",1016,1
"101","Oil",1203,1
NA,NA,NA,NA
NA,NA,NA,NA
"101","Oil",1066,1
"101","Oil",1026,1
"101","Gas",1132,1
"101","Gas",1560,1
"101","Oil",1290,1
"101","Oil",948,1
"101","Oil",912,1
"101","Electric",1200,1
"101","Oil",1278,1
"101","Oil",1346,1.5
"101","Gas",1062,1
"101","Oil",1256,1
"101","Oil",720,1
"101","Oil",1500,2
"101","Oil",818,1
"101","Oil",1044,1
"104","Gas",1726,2
"101","Gas",1062,1
"101","Oil",1116,1
"101","Oil",1625,1.5
"104","Oil",2586,2
"101","Oil",1230,1
"101","Oil",1080,1
"101","Oil",2543,1
"104","Oil",2312,2
"101","Oil",1200,1
"101","Gas",2512,1
"132",NA,NA,NA
"101","Gas",960,1
"101","Oil",864,1
"101","Oil",1228,1
"101","Electric",1040,1
"104","Gas",1972,2
"101","Gas",1048,1
"101","Oil",1388,1
"104","Gas",2554,2
"101","Gas",1118,1
"101","Gas",1048,1
"101","Oil",1336,1
"101","Gas",1048,1
"101","Gas",1048,1
"101","Gas",1564,1
"101","Gas",864,1
"101","Gas",1392,1
"101","Gas",864,1
"337",NA,NA,NA
"101","Gas",1096,1
"101","Gas",900,1
"101","Gas",1350,1
"101","Gas",960,1
"101","Oil",1048,1
"104","Oil",1892,2
"101","Oil",1026,1
"101","Gas",1120,1
"101","Gas",1384,1
"101","Gas",1129,1
"101","Gas",936,1
"101","Gas",1048,1
"101","Oil",874,1.5
"101","Oil",1895,1.5
"101","Gas",1152,1
"101","Oil",684,1
"101","Gas",1088,1
"104","Oil",2282,2
"101","Gas",1148,1
"101","Gas",1250,1
"101","Gas",864,1
"101","Electric",1232,1
"101","Gas",1220,1.5
"101","Electric",1144,1
"101","Gas",864,1
"101","Gas",1048,1
"101","Gas",1080,1
"101","Gas",1048,1
"101","Oil",3061,1.5
"101","Gas",1440,2
"101","Oil",2280,2
"101","Gas",975,1
"930",NA,NA,NA
"104","Gas",2666,2
"132",NA,NA,NA
"101","Gas",1341,1
"423",NA,NA,NA
"101","Gas",960,1
"101","Gas",1048,1
"101","Oil",1475,1.5
"101","Electric",720,1
"101","Gas",1456,2
"101","Gas",768,1
"101","Oil",1024,1
"101","Gas",952,1
"101","Oil",1248,1
"101","Electric",1170,1
"101","Oil",1048,1
"132",NA,NA,NA
"101","Gas",1804,2
"101","Oil",912,1
"101","Gas",1092,1
"101","Gas",1530,1
"101","Oil",1048,1
"930",NA,NA,NA
"101","Oil",848,1
"101","Oil",948,1
"101","Oil",720,1
"101","Oil",840,1
"101","Oil",920,1
"101","Oil",840,1
"101","Oil",1303,1
"101","Gas",1128,1
"101","Oil",988,1
"101","Oil",1433,1
"106",NA,NA,NA
"101","Gas",1136,2
"101","Oil",1259,1
"104","Gas",1960,2
"101","Gas",716,1.5
"101","Oil",1202,1.5
"101","Gas",1240,1
"101","Gas",2449,2
"105","Oil",1957,2.5
"101","Electric",966,1.5
"101","Gas",1276,1
"101","Oil",1048,1
"104","Gas",1904,2
"104","Oil",2124,2
"101","Gas",1048,1
"101","Gas",1048,1
"101","Gas",1032,2
"101","Oil",2234,2
"101","Gas",1048,1
"101","Gas",1854,1
"101","Gas",1539,1.5
"101","Oil",1522,2
"101","Gas",1048,1
"101","Electric",901,1
"101","Oil",1048,1
"101","Oil",1050,1
"101","Gas",1320,1
"101","Oil",1510,1
"101","Oil",1144,1
"101","Electric",1228,1
"101","Oil",733,1
"101","Gas",900,1
"101","Oil",1440,2
"104","Gas",2188,2
"132",NA,NA,NA
"101","Gas",2723,1.5
"111","Typical",1224,2
"101","Electric",1008,1
"101","Gas",864,1
"101","Gas",1039,1
"101","Electric",1609,1.5
"101","Gas",3144,2
"101","Gas",1028,1
"101","Oil",1416,1
"104","Oil",2556,2
"104","Oil",2286,2
"101","Oil",1080,1
"101","Oil",1584,1.5
"101","Oil",1469,1.5
"105","Gas",3612,3
"101","Gas",1040,1
"101","Oil",960,1
"104","Oil",2176,2
"104","Oil",2328,2
"101","Oil",1223,1
"101","Oil",1430,1
"101","Oil",1409,2
"132",NA,NA,NA
"101","Gas",1728,2
"101","Gas",1082,1
"101","Oil",1431,1
"101","Oil",1962,1
"101","Oil",900,1
"101","Oil",720,1
"104","Oil",2708,2
"101","Oil",1655,1.5
"101","Gas",1570,2
"101","Oil",864,1
"104","Oil",2231,2
"101","Gas",1566,2
"132",NA,NA,NA
"101","Gas",960,1
"104","Oil",3207,2
"101","Gas",1180,1.5
"101","Gas",1362,1
"101","Gas",1507,1.5
"101","Oil",1087,1.5
"104","Oil",2182,2
"101","Oil",1604,2
"101","Gas",1496,1
"101","Oil",1815,1.5
"104","Oil",2804,2
"101","Oil",1092,1
"101","Electric",1450,2
"101","Gas",1646,1
"101","Gas",972,1
"101","Gas",1388,1
"101","Gas",1512,1
"959","Gas",2424,1
"936",NA,0,NA
"101","Gas",1230,1
"101","Oil",672,1
"101","Gas",832,1
"101","Gas",864,1
"101","Gas",1952,2
"101","Gas",1080,1
"101","Gas",1852,2
"101","Oil",1514,1
"101","Gas",720,1
"340","Typical",1100,1
"101","Gas",1048,1
"101","Gas",2106,1
"101","Oil",1137,1
"105","Oil",2408,2
"101","Gas",2020,1
"101","Oil",970,1
"101","Oil",1456,2
"101","Electric",1146,1
"101","Gas",816,1
"132",NA,NA,NA
"104","Oil",2421,2
"101","Oil",871,1
"101","Gas",884,1
"101","Oil",1013,1
"101","Oil",1502,1
"104","Oil",2560,2
"101","Oil",1344,2
"101","Oil",889,1
"101","Gas",1672,2
"104","Oil",2329,2
"101","Oil",672,1
"101","Oil",944,1.5
"101","Oil",1691,2
"101","Electric",2351,2
"101","Gas",1118,1.5
"101","Gas",1940,1.5
"101","Gas",1341,1
"101","Gas",1666,1
"101","Gas",1244,1
"101","Oil",1434,1.5
"101","Gas",3175,1.5
"101","Gas",2516,2
"132",NA,NA,NA
"132",NA,NA,NA
"101","Gas",1500,2
"101","Oil",1040,1
"101","Electric",1830,2
"101","Oil",1008,1
"101","Electric",1617,2
"101","Gas",1678,2
"101","Oil",1317,1
"101","Oil",1235,1
"101","Gas",804,1.5
"104","Gas",1694,2
"101","Oil",1133,1
"106",NA,NA,NA
"104","Gas",2707,2
"132",NA,NA,NA
"101","Gas",1080,1
"101","Oil",1191,2
"104","Gas",1896,2
"101","Gas",1386,1.5
"101","Oil",1289,1
"101","Gas",1486,1
"104","Gas",2058,2
"101","Electric",1128,1
"101","Electric",1104,1
"101","Oil",912,1
"132",NA,NA,NA
"101","Oil",1648,1
"101","Gas",962,1
"101","Oil",720,1
"101","Gas",864,1
"101","Gas",1048,1
"101","Oil",1306,1
"101","Oil",1020,1
"101","Electric",1352,1
"101","Oil",988,1
"101","Gas",1048,1
"101","Gas",1014,1
"101","Gas",2004,1
"101","Oil",1521,1
"101","Oil",960,1
"101","Gas",864,1
"101","Oil",1544,1.5
"101","Oil",1236,1
"101","Gas",960,1
"101","Gas",1116,1
"132",NA,NA,NA
"104","Oil",2768,2
"101","Gas",1056,1
"101","Gas",1528,1
"105","Oil",3813,3
"101","Oil",1032,1
"101","Gas",2912,2
"101","Gas",1046,1
"105","Oil",3660,3
"101","Oil",1556,2
"101","Gas",984,1
"101","Gas",1048,1
"101","Gas",960,1
"101","Oil",1335,1.5
"101","Oil",840,1
"101","Oil",840,1
"101","Oil",672,1
"101","Oil",840,1
"101","Oil",1171,1.5
"101","Electric",1132,1
"105","Gas",3498,2.5
"930",NA,NA,NA
"101","Oil",1080,1
"101","Gas",1176,1
"101","Oil",1119,1
"101","Oil",2290,2
"101","Oil",1080,1
"101","Gas",1092,1
"105","Gas",3384,3
"104","Oil",2316,2
"101","Gas",1310,1
"101","Gas",1104,1
"101","Gas",936,1
"104","Oil",3034,2
"104","Oil",2403,1.5
"101","Gas",1455,1
"101","Gas",1578,2
"101","Gas",2340,2
"101","Gas",2001,1
"101","Oil",1080,1
"101","Gas",2772,2
"101","Gas",1445,1
"101","Electric",2160,2
"101","Oil",1860,2
"101","Oil",1550,1
"101","Gas",1536,1
"132",NA,NA,NA
"101","Electric",2076,2
"101","Oil",1546,1
"101","Oil",1248,1
"101","Oil",1575,1.5
"101","Oil",1080,1
"101","Electric",1008,1
"101","Electric",1808,2
"101","Oil",1080,1
"101","Oil",1062,1
"101","Gas",2021,1.5
"101","Oil",1873,2
"132",NA,NA,NA
"101","Gas",576,1
"101","Oil",1131,1
"101","Oil",1151,1
"104","Oil",2522,1.5
"101","Gas",818,1
"101","Oil",1203,1.5
"101","Oil",744,1
"101","Oil",1261,1.5
"101","Oil",1078,1
"101","Oil",1122,1
"101","Oil",1368,1.5
"132",NA,NA,NA
"101","Oil",816,1
"101","Oil",1076,1
"101","Gas",996,1
"101","Oil",1132,1
"101","Oil",1020,1
"101","Oil",960,1
"101","Oil",1020,1
"101","Oil",960,1
"101","Oil",960,1
"101","Electric",1119,1.5
"101","Gas",1514,1
"101","Electric",1060,1
"104","Electric",3296,2
"101","Gas",1055,1
"101","Oil",747,1
"104","Gas",2128,1
"101","Gas",896,1
"132",NA,NA,NA
"101","Gas",888,1
"962",NA,0,NA
"962",NA,0,NA
"101","Oil",911,1
"101","Gas",978,1
"101","Electric",1278,1
"101","Gas",864,1
"101","Gas",900,1
"101","Gas",1188,1.5
"104","Gas",1904,2
"101","Gas",1033,1
"101","Oil",1009,1
"101","Gas",1440,1
"101","Gas",1371,1
"101","Oil",1744,2
"101","Electric",1056,1
"101","Gas",720,1
"104","Oil",2160,2
"101","Gas",1318,2
"101","Gas",1340,1
"101","Gas",1242,1
"101","Gas",1033,1
"101","Gas",1080,1
"101","Oil",1082,1
"101","Gas",1742,1.5
"101","Gas",1254,1
"101","Gas",1815,1
"101","Oil",1188,1.5
"101","Gas",900,1
"101","Gas",625,1
"104","Gas",2420,2
"101","Oil",900,1
"101","Oil",1119,1
"101","Gas",1528,1
"132",NA,NA,NA
"101","Electric",1380,2
"132",NA,NA,NA
"104","Oil",2160,2
"101","Gas",1102,1.5
"132",NA,NA,NA
"104","Gas",2468,2
"101","Gas",980,1
"104","Oil",2392,2
"101","Gas",1439,2
"101","Oil",965,1.5
"101","Gas",904,1
"101","Oil",1038,1
"132",NA,NA,NA
"101","Oil",1239,1
"101","Electric",1392,1
"101","Oil",1309,1
"101","Oil",2041,1
"131",NA,0,NA
"101","Oil",1592,1
"101","Gas",1248,2
"101","Oil",1180,1
"101","Oil",1196,1
"132",NA,NA,NA
"132",NA,NA,NA
"101","Gas",1360,1
"101","Gas",1050,1
"101","Oil",1307,1.5
"101","Oil",1848,1.5
"101","Gas",1248,1
"104","Gas",1654,2
"101","Oil",1352,1
"101","Oil",900,1
"104","Oil",2059,2
"132",NA,NA,NA
"101","Oil",1224,1
"104","Gas",2564,2
"391",NA,NA,NA
"337",NA,NA,NA
"101","Oil",960,1
"101","Gas",1538,1
"101","Gas",1300,2
"951","Oil",1697,2
"101","Electric",1008,1
"101","Electric",1392,1
"101","Gas",1181,1.5
"390",NA,NA,NA
"101","Oil",1008,1
"101","Electric",1096,1
"101","Gas",1080,1
"101","Gas",1813,1
"101","Gas",1164,1
"104","Oil",1923,2
"104","Oil",2300,2
"104","Coal or Wood",2112,2
"105","Gas",2751,2
"111","Typical",2640,2
"930",NA,NA,NA
"101","Gas",999,1
"104","Gas",2624,2
"104","Gas",2922,2
"101","Oil",948,1
"101","Gas",1638,2
"104","Oil",2234,2
"105","Gas",2046,2
"101","Oil",1064,1
"101","Electric",1858,1
"101","Gas",1617,1
"962",NA,0,NA
"132",NA,NA,NA
"101","Oil",1624,2
"101","Oil",1752,2
"105","Oil",3420,3
"104","Gas",1919,2
"104","Gas",2225,2
"101","Oil",2497,2
"101","Gas",1496,1.5
"101","Gas",2137,1
"101","Electric",1582,1
"101","Oil",1307,1.5
"101","Gas",778,1.5
"101","Oil",1008,1
"101","Electric",1410,1
"101","Oil",1658,1
"101","Oil",672,1
"101","Gas",1630,1.5
"101","Gas",1087,1
"101","Gas",1093,1.5
"101","Gas",960,2
"101","Gas",1214,2
"101","Gas",1358,2
"104","Gas",2360,2
"104","Gas",2136,2
"104","Gas",2264,2
"101","Gas",1120,1
"104","Gas",2743,2
"101","Gas",1861,1.5
"101","Gas",864,1
"101","Electric",1034,1
"105","Oil",3993,3
"105","Oil",3951,3
"942","Oil",1416,1
"101","Oil",1638,1
"106",NA,NA,NA
"105","Gas",3492,3
"101","Oil",2116,1
"441",NA,NA,NA
"105","Gas",3447,3
"104","Oil",2184,2
"101","Electric",1732,2
"101","Oil",1260,1.5
"101","Oil",1570,2
"101","Gas",448,1
"104","Oil",1650,2
"104","Gas",1800,2
"104","Gas",2396,2
"104","Oil",2410,2
"132",NA,NA,NA
"101","Oil",1322,1.5
"101","Oil",1440,2
"105","Gas",2007,2
"132",NA,NA,NA
"105","Electric",3120,2
"132",NA,NA,NA
"101","Oil",1326,1
"104","Gas",2848,2
"101","Oil",1414,1
"101","Oil",1701,1
"101","Gas",1383,1
"960","Typical",2950,2
"130",NA,NA,NA
"930",NA,NA,NA
"109","Gas",1664,2
"101","Oil",1290,1
"101","Gas",1152,1
"104","Gas",2184,2
"104","Electric",1908,2
"101","Gas",1584,1.5
"101","Electric",1696,1.5
"101","Oil",1128,1.5
"104","Gas",3268,2
"101","Electric",1142,1
NA,NA,NA,NA
NA,"L",NA,NA
NA,NA,NA,NA
NA,NA,NA,NA
NA,NA,NA,NA
NA,NA,NA,NA
NA,NA,NA,NA
NA,NA,NA,NA
NA,NA,NA,NA
NA,NA,NA,NA
NA,NA,NA,NA
NA,NA,NA,NA
NA,NA,NA,NA
NA,NA,NA,NA
NA,NA,NA,NA
NA,NA,NA,NA
NA,NA,NA,NA
NA,NA,NA,NA
"104","Oil",2199,2
"132",NA,NA,NA
"101","Gas",1194,1.5
"101","Gas",1520,1
"101","Gas",1991,2
"101","Gas",1952,1.5
"936",NA,NA,NA
"936",NA,NA,NA
"101","Oil",1008,1
"101","Oil",1823,2
"936",NA,0,NA
"101","Electric",1454,1.5
"104","Oil",2808,2
"105","Gas",3784,2.5
"104","Gas",1908,2
"104","Oil",2426,2
"105","Gas",3414,3
"104","Oil",2498,2
"101","Oil",1155,1.5
"101","Oil",984,1
"101","Oil",1443,1.5
"101","Oil",1983,1.5
"997",NA,NA,NA
"101","Oil",3200,2
"101","Gas",740,1
"104","Oil",2400,2
"101","Oil",1491,2
"101","Gas",1429,2
"101","Electric",984,1
"101","Oil",1373,1.5
"337",NA,NA,NA
"101","Oil",1596,2
"109","Oil",1456,2
"101","Gas",1293,1.5
"101","Oil",935,1
"101","Gas",2584,2
"132",NA,NA,NA
"101","Gas",949,1
"101","Electric",914,2
"101","Gas",1267,1.5
"132",NA,NA,NA
"101","Oil",1084,1
"132",NA,NA,NA
"101","Oil",1147,1
"101","Oil",1375,1
"101","Gas",864,1
"130",NA,NA,NA
"101","Oil",1138,1
"101","Oil",1275,1
"101","Oil",1080,1
"101","Oil",1521,1.5
"101","Oil",966,1
"101","Gas",1024,1
"101","Gas",1158,1
"403",NA,NA,NA
"442",NA,NA,NA
"936",NA,NA,NA
"104","Oil",2386,2
"104","Oil",2548,2
"930",NA,NA,NA
"013","Gas",2704,2
"132",NA,NA,NA
"101","Oil",1313,1.5
NA,NA,NA,NA
NA,NA,NA,NA
"105","Oil",4110,3
"101","Oil",1074,1
"900",NA,NA,NA
"101","Gas",2768,2
"105","Oil",2703,2
"104","Oil",1324,2
"104","Gas",2430,1.5
"104","Oil",2936,2
"101","Oil",2462,2
"101","Oil",915,1
"101","Oil",930,1
"104","Oil",3368,2
"104","Electric",2147,2
"101","Oil",1956,2
"105","Oil",2563,2
"104","Gas",1710,2
"105","Gas",1917,2
"104","Gas",2132,2
"101","Gas",1266,2
"104","Oil",1896,2
"104","Oil",2418,2
"104","Gas",2290,2
"959","Gas",2750,2
"101","Gas",2014,2
"101","Gas",1815,2
"104","Gas",3231,2
"101","Oil",1599,1.5
"101","Oil",1104,1
"101","Oil",1176,1
"101","Gas",1425,1
"101","Oil",1120,1
"101","Electric",1032,1
"104","Oil",1903,2
"104","Gas",2000,2
"101","Gas",1200,2
"104","Oil",2844,2
"101","Oil",1794,1
"101","Electric",1056,1
"101","Gas",1125,1
"101","Oil",1153,1
"101","Oil",1509,2
"101","Electric",1156,1
"101","Electric",1192,1
"101","Oil",996,1
"101","Electric",960,1
"101","Oil",1240,1
"101","Gas",1267,1.5
"101","Oil",1116,1
"101","Gas",1154,1
"101","Electric",2219,1.5
"101","Oil",1456,1
"101","Gas",1426,1.5
"101","Electric",660,1
"101","Electric",928,1
"101","Oil",2113,1
"101","Electric",2064,2
"101","Gas",1185,1.5
"101","Gas",1018,1
"101","Gas",1994,1
"101","Gas",1529,2
"101","Oil",1505,1.5
"101","Oil",1058,1
"101","Oil",1426,1.5
"390",NA,NA,NA
"101","Gas",1215,1
"101","Gas",1100,1.5
"101","Oil",1377,1
"101","Oil",1244,1
"101","Oil",936,1
"936",NA,NA,NA
"101","Oil",1302,2
"930",NA,NA,NA
"101","Gas",1857,1
"101","Gas",2401,2
"101","Gas",2740,1
"101","Gas",1416,1
"101","Oil",942,1
"101","Gas",1767,1
"101","Oil",878,1
"101","Oil",878,1
"101","Oil",878,1
"101","Oil",942,1
"101","Oil",2371,1
"101","Gas",1908,1
"101","Gas",1144,1
"101","Gas",1420,1
"101","Gas",1322,1
"101","Gas",1318,1
"101","Gas",2099,2
"132",NA,NA,NA
"104","Gas",2318,1.5
"104","Oil",2322,2
"104","Gas",3212,2
"101","Gas",1647,1.5
"104","Gas",2078,2
"101","Gas",1922,2
"104","Oil",2304,2
"104","Gas",2387,2
"105","Gas",3468,3
"105","Gas",2344,2
"104","Gas",2134,2
"101","Gas",2160,2
"105","Gas",2468,2
"101","Oil",1349,1.5
"105","Gas",3162,2
"105","Gas",3555,3
"101","Gas",1130,1
"101","Gas",2048,1
"101","Oil",1114,1
"104","Gas",2020,2
"104","Gas",2484,2
"105","Oil",3306,3
"105","Oil",3375,3
"105","Gas",3693,3
"101","Oil",1124,2
"132",NA,NA,NA
"104","Gas",2896,2
"111","Typical",3000,2
"101","Oil",1538,2
"104","Oil",2808,2
"101","Electric",1274,1
"101","Electric",1261,1
"101","Oil",1314,1
"101","Oil",1366,1
"101","Oil",1764,2
"101","Oil",1476,1
"101","Gas",2316,1
"101","Oil",1603,1.5
"101","Gas",870,1
"101","Electric",1056,1
"101","Electric",976,1
"101","Electric",912,1
"101","Gas",1992,1
"101","Oil",893,1
"101","Oil",1123,1
"101","Gas",1205,1
"101","Oil",2360,2
"101","Oil",1272,2
"101","Oil",1059,1
"101","Electric",893,1.5
"101","Oil",1152,1
"101","Gas",2344,1.5
"390",NA,NA,NA
"930",NA,NA,NA
"104","Gas",2364,1
"101","Oil",1482,1
"101","Electric",1393,1
"132",NA,NA,NA
"104","Gas",2052,2
"104","Gas",2663,2.5
"104","Coal or Wood",2760,2
"101","Gas",1040,1
"101","Gas",1244,1
"101","Oil",1292,1
"132",NA,NA,NA
"101","Oil",1210,1
"132",NA,NA,NA
"101","Oil",1100,1
"101","Electric",1268,1
"101","Gas",1189,1
"101","Oil",1400,1
"101","Oil",1116,1
"101","Oil",878,1
"101","Oil",955,1
"101","Oil",942,1
"101","Gas",878,1
"101","Oil",878,1
"101","Oil",1306,1
"132",NA,NA,NA
"101","Gas",983,1
"101","Gas",960,1
"101","Oil",864,1
"101","Oil",912,1
"101","Oil",962,1
"101","Gas",1374,1
"101","Gas",942,1
"132",NA,NA,NA
"101","Oil",1255,1
"105","Gas",2918,2
"105","Gas",3186,2
"104","Electric",1733,1.5
"101","Oil",915,1
"104","Electric",2561,2
"101","Gas",1593,2
"101","Gas",1136,1.5
"105","Electric",3879,3
"104","Gas",2658,2
"104","Gas",1920,2
"104","Gas",2576,2
"132",NA,NA,NA
"104","Oil",1948,2
"101","Gas",1246,2
"104","Gas",2137,2
"105","Oil",2741,2
"105","Oil",2494,2
"101","Gas",1585,2
"101","Gas",1040,1
"101","Gas",1246,2
"105","Oil",3465,3
"104","Gas",2014,2
"101","Oil",1090,1
"101","Gas",1254,1.5
"101","Oil",1674,2
"101","Oil",1162,1
"101","Oil",1125,1.5
"132",NA,NA,NA
"101","Gas",1278,1
"101","Oil",1591,1
"101","Oil",1216,1
"101","Gas",960,1
"101","Gas",1700,2
"101","Oil",2106,1
"101","Oil",2263,2
"101","Gas",1012,1
"101","Oil",1026,1
"101","Oil",1726,2
"101","Oil",980,1.5
"132",NA,NA,NA
"130",NA,NA,NA
"132",NA,NA,NA
"101","Gas",1877,1
"101","Oil",947,1
"391",NA,NA,NA
"391",NA,NA,NA
"440",NA,NA,NA
"403",NA,NA,NA
"101","Gas",1138,1
"101","Gas",987,1
"101","Oil",1833,2
"101","Oil",1490,2
"101","Gas",1040,1
"423",NA,NA,NA
"423",NA,NA,NA
"101","Oil",1400,2
"104","Oil",2800,2
"101","Oil",2125,1.5
"101","Oil",1040,1
"101","Oil",1276,1
"101","Oil",1276,1
"101","Oil",1456,1
"101","Oil",1666,2
"101","Oil",1582,2
"104","Oil",2800,2
"101","Gas",1355,1
"101","Oil",1064,1
"101","Oil",1204,1
"101","Gas",1288,1
"101","Gas",1288,1
"101","Gas",1536,2
"101","Electric",1144,1
"101","Gas",1376,1
"104","Oil",1714,1
"101","Gas",2140,1.5
"101","Gas",1618,1.5
"101","Oil",1288,1
"101","Oil",1960,1
"101","Oil",1864,2
"101","Electric",1390,1
"101","Gas",994,1
"101","Gas",1282,1
"101","Oil",978,1
"132",NA,NA,NA
"101","Oil",983,1
"101","Gas",966,1
"101","Oil",1900,1
"101","Gas",966,1
"101","Gas",970,1
"101","Gas",1438,1
"951",NA,NA,NA
"132",NA,NA,NA
"132",NA,NA,NA
"930",NA,NA,NA
"390",NA,NA,NA
"922",NA,NA,NA
"109","Oil",1886,2
"101","Oil",1889,2
"101","Gas",1251,1.5
"105","Oil",3040,2
"104","Gas",1658,1.5
"104","Gas",1753,2
"013","Typical",2342,2.5
"101","Oil",2520,2
"962",NA,0,NA
"104","Electric",1892,2
"104","Gas",1956,2
"101","Oil",1404,2
"101","Gas",950,1.5
"132",NA,NA,NA
"101","Oil",1198,1
"101","Oil",960,1
"101","Electric",950,1
"101","Electric",950,1
"101","Gas",1288,1
"101","Gas",1287,1.5
"936",NA,NA,NA
"440",NA,NA,NA
"132",NA,NA,NA
"132",NA,NA,NA
"101","Oil",2180,2
"101","Oil",1172,1
"101","Oil",1508,2
"132",NA,NA,NA
"390",NA,NA,NA
"441",NA,NA,NA
"390",NA,NA,NA
"101","Electric",928,1
"101","Electric",1056,1
"101","Gas",1904,2
"101","Gas",988,1
"131",NA,NA,NA
"101","Electric",1056,1
"101","Oil",1414,1
"101","Electric",1060,1
"101","Gas",1210,1
"101","Oil",1242,1
"132",NA,NA,NA
"101","Gas",912,1
"101","Electric",960,1
"101","Gas",1028,1
"101","Gas",988,1
"101","Electric",1856,2
"101","Gas",1000,1
"101","Gas",1798,1.5
"131",NA,NA,NA
"101","Oil",1118,1
"101","Gas",672,1
"132",NA,NA,NA
"101","Oil",1404,2
"423",NA,NA,NA
"101","Electric",960,1
"101","Gas",1092,1
"101","Gas",864,1
"131",NA,NA,NA
"423",NA,NA,NA
"101","Gas",1056,1
"423",NA,NA,NA
"392",NA,NA,NA
"101","Oil",1134,1
"101","Oil",1320,1
"101","Gas",1073,1
"101","Oil",1632,1
"101","Gas",1092,1
"101","Electric",985,1
"101","Gas",1056,1
"101","Gas",1203,1
"101","Gas",1231,1
"101","Gas",1056,1
"101","Gas",1040,1
"101","Gas",1248,1
"101","Gas",1040,1
"101","Gas",1092,1
"101","Gas",1369,1
"101","Gas",1524,1
"101","Oil",952,1
"101","Gas",864,1
"101","Oil",864,1
"101","Gas",1117,1
"101","Oil",902,1
"101","Gas",955,1
"101","Gas",864,1
"101","Gas",864,1
"101","Gas",955,1
"101","Oil",955,1
"101","Gas",864,1
"974",NA,NA,NA
"936",NA,NA,NA
"101","Gas",1299,1.5
"101","Gas",1702,2
"101","Gas",1180,1.5
"104","Oil",2185,2
"132",NA,NA,NA
"013","Typical",2053,1.75
"101","Gas",1188,1
"101","Electric",1176,1
"101","Electric",1092,1
"101","Gas",1431,1
"101","Oil",960,1
"101","Gas",960,1
"101","Electric",1128,1
"101","Gas",816,1
"101","Electric",1120,1
"101","Electric",1908,1
"101","Electric",960,1
"101","Electric",1060,1
"101","Electric",1060,1
"101","Gas",1728,2
"101","Electric",1298,1
"101","Oil",1550,1
"101","Oil",1170,1
"101","Oil",1196,1.5
"132",NA,NA,NA
"101","Gas",1248,1
"101","Gas",2795,2
"130",NA,NA,NA
"101","Gas",1144,1
"101","Gas",1824,2
"101","Gas",1709,1.5
"101","Oil",813,1
"101","Oil",1219,2
"101","Gas",1210,1
"104","Gas",2062,2
"101","Oil",1504,2
"101","Gas",1080,1
"101","Oil",785,1
"104","Gas",2052,2
"101","Gas",864,1
"105","Gas",3828,2
"101","Oil",1756,1
"101","Oil",1194,1
"101","Oil",1108,1
"101","Gas",1200,1
"101","Oil",1040,1
"101","Oil",1379,2
"101","Oil",2134,2
"930",NA,NA,NA
"101","Oil",1563,1.5
"101","Gas",756,1
"101","Oil",1219,1
"101","Gas",1158,1
"101","Oil",1960,1.5
"101","Gas",1040,1
"101","Oil",1425,1
"101","Oil",1756,1
"104","Gas",1940,2
"101","Gas",1188,1
"101","Gas",934,1
"101","Gas",1043,1
"101","Gas",971,1
"101","Gas",900,1
"101","Gas",930,1
"101","Oil",934,1
"101","Electric",1082,1
"101","Electric",1082,1
"101","Gas",1477,1
"101","Gas",1020,1
"101","Oil",930,1
"101","Gas",1553,1.5
"101","Electric",1040,1
"101","Electric",1056,1
"101","Electric",1100,1
"101","Electric",1085,1
"132",NA,NA,NA
"101","Gas",1608,2
"132",NA,NA,NA
"104","Oil",1656,2
"104","Oil",2224,2
"104","Oil",1990,2
"104","Oil",2056,2
"101","Gas",1138,1
"391",NA,NA,NA
"391",NA,NA,NA
"101","Oil",1164,1
"132",NA,NA,NA
"105","Gas",2973,2
"101","Electric",1736,2.5
"101","Oil",1224,2
"101","Gas",971,1.5
"337",NA,NA,NA
"101","Gas",916,1.5
"104","Gas",3759,2
"132",NA,NA,NA
"930",NA,NA,NA
"101","Oil",869,1.5
"101","Gas",1336,2
"101","Oil",1410,2
"101","Oil",1527,2
"101","Oil",813,1.5
"101","Electric",1469,1.5
"106",NA,NA,NA
"132",NA,NA,NA
"337",NA,NA,NA
"132",NA,NA,NA
"101","Electric",1426,1.5
"101","Electric",1426,1.5
"410",NA,NA,NA
"101","Oil",1020,1
"101","Electric",1132,1
"101","Electric",1200,1
"101","Electric",1128,1
"101","Electric",1200,1
"101","Electric",1132,1
"101","Electric",1990,2
"101","Electric",1234,1
"101","Electric",1234,1
"132",NA,NA,NA
"101","Oil",960,1
"101","Gas",1150,1
"101","Gas",976,1
"101","Gas",960,1
"101","Gas",1072,1
"101","Gas",960,1
"101","Gas",960,1
"101","Electric",1115,1
"101","Gas",1146,1
"101","Oil",1826,2
"101","Gas",1584,2
"104","Oil",2080,2
"101","Gas",1434,1
"101","Oil",1611,1.5
"104","Oil",2348,2
"101","Gas",884,1.5
"101","Oil",1668,1.5
"104","Gas",2254,2
"101","Gas",1680,2
"101","Oil",1248,2
"101","Gas",1120,1
"131",NA,NA,NA
"101","Oil",1152,1
"101","Oil",1152,1
"101","Gas",1992,2
"101","Electric",1320,1
"101","Electric",1132,1
"101","Oil",1104,1
"101","Oil",1737,1.5
"101","Electric",1056,1
"101","Oil",1082,1
"101","Oil",996,1
"101","Electric",1346,1.5
"101","Electric",960,1
"101","Oil",1333,1
"101","Gas",1388,1
"101","Oil",1128,1
"101","Oil",1276,1
"105","Oil",2466,2
"936",NA,NA,NA
"104","Oil",2189,1.5
"104","Oil",1873,1
"104","Oil",1778,1.5
"013","Gas",1612,1
"101","Electric",738,1
"101","Oil",1472,2
"104","Gas",2240,2
"101","Gas",1289,1
"101","Gas",4512,2
"104","Gas",2856,2
"101","Gas",1615,1.5
"104","Gas",1800,2
"101","Gas",1060,1
"101","Oil",988,1
"101","Gas",1878,1.5
"390",NA,NA,NA
"101","Gas",1692,2
"101","Oil",1100,1
"101","Gas",1234,1
"104","Gas",1980,2
"101","Gas",1120,2
"101","Oil",1320,2
"101","Gas",1440,2
"101","Oil",816,1
"101","Gas",984,1
"954","Typical",1220,2
"101","Oil",1128,1
"440",NA,NA,NA
"101","Oil",1080,1
"101","Gas",936,1
"101","Gas",960,1
"101","Gas",976,1
"101","Electric",1062,1
"101","Electric",1056,1
"101","Electric",1132,1
"101","Gas",1920,2
"101","Electric",1834,1
"101","Electric",1308,1
"101","Electric",1008,1
"101","Electric",1130,1
"101","Gas",1248,2
"101","Gas",1120,1
"101","Electric",1060,1
"101","Electric",1060,1
"101","Oil",778,1
"101","Gas",1056,1
"101","Electric",976,1
"131",NA,NA,NA
"101","Gas",1242,1
"101","Electric",1056,1
"132",NA,NA,NA
"101","Oil",1201,1.5
"101","Gas",1060,1
"101","Oil",960,1
"101","Oil",1383,1.5
"101","Gas",1414,2
"101","Oil",938,1
"101","Electric",1210,1
"101","Oil",768,1
"101","Oil",1101,1.5
"101","Gas",1056,1
"101","Gas",1116,1
"104","Electric",2592,2
"132",NA,NA,NA
"101","Oil",1238,1
"101","Electric",1056,1
"132",NA,NA,NA
"101","Oil",1459,1.5
"101","Electric",1008,1
"101","Gas",1248,1
"101","Gas",1424,1
"101","Oil",1426,1
"101","Gas",1047,1
"101","Oil",1164,1
"101","Gas",1056,1
"101","Oil",1746,1
"101","Oil",1530,1.5
"101","Electric",1267,1.5
"106",NA,NA,NA
"132",NA,NA,NA
"938",NA,NA,NA
"938",NA,NA,NA
"337",NA,NA,NA
"109","Gas",950,1
"101","Oil",1488,2
"101","Gas",912,1
"101","Electric",949,1
"101","Electric",976,1
"101","Oil",935,1.5
"337",NA,NA,NA
"101","Electric",960,1
"101","Gas",1548,1
"101","Oil",1860,2
"101","Oil",1048,1
"104","Oil",2334,2
"101","Oil",1375,2
"104","Gas",1836,2
"101","Gas",1116,1
"101","Oil",1152,1
"101","Electric",1062,1
"101","Oil",1278,1
"105","Gas",2981,2.5
"101","Gas",1048,1
"101","Gas",1024,1
"101","Oil",1437,1
"101","Oil",1287,1.5
"101","Oil",816,1
"101","Gas",1241,1
"104","Gas",2041,2
"104","Gas",2112,2
"105","Gas",3240,3
"101","Gas",1048,1
"101","Oil",924,1
"101","Gas",1042,1
"101","Gas",936,1
"101","Oil",1008,1
"101","Electric",1092,1
"101","Oil",960,1
"101","Oil",1082,1
"101","Oil",959,1.5
"101","Gas",1588,2
"013","Typical",1924,1.5
"101","Gas",1846,2
"101","Gas",1840,2
"101","Electric",1288,1
"391",NA,NA,NA
"104","Electric",2200,2
"101","Gas",1248,1
"101","Gas",1640,2
"101","Gas",1483,1.5
"101","Gas",942,1
"101","Gas",1366,1.5
"101","Gas",1206,1
"101","Gas",1386,1
"930",NA,NA,NA
"101","Electric",912,1
"101","Electric",1092,1
"101","Electric",1332,1
"101","Electric",1926,1
"101","Electric",960,1
"101","Gas",1056,1
"132",NA,NA,NA
"101","Oil",996,1
"013","Oil",1834,1
"101","Oil",1340,1
"104","Electric",928,1
"104","Electric",864,1
"101","Gas",1301,1
"101","Electric",912,1
"101","Oil",768,1
"101","Gas",1168,1
"101","Gas",768,1
"101","Gas",1027,1
"101","Electric",960,1
"101","Gas",1226,1
"101","Oil",888,1
"101","Oil",920,1
"101","Oil",1272,1
"101","Oil",1056,1
"101","Oil",1046,1
"423",NA,NA,NA
"101","Gas",1016,1
"101","Gas",1400,1
"101","Gas",1740,2
"101","Oil",1273,1
"101","Gas",1307,1
"101","Oil",1316,1.5
"132",NA,NA,NA
"101","Oil",1115,1
"104","Oil",1682,2
"101","Oil",1952,2
"423",NA,NA,NA
"962",NA,0,NA
"101","Gas",1014,1
"101","Oil",1064,1
"101","Oil",1103,1
"101","Oil",1792,1
"101","Oil",2000,2
"132",NA,NA,NA
"101","Gas",942,1
"101","Gas",1151,1
"101","Gas",1040,1
"101","Gas",1326,1
"101","Gas",1254,1
"101","Gas",1267,1.5
"930",NA,NA,NA
"101","Gas",1267,1.5
"101","Gas",1098,1
"101","Gas",1072,1
"101","Gas",1390,1
"101","Gas",942,1
"101","Gas",2437,1.5
"101","Gas",1278,1
"101","Gas",942,1
"101","Gas",1062,1
"101","Gas",942,1
"101","Gas",1244,1
"101","Gas",1202,1
"101","Electric",1260,1
"101","Electric",816,1
"101","Electric",1072,1
"101","Oil",1140,1
"101","Gas",954,1
"101","Oil",960,1
"101","Gas",1488,1
"101","Oil",1200,2
"101","Gas",960,1
"101","Gas",1324,1
"101","Gas",1048,1
"101","Gas",1296,1
"101","Gas",960,1
"101","Gas",1196,1
"101","Gas",960,1
"101","Gas",960,1
"101","Gas",1048,1
"104","Gas",2184,2
"101","Gas",1080,1
"101","Oil",1326,1
"101","Gas",2724,2
"101","Oil",1383,1
"101","Gas",1622,1
"101","Oil",1344,2
"101","Oil",1136,1
"101","Oil",1460,1
"101","Oil",1044,1
"101","Oil",1020,1
"101","Oil",875,1
"105","Oil",2868,2
"101","Oil",1712,1
"101","Oil",1543,2
"104","Gas",1691,1
"101","Gas",885,1
"101","Oil",1036,1
"104","Gas",2309,2
"101","Oil",1373,1.5
"101","Gas",840,1
"101","Gas",970,1
"101","Gas",1170,1
"104","Oil",2816,2
"104","Oil",2408,2
"013","Oil",2473,2
"105","Oil",2336,2
"101","Gas",1422,2
"101","Oil",1404,2
"101","Oil",1189,1
"101","Gas",1156,1
"104","Oil",1478,1.5
"104","Oil",1944,2
"104","Oil",2074,2
"101","Oil",884,1
"101","Oil",1201,1
"101","Gas",944,1.5
"101","Gas",962,1
"101","Electric",1075,1
"101","Gas",1216,1
"101","Oil",768,1
"104","Oil",1709,1.5
"101","Gas",1469,1.5
"104","Gas",2027,1
"101","Oil",1288,1
"104","Gas",1544,1.5
"101","Gas",1386,1.5
"104","Gas",1731,1.5
"104","Gas",2276,2
"391",NA,NA,NA
"101","Gas",1040,1
"109","Gas",1062,1
"423",NA,NA,NA
"423",NA,NA,NA
"101","Electric",1881,1
"132",NA,NA,NA
"101","Oil",1821,1
"101","Electric",1424,1
"101","Gas",1846,1.5
"101","Gas",1637,1.5
"101","Gas",1430,1
"101","Gas",1586,2
"101","Gas",1621,2
"101","Gas",1146,1
"101","Oil",1248,1
"101","Gas",1589,1
"101","Gas",1390,1
"101","Gas",1806,1
"101","Gas",1242,1
"101","Electric",1381,1
"101","Electric",1678,2
"101","Gas",1488,1
"101","Oil",1332,1
"101","Gas",2251,1
"101","Electric",1380,1
"101","Gas",1092,1
"101","Gas",1450,1
"101","Oil",1452,1
"101","Gas",1040,1
"101","Gas",1476,1
"101","Electric",1056,1
"101","Electric",1392,1
"101","Gas",1440,2
"101","Electric",1056,1
"101","Electric",1056,1
"101","Gas",2213,2
"132",NA,NA,NA
"101","Electric",1056,1
"101","Electric",1302,1
"101","Gas",1291,1
"132",NA,NA,NA
"101","Gas",1470,2
"101","Gas",1694,2
"101","Gas",1170,1
"101","Gas",1470,2
"101","Gas",2137,2
"101","Gas",700,1
"101","Oil",808,1
"101","Gas",1016,1
"101","Gas",1553,1.5
"104","Gas",2816,2
"101","Electric",912,1
"101","Electric",1152,1
"101","Gas",852,1
"101","Gas",960,1
"101","Gas",1232,1
"104","Oil",1900,2
"104","Gas",3282,2
"101","Gas",1532,1
"132",NA,NA,NA
"104","Gas",2584,2
"101","Oil",1260,1
"101","Oil",1543,1.5
"101","Electric",2584,1
"101","Oil",1638,1
"132",NA,NA,NA
"101","Oil",1144,1.5
"130",NA,NA,NA
"390",NA,NA,NA
"101","Oil",1400,2
"101","Oil",1056,1
"101","Oil",911,1.5
"101","Oil",1802,1.5
"101","Oil",1344,1
"101","Oil",1252,1.5
"105","Gas",3552,2
"101","Oil",1392,1
"101","Electric",1470,2
"101","Oil",1160,1
"104","Oil",2040,1.5
"101","Oil",1853,1.5
"101","Oil",1243,1
"104","Oil",1300,1
"101","Oil",864,1
"101","Gas",1006,1
"013","Gas",1905,1.5
"105","Gas",3372,3
"104","Gas",1985,1.5
"106",NA,NA,NA
"104","Oil",1976,2
"101","Gas",1170,1
"101","Oil",1463,1
"101","Oil",1200,1
"946",NA,NA,NA
"101","Oil",1824,1
"101","Gas",1300,1
"101","Gas",1056,1
"101","Gas",1056,1
"101","Oil",1152,1
"101","Oil",1120,1
"104","Oil",1903,1.5
"101","Gas",935,1
"132",NA,NA,NA
"101","Gas",1361,1.5
"101","Gas",1289,1
"101","Oil",1148,1
"101","Oil",1215,1
"106",NA,NA,NA
"101","Gas",1395,1
"101","Oil",1255,1
"104","Oil",1135,1
"101","Gas",1080,1
"101","Gas",1320,2
"101","Gas",1444,1
"101","Oil",1137,1
"101","Oil",1432,1
"101","Oil",1703,1.5
"423",NA,NA,NA
"391",NA,NA,NA
"391",NA,NA,NA
"101","Oil",1399,1
"101","Oil",992,1.5
"101","Oil",1278,1
"101","Gas",1200,1
"101","Gas",1144,1
"101","Gas",886,2
"101","Gas",1836,1
"101","Gas",1344,1
"101","Gas",1178,1
"101","Gas",1178,1
"101","Oil",1488,1
"101","Electric",1774,1
"101","Gas",1168,1
"101","Gas",1952,2
"101","Gas",1637,1.5
"101","Gas",1852,2
"101","Oil",1344,1
"101","Electric",1792,1
"101","Gas",1596,2
"101","Gas",2596,2
"101","Gas",1694,2
"101","Electric",1666,2
"101","Gas",1300,1
"101","Electric",1406,1
"101","Gas",1144,1
"101","Gas",1202,1
"101","Gas",1774,1
"101","Oil",1858,1
"101","Gas",1952,2
"101","Gas",1724,1.5
"101","Gas",2112,2
"101","Gas",1293,1
"101","Gas",1252,1
"101","Gas",1300,2
"101","Gas",1081,1
"101","Oil",1588,1
"101","Oil",1434,1
"101","Gas",1100,1
"101","Gas",1264,1
"101","Electric",1056,1
"101","Gas",1360,1
"101","Gas",1372,2
"101","Electric",1436,1
"936",NA,NA,NA
"101","Electric",1138,1
"101","Gas",1422,1
"101","Gas",1056,1
"101","Gas",936,1
"101","Gas",1932,2
"101","Gas",1362,1
"101","Gas",1770,2
"101","Gas",2834,2
"101","Gas",1868,2
"101","Gas",2044,2
"101","Gas",1483,1
"132",NA,NA,NA
"101","Gas",2016,2
"101","Gas",1274,1
"101","Gas",1480,2
"101","Gas",1872,2
"101","Gas",1748,1.5
"104","Gas",1894,2
"101","Gas",1070,1
"101","Oil",1638,1.5
"132",NA,NA,NA
"101","Electric",1056,1
"101","Oil",1248,2
"101","Electric",1052,1
"101","Electric",1132,1
"101","Electric",1056,1
"101","Gas",1304,1
"105","Gas",3207,3
"101","Oil",1555,1
"101","Gas",1448,1.5
"337",NA,NA,NA
"101","Oil",1008,1
"104","Oil",1309,1.5
"105","Oil",3105,3
"101","Oil",1733,2
"104","Oil",3032,2
"104","Gas",1384,1
"390",NA,NA,NA
"337",NA,NA,NA
"337",NA,NA,NA
"101","Oil",2304,1
"101","Oil",1216,1
"101","Oil",1321,1
"104","Oil",1815,1.5
"101","Oil",1358,1
"101","Electric",912,1
"132",NA,NA,NA
"101","Oil",1386,1
"101","Oil",1064,1
"101","Electric",1020,1
"101","Electric",1872,1.5
"101","Oil",1024,1
"101","Gas",1240,1
"101","Oil",1289,1
"101","Gas",1576,1
"101","Electric",1522,1
"101","Gas",972,1
"104","Gas",1493,1.5
"101","Electric",1893,1.5
"101","Oil",864,1
"101","Oil",1000,1
"101","Electric",1164,1
"101","Electric",1140,1
"101","Oil",960,1
"101","Gas",1253,1
"101","Oil",975,1
"101","Gas",858,1
"101","Gas",1175,1
"101","Gas",761,1
"106",NA,NA,NA
"132",NA,NA,NA
"391",NA,NA,NA
NA,NA,NA,NA
NA,"L",NA,NA
"101","Gas",1834,1
"101","Electric",1951,1
"101","Gas",2070,1
"101","Gas",1178,1
"101","Gas",1248,1
"101","Gas",1144,1
"101","Oil",1244,1
"101","Gas",1571,1
"101","Gas",1693,1
"101","Gas",2093,2
"101","Gas",1406,1
"101","Oil",1666,2
"101","Electric",1392,1
"101","Gas",1184,1
"101","Gas",1588,1
"101","Oil",1222,1
"101","Oil",1189,1
"101","Oil",1988,2
"101","Oil",1479,1
"101","Electric",1728,2
"101","Oil",2412,2
"101","Gas",1336,1
"101","Gas",1104,1
"101","Oil",1352,2
"101","Electric",1008,1
"101","Gas",1056,1
"101","Gas",1584,1
"130",NA,NA,NA
"450",NA,NA,NA
"101","Electric",1200,1
"101","Electric",2988,1
"101","Gas",1248,2
"101","Gas",1201,1.5
"101","Oil",1452,1
"101","Oil",919,1
"101","Gas",1266,1
"101","Gas",792,1
"101","Gas",1080,1
"101","Gas",1038,1
"101","Gas",2130,2
"101","Oil",1587,1.5
"101","Oil",948,1
"101","Gas",1238,1
"101","Electric",1252,1
"105","Gas",3434,2.5
"101","Oil",1336,1.5
"101","Gas",1305,1
"101","Gas",948,1
"101","Gas",950,1
"101","Oil",1380,1.5
"101","Oil",1433,1.5
"101","Electric",1070,1
"101","Electric",864,1
"104","Gas",2820,2
"104","Gas",2262,2
"104","Gas",1680,2
"101","Gas",1030,1.5
"104","Gas",2650,2
"104","Gas",2442,2
"104","Oil",2902,2
"101","Oil",1874,2
"101","Gas",2364,2
"104","Gas",1808,2
"104","Oil",2570,2
"105","Oil",3105,2
"101","Oil",850,1
"101","Electric",1344,1
"101","Oil",1863,2
"132",NA,NA,NA
"104","Gas",2408,2
"101","Gas",912,1
"105","Oil",2592,3
"105","Oil",1836,1
"104","Oil",1546,1
"101","Oil",1068,1
"101","Oil",1526,2
"101","Oil",960,1
"101","Oil",830,1
"101","Gas",1584,2
"101","Oil",624,1
"101","Oil",1315,1
"104","Oil",1836,1
"104","Oil",1724,1.5
"101","Oil",932,1
"104","Oil",2000,2
"101","Electric",936,1
"101","Oil",1040,1
"101","Electric",960,1
"104","Oil",2770,2
"101","Oil",960,1
"101","Gas",1176,1
"101","Electric",1062,1
"101","Electric",1944,1
"101","Electric",1099,1
"101","Gas",1095,1
"101","Gas",1347,1
"101","Oil",1095,1
"101","Oil",1150,1
"101","Oil",1095,1
"101","Oil",1095,1
"101","Gas",1445,1.5
"101","Oil",1140,1
"101","Oil",1095,1
"101","Oil",1080,1
"337",NA,NA,NA
"101","Oil",864,1
"101","Oil",1380,1
"101","Gas",2067,2
"101","Electric",1574,2
"101","Oil",2208,2
"101","Gas",1556,1
"101","Oil",2160,2
"101","Gas",2470,2
"101","Gas",1334,1
"101","Gas",2494,2
"101","Gas",1352,1
"101","Gas",1178,1
"101","Gas",1742,2
"101","Gas",1697,1
"101","Gas",1184,1
"101","Electric",1774,2
"101","Oil",1858,2
"101","Oil",1611,1.5
"101","Oil",1860,2
"101","Electric",1972,2
"101","Electric",1300,1
"101","Gas",2812,1
"930",NA,NA,NA
"101","Gas",2793,2
"101","Gas",786,1
"101","Gas",1657,1.5
"104","Gas",1976,2
"132",NA,NA,NA
"104","Gas",1976,2
"104","Oil",1802,1.5
"104","Oil",2212,2
"101","Oil",1056,2
"104","Gas",2132,2
"390",NA,NA,NA
"101","Oil",1232,1
"101","Electric",965,1
"101","Gas",1552,2
"101","Gas",625,1
"957","Gas",1792,1
"101","Gas",1344,1
"101","Electric",1040,1
"337",NA,NA,NA
"101","Gas",1048,1
"101","Oil",1940,1.5
"101","Gas",1513,1
"101","Gas",1872,1
"132",NA,NA,NA
"132",NA,NA,NA
"101","Oil",1578,1
"132",NA,NA,NA
"101","Oil",1375,1
"104","Gas",1976,2
"104","Oil",2136,2
"101","Oil",1174,1
"101","Oil",1198,1.5
"101","Gas",1400,1
"101","Gas",1265,1
"101","Oil",1569,1.5
"101","Oil",1285,1
"101","Gas",989,1.5
"109","Gas",832,1
"101","Electric",912,1
"101","Oil",929,1.5
"101","Electric",912,1
"101","Gas",1204,1
"101","Electric",1008,1
"101","Oil",1716,2
"101","Electric",1267,1
"101","Electric",990,1
"101","Gas",1329,1
"101","Oil",1304,2
"106",NA,NA,NA
"101","Gas",1305,1
"101","Oil",2134,2
"101","Gas",1363,1
"101","Electric",1300,1
"101","Oil",792,1.5
"013","Typical",3167,1.75
"101","Gas",1241,1
"391",NA,NA,NA
"101","Oil",960,1
"101","Oil",909,1
"104","Oil",2452,2
"105","Gas",2874,3
"105","Gas",3041,2
"130",NA,NA,NA
"101","Oil",864,1
"101","Oil",1130,1
"101","Gas",1212,1
"101","Gas",930,1
"101","Oil",1238,1.5
"101","Gas",1092,1
"101","Oil",825,1
"101","Oil",1374,1
"131",NA,NA,NA
"101","Oil",1046,1
"101","Gas",1812,1
"101","Gas",1312,1
"101","Gas",1887,1
"101","Gas",1224,1
"101","Gas",1890,1.5
"132",NA,NA,NA
"101","Gas",960,1
"101","Electric",1133,1
"101","Gas",1296,1
"101","Electric",1102,1
"101","Gas",1380,1
"132",NA,NA,NA
"101","Electric",1235,1
"101","Electric",1100,1
"101","Oil",1240,1
"101","Oil",1901,1.5
"101","Oil",1212,1
"101","Oil",1388,1
"101","Oil",1380,1
"101","Gas",1626,1
"101","Gas",768,1
"101","Gas",936,1
"101","Oil",1526,1.5
"101","Electric",1125,1
"101","Gas",1346,1.5
"390",NA,0,NA
"101","Gas",632,1
"101","Oil",1036,1
"101","Electric",936,1
"101","Oil",576,1
"103",NA,0,NA
"337",NA,NA,NA
"101","Gas",1293,1
"101","Oil",1090,1
"101","Oil",900,1
"101","Oil",900,1
"105","Oil",1948,1
"103",NA,NA,NA
"132",NA,NA,NA
"390",NA,NA,NA
"101","Gas",1950,2
"101","Gas",2924,1
"101","Electric",1568,2
"132",NA,NA,NA
"104","Oil",1900,2
"104","Oil",1800,2
"104","Oil",2128,2
"101","Oil",1330,1
"101","Gas",835,1
"101","Gas",1306,1
"101","Gas",1104,1
"959","Gas",3623,1
"104","Oil",2343,2
"104","Oil",1848,1.5
"106",NA,NA,NA
"104","Gas",2219,1
"101","Electric",1175,1.5
"101","Gas",1946,2
"101","Gas",1347,1
"101","Oil",1020,1
"101","Oil",1047,1
"101","Gas",1092,1
"105","Oil",3570,3
"101","Oil",1360,1
"101","Oil",1068,1
"101","Oil",1344,2
"101","Gas",1024,1
"101","Oil",1024,1
"101","Gas",1248,2
"101","Oil",1404,2
"101","Gas",1316,2
"132",NA,NA,NA
"101","Gas",1119,1
"101","Gas",1260,1
"104","Gas",2540,1.5
"101","Oil",1737,1
"101","Electric",1254,1
"101","Electric",1834,2
"101","Electric",1408,1
"101","Electric",1144,1
"101","Gas",1650,1.5
"930",NA,NA,NA
"101","Gas",952,1
"101","Gas",1030,1
"101","Gas",1242,1
"132",NA,NA,NA
"101","Oil",936,1
"101","Gas",1512,1
"953",NA,NA,NA
"101","Electric",1560,1
"101","Electric",864,1
"101","Gas",1208,1
"101","Gas",1246,1
"101","Gas",1201,1
"101","Oil",1404,1
"101","Electric",2615,2
"101","Gas",1232,1
"131",NA,NA,NA
"101","Gas",606,1
"101","Gas",1130,1
"101","Oil",1040,1
"101","Oil",1100,1
"101","Gas",960,1
"101","Oil",960,1
"101","Oil",2001,1
"101","Gas",1122,1
"101","Gas",1344,1
"101","Gas",960,1
"101","Oil",960,1
"101","Oil",925,1
"101","Gas",1050,1
"101","Gas",1272,1
"101","Gas",1525,1
"101","Oil",1040,1
"101","Gas",1048,1
"101","Gas",1048,1
"101","Gas",960,1
"974",NA,NA,NA
"101","Electric",1092,1
"101","Electric",1092,1
"101","Oil",1397,1
"104","Oil",2940,2
"101","Electric",912,1
"101","Gas",1056,1
"104","Gas",2744,2
"013","Gas",1340,2
"101","Oil",864,1
"101","Oil",1105,1
"101","Gas",1050,1
"101","Electric",1080,1
"101","Electric",950,1
"104","Gas",2870,2
"101","Oil",1073,1
"101","Oil",994,1
"104","Gas",1872,2
"104","Oil",2088,2
"132",NA,NA,NA
"105","Gas",4536,3
"104","Electric",1790,2
"104","Oil",3377,2
"959",NA,NA,NA
"101","Gas",2196,2
"101","Gas",1300,2
"101","Oil",1248,2
"101","Gas",1500,2
"101","Gas",1248,2
"104","Gas",2054,2
"101","Gas",1456,2
"104","Oil",2080,2
"104","Electric",1764,2
"101","Oil",1092,1
"101","Electric",1008,1
"101","Gas",950,1
"101","Gas",1116,1
"101","Gas",960,1
"101","Gas",960,1
"132",NA,NA,NA
"101","Oil",1531,1
"132",NA,NA,NA
"101","Electric",1056,1
"101","Oil",936,1
"101","Oil",1538,1
"101","Gas",1268,1
"101","Oil",936,1
"101","Oil",936,1
"101","Oil",936,1
"101","Electric",1125,1
"132",NA,NA,NA
"101","Coal or Wood",676,1
"101","Gas",1408,1
"101","Gas",1144,1
"132",NA,NA,NA
"101","Gas",2436,2
"101","Electric",1152,1
"101","Electric",1196,1
"101","Electric",2128,2
"101","Oil",1080,1
"101","Oil",1508,1
"101","Gas",960,1
"101","Gas",768,1
"101","Gas",1344,1
"101","Gas",960,1
"101","Oil",768,1
"101","Gas",960,1
"101","Gas",960,1
"101","Gas",960,1
"101","Gas",1608,1
"101","Oil",1177,1
"101","Oil",3296,1
"101","Oil",1846,1
"101","Oil",1314,1
"101","Gas",1392,1
"101","Gas",1048,1
"101","Gas",1048,1
"101","Oil",1132,1
"101","Gas",1248,1
"101","Oil",1329,1
"101","Oil",1388,1
"101","Electric",960,1
"101","Electric",1228,1
"101","Electric",1280,1
"101","Electric",1440,1
"101","Electric",1156,1
"101","Electric",1065,1
"101","Electric",1378,1
"104","Electric",1152,1
"104","Gas",3174,2
"101","Electric",1056,1
"101","Gas",721,1
"101","Electric",1102,1
"101","Gas",1170,1
"101","Gas",1125,1
"101","Gas",1560,1
"101","Electric",1065,1
"101","Gas",936,1
"101","Oil",1236,1
"101","Oil",1196,1
"101","Oil",1239,1
"101","Electric",1055,1
"101","Oil",840,1
"132",NA,NA,NA
"101","Oil",764,2
"105","Oil",3324,3
"101","Gas",1336,2
"101","Gas",1808,1.5
"101","Gas",1005,1
"132",NA,NA,NA
"101","Gas",1113,1.5
"101","Gas",879,1
"132",NA,NA,NA
"101","Oil",752,1
"101","Oil",1235,1
"101","Oil",1108,1
"104","Oil",2688,2
"101","Gas",1340,1
"101","Gas",1384,2
"101","Gas",1827,2
"105","Gas",3525,3
"104","Oil",1652,1
"132",NA,NA,NA
"105","Oil",2732,2
"104","Oil",2020,1.5
"337",NA,NA,NA
"104","Gas",2376,2
"974",NA,NA,NA
"974",NA,NA,NA
"101","Oil",1064,1
"101","Electric",1299,1
"101","Electric",1769,1
"101","Oil",1118,1
"101","Gas",1632,2
"101","Electric",1333,1.5
"101","Gas",960,1
"101","Oil",999,1
"101","Gas",1056,1
"101","Gas",1112,1
"101","Gas",960,1
"101","Electric",1008,1
"101","Oil",912,1
"101","Gas",1368,1
"101","Oil",1574,1
"101","Gas",1120,1
"101","Oil",1380,1
"101","Oil",1132,1
"101","Gas",1344,2
"101","Gas",1272,1
"101","Gas",1096,1
"101","Gas",2944,2
"130",NA,NA,NA
"101","Oil",1450,1
"101","Oil",2064,1.5
"101","Oil",1712,1
"101","Solar Assisted",2978,1
"718",NA,NA,NA
"718",NA,NA,NA
"101","Oil",936,1
"101","Gas",1048,1
"101","Gas",960,1
"101","Gas",1048,1
"101","Oil",1346,1.5
"106",NA,NA,NA
"101","Electric",2344,2
"101","Oil",768,1
"101","Gas",1160,1
"101","Gas",960,1
"101","Gas",1076,1
"101","Gas",1220,1
"101","Gas",960,1
"101","Oil",912,1
"101","Oil",912,1
"101","Oil",912,1
"101","Oil",1064,1
"101","Electric",960,1
"101","Electric",1012,1
"101","Oil",1110,1
"101","Oil",828,1
"101","Electric",888,1
"101","Oil",1058,1
"101","Gas",2200,1
"101","Gas",960,1
"101","Gas",1596,1
"101","Electric",1148,1
"101","Electric",1072,1
"101","Electric",1147,1
"101","Electric",1056,1
"101","Gas",1622,1.5
"930",NA,NA,NA
"101","Oil",768,1
"101","Oil",936,1
"104","Gas",2466,2
"101","Gas",1267,1.5
"105","Gas",2520,2
"101","Oil",1148,1
"101","Gas",1274,1
"101","Oil",1456,2
"101","Gas",1456,2
"101","Gas",1199,1.5
"101","Oil",868,1
"101","Electric",1336,1.5
"104","Oil",2184,2
"104","Gas",1766,2
"101","Oil",1156,1
"101","Gas",1352,1
"104","Gas",2137,2
"104","Gas",2300,2
"105","Oil",3495,3
"101","Oil",1431,2
"130",NA,0,NA
"101","Gas",1248,1
"101","Electric",1040,1
"101","Gas",1756,2
"101","Gas",1824,2
"101","Gas",960,1
"423",NA,NA,NA
"104","Gas",2240,2
"101","Gas",1080,1
"101","Oil",1330,1
"101","Gas",2160,2
"132",NA,NA,NA
"101","Gas",1512,2
"132",NA,NA,NA
"101","Oil",1580,2
"101","Electric",1711,2
"132",NA,NA,NA
"101","Oil",1028,1
"132",NA,NA,NA
"101","Gas",1301,1
"101","Gas",2188,1
"101","Gas",1048,1
"101","Gas",1088,1
"101","Gas",912,1
"101","Gas",912,1
"101","Gas",2124,2
"101","Oil",1132,1
"101","Gas",1770,1
"101","Gas",1488,1
"101","Gas",1672,1
"101","Gas",1040,1
"101","Gas",1192,1
"101","Gas",960,1
"101","Gas",864,1
"101","Oil",912,1
"101","Oil",912,1
"101","Oil",1412,1
"101","Oil",912,1
"101","Oil",1220,1
"101","Oil",1512,1
"101","Oil",1500,2
"101","Oil",1296,1
"101","Oil",912,1
"101","Electric",1031,1
"101","Oil",950,1
"101","Electric",1008,1
"101","Electric",1448,1
"101","Electric",1344,1
"101","Electric",1384,1
"101","Electric",1064,1
"101","Electric",1336,1
"104","Oil",1800,2
"101","Gas",1118,1
"105","Oil",2551,2
"104","Oil",2276,2
"104","Gas",2200,2
"101","Oil",1901,1
"104","Gas",2104,2
"105","Electric",2744,2
"101","Gas",1606,1
"101","Oil",1200,1
"101","Gas",1078,1
"101","Oil",721,1.5
"101","Gas",1584,1.5
"101","Gas",960,1
"930",NA,NA,NA
"132",NA,NA,NA
"101","Electric",1163,1
"130",NA,NA,NA
"101","Oil",880,1
"101","Gas",1775,1.5
"101","Electric",912,1
"101","Electric",1232,1
"101","Electric",1470,2
"101","Electric",1714,2
"101","Electric",1428,1
"132",NA,NA,NA
"101","Electric",1150,1
"101","Electric",924,1
"104","Oil",2282,2
"130",NA,NA,NA
"101","Oil",1272,1
"101","Gas",1681,1
"101","Gas",1240,1
"101","Gas",2197,2
"101","Gas",1048,1
"101","Gas",1149,1
"101","Gas",1198,1
"101","Gas",1048,1
"101","Gas",1040,1
"101","Gas",1266,1
"101","Gas",1272,1
"101","Gas",1048,1
"101","Gas",1040,1
"101","Oil",828,1
"101","Electric",1107,1
"101","Electric",1102,1
"101","Electric",1040,1
"101","Electric",1808,1
"930",NA,NA,NA
"101","Electric",1099,1
"101","Electric",1440,1
"101","Electric",1062,1
"101","Electric",1347,1
"101","Electric",976,1
"101","Electric",950,1
"101","Electric",1107,1
"101","Electric",1064,1
"101","Electric",1434,1
"101","Electric",960,1
"105","Electric",3480,3
"930",NA,NA,NA
"101","Oil",1054,1.5
"101","Oil",974,1.5
"104","Gas",2688,2
"104","Oil",2266,1.5
"104","Oil",1766,1.5
"104","Oil",1763,1.5
"111","Typical",2170,1
"105","Oil",2372,2
"105","Gas",2399,2
"105","Gas",2775,2
"104","Oil",2809,2
"101","Oil",768,1
"132",NA,NA,NA
"104","Oil",1904,2
"104","Electric",1464,2
"930",NA,NA,NA
"104","Gas",1695,2
"101","Gas",1622,1
"101","Oil",1434,1.5
"132",NA,NA,NA
"132",NA,NA,NA
"104","Oil",1874,2
"936",NA,NA,NA
"936",NA,NA,NA
"101","Gas",1180,1
"101","Gas",1202,1
"101","Gas",1048,1
"101","Gas",1248,1
"101","Gas",1248,1
"101","Gas",1092,1
"101","Gas",1060,1
"101","Gas",1048,1
"101","Gas",1088,1
"101","Gas",1048,1
"101","Gas",1304,1
"101","Gas",1016,1
"101","Gas",1488,1
"101","Gas",1040,1
"101","Gas",1088,1
"101","Gas",1084,1
"101","Gas",1424,2
"101","Gas",1062,1
"101","Gas",1062,1
"101","Gas",1202,1
"101","Gas",1107,1
"101","Gas",1302,1
"101","Gas",1107,1
"132",NA,NA,NA
"104","Oil",1964,2
"101","Oil",1232,1.5
"104","Oil",2356,2
"104","Oil",1620,2
"104","Oil",1812,2
"101","Oil",1188,1.5
"130",NA,NA,NA
"101","Oil",1185,1
"104","Oil",2544,2
"930",NA,NA,NA
"105","Oil",2767,3
"104","Gas",2366,2
"101","Gas",1484,2
"101","Oil",1156,1
"104","Gas",2310,2
"101","Gas",954,1
"132",NA,NA,NA
"101","Gas",1116,1
"101","Gas",1040,1
"101","Gas",1364,1.5
"104","Gas",2200,2
"101","Gas",1248,1
"101","Gas",1102,1
"101","Gas",1062,1
"101","Oil",1484,1
"936",NA,NA,NA
"101","Electric",1080,1
"101","Oil",1082,1
"101","Oil",1082,1
"101","Oil",1668,2
"101","Oil",1082,1
"101","Gas",1836,1
"337",NA,NA,NA
"101","Gas",1075,1
"101","Gas",1048,1
"101","Gas",1048,1
"101","Gas",1168,1
"101","Gas",1048,1
"101","Gas",1202,1
"101","Gas",1048,1
"101","Oil",1416,1
"101","Gas",864,1
"101","Gas",1184,1
"101","Gas",1202,1
"101","Gas",1048,1
"101","Gas",1048,1
"101","Gas",1202,1
"930",NA,NA,NA
"132",NA,NA,NA
"930",NA,NA,NA
"101","Oil",1582,1.5
"101","Oil",1104,1
"104","Oil",2290,1.5
"101","Oil",960,1
"101","Oil",720,1
"101","Oil",981,1
"101","Oil",810,1
"101","Oil",720,1
"101","Oil",1008,1
"101","Oil",1556,1
"101","Oil",936,1
"101","Oil",1234,1
"101","Gas",1671,1
"101","Electric",1120,1
"101","Oil",1008,1
"974",NA,NA,NA
"101","Gas",1282,1
"101","Gas",1504,1
"101","Gas",1048,1
"101","Gas",864,1
"101","Gas",1048,1
"101","Oil",864,1
"101","Gas",1048,1
"101","Gas",1144,1
"101","Gas",1178,1
"130",NA,NA,NA
"132",NA,NA,NA
"101","Gas",960,1
"101","Gas",2199,2
"104","Gas",2024,1
"101","Gas",960,1
"101","Gas",992,1
"101","Gas",1314,1
"101","Gas",1080,1
"101","Gas",1841,1
"101","Oil",1752,1
"101","Oil",1800,2
"132",NA,NA,NA
"101","Electric",650,1
"101","Gas",1048,1
"101","Gas",1288,1
"101","Gas",3354,2
"101","Gas",1448,1
"988",NA,NA,NA
"101","Gas",840,1
"101","Oil",1043,1
"101","Gas",1650,1.5
"101","Gas",1190,1
"101","Oil",880,1
"101","Oil",720,1
"101","Gas",1614,2
"101","Oil",864,1
"101","Oil",920,1
"101","Oil",1420,1
"101","Oil",720,1
"101","Oil",968,1
"101","Oil",864,1
"101","Oil",1383,1
"101","Oil",932,1
"101","Oil",864,1
"101","Gas",1048,1
"101","Oil",888,1
"101","Oil",1120,1
"101","Oil",900,1
"101","Oil",1104,1
"101","Gas",864,1
"101","Oil",1806,1.5
"101","Gas",1368,1
"101","Gas",1456,1
"101","Gas",1168,1
"101","Gas",1593,1
"101","Gas",1612,1
"101","Gas",1048,1
"101","Gas",925,1
"101","Gas",720,1
"101","Oil",1065,1
"101","Oil",1176,1
"101","Oil",1082,1
"101","Oil",1008,1
"101","Gas",960,1
"101","Gas",1339,1
"101","Gas",1252,1
"101","Gas",1082,1
"101","Gas",1204,1
"101","Oil",1485,1.5
"101","Gas",1296,1
"101","Gas",1332,1
"101","Gas",1152,1
"101","Oil",1184,1
"101","Electric",1086,1
"101","Oil",1254,1
"101","Oil",1155,1
"101","Oil",989,1
"101","Gas",864,1
"101","Gas",1056,1
"132",NA,NA,NA
"132",NA,NA,NA
"101","Gas",1040,1
"101","Gas",1486,1
"101","Oil",910,1
"101","Gas",1231,1.5
"101","Oil",912,1
"013","Gas",1013,1
"101","Gas",1401,1
"101","Electric",1450,2
"101","Gas",1645,1
"101","Gas",975,1
"101","Oil",960,1
"101","Gas",720,1
"101","Gas",2044,2
"101","Gas",1008,1
"101","Gas",1486,1
"101","Gas",1048,1
"101","Gas",1400,1
"101","Gas",960,1
"101","Gas",1056,1
"101","Oil",960,1
"101","Oil",784,1
"101","Oil",840,1
"101","Gas",1233,1
"101","Gas",889,1
"101","Gas",1251,1
"101","Oil",1636,2
"104","Electric",2890,1.5
"101","Oil",1888,2
"101","Oil",1238,1.5
"101","Gas",1992,2
"101","Oil",2414,2
"101","Oil",952,1
"132",NA,NA,NA
"959","Electric",1818,1
"101","Oil",1152,1
"101","Oil",1555,1.5
"101","Oil",1235,1
"101","Oil",1400,1
"930",NA,NA,NA
"337",NA,NA,NA
"101","Oil",1238,1
"930",NA,NA,NA
"132",NA,NA,NA
"101","Gas",936,1
"101","Gas",880,1
"101","Oil",2224,2
"101","Oil",1190,1
"101","Oil",1205,1
"101","Electric",1890,2
"101","Oil",1021,1
"101","Oil",1190,1
"101","Gas",1178,1
"101","Oil",768,1
"104","Oil",2550,2
"101","Oil",1194,1
"101","Oil",1212,2
"101","Oil",1084,1
"101","Gas",1108,1
"101","Gas",1240,1
"101","Gas",792,1
"101","Gas",1139,1
"101","Oil",1440,1
"101","Gas",864,1
"101","Gas",2819,2
"101","Gas",1098,1
"101","Gas",960,1
"101","Oil",1219,1
"101","Oil",1197,1
"132",NA,NA,NA
"132",NA,NA,NA
"101","Oil",1120,1
"101","Gas",1287,1.5
"101","Oil",932,1.5
"104","Coal or Wood",2148,2
"101","Oil",2019,2
"101","Oil",1556,1
"101","Gas",1584,2
"101","Oil",1080,1
"101","Gas",1426,1.5
"101","Oil",774,1
"101","Gas",1768,2
"101","Oil",1305,1
"101","Oil",1055,2
"101","Gas",1104,1
"101","Gas",1936,1
"930",NA,NA,NA
"101","Gas",2061,1
"101","Oil",1560,1
"101","Oil",1728,2
"101","Oil",1080,1
"101","Oil",2002,1.5
"101","Gas",2296,2
"101","Electric",1462,1
"101","Electric",1754,1.5
"101","Oil",1856,1
"101","Electric",1988,1
"101","Oil",896,1
"423",NA,NA,NA
"132",NA,NA,NA
"101","Oil",1056,1
"101","Oil",1424,1
"101","Electric",2124,2
"101","Oil",1260,1
"101","Oil",1296,1
"101","Electric",1896,2
"101","Oil",2196,1.5
"101","Oil",1341,1
"930",NA,NA,NA
"101","Oil",593,1
"101","Oil",998,1.5
"101","Gas",1972,1.5
"101","Gas",2074,2
"101","Gas",1120,1
"101","Gas",1696,1
"101","Oil",884,1
"101","Oil",960,1
"101","Oil",1727,1.5
"101","Oil",1333,1.5
"105","Gas",3150,2
"101","Oil",1008,1
"101","Gas",2006,2
"105","Oil",2734,2
"101","Oil",1240,1
"101","Gas",1220,1
"101","Gas",1441,1.5
"962",NA,0,NA
"960","Typical",3716,2
"101","Gas",1304,1
"132",NA,NA,NA
"101","Gas",1364,1
"101","Gas",2010,2
"101","Oil",1247,2
"101","Gas",969,1
"101","Gas",1345,1
"101","Oil",1075,1
"101","Gas",952,1
"101","Oil",1912,2
"101","Oil",1092,1
"101","Gas",1200,2
"101","Oil",1502,1
"101","Gas",2068,2
"101","Oil",2148,2
"101","Oil",1366,1
"101","Electric",1147,1
"101","Electric",2998,2
"106",NA,NA,NA
"101","Oil",830,1
"101","Oil",1439,1
"104","Oil",1728,2
"104","Oil",2464,2
"101","Gas",844,1.5
"101","Oil",1584,2
"101","Oil",1288,2
"101","Gas",1884,2
"013","Oil",2097,1.5
"101","Gas",1064,1
"101","Oil",2943,2
"973",NA,NA,NA
"104","Gas",2106,2
"101","Gas",946,1.5
"101","Gas",1378,1
"101","Oil",936,1
"101","Oil",1690,2
"101","Electric",1043,1.5
"101","Oil",1424,2
"101","Oil",1126,1.5
"101","Gas",1500,2
"101","Gas",1290,1
"101","Oil",1488,1
"101","Gas",1092,1
"101","Gas",720,1
NA,NA,NA,NA
NA,NA,NA,NA
"101","Gas",988,1
"101","Gas",1372,1
"101","Gas",1477,2
"101","Oil",1293,1
"101","Oil",1729,1.5
"104","Gas",1970,1
"101","Gas",462,1
"101","Gas",462,1
"101","Oil",1554,1
"101","Gas",1080,1
"101","Oil",1763,2
"101","Oil",1177,2
"101","Gas",1446,2
"101","Gas",1068,1
"101","Electric",1248,1
"101","Gas",1056,1
"101","Oil",2130,1.5
"101","Oil",1220,1.5
"109","Gas",2126,2
"101","Oil",1568,2
"101","Oil",896,1
"132",NA,NA,NA
"423",NA,NA,NA
"101","Oil",1304,1.5
"101","Gas",1020,1
"930",NA,NA,NA
"101","Gas",2212,1
"130",NA,NA,NA
"101","Oil",1232,1
"132",NA,NA,NA
"101","Gas",1055,1
"101","Electric",1288,1
"101","Electric",1056,1
"101","Electric",1540,1
"101","Gas",1512,1
"101","Electric",1175,1
"101","Oil",1494,2
"101","Oil",1144,1.5
"101","Oil",1030,1
"131",NA,NA,NA
"101","Oil",768,1
"104","Oil",2284,2
"104","Gas",1946,2
"101","Gas",1740,2
"101","Electric",912,1
"101","Oil",1092,1
"101","Oil",1329,1
"132",NA,NA,NA
"101","Gas",1722,1
"101","Gas",912,1
"101","Oil",2040,1.5
"101","Oil",1128,1
"101","Oil",1080,1
"132",NA,NA,NA
"132",NA,NA,NA
"132",NA,NA,NA
NA,NA,NA,NA
NA,NA,NA,NA
"101","Gas",936,1
"101","Oil",1516,1
"104","Gas",1784,2
"930",NA,NA,NA
"101","Oil",1432,1.5
"105","Gas",2376,1.5
"101","Oil",1565,1.5
"104","Gas",1884,2
"101","Gas",1407,1.5
"101","Oil",1417,2
"101","Electric",1347,1
"101","Gas",2680,1
"109","Oil",1364,2
"101","Gas",1356,1
"104","Oil",1116,1
"132",NA,NA,NA
"101","Gas",2191,1.5
"101","Oil",1298,2
"101","Gas",785,1
"101","Oil",1442,1.5
"101","Oil",1935,2
"101","Gas",1048,1
"101","Oil",1181,1
"101","Electric",976,1
"101","Electric",1432,1
"930",NA,NA,NA
NA,NA,NA,NA
NA,NA,NA,NA
NA,NA,NA,NA
NA,NA,NA,NA
"130",NA,0,NA
NA,NA,NA,NA
NA,NA,NA,NA
NA,NA,NA,NA
NA,NA,NA,NA
NA,NA,NA,NA
NA,NA,NA,NA
NA,NA,NA,NA
NA,NA,NA,NA
NA,NA,NA,NA
NA,NA,NA,NA
NA,NA,NA,NA
NA,"R",NA,NA
NA,NA,NA,NA
NA,NA,NA,NA
NA,NA,NA,NA
NA,NA,NA,NA
NA,NA,NA,NA
NA,NA,NA,NA
NA,NA,NA,NA
NA,NA,NA,NA
NA,NA,NA,NA
NA,NA,NA,NA
"930",NA,NA,NA
"104","Gas",2176,2
"930",NA,NA,NA
"101","Gas",1512,NA
