USECODE,STORYHEIGHT,FUELTYPE,AREASQ
101,1,OIL,930
101,2A,OIL,1620
101,1T,GAS,2016
101,2A,OIL,1680
101,2A,GAS,2284.8
101,1,OIL,2380
101,1T,GAS,2600
101,2,OIL,2305
101,1H,GAS,1431.68
101,1T,OIL,790
104,2H,GAS,2528
131,,,0
101,2A,GAS,1843
101,2A,OIL,2602
104,2A,GAS,2553
930,,,0
101,1T,GAS,1236
101,1H,OIL,1209
101,1,OIL,2416
101,1A,OIL,1457.68
101,2,GAS,2282
101,2A,GAS,2928
104,3,OIL,3250
101,1A,OIL,1835.53
101,1T,OIL,1879
101,1A,OIL,1326.13
101,1A,OIL,980
101,1A,GAS,1951.52
101,1A,OIL,1064
101,1T,OIL,1530
102,2,GAS,2328.1
102,2,GAS,2522
102,2,GAS,2697.06
102,2,GAS,2522
101,2,OIL,1992
101,2A,GAS,2763.85
101,1,OIL,1596
101,1,GAS,1530
101,1,GAS,2111.5
101,1,OIL,1500
101,2,GAS,1992
101,1,OIL,1500
101,2,GAS,2947
111,2A,OIL,3670
101,2,OIL,2366
101,2,OIL,2424
101,2,GAS,2326.4
104,2,OIL,2130.45
101,2A,OIL,2251
101,2T,OIL,3360
102,1,GAS,1302
102,2A,GAS,1867
102,1,GAS,1302
102,1,GAS,1198
102,2A,GAS,1867
101,1,GAS,1814.4
101,1,GAS,2488
101,2,GAS,1992
101,1T,GAS,2232
101,1,GAS,2285.4
101,1,GAS,1942
101,1,GAS,1891.2
101,1,GAS,1895
101,2A,GAS,2855
101,1,GAS,1546
101,1T,GAS,1719
101,2H,GAS,1453
101,1H,OIL,1213
101,1A,OIL,1042.6
101,1T,GAS,1933
101,1H,GAS,2227
101,1H,GAS,1093
101,1H,GAS,2665
101,1T,OIL,1729
101,1T,OIL,1441
101,2,GAS,1983
101,1T,OIL,2004.7
101,2,OIL,5893
101,2,OIL,2438
101,2,OIL,2721.6
101,1,ELECTRIC,2531.35
101,2,OIL,4455.5
101,2,GAS,3354.8
101,1,GAS,1338
101,1,OIL,2535
101,1,OIL,1236
101,1,OIL,1312
101,2,OIL,2144
101,1,OIL,1415
101,1,OIL,1284
101,1,OIL,1607
101,1,OIL,1228
101,1,OIL,1224
101,1,OIL,1200
101,1,OIL,1272
101,1,OIL,1855
101,1,OIL,1744
101,1,OIL,1280
101,1,OIL,1452
101,2,OIL,3741
101,1,OIL,2398
101,1,OIL,1602
101,1,OIL,1700
930,1T,OIL,1154
104,1T,OIL,2766
101,1T,OIL,1428
101,2,OIL,2612
930,,,0
105,2H,OIL,2962
101,2A,GAS,1336
101,1H,OIL,1624
959,1,GAS,2957
101,1T,OIL,3223.75
101,2A,OIL,1939.2
101,1,OIL,2010
101,2,OIL,1776
101,1,OIL,1361
340,1,OIL,3757
101,1,OIL,3857
131,,,0
101,1,OIL,1444
101,1,OIL,1740
101,1,OIL,2956.5
101,2,GAS,2397
101,2,GAS,2385.8
101,1,OIL,1176
140,1,GAS,10980
401,1,GAS,23920
101,1,OIL,2137.4
101,2,OIL,3143
101,1,OIL,1848
101,1,GAS,1675
101,1,OIL,1256
101,2,OIL,1724
101,2A,OIL,3384
101,1,OIL,1251
101,2,OIL,2326
101,1,OIL,1251
101,2,OIL,2000
960,1,GAS,3769.6
936,,,0
300,4,GAS,70669
101,1,OIL,1878
101,1,OIL,2027
101,1A,OIL,1552
340,1,ELECTRIC,1734
961,2,OIL,2979.2
101,2,OIL,2469
962,2A,GAS,44000
330,1,GAS,11838
388,,,0
340,3,GAS,30390
132,,,0
377,2,GAS,159257
323,2,GAS,20866
325,1,GAS,7232
333,1,GAS,3080
392,,,0
330,2,GAS,21812
331,1,GAS,27581
326,1,GAS,3922
330,1,GAS,25132
325,2,OIL,33914
325,1,GAS,23020
330,1,GAS,32420
330,1,GAS,52529
326,1,GAS,1850
392,,,0
330,2,GAS,90702
330,1,GAS,181529
330,1,GAS,10000
330,1,ELECTRIC,1616
37,1,ELECTRIC,16074
341,1,GAS,4720
337,,,0
101,1H,GAS,1296
101,1H,OIL,1296
101,1H,OIL,1860
101,1,OIL,970
340,1,ELECTRIC,2128
325,1,GAS,32800
13,2,GAS,2052
101,1H,OIL,1987.2
101,2,OIL,1728
101,1H,GAS,1296
101,1H,OIL,1296
101,1T,OIL,864
13,1H,GAS,1296
325,,,0
132,,,0
112,3,GAS,111294
392,,,0
323,1,GAS,16444
391,,,0
344,2,GAS,2787
344,2,GAS,2981
930,,,0
962,1H,GAS,1296
444,1,GAS,6055
327,1,GAS,135206
344,2,GAS,740
327,1,GAS,5545
344,2,GAS,2056
102,1,GAS,1288
102,1,GAS,1459
102,1,GAS,1158
102,1,GAS,1158
102,1,GAS,1204
102,1,GAS,1005
102,1,GAS,1210
102,1,GAS,1065
102,1,GAS,1158
102,1,GAS,1158
102,1,GAS,1316
102,1,GAS,1459
344,2,GAS,3669
344,2,GAS,5113
102,1,GAS,1288
102,1,GAS,1459
102,1,GAS,1158
102,1,GAS,1158
102,1,GAS,1204
102,1,GAS,1254
102,1,GAS,1210
102,1,GAS,1254
102,1,GAS,1158
102,1,GAS,1158
102,1,GAS,1293
102,1,GAS,1459
102,1,GAS,1290
102,1,GAS,1217
102,1,GAS,1315
102,1,GAS,1254
102,1,GAS,1363
102,1,GAS,1397
102,1,GAS,1363
102,1,GAS,1391
102,1,GAS,1304
102,1,GAS,1336
102,1,GAS,1499
102,1,GAS,1459
327,,,0
444,1,GAS,6055
327,2,GAS,58530
344,2,GAS,965
327,2,GAS,19113
102,1,GAS,1322
102,1,GAS,1459
102,1,GAS,1158
102,1,GAS,1158
102,1,GAS,1210
102,1,GAS,1065
102,1,GAS,1204
102,1,GAS,1158
102,1,GAS,1607
102,1,GAS,1299
102,1,GAS,1459
102,1,GAS,1316
102,1,GAS,1459
102,1,GAS,1158
102,1,GAS,1158
102,1,GAS,1210
102,1,GAS,1235
102,1,GAS,1204
102,1,GAS,1254
102,1,GAS,1158
102,1,GAS,1158
102,1,GAS,1298
102,1,GAS,1459
102,1,GAS,1499
102,1,GAS,1459
102,1,GAS,1309
102,1,GAS,1298
102,1,GAS,1372
102,1,GAS,1391
102,1,GAS,1363
102,1,GAS,1391
102,1,GAS,1309
102,1,GAS,1258
102,1,GAS,1298
102,1,GAS,1217
344,2,GAS,1312
327,1,GAS,3933
327,1,GAS,7456
327,1,GAS,4737
344,2,GAS,986
344,2,GAS,1208
344,2,GAS,2100
327,2,GAS,2372
344,2,GAS,1343
344,2,GAS,2080
344,2,GAS,1261
344,2,GAS,549
344,2,GAS,2158
344,2,GAS,695
101,1T,OIL,1881.6
101,2,GAS,1728
101,1T,GAS,1584
101,1T,OIL,716.5
101,1T,GAS,1039
101,1T,GAS,1574.8
101,1T,OIL,1436.5
101,1H,GAS,1230.5
101,1H,GAS,1309
101,1T,GAS,943.25
104,1,GAS,2620.8
104,2,GAS,1420.94
101,1T,OIL,942
101,2,GAS,1602
101,2A,GAS,3952
101,2,OIL,3328.72
101,2,OIL,3345.25
101,2,OIL,2928
101,2,OIL,3452
101,2A,OIL,2564
101,2A,OIL,3499.4
101,2,OIL,3023.6
101,2,OIL,4080.6
101,2,OIL,2549
101,2,OIL,4301.2
101,2,GAS,3468
101,2,GAS,4389
101,2,OIL,2886
101,2A,GAS,6218.47
101,2,GAS,3080
101,2A,OIL,2744
101,2,OIL,4296
101,2,GAS,5419
101,2A,OIL,4652.25
101,2,OIL,3076.5
101,2,OIL,3356
101,2,OIL,3934
101,1,OIL,2848.5
101,2,OIL,1760.4
101,1,OIL,2628.5
101,2,OIL,3152.75
101,1,OIL,2055
101,2,OIL,2523
101,1,OIL,1928
101,2,OIL,2052
101,1,OIL,2877.8
101,1,OIL,2968.8
101,2,OIL,1960.4
101,1,OIL,2188
101,1,GAS,1054
101,2,GAS,1616
101,2,GAS,2194
101,1,GAS,1394
101,1,GAS,1698
101,1,GAS,1258
101,2A,GAS,2765.78
101,1,GAS,984
101,1,GAS,1722.6
101,1T,OIL,2103
101,1H,OIL,1102
104,1T,OIL,1568
101,1,GAS,988
104,2,GAS,1676
101,1,OIL,2012.5
101,1,GAS,2613.8
101,1,OIL,2032
111,2T,GAS,6063.75
101,2,OIL,2696
101,1,GAS,1591.5
101,2,OIL,3294.5
101,1,OIL,1645.5
101,1H,OIL,1534
101,1T,OIL,2736.8
101,1,OIL,3079.6
102,2,OIL,1822
102,2,OIL,1269
340,1,GAS,7518
327,1,ELECTRIC,40814
327,1,GAS,14915
327,1,ELECTRIC,111776
101,2,ELECTRIC,2432
101,1T,OIL,2143
101,2,OIL,2168.4
101,1T,OIL,2603
101,2,OIL,2476
101,1T,OIL,3071.1
101,2,OIL,3245.4
101,2,ELECTRIC,3593.8
101,2,OIL,3296
101,1T,OIL,2238
101,1T,OIL,2691
101,1,OIL,2384
101,1,GAS,1614.6
132,,,0
101,2,GAS,3450
101,2,GAS,2452
101,2,GAS,3132
132,,,0
391,,,0
922,2,GAS,25127
101,1,OIL,2579.2
101,1,OIL,1483.2
101,1,OIL,2228
101,2,OIL,2632.8
101,2,OIL,2052
101,1,OIL,2470.4
101,2,OIL,1651
101,1,OIL,2213
101,1,OIL,1956
101,1,OIL,1483.2
101,1,OIL,2193
101,1,GAS,956.8
101,1H,OIL,1782.8
101,1H,GAS,1560
101,1,OIL,1101
101,2,GAS,2125.2
101,2A,OIL,1350
101,2,OIL,1282.8
101,1T,OIL,1274
101,1T,OIL,2047.5
101,2,OIL,1235
101,1H,OIL,1183
101,1H,OIL,1170
101,2,GAS,1488
101,1T,GAS,1605.6
101,1,OIL,1728
101,1T,OIL,1626.15
101,2,OIL,1498
101,1T,OIL,1496.5
101,2,OIL,1610
101,2,OIL,1477.4
104,2,OIL,2977.35
101,2,OIL,1520
101,2,OIL,1427
101,1T,OIL,1942.5
101,2,GAS,1847.5
104,2A,GAS,2643.45
104,2A,OIL,2325.36
101,2H,OIL,2952
111,2H,OIL,3076.5
111,2A,OIL,2484
105,3,GAS,4036.8
101,2,GAS,1587
104,2A,OIL,2848.7
104,2T,GAS,3323
101,1T,GAS,1928.25
101,1T,GAS,986.5
101,2,GAS,1398.6
101,1T,GAS,1344
101,1H,OIL,1536
101,2,OIL,1537
101,1T,OIL,1723.8
101,1T,GAS,1833
101,2A,GAS,1976.7
101,2,GAS,2267
101,1,GAS,1391.8
101,2,OIL,1661
101,1A,OIL,1450.4
101,1H,GAS,1701
101,2A,OIL,2183
104,2A,OIL,1774.8
101,2,OIL,1366
101,2,OIL,1800
401,1,GAS,17568
392,,,0
101,1,OIL,1053
101,2,ELECTRIC,1194.4
101,2,ELECTRIC,1291.2
101,2,GAS,1234.4
101,1T,OIL,1207.5
935,2A,OIL,17084.2
970,2,GAS,2620
959,2,GAS,2842
101,2H,GAS,3939.9
102,2H,GAS,1334
102,1,GAS,991
102,1T,GAS,1400
102,2,GAS,2367
102,2,GAS,1659.5
102,2A,GAS,1217.8
102,2A,GAS,1629.35
102,2,GAS,1300
102,1H,GAS,919.06
102,2H,GAS,1110
102,1H,GAS,1261.9
102,2,GAS,2512.49
102,2,GAS,2367
102,2,GAS,1295
102,2A,GAS,1109
102,2A,GAS,1222.1
102,2,GAS,1288
102,2A,GAS,1247.5
102,2A,GAS,1212.5
102,2,GAS,1080
102,2H,GAS,1133
102,2A,GAS,1679
102,2A,GAS,1683.8
102,2A,GAS,1653.55
102,2A,GAS,1638.6
102,2,GAS,1451
102,2A,GAS,1121
102,2A,GAS,1239.5
102,2,GAS,1300
101,1,OIL,1992
101,2A,GAS,2890.6
101,2A,GAS,2678
101,2A,GAS,2512
101,2,GAS,3149.2
101,2A,GAS,2688
132,,,0
930,,,0
101,1,OIL,1260
101,1,OIL,2204
101,1,GAS,2353
101,1,OIL,1988
101,2A,OIL,2762.5
101,1,OIL,2442
101,1,OIL,2083.9
101,2,OIL,2618
101,1,OIL,1523.2
101,1,OIL,1674
101,1,OIL,2144
101,1,OIL,2213
101,1,OIL,1848
101,1,OIL,2931.6
101,1,OIL,1676.8
101,1,OIL,1056
132,,,0
101,2,OIL,2785.6
101,1T,OIL,2814
101,2,OIL,4746.6
934,1,GAS,45992
101,2A,OIL,2196
101,1,OIL,2559.9
101,1,OIL,2288
101,2A,OIL,3136
101,2,OIL,3057.6
132,,,0
101,2,GAS,2128
101,2,GAS,2803
101,2,OIL,1996
101,1,GAS,1462
101,1,GAS,2844
101,2,GAS,2323
101,2,GAS,2214
101,2,GAS,2191.3
101,2A,OIL,2150.4
101,2A,OIL,2169
101,2,GAS,2781
101,2,OIL,2976.8
101,1,OIL,1464
101,1T,GAS,1692
101,1,OIL,1458
101,2,OIL,3667.3
101,2A,OIL,4085.2
101,1T,GAS,1990
101,1T,OIL,2182
101,1,OIL,1345
101,1T,OIL,1560
101,2,GAS,2996
101,1T,OIL,1428
101,1,ELECTRIC,1949.5
101,1T,GAS,2040
101,2,OIL,2559.4
101,2,GAS,1256
101,2,OIL,1104
101,1T,OIL,1579.24
101,1T,GAS,905.75
101,2A,OIL,1448.1
101,1H,GAS,1764
101,1T,OIL,2147.6
101,1T,GAS,1373.5
101,1,GAS,744
101,1,GAS,958
101,1,GAS,1674
101,1,GAS,1332.4
101,1,GAS,958
101,2,ELECTRIC,2324
959,2,OIL,1845
101,2,GAS,3296.75
101,2,GAS,2733.6
104,2,GAS,2200
101,2,GAS,2643.2
101,1T,GAS,1537
101,1T,GAS,2640
101,1T,GAS,1496
101,2,OIL,1268.1
101,1T,OIL,1224.85
101,2,GAS,1411.8
101,1T,GAS,1572
101,1A,OIL,1279
101,1,GAS,1456
101,2,OIL,1632
105,2,GAS,2784
101,2,GAS,2048
101,2,GAS,1971
101,2,OIL,2320
930,,,0
101,2A,GAS,1644
101,1,GAS,1789
104,2,GAS,1824
104,1T,GAS,1448
101,2,GAS,1080
104,2A,ELECTRIC,2220
101,1,GAS,1104
101,2,GAS,2700
101,2,GAS,2148
101,1H,GAS,1588
104,2H,GAS,2712
101,2,GAS,1564
101,1T,GAS,1620.5
104,1T,GAS,1652.25
101,2,OIL,1464.5
101,1T,OIL,1313
101,1T,GAS,1965.5
101,2A,OIL,1319
101,1,GAS,2377.4
101,2A,GAS,1982.4
101,2,GAS,1401
101,1H,OIL,1842.75
101,2A,OIL,1552
101,2A,OIL,1895.8
101,2,GAS,2348.6
101,2,GAS,1260.95
101,1T,OIL,909
101,2,OIL,1235.8
101,1T,OIL,1046.5
101,2,GAS,1254
101,2,GAS,1598.5
101,1A,GAS,936
101,2,OIL,1212.2
101,1T,OIL,1092
101,1T,OIL,1497
101,1T,GAS,1800.35
101,2,OIL,1402
101,1T,GAS,1856
101,1H,GAS,1632
101,1T,OIL,1574.4
101,1T,GAS,1428
101,2,ELECTRIC,2148
101,1T,GAS,1476
101,1,OIL,1143
101,1H,OIL,1186
101,1T,GAS,1560
101,2,OIL,1296
101,2,OIL,1572.85
101,2A,GAS,1616
104,3,OIL,3124
101,2,OIL,1727
101,2,GAS,1875.5
101,1,OIL,825
101,1H,OIL,1232
101,1T,OIL,1435
101,1,GAS,936
101,2,GAS,1648
101,2,OIL,1496
102,2,ELECTRIC,463
102,2,ELECTRIC,674
102,2,ELECTRIC,674
102,2,ELECTRIC,666
102,2,ELECTRIC,664
102,2,ELECTRIC,703
102,2,ELECTRIC,707
102,2,ELECTRIC,706
102,2,ELECTRIC,693
102,2,GAS,702
102,2,ELECTRIC,699
102,2,GAS,698
102,2,ELECTRIC,684
102,2,ELECTRIC,457
102,2,ELECTRIC,683
102,2,ELECTRIC,712
102,2,ELECTRIC,695
102,2,ELECTRIC,691
102,2,ELECTRIC,706
102,2,ELECTRIC,700
102,2,ELECTRIC,687
102,2,ELECTRIC,689
102,2,ELECTRIC,691
102,2,ELECTRIC,696
102,2,ELECTRIC,685
102,2,ELECTRIC,685
102,2,ELECTRIC,454
102,2,ELECTRIC,684
102,2,ELECTRIC,714
102,2,ELECTRIC,712
102,2,GAS,709
102,2,ELECTRIC,709
102,2,ELECTRIC,714
102,2,GAS,714
102,2,ELECTRIC,703
102,2,GAS,710
102,2,GAS,458
102,2,ELECTRIC,667
102,2,GAS,676
102,2,ELECTRIC,675
102,2,ELECTRIC,696
102,2,GAS,698
102,2,ELECTRIC,704
102,2,GAS,704
102,2,ELECTRIC,699
102,2,ELECTRIC,706
102,2,ELECTRIC,705
102,2,ELECTRIC,706
101,1,GAS,2957.5
101,2,GAS,3479.9
101,1,GAS,2658.5
101,1,GAS,2168
101,1,GAS,1799
101,2,GAS,2275
957,1,OIL,3069
101,2,OIL,2178.4
101,2,OIL,1836
101,1T,GAS,1638
101,2,GAS,2908
101,2,GAS,2424
101,2,GAS,3386.4
101,2,GAS,4235
101,2,GAS,3322.04
101,1,GAS,2733.4
101,1,GAS,2168
101,2,GAS,2171
101,2,GAS,3211.7
101,2,GAS,2162
101,2,GAS,3441.5
101,2,GAS,1795.6
101,2,GAS,1859.4
101,2,GAS,2386.16
101,1,GAS,2525.5
101,1,GAS,3327
101,2,GAS,3175
101,1,GAS,2122
101,2,OIL,2210
101,1,GAS,3072.7
101,2A,GAS,2379
101,2A,OIL,2430.6
101,2T,GAS,2460.5
101,2H,GAS,1991
101,2H,GAS,1991
101,2H,GAS,2036
101,2H,GAS,2304
104,2H,OIL,3148.5
104,2A,GAS,3722.15
101,2A,GAS,1684
101,2A,GAS,2686.1
101,2,OIL,2450.2
101,2A,OIL,2403.6
101,2A,OIL,2204.4
104,2,GAS,2704
101,2,OIL,1996.8
390,,,0
101,1T,OIL,1701
101,1T,GAS,1417.5
101,1T,GAS,1728
104,2A,GAS,2394
101,2,GAS,1340
101,1,OIL,1740.2
101,1,OIL,2040
101,1,GAS,2160.6
101,1H,OIL,1152
930,,,0
101,2,OIL,2278.22
101,1,OIL,1522
101,1T,OIL,1591
101,1H,OIL,2872
101,1T,OIL,2177
104,1,OIL,2415
930,,,0
101,1,OIL,1791
101,1T,OIL,2756.4
101,1H,GAS,816
101,1H,GAS,1550.4
101,1T,GAS,1628
101,1H,GAS,1224
101,1,OIL,1128
101,2,OIL,1712
101,1H,ELECTRIC,2050
101,1T,OIL,1836
101,1T,GAS,2126
101,1T,GAS,1612
101,2,GAS,1776
101,1T,OIL,1821.2
101,2,GAS,1939.6
101,1T,GAS,1547
101,2,OIL,1761
101,1T,OIL,1806
101,1T,OIL,1928
101,1T,GAS,1743
101,1T,GAS,2932.5
101,1,GAS,4058.25
104,2H,OIL,3834.2
109,1T,GAS,2256.5
104,2A,OIL,1970
101,2,OIL,1742
101,1T,GAS,730.08
101,1T,GAS,1529.25
101,2,OIL,1813
132,,,0
131,,,0
131,,,0
132,,,0
132,,,0
112,2,GAS,11764.8
104,2A,OIL,3004
111,2,OIL,6318
111,2,OIL,6318
105,2H,OIL,3483
111,2H,OIL,3502.5
101,2A,OIL,3015
104,2T,GAS,2548.21
104,2H,OIL,2265
101,1T,GAS,1633.5
101,2A,OIL,2506.33
101,2,GAS,2551.2
111,2A,GAS,3778.8
101,2A,OIL,1976.8
101,2,OIL,1152
101,2,GAS,2950.2
102,2T,GAS,1364.4
102,1,OIL,1879
102,2T,GAS,1337
102,1A,OIL,1538
102,2T,GAS,1192
101,1T,GAS,3375.6
101,2A,GAS,2640
101,1,GAS,2537.2
101,1T,OIL,2194.5
101,1,OIL,2985.2
101,2,GAS,3105.4
101,1,OIL,2788
101,2,OIL,4690.8
101,1,OIL,2312
101,1,OIL,2743.3
101,1,OIL,2863.2
101,2,OIL,2806.4
101,2A,OIL,3070.4
101,2,ELECTRIC,2902
101,2T,OIL,4268
101,1,OIL,1392
101,1,OIL,2414.4
101,1,OIL,1807.1
101,1,OIL,1833
101,1,OIL,1833
101,1,OIL,2516.2
101,1,OIL,1156
101,1,OIL,1304
101,2,OIL,2767
101,1,OIL,3510
101,2,OIL,2571
101,2,OIL,2766
101,2,OIL,2496
101,1,OIL,922
101,1,OIL,1242
101,1,OIL,1613.2
101,1,GAS,1505.2
101,1,OIL,1478.8
101,1,OIL,1186
101,1,OIL,1180
101,1,OIL,1592
101,1,GAS,1315.6
104,2,GAS,2716
101,1,OIL,1642
101,1,GAS,1546
101,2,GAS,2124.4
101,1,OIL,1734
101,1,GAS,1308.4
101,2,GAS,2923
101,2,OIL,2044
101,1,GAS,1594
101,1,OIL,1759
101,1,OIL,2877.5
101,2,GAS,2437.6
104,1,OIL,2813.85
101,1,OIL,1646.4
104,2,OIL,2578
101,2,OIL,3043
423,1,ELECTRIC,840
930,,,0
101,1,GAS,2460
101,1,OIL,1890
101,1,OIL,1686
101,1,OIL,1728
101,1,GAS,1216
101,1,OIL,1104
101,1,OIL,2623
101,1,OIL,1344
101,2,OIL,2912
101,2,OIL,3734.5
101,1,OIL,1254
101,1,GAS,1504
101,1,OIL,2514
101,1,OIL,1328
101,1,OIL,1872
101,1,OIL,1590
101,1,OIL,1439
101,1,OIL,1056
101,2,GAS,2190
101,2,OIL,1750
101,1,OIL,1560
101,2A,OIL,2256
101,1,OIL,1408
101,1,OIL,1404
101,1,OIL,1646
101,2,OIL,2716
101,1,OIL,1248
101,1,OIL,1408
101,2,GAS,2432
101,2,GAS,2278
101,1T,GAS,1622
101,1T,GAS,2877.56
959,2,OIL,3953.25
101,1,OIL,1610
101,1T,OIL,2054
101,1T,GAS,1268.75
101,1,ELECTRIC,2124.8
101,1,OIL,1964
101,1T,OIL,3354.9
101,1,OIL,1627.2
101,1,OIL,2099.2
101,2A,GAS,2799.2
101,1,OIL,2033.2
101,1T,GAS,1456
101,1,OIL,1234
101,1T,OIL,1724
101,2,OIL,1620
101,1,ELECTRIC,1958
101,1T,GAS,1904
101,1T,OIL,1760
101,1,OIL,1300
101,1,GAS,2617.4
101,1H,GAS,1632
101,1,GAS,2345.6
101,2A,GAS,2592
101,2A,GAS,2592
101,2A,OIL,1512
101,1,OIL,816
101,1T,OIL,2379.5
104,1,GAS,1352
104,1,GAS,2864
104,1,GAS,1352
930,,,0
101,1,OIL,2427
101,2,OIL,1628
101,1,GAS,1196
101,1,GAS,2319.8
101,1,OIL,1977.6
101,1,OIL,2198.8
101,1T,GAS,2700
140,1,GAS,3408
101,1T,GAS,1344
101,2,OIL,2624
101,1,OIL,2553.4
104,2A,OIL,2134.25
101,2,GAS,1296
101,1T,OIL,1372.24
101,2A,GAS,1680
930,,,0
104,2,GAS,2400
101,1H,GAS,1044
101,1,OIL,868
101,2,OIL,2278
101,2,OIL,2026
101,2,GAS,1392
104,1,GAS,4644.8
101,1H,GAS,2250
101,2,GAS,1635.5
101,1H,OIL,1386
104,2,OIL,2422.68
101,1H,OIL,1200
101,1A,OIL,1593.52
101,1T,GAS,1140
101,2,OIL,2368
101,2,OIL,1850.25
101,1,GAS,1711
102,1,GAS,847.96
102,1,GAS,1017.1
102,1,GAS,864.29
102,1,GAS,848.72
102,1,GAS,984
102,1,GAS,851.53
102,1,GAS,886.66
102,1,GAS,586
105,2H,GAS,3335.5
101,1T,GAS,1578
101,2,GAS,2166.2
101,1T,OIL,2262
101,1T,OIL,3048.3
101,1H,GAS,958
101,1T,GAS,1126.5
104,1T,GAS,3311.55
101,1T,OIL,1639
101,1T,GAS,2018.4
101,2,OIL,1420.8
101,2,OIL,2078.1
101,2A,OIL,1226
101,2,OIL,1798
101,2,GAS,1642.4
104,1T,OIL,2914.5
101,1T,OIL,2067
101,1,OIL,1904
104,2,GAS,2281
101,1T,GAS,1635.5
101,2,OIL,1549.4
101,1T,GAS,2599.8
101,2,GAS,2146.4
101,2,OIL,1460
109,2H,OIL,4679
102,2,ELECTRIC,948
102,2,ELECTRIC,948
101,2,OIL,2470
101,1T,OIL,2952
101,1T,OIL,2505
101,1,OIL,2684
101,1,OIL,2155
932,,,0
101,2,ELECTRIC,2419.5
101,1,OIL,2000
101,1,OIL,2220
101,1T,OIL,3024.4
101,1,OIL,1693
101,1,OIL,2270
101,2,OIL,2189.6
101,1,OIL,1512
101,2,OIL,2419.2
101,1,OIL,2757.6
101,1,OIL,1982
101,1T,OIL,1754
101,1,OIL,1641.6
101,1,OIL,1672
101,2,OIL,2166
101,1T,OIL,1922
101,1T,OIL,1618
101,1,OIL,3935.1
101,2,OIL,1979
101,2A,OIL,2433
132,,,0
101,1,GAS,2255
101,1,GAS,3429.1
101,1,OIL,3069
101,1,ELECTRIC,1688.2
101,1,ELECTRIC,2276.4
101,1,GAS,3109.6
101,1,OIL,1701
101,1,GAS,1728
101,1T,OIL,3158.75
101,2,GAS,4016
101,2,GAS,2232
101,1,OIL,2309.8
132,,,0
132,,,0
101,2,GAS,1506
101,2,OIL,1698
101,1,ELECTRIC,1209.6
111,3,OIL,3591
334,1,GAS,1232
101,2,OIL,1271
13,1,OIL,4861
101,1,GAS,894
13,2,ELECTRIC,2936
101,2,GAS,1418
102,3,GAS,1950
101,2T,OIL,4006
101,2,OIL,4907.5
101,2A,OIL,3739.4
101,2,OIL,4675.28
101,1T,OIL,2824
101,2A,OIL,3629
101,2,GAS,4245
101,2A,GAS,4404.6
101,2,GAS,6080.4
101,2H,GAS,3205.3
101,2,GAS,4358.48
101,2T,GAS,6448
101,2,GAS,6622
101,2,GAS,5141
132,,,0
101,1,OIL,2392.2
101,1,OIL,1500
101,1,OIL,1611
101,1,OIL,1411
101,1T,OIL,2231.8
101,1,OIL,892
101,1,OIL,1560
101,1,OIL,1360.8
101,1,OIL,1686
101,1,GAS,1566
101,1,OIL,2592
101,1,GAS,2368.8
101,1,GAS,1268
428,1,GAS,2440
428,,,0
101,1,GAS,1388.52
101,2,GAS,3726.4
101,2,GAS,3741
101,2,GAS,4286.5
101,2,OIL,2672.5
101,2,OIL,4507.2
391,,,0
322,1,GAS,122145
930,,,0
101,1,OIL,1860.8
101,1A,OIL,2804.88
101,1T,OIL,2988
101,1T,OIL,2484
101,2,ELECTRIC,1638
101,2,OIL,1700.4
101,1T,OIL,1635
101,1,OIL,1778.4
101,1,OIL,1459.2
101,1,OIL,763
101,1,OIL,2469.2
101,1,OIL,1304
101,1T,OIL,1608
101,1,OIL,1913.6
101,1T,OIL,2221.5
101,1T,OIL,1947
101,1T,GAS,2787.93
101,2,GAS,561.6
101,1T,GAS,2040
101,1,ELECTRIC,2220
104,2,OIL,2391.12
102,2A,OIL,1296
102,1,GAS,905
102,2A,OIL,1296
102,1,GAS,978
102,1,GAS,708
102,2H,OIL,1413
102,2H,OIL,1413
101,1,OIL,2088
101,1,OIL,1452
101,1,OIL,1388
101,1,OIL,1392
101,1,OIL,1882
101,1,OIL,1464
101,1,OIL,2003.2
101,1,OIL,2522.4
101,1,OIL,2128.4
101,1,OIL,1847.6
101,2A,OIL,3965
101,1,OIL,1152
101,1,OIL,2573
101,1,ELECTRIC,2093.5
101,1,OIL,1435.2
101,1,OIL,2246.4
101,1,OIL,1894.2
101,1,OIL,1204
101,1,OIL,3411.5
101,1,OIL,2580
101,1,OIL,2000
101,1,OIL,2026.5
101,2,OIL,2845
101,1,OIL,2056.8
101,1A,OIL,3078.4
101,1,OIL,2331.8
101,1,OIL,2585.8
101,2,OIL,3174
101,1,OIL,1264.4
101,1,GAS,1450
101,1,GAS,1910
101,1,OIL,1846
101,1,GAS,1248
101,1,GAS,2092.2
101,2,OIL,4009.1
101,2,OIL,3676
101,2,OIL,3264
101,2,OIL,4948
101,2,OIL,5022.8
101,2,OIL,3828.4
101,2,OIL,3192
101,2,OIL,3472
101,2,OIL,4186
101,2,OIL,4648
101,2,OIL,4145
101,2,GAS,1673.7
101,2,OIL,2013.35
101,2A,GAS,3020.52
104,2A,OIL,3289.9
105,2A,OIL,3366
101,2A,GAS,2682.1
101,1,OIL,1789
101,1T,OIL,3166.8
105,2,OIL,2739.6
101,2,OIL,1929
101,1T,OIL,4121.35
101,1,ELECTRIC,1515
101,2A,OIL,8214.21
101,1,OIL,3649.5
101,1,ELECTRIC,4543.6
101,1T,OIL,3429.6
101,1T,OIL,2150
101,1T,GAS,1531.25
101,2,OIL,3816
101,2,OIL,3189
101,2,OIL,3805.3
101,2A,OIL,4795.8
101,2,OIL,3980
101,2,OIL,2652
101,1,OIL,3564
101,2,OIL,3804
101,2,OIL,3947.6
101,2,OIL,3473
101,1T,OIL,1638
101,1,OIL,1586
101,1T,OIL,1846.5
101,1T,OIL,2185.7
101,1,OIL,1633.5
101,1T,OIL,1902
101,1T,OIL,1648
101,1T,OIL,2538.5
101,1T,OIL,4760.4
101,1,OIL,1478
101,1,OIL,1411
101,2A,OIL,4173.36
101,1,OIL,1496
101,1,OIL,1164
101,2,OIL,2136
101,1,OIL,1296
101,1,OIL,1376
101,1,GAS,1612
101,1,OIL,1680
101,1,OIL,1162
101,1,OIL,1780
101,2,OIL,2635
101,1,GAS,1956
101,2,OIL,2570
101,2A,OIL,3945.5
101,1,OIL,1128
101,2,OIL,2036
101,2,GAS,2222
101,2,OIL,2536
101,2,OIL,2691
101,1,OIL,1488
101,1,OIL,1382
101,1,OIL,2224
101,1,GAS,1916
101,2,OIL,2788
101,2,GAS,2056
101,1T,OIL,2016
101,1,OIL,1416
101,1,OIL,864
101,1,OIL,1561
101,2,OIL,2774
101,1,OIL,1404
101,2,OIL,1894
101,1,ELECTRIC,1496
101,2,OIL,1750
101,1,OIL,1660
101,1,OIL,1546
101,1,OIL,1120
101,2,OIL,2036
101,2,OIL,2146
101,2,OIL,3648
101,1,OIL,1648
101,2,OIL,2288
101,1,OIL,1910
101,1,OIL,1236
101,2,OIL,3060
101,1,OIL,1280
101,1,OIL,864
101,1,OIL,2305
101,1,OIL,864
101,1,OIL,1404
101,2,OIL,3012
101,1,OIL,1056
101,1,OIL,1088
101,1,OIL,1120
101,1,OIL,1356
101,1,OIL,1248
101,2,OIL,2184
101,2,GAS,3289
101,1,OIL,2128
101,1,OIL,864
101,1,OIL,1840
101,1,OIL,3429
101,1,OIL,1674
101,1T,GAS,2800
101,1,OIL,1296
101,1,OIL,2455
101,1,OIL,1056
101,1,OIL,2214
101,1,OIL,2553
101,1,GAS,1416
101,2,OIL,2192
101,1,OIL,1704
101,2,GAS,2432
101,1,OIL,1088
101,1,GAS,1404
101,1,GAS,1312
101,1,OIL,1368
101,1,OIL,864
101,1,OIL,864
101,1,OIL,2136
101,1,OIL,1560
101,2,OIL,1750
101,2,OIL,3180
101,1,OIL,2241
101,1T,OIL,987
101,1T,OIL,1666
101,1T,OIL,2368
101,1T,OIL,2653
132,,,0
101,1,OIL,1638
101,1,OIL,4616
101,1T,OIL,3026.5
101,1T,GAS,2068.1
101,1,OIL,2275.6
101,1,OIL,998
101,2A,OIL,5193.3
101,1,GAS,1402
101,2,OIL,1410
101,1,OIL,1465
101,1,GAS,2303.5
101,1T,GAS,1218
101,1T,GAS,3349
101,2A,OIL,4518.7
101,2,GAS,4972.86
101,2,OIL,4757
101,1T,OIL,3846.25
101,2,GAS,4515
101,2,OIL,3934.8
101,1T,OIL,1632
931,1,ELECTRIC,9758.4
104,2,OIL,3411
101,1T,GAS,1686
101,1T,GAS,1001
101,1T,OIL,1324.5
104,2A,OIL,1903.4
104,2A,GAS,2340
930,,,0
101,1A,OIL,1594.65
104,2A,GAS,2046
101,2,OIL,1883.4
101,1T,GAS,1672
101,2A,OIL,1825.2
101,2H,GAS,1344
930,2,ELECTRIC,7614
101,2,OIL,1598
101,1H,OIL,1983
101,2,GAS,1856
104,1T,OIL,2195.5
101,2,OIL,1200.8
101,1T,GAS,2078.5
104,2,ELECTRIC,1440
101,1A,GAS,1039.68
101,1T,OIL,1490
101,1T,OIL,1184.5
101,2,OIL,2258
101,2,OIL,1452
111,2A,OIL,3153
111,2A,GAS,4222.21
101,2,OIL,1482
104,2A,OIL,2364
101,2,OIL,2566.3
101,2A,OIL,2583.5
101,2,ELECTRIC,4760.6
101,2,GAS,4008.4
101,1,OIL,3494.4
101,2,OIL,4507.9
101,2,GAS,3526.4
101,2,OIL,6067
101,2,OIL,3749.2
931,1,NONE,4612
953,,,0
960,,,0
132,,,0
930,,,0
960,,,0
953,,,0
953,,,0
953,,,0
953,,,0
953,,,0
953,,,0
953,,,0
13,2A,OIL,2016
930,,,0
930,,,0
930,,,0
101,1H,OIL,3714.55
101,2,OIL,4003.2
101,2,OIL,3045
101,2T,OIL,2096.4
953,,,0
101,1H,OIL,1350
101,1T,OIL,2688
960,2,GAS,8720
423,,,0
423,,,0
982,,,0
932,,,0
423,,,0
101,2,OIL,3144.8
101,2,OIL,3138
101,2,GAS,2592
101,2,GAS,3924
101,2T,OIL,3653
101,2T,GAS,3527
101,1,OIL,1800
101,1,OIL,2256
101,1,OIL,1504
101,1,OIL,2082
101,1,OIL,2210
101,1,GAS,1415
101,1,OIL,1703
101,1,OIL,1404
101,1,OIL,1812
101,1,OIL,1532
101,1,OIL,2200
101,1,OIL,3494
101,1,OIL,1656
101,2,OIL,2239
101,1,OIL,1568
101,1,OIL,1376
101,1,OIL,1426
101,1,OIL,1947
101,1,OIL,1512
101,2A,GAS,4239.5
101,1,OIL,2012
101,1,OIL,1955
101,1,GAS,1056
101,1,OIL,1591
101,1,OIL,2768
934,3,GAS,252965
101,1,OIL,3102
101,2,GAS,3154
101,1,OIL,1200
101,1,OIL,1276
101,1,OIL,1344
101,1,OIL,1452
101,1,OIL,1032
101,1,OIL,2624
101,2,OIL,2578
101,1,OIL,1056
101,1,OIL,1200
101,1,GAS,2096
101,1,OIL,1056
101,2,OIL,2321.4
101,1,OIL,2068.4
101,1,OIL,1961.6
101,1T,GAS,2105.6
101,1T,GAS,2317
101,1T,GAS,1985.6
101,1T,OIL,1517.5
101,1T,GAS,2995
101,1T,GAS,1958
101,1H,GAS,1056
101,1T,OIL,2660
101,2,OIL,2124
101,1,OIL,2260
101,1,OIL,2877.8
101,2,OIL,2565.4
101,2A,OIL,2661.6
101,1,OIL,2064
101,1,OIL,2232
101,1,OIL,1728
101,1,OIL,2064
101,1,OIL,2064
101,1,OIL,1795.2
338,1,OIL,4080
401,1,OIL,3560
931,1,GAS,11656
400,1,GAS,12000
442,,,0
101,2,OIL,1708
101,2,OIL,2622
101,2,OIL,2864.75
101,1,GAS,2929.5
101,1H,GAS,1608
101,2A,OIL,2215.5
101,1T,GAS,1687.5
101,2,OIL,1700
101,2A,GAS,1831.46
101,1H,OIL,1700.8
101,1,GAS,1372
101,1,OIL,1702
101,2,OIL,1395
101,2,OIL,1503.55
106,,,0
101,1,GAS,1831.2
101,2,OIL,2088
101,2,OIL,3621
101,2,OIL,3769.6
132,,,0
101,2,GAS,4245.2
101,2,GAS,5595.18
101,2,GAS,3320
101,2,GAS,4021
101,2,GAS,5012.4
101,1H,GAS,3634.5
101,2,GAS,5454
101,1,GAS,2024.8
101,1,OIL,1512
101,1,GAS,2067.7
101,1,OIL,1747.2
101,1,OIL,2026.5
101,1T,GAS,2701
101,1,GAS,1924.5
101,1,GAS,1908
111,2,ELECTRIC,3488
101,1T,OIL,2407
104,2,GAS,2681
101,2,GAS,3378
101,1,GAS,1745.5
101,1T,OIL,2151
101,2,GAS,2198
101,1T,OIL,1575
101,1,GAS,1589
101,1,OIL,2540.9
101,1T,GAS,3159
101,1,GAS,2514.5
101,1,GAS,2293.2
101,1T,GAS,2270.5
101,1,GAS,1139
101,1T,GAS,1861
101,1,GAS,2284.2
101,1,GAS,2381.5
101,1H,OIL,2325.5
101,1T,OIL,5289
101,2A,OIL,4919.5
101,1T,OIL,3465
959,1A,GAS,2854
101,2,OIL,3490
101,1,OIL,1929.6
101,1,OIL,2160
101,1,OIL,1545
101,1,OIL,2100
101,1,OIL,1392
101,1,OIL,2065
101,1,OIL,2100
101,1,OIL,1392
101,1,OIL,2064
101,1,OIL,1963.2
101,1,OIL,2078.4
101,1,OIL,1929.6
101,1,OIL,1881.6
101,1,OIL,2598.4
101,2,OIL,3357
101,1,OIL,2232.4
101,1,OIL,1755
101,1,OIL,1400
101,1,OIL,1929.6
101,1,OIL,2622
101,1,OIL,2243.2
960,,,0
131,,,0
131,,,0
101,1,GAS,1945.5
101,1,GAS,2042
101,1H,OIL,1362
101,1,OIL,1584
101,1,OIL,1440
101,1T,OIL,2001.25
101,2A,OIL,1937
101,2,GAS,2471.4
101,1T,OIL,1904
101,2,OIL,1256
101,2A,OIL,1692
101,2,OIL,1675.5
101,2A,OIL,2429
930,,,0
111,2A,OIL,3693
104,2A,GAS,2080.8
104,2A,GAS,1740
101,2A,GAS,1945.2
101,2,OIL,1283
105,2A,GAS,3916.42
101,2,OIL,1370.9
101,2A,GAS,1490
101,2,OIL,1523
101,1H,OIL,1797.6
101,2,OIL,1798.2
101,1A,GAS,1274.88
101,1A,OIL,1178.88
101,1T,GAS,1815.5
101,2A,OIL,1804
101,1H,GAS,1430.5
102,1,OIL,744
102,1,OIL,647
102,1,OIL,694
102,1,OIL,483
102,1,OIL,485
102,1,OIL,655
102,1,OIL,642
102,1,OIL,497
102,1,OIL,497
102,1,OIL,664
101,1T,OIL,2373
930,,,0
101,2T,OIL,2058.2
132,,,0
132,,,0
101,1,OIL,2300
131,,,0
101,1T,OIL,2418.3
132,,,0
101,1H,OIL,2124
101,1,OIL,2396
101,2,OIL,1724
101,1,OIL,1612
101,2,OIL,2394.15
101,1T,OIL,2466.5
101,1,OIL,2006.8
101,1,GAS,6248
101,1,OIL,2039
101,1T,OIL,2800
101,1T,OIL,1776.25
101,1H,OIL,1248
101,1T,OIL,2004
132,,,0
101,1T,OIL,2677.1
101,1H,OIL,6153.58
101,2H,OIL,2460
101,2,OIL,1123.85
101,2,OIL,2084
101,2,GAS,1724
101,2,OIL,2069
101,2A,OIL,2636
101,1,OIL,672
101,1T,OIL,1428
101,2,GAS,3921
101,2A,GAS,2906.5
101,1T,OIL,4023
101,2A,OIL,1416.35
101,2,GAS,3081
101,1T,OIL,2373
392,,,0
401,1,OIL,5000
31,2H,GAS,29708.4
101,1,OIL,1234
101,2A,GAS,1960
105,3,GAS,2581.9
101,1T,OIL,1500
101,2,GAS,2648.2
101,1T,GAS,1979
101,2A,OIL,3094
101,2,GAS,2242.8
104,2H,GAS,2125
101,2A,OIL,2729.8
101,1T,GAS,1672
132,,,0
101,3,GAS,3439.6
101,2H,OIL,2243
101,2A,GAS,2464
930,,,0
960,1,GAS,9399
101,2,OIL,1884
101,1T,GAS,1720
101,1T,GAS,2092.25
101,2T,GAS,3852
101,2A,OIL,2615
101,1T,GAS,1734.05
930,,,0
101,2A,OIL,1336
101,2A,OIL,2152.8
101,1T,OIL,1932
104,2A,GAS,2290
104,2H,OIL,2568
104,2A,OIL,3053.2
104,2A,GAS,2631
101,2A,GAS,1666
101,1A,GAS,1397.3
101,1H,OIL,1209
132,,,0
109,2A,GAS,3212.6
104,2H,OIL,1620
104,2A,GAS,2196
101,1T,GAS,1430
101,2H,OIL,1575.8
101,1T,OIL,2260
101,1,OIL,1657
101,1T,OIL,2181
104,2A,OIL,3434
101,2,GAS,3531
101,1T,GAS,1485
101,2,OIL,3683.4
104,2H,OIL,2584
101,1T,OIL,1601.25
101,1T,GAS,1723
101,2A,OIL,1628
101,2,OIL,5043.15
101,2,GAS,2641.96
101,1T,OIL,1344
101,1T,GAS,1728
101,1T,OIL,2167
101,1H,OIL,1487
101,1T,OIL,955.5
101,1,OIL,2527.2
101,1A,OIL,1604.46
101,2,OIL,1840
101,1H,GAS,1381
101,2,GAS,1381.5
101,1T,GAS,1635
101,1T,GAS,2114.5
104,2,GAS,5060.1
101,1H,GAS,1150.5
101,1T,GAS,1198.5
101,1,GAS,2962
101,1T,GAS,1475.25
104,2A,GAS,2271.2
101,1T,OIL,1094
101,2A,GAS,1520
104,2A,OIL,2737
101,1,GAS,1590
101,2A,GAS,2002.33
101,1T,OIL,1377
101,1T,OIL,1575
101,2,OIL,1183
101,2A,OIL,2109
101,2,OIL,2152
101,1T,GAS,4615.5
132,,,0
340,2,GAS,19128
101,1,OIL,2271.2
344,1,GAS,2416
102,1H,GAS,2532
102,1H,GAS,3955.4
102,2,GAS,1925.7
102,1H,GAS,3758
102,2,GAS,1755
102,2,GAS,2373.8
102,2,GAS,2373.8
102,1H,GAS,2624
102,2,GAS,3650
102,2,GAS,2563.5
102,2,GAS,3484
344,1,GAS,1095
102,2,GAS,2475.2
102,2,GAS,2475.2
102,2,GAS,2386.8
102,1H,GAS,3756.5
102,1H,GAS,2602
102,2,GAS,2486.8
102,1H,GAS,3259.4
102,2,GAS,2091
102,2,GAS,2228
102,1H,GAS,2602
344,1,GAS,3851
102,1H,GAS,2603
102,2,GAS,1768
102,1H,GAS,2603
102,1H,GAS,2783
102,2,GAS,2328.9
102,1H,GAS,3596
101,1,OIL,1820.5
101,1,OIL,1714.4
101,2,GAS,2353.5
101,1T,OIL,2146.5
101,1H,GAS,1833
101,1T,OIL,3471
101,1T,GAS,2207.2
104,2A,OIL,2382.8
104,2A,GAS,3755.6
101,1T,OIL,1683.5
101,1T,OIL,1393
101,1H,OIL,1069.5
101,2,OIL,2556
101,1T,GAS,2549.5
105,3,OIL,3137.5
101,2,OIL,1787
101,1T,OIL,1226
105,2H,GAS,2848
101,2A,GAS,2087
105,3,GAS,2943.5
104,2A,GAS,1859.6
104,2H,OIL,2680.5
111,2H,GAS,4532
101,1T,OIL,1701
101,1T,OIL,2088.5
104,2A,GAS,2139.6
111,2H,OIL,3456
101,1T,GAS,1702.75
104,2H,OIL,2640
104,2A,GAS,2912.53
101,2,GAS,1493
105,3,OIL,4745.6
101,2,OIL,2046
962,,,0
101,2A,OIL,1749
101,1H,OIL,1060.8
101,2A,GAS,1459
101,2A,OIL,1972.5
101,2A,OIL,1656
101,2A,OIL,2445.57
101,1H,OIL,1760.5
104,2A,OIL,3346
101,1T,GAS,1664
101,2A,GAS,1904
101,1H,OIL,1531
104,2H,GAS,3188
104,2A,OIL,2685.2
101,2A,OIL,2328
104,1T,OIL,2332
101,2A,GAS,2109.76
101,2A,OIL,2353.2
101,2A,GAS,2470.36
104,2A,OIL,2036
101,1H,OIL,1200
101,2,OIL,1882
101,2A,OIL,1700
101,2,GAS,1837.6
101,2A,OIL,1777.26
101,2,OIL,1236.8
101,1T,OIL,1836
101,1,OIL,1080
101,2,GAS,1262
101,1T,GAS,1206
101,2,OIL,1566
101,2,GAS,2839.2
101,1H,OIL,1425.6
104,1,GAS,3100
101,1H,GAS,1482
101,2,OIL,1444.6
101,1,GAS,1016
101,2,OIL,1382
101,2,OIL,1122
101,1,OIL,1319
104,2A,OIL,1568.8
104,2A,GAS,2493.4
101,2A,GAS,2250
101,2,GAS,2293.2
101,2,OIL,1512
101,2,OIL,1926.4
101,1T,OIL,1262
101,2H,GAS,3651.5
130,,,0
101,2H,GAS,3143
130,,,0
130,,,0
130,,,0
442,,,0
101,2A,GAS,1544
104,2A,OIL,1920
104,1T,GAS,1975.5
353,2H,GAS,11927
101,2A,OIL,1679
101,1T,GAS,1473
101,1T,OIL,1396
104,2A,OIL,1847.16
101,2A,GAS,1672
105,2T,OIL,3255.5
338,2,GAS,1680
404,1,GAS,101208
400,1,GAS,55653
404,1,GAS,102816
404,1,GAS,177782
404,1,GAS,78848
404,1,GAS,67600
340,3,GAS,38487.8
404,1,GAS,19469
403,,,0
404,1,GAS,59321
111,2H,OIL,3368
340,2A,GAS,3779.8
109,2H,GAS,15490.2
104,2A,ELECTRICC,3496.6
104,2A,OIL,2016
340,2A,GAS,3359
101,1T,GAS,2035
111,2T,GAS,4737.25
111,2A,OIL,3902
105,2A,OIL,3050
937,2H,GAS,3552
340,2,OIL,21170
104,2A,GAS,1962.8
105,2H,OIL,3406
101,1T,OIL,2652
101,2,OIL,2697.2
310,1,OIL,5280
111,2A,OIL,3272.8
104,2A,OIL,2715.7
104,2A,GAS,3364
101,2A,OIL,2478
101,2T,OIL,2531
104,2A,OIL,3729.68
104,1T,OIL,2076
101,2A,OIL,2001.8
101,2H,OIL,3101
102,1,GAS,901
102,2A,GAS,1844
102,3,GAS,1360
102,2,GAS,2383.9
102,2,GAS,1644
102,2A,GAS,1414
102,1A,GAS,500
102,1,GAS,719
102,2,GAS,1568
102,3,GAS,1534
31,2A,GAS,4645.41
102,1A,GAS,517
102,1A,GAS,1302.66
102,3,GAS,1258
102,2,GAS,1875
102,2,GAS,1895
102,1A,GAS,964.42
102,3,GAS,1687
102,2,GAS,1908
102,1,GAS,1896
102,1,GAS,1914
102,3,GAS,1725
102,2A,GAS,1768.7
102,3,GAS,1728
102,2A,OIL,1356
102,2A,GAS,1356
101,2A,GAS,1893.32
101,2A,OIL,2556.9
101,1,GAS,2506.93
101,2H,GAS,2772.08
101,2,GAS,2006.75
101,2A,OIL,2093.2
101,2A,OIL,2626.7
101,1H,GAS,1320
101,2A,GAS,2101.25
101,1T,OIL,1435.5
101,1A,GAS,1355.64
105,3,GAS,3523.2
101,2,GAS,3058
961,2,GAS,1872
102,2T,GAS,1599.75
102,2,GAS,2313.8
102,2T,GAS,1599.75
102,2,GAS,1919
101,1T,OIL,1872
101,2A,GAS,2632
101,1T,OIL,2508.25
101,2,GAS,2224.64
104,2T,GAS,3199.25
101,2,GAS,1400
101,1T,OIL,1078
101,1T,GAS,1080
101,1T,GAS,1126.44
101,2,GAS,2196.75
101,2A,OIL,1848.44
104,2A,OIL,3442.08
101,1T,GAS,1347.5
101,1T,OIL,1153.25
104,2T,OIL,2730
101,2,OIL,1628.5
101,2,GAS,1309.5
104,2,GAS,1840
101,2A,OIL,1924
101,1T,GAS,1580.5
101,2,GAS,1422
101,1A,OIL,1587.88
104,2A,GAS,2272.8
104,2A,GAS,3061
101,1T,OIL,1065.75
101,1T,OIL,1167.25
101,2,OIL,1790.1
101,1,GAS,3622
101,2,OIL,3655.2
109,1,OIL,3904
101,2,OIL,2244.8
101,2A,OIL,2891.5
101,2,GAS,2912.8
101,1T,GAS,2580
101,2,OIL,2064
961,1,GAS,2329.6
101,2A,GAS,4550.2
101,2A,OIL,4197.56
101,2A,OIL,3011
101,2A,GAS,3385.5
101,2,OIL,2775.4
101,2,OIL,2778
104,1T,OIL,1874.5
101,1T,GAS,1764.75
101,2,GAS,2798
101,2,OIL,1745
101,2,GAS,2012
104,2A,GAS,3787
101,2A,GAS,2308
101,2T,GAS,2646.25
105,3,OIL,2210.4
101,2A,ELECTRIC,1649
101,2,OIL,1764.5
104,2H,GAS,2573.5
101,2A,GAS,2160
101,2,OIL,1604
101,1T,GAS,2263.2
101,1T,OIL,1428
101,1T,OIL,1836
101,1T,OIL,2457.5
101,1T,GAS,1264
101,1,GAS,1212
104,1T,OIL,2573.75
132,,,0
101,1T,GAS,1709
101,1T,OIL,1686
101,1T,OIL,1745.5
101,1T,GAS,1099
101,1T,OIL,1590
104,1T,OIL,1846.25
104,2A,GAS,2907.1
104,2A,OIL,2440.8
101,2,ELECTRIC,1814.65
101,2,GAS,2672
102,2A,GAS,1400
102,3,GAS,1555
953,,,0
130,,,0
104,1T,OIL,2236.25
101,1T,OIL,1414
101,1T,OIL,1414
101,2,OIL,1683
101,1T,OIL,2224
101,1H,OIL,1241
101,2,OIL,1844
111,2,OIL,3804
101,1,OIL,1705.2
130,,,0
101,2H,OIL,2340
101,2,GAS,3484
130,,,0
101,2,PROPANE,3649.6
101,2,GAS,3539
101,2,GAS,3843
101,2,GAS,4472.2
101,2,GAS,4314.8
101,2,GAS,3711
101,1,OIL,1416
101,2,GAS,2640
101,2A,OIL,3606
101,1,OIL,1284
101,1,OIL,2896
101,1,PROPANE,1248
101,2,ELECTRIC,2616
101,1T,OIL,2604
101,1,OIL,1862.4
101,1,OIL,3281.4
101,1,GAS,2154.6
101,1,OIL,2220
101,1,OIL,2928.64
101,1,OIL,3116
101,2,OIL,3074.28
101,2A,GAS,3596.8
101,2,OIL,2274
101,1,OIL,1824
101,1,OIL,1548
101,2,OIL,3365
101,1,OIL,2118
101,1,OIL,1078
101,1,OIL,1356
101,1,OIL,1204
101,1,GAS,1404
101,2,OIL,1500
101,1,OIL,2091.2
101,1T,OIL,2036.25
101,1T,GAS,2599.6
101,1T,OIL,1944.8
101,1T,GAS,1806
101,1T,GAS,1312.5
101,1T,OIL,1404
101,1T,OIL,1991.6
101,1T,OIL,1810.5
101,2,OIL,2636.4
101,1,OIL,1872
101,1,OIL,1312
101,1,OIL,1863
101,1,OIL,1452
101,1,OIL,1470
101,1,OIL,1656
101,1,OIL,1056
101,1,OIL,1952
132,,,0
101,1T,OIL,2469
101,1,OIL,3209.6
101,2,OIL,2277.78
101,2A,OIL,2964
101,2,OIL,2640.4
101,2,OIL,3206
101,2,OIL,3026.4
101,2A,OIL,4906.38
101,2A,OIL,5333
101,1T,OIL,3098.5
101,1,OIL,3112
101,2,OIL,2735.68
101,2A,OIL,3892
101,2,GAS,3325.8
101,2,OIL,3914.2
101,2,OIL,3258.4
101,1T,GAS,2169.5
105,2H,GAS,2794.8
13,1T,OIL,2159.5
101,1T,GAS,1318
101,1T,OIL,2199.75
101,1T,OIL,1914
101,1H,GAS,1332
401,1,GAS,59798
101,1T,OIL,1344
101,1T,OIL,1362
104,1T,GAS,1585.5
101,2A,GAS,1883
101,1A,OIL,1241.05
101,1H,ELECTRIC,1365
101,1H,GAS,1344
101,2,GAS,2636
104,1H,GAS,2040.5
970,2H,OIL,3524
109,2A,GAS,2381
101,2,OIL,2324
101,2,GAS,1530
101,1,GAS,1897.2
101,2,GAS,1666
130,,,0
104,2,OIL,3530
101,2,GAS,2025
105,2T,OIL,3942
101,1,OIL,1266
101,1T,GAS,1397
101,1T,OIL,1452
104,2A,OIL,1729
101,1T,GAS,1260
101,1T,GAS,1744
101,1T,OIL,1294
101,1,GAS,872
101,1T,OIL,1728
101,1H,OIL,1690
104,2,GAS,1924
111,2A,GAS,3746
111,2,GAS,3749.76
101,2A,OIL,2796.2
104,2A,OIL,2677.3
101,1,GAS,1893.6
104,2,OIL,2000
101,1,OIL,1858.25
101,2A,OIL,1748
104,2,OIL,4399.3
101,1,OIL,965
104,2,ELECTRIC,2132
104,2,ELECTRIC,2132
104,2,ELECTRIC,2132
104,2,ELECTRIC,2040
104,2,ELECTRIC,2000
104,2,ELECTRIC,2000
104,2A,GAS,3048
104,2,GAS,2516
104,2A,GAS,2516
101,1T,GAS,1816
101,1T,OIL,2386.8
101,2,GAS,2516
101,1T,OIL,1817
101,1,OIL,1676.8
101,1,OIL,1656.2
101,1,GAS,1253.2
101,1,GAS,1272
101,1H,OIL,1696
101,2A,OIL,1787
102,2A,GAS,1258
104,2,ELECTRIC,2080
102,2,ELECTRIC,1324
102,2,ELECTRIC,1024
102,1H,OIL,1602.46
102,2H,GAS,2066
102,2,OIL,1842
102,1,GAS,1716.8
102,2,GAS,1535
102,2,GAS,2110
102,1H,GAS,2497.5
102,2,GAS,1957
102,2,ELECTRIC,1987
102,2,GAS,1456
102,2,GAS,1853.5
102,1H,OIL,2569.5
102,2,ELECTRIC,2124.35
102,2,ELECTRIC,1947
102,2,ELECTRIC,1153
102,2,ELECTRIC,1153
102,2,ELECTRIC,1668
102,2,GAS,2005
102,2,GAS,1610
102,2,ELECTRIC,1268
102,2,ELECTRIC,1153
102,2,GAS,2084
102,1H,OIL,2602.44
102,2,ELECTRIC,2025
102,2,GAS,1945.5
102,2,GAS,1905.1
102,2,ELECTRIC,1462
102,1H,ELECTRIC,2956.85
102,2,ELECTRIC,1320
102,2,GAS,1935
102,2,GAS,1639.5
102,1H,GAS,1952
102,2,ELECTRIC,2043.65
102,2,ELECTRIC,1980.25
102,2,ELECTRIC,2312.5
102,2,GAS,1984
102,2,GAS,1786
102,2,OIL,2070.4
102,2,ELECTRIC,1160
102,2,GAS,1142
102,2,ELECTRIC,1589.3
102,2,ELECTRIC,1970
102,2,GAS,1617
102,2,ELECTRIC,1164
102,2,GAS,1152
102,2,GAS,1466
102,2,GAS,2014
102,2,ELECTRIC,1915.6
102,2,ELECTRIC,1188
102,2,GAS,1203
102,2,ELECTRIC,1191
102,2,GAS,1208
102,2,GAS,1975
102,2,ELECTRIC,2304
102,1H,GAS,1924
102,1H,GAS,2011.33
102,1H,GAS,2830.75
102,2,GAS,1989.6
102,2,GAS,1950
102,2A,ELECTRIC,1610
102,2,GAS,2103.7
102,2,GAS,1870
102,2,GAS,2866.6
102,2,OIL,1469
102,1H,GAS,2259.9
102,2,ELECTRIC,1452
102,2,GAS,1434
102,2,GAS,1922.9
102,2,ELECTRIC,1448
102,2,GAS,2089.8
102,1H,GAS,2224.41
102,1H,OIL,1603.46
102,2,ELECTRIC,1446
102,2,GAS,1718
102,2,GAS,1436
102,2,GAS,1504
102,2,GAS,1452
102,1H,GAS,2054
102,1H,OIL,1926
102,2,ELECTRIC,1470
102,2,ELECTRIC,1200
102,2,ELECTRIC,1200
102,2,GAS,1208
102,2,GAS,1208
102,2,GAS,2265.45
102,1H,GAS,1613.97
102,2,ELECTRIC,1788
102,2,GAS,2267.2
102,2,GAS,2033.55
102,2,GAS,2084.7
102,2,GAS,2297.8
102,1H,ELECTRIC,2865.8
102,2,OIL,1444
102,2,OIL,1448
102,2,ELECTRIC,1615.5
102,2,ELECTRIC,1024
102,2,ELECTRIC,1448
102,2H,GAS,2066
102,2,GAS,2619
102,1,GAS,1452
102,2,GAS,1653.6
102,1H,OIL,1588.97
102,2,ELECTRIC,1619
102,1H,GAS,1612.48
102,2,GAS,1607
102,2,ELECTRIC,1289
102,2,ELECTRIC,2075
102,2,GAS,1607
102,2,ELECTRIC,1281
102,2,ELECTRIC,2040
102,2,GAS,1615.5
102,2,ELECTRIC,1594
102,2,ELECTRIC,2040
102,2,GAS,1613
102,2,ELECTRIC,1601
102,2,ELECTRIC,2040
102,2,ELECTRIC,1622
102,1H,GAS,2344
102,1H,ELECTRIC,2685.57
102,2,GAS,1448
102,2,ELECTRIC,1205
102,2,ELECTRIC,1672.5
102,2,ELECTRIC,1190
102,2H,GAS,2066
102,1,ELECTRIC,1205
102,2,ELECTRIC,1637
102,1,ELECTRIC,1205
102,2,GAS,1617
102,2,ELECTRIC,1647
102,1,ELECTRIC,1205
102,2,GAS,1608
102,2,ELECTRIC,1641
102,2,GAS,1942.2
102,2,GAS,1608
102,2,ELECTRIC,1633.5
102,1H,GAS,2142
102,2,GAS,1617
102,2,ELECTRIC,1361.1
102,1H,GAS,1626.95
102,2,ELECTRIC,1606.5
102,2,ELECTRIC,2001.2
102,2,GAS,1953.4
102,2,ELECTRIC,2074.6
102,2,GAS,3546
102,2,GAS,2511
102,2,GAS,1939.9
102,2,ELECTRIC,1328
102,2,ELECTRIC,1190
102,2H,GAS,2066
102,2,ELECTRIC,1967.25
102,2,ELECTRIC,1623.5
102,2,ELECTRIC,1931.8
102,2,GAS,1617
102,2,ELECTRIC,1496.5
102,1H,ELECTRIC,2758.6
102,2,GAS,1608
102,2,ELECTRIC,1651
102,2,GAS,1608
102,2,ELECTRIC,1659
102,2,GAS,1468
102,2,GAS,1617
102,2,ELECTRIC,1498
102,2,ELECTRIC,2076.6
102,2,ELECTRIC,1647.5
102,2,GAS,2059.5
102,2,GAS,2052.6
102,2,GAS,2026.85
102,2,OIL,1442
102,2,ELECTRIC,1660
102,1,ELECTRIC,1190
102,1H,ELECTRIC,2380.4
102,2,ELECTRIC,1641
102,2,GAS,1617
102,2,ELECTRIC,1639
102,2,GAS,1608
102,2,ELECTRIC,1644.5
102,1H,GAS,1861
102,2,GAS,1608
102,2,ELECTRIC,1651.5
102,2,ELECTRIC,1452
102,2,GAS,1608
102,2,ELECTRIC,1360.3
102,2,GAS,2075.8
102,2,GAS,1617
102,2,ELECTRIC,1637
102,2,GAS,1422
102,2,ELECTRIC,1444
102,2,OIL,1797.5
102,1H,ELECTRIC,1881
102,2,ELECTRIC,1555.8
102,2,ELECTRIC,1190
102,1H,ELECTRIC,1912
102,2,GAS,1967.75
102,2,GAS,1621.5
102,2,GAS,1598
102,1,GAS,1096
102,1H,GAS,1911
102,1,GAS,1088
102,1,GAS,1091
102,1H,GAS,2077
102,1,GAS,1082
102,2,GAS,1889.55
102,2,GAS,1621.5
102,2,OIL,1170
102,2,ELECTRIC,1173
102,2,GAS,1169
102,2,ELECTRIC,1538.95
102,2,GAS,1963.2
102,2,ELECTRIC,1169
102,2,ELECTRIC,1453
102,2,GAS,1621.5
102,2,ELECTRIC,1884
102,2,GAS,1611
102,2,GAS,1854
102,2,GAS,1616
102,2,GAS,1932
102,1,GAS,1096
102,1T,GAS,1981
102,1,GAS,1088
102,2,GAS,1966.5
102,1,GAS,1091
102,2,ELECTRIC,2267
102,1,GAS,1082
102,1H,OIL,2736
102,2,GAS,2089
102,1T,OIL,2525
102,1H,GAS,1872
102,2,GAS,2089
102,2,GAS,2168
102,1,GAS,1091
102,2,ELECTRIC,1604.35
102,1,GAS,1082
102,2,GAS,1973
102,1,GAS,1096
102,2,OIL,2050.3
102,1,GAS,1088
102,1H,ELECTRIC,2768.8
102,2,GAS,1616
102,1H,GAS,1927
102,2,GAS,1611
102,2,GAS,1930.24
102,2,GAS,1621.5
102,1H,OIL,1912
102,1H,GAS,2572.48
102,2,OIL,1945.1
102,2,ELECTRIC,2125.7
102,2,GAS,2089
102,1H,OIL,1900
102,1,GAS,1091
102,1H,ELECTRIC,2412.25
102,1,GAS,1082
102,2,ELECTRIC,1475
102,1,GAS,1096
102,1H,GAS,2412.5
102,1,GAS,1088
102,2,GAS,2161.05
102,2,GAS,1616
102,2,ELECTRIC,2115.3
102,2,GAS,1611
102,2,GAS,1970.6
102,2,GAS,1621.5
102,1H,ELECTRIC,2778.8
102,2,GAS,1754
102,2A,GAS,1258
102,2,GAS,1648
102,2,GAS,1762
102,2,GAS,1648
102,2,ELECTRIC,1024
102,2,ELECTRIC,1024
102,2,ELECTRIC,1024
102,2,ELECTRIC,1024
101,1T,GAS,1837.5
101,2,OIL,2462
101,1,GAS,1196
101,1T,OIL,1638
101,2A,GAS,2088
101,2A,OIL,1615.2
101,1H,OIL,1719
101,1T,OIL,1515
101,1H,OIL,1374
101,2,OIL,1750.2
101,1H,GAS,1074
101,1T,OIL,1778
101,1A,OIL,1420
101,1,GAS,1604
101,1,OIL,1641.6
101,2,GAS,1533
101,2,ELECTRICC,1328.8
101,2,GAS,1122
101,1,GAS,1212
101,1A,GAS,1675.14
101,1T,OIL,1508
101,1A,GAS,928.4
101,2,GAS,1634
101,1A,GAS,3627.52
101,2,OIL,2268
316,1,GAS,61380
392,,,0
326,1,GAS,6372
330,1,GAS,23282
325,2,GAS,74415.3
342,2,GAS,32382
101,1,OIL,1680
13,1T,OIL,1791.5
101,1,OIL,816
337,,,0
83,1,ELECTRIC,800
325,1,GAS,960
125,3,GAS,76563
101,2A,OIL,2497.5
132,,,0
101,1,OIL,1672.8
101,1,OIL,972
101,2,OIL,2924
101,1,GAS,1749.6
101,1,GAS,1464
101,1,OIL,1173
924,,,0
105,2A,GAS,3193.15
101,1A,OIL,1558.96
111,2A,OIL,5093.5
111,2,GAS,5728
101,2,OIL,2136
105,2T,GAS,3811.1
13,2A,OIL,4580
960,1,GAS,10059
961,2A,GAS,6416
960,,,0
31,2,GAS,8238.5
341,2,GAS,23460
900,1,OIL,5816
111,2A,OIL,3444.4
111,2H,OIL,3538
105,2T,OIL,3187.7
101,2A,OIL,1699.8
101,2,GAS,1396
101,2A,OIL,2058.4
101,2,GAS,2264.4
101,2,OIL,1517.75
101,2A,GAS,3120.2
101,1T,GAS,2298
101,2,GAS,1810
101,2,GAS,1660.6
101,1,GAS,1818.7
101,2A,OIL,2382.8
101,1T,OIL,1737.6
101,1H,OIL,1338
101,1T,GAS,1218
101,1T,OIL,1744
101,1T,GAS,1884
101,1,OIL,1833
101,1,GAS,1112
101,2,GAS,2411
101,1T,GAS,1344
101,1H,OIL,1651.2
101,1H,OIL,1365
101,1T,OIL,1800
101,1T,OIL,1773.5
101,1H,OIL,1338
101,1H,ELECTRIC,1736.5
101,1T,GAS,1547
101,1T,GAS,1464
101,1T,OIL,1078
101,1H,OIL,1170
101,1,OIL,2015
101,1T,OIL,1783.2
101,1,GAS,1475
101,2,OIL,1840
101,1,OIL,1100
101,1T,GAS,1980
101,1H,GAS,1639
101,2A,GAS,2164.8
101,1T,OIL,1260
101,1A,OIL,1581
101,2A,OIL,2353
101,2,OIL,1812
104,1T,OIL,2235.5
101,1T,OIL,1677.5
101,2A,GAS,1519
104,2T,GAS,2439.5
101,2A,OIL,1430
105,2A,OIL,3595.75
101,2A,OIL,1700
101,2A,OIL,2043.4
934,3,OIL,142400
101,1H,GAS,1162.5
101,1T,GAS,1512
101,1H,OIL,1060.8
932,,,0
101,1T,OIL,2020.8
101,1H,GAS,1491.2
101,2,OIL,2477
101,2,OIL,2468
101,2A,OIL,2244
101,1,OIL,1284
101,1,OIL,1104
101,1,OIL,1248
112,5,GAS,86735
344,3,GAS,19000
102,2A,GAS,1000
102,1,GAS,1450
954,1,GAS,4730
102,2A,GAS,943
102,1,GAS,819
102,2A,GAS,1024
102,1,GAS,1269
102,1,GAS,1238
101,2,GAS,2432
132,,,0
101,1,OIL,1787
101,1H,GAS,1470
104,2A,OIL,2324.5
101,2,GAS,3177.6
101,2,GAS,1740
101,1,GAS,840
101,1,GAS,1812
101,2,OIL,1637
101,1,OIL,775
101,2,GAS,1808
132,,,0
101,1T,OIL,1822
930,,,0
132,,,0
132,,,0
132,,,0
930,,,0
101,2,GAS,2132
340,3,GAS,64091
114,3,GAS,96810
344,1,GAS,920
344,1,GAS,942
344,1,GAS,912
344,1,GAS,942
344,1,GAS,946
344,1,GAS,926
344,1,GAS,946
344,1,GAS,926
344,1,GAS,922
344,1,GAS,945
344,1,GAS,922
344,1,GAS,945
344,1,GAS,946
344,1,GAS,921
344,1,GAS,946
344,1,GAS,921
344,1,GAS,1036
344,1,GAS,1053
344,1,GAS,1034
344,1,GAS,1053
344,1,GAS,1043
344,1,GAS,1045
344,1,GAS,1043
344,1,GAS,1045
344,1,GAS,1057
344,1,GAS,1053
344,1,GAS,1057
344,1,GAS,1053
344,1,GAS,1053
344,1,GAS,1033
344,1,GAS,1053
344,1,GAS,1033
344,1,GAS,922
344,1,GAS,946
344,1,GAS,922
344,1,GAS,946
344,1,GAS,941
344,1,GAS,942
344,1,GAS,945
344,1,GAS,945
344,1,GAS,943
344,1,GAS,921
344,1,GAS,945
344,1,GAS,920
344,1,GAS,917
344,1,GAS,947
344,1,GAS,928
344,1,GAS,949
344,1,GAS,943
344,1,GAS,943
344,1,GAS,949
344,1,GAS,949
344,1,GAS,943
344,1,GAS,943
344,1,GAS,930
344,1,GAS,876
344,1,GAS,943
344,1,GAS,925
344,1,GAS,1036
344,1,GAS,983
102,2A,ELECTRIC,1913
102,2A,ELECTRIC,1919.2
102,1,ELECTRIC,1098
102,1,ELECTRIC,1100
102,1,ELECTRIC,1098
102,1,ELECTRIC,1095
102,2A,ELECTRIC,1395.3
102,2,ELECTRIC,1742
102,2A,ELECTRIC,1857
102,2A,ELECTRIC,1249
102,2A,ELECTRIC,1937.1
102,2A,ELECTRIC,1814.4
102,2A,ELECTRIC,1601.65
102,2A,ELECTRIC,1844.25
344,1,GAS,603
344,1,GAS,630
102,2A,ELECTRIC,1246
102,2A,ELECTRIC,1249
102,2A,ELECTRIC,1245
102,2A,ELECTRIC,1245
102,2A,ELECTRIC,1334.8
102,2A,ELECTRIC,1256
102,2,ELECTRIC,1746
102,2A,ELECTRIC,1650.9
102,1,ELECTRIC,1079
102,2A,ELECTRIC,1304
102,1,ELECTRIC,1078
344,1,GAS,769
344,1,GAS,1055
344,1,GAS,1059
344,1,GAS,1047
344,1,GAS,1045
102,1,ELECTRIC,1087
102,1,ELECTRIC,1083
102,2A,ELECTRIC,1962
102,2A,ELECTRIC,1242
102,2A,ELECTRIC,1823.4
102,1T,ELECTRIC,1760
102,2A,ELECTRIC,2043.75
102,2A,ELECTRIC,1799.1
344,1,GAS,741
344,1,GAS,1256
344,1,GAS,494
344,1,GAS,1184
102,2A,ELECTRIC,2957
102,2A,ELECTRIC,1792.2
102,2A,ELECTRIC,1932.4
102,1,ELECTRIC,1083
102,1,ELECTRIC,1090
102,1,ELECTRIC,1085
344,1,GAS,770
344,1,GAS,759
344,1,GAS,720
344,1,GAS,1284
344,1,GAS,1005
344,1,GAS,942
102,2A,ELECTRIC,1493.5
102,1,ELECTRIC,1327
102,2A,ELECTRIC,1341.6
344,1,GAS,765
344,1,GAS,734
344,1,GAS,1135
344,1,GAS,852
344,1,GAS,687
344,1,GAS,701
344,1,GAS,993
344,1,GAS,935
102,2A,ELECTRIC,1581
344,1,OIL,762
344,1,GAS,750
344,1,GAS,1065
344,1,GAS,1072
344,1,GAS,861
344,1,GAS,777
344,1,GAS,1071
344,1,GAS,1051
102,2A,ELECTRIC,1295
344,1,GAS,2248
344,1,GAS,1342
344,1,GAS,776
102,2A,ELECTRIC,1941.4
102,2A,ELECTRIC,1640.9
102,2A,ELECTRIC,1777.7
102,2A,GAS,1342.7
102,2A,ELECTRIC,2995
102,2A,ELECTRIC,1955.7
344,1,GAS,769
344,1,,0
344,1,GAS,605
344,1,GAS,629
102,2A,ELECTRIC,1917
102,2A,ELECTRIC,1356.3
102,2A,ELECTRIC,1490.8
102,2A,ELECTRIC,1791.75
102,2A,ELECTRIC,1527.46
102,2A,ELECTRIC,1953.2
102,2A,ELECTRIC,1815.15
102,2A,ELECTRIC,1768.6
102,1,ELECTRIC,1098
102,1,ELECTRIC,1099
102,1,ELECTRIC,1099
102,2A,ELECTRIC,1089
102,1,ELECTRIC,1108
102,2,ELECTRIC,2248.4
102,2A,ELECTRIC,1607.4
102,2A,ELECTRIC,1760.8
102,2A,ELECTRIC,1786.5
102,2A,ELECTRIC,1785.95
102,2A,ELECTRIC,1563.86
102,2A,ELECTRIC,1637.3
102,2A,ELECTRIC,1973
102,2A,ELECTRIC,1864
102,2A,ELECTRIC,1094
102,1,ELECTRIC,1102
102,1,ELECTRIC,1107
102,1,ELECTRIC,1108
102,1,ELECTRIC,1348
102,2,ELECTRIC,2612.3
102,2A,ELECTRIC,1919.6
102,2A,ELECTRIC,1579.9
102,2A,ELECTRIC,1417.6
102,2A,ELECTRIC,1630.1
102,2A,ELECTRIC,1780.1
102,2A,ELECTRIC,1091
102,2A,ELECTRIC,1654.8
102,2,ELECTRIC,1577
102,1,ELECTRIC,1091
102,1,ELECTRIC,1047
102,1,ELECTRIC,1050
102,1,ELECTRIC,1094
102,2A,ELECTRIC,1800.93
102,2A,ELECTRIC,1243
102,2A,ELECTRIC,1759.4
102,2A,ELECTRIC,2016.7
102,2A,ELECTRIC,1103
102,2A,ELECTRIC,1300
102,2A,ELECTRIC,1243
102,2A,ELECTRIC,1919
102,1,ELECTRIC,1078
102,1,ELECTRIC,1086
102,1,ELECTRIC,1315
102,1,ELECTRIC,1098
102,2,ELECTRIC,2668.25
102,2A,ELECTRIC,1407
102,2A,ELECTRIC,1254
102,2A,OIL,1740
102,2A,ELECTRIC,2008
102,2,ELECTRIC,1567.4
102,2,ELECTRIC,2579.76
102,2A,ELECTRIC,1943
102,2A,ELECTRIC,2152.7
102,2A,ELECTRIC,1338.6
102,2A,ELECTRIC,1595.2
102,2A,ELECTRIC,1790.15
102,2A,ELECTRIC,1366.3
102,2A,ELECTRIC,1778.65
102,2A,ELECTRIC,1341.4
102,2A,ELECTRIC,1931.2
102,2A,ELECTRIC,1371.1
102,2,ELECTRIC,1752
102,2A,ELECTRIC,1509.1
102,2A,ELECTRIC,1272
102,2A,ELECTRIC,1349.5
102,2A,ELECTRIC,1925.8
102,2A,ELECTRIC,1569
102,2A,ELECTRIC,1365.8
102,2,ELECTRIC,2372.2
101,2,OIL,2388
101,2A,GAS,3242
101,2,OIL,2540
101,1,ELECTRIC,1308
101,1,OIL,1792
101,1,OIL,1312
101,1,OIL,1776
101,1,OIL,2452
101,1,GAS,1776
101,1,OIL,1032
101,2,OIL,2450.9
101,2,GAS,1420.4
101,2,GAS,1654
101,2,OIL,1833
101,1,GAS,1779
101,1T,OIL,1428
101,1T,GAS,1533
101,1,GAS,2554.8
101,2A,OIL,2915.2
101,1H,GAS,1183
101,1H,OIL,1606
101,1H,OIL,1718.5
101,1,OIL,1516
101,1,ELECTRIC,2328
101,2,GAS,2320
101,2,OIL,4560
101,1T,GAS,1467
101,1,GAS,1508
101,1,OIL,1248
959,1,GAS,2340
101,1,OIL,1200
101,1T,OIL,3498
101,1,OIL,1702
101,1,OIL,1056
101,1,OIL,1248
101,1,OIL,1120
101,2,OIL,3507
101,1,OIL,1056
101,1,OIL,1464
101,1,OIL,1440
101,2A,GAS,4761
101,2,GAS,3211.2
101,2A,GAS,3496.8
101,2A,GAS,3698
101,2A,GAS,3994.3
101,1,OIL,2082.4
101,1,OIL,2492
101,1,OIL,1501
101,1,OIL,1738
101,1,OIL,1500
101,1,OIL,1964
101,1,GAS,1964
101,1,OIL,1626
101,1,OIL,1964
101,1,OIL,1964
101,1,OIL,1964
101,1,OIL,1626
101,1,OIL,1964
101,1,OIL,2328
101,1,OIL,2278
101,1,OIL,2492
101,1,GAS,3254
101,1,OIL,2140.8
101,1,OIL,2096
101,1,OIL,1940
101,1,OIL,1940
101,1,OIL,1612
101,1,OIL,1822.08
101,1,OIL,1940
101,1,OIL,1804
101,1,OIL,2060
101,1,OIL,1612
101,1,OIL,1698
101,1,OIL,1940
101,2,OIL,3408
101,1,OIL,1984
101,2,GAS,1872
101,2,GAS,2282.4
101,1,GAS,1736
101,1,GAS,2181.6
101,2,GAS,2456
101,1A,OIL,1045.96
101,2,GAS,1176
101,2,GAS,3168.8
101,2,OIL,1774.6
101,1A,OIL,1033
101,1,GAS,1084.6
101,2A,OIL,1482
101,2A,GAS,1472
101,1,GAS,720
104,2,GAS,1992
104,2,GAS,1666.4
101,1T,OIL,1398.5
101,1T,GAS,1230.5
101,1,OIL,1498.5
101,2A,OIL,1371
101,2A,OIL,2175
101,2,OIL,1928
101,1,OIL,1492.4
101,1,GAS,1115
101,2,OIL,1948
101,2,GAS,1640
101,1H,GAS,1750.8
101,2,GAS,2024
101,1A,OIL,1073.33
101,1T,GAS,2148.8
101,2,OIL,1813.6
101,2,GAS,1414.8
101,1T,OIL,1658
101,1T,GAS,1362
101,1T,GAS,1401.5
101,2A,OIL,1256
101,2A,GAS,1933.5
101,2,OIL,2340.8
101,2,OIL,1269
101,1,OIL,1729
101,2,OIL,1822.5
101,2,OIL,1584
101,2,OIL,2263.04
101,1T,OIL,1618.5
101,1T,OIL,1382.5
101,1T,OIL,1922.5
101,1,OIL,2271.3
101,1,OIL,1975.5
101,1T,OIL,1728
101,1T,OIL,1858.5
101,1T,OIL,1678.5
101,1,OIL,2497.75
101,2,OIL,2058
101,1,OIL,2350.6
101,1,OIL,1333.75
101,1T,OIL,2070.5
101,2,OIL,3076.9
104,3,OIL,2783.3
101,2,GAS,1723
101,1T,GAS,2218.8
101,2A,GAS,3504
101,2,GAS,3204
101,2,GAS,3914
101,1T,GAS,5604.5
101,2,OIL,3760
104,2H,OIL,2988
101,1,OIL,3100.35
101,2,GAS,1736
101,2,GAS,1382.4
101,1A,OIL,2463.2
104,2,OIL,2950
101,2,GAS,3829.75
101,2,OIL,1913
101,2,OIL,1411.2
101,1,OIL,1715.2
101,1T,OIL,1792
101,2,OIL,3330
101,1T,GAS,2531.18
101,1H,OIL,2681
101,1,OIL,1653
101,1,OIL,1072
101,2,OIL,1417
101,2A,OIL,1642
102,2,OIL,1727
102,2,OIL,1944
101,2,OIL,5495.5
101,2,GAS,2904
101,1T,OIL,4977
101,2,OIL,4148
101,2,OIL,5866
101,1T,OIL,4945.4
101,2,OIL,5110.5
101,1T,OIL,3249
101,2,OIL,3624.6
101,2A,OIL,2816
101,2,OIL,2965
101,2,OIL,3650.8
101,2,,2314
101,1,OIL,1456
101,1,GAS,1152
101,1,OIL,1356
101,1,OIL,1056
101,1,OIL,1120
101,2,OIL,3143
101,1,OIL,1396
101,1,OIL,1874
101,1,OIL,1512
101,1,OIL,3136
101,1,OIL,1727
101,1,OIL,1472
101,1,OIL,1528
101,1,OIL,1700
101,1H,OIL,2422
101,1,OIL,3443
101,1,OIL,2042
101,2,OIL,2668.8
101,1H,OIL,1926.1
101,2A,OIL,2936
101,2A,OIL,3270
101,1T,OIL,2562.5
101,2A,OIL,2701
914,,,0
101,1T,OIL,2445.5
101,1,ELECTRIC,2058
101,1,GAS,3232.8
101,2,GAS,1792
101,1,OIL,696
101,1,OIL,1584
101,1,OIL,1267.2
101,2A,OIL,5199
101,1,OIL,1680
101,1T,OIL,1440
101,1A,OIL,1435.4
101,1T,GAS,3456
101,1,OIL,864
101,1,OIL,1747.2
101,1T,OIL,1820
101,1,GAS,1503
101,2,GAS,2981
101,1,GAS,3058
101,1,OIL,1670
101,2,OIL,2370
101,1,OIL,1732
101,2,GAS,5396
101,1,OIL,2028.4
101,1,OIL,1906
101,1T,OIL,2263.65
101,2,OIL,2162.4
101,1T,OIL,3322.75
101,2,OIL,3839.2
101,2,OIL,2456.4
101,2,OIL,3444.2
101,2,OIL,3165.6
101,2,OIL,2164
101,1T,OIL,3517.75
101,1T,OIL,2350
960,1,GAS,8324
101,2,OIL,2228
101,2,OIL,2386.4
928,2,GAS,256354
101,2T,GAS,7999.2
104,2,OIL,2646.6
109,1T,OIL,2180
101,2,OIL,2462.4
109,2A,OIL,3476.6
101,2,GAS,1698
101,1T,OIL,1006.25
130,,,0
101,2,OIL,1440
101,1,OIL,4011
101,2,OIL,2548
101,2,OIL,3198.4
101,2,OIL,2766.4
101,2,GAS,3351
101,2A,OIL,3216
101,1T,OIL,3867
101,1,OIL,3185.5
101,2,OIL,3326.4
101,2,OIL,3265
101,2A,OIL,2855.6
101,1,ELECTRIC,2229.4
101,1,ELECTRIC,1242
101,2T,GAS,3362
101,1A,OIL,1256.88
101,1H,OIL,1413
101,1T,OIL,1999.2
101,1,OIL,1056
101,2,OIL,2106
340,2,OIL,2868
101,1,OIL,1514
101,1T,OIL,1596
101,1T,OIL,2282.4
101,1,OIL,864
101,2,OIL,1752
101,1,GAS,1731.6
101,1,OIL,936
101,2A,OIL,3185.4
101,1A,GAS,1349.5
101,1,OIL,1280
101,1,OIL,2146
300,4,ELECTRIC,75200
930,,,0
132,,,0
101,2A,GAS,2952
101,2,GAS,3296
102,2,GAS,2821
102,2,GAS,1912
101,1,GAS,2028
101,1,GAS,2451.5
101,2,OIL,3486
101,1,GAS,4318
101,1,GAS,3572.8
101,2,GAS,2725
101,1,GAS,2268
101,1,GAS,2019.4
101,2,GAS,3060
101,1,GAS,2711
101,1,GAS,2900.8
101,1,GAS,2249
101,1,GAS,2383.2
101,2,GAS,2315
101,1,OIL,2652
101,2,GAS,2074
101,2,GAS,2794
101,1,GAS,2245
101,2,GAS,2855.2
101,2,GAS,2657.6
101,1,GAS,2272.4
101,1,OIL,2402.95
101,1,GAS,2169.6
930,,,0
101,2,ELECTRIC,2544
101,2,OIL,3136
104,2,GAS,3076
132,,,0
101,2A,OIL,2656.85
101,1T,OIL,1217
101,1H,OIL,1575
101,1,GAS,1559
102,2A,GAS,1440
102,2,GAS,2520
102,2,GAS,2969.28
101,1,GAS,1632
101,1,OIL,1296
101,1,OIL,1528.8
101,1,OIL,2452
101,1,OIL,1824
101,1,OIL,2232
101,1,OIL,1961
101,2A,OIL,2104
101,1,OIL,1536
101,1,OIL,1479
101,1,OIL,1329
101,1,OIL,936
101,1T,OIL,1428
101,2,OIL,2432.4
101,1,OIL,984
101,2,OIL,2728
101,1,OIL,1776
101,1,GAS,1824
101,1T,GAS,1428
101,1,OIL,2772.82
101,2,OIL,2676.7
101,2A,GAS,2780.75
132,,,0
101,1,OIL,1536
101,1,GAS,1565
101,2,OIL,2624
101,1,OIL,1888
101,2,OIL,2040
101,2T,GAS,3611
931,1H,OIL,1727.5
101,1A,OIL,691
101,1T,GAS,3780
101,2,OIL,2647
101,2,GAS,3847.4
101,1T,GAS,1713.5
101,1T,GAS,1692
101,1T,OIL,924
132,,,0
101,2,GAS,1809
101,1,OIL,2250.5
101,2,GAS,2936.6
101,1T,GAS,1693
101,2,OIL,1584
101,2A,GAS,1750
101,1T,OIL,2119
101,1T,OIL,2137
101,1T,GAS,3738
101,2A,OIL,2352
101,1T,OIL,1862
101,1,ELECTRIC,611
101,2,GAS,3816.8
101,1T,OIL,3117
101,2H,GAS,3493
101,2,GAS,2624
101,1A,GAS,3652
101,2,GAS,2433.5
101,2,GAS,3094
101,2,GAS,2254.8
101,1T,GAS,3343.65
101,2,GAS,2880
101,1T,GAS,3102.4
101,1,OIL,1269
101,2,OIL,1720
101,1,OIL,3759.3
101,2,OIL,1724
101,1,OIL,1028
101,2,OIL,2719
101,1,OIL,1527
101,1,OIL,2146
101,2,OIL,2932.5
101,2,OIL,3180
101,2,OIL,4035.8
101,1,OIL,1800
101,2,OIL,2284
101,1T,OIL,1638
101,2,OIL,2259.8
101,1,OIL,1602
101,1T,OIL,1716
101,1T,OIL,1880
101,1H,OIL,1760
101,1H,OIL,1152
132,,,0
132,,,0
132,,,0
132,,,0
101,2,GAS,1468
112,2,GAS,55848
101,1T,OIL,1931
316,1,GAS,4400
105,2T,OIL,6028
101,2,OIL,4211
101,2A,OIL,2505.84
101,1,OIL,2120
101,1T,GAS,1251.5
104,2A,OIL,2138
101,2,OIL,1950
101,1,OIL,1040
101,2A,OIL,1440
101,1T,OIL,1710
101,1H,OIL,1188
101,1T,OIL,2234
101,1H,OIL,1116
101,1,GAS,1652.6
101,1,GAS,1150
101,1,ELECTRIC,2407
101,1,OIL,960
101,1H,OIL,1548.75
101,3,OIL,8150
132,,,0
101,2,GAS,2986.6
101,2,ELECTRIC,1729
101,1T,GAS,2203.2
101,1,GAS,960
101,1,OIL,1616
101,1T,OIL,2443
101,1,OIL,1090
101,1T,OIL,1547
101,2,OIL,2060
101,1T,OIL,2175
101,1T,OIL,1344
101,2A,OIL,1968.2
101,1T,OIL,2207.5
101,1,GAS,876
101,2,OIL,2118
101,1T,GAS,1638
101,2,ELECTRIC,1372
101,2,OIL,2277.9
101,1,ELECTRIC,1538.3
101,1T,OIL,2939.5
101,1,ELECTRIC,3438
101,2A,OIL,3199.8
101,1,GAS,2002
101,2,ELECTRIC,1986
101,1,GAS,1992
101,2,GAS,2943.5
404,2,GAS,29390
404,2,GAS,80000
404,1,GAS,89826
400,2,GAS,160603
404,1,GAS,32000
402,2,GAS,37168
400,1,GAS,20000
402,1,GAS,18068
400,1,GAS,45523
444,1,GAS,20846
444,1,GAS,11029
101,2A,OIL,2709.9
101,2,GAS,2304
101,1T,OIL,2502
101,2A,OIL,2590
101,2,OIL,2198
101,2,OIL,2798.4
101,2A,OIL,3138
101,2A,OIL,3168
101,2,OIL,1496.4
101,2,OIL,1344
924,,,0
340,2,GAS,2860
109,2,OIL,8711.6
101,1T,OIL,1920
101,1T,OIL,1344
101,1H,GAS,1152
101,1T,GAS,1728
101,2,OIL,1718
101,1T,OIL,1309
101,2,OIL,3365
101,1,OIL,1403
101,1,OIL,1510
101,1H,OIL,1620
101,1A,OIL,1057
101,2,OIL,1554.5
101,2,GAS,1187.5
101,1T,OIL,1859.5
101,1T,GAS,2915.5
101,1T,OIL,1553.2
101,1T,OIL,1155
101,1T,OIL,1155
101,1H,GAS,1144
101,1H,OIL,1090
101,1H,GAS,1296
101,2,GAS,1310
101,2A,OIL,1362
101,1,GAS,960
101,2,GAS,2184
13,2A,GAS,1360.8
104,2,GAS,2566.8
101,1,GAS,1296
326,2,GAS,39015
101,1,OIL,1743
325,1,OIL,4182.4
101,2,GAS,1609.9
101,1,GAS,1158
101,1,OIL,2204.8
384,1,GAS,40440
101,2,OIL,1288
101,1T,OIL,1554
101,1T,GAS,1386.5
101,2,GAS,1868
101,1T,GAS,1261
101,2,GAS,1536
101,1,GAS,1785.6
101,2,OIL,1536
934,1,OIL,2927.5
930,,,0
104,2A,OIL,2238
101,2,OIL,1082
101,1T,OIL,1200
101,1H,OIL,1158
101,1T,GAS,1155
101,2,OIL,1795
101,1T,OIL,1515
101,1T,GAS,1821
101,1H,GAS,1190
101,1,GAS,2651.1
101,1,OIL,2510.4
101,1,OIL,2255.2
101,1,OIL,1904.95
101,1H,GAS,1036
101,2A,OIL,1624
930,,,0
104,2A,OIL,2026
101,1A,GAS,1684.16
101,2,OIL,1248
101,1T,GAS,1309
104,2,ELECTRIC,2688
101,2,GAS,1936
960,1,GAS,14545
101,1,GAS,1200
101,1,OIL,1332
101,1,ELECTRIC,2168
132,,,0
132,,,0
104,2A,GAS,2472
101,2,OIL,1684.32
101,1A,GAS,677
102,1,OIL,1342
102,2,GAS,3765.1
102,2,GAS,3038
102,2,GAS,2771
102,1T,GAS,3336.39
102,1T,GAS,2499
102,2,GAS,2731.5
102,1T,GAS,2468.41
102,1T,GAS,2889.75
102,2,OIL,1195
102,1T,GAS,3261.25
102,2,GAS,3682.35
102,2,GAS,2575
102,2,OIL,1419
102,1T,GAS,2523.32
102,1T,GAS,3642.75
102,1T,GAS,3586.68
102,1T,GAS,4079
102,1T,GAS,2495
102,1T,GAS,2472.75
325,2,GAS,53534
31,2H,OIL,10465
101,2A,OIL,3095.05
325,1,GAS,6600
325,1,GAS,4604
325,2,GAS,3178
930,,,0
325,1,OIL,4612
340,2,OIL,14042
341,2,GAS,10440
341,1,GAS,6302
13,2A,GAS,3227
13,2H,GAS,3528
104,2H,OIL,3989
341,2A,GAS,4860
340,1T,GAS,5483.75
31,1T,OIL,1400
13,2A,GAS,2114.8
325,1,GAS,662
325,1,OIL,2812
102,1,GAS,798
102,2,GAS,863
102,1,GAS,785
102,1,GAS,839
102,1,GAS,1370
344,2,GAS,568
344,2,GAS,707
101,2,GAS,3672.5
101,2,GAS,4152
101,2,GAS,2277
101,2,GAS,4008
326,1,GAS,8701
326,2,GAS,2500
340,1,GAS,6604
323,1,GAS,242761
325,1,GAS,6000
333,1,GAS,1800
326,1H,GAS,4647
323,1,GAS,24666
326,1,GAS,2624
326,1,GAS,2052
326,1,GAS,2924
323,1,GAS,49351
341,1,GAS,2096
326,1,GAS,3876
334,1,OIL,2121
390,,,0
423,,,0
326,1,GAS,8677.63
101,1T,OIL,1508
930,,,0
101,2A,GAS,3216
101,2A,OIL,1384
392,,,0
101,1H,GAS,1499.6
104,1,OIL,2882.88
101,1H,OIL,1306
101,1T,OIL,1604
104,2,OIL,1961
101,1T,GAS,2327
101,1T,OIL,1769
101,2,OIL,2087.5
101,1T,GAS,1785.7
101,1T,OIL,2173.12
104,1T,OIL,1764.5
101,1T,OIL,1658.32
101,1T,OIL,1153
101,2,OIL,1471
101,1T,GAS,1771
101,1T,GAS,1302
101,1H,GAS,1180
31,1T,OIL,1438.75
441,,,0
93,,,198114
400,1,GAS,108026
392,,,0
125,3,GAS,158572
102,1T,GAS,1581
102,2,GAS,1736.4
102,2,GAS,1736.4
102,2,GAS,1736.4
102,2,GAS,1736.4
102,2,GAS,1865
102,2,GAS,2364
102,2,GAS,2522
101,2,GAS,3627.2
101,1,GAS,1988
101,1,GAS,2497.6
101,1,GAS,2224
101,2,GAS,2026
101,1A,OIL,1769.2
105,3,GAS,4764
104,1T,OIL,2415
101,2,OIL,3711.5
104,2A,GAS,2531.5
101,2,OIL,1949
101,2,OIL,2996
104,2,ELECTRIC,1844
337,,,0
101,2A,GAS,3976
101,1,OIL,1236
101,1,ELECTRIC,2402
101,1,OIL,1344
101,1,OIL,1580
101,1,OIL,1439
101,1,OIL,1452
101,1,OIL,1216
101,1,OIL,1980
101,1,GAS,1440
101,1,OIL,1707
101,2,OIL,2520
101,2,GAS,3364
101,1,OIL,1004
101,1,OIL,2118
101,1T,GAS,1946
101,1,OIL,2937
101,1,OIL,1374
101,1T,OIL,1490.13
132,,,0
101,2,OIL,1812
341,1,ELECTRIC,5152.8
342,2,GAS,31250
132,,,0
341,1,GAS,5517.6
343,3,GAS,972
343,3,GAS,888
343,3,GAS,2101
343,3,GAS,447
343,3,GAS,565
343,3,OIL,822
343,3,GAS,1352
344,3,GAS,870
343,3,GAS,495
344,3,GAS,991
343,3,GAS,976
343,3,GAS,1203
343,3,GAS,1018
343,3,GAS,1748
343,3,GAS,751
343,1,GAS,431
343,3,GAS,1191
343,3,GAS,887
105,2,GAS,3171.5
101,2A,OIL,1960
101,1T,OIL,1522.25
101,2,GAS,1640
101,2,OIL,2379.4
101,1,OIL,2002
101,1T,OIL,1140
101,1T,OIL,1453
101,1A,OIL,1104
101,1A,OIL,1104
101,1,OIL,1508
101,2,GAS,1684.8
101,2A,OIL,1248
101,1,OIL,1204
111,2A,OIL,3577.8
101,2A,GAS,3229
970,2,GAS,2128
340,5,ELECTRIC,88194
316,1,ELECTRIC,952
930,,,0
917,3,GAS,276160
928,,,0
444,2,GAS,1983
444,2,GAS,1924
444,2,GAS,2014
444,2,GAS,1944
444,2,GAS,1945
444,2,GAS,1939
444,2,GAS,1959
444,2,GAS,1963
444,2,GAS,1956
444,2,GAS,1947
444,2,GAS,2004
444,2,GAS,1970
444,2,GAS,1970
444,2,GAS,1955
444,2,GAS,1958
444,2,GAS,1956
444,2,GAS,1954
444,2,GAS,1959
444,2,GAS,1947
444,2,GAS,1983
444,2,GAS,1957
444,2,GAS,1840
101,1T,GAS,1278
101,1T,OIL,1996
104,1,ELECTRIC,2330.4
102,1,OIL,1017
101,2,OIL,2313.2
101,1T,OIL,1574
101,1H,OIL,1706.2
101,1,OIL,1920
101,1H,OIL,1176
101,2,OIL,1640
101,1T,OIL,1570.5
101,1H,OIL,1678.4
101,1T,OIL,2203.5
101,1T,OIL,1762
101,1H,OIL,1683.2
101,1T,OIL,1931.2
101,1H,OIL,1174
101,1,OIL,1923
101,1T,OIL,2460.9
101,2A,OIL,1293
101,2,OIL,1229
101,2,GAS,1732
101,2A,OIL,1676
104,2A,GAS,2520
340,1,GAS,1195
101,2,OIL,1472
101,1T,GAS,1624
101,1,OIL,1184
101,1,GAS,2004
101,1,OIL,1149.5
101,2,GAS,2672
101,1,GAS,976
101,1,GAS,980
101,1,GAS,987
101,2,GAS,2027
101,1,GAS,2064
101,1,GAS,1765.95
101,1,GAS,944
101,1,GAS,1632
101,1,OIL,960
101,1,GAS,956
101,1T,GAS,1118
101,2,OIL,1652
101,1T,OIL,1856
101,1T,OIL,1683
101,1H,GAS,832
101,1T,OIL,2447.5
101,2,OIL,3444.18
101,1,OIL,1964
101,1T,OIL,3070.5
101,1T,OIL,1468.75
101,2,OIL,2848
101,1,GAS,2082.4
101,1,GAS,2114
101,1,GAS,1752
959,2,GAS,2216
101,1,OIL,2236
101,1T,OIL,1698
101,1T,GAS,1757.8
101,1,OIL,1680.8
101,1T,OIL,1715
101,1T,OIL,1617.21
101,1T,GAS,1113
104,2,ELECTRIC,1801
101,2,OIL,1746
930,,,0
101,2A,OIL,2412.73
101,1T,OIL,1993
101,2,GAS,2211.2
101,1H,OIL,2330.5
101,1A,GAS,1709.5
104,1T,OIL,2563
101,1T,GAS,1273
960,1,OIL,18204
101,2A,OIL,2096
101,1,GAS,1134
101,2,GAS,1967
101,2,OIL,2158
101,2,GAS,2172
101,1,OIL,1314
101,1T,OIL,2153.6
101,2,GAS,2186.4
101,1,OIL,1284
131,,,0
101,1,GAS,1492
101,1,GAS,1050
101,1H,OIL,1583
101,2,GAS,2765.25
101,1A,GAS,1042.6
101,1H,OIL,1273
101,1H,GAS,2029
101,1H,OIL,1636.6
101,1H,OIL,1649
101,1H,OIL,1790
101,1A,OIL,1490.6
101,1T,GAS,1828
101,1H,OIL,2059
101,1T,OIL,3141
101,1,GAS,1366
101,2,GAS,1765
101,1,GAS,1147.2
101,1T,GAS,2890.2
101,1,OIL,1728
101,1,OIL,960
101,1,GAS,1455
101,2,OIL,1540
101,1,GAS,958
101,2,OIL,2570
130,,,0
101,1,OIL,2099
101,1,OIL,997
101,1,GAS,1583
101,1,GAS,1292
101,1,OIL,1284
101,2,GAS,1961
101,1A,OIL,2990.5
101,1,OIL,2099.4
101,1,OIL,1584
101,2,OIL,2397.6
101,1,OIL,2014.5
101,1A,GAS,3673.2
101,2,GAS,1486.2
101,1H,GAS,1666
712,,,0
101,1,OIL,1842
712,,,0
101,2,GAS,1868
101,1,GAS,1022
101,2,GAS,1734
104,2A,GAS,2631.6
101,2,GAS,1358
101,2,OIL,1265.8
101,2,OIL,1385
101,2,GAS,1831.8
101,2,GAS,1898
101,2,OIL,1284
101,2,GAS,1693.72
101,2,GAS,1396
101,1H,OIL,1704
101,2,GAS,2685.75
101,2,GAS,1468
101,1A,GAS,1630
101,1A,OIL,1424.8
101,2,GAS,2735.6
101,2A,GAS,2485.5
101,2,GAS,2831.4
101,2,GAS,2360
101,1H,OIL,1582.25
102,1,OIL,396
102,1,GAS,516
102,1,OIL,972
102,1,ELECTRIC,786.75
932,,,0
101,2,OIL,2828
101,2,OIL,2308
101,1,OIL,2265.6
101,2,OIL,2308
101,1,OIL,1929.6
101,1,OIL,1929.6
101,1,OIL,3164
101,1,OIL,1929.6
101,2,OIL,2308
101,1,OIL,1929.6
101,1,OIL,1795.2
101,2,OIL,2308
101,1,OIL,3105.6
101,2,OIL,2560
101,1,OIL,1929.6
101,1,OIL,1929.6
101,1,OIL,1968.8
101,2,OIL,3138
105,2T,OIL,3515.5
101,1,OIL,1493
104,2A,GAS,2690.67
101,2,GAS,1650.5
104,2A,GAS,3380.7
101,2,GAS,1844
101,2,GAS,2076
109,2,GAS,3646.8
101,1T,OIL,1350.5
101,1A,OIL,1184.58
104,2,GAS,2691.5
101,1T,GAS,1332.5
101,2A,GAS,2063
104,2A,OIL,2282
101,1T,OIL,864
959,1,GAS,2790
101,2,OIL,1347.4
401,1,GAS,43268
101,1T,OIL,1527.75
101,1,OIL,1298
101,1T,OIL,1822.8
101,1,OIL,1961
101,1,OIL,1292
101,1,OIL,1162
101,1,OIL,1962
101,1T,OIL,908
401,1,GAS,10824
101,1,OIL,784
402,1,GAS,9232
104,2A,OIL,2984
400,1,OIL,5880
401,1,GAS,3720
101,1T,OIL,1680
101,1,OIL,1254
101,1,OIL,1756
401,1,GAS,54616
101,1,OIL,2673.1
101,1,OIL,1637.2
101,1,GAS,2712.6
101,1T,OIL,2102.4
953,,,0
101,1,OIL,1412
102,2,GAS,1336
102,2,GAS,1156
102,2,GAS,1157
102,2,GAS,1330
102,2,GAS,1330
102,2,GAS,1148
102,2,GAS,1155
102,2,GAS,1145
102,2,GAS,1144
102,2,GAS,1333
102,2,GAS,1330
102,2,GAS,1152
102,2,GAS,1151
102,2,GAS,1330
102,2,GAS,1327
102,2,GAS,1147
102,2,GAS,1144
102,2,GAS,1326
102,2,GAS,1322
102,2,GAS,1151
102,2,GAS,1151
102,2,GAS,1275
102,2,GAS,1284
102,2,GAS,1151
102,2,GAS,1151
102,2,GAS,1280
102,2,GAS,1280
102,2,GAS,1148
102,2,GAS,1149
102,2,GAS,1155
102,2,GAS,1155
102,2,GAS,1284
102,2,GAS,1284
102,2,GAS,1150
102,2,GAS,1153
101,1H,GAS,1237
101,2A,OIL,1912.4
101,2,OIL,2572
101,1T,GAS,2145.5
101,1,GAS,1840
101,1T,GAS,3013
101,1,GAS,1822.8
101,2,OIL,2530
101,1,GAS,1064
101,1H,OIL,1489.6
101,1,GAS,960
101,1H,GAS,873.6
101,2,GAS,3229.6
101,2,OIL,4157.7
101,2,GAS,3162.8
101,2,GAS,3600
101,2,GAS,3057.48
101,2A,GAS,2312
101,1,OIL,1834
101,1,OIL,970
101,1,GAS,1738
101,2,OIL,1926
101,1,OIL,970
101,1T,OIL,3046
102,1,GAS,1531.75
102,2,GAS,988
102,1,GAS,1540.75
102,1,GAS,988
101,1,OIL,2061.6
101,1,OIL,2177.6
101,1,OIL,2364.8
101,1,GAS,2157.6
101,1,GAS,1956.8
101,1,GAS,1846.4
101,1,OIL,2369.6
101,1,GAS,2157.6
101,1,GAS,2381.6
101,1,GAS,1901.6
101,1,GAS,1960
132,,,0
101,2A,OIL,2435.8
101,1,ELECTRIC,2392.9
101,2A,OIL,1523
101,1,ELECTRIC,2301.1
101,1,OIL,1188
101,2,OIL,2104
101,1,OIL,2527.2
101,1,GAS,1777.6
132,,,0
936,,,0
132,,,0
101,2,OIL,1964
101,1,OIL,1616.8
101,1,OIL,1824
101,2,OIL,1840
101,2,OIL,1666
101,1,OIL,2247
101,1,OIL,1835
101,2,GAS,1992.4
101,1,OIL,1771
101,1,OIL,1467
101,1,OIL,1446.2
101,1,OIL,2552
101,1,OIL,1140
101,1,OIL,1352
101,1,OIL,1950
101,1T,OIL,2926.8
101,1,OIL,1605.2
101,1,OIL,1388
101,1,OIL,1200
101,1,OIL,3149
101,1,OIL,2040
101,2A,OIL,2564
101,1,OIL,1200
101,1,OIL,2204
101,1,OIL,1836
101,1,OIL,1284
101,2,OIL,2278
101,1,OIL,1148
101,1,OIL,2002
101,1,OIL,1974
101,1,OIL,2961
101,1T,OIL,2116.8
101,1,OIL,2206.8
101,2,OIL,2866
101,1,OIL,1889
101,1,OIL,2603
101,1,OIL,2529
101,1,OIL,1196
101,1T,OIL,1959
101,2A,GAS,3004.6
101,1T,OIL,2670.75
101,1,OIL,1186
101,2,GAS,1963.5
101,2,OIL,1663.2
101,2A,GAS,2172
101,2A,OIL,1571.4
101,2A,OIL,1404
101,2A,OIL,1731.8
101,2,OIL,2610.3
101,2,OIL,3486
101,1,ELECTRIC,2865.2
101,2,OIL,1746
101,2,OIL,2980.8
101,2,OIL,3008
101,2,OIL,2688
101,2,OIL,3705.4
101,2A,OIL,3070
101,1T,OIL,3070
101,1T,GAS,2316
101,1,GAS,2625.2
101,2,GAS,1840
101,1,GAS,2105.2
101,1,OIL,1973.6
101,,,0
101,1T,OIL,2287
101,1,GAS,1898
101,1,OIL,1880
101,2,GAS,1796.8
101,1,GAS,3959.2
101,1T,OIL,1956
101,1,OIL,1974.4
101,1,GAS,1747
101,1,OIL,2772
101,1,OIL,1953
101,1,GAS,1798
101,1,OIL,1392
101,1,GAS,1573
101,1T,GAS,1818
101,1,GAS,1933
101,1H,OIL,1237.5
101,1T,OIL,1442
101,1,GAS,1458.6
101,1T,GAS,1856
101,2,GAS,1344
101,2A,OIL,1992.4
101,1,OIL,1638
101,2,OIL,4011.6
101,1T,OIL,2204.34
101,1,GAS,2726.4
101,1,OIL,1096
101,1,OIL,1300
101,1,GAS,2260
101,1,GAS,1514
101,1,OIL,1762
101,1,OIL,1888
101,1,GAS,1281
101,1,GAS,2527.5
101,1,GAS,1992
101,2,GAS,2842
101,1T,OIL,1352
101,1T,OIL,2112
101,1,OIL,1343
101,1,OIL,950
101,1,OIL,1268
101,1T,OIL,3964.5
991,,,0
991,,,0
101,2A,OIL,1833.5
101,2,OIL,1875
101,2,OIL,2376
101,1,OIL,1638.4
101,2,OIL,1144.5
101,1T,OIL,910
101,1,OIL,2438
101,1,OIL,1919
101,1A,OIL,3317
101,2,OIL,3189
101,1,OIL,1258
101,1T,OIL,2880
101,2A,OIL,1424
101,2,OIL,1950
101,1T,OIL,1506.88
101,1A,OIL,1353.6
101,2,OIL,2596
101,1T,OIL,2366
101,1A,OIL,2273.04
101,2A,OIL,1768
101,1A,OIL,1166.88
101,1T,OIL,1289.75
104,2T,OIL,2268
101,2,OIL,1881
101,2A,GAS,4656
101,1,OIL,2304
101,1A,OIL,4728.6
101,1,OIL,4822.5
101,2,OIL,2032
101,1,GAS,2362
101,2,OIL,4350
953,,,0
101,2A,OIL,1664
101,1,OIL,2899.8
101,1,OIL,1798
101,1T,OIL,1428
101,1T,OIL,1512
101,1,OIL,2010.4
101,2A,OIL,2792
932,,,0
932,,,0
377,,,0
101,2,OIL,2928
101,1T,OIL,3834.85
101,1,GAS,1766
101,1,OIL,2633.6
101,1T,GAS,2358
101,1,OIL,2422
101,1,OIL,2560
101,2,GAS,2284
101,1T,OIL,4365.25
101,1T,GAS,3176
101,1T,GAS,2244.5
101,1,GEO,2939
101,2,OIL,1944
101,2,GAS,3355
101,1,OIL,2162.48
101,1,OIL,1970.4
101,1,OIL,1981.9
101,2,GAS,3045.1
101,1T,GAS,2256
101,2,GAS,3128
101,1,OIL,1440
101,1,OIL,976
101,1,OIL,2192
101,1,OIL,1536
101,1,OIL,2394
101,1,OIL,1320
101,1,OIL,1464
101,1,OIL,1452
101,1,OIL,1464
101,1,OIL,1032
101,1,OIL,1344
101,1,OIL,1200
101,1,OIL,1680
101,1,OIL,1488
101,1,OIL,1380
101,1,OIL,1248
959,1,OIL,2424
101,1,OIL,1884
101,2,OIL,1696
101,1H,GAS,1422
104,2,OIL,1915.6
104,2A,OIL,1942
101,2A,OIL,1361
104,2A,OIL,1828.5
101,2A,GAS,1946
101,2A,GAS,1642
104,2A,OIL,2284
101,1T,OIL,1232
101,2,OIL,1416
101,2A,OIL,1295.1
101,1H,OIL,1612
104,2A,GAS,1611
104,2,GAS,1259
101,2A,OIL,1248
101,1T,GAS,1206
101,1T,OIL,1460
101,1T,OIL,1680.5
101,1T,OIL,2358
101,1,OIL,1509
101,1T,GAS,2598
101,1,GAS,1380
101,1,GAS,2032
101,1,OIL,2060.72
101,2,GAS,2448
959,2,GAS,3468.6
931,1,OIL,704
384,2,GAS,20294
104,2H,OIL,2964
101,2,OIL,2237.9
402,2,GAS,17978
101,2,GAS,1357
101,1H,GAS,2994
101,2,GAS,1537
104,2A,GAS,3977
101,2,GAS,2316
101,2,GAS,3260.6
101,2,GAS,3297.2
101,1H,OIL,1368
101,1,OIL,1344
392,,,0
101,2,OIL,2014.2
101,2T,OIL,1699.25
101,2A,OIL,1698.8
101,2A,GAS,1532.4
101,2,OIL,2160
101,1T,GAS,891.5
101,2H,OIL,1831
101,1T,OIL,1169
101,1T,OIL,1223
101,1T,GAS,1254
130,,,0
102,2,GAS,1449
102,2,GAS,1289
102,2,GAS,1444
102,2,GAS,1290
132,,,0
132,,,0
132,,,0
132,,,0
936,,,0
132,,,0
936,,,0
930,,,0
930,,,0
928,2A,OIL,1536
928,2,OIL,1780
928,2,OIL,1678
928,,,0
101,1T,GAS,1944
101,1T,GAS,1658
101,1H,GAS,1632
101,2,OIL,2298
132,,,0
101,1,GAS,1592
101,1T,GAS,1344
101,1H,GAS,1224
101,1T,GAS,3462.75
101,1,OIL,2001.5
101,2A,GAS,2416
101,1H,OIL,1241.6
101,1,GAS,1610.4
101,1,OIL,1776
101,1T,GAS,1512
316,1,GAS,4000
316,2,GAS,13400
392,,,0
106,,,0
101,,,0
101,1,OIL,1032
101,1,OIL,1415
101,1,OIL,1144
101,1,OIL,1248
101,1,GAS,864
101,1,OIL,1200
101,1,OIL,1452
101,1,OIL,1566
101,1,OIL,2044.8
101,2,OIL,2708
101,1,OIL,2751.2
101,1,OIL,1687
101,2,OIL,2584
101,2A,OIL,2339
101,2A,OIL,2581
101,2A,OIL,4181
326,1,GAS,5218
954,2A,OIL,12800
325,1,GAS,2452
930,,,0
930,,,0
326,1,GAS,3513
953,,,0
101,1T,OIL,1582.25
104,2A,GAS,2310.64
101,1T,GAS,1530
101,2,OIL,1536
101,1T,GAS,1757.75
430,2,ELECTRIC,14001
323,2,GAS,14231
323,1,GAS,11533
326,1,GAS,2318
333,1,GAS,2406
341,1,GAS,2962
325,1,GAS,5750
325,1,NONE,2508
334,1,OIL,2272
325,1,OIL,2400
325,1H,OIL,2730
330,1,GAS,11040
13,2A,OIL,2917
31,1,OIL,3393.25
325,2,ELECTRIC,1596
105,2H,GAS,3457.5
31,2A,GAS,2397
935,2,GAS,20149
334,1,OIL,1968
104,2A,OIL,1845.6
105,2H,GAS,3371.38
111,2H,OIL,6888.5
104,2A,OIL,2696
104,2,GAS,2050
104,2A,GAS,2762.9
104,2A,GAS,2164
104,2A,OIL,1890
340,2A,OIL,2052
340,2A,OIL,1958
333,1,GAS,2048
340,2,OIL,4432.25
340,2,GAS,2254
325,2,GAS,4370.8
31,2A,OIL,2377
325,2,GAS,7388
325,1,GAS,21420
326,1,OIL,1272
326,1,GAS,2103
101,1T,OIL,1020
104,2A,OIL,2392
104,2A,GAS,1550
111,3,GAS,3822.8
104,2,GAS,3318
101,2A,OIL,1636.96
104,2A,OIL,2246.4
101,2A,OIL,1248
105,2A,GAS,3025.3
111,2A,OIL,5053
104,2A,OIL,2592
325,1,ELECTRIC,357
101,2,OIL,1458
101,1,OIL,984
101,1A,OIL,1267.2
101,2,GAS,2112
105,2,OIL,3407.5
105,3,GAS,2912.15
101,1T,OIL,1089
101,1T,OIL,1597
101,2A,GAS,3029
104,2A,GAS,2328.3
105,2H,GAS,3895.5
101,2,OIL,2040
105,2,GAS,3554
101,2A,OIL,1381.25
104,2A,OIL,2706.44
101,2,OIL,1937
104,2A,OIL,2923.4
101,1T,GAS,1519
104,2A,OIL,3038
104,2A,OIL,4270
105,2A,GAS,5458
340,2,OIL,1224
400,2,OIL,22082
102,2A,OIL,572
102,1,OIL,916
102,2,GAS,1049
327,1,GAS,1102
102,1,GAS,489
102,1,GAS,483
102,1,GAS,728
102,2A,OIL,410
102,1A,OIL,1222.5
102,2,GAS,720
102,1,GAS,1286
102,1,GAS,486
102,1,GAS,626
102,1,GAS,1077
102,2,OIL,1568
102,2,GAS,1394
102,1,GAS,658
102,1,GAS,681
102,1,GAS,984
102,1A,GAS,1024.5
102,2,OIL,1040
102,2,GAS,977
102,1H,OIL,905
101,1T,OIL,2102
101,2A,GAS,1885.58
962,,,0
101,1,GAS,2315
101,1,GAS,2524.8
101,2,GAS,3778.8
101,1,OIL,2492
101,1,OIL,7423
101,1H,OIL,2821.3
101,1,GAS,2493
101,2,ELECTRIC,1848
101,1,ELECTRIC,2554.8
101,2,GAS,1632
101,1,GAS,2492.25
101,1T,OIL,1744
101,1T,OIL,1699
101,1H,OIL,1461
101,1H,OIL,2261.1
101,2,OIL,2699.5
104,2,OIL,4176
101,1,OIL,1730
101,1T,OIL,2079
101,1H,OIL,1398
101,1,OIL,1700
101,2,GAS,1382.4
101,2A,GAS,2736
101,2,GAS,2856
101,2,OIL,3486.9
101,2,GAS,2927.72
101,2A,,2596
101,2A,GAS,4416.5
101,2A,GAS,3542
101,2,GAS,3520.8
101,2A,OIL,3930.34
101,1T,GAS,1174.25
101,1T,OIL,1948
109,2A,OIL,4078.88
101,2,GAS,2312
101,1T,GAS,1754
101,1T,GAS,2227.95
101,1,OIL,1667.8
17,2,OIL,3890
101,1T,OIL,1580
109,2,OIL,2744
101,2,OIL,1552
101,2,GAS,1561
101,1T,OIL,1853.6
101,1T,GAS,1608
111,2A,GAS,2352
101,2,GAS,1153.5
101,1T,GAS,1637
101,2,GAS,2016
101,1T,OIL,3723.75
934,1,OIL,63312
101,2A,OIL,2760
101,1,OIL,1864.8
101,1,OIL,990
101,1H,OIL,1499
953,,,0
101,1T,OIL,1234.8
101,1,OIL,1959.6
101,1,GAS,1441.44
101,2,OIL,1296
101,2A,GAS,2160
101,2,GAS,1742
101,1T,GAS,2688
101,2A,OIL,3636.6
101,1T,OIL,2148
101,2,OIL,2398.6
101,1T,GAS,2239.2
101,1,GAS,1268
101,1T,OIL,1552
101,1T,GAS,1959
101,1,OIL,864
101,1T,GAS,1296
104,1T,GAS,1563.5
101,1,GAS,2005.2
101,2,GAS,3924
101,1T,OIL,938
101,1T,GAS,1845
101,2,OIL,1320
101,1T,GAS,1011.5
101,1H,OIL,937.5
930,,,0
101,1,OIL,1187.7
101,1A,OIL,1700.4
104,2A,OIL,2065
104,2,GAS,2034.9
105,2T,OIL,3275
101,2,OIL,1350
111,2,OIL,7762
104,1T,OIL,1540
101,1T,OIL,2192
101,1H,GAS,1970
101,2,ELECTRIC,2014.8
104,2H,OIL,2296
101,1T,OIL,1174
101,1,GAS,2233.54
101,2A,OIL,1696.4
101,1H,GAS,1080
101,1T,GAS,1493
111,2,OIL,4708.2
101,1,OIL,1168
101,2,OIL,3445.2
931,2,OIL,12801
104,2A,OIL,2409.6
101,1T,GAS,1887
101,2H,OIL,1830
104,2A,OIL,4398
101,2A,OIL,2544
101,1,OIL,2814
101,2,GAS,2194
101,1,OIL,2530
316,1,GAS,1344
930,,,0
325,2,GAS,6480
101,2,GAS,1628.7
101,2,GAS,1373.6
930,,,0
101,1T,GAS,1154.25
101,1T,OIL,840
101,2,GAS,1134.5
101,1T,GAS,1102.5
101,1T,GAS,1467.75
101,1T,GAS,1254
101,1T,OIL,1207
930,,,0
101,1H,OIL,1198
101,1H,GAS,1046
101,2,OIL,1840.5
101,1,GAS,1941.8
104,2H,GAS,2272
101,2,OIL,1514.4
104,1T,OIL,2190.25
325,2,OIL,5345
330,,,0
104,2,GAS,2591
101,2A,GAS,3716
101,1T,GAS,2352
102,3,GAS,1489.6
102,2,GAS,1985
102,2,GAS,1463.4
102,2,GAS,1673
102,3,GAS,1489.6
102,2,GAS,1542
102,2,GAS,1542
102,2,GAS,1542
102,2,GAS,1542
102,2,GAS,2034
102,2,GAS,1529.5
102,2,GAS,1463.4
102,2,GAS,1358.6
102,2,GAS,1437.2
102,2,GAS,1542
102,2,GAS,1463.4
102,2,GAS,1542
102,2,GAS,930
102,2,GAS,680
102,2,GAS,830
102,2,GAS,720
102,2,GAS,860
102,2,GAS,720
102,2,GAS,860
102,2A,GAS,1105
102,2,GAS,710
102,2,GAS,825
102,2,GAS,880
102,2,GAS,865
102,2,GAS,880
102,2,GAS,865
102,2,GAS,680
102,2,GAS,825
102,2,GAS,850
102,2,GAS,865
102,2,GAS,850
102,2,GAS,865
102,2,GAS,680
102,2,GAS,840
102,2,GAS,850
102,2,GAS,880
102,2,GAS,850
102,2,GAS,880
102,2,GAS,680
102,2,GAS,825
102,2,GAS,720
102,2,GAS,865
102,2,GAS,720
102,2,GAS,865
102,2,GAS,680
102,2,GAS,800
102,2,GAS,850
102,2,GAS,850
102,2,GAS,850
102,2,GAS,850
101,1,OIL,1958.4
101,2,GAS,2188.8
101,2,GAS,5289
101,2A,GAS,3868.3
101,2,GAS,3380
101,2,GAS,3016
101,2,GAS,3720
101,2A,GAS,4012.4
101,2A,GAS,3543
332,1,OIL,6555
101,1T,GAS,1862
101,2,GAS,1640
104,2A,GAS,2248
101,1T,OIL,1928
101,2A,GAS,2865.6
101,2A,GAS,2536
101,2,OIL,2366
101,2,OIL,2060
105,2T,OIL,4286
111,2H,OIL,3791
111,2H,OIL,3842
101,2A,GAS,1831
101,2,GAS,2556
101,1T,GAS,1879.25
956,2A,OIL,3607
104,2H,GAS,2703
101,2A,OIL,1232
101,1T,GAS,2101
953,,,0
101,1,ELECTRIC,1762
101,1T,OIL,1248
101,1T,OIL,1972.1
104,2A,OIL,2594.4
104,1T,OIL,2002
101,1T,ELECTRIC,2440
101,2,ELECTRIC,1564
101,1T,GAS,1548
101,2,GAS,1857
132,,,0
332,1,GAS,3590
101,2,OIL,1739
101,2,OIL,2730
101,2,GAS,1120
101,2A,OIL,1625
104,2H,OIL,2484
105,2T,GAS,2612.25
104,2A,OIL,2348
132,,,0
101,1T,OIL,2154
400,4,OIL,43742
101,2A,OIL,1972
101,1T,OIL,1512
101,2A,GAS,1551.2
101,2A,OIL,2067.2
101,1T,OIL,1322
104,2,OIL,2418
970,2H,GAS,30906
333,1,ELECTRIC,64
105,2,GAS,1924
340,1,GAS,2997
325,1,GAS,9768
337,,,0
111,2A,GAS,3646
101,1T,OIL,1312.5
13,2A,GAS,2951.6
13,3A,GAS,9092.63
31,1T,ELECTRIC,1638
13,2H,GAS,3746.25
13,2T,GAS,2502.5
31,2,ELECTRIC,2774
930,,,0
13,4,ELECTRIC,13853.7
105,2,GAS,3481
101,1T,GAS,1617
101,2,GAS,1728
930,,,0
930,,,0
104,2A,OIL,4372
101,2H,GAS,4474.8
104,2H,GAS,4113.5
111,3,GAS,5238
104,2H,OIL,2752.5
105,2T,GAS,2546.5
104,2A,GAS,2722.8
101,2,OIL,2334
104,1T,OIL,2678.5
101,2,GAS,2446.1
960,1,OIL,24160.5
101,1T,OIL,1863.75
101,2H,GAS,3022.3
111,2H,OIL,4224
104,2,OIL,2601
104,2H,GAS,3584
101,2A,GAS,2837
930,,,0
101,2,GAS,2246.4
102,2A,OIL,2178
102,2,GAS,1292
327,1,GAS,5355
102,1,GAS,968
102,1,GAS,892
102,1T,GAS,3326.5
102,2,GAS,1292
327,1,GAS,2680
102,1,OIL,902
102,2,GAS,1890
102,1,GAS,881
102,2,GAS,2310
102,2,GAS,2310
102,2,OIL,1470
102,1,ELECTRIC,512
102,2,GAS,2136
102,1,GAS,733.5
102,2,GAS,2310
102,2,GAS,3452.85
102,2,OIL,1699
102,2,GAS,2134
102,2,GAS,2134
102,2,OIL,598
102,2,OIL,624
102,2,OIL,624
102,2,OIL,604
102,2,OIL,598
102,2,OIL,620
102,2,OIL,623
102,2,OIL,624
102,2,OIL,624
102,2,OIL,620
102,2,OIL,623
102,2,OIL,604
102,2,OIL,620
102,2,OIL,623
102,2,OIL,604
102,2,OIL,598
102,2,OIL,624
102,2,OIL,624
102,2,OIL,620
102,2,OIL,623
102,2,OIL,624
102,2,OIL,624
102,2,OIL,604
102,2,OIL,620
102,2,OIL,623
102,2,OIL,604
102,2,OIL,598
102,2,OIL,624
102,2,OIL,624
102,2,OIL,620
102,2,OIL,623
102,2,OIL,624
102,2,OIL,624
101,1,OIL,1060
101,2,GAS,1248
101,1H,OIL,948
101,1T,OIL,1664
101,1H,OIL,1284
101,2,OIL,2058
101,1,OIL,640
101,2T,GAS,4066
101,2,OIL,1808
101,2,GAS,1824
101,1H,OIL,2180
101,2,GAS,2016
101,1T,GAS,1291.5
101,1H,OIL,1521
101,1H,OIL,1401
101,1T,OIL,1320
105,2H,OIL,3868.2
101,2,OIL,1269
101,2,GAS,2683
102,2,OIL,2385
102,2,ELECTRIC,1785
101,2A,OIL,1701
101,2A,GAS,1680
104,2,OIL,1960
104,2A,OIL,3040
101,2A,GAS,2701.68
101,2,GAS,1307
101,1,OIL,936
101,2A,OIL,1992
101,2A,OIL,1586
101,2A,OIL,1425
101,2A,OIL,1782
101,2H,OIL,3764
101,2H,OIL,2375
101,1,OIL,2080
101,1,OIL,2602
101,1,GAS,3008
101,1,GAS,3126
101,2,GAS,3424.84
101,1,GAS,2448
101,1,GAS,2498
101,1,GAS,3364.4
101,1,GAS,2457
101,2,OIL,2492
101,2,OIL,2532.8
101,1,GAS,2817
101,2A,OIL,2492.7
101,2,OIL,2545
101,2,OIL,3418.8
101,2,OIL,3337.8
106,,,0
101,2,GAS,3491
101,2,OIL,1659
101,1,OIL,868
101,1A,OIL,2640.96
132,,,0
101,1T,OIL,1536.95
101,2,GAS,4674
101,1T,OIL,4105.4
101,1,GAS,528
101,1T,OIL,2020
101,2,OIL,1830
109,2H,OIL,5940.1
101,1T,GAS,3391
101,2,OIL,1928
101,2,OIL,3072
101,2,OIL,2227.5
101,1T,OIL,1292
101,2,OIL,2873
101,1H,OIL,1260
101,1T,GAS,2199.6
101,1,OIL,1188.2
101,2,GAS,2097.6
101,1H,GAS,1605
101,1T,OIL,1632
101,1T,GAS,1520
101,1T,OIL,1681
101,1T,OIL,1690.2
101,2,GAS,1835
104,2A,GAS,2267
111,2H,GAS,3135
101,1T,OIL,2362.5
101,1H,OIL,1175
104,2,GAS,1814.75
104,2,GAS,3152
101,2,OIL,1332
101,2,OIL,2360.7
102,2,GAS,1316
102,2,GAS,1316
102,2,GAS,1316
102,2,GAS,1316
300,3A,GAS,54082
322,1,GAS,101823
323,1,GAS,137316
323,1,GAS,408207
323,1,GAS,40230
323,2,GAS,35478
392,,,0
322,1,GAS,45160
327,1,GAS,103646
327,1,GAS,100434
49,1,GAS,54260
400,1,GAS,46518
101,1,ELECTRIC,672
101,1T,OIL,1658
930,,,0
956,3,OIL,10550
931,2,OIL,6669
930,,,0
101,2,OIL,1488
101,2,OIL,2348
930,,,0
101,1T,OIL,1422
101,2T,OIL,4427
101,2,OIL,2767
101,1T,OIL,3367.25
101,2A,OIL,3367.8
101,2,OIL,2046
101,2,OIL,2260.8
101,2,OIL,2193.24
101,2,OIL,2008
101,2,ELECTRIC,3193.04
101,2,OIL,3918
101,2,GAS,1846
101,1,OIL,2819.6
101,2A,OIL,2836
101,2,OIL,2350
101,2,OIL,2464
101,2,OIL,2080
101,1,OIL,3523.2
101,2,OIL,3376
101,2,OIL,4716.35
101,2,OIL,2898
101,2,OIL,4345
101,2,OIL,3784.9
101,2,OIL,3334
101,2A,OIL,2476
101,1,GAS,1632
101,1,GAS,1632
101,2,GAS,2476
101,2,OIL,2938
101,1,GAS,1512
101,1,GAS,1463
101,1,GAS,1996
101,1,GAS,1980
101,1,GAS,1496
101,1,GAS,1632
101,1,GAS,1374
101,1H,GAS,1747
101,1T,OIL,1683.2
101,2,OIL,1662
101,1H,OIL,1568
101,1T,OIL,1455
101,1T,OIL,1892
101,1T,OIL,1764
101,1T,OIL,1282.5
423,,,0
101,2,OIL,1999.2
101,2,OIL,1999.2
101,2,GAS,1999.2
101,2,OIL,2536
101,2,OIL,2089.8
101,2,OIL,2119.2
101,2,OIL,2167.2
101,2,OIL,2752.5
101,2,OIL,2847.3
101,1T,GAS,2175.44
104,2,OIL,2966.8
101,1T,OIL,1564.62
101,2,OIL,2525.2
101,2,OIL,2579.6
101,1,GAS,3467
101,1,OIL,3313.6
101,1T,GAS,3226.75
101,1,OIL,2269
101,2A,OIL,2416.97
101,2,OIL,3639.5
101,2,OIL,2574
101,2,ELECTRIC,2578.1
101,2,ELECTRIC,2496
101,2,ELECTRIC,2581.2
930,,,0
101,1T,OIL,2257
101,1,OIL,2140
132,,,0
132,,,0
101,1H,OIL,1092
101,1T,OIL,1365
101,1,OIL,928
132,,,0
101,1T,ELECTRIC,2639.5
101,2,OIL,2200
930,,,0
101,1,GAS,960
101,1T,GAS,1742.75
101,1,GAS,858
930,,,0
101,1H,OIL,1680
101,2A,OIL,2797.8
101,1,OIL,1862.4
101,2,OIL,2600
101,2,OIL,2970.8
101,1,OIL,2250.6
101,2,OIL,2770
101,1,ELECTRIC,2112
101,2,ELECTRIC,2930
101,1,GAS,2970
101,2,GAS,2794
101,2,GAS,7818
101,1,GAS,2761.35
101,2A,GAS,4012.7
101,1,OIL,2427
101,1A,GAS,1852.5
101,1,OIL,3332
101,1,ELECTRIC,1736
101,2,GAS,3146.4
101,2,GAS,2913.2
104,1,ELECTRIC,2766.4
101,1,OIL,1968
101,1,OIL,1470
101,1,OIL,1440
101,2,OIL,2853.5
101,2A,OIL,1908
101,1,GAS,2200.8
101,1T,OIL,1547
101,1,OIL,2107.5
101,1T,OIL,2070
101,1,OIL,3178.31
101,2,OIL,1330
101,2,OIL,2584
101,1T,OIL,1658
101,1,OIL,1200
101,1,OIL,1661.6
101,1,OIL,1697.8
101,2,OIL,2139.2
101,1,OIL,1849.6
101,1,OIL,1040
101,1,OIL,1890
101,1,OIL,1614.6
101,2,OIL,2392
101,1,OIL,2211
101,1,OIL,2093
101,1,OIL,2029.5
101,1,OIL,2135
101,2,OIL,2074
304,1,GAS,69880.9
928,,,2512
112,4,GAS,532850
930,,,0
102,3,GAS,2555
102,3,GAS,2351
102,3,GAS,2350
102,3,GAS,1893
102,3,GAS,2256
102,3,GAS,3093.5
102,2,GAS,1893
102,2,GAS,1723.93
102,2,GAS,1893
102,2,GAS,1893
102,2,GAS,1893
102,2,GAS,1893
102,2,GAS,1393
102,2,GAS,1768
102,2,GAS,1793.4
102,2,GAS,1816.78
102,2,GAS,1500
102,2,GAS,1768
102,2,GAS,1692
102,2,GAS,1690
102,2,GAS,1500
102,2,GAS,1768
102,2,GAS,2261
102,2,GAS,2261
102,2,GAS,1500
102,2,GAS,1768
102,2,GAS,2045
102,2,GAS,2045
102,2,GAS,1500
102,2,GAS,1768
102,2,GAS,2144.1
102,2,GAS,1816.78
102,2,GAS,1491
102,2,GAS,1768
102,2,GAS,1093
102,2,GAS,1093
102,3,GAS,1992
102,3,GAS,1978
102,3,GAS,2260
102,3,GAS,1972
102,3,GAS,1312
102,3,GAS,1303
102,2,GAS,1504
102,2,GAS,1778
102,2,GAS,1816.78
102,2,GAS,2262
102,2,GAS,1500
102,2,GAS,1768
102,2,GAS,1568
102,2,GAS,1568
102,3,GAS,2299
102,3,GAS,2241
102,3,GAS,2228
102,3,GAS,2269
102,3,GAS,1412
102,3,GAS,1394
102,3,GAS,2780.2
102,3,GAS,2012
102,3,GAS,2015
102,3,GAS,2783.4
102,3,GAS,2749.4
102,3,GAS,2414
102,3,GAS,2234
102,3,GAS,2916.18
102,3,GAS,1963.47
102,3,GAS,3225.2
102,3,GAS,2196
102,3,GAS,1906.75
102,3,GAS,2200
102,3,GAS,2272
102,3,GAS,2193
101,2,GAS,1596
101,1,GAS,1049
101,1T,OIL,1705.6
104,2A,OIL,2582.8
101,2,GAS,3212.6
101,1,OIL,1723.4
101,1T,OIL,2191
101,1,GAS,1880.32
101,1,OIL,1728
101,1T,OIL,1869
101,1,OIL,2016
102,2,ELECTRIC,1593
102,2,ELECTRIC,1455
102,2,ELECTRIC,960
102,2,ELECTRIC,960
102,2,OIL,2189
102,2,GAS,500
102,2,GAS,781
102,2,GAS,585
102,2,GAS,785
102,2,GAS,581
102,2,GAS,783
102,2,OIL,1475
102,2,GAS,507
102,2,GAS,575
102,2,GAS,583
102,2,GAS,576
102,2,GAS,580
102,2,GAS,579
102,2,GAS,575
102,2,GAS,897
102,2,GAS,575
102,2,GAS,578
102,2,OIL,580
102,2,GAS,781
102,2,GAS,492
102,2,GAS,781
102,2,GAS,578
102,2,GAS,780
102,2,GAS,586
101,2,OIL,3855.2
101,2,OIL,3243
101,2,OIL,3576
101,2,OIL,3739
101,2,OIL,3629.46
101,2,OIL,3791
101,2,OIL,4551.7
101,2,OIL,3386.4
101,2H,OIL,7046
101,1T,OIL,4768
101,1T,OIL,4548.75
101,2A,OIL,3542
101,2,OIL,4032.6
101,2,OIL,3139
101,2,OIL,3796.54
101,2,OIL,4561
101,2,OIL,4602
101,2A,OIL,4712.67
101,2A,OIL,3848.2
101,1T,OIL,4075.6
132,,,0
101,1T,OIL,5059.6
101,2,OIL,7116
101,1T,OIL,3827.5
101,2A,OIL,4001
101,2,OIL,3400
101,2,OIL,3900
101,2,OIL,3056.48
101,1T,OIL,3399.65
101,2A,GAS,1728
101,1A,GAS,1157
101,2,OIL,2674.8
101,2,OIL,2259
101,2,OIL,2242
101,1,OIL,2614
104,2A,OIL,2060
104,1T,GAS,1396.5
101,1T,OIL,1829.4
101,2A,GAS,1556
101,1,OIL,764
101,2,OIL,1589
101,2,GAS,1866.6
101,2,GAS,2023
101,1A,OIL,1857
101,1H,OIL,2000
101,2,GAS,1671
101,2A,OIL,3516.6
101,2A,OIL,2489.8
101,2,GAS,1598
101,2,GAS,1225.6
101,1T,ELECTRIC,1290
101,2,OIL,3135.25
101,2,OIL,2695
101,1,GAS,1341.6
109,2,GAS,3001.8
101,2,OIL,1700
101,1A,OIL,1246.88
101,1,GAS,876
101,1,OIL,891
101,1H,GAS,1080
101,1,GAS,848
101,2,GAS,2284.8
101,1H,OIL,1404
101,2,GAS,2005.4
101,2,OIL,1248
101,1,GAS,972
101,1,OIL,1555.2
101,1,OIL,1360.8
101,1,GAS,1215
101,1,GAS,1156.8
101,1,OIL,1240.8
101,1,OIL,1818
101,1,GAS,972
101,1,GAS,2016
101,1,OIL,2329.6
101,1,GAS,1652
101,1,GAS,1650
101,2,GAS,2508
101,1,OIL,1360.8
101,2A,GAS,1456.5
101,2,GAS,1100
104,2H,GAS,1715.5
101,1T,OIL,1485
101,2,OIL,1223
101,2A,OIL,1458.2
101,1T,OIL,1593
101,2A,OIL,1756.4
101,1T,GAS,2029.2
101,2,GAS,1376
104,1H,GAS,1574
104,2A,OIL,3126.5
101,1A,OIL,1003
101,1T,OIL,2138.4
101,2H,GAS,2008
104,2A,OIL,1814
101,1T,GAS,1728
101,1T,OIL,1592.5
101,1T,GAS,2030.5
101,1A,GAS,1141.61
101,1,OIL,948
101,2A,GAS,2963
930,,,0
101,2,OIL,1881
101,2,GAS,2006
101,1T,GAS,1589
101,2,GAS,1092
101,2,OIL,2212
101,1T,OIL,1158
325,1,GAS,840
101,2A,GAS,1563
101,2,GAS,2338.5
101,1H,GAS,1632
101,1,OIL,1550.1
101,2,OIL,1887.6
104,2,GAS,2420
104,2A,GAS,2332
104,2,GAS,1728
101,1T,GAS,1442
101,1T,GAS,1251
101,1T,OIL,1728
104,2A,OIL,2508
101,1T,GAS,1395.5
101,2,OIL,1832
101,2T,GAS,1802
104,2A,GAS,2746
104,2A,OIL,2573.4
111,3,OIL,4096
101,2A,OIL,1656
936,,,0
101,2A,GAS,1944
101,2,GAS,2432
101,2,GAS,2432
101,2A,OIL,3472
101,2,GAS,3620
101,2,OIL,2882
101,2,OIL,2856
101,2,GAS,3755
101,2A,GAS,2868
101,2A,OIL,3350
101,2,GAS,4448
101,1T,GAS,3579.61
101,2,OIL,4080
101,2,OIL,3144
101,2,OIL,3704
101,2,OIL,2538
101,2,OIL,3108
101,2,GAS,3271
102,2H,OIL,2190
102,2H,OIL,2594
101,2,OIL,2350
101,1,OIL,2984
101,2,OIL,3547.9
101,2,OIL,2227
101,2,OIL,2476.2
101,2,OIL,2256
101,2,OIL,2671
101,1,OIL,1621.25
101,2,OIL,2437
101,2,OIL,2116
101,2,OIL,2880
101,2,OIL,1666
101,1,OIL,2933
101,2,OIL,2602
101,2,OIL,2957.36
101,2,OIL,2144
101,2,OIL,2417.8
101,2,OIL,1840
101,2,OIL,1632
101,1T,OIL,1612
101,2,OIL,2869
101,2,OIL,2912
101,2,OIL,2248
101,2,OIL,2316
101,1,OIL,2410.8
101,2,OIL,2036.4
101,2,OIL,2112
101,2,OIL,1876
101,2,OIL,2556.6
101,1,OIL,2199.2
101,1,OIL,2217.25
101,1,OIL,2283.6
101,2,OIL,2301
101,2,OIL,2392
101,1,OIL,2919.5
101,2,OIL,2320
101,2,OIL,1824
101,2,OIL,1824
101,2,OIL,2495.2
101,1T,OIL,3617.05
101,2,OIL,3316
101,2,OIL,2928
101,2,OIL,2168.8
101,2,OIL,3148.32
101,2,OIL,1923
101,2,OIL,2857.6
101,2,OIL,2182.4
101,2,OIL,2384
101,1,OIL,2442
101,2,OIL,3230
101,1,ELECTRIC,2092.8
101,2,OIL,3631.5
101,2,OIL,2050
101,1,OIL,1844
101,1,OIL,1632
101,1,OIL,1758
101,2,OIL,3832
101,2,GAS,2184
101,1T,OIL,2407.85
101,1T,OIL,2385.5
101,2A,OIL,3715
101,2,OIL,2402
132,,,0
101,1,OIL,1781.6
101,2,GAS,2946.2
101,2A,GAS,1976
101,1H,GAS,979.2
101,1T,OIL,1750
101,1T,GAS,3637.5
101,1T,OIL,1495
101,2A,OIL,2210
101,1,OIL,1880
101,1,GAS,1456
101,1,GAS,664
101,1,GAS,2083.5
101,1T,GAS,1885
342,1,GAS,2169
342,2T,GAS,12428
304,2,ELECTRIC,55825
101,1H,GAS,1536
101,1T,OIL,1779
101,2,GAS,1499
104,2A,OIL,2275.5
957,1,GAS,31130
104,2A,ELECTRIC,1628
104,2A,OIL,1979.32
101,1T,GAS,1203
101,2,OIL,2013
101,1T,OIL,1328.25
104,2A,OIL,2100
101,2,OIL,1474
31,2,ELECTRIC,3096
384,1,GAS,3200
31,1T,GAS,2025
101,1,OIL,1136
101,1,GAS,1025
101,1H,GAS,1670
101,1T,GAS,1683
104,1T,OIL,1591.5
101,1T,GAS,1260
101,2,GAS,2043.25
101,1T,OIL,1428
101,1T,GAS,1754.75
101,2,GAS,2895
101,2A,OIL,2064.48
104,2A,GAS,2417
101,2A,OIL,2281
101,1T,OIL,1389
931,1,OIL,56236
131,,,0
101,1T,OIL,1687.5
340,2T,GAS,13288.3
400,2,GAS,15090
374,2,GAS,16700
930,,,0
104,2A,OIL,2608
105,2A,OIL,4317.6
930,,,0
337,,,0
102,2A,GAS,2335.5
102,2,GAS,1320
102,2,GAS,2087.06
102,1,GAS,1272
102,1T,GAS,1340
102,3,GAS,1342
102,3,GAS,1614
102,2A,GAS,1368.38
102,2,GAS,1769
102,1A,GAS,1457.5
102,2,GAS,2558.16
102,3,GAS,1622
102,2,GAS,1605
102,3,GAS,1633
102,2,GAS,1612
102,2,GAS,1769
102,3,GAS,1342
102,2,GAS,1428
101,2,GAS,1886
101,1,OIL,1060
132,,,0
132,,,0
132,,,0
132,,,0
131,,,0
306,3,GAS,115348
101,2,GAS,2380
955,3,ELECTRIC,43791.8
101,1T,OIL,2178
101,2A,GAS,3509
101,2,GAS,2268
101,2A,GAS,4050.8
101,2A,GAS,2873
101,2H,OIL,2457
101,3,GAS,2956
101,1,OIL,2761
101,2,OIL,2524
101,2,GAS,2960
101,1,GAS,1028
101,2,OIL,1848
101,2A,OIL,1781
104,3,OIL,3131.5
104,3,GAS,3433
101,1T,GAS,2047
111,2H,OIL,3626.5
101,1T,OIL,1592.5
101,2A,OIL,1775.4
101,1H,OIL,904
101,1H,GAS,1152
101,2,OIL,1232
101,1,OIL,2046.2
101,2A,GAS,1889
101,2,SOLAR,2960
343,1,GAS,1318
343,1,GAS,1400
343,1,GAS,707
343,1,GAS,983
343,1,GAS,814
343,1,GAS,968
343,1,GAS,1403
343,1,GAS,695
343,1,GAS,975
343,1,GAS,889
343,1,GAS,775
343,1,GAS,1758
102,1,OIL,541
102,1,OIL,588
102,1,OIL,677
102,1,OIL,456
102,1,OIL,595
102,1,OIL,692
102,1,OIL,418
102,1,OIL,604
104,1,OIL,2856
101,2,GAS,2320.8
101,1,OIL,1452
101,1,OIL,2979.3
101,1,OIL,2030
101,1,OIL,1495
104,1T,OIL,3297
101,1,OIL,1250
101,1,OIL,1660
101,1T,OIL,1764
105,1,GAS,1987.5
104,1,GAS,2189.6
101,2,GAS,2004
101,1H,OIL,2111
101,1T,OIL,2517.5
101,1,GAS,1260
101,2,OIL,3045.8
101,1,OIL,1831.2
932,,,0
934,2,GAS,83916
130,,,0
101,1,ELECTRIC,1954.5
101,2,OIL,2236.8
101,1,OIL,2390.5
101,2,OIL,1734
101,1,OIL,2069
101,1T,OIL,2119.75
101,1,OIL,2052
101,2,GAS,3372.64
101,1,GAS,2671.2
101,1,GAS,2532
101,1,OIL,1942
101,2,OIL,2374
101,1,OIL,2168
101,2,OIL,2424
101,1,OIL,4178.2
101,2,OIL,2657
101,2,OIL,3098
101,1,GAS,2267.2
101,1,OIL,2643.2
132,,,0
101,1,OIL,2499
101,2,PROPANE,4067.8
101,1,OIL,2176
101,1,OIL,2426
101,1,OIL,1840
101,1,OIL,2518
101,2,OIL,2903.6
101,1,OIL,1450
101,1,OIL,1971
916,,,0
916,,,0
101,1,OIL,1539
101,2,OIL,3080
101,2,GAS,2700
101,2,GAS,4035
109,2A,OIL,6280.28
101,1H,OIL,2450
101,1T,OIL,2322
101,2,OIL,2102.4
101,1T,OIL,3832
101,2,OIL,2810
101,2A,OIL,2794
101,2,OIL,2246
101,2A,OIL,2990
101,2A,OIL,1712
101,1H,OIL,1728
101,2,OIL,2729
101,2,OIL,1371
101,1T,OIL,2265.5
101,1T,OIL,1741
104,1,OIL,1672
101,1,OIL,1070
101,1T,GAS,976
960,1,ELECTRIC,7260
101,2,GAS,2484
930,,,0
101,1T,GAS,2248
101,1,OIL,2430.8
101,2,OIL,1824
101,1T,OIL,1980
962,,,0
132,,,0
101,1T,OIL,1260
101,1T,OIL,1860
104,2,OIL,3267
101,1,OIL,1948.8
101,1T,OIL,1275
101,1,OIL,1132
101,1H,OIL,1896
101,1T,PROPANE,3788.5
953,,,0
101,1,OIL,2390
101,1T,OIL,2117.5
101,1,OIL,1840.8
101,2,OIL,2548.85
101,1T,OIL,1793.75
101,2,GAS,2760
101,2A,OIL,2450
101,2,OIL,1966
101,1T,OIL,1288
101,1T,OIL,1176
101,1T,OIL,1432.25
101,1T,OIL,1409
101,1T,OIL,1456
101,1,OIL,1675.5
101,1T,OIL,2624
101,2,OIL,1700
101,2A,OIL,2640
101,1,OIL,1800
101,2A,OIL,3244
101,1H,GAS,2238
101,2A,OIL,3124.3
101,2,OIL,6418.75
101,2T,OIL,2075.5
101,1,OIL,1208
101,2A,OIL,3232
101,2A,OIL,4075
101,1,OIL,2906
934,1,OIL,1120
104,2A,OIL,3251.2
101,1T,OIL,2111
101,2A,OIL,3054
101,1T,OIL,2742.25
101,2,OIL,2795
104,2A,OIL,3812
101,2,OIL,1152
101,2,OIL,1834
101,1H,OIL,1527.5
101,2,OIL,2639.2
101,2,OIL,4270
101,2A,OIL,3766.3
932,,,0
101,1,ELECTRIC,2521.38
101,1T,OIL,1896
101,1H,OIL,1520
101,2A,OIL,4667
101,2,OIL,2243.85
101,2,OIL,1993
101,2A,GAS,3846.8
101,2A,OIL,3528
101,2,OIL,1855.5
101,2,OIL,3396.25
101,2A,OIL,5554.85
101,1T,OIL,1683
101,1,OIL,1934.2
101,1,GAS,1120
101,2,OIL,1368
104,2A,GAS,2954.8
101,1,GAS,3015
101,1T,GAS,4813.2
101,2,GAS,5152
101,2,OIL,1965
101,2A,OIL,4162
105,2A,GAS,5522.1
101,2A,GAS,3926
101,2H,OIL,4045
101,1T,OIL,1608
101,1,OIL,2392
101,1T,OIL,2481
101,1T,OIL,2526
101,2A,OIL,1530
101,2,GAS,1655
101,1T,OIL,1356.25
101,1T,OIL,1334
101,2T,GAS,2780
101,2,GAS,1681
101,2A,GAS,2026
101,2,OIL,2124
105,2H,OIL,5827
101,2A,OIL,3519.64
101,2,OIL,2080
104,2H,OIL,2041
101,2,OIL,2120
101,1T,GAS,1594.5
104,2,OIL,2504
101,1T,GAS,1432.75
101,2A,OIL,1730
101,2,OIL,1415
101,2,OIL,1312.8
101,2,OIL,1358.5
111,2A,OIL,3830
105,2A,GAS,2762.4
105,3,OIL,5836.8
101,1T,OIL,2021.25
104,2A,OIL,3586
304,2,GAS,44192.5
132,,,0
101,2A,OIL,2032
101,2A,OIL,1798
101,2A,GAS,1988
101,1T,OIL,2763.5
101,1T,GAS,1815
101,2,OIL,1248
101,2,OIL,1368
101,1H,OIL,1125
101,2,OIL,1572.5
101,2A,OIL,1612
101,2,OIL,1515
101,1,GAS,1708.62
109,2,ELECTRIC,3405
111,2A,GAS,2972
111,3,GAS,5387.65
104,3,OIL,3781.4
13,3,ELECTRIC,40755
101,1T,OIL,1098
31,2,OIL,3300
111,2A,GAS,3111
105,2A,OIL,3521.72
340,2A,OIL,5128.2
337,,,0
337,,,0
101,2,GAS,2710.4
130,,,0
932,,,0
101,2A,OIL,4983.9
132,,,0
932,,,0
132,,,0
132,,,0
712,,,0
101,2,GAS,3062
930,,,0
101,1,GAS,2941.5
101,2,GAS,2128
101,2,GAS,3650
101,2,GAS,3331
102,1,GAS,1419
102,1,OIL,2606
102,2T,GAS,1839
102,1,OIL,840
102,2T,OIL,1690.5
102,2A,GAS,2412
102,2A,GAS,1116
102,1,GAS,632
102,1,GAS,970
102,1H,GAS,1480.14
102,2,OIL,1414.58
102,1,OIL,600
102,2T,OIL,1351
102,2A,GAS,1350
102,2A,GAS,1543.5
102,1A,GAS,761.95
102,2,GAS,1368
102,2,ELECTRIC,1548
102,1,OIL,840
102,2T,GAS,1326
102,1,GAS,652
102,1,OIL,600
102,1A,GAS,778.14
102,1,OIL,727.5
327,1,OIL,1484
101,1,OIL,2100.4
101,1,OIL,1996.8
101,2,OIL,2558
101,1,OIL,2448
101,2,OIL,2464
101,1,OIL,3779.5
101,1,OIL,2018.4
101,1,OIL,2556.8
101,1,OIL,2042.4
101,1,OIL,2954.4
101,1,OIL,2977.5
101,2,OIL,3030
101,1,OIL,2574.3
101,1,OIL,2097.6
101,1,OIL,2064
101,2,OIL,3018.1
101,1,GAS,2333
101,2,GAS,3470.4
101,2,OIL,3459.6
101,1,OIL,2634
101,2,OIL,3146.6
101,2,OIL,2580.5
101,1,OIL,2064
101,1,OIL,2712
101,1,OIL,1996.8
101,1,OIL,2232
101,1,OIL,2232
101,2,OIL,2931.4
101,2,OIL,3028.4
101,1,OIL,1929.6
101,2A,OIL,3882.8
101,1,ELECTRIC,3176.5
101,1,OIL,3094.4
101,1,GAS,2082
101,1,GAS,2329.6
101,1,GAS,2232.8
101,1,OIL,2238.5
101,1,ELECTRIC,2268
101,1,ELECTRIC,2254
101,1,ELECTRIC,2218
101,1,ELECTRIC,1965.6
101,1,ELECTRIC,2100
101,1,GAS,3745.8
101,2,GAS,3286.4
101,2,OIL,2556
101,2,OIL,3067.2
101,1,OIL,2325.5
101,2,OIL,2848
101,2,GAS,3080
101,2,GAS,1372
101,2,OIL,1138
101,1T,GAS,1792.75
101,1T,OIL,2007.25
101,1T,OIL,1521.5
101,1,OIL,880
101,2,OIL,1939
101,1,GAS,946
101,2,GAS,2545
101,2,GAS,2150.4
101,1H,GAS,1224
101,1,OIL,2256
101,1H,OIL,1510
101,1,OIL,912
931,,,0
101,1,GAS,1963.5
101,1T,GAS,1660
101,1T,GAS,1458
101,1T,GAS,1980
101,1T,OIL,1700
101,2,GAS,1980
101,1,GAS,1031.25
101,1T,OIL,1641.5
101,1H,OIL,854
101,1T,OIL,1138
101,1T,GAS,1673.5
104,2,GAS,1892
105,2H,GAS,2520
340,2,GAS,1872
111,2A,GAS,2942
104,2A,OIL,2050
111,3,OIL,5155
101,1T,GAS,1623
132,,,0
101,1,OIL,1318
104,2,GAS,2255
101,1,OIL,1169
104,2,GAS,2875.6
101,1,GAS,1558
101,2A,GAS,2292
101,1,GAS,1282
101,1,GAS,970
101,1,OIL,1450
101,1,OIL,1642
101,1,GAS,2590
101,1,OIL,1090
101,2,OIL,2725.2
101,1,OIL,1546
101,1,OIL,1354
101,1,OIL,1582
101,1,GAS,970
101,1,OIL,2335.6
101,1,GAS,1263.2
101,1,OIL,1548.2
101,1,GAS,1450
101,1,OIL,1642
101,1,OIL,1757.2
101,2,GAS,2096
101,1,GAS,1066
101,1,OIL,1846
101,1,OIL,1802
101,1,GAS,970
101,1,GAS,1162
102,1,GAS,1786
102,1,GAS,2294.2
102,1,OIL,1968.7
102,1,GAS,1219
101,2,GAS,2700
101,2A,GAS,4469.44
101,2,GAS,3676.5
101,2,GAS,4191.6
101,2,GAS,4203.3
101,2A,GAS,2548
101,2,GAS,3700.4
101,2,GAS,2576
936,,,0
101,2A,OIL,3120
101,1,OIL,2506
101,2A,OIL,2740
930,,,0
930,,,0
132,,,0
132,,,0
104,2,ELECTRIC,2048
104,2,ELECTRIC,2048
104,2A,GAS,2176
104,2A,OIL,2284
101,1H,OIL,1428
101,2,OIL,1416
101,2,OIL,2096
101,1,OIL,1147.5
104,2,OIL,2256
102,2,ELECTRIC,966
102,2,ELECTRIC,966
101,1T,OIL,1322.4
402,1,OIL,3600
132,,,0
101,2A,OIL,2997
927,1,OIL,54301.9
927,2A,GAS,83902.4
101,1T,GAS,2198
101,1T,OIL,1132
101,1,OIL,2352
332,1,OIL,1698
101,2,GAS,1795.8
101,2,GAS,2063.5
101,2,OIL,1412.5
101,2,OIL,1457
101,1,OIL,1232
101,1T,OIL,1428
101,2A,OIL,2616
101,2A,OIL,1565.4
101,1T,GAS,1204.75
101,1T,OIL,1204.75
101,1,GAS,1146
930,,,0
101,1,GAS,1424.8
101,2,GAS,2128.5
101,1T,OIL,1086.5
101,2A,GAS,1276
101,1T,OIL,979.5
930,,,0
340,1,OIL,1080
930,,,0
13,1T,GAS,2586
101,1T,GAS,980
930,,,0
105,2A,GAS,2223.6
31,1T,OIL,2854.4
935,2,GAS,3480
326,1,GAS,7842.5
956,3,GAS,4484
922,2,GAS,23763
953,,,0
101,1,OIL,1679
928,,,0
325,2,OIL,5960
105,2A,GAS,3424.8
101,1,OIL,1677
101,1,OIL,1170
936,,,0
101,1H,OIL,2170
101,2A,OIL,3798
930,,,0
132,,,0
101,1,OIL,1586
101,1,OIL,3541.4
101,1H,OIL,2328
132,,,0
101,1,OIL,2155
101,1,OIL,2574
101,1,GAS,2236
101,1,OIL,1708
101,2,OIL,2028
104,2A,OIL,6052.84
101,2,OIL,1911
101,1T,OIL,1116.5
101,1T,GAS,1758
101,2,GAS,2078.75
104,2A,GAS,1908.8
101,1T,GAS,1669.5
104,1T,GAS,1755.25
101,1,OIL,1825.2
101,1,GAS,2718.8
101,2,OIL,1589
101,2,GAS,1452
101,1T,GAS,1929
101,2,OIL,1740
101,2,OIL,1836
101,1,OIL,2058.5
101,1,OIL,2076
132,,,0
101,2,GAS,2269.55
104,2A,OIL,2905
101,2,OIL,1224.6
101,1T,OIL,2214
936,,,0
101,1,OIL,2014
101,1,OIL,1040
101,1T,OIL,1571
101,2,GAS,2829
101,2,OIL,2157
101,2,GAS,1869.24
101,1T,OIL,2097
101,2A,OIL,1297.44
101,1,OIL,1552.32
109,1H,GAS,2227.5
101,1T,OIL,1589
101,1,OIL,960
101,2A,OIL,1712
101,1A,GAS,1308
101,2A,GAS,2459.2
101,2A,OIL,1796
101,1A,GAS,1406.24
101,1T,OIL,1572
101,1H,OIL,1186.5
930,,,0
105,2,OIL,2974.5
930,,,0
101,2,GAS,2360
104,1T,OIL,1791
101,1T,GAS,2442
104,2,GAS,1809.4
101,1,GAS,1639.6
101,1T,GAS,1517.5
101,1T,GAS,2207.25
101,1,OIL,1118.75
132,,,0
104,2,GAS,3281.9
132,,,0
101,1T,GAS,1592
101,2A,GAS,2424
101,1T,OIL,1421
101,1A,OIL,1695.8
101,2A,OIL,2035
101,1T,OIL,1284
101,1H,GAS,2283
101,1H,OIL,1550.4
101,1T,OIL,1260
101,1H,OIL,1330
101,1,OIL,914
101,1,OIL,1426.25
101,2A,OIL,2088.8
101,1,OIL,1692
101,2A,OIL,1987
104,2A,OIL,3294.5
101,2A,OIL,1428
101,1T,OIL,2754
101,1,OIL,1934.8
101,1,OIL,1296
101,2,OIL,1564.4
101,1T,OIL,1260
104,2H,GAS,2676
104,2A,OIL,2551.77
101,1,GAS,1992
101,2,GAS,1526.4
104,2H,GAS,2520
101,1,OIL,2143.6
101,2,GAS,1468
101,2,OIL,2968
101,1,GAS,1335
101,2A,OIL,1854
101,1,OIL,1368
101,1,OIL,1554
101,1,GAS,768
101,2,OIL,2090
101,1T,OIL,1774
101,1T,OIL,2584
104,2,OIL,4613
101,1,GAS,1865
101,2A,GAS,3344.2
101,1A,GAS,2194
101,2,OIL,1497.6
101,2A,GAS,2547.2
101,2A,OIL,1539
101,2,OIL,2220
101,1T,OIL,1612.5
105,2,GAS,2142.15
101,1T,GAS,1891
104,2,GAS,2067.2
101,2A,OIL,3220.8
13,2A,OIL,2636.4
101,1H,OIL,3088
101,2,OIL,1563
101,2A,GAS,1680
355,2H,GAS,8336.4
104,2A,GAS,4008
104,2A,OIL,3177.2
111,3,GAS,5088.5
101,1T,OIL,1392
104,1T,GAS,2777.75
104,2A,GAS,2355.7
104,2A,OIL,2026
104,2A,GAS,2285
111,2A,GAS,4866.4
325,1,ELECTRIC,1764
316,3T,OIL,15768.8
334,1,GAS,3325
331,1,GAS,2751
326,1,GAS,1831.5
111,2A,OIL,2936
325,1,GAS,12469
321,1,GAS,8862
325,1,OIL,3934
325,2,OIL,12636
325,2,GAS,13449
325,2,GAS,19885
325,2,GAS,7327
326,1,GAS,1728
325,2A,GAS,4390
325,2A,GAS,3684
340,2T,GAS,13620.5
13,3H,GAS,14243.2
325,1,GAS,724
31,2,OIL,10449
325,2,GAS,8040
326,2,GAS,4400
325,1,GAS,3710
930,,,0
970,2A,GAS,28204
960,1,GAS,21118.5
333,1,ELECTRIC,126
13,4,GAS,158699
130,,,0
31,1,OIL,8271
400,2,GAS,14528
101,2,GAS,1488.2
105,2H,GAS,5377
101,2A,OIL,2241
101,2,OIL,1434
101,2,OIL,2088
928,1A,OIL,3795.92
928,1,OIL,3864
93,3,GAS,93789
428,1,GAS,756
101,2A,GAS,2112
132,,,0
132,,,0
132,,,0
102,1,GAS,1037
102,2A,OIL,1745.64
102,1,GAS,979
102,1T,OIL,1378
102,1,GAS,1100
327,2,ELECTRIC,1520
344,1,GAS,1644
344,1,GAS,1646
344,1,GAS,822
344,1,GAS,903
344,1,GAS,904
344,1,GAS,825
344,1,GAS,747
344,1,GAS,747
344,1,GAS,749
344,1,GAS,749
102,1A,OIL,1478.17
102,2A,OIL,1929.59
102,2,GAS,623
102,1T,OIL,1602.27
102,2,GAS,1500
327,1,ELECTRIC,1248
981,1,GAS,1600
981,1,GAS,1646
344,1,GAS,825
344,1,GAS,906
344,1,GAS,903
344,1,GAS,747
344,1,GAS,763
344,1,GAS,763
344,1,GAS,747
344,1,GAS,747
102,2,GAS,828
102,1,GAS,1210
327,1,GAS,4600
344,1,GAS,854
344,1,GAS,886
344,1,GAS,886
102,2,GAS,1551
344,1,GAS,854
344,1,GAS,854
102,2A,GAS,1284
344,1,GAS,919
344,1,GAS,919
102,2A,GAS,1524
344,1,GAS,854
102,2,GAS,1520
102,1,OIL,1259
102,1,OIL,1425
327,2,GAS,7648.3
305,1A,OIL,11610.8
102,2,ELECTRIC,1755.5
102,2,ELECTRIC,1755.5
101,1T,GAS,1542.5
101,2,GAS,1545
101,2,GAS,3104.8
101,1T,GAS,2237
101,1T,GAS,2077.4
101,1T,GAS,1448.5
101,1T,OIL,1127
104,2A,GAS,2812.4
101,1T,OIL,1580
101,1T,GAS,4127.5
101,1,GAS,1376
101,1,OIL,1236
101,1,OIL,2049
101,1,OIL,1490
101,1,OIL,2060
101,1,OIL,2844
101,1,OIL,1945.2
101,1,OIL,1312
101,1,OIL,1800
101,1,OIL,1554
101,1,OIL,1357
101,1,OIL,1836
101,2,OIL,2706
101,1,OIL,1672
101,1,OIL,2062
101,1,OIL,1032
101,1,OIL,1448
101,1,OIL,1452
101,1,OIL,2822
101,1,OIL,1308
101,1,OIL,1056
101,2A,OIL,3248
101,1,OIL,1998
101,1,OIL,1901
101,1,OIL,1703
101,1,OIL,1976
101,1,OIL,1978
101,2,OIL,2596
101,2,OIL,4132
101,1,GAS,1264
101,1,OIL,1440
101,1,OIL,1560
101,1,OIL,1773
101,1,OIL,1832
101,1,OIL,1504
101,1,OIL,1452
101,1,ELECTRIC,1352
101,1,OIL,1056
101,1,ELECTRIC,1452
101,2,OIL,4448
101,1,OIL,1116
101,1,OIL,1320
101,1,OIL,1686
101,1,OIL,1413
101,1,OIL,1830
102,2A,GAS,1660
102,2A,GAS,1660
102,2A,GAS,1660
102,2A,GAS,1660
102,2A,GAS,1660
102,2A,GAS,1660
102,2A,GAS,1916
102,2A,GAS,1660
102,2A,GAS,1660
102,1,OIL,1144
102,2A,GAS,2268
102,2A,GAS,1660
102,2A,GAS,1660
102,2A,GAS,1660
102,2A,GAS,1660
102,2A,GAS,1660
102,2A,GAS,2300
102,2A,GAS,1660
102,2,GAS,1643.6
102,2A,GAS,1980
102,2,GAS,673
102,1,GAS,673
102,1,GAS,280
102,1,GAS,540
102,1,GAS,673
102,1,GAS,673
102,1,GAS,673
102,1,GAS,673
102,1,GAS,524
102,1,GAS,540
102,1,GAS,673
102,1,GAS,673
102,1,GAS,673
102,1,GAS,673
102,1,GAS,524
102,1,GAS,540
102,1,GAS,673
102,1,GAS,673
102,1,GAS,673
102,1,GAS,673
102,1,GAS,280
102,1,GAS,540
102,1,GAS,673
102,1,GAS,673
102,1,GAS,673
102,1,GAS,673
102,1,GAS,524
102,1,GAS,540
102,1,GAS,673
102,1,GAS,673
102,1,GAS,673
102,1,GAS,673
102,1,GAS,524
102,1,GAS,540
102,1,GAS,673
102,1,GAS,673
102,1,GAS,673
102,1,GAS,673
102,1,GAS,280
102,1,GAS,540
102,1,GAS,673
102,1,GAS,673
102,1,GAS,673
102,1,GAS,673
102,1,GAS,524
102,1,GAS,540
102,1,GAS,673
102,1,GAS,673
102,1,GAS,673
102,1,GAS,673
102,1,GAS,524
102,1,GAS,540
102,1,GAS,673
102,1,GAS,673
101,1,OIL,1659
101,1,OIL,1248
101,2,GAS,2471.5
101,2,GAS,3112
104,1H,OIL,2125
101,2A,GAS,1800
101,1H,OIL,1852.1
104,2A,OIL,1852
104,2H,OIL,2687
101,2,GAS,2904
101,1,GAS,958
101,2,OIL,2000
101,1,GAS,1282
101,2,GAS,2780.8
101,3,GAS,4567.5
101,2H,GAS,4065.25
101,2A,GAS,2888
101,1T,GAS,3344
101,2,GAS,2874
101,2,GAS,2964
132,,,0
101,1T,OIL,1836
101,2A,OIL,2548
101,1T,OIL,1232
101,1T,OIL,1864
101,1,OIL,1056
104,2,OIL,2644
101,1,OIL,1422.4
101,2,OIL,2972
101,1,OIL,1836
101,1H,OIL,1654
101,1T,OIL,1988
101,1,OIL,883.2
101,2,OIL,2316
101,2,OIL,2585.6
101,1T,OIL,1944.8
101,1,OIL,982.8
101,1T,OIL,1608.2
101,1A,OIL,1852.5
101,1,OIL,1817.6
101,1,OIL,996
101,2,GAS,2268
101,1T,GAS,1416.5
101,1T,GAS,1383
101,2,OIL,1174.3
101,2A,GAS,1852
101,2,GAS,1311
101,2,GAS,1332
104,2A,OIL,1970
101,1,GAS,1680
101,1T,GAS,1754.4
101,2A,GAS,1792
101,1T,GAS,1428
930,,,0
130,,,0
102,2H,OIL,1595
102,2H,OIL,2237
131,,,0
101,2,OIL,2596.5
101,2,OIL,3452
101,2,OIL,2452
101,2,OIL,5866
928,2,OIL,37150
928,,,0
101,1T,OIL,1789.5
101,1,OIL,1266
101,1T,OIL,1866.5
101,1,OIL,1680
101,1,OIL,2559
101,1,OIL,1646
101,1H,OIL,3298.4
101,1,OIL,2713.6
101,1,OIL,3100.15
101,2A,OIL,2922
101,2A,OIL,1746
101,1T,OIL,2344.6
101,1,OIL,1028
101,1T,OIL,1754.4
104,2A,GAS,2790.7
105,2A,GAS,3044
101,2,GAS,1700
101,1T,GAS,1258
101,1T,OIL,1305.5
101,1T,OIL,1264.5
101,1T,GAS,1231.5
101,1T,OIL,1761.25
104,2A,OIL,2460
101,1,GAS,1856.4
101,1T,GAS,1366
101,2A,GAS,1956.4
101,1H,GAS,666
104,2,GAS,2084
400,1,GAS,8740
400,1,GAS,10480
102,2,GAS,1248
102,2,GAS,1248
104,2,OIL,1680
104,2,OIL,1674
101,2,OIL,2295.5
101,1A,OIL,1533.32
101,2,GAS,1924.8
101,1A,OIL,1303.94
132,,,0
101,1T,OIL,1496
101,2,GAS,1740.56
101,1,OIL,1332
101,2,GAS,1775.8
101,1T,GAS,1710.8
101,1A,GAS,956
101,2,OIL,1443
101,1T,OIL,1785
101,2,GAS,1714
101,2,GAS,1848
101,1,GAS,1805
101,2,OIL,2276
101,1,GAS,2497.8
101,2,GAS,1700
101,1,GAS,2373.2
101,1,GAS,2312.8
101,1,GAS,2535
101,2,OIL,2664.25
101,2,GAS,2173
101,1T,GAS,2617
101,2,ELECTRIC,2870.4
906,1T,OIL,4597
101,1,OIL,2374
101,2,OIL,2372
101,1,OIL,2002
101,2,OIL,2212
101,2,GAS,4706
101,1,GAS,2496
101,1,OIL,4536
101,1,OIL,2387
101,1T,OIL,3779.85
101,2,OIL,2242
101,1,GAS,3711.2
101,2,GAS,2537.6
101,2,OIL,3346
101,1,GAS,2264
101,1,GAS,2212
101,1,GAS,2063.6
101,1,OIL,2276.4
101,1,GAS,2258
101,2,GAS,2913
101,1,OIL,2058.67
101,2,OIL,3303
101,1,ELECTRIC,2842.2
101,1,GAS,3614
101,1,GAS,2068.4
101,1,GAS,2138
101,2,GAS,2406
101,2,OIL,2251
101,1,GAS,2508.8
101,1,GAS,1992
101,1,GAS,1908
101,2,GAS,4064.4
101,2,GAS,3658.6
101,1,GAS,2531
101,1,OIL,3304.8
101,2,OIL,5724
101,2H,OIL,4914.8
101,2A,OIL,3756.3
101,2A,OIL,3786.5
101,2A,OIL,3440.88
101,2,OIL,3670
101,2,OIL,4569.6
101,2A,OIL,4399.2
101,2A,OIL,3914.7
101,2A,OIL,6037.52
101,2A,OIL,2553
101,2,OIL,2282
101,1,OIL,1076
101,1,OIL,1548
101,1,OIL,1787.5
101,1,OIL,1803
101,1,OIL,1368
101,1,OIL,1721.6
101,1,ELECTRIC,2141.6
101,1,OIL,2878
101,1,OIL,1804
101,1,OIL,1950
101,1,OIL,2558.8
132,,,0
101,1,ELECTRIC,960
101,1,OIL,1972
101,2,OIL,2644
101,1,OIL,1501.5
101,2,GAS,1986
101,2A,OIL,3639.5
101,1,OIL,2630
101,1,ELECTRIC,1778
101,1,GAS,864
961,2,OIL,36248.6
101,2,GAS,4328.8
101,2,GAS,4229.9
101,2,GAS,3929.54
101,2,GAS,3553
101,1,OIL,3145.8
101,2,OIL,3045.6
101,1,OIL,2889.6
101,1,OIL,4081.92
101,1,OIL,1795.2
101,1,ELECTRIC,2631
101,2,OIL,4583.6
101,1,OIL,1929.6
930,,,0
101,2,OIL,2619.6
101,1,OIL,1929.6
101,2,OIL,2255
101,1,OIL,3437.6
101,1,OIL,2064
101,1,OIL,1929.6
101,2,OIL,2711
101,1,GAS,2254
101,1,OIL,2139
101,2,ELECTRIC,4338
101,1,OIL,2334
101,1,OIL,2466
101,1,OIL,2148
101,1T,OIL,2376.74
101,2,OIL,3297
101,1,GAS,2926.7
101,1,OIL,2571.4
101,2A,GAS,2486
132,,,0
101,2,OIL,2672.8
101,2,GAS,2232
101,1,OIL,2393.6
101,1,GAS,3573.34
101,1,GAS,2255
101,2,GAS,2742
101,2,GAS,2520
101,2,GAS,3021.6
101,2,OIL,3826.8
101,2,GAS,2577.6
101,1,GAS,2336
101,2,GAS,4052.8
101,2,GAS,2244
101,2,GAS,1888
101,2,OIL,2014
101,2,OIL,2268
101,2,OIL,2376
101,2,OIL,3276
101,2,OIL,3723
101,2,OIL,3184
101,2,OIL,3472.8
101,2,OIL,3862
101,2,OIL,2760
101,2,OIL,2946
101,2A,GAS,4236
101,2,OIL,3393
101,1T,GAS,2620
104,1H,OIL,1646
101,2A,OIL,1681
340,2,GAS,203889
101,1T,OIL,2106
101,1T,OIL,1638
131,,,0
101,1T,OIL,1638
101,2,OIL,2447.5
111,2,OIL,3704.1
102,2A,ELECTRIC,1439.4
102,2A,ELECTRIC,1422.5
316,4,GAS,121000
316,1,ELECTRIC,30600
330,2,OIL,39972
334,1,OIL,2250
323,2,ELECTRIC,35222.3
333,1,GAS,1871
392,,,0
326,1,OIL,2790
930,,,0
333,1,ELECTRIC,120
31,1A,GAS,6397.62
930,,,0
325,1,GAS,11899
323,1,GAS,159396
330,1,GAS,8641
340,1H,ELECTRIC,3510
340,1,GAS,6597.6
326,2,OIL,17302
401,2,GAS,69026
316,1,GAS,6240
316,1,GAS,78831
112,4,GAS,312117
400,1,OIL,24925
330,2,GAS,21688
316,2,NONE,96640
300,3,GAS,45432
103,,,100
340,3,ELECTRIC,23520
953,,,0
103,2,,100
326,1,GAS,8809.5
323,1,GAS,24002
332,1,OIL,5222
322,1,GAS,114680
333,1,GAS,4727
31,1,ELECTRIC,9086.5
392,,,0
326,1,GAS,9225
302,2A,GAS,68072.1
400,2,GAS,52646
301,4,ELECTRIC,58495
323,1,GAS,28772
325,1,GAS,32269
337,,,0
326,1,GAS,9131.05
322,1,ELECTRIC,127748
103,2,,100
340,3,GAS,29094
400,2,GAS,21100
332,1,GAS,3500
391,,,0
301,1,GAS,36050
325,,,0
330,2,GAS,17350
102,2A,ELECTRIC,1497.5
102,2A,ELECTRIC,1840.9
102,2,ELECTRIC,1492.5
102,2A,ELECTRIC,1996.35
102,2A,ELECTRIC,2010.6
102,2A,ELECTRIC,1923.5
102,2A,ELECTRIC,1528.5
102,2A,ELECTRIC,2012
102,2A,ELECTRIC,1532
102,2A,ELECTRIC,1513
102,2A,ELECTRIC,1513
102,2A,ELECTRIC,1898.7
102,2A,ELECTRIC,1810
102,2A,ELECTRIC,1911.1
102,2A,ELECTRIC,1513
102,2A,ELECTRIC,1512
102,2A,ELECTRIC,1508
102,2A,ELECTRIC,1515
102,2A,ELECTRIC,1947.25
102,2A,ELECTRIC,1505
102,2A,ELECTRIC,2034.6
102,2A,ELECTRIC,1507
102,2,ELECTRIC,1505.5
102,2,ELECTRIC,1510
102,2A,ELECTRIC,1524.5
102,2A,ELECTRIC,1803
102,2A,ELECTRIC,1981.5
102,2A,ELECTRIC,1516
102,2A,ELECTRIC,1511
102,2A,ELECTRIC,2092.8
102,2A,ELECTRIC,1548
102,2A,ELECTRIC,2114
102,2A,ELECTRIC,1521.5
102,2A,ELECTRIC,1985
102,2A,ELECTRIC,2084.4
102,2A,ELECTRIC,1510.5
102,2A,ELECTRIC,1516.5
102,2A,ELECTRIC,2049.2
102,2A,ELECTRIC,1985.4
102,2,ELECTRIC,1520
102,2A,ELECTRIC,1536
102,2A,ELECTRIC,1510
102,2,ELECTRIC,1908.8
102,2A,ELECTRIC,2081.2
102,2A,ELECTRIC,1549.5
102,2A,ELECTRIC,1512
102,2A,ELECTRIC,1500
102,2A,ELECTRIC,1506
102,2A,ELECTRIC,1793
102,2A,ELECTRIC,1248
102,2A,ELECTRIC,1528
102,2A,ELECTRIC,1497
102,2A,ELECTRIC,1877.7
102,2A,ELECTRIC,2070.2
102,2A,ELECTRIC,1984.6
102,2A,ELECTRIC,2080.4
102,2A,ELECTRIC,1503
102,2A,ELECTRIC,1953.7
102,2A,ELECTRIC,1508
102,2A,ELECTRIC,1536.5
102,2A,ELECTRIC,1780
102,2A,ELECTRIC,1963
102,2A,ELECTRIC,1899.6
102,2,ELECTRIC,2050.6
102,2A,ELECTRIC,1511
102,2A,ELECTRIC,1810
102,2A,ELECTRIC,1520.5
102,2A,ELECTRIC,1748.45
132,,,0
101,1,OIL,1672
101,1T,OIL,1920
101,1,OIL,2478
101,1T,OIL,2033.2
101,2,OIL,2922
101,1,OIL,2148
101,2A,GAS,1760
132,,,0
101,1T,OIL,2320
101,1T,OIL,2274.93
101,1H,OIL,1872
101,1H,OIL,2352
101,1,OIL,3948
101,1T,OIL,2570.4
101,2,OIL,2000.6
101,2,OIL,1931.2
101,2,OIL,1661.44
101,1T,OIL,1484
101,1,OIL,2736
101,2,GAS,2328
101,1,OIL,1747.2
101,2,OIL,1549
101,1T,OIL,1884
101,1H,OIL,1402
101,2,WOOD,1157.5
104,2A,ELECTRIC,2202
101,1,GAS,2273.6
13,2H,GAS,3833.9
102,2,GAS,3111.6
102,2T,GAS,1711.16
102,2,OIL,2072
102,2T,GAS,2242.84
102,2T,GAS,2330.35
102,2T,GAS,1908.69
101,1,OIL,1056
101,1,OIL,1704
101,2,OIL,3228
101,1,OIL,1200
101,1,OIL,3030
101,1,OIL,1452
101,1,OIL,1776
101,2,OIL,3736
101,1,OIL,1592
101,1,OIL,2076
101,2A,PROPANE,3274
101,1,OIL,1248
101,1,OIL,1498
101,1,OIL,1712
101,1,OIL,1056
101,1,OIL,1462
101,1,OIL,1320
101,2,OIL,2497
101,1,OIL,1508
101,2,GAS,2680
101,1,OIL,1308
101,2,OIL,3656
101,2,OIL,2540
101,1,OIL,1060
101,1,OIL,1056
101,1,OIL,1344
101,1,OIL,1350
101,1,OIL,1452
101,2,OIL,2614
101,1,OIL,1776
101,1,OIL,1144
101,1,OIL,2056
101,1,OIL,1572
101,1,OIL,1225
101,1,OIL,1060
101,1,OIL,1076
101,1,OIL,1488
101,2,OIL,2788
101,1T,OIL,1116.5
104,1T,OIL,2265
101,1T,OIL,2601.4
931,2A,OIL,2099
104,2,OIL,1934
340,2,OIL,2357.55
104,2,GAS,2190
13,2,GAS,6028
104,2,OIL,1944
104,2A,OIL,2128
401,1,OIL,6325
111,2H,GAS,3659
104,2A,GAS,2000
104,2A,GAS,2152.8
101,1,OIL,1056
101,2,OIL,3024
101,1,OIL,1060
101,1,OIL,1452
101,1,OIL,1680
101,1,OIL,1452
101,1,OIL,1056
101,1,OIL,1760
101,1,OIL,840
101,1,OIL,990
101,1,OIL,1440
101,2,OIL,3228
101,1,OIL,1912
101,1,OIL,1056
101,1,OIL,1776
101,1,OIL,1602
101,2,GAS,2912
101,2,OIL,2941
101,1,GAS,2061.6
101,2,GAS,3153
101,1,OIL,1096
101,2,GAS,2809.2
101,1,GAS,2129.4
101,2,GAS,3404
101,1,GAS,2833
101,1,GAS,3050
101,2,OIL,4539.2
104,2,GAS,3999
101,1,GAS,2697.04
101,1,GAS,3366.9
101,1T,GAS,3001.71
101,2,GAS,3489
101,1,GAS,2744
101,1,GAS,2898
101,2,OIL,2768
101,2,GAS,3039
101,1,OIL,2776
101,1,OIL,3355.2
101,1,GAS,1682
101,1,OIL,3904
101,1,OIL,2613
101,1,GAS,2096
101,1,GAS,1738
101,2,GAS,2772
101,2,OIL,1992
101,1,GAS,1828
101,1,OIL,1831
101,1,OIL,2138.08
101,2,OIL,1651.2
101,1T,GAS,2235.2
101,1T,OIL,1400
101,1T,OIL,1494.38
101,1T,OIL,1237.5
132,,,0
316,1,GAS,167618
340,2,GAS,23300
103,2,,100
101,1T,OIL,1176
930,,,0
140,1,OIL,5952
101,2,GAS,3069
101,1,GAS,1546
101,1,GAS,2081.2
101,1,GAS,1918
132,,,0
342,1,GAS,11860
325,1,GAS,28992
936,,,0
936,,,0
936,,,0
101,2A,OIL,3172.8
101,2,OIL,2644.8
101,2,OIL,2496.6
101,2A,OIL,2348.4
101,2A,OIL,2052
101,2,OIL,2052
101,2,OIL,2201.2
101,1T,OIL,1638
101,1T,OIL,1638
101,1,GAS,2400.4
101,2,ELECTRIC,2080
101,1,GAS,1384
101,1,GAS,1680
101,1,GAS,2061
101,1,GAS,1546
946,,,0
132,,,0
132,,,0
932,,,0
101,1,GAS,1737.6
101,1T,GAS,1512
959,1,GAS,1942
101,1,GAS,1888
101,1,GAS,1471
101,1,GAS,1446
101,1,GAS,1660.8
101,1,GAS,2463
101,1T,GAS,2599.5
101,1,GAS,4007.6
101,2A,GAS,3870.4
101,2,GAS,2784
101,1,ELECTRIC,1635.9
101,1,GAS,2152.5
101,1,ELECTRIC,2074.2
101,2A,GAS,2971.28
101,2,GAS,2904.8
101,2,GAS,2585
101,1,ELECTRIC,1534.4
916,,,0
101,1,OIL,2080.8
101,1,GAS,2115
101,1,GAS,2265
101,1,GAS,2346.4
101,1,ELECTRIC,2302
101,1T,GAS,3145.2
101,1,GAS,1219.75
104,2A,GAS,3305.6
101,1,GAS,3027
101,2,GAS,2536
101,1,GAS,2328.4
101,1,GAS,2006.4
101,2,GAS,3196.2
101,2,GAS,2234
101,2,GAS,2212
101,1,GAS,2330.9
132,,,0
101,3,OIL,4870.6
930,,,0
101,1H,OIL,1526
101,2A,OIL,5957
130,,,0
101,1,OIL,1711
101,1,OIL,2475
101,2,OIL,4837.22
101,2A,OIL,3327
101,2,OIL,2687.25
101,2H,GAS,3448.5
101,2,GAS,3359.74
101,2,GAS,2478
444,1,GAS,1410
444,1,GAS,1420
444,1,GAS,1430
444,1,GAS,1410
444,1,GAS,1420
444,1,GAS,1420
444,1,GAS,1415
444,1,GAS,1410
444,1,GAS,1420
444,1,GAS,1420
444,1,GAS,1410
444,1,GAS,1400
444,1,GAS,1410
444,1,GAS,1420
444,1,GAS,1420
444,1,GAS,1420
444,1,GAS,1420
444,1,GAS,1430
444,1,GAS,1430
444,1,GAS,1440
444,1,GAS,1470
101,1,GAS,1632
101,2,OIL,3175.2
101,1,GAS,1500
101,2,GAS,1995
101,1,GAS,1970.4
101,1,GAS,1942
101,1,GAS,2901.6
101,1,GAS,1737.6
101,1,GAS,1896
101,2,OIL,2428
101,2,OIL,3162.4
101,1T,OIL,3050.1
101,2,OIL,2944
101,2,OIL,3907
101,2A,OIL,2782
104,2A,GAS,2380
101,1T,OIL,1463.25
101,1T,OIL,1642
104,2,OIL,2029
105,2T,OIL,3403
104,2A,OIL,2502.4
101,2,GAS,1872
105,2A,GAS,2857.2
104,2H,GAS,2347
104,2H,GAS,1865
101,2,GAS,2039.4
104,2A,OIL,3527.2
101,1T,OIL,1849
101,1H,OIL,1512
104,2A,OIL,2168
101,1T,OIL,1343
102,1,GAS,1600
102,2A,GAS,1121
102,2A,OIL,1944.33
102,1,GAS,1630
102,2A,GAS,1719
102,2A,OIL,1644.33
102,1,GAS,1260
101,1,GAS,1776
101,1,GAS,2255
101,2,GAS,3713
101,1,GAS,2589.5
101,2,GAS,2166
101,1,OIL,2097
101,2,OIL,2386
101,1,OIL,1632
101,1,OIL,1736
101,1,OIL,2595
101,1,OIL,1848
959,1,OIL,2468
101,1,OIL,2460
101,1,OIL,2204
101,1T,OIL,1820
101,1,OIL,1964
101,2,OIL,2772
101,1,OIL,2264
930,,,0
101,1T,OIL,1512
101,1,OIL,1317.4
101,1T,OIL,2259
101,2,OIL,4209.2
101,2,OIL,4231.5
101,1T,OIL,1701
101,1,OIL,1194
101,1,OIL,3208
101,1,OIL,1008
101,1,OIL,1838
101,1,OIL,2328
101,1,GAS,2182
101,2,OIL,4543.4
101,1,OIL,3556.7
104,1T,OIL,2026
101,1T,OIL,2810
101,1,OIL,2586
101,1,OIL,1744.8
931,1,GAS,62239
101,1T,OIL,2268
932,,,0
132,,,0
132,,,0
101,2,OIL,1450
101,2A,OIL,3092.8
101,2,OIL,3520
101,2,OIL,4833.75
101,1,GAS,2905
101,2A,OIL,3034
101,1,OIL,3423.4
101,2,OIL,3256.5
101,1,GAS,1044
101,1,GAS,1276
101,1,GAS,1168
101,2,OIL,1617
101,2,GAS,2236.8
101,2,GAS,1643
101,1,GAS,1196
343,1,GAS,1537
343,1,GAS,1643
343,1,GAS,1032
343,1,GAS,1185
343,1,GAS,691
101,1,GAS,2421.5
101,1T,GAS,2765.4
101,2,OIL,5217.5
101,1T,OIL,3103.2
101,2,OIL,2560.3
101,2,GAS,2564
101,1,GAS,1722.4
936,,,0
101,2,GAS,2854.8
101,1T,OIL,2764
101,1,OIL,2038
101,1,OIL,2732
101,1,GAS,1722.4
101,2,GAS,1846.4
940,2,OIL,80375.3
101,1,OIL,1787.6
104,2H,GAS,2857.5
101,1,OIL,2297
101,2,OIL,2504.5
101,1,OIL,1511.6
101,1,GAS,1473.5
102,2T,GAS,2362
102,2T,GAS,2264
102,2T,GAS,2264
102,2T,GAS,2362
101,1,GAS,2701
101,1T,OIL,1747
101,1A,OIL,3251.28
101,1,GAS,2713
101,1A,GAS,3028.32
101,1T,GAS,3306.4
101,2,GAS,1886.1
101,2,GAS,2400
101,2,OIL,2964
101,2,GAS,2016
101,2,GAS,2409.2
101,2,GAS,3000
101,2,GAS,1976
132,,,0
132,,,0
101,2A,GAS,2128
101,2,GAS,2648
101,2,GAS,2240
101,2A,GAS,3306
101,2T,GAS,4108
101,2,GAS,2368
101,2A,GAS,2176
101,2A,GAS,2502.4
101,2T,GAS,3474.4
101,2A,GAS,3527.5
101,2H,GAS,3448
101,2A,GAS,3062
101,2H,GAS,2984
101,2,GAS,2420.64
101,2A,GAS,2480
101,2A,OIL,2874
101,2A,GAS,2816
132,,,0
101,2,OIL,2923.5
101,1T,OIL,2205
101,2,OIL,2934
101,1T,OIL,2503
101,1,GAS,1450
101,2,OIL,2725
101,2,OIL,3635.2
101,1,OIL,4198.4
101,2,OIL,3298.4
101,2,OIL,3538.72
956,3,GAS,5489.38
325,1,GAS,2893
104,2A,GAS,2466
13,2A,OIL,2871
101,1T,OIL,1593
31,2A,GAS,2589
13,2H,GAS,3534.5
104,2A,OIL,2327
104,2A,OIL,2609.92
101,2A,GAS,1744
102,3,GAS,1100
102,3,GAS,1165
102,3,GAS,1294
101,2,OIL,1538.9
101,2,OIL,887.1
101,2,OIL,1764
101,1H,GAS,1598.4
101,1H,OIL,1387
101,1T,GAS,2177.6
101,1H,OIL,1296
101,1T,OIL,1944
101,2,GAS,1674
101,1H,OIL,864
101,1T,OIL,1857.6
101,1T,GAS,2304
101,1H,OIL,1728
101,1H,OIL,1296
101,1H,OIL,2107.2
101,2A,OIL,2404
111,2A,GAS,4344.6
104,2A,OIL,2816
104,2,OIL,2783.2
101,2,OIL,1456
101,1T,OIL,2337.8
104,2A,GAS,3476.8
101,2H,OIL,3808.5
104,2,OIL,3297
104,2A,OIL,3333.89
31,2A,GAS,2837
930,,,0
104,2A,OIL,4793.6
105,2H,GAS,3573.5
104,2A,OIL,3144
104,2A,GAS,2088
13,2,OIL,2673.55
101,2,GAS,1368
337,,,0
340,2,GAS,1664
340,2H,GAS,4290
340,1,GAS,2968.73
104,2,GAS,3017.6
104,2H,GAS,3186
13,1A,GAS,5077
13,2A,OIL,3048
102,2,OIL,852
102,1,GAS,645
102,1,GAS,1270
102,1,GAS,1358
102,2A,GAS,2057
102,2,GAS,800
102,2,ELECTRIC,863
102,2,GAS,1455
102,1,GAS,1140
102,1A,GAS,1483
102,2A,GAS,1861
344,1,GAS,494
102,2,OIL,1282
102,1,NONE,0
102,1,ELECTRIC,1180
102,2,GAS,806
102,2,ELECTRIC,1295
102,1,GAS,928
102,2A,OIL,1210
102,2A,GAS,1980
101,2,OIL,3502
101,2,OIL,2018
101,2,OIL,2940
101,2,OIL,2734.5
930,,,0
101,1T,OIL,2625
101,2T,OIL,3110
101,1,OIL,2352
101,2,OIL,3015
101,2,OIL,2240
101,2,OIL,2268
101,2A,OIL,4911.68
101,2,OIL,4216.1
101,2,OIL,3624.4
101,2,GAS,4346
101,1T,OIL,1568
101,2,OIL,2609
101,1,OIL,2585.6
101,1T,OIL,4487.6
101,2,OIL,6846.75
101,2,GAS,3785.4
101,1,GAS,1868
101,1,GAS,2194
101,1,GAS,2038
101,2,OIL,4412
101,1,GAS,1304
101,1,GAS,2823
101,1,OIL,2974.96
101,1,GAS,2234
101,1T,OIL,2137
101,1,GAS,2149
101,1T,GAS,2240
101,1,GAS,1400
101,1,GAS,2168
101,1,GAS,3301.5
101,1,GAS,1897
101,1,GAS,1868
101,1,GAS,2434
101,1,GAS,2038
101,2,GAS,2006
101,1,GAS,3561.25
101,1,GAS,1908
101,1,GAS,2038
101,1,GAS,1889
101,1,GAS,2257
101,1,GAS,1584
101,1,GAS,1641.2
101,1,GAS,2450.8
101,1,GAS,2486.8
101,1,OIL,2074
101,1,GAS,1870
101,1,GAS,1608
930,,,0
936,,,0
101,1,GAS,2601.4
101,1,GAS,1888
101,1,GAS,1632
101,1,GAS,2286.8
101,1,GAS,3202
101,1,GAS,1737.6
101,1,GAS,1526.4
101,2,GAS,2080
101,1,GAS,1738
132,,,0
101,1T,OIL,2668.75
101,1T,OIL,1836
101,1,GAS,2173.5
101,2A,OIL,3060
101,1,GAS,2664
104,1,OIL,2998.15
104,3,OIL,5868
104,2H,OIL,6359.5
101,2A,OIL,1881.05
132,,,0
101,2,GAS,2052
101,2,GAS,2050
101,2,GAS,2876
101,2,GAS,2128
101,2,GAS,2693
101,2,GAS,1988
101,1T,GAS,2330.34
101,2,GAS,2158
101,1,GAS,1554
101,1,OIL,1590
101,1,OIL,2424
101,2,OIL,2116
101,1,GAS,2265.6
101,1,OIL,1996.8
101,1,OIL,3360
101,1,OIL,2929.8
101,1,OIL,3355.5
101,2A,OIL,3525.6
101,1,OIL,2064
101,2,OIL,2449
101,1,OIL,1056
101,1,OIL,1248
101,1,OIL,1024
101,1,OIL,1248
101,1,OIL,1536
112,2,GAS,19389
101,1,GAS,2268
101,2A,GAS,3053.99
104,2H,OIL,2750
101,2,GAS,1872
101,1T,OIL,1776
101,1,GAS,1608
970,1,GAS,11580
101,1H,OIL,2116
104,2,GAS,2432.5
101,1,GAS,1976
111,2,OIL,4536
101,1T,GAS,637
104,2,GAS,2745.4
101,2,GAS,1114.8
101,1,OIL,1075.2
101,2A,GAS,1993.08
101,2,GAS,1212
101,1,OIL,2054
101,1,OIL,2592
101,1T,OIL,1288
101,2,OIL,2215.8
101,2,OIL,2494
101,2,OIL,2941.6
101,2,OIL,1332
101,1,OIL,1892.8
101,2,OIL,4160
101,2,OIL,1621.45
101,1,OIL,968
101,1,OIL,1068
101,1T,OIL,1428
101,1,GAS,2230
104,1T,OIL,2026.75
958,1,GAS,32911.8
101,1,GAS,1345
101,1,GAS,2073.5
101,1T,GAS,1944
101,1T,ELECTRIC,1309
101,1,OIL,1194
104,2,GAS,2248.5
101,1,OIL,1537
101,1T,GAS,1841.1
112,2,GAS,10096
101,2,OIL,1394
101,2,GAS,1355.5
101,2,OIL,2110.8
101,2,OIL,2056
104,1T,GAS,4279.5
101,1T,OIL,1733
104,1T,GAS,2549
930,,,0
934,1,GAS,45590.8
930,,,0
104,2A,OIL,1388
101,1T,GAS,1502
101,2,OIL,1252.1
104,2H,GAS,3090
105,2A,ELECTRIC,2818.8
101,1T,OIL,2064
101,1T,OIL,2157.6
101,1T,GAS,1284
101,1T,GAS,1856
101,2H,GAS,2479
101,2,GAS,2626
958,,,0
102,2T,GAS,2089
102,1T,GAS,1358
102,2,GAS,1891
102,2,GAS,2262.72
102,2,GAS,2262.72
102,2,GAS,4062.75
102,2A,GAS,1611.5
102,2T,GAS,1952
102,1T,GAS,1459
102,2,GAS,2594
102,2,GAS,2470.84
102,2,GAS,2470.84
102,2,GAS,2767
102,2T,GAS,1952
102,2T,GAS,2089
102,2A,GAS,1611.5
31,2,OIL,5578
101,1T,GAS,1126
391,,,0
101,1T,GAS,1091
316,1,OIL,2289
101,2,GAS,1194.4
101,1,OIL,1584
101,1,OIL,1650
101,1,OIL,2435.8
101,1T,OIL,2481.6
101,1,OIL,1776
101,1,OIL,1979.2
101,1,OIL,2647
104,2A,OIL,3518
101,1T,OIL,1732.5
101,1H,OIL,1479
101,2A,GAS,3053.4
101,2A,GAS,2558.8
101,1T,GAS,2880
101,2A,GAS,3970
101,2,GAS,2176
101,2,OIL,2330
101,2H,GAS,2174.5
101,2A,GAS,2735
101,2,OIL,1660
101,1T,GAS,1327
101,1,GAS,1410
111,2H,OIL,7244
101,1,GAS,1713.6
101,1,GAS,1890
101,1,GAS,2293.5
101,1T,OIL,1837
101,2,OIL,2378
104,1T,OIL,2941.25
101,1,GAS,2288.35
101,1A,GAS,1923.8
101,1T,GAS,1320.5
101,1,GAS,2438.8
101,2,OIL,2731.6
104,2A,OIL,3257
104,2A,GAS,2350.4
104,2H,GAS,2552
101,1,GAS,3190.4
101,2H,GAS,2132
101,2A,GAS,1750
104,2,OIL,2292.5
101,1H,GAS,1021
930,,,0
340,2,GAS,2100
104,2A,OIL,2924
101,2,GAS,3010.8
101,2A,OIL,1421.2
321,1,OIL,1787
104,2H,GAS,3053.25
105,2T,GAS,4279.5
101,1T,GAS,1953
109,2,OIL,3484.76
111,2A,OIL,3629.8
101,2A,OIL,2852
101,1T,OIL,1765
101,1,GAS,1562
101,1,GAS,4027.4
101,1T,GAS,1766.5
101,2,OIL,1488
101,1T,OIL,2375.6
101,1T,OIL,1123.2
101,2A,OIL,2360
101,2H,OIL,2550.24
401,1,GAS,14928
101,2,OIL,2208
101,1T,GAS,2028
101,2,OIL,1063.8
112,2,GAS,14400
130,,,0
130,,,0
101,2,GAS,3070.85
101,1T,OIL,3992.1
101,3,GAS,2426.2
101,2,OIL,2721
101,2A,OIL,2016.4
101,1T,GAS,2370
101,1,OIL,1036
101,1T,OIL,2000
101,1,OIL,1333.75
101,1H,OIL,1157
101,1,OIL,2601.5
101,1T,OIL,1282.5
101,1T,OIL,1880
101,1T,OIL,2107.5
101,1T,OIL,2120
101,1,OIL,1344.7
101,1,GAS,1560.5
104,2,OIL,2166
101,2,GAS,2581
101,1,OIL,1913.6
956,2A,OIL,2441
953,,,0
101,2A,GAS,3302.5
101,2,GAS,2870
101,1T,GAS,1162.5
102,1H,GAS,990
102,2,GAS,2126
102,1,GAS,722
102,1T,OIL,1825.5
102,1,GAS,405
102,2,GAS,2426.6
102,2,GAS,2567
102,2A,GAS,1660
102,1,GAS,736
102,1T,GAS,1428
102,2,GAS,1826
102,2,GAS,1826
102,2A,GAS,1660
102,1,OIL,722
102,1T,OIL,3163.8
102,2A,GAS,1320
102,1,GAS,715
102,2A,GAS,1660
102,1,GAS,736
102,2A,GAS,1660
102,1,GAS,722
102,2A,GAS,1660
102,1,GAS,715
102,1,GAS,736
102,3,OIL,1565
102,2,GAS,700
102,2,GAS,575
102,2,GAS,334
102,2,GAS,700
102,2,GAS,700
102,2,GAS,575
102,2,GAS,575
102,2,GAS,700
102,3,GAS,1256
102,2,GAS,700
102,2,GAS,575
102,2,GAS,575
102,2,GAS,700
102,2,GAS,700
102,2,GAS,575
102,2,GAS,575
102,2,GAS,700
102,3,GAS,883
102,2,GAS,700
102,2,GAS,575
102,2,GAS,575
102,2,GAS,700
102,2,GAS,700
102,2,GAS,575
102,2,GAS,575
102,2,GAS,700
101,1T,GAS,2696
104,1T,OIL,1536
101,1T,GAS,1001
101,1,OIL,1896
101,1T,GAS,1169
101,1T,GAS,1354
101,1T,GAS,1009.5
101,1T,GAS,1245.5
101,1T,OIL,882
101,2,OIL,1688
101,1T,GAS,1461
101,2,OIL,1974
132,,,0
101,1,OIL,1360
101,2,OIL,2061
102,3,GAS,1731
102,4,GAS,2334
102,3,GAS,1675
936,,,0
104,1H,OIL,2244
316,2,GAS,2912
316,1,GAS,3570
340,1T,OIL,1046.5
338,2,OIL,5980
936,,,0
101,1T,OIL,2098.1
101,2,OIL,2608
132,,,0
423,,,0
931,1,NONE,6288
132,,,0
131,,,0
392,,,0
316,4,GAS,130015
316,,,0
101,1,OIL,1352
401,2,GAS,5000
105,2A,GAS,3989.4
101,2A,GAS,2286
101,2H,OIL,3226.2
104,2A,GAS,4228
101,2H,GAS,4124
104,2A,OIL,3026
112,2T,OIL,7849.75
111,2H,OIL,3125
101,2,OIL,2922
101,1T,GAS,1925
104,2,OIL,3986
101,2,OIL,1697
101,2A,OIL,4287
101,1T,GAS,1412.5
101,1H,GAS,1437
342,2,GAS,5148
101,1T,OIL,1344
104,2T,GAS,4044
101,1T,OIL,2583
101,2A,GAS,1826
104,2H,GAS,3560
13,2,GAS,2212
101,2A,OIL,2532
101,2H,GAS,1536
105,2T,OIL,3161
109,1H,GAS,2537
104,2A,OIL,2921.2
101,2A,GAS,1596
140,1,OIL,3120
104,2,GAS,3509
101,2,OIL,1350
101,2,GAS,1432.2
101,2,OIL,1572.16
970,2H,OIL,2967.5
101,1,OIL,816
111,2A,OIL,3653.4
104,2A,GAS,2617.72
104,2A,OIL,2862
101,2,OIL,1284
105,3,GAS,3638.65
104,2A,OIL,2376
104,2A,GAS,3056.7
101,2,GAS,1421
101,1,GAS,653
101,1T,OIL,882
104,2A,GAS,3480
101,1,OIL,1432
101,2,OIL,1470
101,2,OIL,1842.75
101,1,GAS,1012
101,1H,GAS,1512
104,2,GAS,2125
104,2,GAS,1621.91
101,1,OIL,1044
101,2,OIL,2504
101,1H,GAS,1421.42
102,2,GAS,1643
102,2,GAS,1181.25
102,2,GAS,1666
102,1,GAS,935
102,1,GAS,427.5
102,2,GAS,859
102,2,GAS,859
101,1T,GAS,1344
101,2A,OIL,1383
101,1A,GAS,1147
101,2,OIL,2201.68
105,2H,GAS,2488
114,5,GAS,27790
101,2,OIL,1658
101,2,OIL,1974
101,1T,OIL,1989.6
101,2,OIL,1402
101,2,GAS,1403.6
101,1,OIL,816
101,2,GAS,1344
101,2A,GAS,2098
101,1,OIL,1550
101,1,OIL,2426
101,2,OIL,2434
101,2,OIL,2259
101,2,OIL,3115.2
101,2,OIL,1996
101,2,OIL,2148
101,2,OIL,2908
101,2,OIL,1892
101,1,GAS,2528
101,1,OIL,3503
101,2,OIL,1476
101,2,GAS,1502
101,1,OIL,1777
101,1,GAS,2013.4
101,1,OIL,2264.4
927,,,0
101,1,GAS,1052.8
101,1,GAS,720
101,1,GAS,896
101,1,GAS,1827
101,2,GAS,2186
111,2A,GAS,4332
101,1,GAS,1863
105,2,OIL,4355
101,1T,OIL,2392
101,2A,GAS,1200
101,1T,GAS,2037
111,2H,GAS,4822
109,2,GAS,4345
101,2,GAS,1896
101,1,GAS,1644
930,,,0
101,1,GAS,1520
953,,,0
101,1T,OIL,3005.3
101,1H,OIL,1289
101,2,GAS,2490
101,2,OIL,1783
101,1,GAS,2229.4
101,1T,OIL,2457
101,1T,GAS,1231
101,1T,OIL,1958
101,1T,OIL,1484
990,,,0
101,2A,OIL,2188
101,1H,GAS,1352
101,2,OIL,1746
112,2A,GAS,41680
101,2T,GAS,2400
101,1,GAS,1644
101,1T,OIL,1966.5
101,1T,GAS,2393
400,1,GAS,5792
101,1T,OIL,1428
400,1,GAS,32769
400,1,OIL,9540
401,1,GAS,9186
391,,,0
101,1T,OIL,1464
340,1T,OIL,1470
101,1T,OIL,1392
101,1T,OIL,2802.5
101,2,ELECTRIC,2144.4
104,2,GAS,2707
101,2,OIL,1960
374,1,OIL,42979
132,,,0
401,1,GAS,130436
101,2H,GAS,3050
102,2H,GAS,1408
102,2H,GAS,1716
101,1,OIL,1008
101,2,OIL,2058
101,1,GAS,1008
101,1,OIL,2384
101,1,GAS,1664
959,1,OIL,1768
101,1,OIL,2353
101,1,OIL,1927
101,2,OIL,3348
101,1,OIL,1008
101,2,OIL,2036
132,,,0
101,2,OIL,2326
101,1,GAS,1872
101,1,OIL,1562
101,1,OIL,1660
101,1,OIL,2082.4
101,1,GAS,1452
101,1,OIL,2135.2
101,1,OIL,1637
101,2,OIL,2300
101,1,OIL,1512
101,1,OIL,2305
101,2,OIL,2832
101,1,OIL,2308
101,1,OIL,1824
101,1,OIL,1638
101,2,OIL,2432
101,1,OIL,1572
101,1,OIL,1248
101,1,OIL,1056
101,1,OIL,1248
101,1,OIL,2272
101,1,OIL,1560
101,2,OIL,2424
101,1,GAS,1272
101,2,GAS,2736
101,1,OIL,1706
101,1,OIL,1750
101,2,OIL,2204
101,1A,OIL,2568.8
101,1,OIL,1008
101,2,OIL,3402
101,1,GAS,864
101,2,OIL,2014
101,1,OIL,1784
101,1,OIL,1008
101,1,OIL,1248
101,2,OIL,3590
101,1,OIL,984
101,1,OIL,1581
101,1,OIL,1948
101,1,OIL,1955
101,2,OIL,2170
101,1,OIL,2912
132,,,0
101,1H,OIL,1668
101,1H,GAS,1680
101,1H,OIL,1212
101,2,GAS,2378
101,1T,GAS,2280
101,1H,OIL,768
101,1H,OIL,1399.3
101,1H,OIL,1705.8
101,1T,GAS,1896
101,1T,GAS,2154
101,1T,OIL,1153
101,2,OIL,2094
101,1T,OIL,1823.5
101,1T,GAS,1761
101,1T,GAS,2254
101,1T,GAS,1581
101,1T,OIL,2149.5
101,2,OIL,2016
101,1H,GAS,1398
101,1T,OIL,1836
101,1A,OIL,1127.93
101,2,OIL,1092
104,2A,OIL,2170
104,2T,OIL,3243.6
104,1T,OIL,3721
105,2A,GAS,2693.2
101,1T,OIL,1540.25
105,2A,OIL,3344.85
104,2H,GAS,3372
101,1H,GAS,1237.5
101,2A,OIL,1907
101,2,GAS,1531
101,2,GAS,1248
101,1A,OIL,1045
101,2A,OIL,1596
101,2,GAS,1608
104,2,GAS,2684.2
101,1H,OIL,1195.74
101,2,OIL,1152
101,1H,OIL,1512
101,1A,ELECTRIC,1128
101,1H,OIL,1368
930,,,0
13,2H,GAS,3283
31,2H,GAS,3101
326,1,GAS,1842
102,2,OIL,2137
102,2,GAS,1488
102,1,GAS,1144
102,2,GAS,2161
102,2,GAS,1908
102,2,OIL,1642
102,1A,GAS,1002
102,2,GAS,2456
102,2,OIL,815
102,2,OIL,800
102,2,OIL,660
102,2,OIL,645
102,2,OIL,655
102,2,OIL,645
102,2,OIL,675
102,2,OIL,660
102,2,OIL,690
102,2,OIL,670
102,2,OIL,660
102,2,OIL,645
102,2,OIL,655
102,2,OIL,645
102,2,OIL,820
102,2,OIL,805
102,2,OIL,820
102,2,OIL,805
102,2,OIL,660
102,2,OIL,645
102,2,OIL,660
102,2,OIL,645
102,2,OIL,820
102,2,OIL,805
102,2,OIL,820
102,2,OIL,805
102,2,OIL,655
102,2,OIL,645
102,2,OIL,660
102,2,OIL,645
102,2,OIL,820
102,2,OIL,805
102,2,OIL,820
102,2,OIL,805
102,2,OIL,655
102,2,OIL,645
102,2,OIL,660
102,2,OIL,645
102,2,OIL,820
102,2,OIL,805
102,2,OIL,820
102,2,OIL,805
102,2,OIL,660
102,2,OIL,645
102,2,OIL,660
102,2,OIL,645
102,2,OIL,820
102,2,OIL,805
101,2,OIL,2451
101,1H,OIL,1869
101,2,GAS,2567.6
101,1,OIL,1108
101,1T,OIL,1552.5
101,1T,OIL,1577
101,1T,OIL,2047.25
101,1T,OIL,1568
101,1,OIL,942
101,1T,OIL,1512
101,2,OIL,1574
101,2,OIL,1634
930,,,0
131,,,0
101,1,OIL,1418
101,1,OIL,2476.8
101,2,OIL,2431
101,1,OIL,2796.8
101,1,ELECTRIC,1873.2
101,1T,OIL,2296
101,1T,OIL,1428
101,1,OIL,2376
101,1,OIL,2035.2
101,1,OIL,2103.12
101,1T,GAS,3930.46
101,1T,OIL,1596
101,1T,OIL,2052
101,2,OIL,5211.2
101,1T,OIL,1472
101,2,OIL,5576.2
382,,,0
101,2,OIL,2831.8
101,1,OIL,1976
101,1,ELECTRIC,2621
101,2A,GAS,2165.7
101,1,OIL,1248
101,1,OIL,1523.2
101,2A,OIL,3246
101,1,OIL,1422.4
101,1T,GAS,1568
109,1T,OIL,2664
101,1T,OIL,1428
101,2A,OIL,2850.8
101,2,OIL,2080
101,1,OIL,1920
101,1,OIL,2735
101,1T,OIL,1309
132,,,0
101,1T,OIL,2337
101,1T,OIL,1512
101,1T,OIL,1767
101,1T,OIL,1621
101,1,OIL,2801.4
101,1,OIL,2220
132,,,0
111,2A,OIL,2968
316,1,GAS,2160
101,2,OIL,1980
101,2A,GAS,1536
104,2A,OIL,2013.6
101,2,GAS,1431
101,1T,GAS,1228.5
101,1T,OIL,1153
101,2,GAS,1369
101,1T,OIL,1340
101,1T,GAS,2203
104,2,GAS,1715
101,1T,GAS,1556
101,2,GAS,2536
104,2A,OIL,4130.97
101,2A,OIL,2461.2
101,1,GAS,2184
101,2A,GAS,2613
104,2,OIL,2365.95
101,2,GAS,2072
101,2H,GAS,2432
105,2A,OIL,2581.4
101,1,OIL,756
102,1,GAS,1180
102,1,GAS,1177
102,2,GAS,1385
102,1,GAS,1180
102,1H,GAS,1058
102,2,GAS,1200
102,1,GAS,1040
102,2,GAS,1971
101,1H,OIL,1404
101,1H,GAS,1080
101,1H,GAS,1701
101,1H,OIL,1524
101,1,OIL,1315
101,1H,GAS,1176
101,1,GAS,1558
101,1,OIL,1900.8
101,1,OIL,2481.9
101,2,GAS,2693
401,1,GAS,5500
444,1,GAS,649
444,1,GAS,3999
444,1,GAS,1437
444,1,GAS,1424
444,1,GAS,1424
444,1,GAS,1406
444,1,GAS,1437
444,1,GAS,2053
101,2,GAS,2030.4
101,1T,GAS,2174.4
101,1H,GAS,1296
101,1H,OIL,1296
101,1H,OIL,1910
101,1T,OIL,2376.4
101,1H,GAS,1728
101,2,GAS,1728
970,2,OIL,38502
101,1,GAS,1450
101,1,GAS,2076
101,1,OIL,2255.8
101,1,OIL,970
101,1,OIL,1358
101,1,OIL,1606
101,1,OIL,2003
101,1,GAS,1834
104,1,GAS,1910
101,1,OIL,1953.6
101,1H,GAS,2400
101,1,GAS,1981.2
101,1,GAS,1909
101,1,OIL,2387.2
101,1,OIL,1690
101,1,GAS,1690
101,1,GAS,1202
101,2,GAS,2144
101,2,OIL,2304.4
101,2,OIL,1996.8
101,1T,OIL,2115.45
101,2,OIL,4877
101,1,OIL,1480
101,1,OIL,2945.3
101,1,OIL,1396
101,1,OIL,1533
101,1,OIL,1830
101,1,OIL,1820.2
101,1,OIL,1590
101,2,OIL,2970
101,1,OIL,2172.8
101,1,OIL,2854.24
101,2,OIL,2730
101,1,OIL,1975
101,1,OIL,1908.4
101,2,OIL,2236.8
101,1,OIL,2250.5
101,2,OIL,2158.8
101,1,OIL,2334
101,1,OIL,2675.2
101,1H,OIL,2152.8
101,1,OIL,1934
101,1,GAS,2316
101,1,GAS,1546
101,1,GAS,1104
101,1,OIL,1608
101,1,GAS,1418.5
101,1,GAS,1896
101,2,GAS,2014
101,1,GAS,2219
101,2,GAS,2626
101,1,GAS,1632
101,1,GAS,1843.2
101,1,GAS,1632
101,1,GAS,1632
101,1,GAS,2047
101,1,GAS,1559
101,2A,GAS,2824
900,1,GAS,1895
101,1,GAS,1482
101,1,GAS,1607
101,1,OIL,1996
101,1,GAS,1960
101,1,GAS,1247
101,2A,OIL,3762.5
101,2,GAS,4354.71
101,1,GAS,1482
101,2,GAS,2745
101,1,GAS,1632
101,2,OIL,2928
101,2A,OIL,4101.25
101,1,OIL,2727
101,1A,OIL,4538.35
132,,,0
101,2A,OIL,3219
101,1T,ELECTRIC,2385
101,2,OIL,4951.48
132,,,0
101,2,GAS,3056
101,1,GAS,1378.5
101,1,GAS,1104
101,1,GAS,2955.2
101,2,GAS,2385.6
101,1,GAS,3289.4
101,1,GAS,2708.8
101,2,GAS,2234
101,1,GAS,1833
101,1,GAS,1909
101,1,GAS,2116.8
101,1T,GAS,1854.75
101,1T,GAS,1602
101,2,GAS,1917.4
970,1,ELECTRIC,38616
101,1,OIL,960
101,2,OIL,2056
101,2A,OIL,1992
104,2,GAS,1922.75
101,2,GAS,1216.8
101,2,GAS,2001.6
101,2,OIL,1664.8
101,2,OIL,3142.04
101,2,OIL,1510.6
101,2,GAS,3152.25
101,2,OIL,2801
101,1,OIL,1796
101,2,OIL,3540.8
101,2,OIL,3842.4
101,2,OIL,2904
101,2,OIL,2904
101,2,OIL,3355
101,2A,OIL,2710.8
101,2A,OIL,2912
101,2,OIL,3108.4
101,2,OIL,3183
112,2,GAS,56911.4
326,1,GAS,1075
104,2A,GAS,3167.6
101,2,GAS,1488
105,2H,GAS,2761.9
104,2A,OIL,2044.39
111,2A,OIL,3634
101,1A,OIL,736
101,1T,GAS,1246
101,1T,OIL,2011.5
104,2,GAS,3440.8
104,2A,GAS,3795.54
101,1T,GAS,1691.25
101,1T,OIL,1636.75
101,1T,OIL,2124.8
104,1,GAS,1680
104,2A,GAS,8128.8
931,1,OIL,406
101,1T,OIL,2214.5
930,,,0
104,2,GAS,6641
101,1T,OIL,1890.08
101,1H,GAS,1611.44
104,2A,OIL,2716.8
101,2H,OIL,3277
101,1,OIL,1120
101,1T,OIL,1759.5
101,1T,OIL,1690.25
111,2,OIL,5015
111,2,OIL,4956
101,1A,OIL,1848
102,1T,OIL,1150
102,2A,OIL,2278.07
102,1,OIL,1126
102,2,GAS,2162
102,2,GAS,2093
102,2,GAS,2151
102,1T,OIL,1290
102,1T,GAS,2316
102,1A,GAS,2373
102,2,GAS,2269
102,2,GAS,2787
102,2,GAS,2103
102,2,GAS,2267
102,2,GAS,2787
102,2,GAS,2103
102,2,GAS,2267
102,2,GAS,2267
101,2,OIL,1968
101,2,OIL,2493
930,,,0
930,,,0
102,2,OIL,3390
102,2,OIL,1437
101,1T,GAS,1629
101,1,GAS,932
101,1T,OIL,1309
400,2,GAS,12376
102,2,ELECTRIC,937
102,2,ELECTRIC,659
102,2,ELECTRIC,938
102,2,ELECTRIC,659
102,2,ELECTRIC,638
102,2,ELECTRIC,907
102,2,ELECTRIC,648
102,2,ELECTRIC,638
102,2,ELECTRIC,633
102,2,ELECTRIC,932
102,2,ELECTRIC,634
102,2,ELECTRIC,282
102,2,ELECTRIC,933
444,1,NONE,3885
102,1,OIL,1500
102,2,ELECTRIC,990
102,2,ELECTRIC,694
102,2,ELECTRIC,991
102,2,ELECTRIC,695
102,2,ELECTRIC,651
102,2,ELECTRIC,951
102,2,ELECTRIC,646
102,2,ELECTRIC,675
102,2,ELECTRIC,716
102,2,ELECTRIC,984
102,2,ELECTRIC,682
102,2,ELECTRIC,986
102,2,ELECTRIC,684
444,1,GAS,7756
102,1,GAS,1500
102,2,ELECTRIC,989
102,2,ELECTRIC,687
102,2,ELECTRIC,992
102,2,ELECTRIC,695
102,2,ELECTRIC,653
102,2,ELECTRIC,947
102,2,ELECTRIC,649
102,2,ELECTRIC,675
102,2,ELECTRIC,716
102,2,ELECTRIC,983
102,2,ELECTRIC,681
102,2,ELECTRIC,988
102,2,ELECTRIC,688
102,3,GAS,1909
102,3,GAS,1909
102,3,GAS,1909
102,3,GAS,1909
104,2A,GAS,3646.5
101,2A,OIL,1968
101,2A,GAS,2270.4
101,2A,GAS,2419.2
101,2,GAS,1399.5
101,2,GAS,2823
101,1H,OIL,1512
101,1H,OIL,1092
101,2,OIL,2156
104,2,GAS,1917.6
101,1T,OIL,2002
104,1T,GAS,2159.2
101,2A,OIL,1319
101,2A,OIL,1566
101,1H,OIL,1213
101,2,OIL,2335
101,1T,GAS,2979.5
101,2,OIL,2226
101,2H,GAS,2840.5
101,2T,OIL,4813
101,2,GAS,2479.2
101,1T,GAS,1656
101,1T,GAS,1859.57
101,2,OIL,1517
101,1T,GAS,1708
101,2,OIL,2210
101,2A,OIL,1433.3
101,2,GAS,2142
101,1T,OIL,1622
101,2,GAS,1781.5
101,2,OIL,1094.4
101,1,OIL,1448
101,2,OIL,1798.4
101,1,OIL,905
101,1T,OIL,1409.5
101,1T,GAS,1389
104,2,GAS,2518
102,2A,OIL,1674.2
102,1,GAS,1620
923,2A,OIL,2658
923,2A,OIL,2658
101,1T,OIL,3630
101,2,ELECTRIC,1920
101,1,OIL,2019.6
101,1,OIL,2056
101,1,OIL,1940
101,1,GAS,1553
101,1T,GAS,2626.75
101,2,GAS,2510
101,1T,GAS,1512
101,1,GAS,1942
101,1,GAS,1672
101,1,GAS,1816
101,1,OIL,2498.4
101,2H,GAS,1438.5
101,1T,GAS,1060
101,2,GAS,1443
101,1H,GAS,1064
104,2H,OIL,2392
101,2,OIL,1354
101,2,GAS,1582
101,2,GAS,1807
101,1,ELECTRIC,2255.2
101,2,GAS,1672
101,1T,GAS,1577.5
101,2,OIL,4018.8
101,2,GAS,1932.8
101,1T,GAS,1219.68
101,1T,GAS,2106
101,2,GAS,2352
101,2,GAS,5626.9
101,1,GAS,2328.4
101,1T,GAS,1831.25
101,1,OIL,2517.6
101,1,OIL,4433
132,,,0
101,1T,OIL,6168.1
101,2,GAS,2216.88
101,2,GAS,4390.29
101,2,OIL,2050
101,1T,OIL,1990.5
101,1,OIL,1520.4
101,1,OIL,1785.6
101,1,OIL,966
101,1,OIL,2574
101,1,OIL,966
101,1,OIL,2302
101,1,OIL,1593.9
101,1,OIL,1980
101,1,OIL,1807
101,1,OIL,1702
101,1,OIL,1664
101,1,OIL,1738.8
101,1,OIL,1648
101,1,OIL,2432
101,1,OIL,1449
101,1,OIL,960
101,1,OIL,1526
101,1,OIL,2130.8
101,1,OIL,994
101,1,OIL,1830.4
101,1,OIL,996
101,1H,GAS,1663
101,2,OIL,4146
101,2,OIL,6151.8
101,2,OIL,4204.8
101,2,OIL,4301.4
101,2,OIL,4307.2
101,2,OIL,4508.8
101,2,OIL,3768
101,2,OIL,5155
101,2,OIL,3544
101,2,OIL,5883.1
101,2,OIL,5402.8
101,2,OIL,3216
101,2,OIL,4869.2
101,2,OIL,5332.4
101,2,OIL,4638.4
101,2,OIL,3890.4
101,2,OIL,4935.75
101,2,OIL,3772
101,2,OIL,3668
101,2,OIL,5977.8
101,2,OIL,4352
101,2,OIL,4594.5
101,2,OIL,5783.7
101,2,OIL,3608
101,2,OIL,2960
101,1,GAS,1769.8
101,2,OIL,1932.8
101,1T,OIL,2714.5
101,2,OIL,2600
101,2,OIL,3208.5
101,2,GAS,1636
101,1T,OIL,3084
101,2,OIL,2243.4
101,1,GAS,2220
101,1T,GAS,3546
101,1,OIL,2971.55
101,1,GAS,3011.4
101,1,GAS,2877.6
101,1,OIL,2185.15
101,1,OIL,1929.6
101,1,OIL,1600
101,1,OIL,1680
101,1,OIL,2062.08
101,1,OIL,2028
101,1,OIL,1795.2
101,1,OIL,1344
101,1,OIL,2150.4
101,1,OIL,1987.2
930,,,0
132,,,0
101,2,GAS,2197
101,1,GAS,2735.84
101,1,GAS,2628
101,2,GAS,1992
959,1,GAS,2592
101,1,GAS,1896
101,1,GAS,1747.2
101,1,GAS,1752
101,1,GAS,1463
101,1H,OIL,1328
101,2,OIL,2182.4
101,1T,OIL,1864.5
101,2,OIL,2460
101,1,OIL,1209.6
101,2,OIL,2044
101,2,OIL,2856
101,1T,OIL,1738.5
101,2,OIL,2471.48
101,1T,OIL,2373
101,2,OIL,2493
101,1,OIL,1222
101,1,OIL,1140
101,1,OIL,1284
101,1,OIL,1341
101,2A,GAS,2160
101,1,OIL,1573.05
101,1H,OIL,1152
101,1H,OIL,1513
101,1H,OIL,2710.4
101,1H,OIL,1408
101,1H,OIL,1974.4
101,1,OIL,1974.75
101,2,OIL,2208
101,2,OIL,2601.3
101,1T,OIL,1570
101,2,OIL,1919
101,1,OIL,936
101,2,OIL,3475.2
101,1H,OIL,2213
101,1T,GAS,1512
101,2,GAS,3423
101,1,OIL,2513
101,1,OIL,1848
101,1T,OIL,2064.96
104,1H,OIL,2234.75
101,1H,OIL,1116
101,1T,OIL,1715
101,1T,OIL,1506
340,2,ELECTRIC,70426.4
340,11,GAS,175699
340,3,GAS,99682.3
340,2,GAS,80638.9
101,2,OIL,1964
101,1,OIL,1614
101,2,OIL,2944.1
101,1,OIL,2481.5
101,2,OIL,2552
101,1,OIL,1463
101,2,OIL,2072
101,2,OIL,1551
101,2,OIL,2786
101,1,OIL,2504.25
101,1,OIL,2112
101,2,OIL,1568
101,1,OIL,1791.6
101,2,OIL,1480
101,1,OIL,2212
104,1,GAS,2135.2
101,1,OIL,1572
101,1,OIL,2529
101,1,OIL,2155.2
101,1,OIL,1722
101,1,OIL,1152
101,1,OIL,1638
101,1,OIL,1902.1
101,1,OIL,1993.6
101,2,OIL,1554
101,1T,OIL,2280
101,1,OIL,2252.4
101,2,OIL,2210.4
101,1,OIL,2564.7
101,1,OIL,1263
101,1,OIL,1731
104,2,OIL,2903.6
101,1,OIL,1974.8
101,2,OIL,1854
101,1,OIL,3354
101,2,OIL,2008
101,1,OIL,2115.6
101,1,OIL,1891.6
101,1,OIL,1689.6
101,1,OIL,1733.2
101,2,OIL,1716
101,1,OIL,866
101,1H,OIL,1763.8
101,1H,OIL,1543
101,1T,OIL,1858
101,1H,OIL,1128
101,1,GAS,1588
101,1,OIL,1154
101,1,OIL,866
101,1,OIL,1146
101,1,GAS,1212.4
101,1,GAS,1178
101,1H,OIL,1093
101,1H,OIL,1129
101,1T,OIL,2125
101,1,OIL,1127.6
101,1H,OIL,1549
101,1,OIL,1542
101,1,OIL,1696.4
101,1,OIL,1151.6
101,1,GAS,2474.4
101,1,ELECTRIC,2621
101,2,GAS,6542.8
101,2,GAS,4911
101,2,GAS,4869
101,2,GAS,6053.2
101,2,GAS,5718
101,2A,GAS,4553.96
101,2A,GAS,4007.3
101,2,GAS,4246
101,2,GAS,4066.5
101,2,GAS,3636.5
101,2,GAS,4420.25
101,2,GAS,4110.6
101,2,GAS,2612
101,2,GAS,3078
101,2A,GAS,4192.8
101,2,GAS,3684.8
101,2A,GAS,3661.2
101,1T,GAS,3214.8
101,2A,GAS,4615
101,2,GAS,3684.3
101,1T,GAS,4278.4
101,2,GAS,2794
101,2,GAS,3138
101,1,GAS,2546
101,1,OIL,1970
101,1,OIL,2768
101,1,OIL,2144
101,1,OIL,2068
101,1,ELECTRIC,5217.6
101,1,OIL,1795.2
101,1,OIL,2688.4
101,2,OIL,2046.5
101,2A,OIL,1777
104,2A,GAS,2407.08
101,2,OIL,1835
101,1T,OIL,1778.48
101,2,OIL,1526
101,2,OIL,1312
101,2A,OIL,2122
101,2,GAS,1321
101,2A,OIL,1522
101,2A,OIL,1500
104,2H,OIL,2744
111,2,OIL,3100
104,3,GAS,2465
104,1T,GAS,1592.5
105,2H,OIL,3187.5
332,1,OIL,2768
31,2A,OIL,8000
101,2A,GAS,1850
104,2,OIL,1890
104,2A,GAS,2580.64
101,2H,GAS,4166
104,2H,OIL,2596
101,2H,GAS,1806
104,2T,GAS,3179.5
321,1A,OIL,7983.5
930,,,0
316,1,GAS,2960
102,,GAS,846
102,,GAS,1208
101,2,GAS,5894.5
101,2A,GAS,3880
101,2,GAS,3565
101,2,GAS,5849.14
101,2A,GAS,3612
101,2,GAS,3723
101,2A,GAS,1464
101,2A,GAS,1574.9
101,1T,GAS,1596
132,,,0
101,1,GAS,480
101,2,GAS,1755
101,1,GAS,1982
132,,,0
132,,,0
101,1T,OIL,2563.2
101,2,OIL,2220
101,1,GAS,2507
101,1,GAS,2483.1
101,2,OIL,4253
101,2,GAS,3145.8
101,1,GAS,4069.5
101,2,GAS,3164
101,2,GAS,2240
101,1,GAS,2055
101,1,GAS,2501.76
101,2,GAS,2040
101,1,GAS,2239
101,1,ELECTRIC,2602.7
101,1,GAS,3687.9
101,2,GAS,1919
101,1,OIL,1274
101,2,OIL,1947
101,2,GAS,2120
101,2,GAS,2705.6
101,2A,OIL,4251
101,2,OIL,3600
101,2,GAS,4349
101,1,OIL,992
101,1,OIL,890
101,1A,GAS,884
101,1,OIL,1232
101,1,OIL,3279
101,2,OIL,2586
101,2,GAS,2198.4
101,1T,OIL,1239
101,1T,OIL,1209.25
101,1,ELECTRIC,2832
101,1,OIL,2966.4
101,2,OIL,2464
101,1T,OIL,2246.4
101,1T,OIL,1487.5
101,1T,OIL,1428
101,1T,OIL,2419.2
101,1T,OIL,1428
101,1T,OIL,1899
101,1T,OIL,2102
101,1,OIL,1756.7
101,1,OIL,2440
101,1,OIL,2083
101,2A,OIL,1704
101,1T,OIL,1709.5
101,1T,OIL,2247.6
101,1T,OIL,1864
101,1,OIL,1807.5
101,1T,OIL,1684
101,1T,OIL,1857.6
101,1T,OIL,1644
101,1,OIL,1363.5
101,2,OIL,3312
101,2,OIL,2636
101,1,OIL,1402
101,2,GAS,2016
101,1,OIL,1248
101,1,GAS,2438
101,1,OIL,1614
101,2,GAS,1820
101,1,OIL,1560
101,2A,OIL,3540.8
101,1T,OIL,4234
101,1,OIL,1976
101,2,OIL,3606
101,1,OIL,1088
101,2,OIL,2144
101,2,OIL,2984.2
101,1,OIL,1376
101,1,OIL,2042
101,1,OIL,1376
101,2,ELECTRIC,2368
101,1,ELECTRIC,1056
101,2,GAS,2064
101,2H,GAS,5152
101,1,OIL,1224
101,1,OIL,1448
101,1,OIL,1728
101,2,OIL,2100
101,1,OIL,1236
101,1,OIL,1830
101,1,OIL,1428
101,2,OIL,2954
101,1,GAS,1056
101,1,OIL,1696
101,1,OIL,1353.6
101,1,OIL,1727
101,1,OIL,1416
101,1,OIL,2100
101,2,OIL,2014
101,2,OIL,3844
101,2,OIL,2784
101,1,GAS,1200
101,2A,OIL,3396
101,1,OIL,1335
101,2,OIL,2384
101,1,OIL,1296
101,1,OIL,2384
101,1,OIL,1788
101,1,OIL,1764
101,1,OIL,1056
101,1T,OIL,1656
101,2,OIL,1728
101,2,OIL,2828
101,1,OIL,1200
101,2,OIL,2952
101,2,OIL,2962
101,1,OIL,2078
101,1,OIL,1440
101,1T,GAS,1176
101,1,OIL,1881.6
101,1A,OIL,1592.36
101,1T,OIL,1344
101,2,OIL,2148
101,1T,OIL,2952
101,1T,OIL,1547
101,1T,OIL,2056
101,1H,OIL,1494
101,1,OIL,1440.6
101,1T,OIL,1702
101,1H,OIL,2092
101,1T,OIL,1602
101,1H,OIL,1365
101,1H,OIL,2319.6
101,2,GAS,1300
101,1,OIL,1807
101,1T,OIL,1588
423,,,0
101,2A,OIL,2237
101,2A,OIL,2463.3
316,,,0
101,2,GAS,3584
101,2,GAS,3526.4
132,,,0
132,,,0
101,1H,ELECTRIC,768
340,1,OIL,28695
441,,,0
951,1,GAS,25697
400,1,GAS,21200
400,1,GAS,19960
101,2,OIL,5468
101,2,OIL,5927.75
101,2,OIL,5511.25
101,2,OIL,5195.2
101,2,OIL,5004
101,2,OIL,4948.75
101,2,OIL,5090.5
101,2,OIL,4301.6
101,2,OIL,4329
101,2,OIL,4712.48
101,2,OIL,5749
941,2T,OIL,198635
101,1,GAS,1530
101,1,GAS,2080
101,1,OIL,2182
101,2,GAS,3826.5
101,2,GAS,2169
132,,,0
101,1T,OIL,1746
101,2A,GAS,3175
105,2A,GAS,7230
961,2A,OIL,100602
101,2,OIL,2318.8
101,1,GAS,2448.8
101,2,OIL,1700
101,1,GAS,1776
101,1,GAS,3376
101,2,OIL,2174.8
101,1,GAS,2000
101,1,GAS,1846.4
961,2,GAS,22923.5
104,2T,GAS,2688
101,2,OIL,1494
101,1A,OIL,1122.96
101,1,OIL,1600
104,2A,GAS,1934
101,2,GAS,2100
101,1T,OIL,1435
101,2,OIL,1632
101,1H,OIL,1125
104,2A,OIL,2052
102,2,GAS,1413
102,2,GAS,1184
101,1H,OIL,1000
104,1T,GAS,2055.75
101,1,GAS,2611.2
101,1T,OIL,2181.25
101,2A,OIL,2106
101,1,OIL,1764
101,1,OIL,1290
101,1H,OIL,2009.75
101,1H,OIL,1253.5
101,1,OIL,1656.6
101,1,OIL,1542.4
101,1,OIL,1892
101,1,OIL,1888
101,1,OIL,2164
101,1T,OIL,1906.5
101,1,OIL,1866
101,1T,OIL,2074.8
101,1T,OIL,3894.72
101,1T,OIL,2592.75
101,1T,OIL,2322
101,1T,OIL,2163.98
101,1T,OIL,2411
101,1,OIL,1272
101,2,OIL,2631.8
101,1T,OIL,1680
101,1T,OIL,2681
101,1T,OIL,1736
101,1T,OIL,1714
101,1H,GAS,2407.4
101,1T,OIL,2185.5
101,1H,GAS,1548.6
342,1,OIL,5002.8
342,1,GAS,4800
101,2,GAS,2706.2
101,1A,OIL,960
101,2,OIL,2830.5
101,1,OIL,993
101,1,OIL,1410
930,,,0
970,2,ELECTRIC,36386
970,2,GAS,4812
101,1,OIL,2206.4
101,1T,OIL,2799
101,2,OIL,2572
101,2,OIL,2304
101,1A,OIL,960
931,1A,GAS,11298
101,2,GAS,3184.3
101,1,GAS,2392
101,2,ELECTRIC,3160
101,2,OIL,2818
101,2,OIL,3354.25
930,,,0
101,2,GAS,3750
101,1,ELECTRIC,1641
101,2,OIL,2644.2
101,2,OIL,2816
101,2,OIL,2126
101,2,GAS,2912
101,1,OIL,2450
101,1,GAS,2460
101,1,GAS,2442.44
101,1,GAS,2757.5
101,2,GAS,2460
101,1,GAS,2613
101,1,GAS,2613
101,2,GAS,3238
101,1,GAS,2484
101,2,OIL,3292
101,2,GAS,2064
101,2,ELECTRIC,2120
101,2,GAS,2445
101,2,OIL,2256
101,1,GAS,1540
101,1,GAS,3326.7
101,1,GAS,2667
101,1,GAS,2162
101,2,GAS,2950
101,1,GAS,1591.74
101,2A,OIL,3745.2
101,2,GAS,1666
101,1,GAS,3124
101,2A,GAS,2544
101,2,GAS,2315.29
101,2,GAS,2744
101,1,GAS,2008
101,1,OIL,1888
101,1,GAS,1528
930,,,0
101,1,GAS,2135.2
101,1,GAS,1196
936,,,0
101,1,GAS,2453.2
101,1,GAS,1898
101,1,GAS,2558.64
101,1,GAS,2733.2
101,2,GAS,2674
101,1,OIL,1984
101,2A,OIL,2216
101,2,OIL,1858
101,1,GAS,4252.5
101,1,OIL,2424
101,1,OIL,2424
941,1,OIL,115453
101,2,OIL,2477.12
101,1,GAS,2744.6
101,1,GAS,2590
101,1,GAS,2112
101,1,GAS,2071
961,1,OIL,2568.8
125,1,ELECTRIC,26231
101,1,GAS,2523.5
101,2,OIL,3254.1
101,1,OIL,2633.5
101,1,OIL,2362.5
101,1,GAS,2731.8
101,2,OIL,2040
101,1,OIL,1758
951,2,GAS,3137.5
101,2,GAS,2232
101,1,GAS,1850
101,2,ELECTRIC,3109.9
101,1,GAS,1940
101,2,GAS,1226
101,1T,GAS,1754.5
101,2A,GAS,2522.15
101,1,OIL,2119.2
104,2,GAS,3160
101,1,GAS,2600
101,1,OIL,941
101,2,GAS,2294
132,,,0
101,3,GAS,3802
101,2,OIL,3016.8
101,1,GAS,3242
101,1T,OIL,1512
101,1T,GAS,2194
101,1,OIL,1521.25
953,,,0
101,2A,OIL,2075
101,2,OIL,2868
125,3,GAS,62129.7
101,1T,OIL,2019
101,2,OIL,2720
101,1H,OIL,1967.2
101,2A,GAS,3396
101,2,GAS,3452
101,2A,OIL,2400
101,2A,GAS,2959.6
101,2,GAS,3316
101,2,GAS,2564
101,1T,OIL,1512
101,1,OIL,1176
101,2,OIL,1413.8
101,1H,OIL,1336
101,2A,GAS,2049.4
101,2,NONE,176
101,2A,OIL,2864
101,2A,OIL,4502.4
101,2,OIL,4549
101,2A,OIL,4360.1
101,1T,OIL,3294
101,1T,OIL,5513.15
101,2A,OIL,2578
101,2,OIL,3588
101,2A,OIL,3951.45
101,2A,OIL,3361.7
930,,,0
101,1,OIL,1308
101,1,OIL,1464
101,2,OIL,2344
101,1,OIL,1056
101,1,OIL,1248
101,1,OIL,1200
101,1,OIL,1730
101,1,OIL,1776
101,1,OIL,1032
953,1,OIL,2660
101,2H,OIL,2957.5
931,2T,OIL,35662
340,2A,GAS,9845.5
931,2H,GAS,23115
104,2A,OIL,3091.5
101,2A,GAS,4691.5
101,2A,OIL,1996.4
104,1T,GAS,2472.5
931,2A,OIL,5714
960,1,GAS,13874
101,2A,GAS,2216
330,2,GAS,29427
109,2H,GAS,10972
101,2,OIL,1845
101,3,OIL,2376
101,1T,OIL,2098.75
13,2,GAS,1248
101,1,GAS,1657
101,2,GAS,2646
101,2A,OIL,1949.8
101,2,OIL,1440
101,1T,OIL,1924.25
111,2A,GAS,5802
101,1,GAS,1970.8
101,1T,OIL,2029
101,1H,OIL,1224
101,2A,GAS,2117.4
101,1T,OIL,1418
953,,,0
404,1,GAS,271061
101,2,OIL,1581.5
101,2,GAS,1838
101,2,OIL,2564
101,1T,OIL,1056.9
104,1T,GAS,2640.05
337,,,0
342,2A,OIL,3264.4
340,2,ELECTRIC,7186
340,3,ELECTRIC,23772
101,1T,GAS,1302
104,1H,OIL,2434.13
101,1T,OIL,1344
101,1T,OIL,1644
101,2A,GAS,2126
340,1,GAS,13406.4
101,1,OIL,2021.25
392,,,0
101,2H,OIL,2695
111,3,GAS,3911.7
340,1A,GAS,2839.98
104,2,OIL,2312
101,2A,OIL,1764
111,2H,GAS,4791.5
13,1,OIL,3076.5
101,1,OIL,1010
423,,,0
337,,,0
330,,,0
102,2A,GAS,1660
102,3,GAS,1490
102,2,GAS,1836
102,2A,GAS,1580.31
102,2A,GAS,2268
102,1,GAS,1415
102,2,ELECTRIC,746
102,2,GAS,840
102,2,ELECTRIC,464
102,2,ELECTRIC,760
102,2,ELECTRIC,760
102,2,ELECTRIC,760
102,2,ELECTRIC,760
102,2A,GAS,1660
102,3,GAS,1520
102,2,GAS,1350
102,2,GAS,1707
102,2,GAS,2208
102,1,GAS,1200
102,2,ELECTRIC,464
102,2,ELECTRIC,746
102,2,ELECTRIC,760
102,2,ELECTRIC,760
102,2,ELECTRIC,760
102,2,ELECTRIC,760
102,3,GAS,1520
102,2,GAS,1707
102,1,GAS,1195
102,2,ELECTRIC,464
102,2,ELECTRIC,746
102,2,ELECTRIC,760
102,2,ELECTRIC,760
102,2,ELECTRIC,760
102,2,ELECTRIC,760
102,3,GAS,1490
102,2,ELECTRIC,746
102,2,ELECTRIC,464
102,2,ELECTRIC,760
102,2,ELECTRIC,760
102,2,ELECTRIC,760
102,2,ELECTRIC,760
102,3,GAS,1520
102,2,ELECTRIC,464
102,2,ELECTRIC,746
102,2,ELECTRIC,760
102,2,ELECTRIC,760
102,2,ELECTRIC,760
102,2,ELECTRIC,760
102,3,GAS,1520
102,2,ELECTRIC,464
102,2,ELECTRIC,746
102,2,ELECTRIC,760
102,2,ELECTRIC,760
102,2,ELECTRIC,760
102,2,ELECTRIC,760
102,2A,OIL,1925
102,2,ELECTRIC,464
102,2,ELECTRIC,746
102,2,ELECTRIC,760
102,2,ELECTRIC,760
102,2,ELECTRIC,760
102,2,ELECTRIC,760
102,2A,GAS,788
102,2,GAS,1498
102,2,OIL,1146
102,2,GAS,688
102,2,GAS,1029
102,2,GAS,1029
102,2,GAS,1029
102,2,GAS,1029
102,2,GAS,1029
102,2,GAS,1029
102,2,GAS,1029
102,2,GAS,1029
102,2,GAS,1029
102,2,GAS,840
102,2,OIL,1146
102,2,GAS,1029
102,2,GAS,1029
102,2,GAS,1029
102,2,GAS,840
102,2,GAS,840
102,2,GAS,688
102,2,GAS,688
102,2,GAS,688
102,2,GAS,688
102,2,GAS,688
102,2,GAS,688
102,2,GAS,938
102,2,GAS,915
102,2,GAS,1498
102,2,GAS,840
102,2,OIL,1152
102,2,GAS,688
102,2,GAS,1068
102,2,GAS,1029
102,2,GAS,1272
102,2,GAS,1029
102,2,GAS,1029
102,2,GAS,1029
102,2,GAS,1029
102,2,GAS,1029
102,2,GAS,1029
102,2,GAS,840
102,2,OIL,1152
102,2,GAS,1029
102,2,GAS,1029
102,2,GAS,1029
102,2,GAS,1029
102,2,GAS,840
102,2,GAS,840
102,2,GAS,688
102,2,GAS,688
102,2,GAS,688
102,2,GAS,688
102,2,GAS,688
102,2,GAS,688
102,2,GAS,688
102,2,GAS,803
102,2,GAS,915
102,2,GAS,249
936,,,0
101,2A,GAS,3732
101,1,GAS,4069.8
101,1,OIL,2100
101,1,OIL,2842
101,2,OIL,2052
101,2A,OIL,2523.2
102,1,GAS,3364
102,2A,OIL,3450.16
101,2,GAS,2496
101,2A,OIL,2985.4
101,2,GAS,4807
101,2,OIL,2308
101,1,OIL,2486.4
101,1,OIL,1929.6
101,1,OIL,3197.6
101,1,OIL,2073.6
101,1,OIL,2064
101,2,OIL,2830
101,2,OIL,2308
101,1,OIL,2164.8
101,1,OIL,2064
101,2,OIL,2856
101,1,OIL,2030.4
101,2,OIL,3286
132,,,0
101,2A,OIL,3727
101,2A,OIL,2450
101,2,OIL,3102
101,2,OIL,2382
101,2,OIL,2672
101,2,OIL,3775.5
101,2,OIL,3567.68
101,2,GAS,2843.4
101,2,OIL,2772
101,1T,OIL,3254.44
132,,,0
101,2,OIL,2998
101,2,OIL,2284
101,2,OIL,2765
101,2,OIL,3000.5
101,2,OIL,2816
101,1,OIL,1821
101,1,GAS,1234
101,1H,GAS,1326
101,1,OIL,1310
101,2,GAS,2374
101,2A,GAS,2713
101,2,GAS,2141
101,2A,GAS,2671
101,1T,GAS,2126.88
101,2,GAS,2475
101,2,GAS,1540
101,2,GAS,2394
101,2,NONE,1196
101,2,GAS,739.2
101,3,ELECTRIC,3385
101,2,GAS,1643.2
101,2H,GAS,2431.15
101,1T,GAS,1057
101,2,OIL,1344
101,1H,OIL,2982.5
101,1,OIL,1536
101,1,OIL,2296
101,1,OIL,2812.2
930,,,0
101,1,GAS,1611
101,1,GAS,1356
101,1,GAS,2148
101,1,GAS,1284
101,1,OIL,2852
101,1,GAS,2422.4
101,1,GAS,1956.8
101,1,GAS,1625.6
101,1,GAS,1625.6
101,1,OIL,1625.6
101,1,GAS,1846.4
101,1,OIL,3088
101,1,OIL,1625.6
101,1,OIL,2397
101,1T,OIL,1428
101,2,OIL,2543.4
101,1T,OIL,1980
101,1T,OIL,2858
101,1,OIL,3650
101,1T,OIL,3528
132,,,0
101,2A,OIL,3049.08
101,2A,OIL,2408
101,2,OIL,2710.4
101,2A,GAS,3288.4
101,2,OIL,3207.5
101,2,OIL,3208.32
391,,,0
404,2,GAS,108475
101,2,OIL,1383
101,2,OIL,1100.8
101,2,OIL,1894
104,2,OIL,2008
101,2A,GAS,1587
101,2,OIL,1824
101,2A,OIL,1554
101,1H,GAS,1560
101,2A,OIL,1760.8
101,2,OIL,1668
101,2A,GAS,2049.5
101,2A,OIL,1710
101,1A,OIL,1276.12
101,1H,OIL,1327.5
101,2,GAS,1352
104,2A,GAS,2089
101,2,GAS,1350
101,2A,OIL,2322.6
101,2,GAS,1440
104,2A,GAS,2077.4
101,2A,GAS,1401
105,2H,OIL,2981.5
101,1H,GAS,1200
101,1,OIL,5361.5
101,2,OIL,3150
101,1,OIL,3571.75
101,1H,ELECTRIC,3412
101,2,OIL,3190
101,2,OIL,3645
101,1T,OIL,3210
101,1,OIL,5753.5
101,2,OIL,4115.6
101,1,ELECTRIC,3274
101,2,ELECTRIC,3115.2
101,2,OIL,5004.95
101,2A,OIL,5110
101,2A,OIL,5060.5
101,2,OIL,4329
101,1T,OIL,3162
101,2,OIL,5063.7
101,2,OIL,5667.2
101,2,OIL,3756.4
101,1,OIL,1312
101,1,OIL,1056
101,2,OIL,2303
101,1,OIL,1248
101,2A,OIL,2788.8
101,2,OIL,2950
101,1,OIL,1120
101,1,GAS,1334
101,1,OIL,1784
101,2,OIL,3002
101,1T,OIL,3140
101,1,OIL,1368
101,1T,GAS,1930
101,1,OIL,1368
101,2,OIL,2940
101,2,OIL,2196
101,2,OIL,3576
101,2,OIL,2300
101,2,OIL,3024
101,1,OIL,1224
101,1,OIL,1344
101,2,OIL,2743
101,1,OIL,1644
101,2,OIL,2254
101,1,GAS,1056
101,1,OIL,1008
101,1,OIL,1516
101,1T,OIL,1873.5
101,1T,OIL,2351.2
101,2,OIL,1944
101,1,OIL,1684
101,1,OIL,2315
101,2A,GAS,2900
101,1,OIL,1008
101,1,OIL,864
101,1,OIL,1812
101,1,OIL,1248
101,1,OIL,1008
101,1,OIL,1563
959,1,OIL,2068
101,1,GAS,888
101,1,OIL,2797.6
101,1,OIL,1416
101,1,OIL,1548
101,1,OIL,1632
101,1,GAS,1719
101,1,OIL,1560
101,1,OIL,1152
101,2A,GAS,3606
101,2,GAS,4270
101,,,0
101,2,GAS,3124
132,,,0
101,1,OIL,1588
101,1,OIL,1483.2
132,,,0
101,1,OIL,1584
101,1,OIL,2210
101,1,OIL,1989.6
930,,,0
101,2,GAS,2802.8
101,2A,GAS,2311
101,2,OIL,1570
37,1,OIL,4044
932,,,0
132,,,0
712,,,0
930,,,0
101,1H,OIL,3132
101,1,OIL,1372
L    SEPTIC                        101,2,OIL,2358
101,1,OIL,2027.6
101,2,OIL,2328
D    SEPTIC                        101,2,OIL,1792
17,2H,OIL,5102
930,,,0
101,1T,OIL,3458.8
101,1,OIL,3273.5
101,2A,OIL,2870
101,1T,OIL,2864.9
132,,,0
73,,,0
104,2,ELECTRIC,2480
102,2,ELECTRIC,960
102,2,ELECTRIC,960
102,2,ELECTRIC,974
102,2,ELECTRIC,974
102,2,GAS,376
102,2,GAS,720
102,2,GAS,565
102,2,GAS,770
102,2,GAS,581
102,2,GAS,804
102,2,GAS,740
102,2,GAS,378
102,2,GAS,772
102,2,GAS,564
102,2,GAS,782
102,2,GAS,582
102,2,GAS,317
102,2,GAS,541
102,2,GAS,563
102,2,GAS,563
102,2,GAS,574
102,2,GAS,574
102,2,,200
102,2,GAS,540
102,2,GAS,564
102,2,GAS,565
102,2,GAS,573
102,2,GAS,573
102,2,GAS,376
102,2,GAS,540
102,2,GAS,565
102,2,GAS,565
102,2,GAS,573
102,2,GAS,573
102,2,GAS,561
102,2,OIL,327
102,2,GAS,773
102,2,GAS,770
102,2,GAS,807
102,2,GAS,784
102,2,GAS,416
125,1,GAS,34006
300,8,ELECTRIC,322183
102,2,GAS,4136.2
102,2,GAS,3792.6
101,1T,GAS,2690.25
101,1,GAS,1344
101,1,GAS,932
101,1,OIL,3078.8
104,2A,OIL,3577.88
101,1T,GAS,1329
109,2,OIL,4089.5
101,1T,OIL,1703.48
101,2,OIL,2054
101,1,OIL,2513
102,1,OIL,1848
102,2,OIL,1920
101,1T,GAS,3067.25
101,1,GAS,2556
101,1,GAS,1721
101,1,GAS,997
101,2,GAS,2088
101,1,GAS,1647
101,1,GAS,1386
101,1,GAS,1425
101,1,GAS,1784.5
101,2,GAS,1993.6
101,2,GAS,2349.5
101,1,GAS,1396
101,1,GAS,1881
101,1,GAS,1461.5
101,1,GAS,1728
101,2,GAS,2842
101,1H,GAS,1543.5
101,1,GAS,1430.8
101,1T,GAS,2450
101,1,GAS,1302
101,1H,GAS,1492.5
101,1H,GAS,1387.5
131,,,0
132,,,0
101,1T,GAS,1716
101,1T,GAS,2438
101,1,GAS,1062
101,1,GAS,832
101,1,GAS,3085.6
101,1,GAS,1608
101,1,GAS,1865
101,2,GAS,2350
101,1,GAS,958
101,1H,GAS,1308
101,1,GAS,2099.5
101,1,GAS,1756
101,1,GAS,1977.6
101,1,GAS,1440
101,1,GAS,1519.6
101,1,GAS,1680
101,2,GAS,3514.6
101,1,GAS,1426
101,1T,GAS,2086
101,1,GAS,1440
101,1T,OIL,1660
101,1T,GAS,1721.1
101,1,ELECTRIC,1923.2
101,2,OIL,1912.15
101,1A,GAS,1791.64
101,1T,GAS,1843.2
101,1H,GAS,1190.8
101,1T,OIL,1132
101,2,OIL,1549.4
101,1,OIL,1612
101,1T,OIL,1529
101,1T,OIL,2386
101,1T,OIL,1362
104,1T,OIL,1714.5
101,2A,GAS,2749.5
101,1T,OIL,1365
101,1T,OIL,1791
101,1T,GAS,1080
101,1,GAS,932
101,2,OIL,1580.8
101,1T,GAS,1727
101,1H,GAS,2653
101,2,GAS,3109
101,1T,OIL,1893
104,2A,OIL,2112
101,2A,OIL,1726
101,2,OIL,2981.8
101,2,GAS,1783.6
104,2H,GAS,2617.5
101,2,OIL,1788.4
101,1,GAS,1440
101,1T,OIL,1680
104,1T,OIL,2826.5
101,1T,GAS,1512
104,1T,GAS,1750
101,1T,OIL,1467.6
13,1T,OIL,4035.5
101,1,GAS,988
101,2,OIL,1620
101,2,OIL,1354
337,,,0
101,1H,GAS,1080
101,1T,GAS,1944
101,1,OIL,1328
101,1T,OIL,1165.5
101,2,OIL,1281.8
101,2,OIL,1494
101,2,GAS,1968
101,1,GAS,1981.6
101,1T,OIL,1680
101,2A,GAS,2153.8
104,2A,OIL,1614
105,2T,GAS,2492.75
109,1T,OIL,2084.6
101,1T,GAS,1399
101,2,GAS,2092
101,1H,OIL,1296
101,1H,GAS,1850.6
101,1H,OIL,1296
101,1T,GAS,1655
101,1H,OIL,1123.2
104,1T,OIL,2548
101,1H,GAS,1555.2
101,1H,GAS,1728
101,2,GAS,2292.4
101,2,GAS,2179.2
101,1H,OIL,1728
101,1T,OIL,1641.6
101,1H,GAS,1296
101,1T,OIL,1944
101,1H,OIL,1296
101,1H,OIL,1581.12
101,1T,GAS,1512
101,1T,GAS,1944
101,1T,GAS,1512
101,1T,OIL,1857.6
101,2,OIL,2160
101,1T,GAS,2222.4
101,1H,OIL,1728
101,1T,GAS,1512
101,1H,GAS,1506
111,2T,GAS,5232
101,2A,OIL,1949
104,2,GAS,3270.6
101,2,OIL,2203
101,2,GAS,2100.8
101,2A,GAS,1837.3
101,2,OIL,2136
400,1,GAS,5960
441,,,0
101,1T,OIL,1357.75
104,2,OIL,2496.25
104,2A,OIL,3268.8
101,2,OIL,1800
101,2A,OIL,1750
101,2A,GAS,1954
101,2H,OIL,2883
104,2A,OIL,2707
101,2,GAS,1747.5
101,2A,GAS,2116
109,2A,OIL,3049
101,1T,OIL,1505
101,2,OIL,1738
104,2A,OIL,2704.3
101,2,GAS,1768
101,1T,GAS,1716
101,1T,OIL,1918
101,1T,GAS,1429.5
101,2,OIL,1640
101,2,OIL,1582
101,1,OIL,1302
101,2,OIL,2405.5
101,1T,OIL,1387
104,2H,OIL,2125
101,1T,OIL,3490.75
101,1T,GAS,1675.2
101,1A,OIL,1015.68
101,1A,OIL,1104.96
101,1T,OIL,1545
929,,,0
105,2H,GAS,6022
111,2,OIL,3712
13,2H,OIL,2495.4
104,2H,OIL,3158
325,1,GAS,7817
332,1,GAS,10752
130,,,0
104,2A,OIL,2498.4
960,2,OIL,7771
111,2A,GAS,3847
104,2A,GAS,2732
970,2A,OIL,9924
13,3,GAS,4687
101,2,OIL,1046
325,1,OIL,3565
13,2H,GAS,5066
31,3,GAS,57549
326,2,GAS,5315
325,2,GAS,3560
101,1,GAS,1744.2
101,1H,OIL,1325.5
101,1A,OIL,902.44
101,1T,OIL,1173.25
101,1T,OIL,1135
104,1H,OIL,1260.6
104,2H,OIL,2395
936,,,0
132,,,0
101,1T,OIL,926.9
101,2,OIL,1870.5
101,2,OIL,1872
101,1T,OIL,1864.8
101,2,OIL,1368
130,,,0
101,1T,GAS,4147.6
334,1,OIL,1442
326,1,GAS,3434
326,1,GAS,2807
401,1,GAS,4000
326,1T,GAS,4759
311,1,GAS,4556
316,2,OIL,6266
31,1,OIL,384
392,,,0
101,1,OIL,1587.6
101,1,OIL,936
31,2,GAS,2612
104,2,OIL,2418
101,2,GAS,1571.5
105,2A,GAS,2858
101,2,OIL,1466
104,2,GAS,2552.4
140,1H,OIL,1560
101,2A,GAS,2717
101,2A,OIL,2077.5
104,2A,GAS,2553
104,2A,GAS,2623.7
101,1T,OIL,1898.75
316,1,GAS,13605
401,2,GAS,119410
442,,,0
425,1,GAS,4750
384,1T,GAS,4080
442,,,0
957,,,0
101,2,GAS,3465.6
326,1,GAS,6474
959,2,GAS,34558
423,,,0
114,2,OIL,19247
957,,,0
370,1,GAS,22752
337,,,0
392,,,0
392,,,0
102,2,GAS,1261
102,2,GAS,1434
102,2,GAS,1620.75
102,2A,ELECTRIC,641
102,1,GAS,789
102,1,GAS,1422.8
102,1,GAS,1185
102,2,GAS,2363
102,1,ELECTRIC,953
102,2,GAS,1288
102,1,GAS,1188
102,2,GAS,1288
102,1,GAS,1671
102,2,GAS,1739.25
102,2,GAS,2419
102,2,GAS,1869
102,2,GAS,2537
102,2,GAS,1269
102,1,GAS,2396
102,2,GAS,1594.2
102,3,GAS,2432.12
102,2,GAS,1805.05
102,3,GAS,2380.8
102,2,GAS,1312
102,3,GAS,2367.12
102,2,GAS,1752
102,2,GAS,1316
102,2,GAS,1290
102,2,GAS,1522.2
102,2,GAS,1202
102,2A,ELECTRIC,413
102,1,GAS,631
102,1,GAS,1016
102,1,GAS,1336
102,2,GAS,2355
102,1,ELECTRIC,953
102,2,GAS,1758.75
102,2,GAS,1298
102,2,GAS,1703.25
102,2,GAS,1859
102,2,GAS,1889
102,2,GAS,1313
102,2,GAS,1316
102,2,GAS,1320
102,2,GAS,1842
102,2,GAS,1290
102,2,GAS,1287
102,2A,ELECTRIC,1273.75
102,1,GAS,851
102,1A,GAS,1168.66
102,1,GAS,1150
102,2,GAS,1585
102,2,GAS,1522.2
102,2A,ELECTRIC,384
102,1,GAS,851
102,1A,GAS,1344.83
102,1,GAS,1000
102,2,GAS,1726.5
102,2,GAS,1522.2
102,2A,GAS,2188
102,2,GAS,1686
102,2,GAS,1929
102,2,GAS,1699
102,2,GAS,2000
102,2,GAS,1588
102,2,GAS,1885
102,2,GAS,1286
102,1,GAS,1869
101,2,OIL,2002
101,1,GAS,1571
101,1,OIL,2703.8
101,2,OIL,1658.1
101,1,OIL,2313
101,2,OIL,2222.75
101,1,GAS,2441
101,1,GAS,1617
101,2,OIL,2540
101,1,OIL,2447.25
101,2,GAS,2936.72
101,1,GAS,960
132,,,0
101,1,OIL,992
101,2,GAS,2284
101,1,GAS,1560
101,2,GAS,2410.3
101,1,GAS,1581
101,1,OIL,1539
101,1,OIL,1684.8
101,1,GAS,1547
101,1,OIL,1470
101,1H,GAS,1342.5
101,1,GAS,1000
930,,,0
131,,,0
929,,,0
101,1,OIL,1614
101,1,GAS,997
101,2,GAS,2926
101,2,GAS,2559.2
101,2A,OIL,2436
101,1,OIL,2200
132,,,0
101,2,OIL,1248
340,2A,OIL,2470
104,2A,GAS,2004
101,1T,OIL,1646.5
104,2,GAS,1983.6
101,1,OIL,1170
101,1H,GAS,972
101,2,OIL,1364
101,2,OIL,2088
101,2,OIL,2135
101,2,OIL,2157
101,2,OIL,1802
101,1H,OIL,1737.6
101,2,OIL,2651.1
101,1H,OIL,1520
101,2A,OIL,2000
101,1T,GAS,1420
101,1T,OIL,1500
101,2,GAS,1608
101,2,OIL,2042
101,2,OIL,2334
101,1,OIL,1514
101,1,OIL,1424
101,2,OIL,3069.5
101,1,OIL,1820
101,1,OIL,2112
959,1,GAS,2036
101,1,OIL,1224
101,2,OIL,1248
101,1,OIL,1792
101,1,OIL,1344
101,1,OIL,1332
101,1,OIL,2100
101,2,OIL,2608
132,,,0
101,1T,OIL,1620
101,1T,OIL,1836
101,1T,OIL,2537.5
101,1T,OIL,2952.75
101,2A,OIL,4291
101,1T,OIL,1563
101,1,OIL,4027
101,1,OIL,2140
101,1T,OIL,2228.8
101,1T,GAS,2341.12
101,1H,OIL,1562
101,1,OIL,2577.4
101,1,ELECTRIC,1871.4
101,1,OIL,2074.8
105,3,OIL,3786.5
101,1,OIL,1776
101,1,OIL,1137.6
101,1T,OIL,2260
101,1,OIL,2419.2
101,1,OIL,2016.5
101,1T,OIL,1220
101,1,OIL,1341
101,1,OIL,1488
101,1,OIL,2106
101,1T,OIL,1785
101,1H,OIL,1752
101,2,OIL,2496
101,2A,OIL,2039.5
101,1T,OIL,1977.75
101,1T,OIL,2748
101,2,OIL,3553
13,1H,OIL,9120
13,1,OIL,6689
101,1,OIL,2286
101,1,OIL,1488
101,1,OIL,1404
31,1H,OIL,1677
101,1T,OIL,1225.25
101,2,OIL,2101.5
101,2,OIL,1560
101,1,OIL,2303
101,2,OIL,1276.8
101,1T,OIL,1345.25
101,2,GAS,2335
101,1T,OIL,1312.5
132,,,0
101,2,OIL,1983.5
101,1,OIL,1928
101,1,OIL,1813
101,1T,OIL,1722
101,1H,OIL,1620
930,,,0
104,2,OIL,2879
101,2,OIL,1884.08
13,1,OIL,2679.5
325,1,OIL,4032
101,1,OIL,1909
930,,,0
101,2,OIL,4428
101,1,OIL,3682.95
101,2A,OIL,2619.7
930,,,0
101,1,OIL,2905.6
101,2,OIL,2672
101,2,OIL,2814
101,1T,ELECTRIC,2751
101,2,OIL,1696
101,2,OIL,2519
101,2,OIL,2513.6
101,2,OIL,3810.4
101,1,OIL,2640
101,2,OIL,5030
930,,,0
101,2,OIL,3282
101,2,OIL,2716
101,1,OIL,2550
101,1T,OIL,4130.7
101,2,OIL,3694
932,,,0
101,2,OIL,2207
101,2H,OIL,4791.5
101,2A,OIL,5008.5
101,1H,OIL,2368.8
101,1T,OIL,1836
101,2H,OIL,3722.5
101,2A,GAS,2086
101,2H,OIL,2379.7
101,2,OIL,2600.7
101,2,GAS,1836
101,2,GAS,1276.8
101,1T,GAS,1755
101,1,GAS,1943
101,1T,GAS,4964.64
101,2,GAS,2922
101,2,GAS,2549
101,2,OIL,1682
101,1,OIL,1210
101,2,GAS,2231.6
101,1,OIL,1400
101,2,GAS,2661.6
101,1T,GAS,1844.5
101,1,GAS,1368
101,2,OIL,1831.5
101,2,GAS,2632
101,2A,GAS,3630
101,1,OIL,3495.6
101,1,OIL,2277.4
101,1,OIL,1530
101,1H,OIL,2616.3
101,1T,OIL,2871.4
101,1,OIL,3382.22
132,,,0
101,1T,OIL,3523.6
101,2A,OIL,2736
101,2,OIL,4632.4
101,2A,OIL,3587.48
101,2A,OIL,3642
101,2,OIL,2399.6
101,2A,OIL,2633.12
101,2,OIL,4489.67
101,2A,OIL,3390.4
101,2,OIL,3884
101,2,OIL,3367.4
101,2A,OIL,3620
101,2A,OIL,3410
101,2A,OIL,3990.6
101,2A,OIL,2713
101,2A,OIL,3792
101,2A,OIL,3112
101,2A,OIL,3359.2
101,2,OIL,3278.5
101,2A,OIL,5014
101,2,GAS,3549.2
101,1T,OIL,2178
101,1T,OIL,2102.5
101,2,OIL,4261.24
101,1T,GAS,2643.5
132,,,0
101,2,OIL,4166
101,2,OIL,3530.48
101,2,OIL,3904.3
101,1,ELECTRIC,2163.2
101,2,OIL,1938
101,2,OIL,3612
101,2,OIL,5632.8
101,2,GAS,1246
101,2A,GAS,1818.6
101,2,GAS,1820
101,1A,GAS,1030
102,2,GAS,1357
102,2,GAS,1307
102,2,GAS,1307
102,2A,GAS,1513.7
102,2,GAS,1237
102,2,GAS,1307
102,2,GAS,1307
102,2A,GAS,1578.7
102,2,GAS,1307
102,2A,GAS,1578.7
102,2A,GAS,1487.7
102,2A,GAS,1578.7
102,2,GAS,1307
102,2,GAS,1307
102,2,GAS,1307
102,2A,GAS,1513.7
102,2,GAS,1237
102,2A,GAS,1513.7
102,2A,GAS,1578.7
101,1T,GAS,2300
101,2A,GAS,1642.9
101,2,GAS,5604.3
101,2,GAS,1130
101,2,GAS,5288.66
101,1T,GAS,2398
101,2,OIL,3874
101,1T,OIL,2575.5
101,1,OIL,1604
105,2A,OIL,3824.4
101,1T,OIL,2923.1
105,3,OIL,4104.66
101,2,OIL,2198.4
101,2H,OIL,5139
101,2A,OIL,2304.6
101,2A,OIL,4007.5
104,2H,OIL,2612.5
101,2,GAS,2950.6
101,1H,OIL,1704
102,1,OIL,775
102,1,OIL,596
102,1,OIL,775
102,1,OIL,589
102,1,OIL,808
101,2,OIL,1631.6
101,1T,OIL,2018
101,1T,OIL,3349
101,2A,GAS,2664
101,1T,GAS,3866.2
101,2A,GAS,3390.8
101,2A,GAS,4953.25
101,1H,GAS,2896.5
101,2,OIL,2063.2
101,1,OIL,2561.25
101,2,ELECTRIC,1893
101,1,OIL,1987.5
101,1,OIL,2835.6
101,1T,GAS,1971
101,1H,GAS,2095.6
101,1H,OIL,1818
101,2,GAS,3299.7
101,1,OIL,1980
101,1,GAS,3507
101,1H,OIL,2036
101,1,OIL,1801
101,1,OIL,3821.35
101,1,OIL,2096
101,2,OIL,3802
101,1,OIL,1248
101,1,OIL,1452
101,2,OIL,2377
101,2,OIL,2620
101,1,OIL,1918
101,2,OIL,2397
101,1,OIL,1755
101,1H,OIL,1943
101,1H,OIL,2372
101,2,ELECTRIC,2584.8
930,,,0
930,,,0
