"USECODE","FUELTYPE","AREASQ","STORYHEIGHT"
"934",NA,54342,2
"410",NA,6142,2
"410",NA,1086,1
"410",NA,3600,1
"410",NA,1710,1
"410",NA,720,1
"971",NA,2504,1
"428",NA,688,1
"971",NA,3600,1
"376",NA,16466,1
"112",NA,134606,5
"112",NA,33442,4
"112",NA,34182,4
"112",NA,59084,4
"112",NA,44595,4
"112",NA,57910,4
"112",NA,29728,4
"316",NA,12780,1
"314",NA,15189,2
"340",NA,15048,2
"325",NA,1350,1
"345",NA,9750,NA
"345",NA,9750,1
"345",NA,11050,1
"960",NA,1673,2
"960",NA,2516,2
"960",NA,22658,1
"960",NA,4735,3
"962",NA,699,1
"934",NA,49052,1
"906",NA,3090,2
"342",NA,13544,2
"323",NA,11162,1
"323",NA,6432,1
"323",NA,3600,2
"323",NA,101630,1
"323",NA,3555,1
"325",NA,8000,1
"325",NA,6944,1
"325",NA,7304,1
"934",NA,41373,1
"961",NA,3605,2
"951",NA,8508,3
"951",NA,6048,1
"931",NA,12660,1
"935",NA,4310,1
"013",NA,1904,1
"013",NA,3070,2
"013",NA,2386,1
"332",NA,4260,1
"316",NA,3428,3
"318",NA,3776,2
"318",NA,640,1
"330",NA,1728,2
"325",NA,9720,2
"316",NA,42000,3
"316",NA,46350,3
"332",NA,1855,1
"330",NA,7160,1
"330",NA,6748,2
"330",NA,25504,1
"330",NA,15581,1
"332",NA,7069,2
"314",NA,22832,1
"333",NA,2400,1
"112",NA,124842,6
"112",NA,130716,6
"112",NA,167118,7
"112",NA,129234,6
"112",NA,172150,5
"112",NA,20735,1
"112",NA,197692,6
"112",NA,82492,3
"112",NA,8547,1
"112",NA,38985,2
"112",NA,134916,6
"112",NA,151074,6
"112",NA,149280,6
"112",NA,152448,7
"112",NA,50362,2
"112",NA,27787,1
"112",NA,0,NA
"323",NA,34109,1
"340",NA,11968,2
"344",NA,1148,1
"344",NA,1435,1
"344",NA,2363,2
"344",NA,4674,1
"316",NA,25680,1
"340",NA,8558,2
"340",NA,3883,2
"323",NA,120830,1
"323",NA,2568,1
"323",NA,2735,1
"323",NA,8623,1
"323",NA,5022,1
"322",NA,98886,1
"031",NA,2160,2
"325",NA,2280,2
"325",NA,5677,2
"325",NA,2508,1
"330",NA,2160,2
"031",NA,2592,2
"325",NA,9184,1
"325",NA,13100,1
"340",NA,2652,2
"326",NA,1726,1
"325",NA,3744,2
"325",NA,3507,2
"325",NA,2160,2
"326",NA,13619,2
"330",NA,41962,2
"326",NA,4648,1
"326",NA,14730,1
"325",NA,2186,2
"325",NA,864,1
"325",NA,2616,1
"400",NA,4160,1
"334",NA,2336,1
"960",NA,19017,1
"430",NA,7349,1
"960",NA,7804,1
"960",NA,9940,2
"951",NA,57752,3
"323",NA,69834,1
"332",NA,5803,1
"325",NA,4914,1
"323",NA,22800,1
"323",NA,30363,1
"326",NA,2532,1
"325",NA,5070,2
"323",NA,43958,1
"321",NA,18556,1
"325",NA,5400,1
"330",NA,21106,1
"376",NA,128345,4
"340",NA,10600,2
"323",NA,33200,2
"934",NA,320088,3
"934",NA,16570,1
"929",NA,31656,1
"325",NA,6035,2
"031",NA,12936,2
"031",NA,16200,1
"031",NA,4900,1
"031",NA,1000,1
"340",NA,18554,3
"326",NA,7158,1
"140",NA,10375,1
"345",NA,3700,1
"345",NA,3360,1
"344",NA,4826,1
"344",NA,4899,1
"985",NA,19404,2
"985",NA,1406,1
"931",NA,2252,2
"931",NA,15048,2
"112",NA,142884,2
"112",NA,95256,2
"112",NA,13860,2
"112",NA,23100,2
"112",NA,31185,2
"960",NA,11300,1
"112",NA,18852,4
"112",NA,48624,4
"112",NA,11904,4
"112",NA,20160,3
"112",NA,50400,3
"112",NA,3883,1
"112",NA,18852,4
"340",NA,4876,2
"325",NA,1827,1
"323",NA,14715,1
"325",NA,7350,1
"316",NA,5852,2
"316",NA,41074,2
"316",NA,38862,2
"316",NA,11842,2
"341",NA,15030,3
"330",NA,37181,1
"332",NA,5192,1
"323",NA,25301,1
"323",NA,2400,1
"326",NA,2831,1
"323",NA,23828,1
"325",NA,4104,2
"325",NA,4480,1
"325",NA,5160,1
"325",NA,14480,1
"326",NA,5472,1
"334",NA,1288,1
"330",NA,23020,2
"330",NA,12050,1
"330",NA,10710,1
"330",NA,22619,1
"342",NA,1300,1
"325",NA,10000,1
"332",NA,5856,2
"304",NA,51500,4
"341",NA,9000,1
"330",NA,1891,1
"332",NA,6556,1
"340",NA,5260,2
"325",NA,4902,2
"340",NA,38000,3
"013",NA,2608,2
"325",NA,10711,1
"341",NA,5484,1
"344",NA,3083,1
"344",NA,3094,2
"344",NA,1567,3
"344",NA,1567,3
"345",NA,7428,2
"112",NA,24756,6
"325",NA,22562,1
"951",NA,528,1
"934",NA,58893,2
"344",NA,12895,1
"940",NA,62442,1
"940",NA,5248,1
"947",NA,17740,1
"940",NA,8203,1
"344",NA,17392,2
"940",NA,2415,1
"325",NA,18960,1
"330",NA,4080,1
"929",NA,8500,1
"325",NA,6442,1
"301",NA,4062,2
"301",NA,1056,2
"340",NA,7440,1
"031",NA,2140,2
"316",NA,7490,1
"340",NA,9000,3
"334",NA,1540,1
"326",NA,9090,1
"960",NA,13819,1
"325",NA,7428,1
"334",NA,1994,1
"323",NA,1500,1
"323",NA,17768,1
"323",NA,12812,1
"334",NA,2006,1
"340",NA,14400,2
"340",NA,2664,1
"344",NA,983,1
"344",NA,1632,1
"344",NA,1345,1
"344",NA,1289,1
"344",NA,1127,1
"344",NA,1479,1
"344",NA,878,1
"344",NA,942,1
"344",NA,698,1
"322",NA,149092,2
"322",NA,26880,1
"112",NA,13144,2
"112",NA,17508,3
"341",NA,34224,2
"322",NA,219282,1
"323",NA,829459,2
"323",NA,143343,2
"323",NA,24815,1
"323",NA,63000,1
"323",NA,11567,1
"323",NA,12824,1
"323",NA,132630,1
"323",NA,3598,1
"323",NA,129840,3
"323",NA,1035,1
"323",NA,5300,1
"324",NA,59213,2
"322",NA,114630,2
"340",NA,68253,3
"343",NA,975,1
"343",NA,975,1
"343",NA,660,1
"343",NA,660,1
"343",NA,748,1
"343",NA,748,1
"343",NA,825,1
"343",NA,875,1
"343",NA,1249,1
"343",NA,1156,1
"343",NA,825,1
"343",NA,485,1
"343",NA,975,2
"343",NA,975,2
"343",NA,823,2
"343",NA,856,2
"343",NA,825,2
"343",NA,1122,2
"343",NA,975,2
"343",NA,975,2
"343",NA,975,2
"343",NA,825,2
"343",NA,990,2
"343",NA,975,3
"343",NA,975,3
"343",NA,823,3
"343",NA,823,3
"343",NA,3560,3
"343",NA,780,3
"343",NA,570,3
"343",NA,986,3
"343",NA,990,3
"331",NA,26494,1
"325",NA,11400,1
"316",NA,80425,3
"953",NA,1344,1
"112",NA,10080,2
"112",NA,5040,2
"112",NA,11724,2
"112",NA,4872,2
"112",NA,4872,2
"112",NA,10080,2
"112",NA,4872,2
"112",NA,10080,2
"112",NA,10800,2
"112",NA,10668,2
"112",NA,5040,2
"326",NA,1064,1
"325",NA,2200,1
"326",NA,8079,3
"401",NA,8000,1
"401",NA,3888,1
"971",NA,2945,1
"338",NA,3010,1
"401",NA,146122,4
"401",NA,64440,4
"332",NA,1320,1
"400",NA,8816,1
"401",NA,172048,2
"400",NA,32591,2
"400",NA,26500,1
"401",NA,19008,1
"400",NA,94440,1
"401",NA,27000,2
"345",NA,7208,1
"345",NA,7108,1
"345",NA,3558,1
"345",NA,3008,1
"345",NA,7008,1
"345",NA,8918,1
"345",NA,3008,1
"345",NA,3008,1
"405",NA,9016,1
"405",NA,2343,1
"405",NA,880,1
"405",NA,880,1
"405",NA,880,1
"405",NA,880,1
"405",NA,880,1
"405",NA,880,1
"405",NA,880,1
"405",NA,880,1
"405",NA,880,1
"405",NA,880,1
"405",NA,880,1
"405",NA,880,1
"405",NA,1010,1
"405",NA,1010,1
"405",NA,880,1
"405",NA,880,1
"405",NA,880,1
"405",NA,880,1
"405",NA,880,1
"405",NA,880,1
"405",NA,880,1
"031",NA,3764,2
"031",NA,4600,1
"031",NA,2853,2
"330",NA,1209,1
"031",NA,1800,1
"140",NA,5736,1
"941",NA,124202,3
"941",NA,16302,1
"941",NA,9464,2
"941",NA,6148,3
"941",NA,3120,1
"971",NA,19024,2
"112",NA,117208,4
"112",NA,123844,4
"332",NA,7899,1
"332",NA,1663,1
"323",NA,11450,1
"326",NA,7482,1
"325",NA,8252,1
"325",NA,510,1
"323",NA,25000,1
"321",NA,23375,2
"333",NA,1947,1
"333",NA,3060,2
"400",NA,14880,2
"400",NA,12610,1
"400",NA,26356,1
"326",NA,22890,2
"400",NA,31308,2
"301",NA,14784,1
"326",NA,3500,1
"929",NA,2800,1
"929",NA,512,2
"929",NA,4522,1
"345",NA,9612,1
"345",NA,9994,2
"345",NA,9088,NA
"805",NA,49398,2
"805",NA,7200,1
"805",NA,5253,1
"805",NA,2034,1
"805",NA,6681,1
"960",NA,18695,1
"340",NA,3496,2
"326",NA,9440,2
"940",NA,11764,3
"342",NA,2050,1
"935",NA,5034,2
"344",NA,6941,1
"344",NA,1488,2
"344",NA,854,2
"344",NA,788,2
"344",NA,832,2
"344",NA,695,2
"344",NA,1487,2
"344",NA,1297,3
"344",NA,762,3
"344",NA,684,3
"344",NA,1090,3
"344",NA,621,3
"344",NA,1300,3
"344",NA,431,3
"955",NA,154043,5
"955",NA,59526,3
"342",NA,47976,2
"342",NA,44290,3
"342",NA,54656,2
"900",NA,29980,1
"344",NA,1500,1
"344",NA,1480,1
"344",NA,1004,1
"344",NA,885,1
"344",NA,1480,1
"344",NA,1488,1
"344",NA,918,1
"344",NA,697,1
"344",NA,1201,1
"344",NA,797,1
"344",NA,1487,1
"344",NA,1419,1
"344",NA,744,1
"344",NA,664,1
"344",NA,1072,1
"344",NA,652,1
"344",NA,1305,1
"970",NA,20160,2
"970",NA,2040,2
"970",NA,2736,2
"971",NA,48440,2
"112",NA,103680,2
"112",NA,23625,2
"112",NA,90000,2
"112",NA,2100,2
"112",NA,74250,2
"112",NA,17050,2
"112",NA,4675,2
"112",NA,21975,2
"112",NA,11250,2
"112",NA,121680,2
"112",NA,85176,2
"112",NA,12384,2
"112",NA,37800,2
"112",NA,12384,2
"112",NA,10368,2
"112",NA,10584,2
"112",NA,1250,2
"112",NA,17436,3
"112",NA,26388,3
"112",NA,4408,1
"971",NA,10739,2
"013",NA,5960,3
"013",NA,1884,2
"326",NA,3479,1
"111",NA,6720,3
"112",NA,36888,2
"962",NA,8464,1
"962",NA,13452,2
"970",NA,1821,1
"970",NA,5856,1
"970",NA,8172,1
"970",NA,7254,1
"970",NA,1512,1
"013",NA,3778,3
"013",NA,3028,3
"013",NA,3769,3
"013",NA,1395,1
"111",NA,7003,3
"325",NA,1440,1
"031",NA,8248,3
"353",NA,7200,1
"031",NA,1710,1
"031",NA,1782,2
"960",NA,14448,1
"970",NA,4386,1
"970",NA,3596,1
"970",NA,1188,1
"970",NA,2268,1
"970",NA,2688,1
"970",NA,2688,1
"970",NA,5270,1
"125",NA,36420,3
"340",NA,2416,1
"325",NA,4640,1
"111",NA,6761,3
"325",NA,5700,1
"326",NA,2340,1
"332",NA,9783,1
"325",NA,14984,1
"326",NA,6282,1
"325",NA,7000,2
"323",NA,28630,1
"323",NA,1960,1
"335",NA,5472,1
"323",NA,16148,2
"340",NA,34058,3
"931",NA,51009,2
"931",NA,7854,1
"316",NA,56150,1
"400",NA,15960,1
"340",NA,20000,2
"400",NA,16950,1
"316",NA,36080,1
"031",NA,3572,1
"031",NA,9000,2
"031",NA,3120,1
"951",NA,56631,3
"352",NA,19574,3
"111",NA,9999,3
"013",NA,4408,2
"934",NA,71454,2
"334",NA,621,1
"332",NA,3701,1
"325",NA,3338,1
"934",NA,13164,2
"112",NA,144648,7
"112",NA,18684,3
"112",NA,105208,7
"112",NA,20152,3
"960",NA,4160,1
"305",NA,77932,3
"960",NA,5151,1
"343",NA,1456,1
"343",NA,1546,1
"401",NA,24764,2
"400",NA,10552,2
"931",NA,8530,1
"931",NA,1520,1
"112",NA,16320,3
"112",NA,42636,3
"908",NA,117427,3
"931",NA,28812,1
"970",NA,22427,2
"970",NA,4185,2
"970",NA,18816,2
"111",NA,6886,2
"013",NA,3654,2
"013",NA,400,1
"376",NA,15936,1
"341",NA,4694,2
"905",NA,7296,1
"111",NA,9199,3
"013",NA,5150,3
"111",NA,7081,3
"013",NA,3644,2
"013",NA,3560,3
"325",NA,10508,2
"335",NA,8445,1
"013",NA,3180,3
"013",NA,986,1
"013",NA,4718,3
"111",NA,7008,3
"341",NA,6606,2
"954",NA,8832,1
"031",NA,5506,2
"325",NA,2420,1
"013",NA,1568,1
"013",NA,1777,2
"112",NA,24288,4
"112",NA,177120,7
"316",NA,11360,2
"316",NA,8024,1
"344",NA,1018,1
"344",NA,540,1
"344",NA,957,2
"344",NA,668,2
"316",NA,4232,1
"954",NA,16425,2
"330",NA,2959,1
"332",NA,2113,1
"332",NA,5040,2
"013",NA,2896,3
"013",NA,990,1
"960",NA,7070,1
"934",NA,87788,3
"326",NA,1259,1
"013",NA,1847,2
"353",NA,4410,1
"353",NA,9296,2
"031",NA,4368,2
"325",NA,3520,1
"013",NA,2475,2
"013",NA,468,1
"931",NA,4200,2
"013",NA,4567,3
"400",NA,71340,2
"400",NA,89180,7
"400",NA,4608,1
"316",NA,4400,2
"953",NA,18000,2
"953",NA,3970,1
"340",NA,8696,3
"340",NA,3264,1
"340",NA,6912,2
"340",NA,14572,2
"300",NA,98734,6
"325",NA,29920,1
"326",NA,2756,1
"300",NA,71964,6
"112",NA,111000,7
"300",NA,61050,6
"326",NA,7350,1
"326",NA,2969,1
"112",NA,249587,5
"400",NA,47600,1
"930",NA,624,1
"400",NA,37812,1
"039",NA,41633,3
"400",NA,48567,2
"400",NA,37011,2
"300",NA,46580,3
"039",NA,160942,2
"039",NA,126190,2
"039",NA,69588,2
"340",NA,35996,2
"340",NA,10348,2
"300",NA,142439,6
"970",NA,32340,2
"934",NA,227314,3
"340",NA,3280,1
"340",NA,6047,3
"112",NA,11716,2
"935",NA,24968,2
"400",NA,30265,2
"332",NA,4650,1
"325",NA,3768,1
"400",NA,84266,3
"112",NA,130941,8
"325",NA,3756,1
"325",NA,3044,1
"013",NA,11324,4
"013",NA,16808,3
"316",NA,11740,1
"325",NA,18090,3
"031",NA,10231,3
"326",NA,6688,1
"121",NA,5460,2
"330",NA,1920,1
"331",NA,6582,1
"331",NA,6793,1
"013",NA,13300,2
"401",NA,32998,1
"316",NA,4736,1
"350",NA,2064,1
"400",NA,6665,2
"340",NA,2400,2
"401",NA,5752,1
"340",NA,384,1
"400",NA,51320,2
"316",NA,15118,3
"326",NA,1696,1
"341",NA,8160,2
"112",NA,5808,1
"340",NA,1680,2
"316",NA,6544,1
"340",NA,8816,2
"013",NA,18059,3
"341",NA,18705,2
"340",NA,20814,2
"341",NA,7288,1
"340",NA,14962,2
"013",NA,24512,3
"013",NA,9124,3
"013",NA,3080,3
"325",NA,8064,1
"325",NA,7649,3
"931",NA,42410,3
"013",NA,7990,3
"954",NA,16850,2
"031",NA,7728,3
"111",NA,12309,4
"013",NA,4160,3
"013",NA,12856,4
"112",NA,8571,3
"013",NA,6020,3
"325",NA,3496,1
"325",NA,2924,1
"325",NA,5805,2
"031",NA,5824,2
"325",NA,2718,1
"112",NA,2400,3
"112",NA,7752,3
"031",NA,11822,2
"031",NA,3680,2
"111",NA,8611,2
"316",NA,10860,1
"031",NA,5186,2
"013",NA,25552,3
"013",NA,6648,2
"013",NA,33534,3
"905",NA,7200,1
"013",NA,20160,3
"013",NA,19976,3
"112",NA,15144,3
"960",NA,3900,1
"111",NA,8084,3
"316",NA,4660,2
"013",NA,10111,3
"111",NA,7592,3
"325",NA,7473,2
"013",NA,12302,3
"326",NA,13413,2
"013",NA,11600,3
"316",NA,29964,2
"325",NA,4964,1
"316",NA,4186,2
"316",NA,320,1
"316",NA,644,1
"960",NA,10779,3
"957",NA,17464,1
"400",NA,4170,1
"013",NA,4272,2
"332",NA,2700,1
"400",NA,8802,1
"340",NA,3375,2
"031",NA,2368,2
"322",NA,13152,1
"325",NA,28800,2
"013",NA,16864,3
"013",NA,30733,3
"326",NA,2819,1
"325",NA,2418,1
"341",NA,3146,1
"370",NA,39102,2
"316",NA,22006,2
"332",NA,4439,1
"013",NA,7738,3
"325",NA,12454,4
"031",NA,8473,2
"340",NA,8710,2
"031",NA,6038,3
"325",NA,944,1
"960",NA,10440,2
"340",NA,4014,2
"931",NA,54483,3
"960",NA,19436,1
"960",NA,14171,3
"960",NA,61720,3
"960",NA,19812,3
"355",NA,7598,2
"112",NA,9242,4
"340",NA,9828,2
"340",NA,5872,2
"926",NA,45548,2
"326",NA,792,1
"326",NA,2036,1
"326",NA,3166,1
"112",NA,49300,7
"326",NA,522,1
"430",NA,17116,1
"316",NA,7990,1
"325",NA,7840,1
"321",NA,4346,1
"316",NA,5000,1
"326",NA,2718,1
"316",NA,2000,1
"935",NA,2551,1
"935",NA,17041,3
"340",NA,5385,2
"340",NA,13500,2
"332",NA,3844,1
"353",NA,9232,1
"325",NA,408,1
"400",NA,11220,1
"345",NA,9600,1
"345",NA,2400,1
"345",NA,9600,1
"345",NA,4210,1
"345",NA,1476,1
"325",NA,7151,2
"960",NA,33972,2
"031",NA,13350,3
"031",NA,5126,3
"013",NA,16167,3
"325",NA,5208,2
"013",NA,5312,3
"111",NA,6683,4
"013",NA,4741,3
"013",NA,1880,1
"324",NA,74971,1
"324",NA,120,1
"332",NA,8046,1
"971",NA,480,1
"400",NA,56588,3
"401",NA,22320,1
"401",NA,16000,1
"400",NA,7392,2
"400",NA,8000,2
"400",NA,2800,1
"400",NA,75555,3
"400",NA,11312,1
"400",NA,9450,2
"400",NA,5304,1
"013",NA,12014,1
"013",NA,12144,3
"013",NA,7014,3
"013",NA,4976,3
"325",NA,6218,1
"013",NA,27450,3
"013",NA,57909,3
"326",NA,3294,1
"323",NA,24650,1
"013",NA,5744,3
"322",NA,13968,1
"962",NA,13078,1
"326",NA,34289,2
"330",NA,5058,2
"326",NA,9655,1
"340",NA,40660,4
"300",NA,129600,4
"300",NA,8158,1
"340",NA,49620,5
"340",NA,48150,1
"326",NA,2401,1
"334",NA,1605,1
"340",NA,29768,2
"345",NA,2436,1
"345",NA,8940,1
"930",NA,672,1
"316",NA,122282,1
"112",NA,24054,3
"112",NA,34323,3
"112",NA,50725,3
"112",NA,32356,3
"112",NA,38433,3
"112",NA,19126,3
"112",NA,48273,3
"112",NA,50725,3
"112",NA,48273,3
"112",NA,37374,3
"112",NA,48273,3
"112",NA,38400,3
"112",NA,24054,3
"112",NA,15996,3
"112",NA,19126,3
"112",NA,37374,3
"112",NA,24054,3
"112",NA,15996,3
"112",NA,7118,2
"432",NA,2196,1
"400",NA,108820,2
"400",NA,163138,2
"401",NA,46280,1
"400",NA,75744,2
"400",NA,31375,1
"401",NA,138363,1
"013",NA,13364,1
"400",NA,31788,2
"402",NA,13400,1
"400",NA,46680,1
"400",NA,8360,1
"340",NA,39560,3
"400",NA,150805,2
"325",NA,26160,1
"325",NA,14040,1
"400",NA,20000,1
"400",NA,30700,1
"400",NA,1650,1
"400",NA,144740,1
"400",NA,33276,2
"400",NA,480,1
"400",NA,12000,1
"400",NA,40000,1
"340",NA,40698,5
"400",NA,51443,2
"955",NA,40182,2
"402",NA,51900,1
"330",NA,49064,1
"400",NA,224810,2
"400",NA,187168,2
"400",NA,103812,2
"402",NA,84770,1
"316",NA,183055,1
"340",NA,73248,2
"400",NA,60142,2
"340",NA,90682,2
"401",NA,12356,1
"316",NA,232783,2
"316",NA,10344,2
"338",NA,7850,1
"400",NA,6842,2
"400",NA,16992,2
"400",NA,14000,1
"400",NA,26400,2
"400",NA,31200,2
"400",NA,6500,1
"400",NA,3560,1
"400",NA,82944,2
"321",NA,13872,1
"400",NA,3570,1
"316",NA,199579,1
"400",NA,78770,2
"316",NA,123232,4
"340",NA,95114,2
"405",NA,16172,2
"405",NA,6728,1
"405",NA,13722,1
"405",NA,8940,1
"405",NA,576,1
"405",NA,65826,2
"405",NA,2679,1
"405",NA,51150,1
"405",NA,23788,2
"405",NA,37900,2
"405",NA,9790,1
"405",NA,10150,1
"405",NA,11840,1
"405",NA,12270,1
"405",NA,3780,1
"316",NA,227370,3
"316",NA,67176,1
"316",NA,68402,1
"316",NA,80226,1
"400",NA,5236,2
"400",NA,15192,2
"400",NA,4878,1
"400",NA,6536,2
"400",NA,5423,1
"400",NA,4742,1
"400",NA,44768,3
"400",NA,19914,1
"400",NA,12750,1
"400",NA,25829,2
"400",NA,12910,2
"400",NA,75621,3
"400",NA,26034,3
"400",NA,69392,3
"400",NA,52392,1
"400",NA,97268,1
"400",NA,41258,1
"400",NA,6500,1
"931",NA,6802,2
"931",NA,3256,1
"332",NA,7172,2
"031",NA,10364,2
"400",NA,33151,2
"400",NA,11079,2
"332",NA,7480,1
"400",NA,3600,1
"341",NA,5857,3
"316",NA,51722,3
"316",NA,4000,1
"400",NA,24480,4
"401",NA,26720,2
"401",NA,16300,2
"400",NA,12542,1
"316",NA,26448,3
"400",NA,59218,2
"400",NA,1908,1
"340",NA,6840,3
"111",NA,6752,3
"013",NA,3982,3
"332",NA,1480,1
"013",NA,3663,3
"013",NA,4848,3
"326",NA,832,1
"111",NA,7425,3
"111",NA,5501,3
"013",NA,10420,3
"013",NA,4494,3
"353",NA,9200,1
"031",NA,4258,3
"013",NA,5202,3
"316",NA,6184,1
"345",NA,7030,1
"325",NA,10350,1
"400",NA,31904,2
"325",NA,3450,1
"400",NA,10130,1
"316",NA,15881,1
"316",NA,5016,1
"334",NA,3071,1
"332",NA,6840,2
"332",NA,1750,1
"332",NA,8056,1
"332",NA,2580,1
"332",NA,5740,2
"400",NA,2868,1
"332",NA,2730,1
"400",NA,5656,1
"332",NA,10240,1
"031",NA,2400,2
"013",NA,3694,3
"013",NA,1500,1
"013",NA,4617,3
"013",NA,5357,3
"332",NA,4450,1
"332",NA,2880,2
"400",NA,4100,1
"316",NA,240,1
"316",NA,7550,3
"112",NA,15845,3
"400",NA,15312,2
"340",NA,5184,1
"338",NA,4000,1
"031",NA,2700,2
"013",NA,3456,3
"332",NA,5225,1
"400",NA,4931,2
"340",NA,8704,1
"340",NA,5634,2
"111",NA,5813,3
"112",NA,9276,3
"112",NA,24480,3
"960",NA,5568,1
"013",NA,4788,2
"013",NA,800,1
"400",NA,1400,1
"013",NA,3801,3
"013",NA,5457,3
"970",NA,5112,1
"970",NA,2109,1
"970",NA,5688,1
"970",NA,897,1
"111",NA,7802,4
"013",NA,14016,3
"345",NA,2012,1
"345",NA,1318,1
"345",NA,1938,1
"345",NA,1628,1
"405",NA,1202,1
"405",NA,1210,1
"405",NA,1610,1
"405",NA,1223,1
"405",NA,1420,1
"405",NA,1694,1
"405",NA,1397,1
"405",NA,1228,1
"405",NA,6132,1
"405",NA,3143,1
"345",NA,3006,1
"345",NA,7500,1
"951",NA,1830,2
"959",NA,10538,3
"031",NA,7401,2
"031",NA,2272,2
"013",NA,6880,3
"111",NA,7150,2
"960",NA,5744,2
"013",NA,5459,3
"112",NA,10208,3
"316",NA,2844,2
"951",NA,20131,2
"906",NA,17340,3
"400",NA,132671,1
"400",NA,40708,1
"400",NA,35024,1
"951",NA,70138,4
"951",NA,39500,4
"951",NA,124552,4
"316",NA,156586,2
"316",NA,182380,2
"323",NA,12160,1
"323",NA,20278,1
"401",NA,22489,1
"031",NA,3360,2
"326",NA,4643,1
"330",NA,864,1
"338",NA,5810,1
"325",NA,4500,1
"323",NA,10772,2
"323",NA,6560,1
"334",NA,3095,1
"325",NA,3000,1
"031",NA,4800,2
"013",NA,6048,2
"400",NA,97590,3
"400",NA,13170,1
"400",NA,17000,1
"400",NA,1925,1
"400",NA,520,1
"334",NA,1908,1
"323",NA,31642,1
"326",NA,3744,2
"326",NA,6038,1
"334",NA,2205,1
"934",NA,54984,2
"960",NA,3350,3
"960",NA,4145,2
"935",NA,1354,1
"342",NA,1750,1
"930",NA,7342,1
"970",NA,1080,1
"970",NA,13140,2
"970",NA,6570,2
"970",NA,10608,2
"903",NA,4000,1
"934",NA,57570,2
"332",NA,1750,1
"325",NA,5324,1
"332",NA,1321,1
"400",NA,2166,1
"332",NA,1551,1
"931",NA,4510,1
"355",NA,14636,2
"013",NA,3213,2
"325",NA,7192,1
"340",NA,6592,2
"401",NA,10000,2
"140",NA,3716,2
"340",NA,9554,3
"013",NA,4120,2
"971",NA,13198,1
"971",NA,1856,1
"344",NA,860,NA
"344",NA,872,NA
"344",NA,840,NA
"344",NA,980,2
"344",NA,890,2
"953",NA,4380,1
"953",NA,1568,1
"316",NA,7370,2
"031",NA,2100,2
"031",NA,4096,2
"903",NA,800,1
"903",NA,1424,2
"031",NA,5994,2
"325",NA,2588,1
"960",NA,22416,1
"934",NA,68844,3
"326",NA,280,1
"112",NA,34215,3
"112",NA,48660,4
"970",NA,88060,2
"970",NA,22320,2
"970",NA,5430,2
"970",NA,1917,1
"316",NA,5205,1
"031",NA,1411,1
"031",NA,1440,2
"325",NA,2260,2
"101","OIL",3248,2
"101","OIL",2004,1
"101","GAS",1215,1
"101","OIL",2337,2
"101","GAS",2318,1
"101","GAS",2134,2
"101","GAS",1908,1.7
"101","OIL",1536,1
"101","GAS",1950,2
"101","GAS",2334,1.7
"101","OIL",2014,1.7
"101","OIL",966,1
"101","GAS",2824,1
"101","GAS",2064,1
"101","GAS",1104,1
"101","GAS",2786,2
"101","GAS",2862,1
"101","GAS",1728,1
"101","GAS",1490,1
"101","GAS",1418,1
"101","GAS",3785,1
"101","GAS",3416,1
"101","GAS",1152,1
"101","GAS",2712,1
"101","GAS",960,1
"101","GAS",1220,1
"101","GAS",1832,1
"101","GAS",960,1
"101","GAS",2832,1.7
"101","GAS",3473,2
"101","GAS",2629,2
"101","GAS",1910,1
"101","GAS",1813,1
"101","GAS",3082,2
"101","GAS",1360,1
"101","GAS",1428,1
"101","GAS",2400,1
"101","GAS",2244,1
"101","GAS",2032,1
"101","GAS",1584,1
"101","GAS",2962,2
"959","GAS",1848,1
"101","GAS",1798,1
"101","GAS",1416,1
"101","GAS",1660,1
"101","GAS",2492,1
"101","GAS",1482,1
"101","GAS",2080,2
"101","GAS",2208,2
"101","GAS",1903,1
"101","GAS",3422,2
"101","GAS",1895,1
"101","GAS",1554,1
"101","OIL",1518,2
"101","OIL",1872,1
"101","OIL",1808,1
"101","OIL",1664,2
"101","OIL",1040,1
"101","OIL",1560,2
"101","GAS",1785,1.7
"101","GAS",1776,2
"101","GAS",3199,1
"101","GAS",4704,2
"101","GAS",2340,2
"101","GAS",3108,2
"101","GAS",3512,2
"101","GAS",3816,2
"101","GAS",3506,2
"101","GAS",960,1
"101","GAS",3416,2
"101","GAS",1728,1
"101","GAS",3836,2
"101","GAS",1820,1
"101","GAS",3076,1
"101","GAS",1776,1
"101","GAS",2044,1
"101","OIL",2076,2
"101","GAS",2428,1
"101","GAS",1844,1
"101","GAS",1907,1
"101","GAS",2534,1
"101","GAS",2176,1
"101","GAS",2112,1
"101","GAS",1716,1
"101","GAS",1950,1
"101","GAS",1912,1
"101","GAS",2676,1
"101","GAS",1651,1
"101","GAS",1406,1
"101","GAS",2967,1
"101","GAS",1654,1
"101","GAS",2166,1
"101","GAS",2125,1
"101","GAS",1878,1
"101","GAS",2684,1
"101","GAS",2060,1
"101","OIL",2228,1
"101","GAS",1868,1
"101","GAS",1628,1
"101","GAS",1700,1
"101","GAS",2183,1
"101","GAS",1248,1
"101","GAS",2611,1
"101","GAS",2280,1
"101","GAS",2012,1
"101","GAS",1756,1
"101","GAS",2054,1
"101","GAS",1790,1
"101","GAS",2420,1
"101","GAS",1365,1
"101","GAS",1742,1
"101","GAS",1440,1
"101","GAS",2916,1
"101","GAS",1520,1
"101","GAS",2501,1
"101","GAS",2492,1
"101","GAS",3324,1
"101","GAS",1704,1
"101","GAS",1995,1
"101","GAS",1696,1
"101","GAS",1352,1
"101","GAS",1722,1
"101","GAS",1728,1
"101","GAS",1352,1
"101","GAS",1728,1
"101","GAS",1272,1
"101","GAS",2926,2
"101","GAS",1936,1
"101","GAS",1804,1
"101","GAS",1720,1
"101","GAS",1456,1
"101","GAS",1688,1
"101","GAS",1944,1
"101","GAS",1710,1
"101","GAS",1600,1
"101","GAS",2484,1
"101","GAS",1406,1
"101","GAS",2280,1
"959","GAS",1776,1
"101","GAS",1976,1
"101","GAS",3176,2
"101","GAS",2156,2
"101","GAS",2016,1
"101","GAS",1608,1.7
"101","GAS",1717,1
"101","GAS",1760,1
"101","GAS",1056,1
"101","GAS",1992,1.7
"101","GAS",1906,1
"101","GAS",1344,1
"101","GAS",2398,1
"101","GAS",2060,1
"101","OIL",2256,2
"101","GAS",4068,1
"101","GAS",1940,1
"101","GAS",1632,1
"101","GAS",1568,1
"101","GAS",2204,1
"101","GAS",2528,1
"101","GAS",1672,1
"101","GAS",2630,1
"101","GAS",2961,1
"101","GAS",2856,1
"101","GAS",2268,1
"101","GAS",1732,1
"101","GAS",1984,1
"101","GAS",1900,1
"101","GAS",2084,1
"101","GAS",1680,1
"101","GAS",2064,1
"101","GAS",1872,1
"101","GAS",1896,1
"101","GAS",1620,1
"101","GAS",1536,1
"101","GAS",1560,1
"101","GAS",1656,1
"101","GAS",1738,1
"101","GAS",3032,1.7
"101","GAS",2540,2
"101","GAS",2232,1.7
"101","GAS",1496,2
"101","GAS",1280,1
"101","GAS",1926,1
"101","GAS",3194,1
"101","OIL",3216,2
"101","OIL",1216,2
"101","GAS",2316,2
"101","GAS",1663,1.7
"101","GAS",3246,1
"101","GAS",2120,1
"101","GAS",2634,2
"101","GAS",1456,1
"101","GAS",2096,2
"101","GAS",1657,1
"101","GAS",3244,1.7
"101","GAS",1848,1
"101","GAS",1742,1
"101","GAS",2275,2
"101","GAS",2032,1
"101","GAS",2220,1
"101","GAS",1608,1
"101","GAS",1654,1
"101","OIL",1789,1.7
"101","GAS",1792,1
"101","GAS",1525,1
"101","GAS",3311,1
"101","GAS",1916,1
"101","GAS",1988,1
"101","OIL",2550,1
"101","OIL",1400,2
"101","GAS",1216,1
"101","GAS",960,1
"101","GAS",1856,1
"101","GAS",1804,1
"101","GAS",1608,1
"101","GAS",1804,1
"101","GAS",3020,1
"101","GAS",2576,1
"101","GAS",2204,1
"101","GAS",1952,1
"101","GAS",1619,1
"101","GAS",3008,1
"101","GAS",960,1
"101","GAS",2304,1
"101","GAS",2312,2
"101","GAS",2038,2
"101","GAS",3156,1
"101","GAS",1848,1
"101","GAS",1760,1
"101","GAS",2512,1
"101","GAS",1904,1
"101","GAS",960,1
"101","GAS",2948,2
"101","OIL",2022,2
"101","OIL",2364,1
"101","OIL",1911,1.7
"101","GAS",3636,2
"101","OIL",1680,2
"101","GAS",2388,2
"101","GAS",1492,1
"101","GAS",960,1
"101","GAS",1616,1
"101","GAS",1492,1
"101","GAS",1720,1
"101","GAS",1804,1
"101","GAS",1788,1
"101","GAS",2622,1
"101","GAS",2164,2
"101","GAS",2484,1
"101","GAS",1973,1
"101","GAS",1518,1
"101","GAS",2144,1
"101","GAS",3186,1
"101","GAS",1680,1
"101","GAS",1944,1
"101","GAS",1559,1
"101","GAS",1864,1
"101","GAS",2520,1
"101","GAS",1848,1
"101","GAS",2000,2
"101","GAS",2008,1
"101","GAS",1992,2
"101","GAS",2692,1
"101","GAS",1672,1
"101","GAS",1692,1
"101","GAS",1804,1
"101","GAS",2376,1
"101","GAS",1812,1
"101","GAS",1816,2
"101","GAS",1756,1
"101","GAS",2684,1
"101","GAS",1804,1
"101","GAS",1612,1
"101","GAS",2412,1
"101","GAS",1672,1
"101","GAS",1968,1
"101","GAS",1492,1
"101","GAS",1463,1
"101","GAS",1732,1
"101","GAS",2860,1
"101","GAS",2216,1
"101","GAS",2040,1
"101","GAS",2344,1
"101","GAS",1672,1
"101","GAS",1672,1
"101","GAS",1864,1
"101","GAS",1662,1
"101","GAS",2392,2
"101","GAS",1608,1
"101","GAS",3862,2
"101","GAS",1692,1
"101","GAS",2080,2
"101","GAS",1912,1
"101","GAS",3880,2
"101","GAS",1608,1
"101","GAS",3374,2
"101","OIL",1826,1
"101","OIL",1908,1
"101","OIL",2528,1
"101","GAS",1944,1
"101","GAS",1650,2
"101","GAS",1812,1
"101","GAS",2080,2
"101","GAS",1492,1
"101","GAS",1464,1
"101","GAS",1296,1
"101","GAS",1360,1
"101","GAS",1976,1
"101","GAS",3219,2
"101","GAS",4010,2
"101","GAS",2318,2
"101","GAS",4346,2
"101","GAS",3107,2
"101","GAS",4495,2
"101","GAS",3060,2
"101","GAS",3704,2
"101","GAS",3384,2
"101","GAS",3984,2
"101","GAS",4860,2
"101","GAS",3224,2
"101","GAS",3444,2
"101","GAS",3384,2
"101","GAS",3416,2
"101","GAS",3310,2
"101","GAS",3648,2
"101","GAS",3460,2
"101","GAS",3927,2
"101","GAS",2860,2
"101","GAS",2146,1
"101","GAS",2280,1
"101","GAS",2064,1
"101","GAS",3484,1
"101","GAS",1536,1
"101","GAS",1844,1
"101","GAS",2486,1
"101","GAS",2748,1
"101","GAS",2056,1
"101","GAS",1612,1
"101","GAS",2640,1
"101","GAS",3388,2
"101","GAS",1856,1
"101","GAS",1608,1
"101","GAS",1564,1
"101","GAS",1672,1
"101","GAS",1496,1
"101","GAS",1870,1
"101","GAS",1496,1
"101","GAS",1844,1
"101","GAS",3304,1
"101","GAS",1976,1
"101","GAS",1824,1
"101","GAS",1436,1
"101","GAS",2088,1
"101","GAS",3136,2
"101","GAS",1576,1
"101","GAS",960,1
"101","GAS",1880,1
"101","GAS",3036,2
"101","GAS",2368,1
"101","GAS",1872,2
"101","GAS",864,1
"101","GAS",1733,1
"101","GAS",1608,1
"101","GAS",1712,1
"101","GAS",1080,1
"101","GAS",1662,1
"101","GAS",1608,1
"101","GAS",4851,2
"101","GAS",2256,1
"101","GAS",1404,1
"101","GAS",1496,1
"101","GAS",2472,1
"101","GAS",1560,1
"101","GAS",2150,1
"101","GAS",2553,2
"101","GAS",1104,1
"101","GAS",1648,1
"101","GAS",2712,2
"101","GAS",2048,1
"101","GAS",2674,2
"101","GAS",2280,1
"101","GAS",1496,1
"101","GAS",960,1
"101","GAS",1712,1
"101","GAS",960,1
"101","GAS",1916,1
"101","GAS",1704,1
"101","GAS",1780,1
"101","GAS",2098,1
"101","GAS",2296,1
"101","GAS",4302,2
"101","GAS",1764,1
"101","GAS",1496,1
"101","GAS",2496,1
"101","GAS",1812,1
"101","GAS",1692,1
"101","GAS",1748,1
"101","GAS",2388,2
"101","GAS",2060,1
"101","GAS",1512,1
"101","GAS",1587,1
"101","GAS",1428,1
"101","GAS",1992,1
"101","GAS",1812,1
"101","GAS",1628,1
"101","GAS",1616,1
"101","GAS",960,1
"101","OIL",2136,1
"101","GAS",960,1
"101","GAS",1240,1
"101","GAS",3428,2
"101","GAS",4076,1
"101","GAS",1848,1
"101","GAS",1750,1
"101","GAS",2992,1
"101","ELECTRIC",1450,1
"101","GAS",4721,2
"101","GAS",2120,2
"101","GAS",1772,1
"101","GAS",2264,1
"101","GAS",1360,1
"101","GAS",1637,1
"101","GAS",1072,1
"101","GAS",2058,2
"101","GAS",1224,1
"101","GAS",1496,1
"101","OIL",2344,2
"101","OIL",1950,1
"101","GAS",1824,1
"101","GAS",960,1
"101","GAS",1672,1
"101","GAS",2242,1
"101","GAS",2470,2
"101","GAS",2080,2
"101","GAS",1946,1
"101","GAS",3150,1
"101","GAS",1990,1
"101","GAS",2648,2
"101","GAS",2144,2
"101","GAS",2432,2
"101","GAS",2511,1
"101","GAS",1552,1
"101","GAS",2204,2
"101","GAS",2104,1
"101","GAS",1832,1
"101","GAS",2092,1
"101","GAS",2508,2
"101","GAS",2104,1
"101","GAS",1288,1
"101","GAS",1652,1
"101","GAS",2040,2
"101","GAS",1344,1
"101","GAS",2155,1
"101","GAS",1504,1
"101","GAS",2384,1
"101","GAS",1692,1
"101","GAS",2240,1
"101","GAS",1272,1
"101","GAS",1512,1
"101","GAS",1402,1
"101","GAS",1550,1
"101","GAS",1987,1
"101","GAS",2342,1
"101","GAS",2256,1
"101","GAS",1550,1
"101","GAS",1360,1
"101","GAS",2529,1
"101","GAS",1532,1
"101","GAS",2910,2
"101","GAS",1776,1
"101","GAS",3304,2
"101","GAS",2156,1
"101","GAS",1750,1
"101","GAS",2064,1
"101","GAS",1738,1
"101","GAS",1800,2
"101","GAS",1272,1
"101","GAS",1550,1
"101","GAS",1632,1
"101","GAS",3068,1
"101","GAS",2224,1
"101","GAS",2760,2
"101","GAS",2460,1
"101","GAS",2360,1
"101","GAS",1704,1
"101","GAS",1440,1
"101","GAS",2320,2
"101","GAS",1668,1
"101","GAS",1920,1
"101","GAS",3616,1
"101","GAS",1597,1
"101","GAS",3240,1
"101","GAS",2402,1
"101","GAS",1720,1
"101","GAS",1768,1
"101","GAS",1670,1
"101","GAS",1440,1
"101","GAS",1280,1
"101","GAS",1443,1
"101","GAS",1608,1
"101","GAS",1550,1
"101","GAS",1320,1
"101","GAS",1464,1
"101","GAS",2120,1
"101","GAS",1608,1
"101","GAS",1496,1
"101","GAS",2762,1
"101","GAS",3804,2
"101","GAS",1716,1
"101","GAS",2014,2
"101","GAS",2328,1
"101","GAS",2575,1
"101","GAS",1512,1
"101","GAS",1895,1
"101","GAS",2302,1
"101","GAS",1895,1
"101","GAS",2124,1
"101","GAS",1966,1
"101","GAS",6438,2
"101","GAS",2556,1
"101","GAS",1502,1
"101","GAS",2710,2
"101","GAS",1458,1
"101","GAS",1992,1
"101","GAS",2326,1
"101","GAS",1552,1
"101","GAS",2611,1
"101","GAS",2008,1
"101","GAS",2010,1
"101","GAS",2972,2
"101","GAS",2518,1
"101","GAS",2176,1
"101","GAS",2920,1
"101","GAS",1946,1
"101","GAS",2223,2
"101","GAS",3064,1
"101","OIL",1628,1.7
"101","OIL",2588,2
"101","OIL",3255,1
"101","GAS",1638,1
"101","GAS",1496,1
"101","GAS",1684,1
"101","GAS",1428,1
"101","GAS",1464,1
"101","GAS",1980,1
"101","GAS",2240,2
"101","GAS",2271,1
"101","GAS",3346,1
"101","GAS",1220,1
"101","GAS",960,1
"101","GAS",1720,1
"101","GAS",1496,1
"101","GAS",1967,1
"101","GAS",1924,1
"101","GAS",2072,1
"101","GAS",1424,1
"101","GAS",1790,1
"101","GAS",1748,1
"101","GAS",1471,1
"101","OIL",3012,2
"101","GAS",1502,1
"101","GAS",2152,2
"101","GAS",2350,1
"101","GAS",1826,1
"101","GAS",2005,1
"101","GAS",2338,2
"101","GAS",1812,1
"101","GAS",2813,1
"101","GAS",2212,1
"101","GAS",1823,1
"101","GAS",3086,2
"101","GAS",1502,1
"101","GAS",1608,1
"101","GAS",2112,1
"101","GAS",2464,2
"101","GAS",2332,1
"101","GAS",1712,1
"101","GAS",2640,1
"101","GAS",4482,2
"101","GAS",1908,1
"101","GAS",1612,1
"101","GAS",1912,1
"101","GAS",2356,1
"101","GAS",1496,1
"101","GAS",2448,2
"101","GAS",2001,1
"101","GAS",1572,1
"101","GAS",1352,1
"101","GAS",2498,1
"101","GAS",3192,2
"101","OIL",2059,1
"101","GAS",2538,1
"101","GAS",1608,1
"101","GAS",1578,1
"101","GAS",2896,1
"101","GAS",1688,1
"101","GAS",1512,1
"101","GAS",1056,1
"101","GAS",1926,1
"101","GAS",1488,1
"101","GAS",1485,1
"101","GAS",1272,1
"101","GAS",1272,1
"101","GAS",1440,1
"101","GAS",1260,1
"101","GAS",1738,1
"101","GAS",1440,1
"101","GAS",1104,1
"101","GAS",1260,1
"959","GAS",2888,2
"101","GAS",1260,1
"101","GAS",2872,2
"101","GAS",1728,1
"101","GAS",1738,1
"101","GAS",1950,1
"101","GAS",1720,1
"101","GAS",1952,1
"101","GAS",1738,1
"101","GAS",2182,1
"101","OIL",1716,1
"101","GAS",1440,1
"101","GAS",2114,1
"101","GAS",1900,1
"101","GAS",1630,1
"101","OIL",1584,1
"101","GAS",3164,2
"101","GAS",2552,1
"101","GAS",1728,1
"101","GAS",1284,1
"101","GAS",2274,2
"101","GAS",1640,1
"101","GAS",2198,1
"101","GAS",2256,1
"101","GAS",1864,1
"101","ELECTRIC",2332,1
"101","GAS",1482,1
"101","GAS",2649,1
"101","GAS",2040,1
"101","GAS",2080,2
"101","GAS",2172,1
"101","GAS",2427,1
"101","GAS",1928,1
"101","GAS",2896,1
"101","GAS",2450,1
"101","ELECTRIC",2848,1.7
"101","GAS",1673,1
"101","GAS",2276,1
"101","GAS",1672,1
"101","GAS",1672,1
"101","GAS",1720,1
"101","OIL",2476,1
"101","GAS",1883,1
"959","GAS",3004,1
"101","GAS",3088,1
"101","GAS",1870,1
"101","GAS",1776,1
"101","GAS",2946,1
"101","GAS",1850,1
"101","GAS",1820,1
"101","GAS",1852,1
"101","OIL",1512,1.7
"101","GAS",1772,1
"101","GAS",1892,1
"101","GAS",2925,1
"101","GAS",1808,1
"101","GAS",1870,1
"101","GAS",1768,1
"101","GAS",1970,1
"101","GAS",2540,1
"101","GAS",2570,1
"101","GAS",1778,1
"101","GAS",1744,1
"101","GAS",1630,1
"101","GAS",1776,1
"101","GAS",2640,1
"101","GAS",3128,1
"101","GAS",2106,1
"101","GAS",2174,1
"101","OIL",2275,1.7
"101","GAS",1851,1
"101","GAS",1568,2
"101","GAS",2164,1
"101","GAS",1774,1
"101","GAS",2879,1
"101","GAS",2365,1
"101","GAS",1554,1
"101","GAS",1798,1
"101","GAS",1992,1
"101","GAS",1868,1
"101","GAS",3322,1
"101","GAS",1384,1
"101","GAS",1488,1.7
"101","GAS",1604,1
"101","GAS",1991,1
"101","GAS",1512,1
"101","GAS",1824,1
"101","GAS",2784,1
"101","GAS",2476,1
"101","OIL",1824,1
"101","GAS",1862,1
"101","GAS",1580,1
"101","OIL",1872,1
"101","GAS",1572,1
"101","GAS",1224,1
"101","GAS",1672,1
"101","GAS",2640,2
"101","GAS",1948,1
"101","GAS",3260,1
"101","GAS",3904,2
"101","GAS",2640,2
"101","GAS",2744,2
"101","GAS",2534,2
"101","GAS",2640,2
"101","GAS",2957,2
"101","GAS",3637,2
"101","GAS",3547,2
"101","GAS",2734,2
"101","OIL",3150,1.7
"101","OIL",3880,2
"101","OIL",3040,2
"101","OIL",3266,1.7
"101","GAS",3232,2
"101","OIL",2971,1.7
"101","OIL",2854,2
"101","GAS",1712,1
"101","GAS",2120,2
"101","GAS",2244,1
"101","GAS",1248,1
"101","GAS",1230,1
"101","GAS",1811,1
"101","GAS",960,1
"101","GAS",2118,2
"101","GAS",3392,1
"101","GAS",3324,1
"101","GAS",1672,1
"101","GAS",2904,1
"101","GAS",2004,1
"101","GAS",3119,1
"101","GAS",1463,1
"101","GAS",1463,1
"101","GAS",2812,1
"101","GAS",1880,1
"101","GAS",1128,1
"101","GAS",2670,2
"101","GAS",4540,2
"101","GAS",1612,1
"101","GAS",1620,1
"101","OIL",1736,1
"101","GAS",1944,1
"101","GAS",2998,1
"101","OIL",2600,1
"101","GAS",1512,1
"101","OIL",2272,2
"101","OIL",2034,2
"101","OIL",2348,2
"101","OIL",3585,2
"101","OIL",1764,1.7
"101","OIL",3647,1.7
"101","OIL",2220,2
"101","OIL",1775,1.7
"101","OIL",2492,1
"101","GAS",1676,1
"101","GAS",2052,2
"101","OIL",1226,2
"101","GAS",1656,1
"101","GAS",2800,2
"101","GAS",1512,1.7
"101","OIL",1512,1.7
"101","GAS",1920,2
"101","GAS",2288,2
"101","GAS",2112,1
"101","GAS",2921,1
"101","OIL",1196,1
"101","OIL",1954,1
"101","GAS",2264,1
"101","OIL",1636,1
"101","GAS",4017,2
"101","GAS",1261,1
"101","GAS",1856,1
"101","GAS",1950,1
"101","GAS",2222,1
"101","GAS",1804,1
"101","GAS",1856,1
"101","GAS",2396,1
"101","GAS",1964,1
"101","GAS",1856,1
"101","GAS",2266,1
"101","GAS",2652,1
"101","GAS",1936,1
"101","GAS",1676,1
"101","GAS",2728,1
"101","GAS",1841,1
"101","GAS",1784,1
"101","GAS",1868,1
"101","GAS",2422,1
"101","GAS",1772,1
"101","GAS",2138,1
"101","GAS",1964,1
"101","GAS",1982,1
"101","GAS",2196,1
"101","GAS",2096,1
"101","GAS",2023,1
"101","GAS",2242,1
"101","OIL",1198,1.7
"101","GAS",1796,1
"101","GAS",2012,1
"101","GAS",2786,2
"101","GAS",3796,2
"101","GAS",1968,1
"101","GAS",1918,1
"101","GAS",2332,1
"101","GAS",1796,1
"101","GAS",1898,2
"101","OIL",3412,2
"101","GAS",1308,1
"101","OIL",1092,1
"101","GAS",1284,1
"101","OIL",1672,1
"101","OIL",2172,1
"101","GAS",1956,1
"101","OIL",2070,1.7
"101","OIL",1828,1
"101","GAS",2000,2
"101","OIL",1344,1
"101","GAS",2240,2
"101","GAS",1494,1
"101","GAS",2542,1
"101","GAS",1664,2
"101","OIL",2012,1
"101","GAS",2308,1
"101","OIL",3833,2
"101","OIL",1678,1
"101","OIL",3256,1
"101","OIL",2624,1
"101","OIL",2044,1
"101","OIL",2272,1
"101","GAS",3271,2
"101","GAS",4216,2
"101","GAS",1419,1
"101","OIL",1627,1
"101","OIL",1852,1.7
"101","GAS",2224,1
"101","GAS",2138,1
"101","GAS",2148,1
"101","GAS",2986,2
"101","GAS",2018,1
"101","OIL",2722,1.7
"101","OIL",2016,2
"101","OIL",5421,2
"101","OIL",3728,1
"101","GAS",2360,1
"101","GAS",2096,1
"101","OIL",2135,2
"101","GAS",1862,2
"101","GAS",2002,1
"101","GAS",2222,1
"101","GAS",2076,1
"101","GAS",2320,1
"101","GAS",1380,1
"101","GAS",3820,2
"101","GAS",2620,1
"101","GAS",2624,1
"101","GAS",2156,1
"101","GAS",1736,1
"101","GAS",2304,1
"101","GAS",3888,1
"101","GAS",2028,1
"101","GAS",1952,1
"101","GAS",1652,1
"101","GAS",1928,1
"101","GAS",2718,1
"101","GAS",2000,1
"101","GAS",2460,1
"101","GAS",2811,1
"101","GAS",1404,1
"101","OIL",1704,1
"101","GAS",1400,1
"101","GAS",2424,2
"101","GAS",2014,2
"101","GAS",2208,2
"101","GAS",2792,2
"101","GAS",2143,2
"101","GAS",3079,2
"101","GAS",2876,1
"101","GAS",1596,1.7
"101","GAS",2484,2
"101","OIL",2329,1.7
"101","GAS",2795,1
"101","GAS",3109,2
"101","OIL",2238,2
"101","OIL",2314,1
"101","GAS",2332,1
"101","GAS",2942,2
"101","GAS",3032,2
"101","GAS",2832,2
"101","GAS",2708,2
"101","GAS",4841,2
"101","GAS",2344,2
"101","GAS",2944,2
"101","GAS",2344,2
"101","GAS",3414,1
"101","GAS",1412,1
"101","GAS",1092,1
"101","GAS",1092,1
"101","GAS",2226,2
"101","GAS",1092,1
"101","GAS",1988,1
"101","GAS",1302,1
"101","GAS",1092,1
"101","GAS",1092,1
"101","OIL",1360,1
"101","OIL",1296,1
"101","OIL",3975,1.7
"101","OIL",4194,2
"101","OIL",1711,1
"101","OIL",1415,1
"101","OIL",1415,1
"101","OIL",1415,1
"101","OIL",2138,2
"101","OIL",2302,1
"101","OIL",1395,1
"101","ELECTRIC",2512,2
"101","OIL",3028,2
"101","OIL",1700,1
"101","OIL",1866,1
"101","PROPANE-TANK",3217,2
"959","GAS",2607,1
"101","OIL",2590,2
"101","OIL",2392,1
"101","OIL",1703,1
"929","OIL",1520,1
"101","OIL",1360,1
"101","OIL",1450,1
"101","ELECTRIC",2144,2
"101","PROPANE-TANK",1415,1
"101","OIL",1720,1
"101","OIL",1450,1
"101","OIL",2606,2
"101","OIL",1200,1
"101","OIL",1946,1
"101","OIL",1396,1
"101","PROPANE-TANK",4193,1
"101","OIL",1008,1
"101","OIL",1776,1
"101","OIL",2886,2
"101","OIL",2768,1.7
"101","OIL",2190,1
"101","OIL",2442,1.7
"101","OIL",2568,2
"101","OIL",2598,2
"101","OIL",3654,2
"101","ELECTRIC",2372,1
"101","OIL",2752,2
"101","OIL",3235,1
"101","OIL",2864,2
"101","OIL",2416,2
"101","GAS",3052,2
"101","OIL",3586,1.7
"101","OIL",2816,2
"101","OIL",2864,2
"101","OIL",2896,2
"101","OIL",3528,2
"101","OIL",3599,2
"101","OIL",2504,2
"101","OIL",3824,2
"101","OIL",2880,2
"101","OIL",3888,2
"101","OIL",4762,2
"101","OIL",2640,2
"101","OIL",3343,2
"101","OIL",3343,2
"101","OIL",3221,2
"101","OIL",3033,2
"101","OIL",2836,2
"101","OIL",3511,2
"101","OIL",2840,2
"101","OIL",2420,2
"101","OIL",3224,2
"101","OIL",3544,2
"101","OIL",2812,2
"101","OIL",3351,2
"101","OIL",2380,2
"101","OIL",3352,2
"101","OIL",2530,2
"101","OIL",2722,2
"101","OIL",3178,2
"101","OIL",2611,2
"101","OIL",2752,2
"101","OIL",4604,2
"101","OIL",2052,2
"101","OIL",2128,2
"101","OIL",2052,2
"101","OIL",3350,2
"101","OIL",3491,2
"101","OIL",3041,2
"101","OIL",2922,2
"101","OIL",3443,2
"101","OIL",2266,2
"101","OIL",2592,2
"101","OIL",1979,1
"101","OIL",3984,3
"101","OIL",2200,2
"101","GAS",3712,2
"101","OIL",3362,2
"101","OIL",2256,2
"101","OIL",2284,2
"101","OIL",2142,1.7
"101","OIL",3552,2
"101","OIL",2670,2
"101","OIL",2580,2
"101","OIL",2150,1
"101","OIL",4011,2
"101","OIL",4027,2
"101","GEO THERMAL",5056,2
"101","OIL",2364,1.7
"101","OIL",4074,2
"101","OIL",3356,2
"101","OIL",2080,2
"101","OIL",2636,2
"101","GAS",2320,2
"101","OIL",2364,2
"101","OIL",2429,1.7
"101","OIL",2054,1.7
"101","PROPANE-TANK",2940,2
"101","OIL",2240,2
"101","GAS",2860,1
"101","OIL",3650,2
"101","OIL",2732,2
"101","OIL",3706,2
"101","OIL",3456,2
"101","OIL",2240,2
"101","PROPANE-TANK",1979,1.7
"101","OIL",2766,2
"101","OIL",4580,1.7
"101","OIL",3754,2
"101","OIL",3116,2
"101","OIL",3647,2
"101","OIL",3208,2
"101","OIL",2952,2
"101","OIL",3500,2
"101","OIL",5220,2.7
"101","OIL",2936,1
"101","OIL",1500,1
"101","OIL",1992,1.7
"101","OIL",2464,2
"101","OIL",2980,2
"101","OIL",2368,2
"101","OIL",3348,2
"101","OIL",3529,2
"101","OIL",4355,1
"101","OIL",3552,2
"101","OIL",2752,2
"101","OIL",5958,1
"101","OIL",3364,2
"101","OIL",3168,2
"101","OIL",3314,2
"101","GAS",2808,1
"101","OIL",2112,1.7
"101","OIL",1890,1.7
"101","GAS",3213,1
"101","GAS",1999,1
"101","GAS",1688,1
"101","GAS",1664,1
"101","GAS",2412,1
"101","GAS",1672,1
"101","GAS",2540,1
"101","GAS",1296,1
"101","GAS",3656,1
"101","GAS",1532,1
"101","GAS",2182,1
"101","GAS",2600,1
"101","GAS",2432,1
"101","GAS",1844,1
"101","GAS",2195,1
"101","GAS",1532,1
"101","GAS",1836,1
"101","GAS",1496,1
"101","GAS",1610,1
"101","GAS",1344,1
"101","GAS",1680,1
"101","GAS",1895,1
"101","GAS",1104,1
"101","GAS",960,1
"101","GAS",3911,1
"101","GAS",1496,1
"101","GAS",1948,1
"101","GAS",1896,1
"101","GAS",2280,1
"101","GAS",1104,1
"101","ELECTRIC",1512,1
"101","ELECTRIC",1608,1
"101","ELECTRIC",2135,1
"101","GAS",2404,1
"101","GAS",1463,1
"101","GAS",1607,1
"101","GAS",1104,1
"101","GAS",2720,1
"101","GAS",3416,2
"101","OIL",2968,1
"101","GAS",2332,1
"101","GAS",3088,2
"101","OIL",1584,1
"101","OIL",2596,1
"101","GAS",2808,1
"101","GAS",2756,1
"101","GAS",2184,1
"101","GAS",2260,1
"101","GAS",3388,1
"101","GAS",2200,1
"101","GAS",3506,1
"101","GAS",2372,1
"101","GAS",1920,1
"101","GAS",2216,1
"101","GAS",2188,1
"101","GAS",2088,1
"101","GAS",1392,1
"101","GAS",960,1
"101","GAS",1624,1
"101","GAS",1104,1
"101","GAS",2014,2
"101","GAS",1890,1
"101","GAS",2474,2
"101","GAS",2664,2
"101","GAS",3148,2
"101","GAS",2918,1
"101","GAS",1487,1
"101","GAS",2014,2
"101","GAS",1680,1
"101","GAS",1344,1
"101","GAS",2520,1
"101","GAS",1608,1
"101","GAS",1487,1
"101","GAS",2052,1
"101","GAS",1892,1
"101","GAS",1562,1
"101","GAS",2014,2
"101","GAS",2280,1
"101","GAS",2082,1
"101","GAS",1296,1
"101","GAS",1852,1
"101","GAS",2884,1
"101","GAS",2512,1
"101","GAS",2988,1
"101","GAS",3004,2
"101","GAS",1612,1
"101","GAS",3236,2
"101","GAS",1895,1
"101","GAS",2531,1
"101","GAS",2752,1
"101","GAS",1804,1
"101","GAS",1858,2
"101","GAS",2106,1
"101","GAS",1392,1
"101","GAS",2316,1
"101","GAS",1596,1
"101","GAS",1672,1
"101","GAS",1892,1
"101","GAS",2952,1
"101","GAS",960,1
"101","GAS",2031,1
"101","ELECTRIC",3250,1
"101","OIL",2358,1.7
"101","GAS",2532,2
"101","GAS",2073,1
"101","GAS",1958,1
"101","GAS",1628,1
"101","GAS",3614,1
"101","GAS",2458,1
"101","GAS",2017,1
"101","GAS",2717,1
"101","GAS",1996,1
"101","GAS",2618,1
"101","GAS",2080,2
"101","GAS",2801,1
"101","GAS",1340,1
"101","GAS",2028,1
"101","GAS",2364,1
"101","GAS",3935,1.7
"101","GAS",1702,1
"101","OIL",1693,1.7
"101","OIL",1716,1.7
"101","GAS",1560,1.7
"101","OIL",2138,1
"101","OIL",936,1
"101","OIL",2314,1
"101","OIL",2520,2
"101","OIL",2096,2
"101","GAS",3232,2
"101","OIL",3688,2
"101","OIL",3563,1
"101","GAS",2222,2
"101","GAS",1944,2
"101","GAS",3460,1
"101","GAS",1192,1
"101","OIL",1456,1
"101","GAS",1866,1
"101","OIL",1440,2
"101","OIL",2264,2
"101","GAS",2880,2
"959","GAS",2626,1
"101","GAS",1496,1
"101","GAS",1744,1
"101","GAS",2496,1
"101","GAS",2720,1
"101","GAS",1546,1
"101","GAS",1196,1
"101","GAS",1812,1
"101","ELECTRIC",1911,1
"101","GAS",1920,2
"101","GAS",960,1
"101","GAS",1572,1
"101","GAS",1496,1
"101","GAS",2247,1
"101","GAS",1104,1
"101","GAS",1502,1
"101","GAS",2025,1
"101","GAS",1664,1
"101","GAS",1912,1
"101","GAS",960,1
"101","GAS",2848,1
"101","GAS",2456,1
"101","GAS",2014,2
"101","GAS",2720,1
"101","GAS",2684,1
"101","GAS",1842,1
"101","GAS",1960,1
"101","GAS",1440,1
"101","GAS",1906,1
"101","GAS",1908,1
"101","GAS",3432,1
"101","OIL",2356,1
"101","GAS",2262,2
"101","GAS",2034,1
"101","GAS",3862,1
"101","GAS",2036,1
"101","GAS",2808,1
"101","GAS",2468,1
"101","GAS",2280,1.7
"101","GAS",2050,1
"101","GAS",1578,1
"101","GAS",2294,1
"101","GAS",1986,1
"101","GAS",3416,1
"101","GAS",3364,2
"101","GAS",1056,1
"101","GAS",2578,2
"101","OIL",1786,1
"101","OIL",2470,1
"101","OIL",2970,2
"101","OIL",2148,2
"101","OIL",3336,1
"101","OIL",2126,1
"101","OIL",2542,2
"101","GAS",2300,1
"101","GAS",2618,2
"101","GAS",3148,2
"101","GAS",2218,1
"101","GAS",3420,1
"101","GAS",4058,2
"101","OIL",3194,2
"101","GAS",2772,1
"101","GAS",1980,1
"101","GAS",1824,2
"101","GAS",2382,1
"101","GAS",4302,2
"101","GAS",2324,2
"101","GAS",3026,2
"101","GAS",3236,1
"101","GAS",2408,2
"101","GAS",2450,2
"101","GAS",3020,1
"101","GAS",2766,2
"101","GAS",3180,2
"101","ELECTRIC",1591,2
"101","OIL",2108,2
"101","OIL",1700,2
"101","OIL",2240,1
"101","OIL",1976,2
"101","OIL",2394,1
"101","GAS",1966,1
"101","OIL",3501,1
"101","OIL",1868,1
"101","OIL",1740,1
"101","OIL",2264,1
"101","OIL",2464,1
"101","OIL",1784,1
"101","OIL",1864,1
"101","OIL",2083,1
"101","OIL",2536,1
"101","OIL",1844,1
"101","OIL",1776,2
"101","OIL",2202,1
"101","OIL",1700,1
"101","OIL",2432,1
"101","GAS",2346,1
"101","GAS",2674,2
"101","GAS",2424,1
"101","GAS",2474,1
"101","GAS",3374,1
"101","GAS",1796,1
"101","GAS",2360,1
"101","GAS",1820,1
"101","GAS",3296,1
"101","GAS",2060,1
"101","GAS",1854,1
"101","GAS",2498,1
"101","GAS",2156,1
"101","GAS",3000,1
"101","OIL",3183,1
"101","GAS",1916,1
"101","GAS",1768,1
"101","GAS",1352,1
"101","GAS",2260,2
"101","GAS",1910,1
"101","ELECTRIC",2016,2
"101","GAS",1772,1
"959","GAS",2160,1
"101","GAS",1724,1
"101","GAS",1840,1
"101","GAS",2620,1
"101","GAS",2256,1
"101","GAS",1912,1
"101","GAS",2014,1
"101","GAS",2264,1
"101","GAS",1332,1
"101","GAS",2148,1
"101","GAS",1104,1
"101","GAS",2082,1
"101","GAS",2578,1
"101","GAS",2758,1
"101","GAS",1843,1
"101","OIL",2164,1
"101","GAS",2184,1
"101","OIL",2218,1
"101","GAS",2604,1
"101","GAS",1756,1
"101","OIL",1886,1
"101","OIL",2248,1
"101","OIL",1720,1
"101","GAS",2190,2
"101","GAS",2284,1
"101","GAS",1980,1
"101","OIL",1938,1.7
"101","GAS",1344,1.7
"101","GAS",1440,1.7
"101","GAS",1344,1.7
"101","GAS",2004,1.7
"101","GAS",1652,1
"101","GAS",1992,2
"101","GAS",1878,1
"101","GAS",1710,1
"101","GAS",3218,1
"101","GAS",1835,2
"101","OIL",2517,1
"101","GAS",1170,1
"101","GAS",1604,1
"101","GAS",1920,2
"101","GAS",1868,1
"101","GAS",1822,1
"101","GAS",1652,1.7
"101","GAS",1680,1.7
"101","GAS",1828,1
"101","GAS",1560,1
"101","GAS",2040,1
"101","GAS",1210,1
"101","GAS",2628,1
"101","GAS",1210,1
"101","GAS",2252,1
"101","OIL",2784,1
"101","OIL",1834,1
"101","OIL",1556,1
"101","OIL",1724,1
"101","OIL",1840,1
"101","OIL",1968,1
"101","OIL",1812,1
"101","OIL",3028,1
"101","OIL",1980,1
"101","OIL",2596,1
"101","OIL",1632,2
"101","OIL",1976,2
"101","OIL",1484,1
"101","OIL",2024,1
"101","OIL",1744,1
"101","OIL",2720,1
"101","OIL",1484,1
"101","OIL",1786,1
"101","OIL",1826,1
"101","OIL",1564,1
"101","OIL",1484,1
"101","OIL",2364,1
"101","OIL",1724,1
"101","OIL",1724,1
"101","OIL",2870,1
"101","OIL",2228,2
"101","OIL",1720,1
"101","OIL",2284,1
"101","OIL",1720,1
"101","OIL",1804,1
"101","OIL",1620,1
"101","OIL",2356,1
"101","OIL",1652,1
"101","OIL",2268,1
"101","OIL",3226,1
"101","OIL",3452,1
"101","OIL",2200,1
"101","OIL",2144,1
"101","OIL",2304,1
"101","OIL",1720,1
"101","OIL",2084,1
"101","OIL",1760,1
"101","OIL",1672,1
"101","OIL",2716,1
"101","OIL",1804,1
"101","OIL",1696,1
"101","OIL",1868,1
"101","OIL",1672,1
"101","OIL",1484,1
"101","OIL",1720,1
"101","OIL",1840,1
"101","OIL",1444,1
"101","OIL",1304,1
"101","OIL",2044,1
"101","ELECTRIC",1720,1
"101","OIL",1292,1
"101","OIL",1720,1
"101","OIL",1624,1
"101","OIL",1944,1
"101","OIL",1544,1
"101","OIL",2852,1
"101","OIL",2744,1
"101","OIL",1568,1
"101","OIL",2492,1
"101","PROPANE-TANK",2005,1
"101","OIL",1944,1
"101","OIL",1720,1
"101","OIL",1548,1
"101","OIL",2160,1
"101","OIL",1720,1
"101","OIL",1888,1
"101","OIL",2216,1
"101","OIL",2292,1
"101","OIL",1720,1
"101","OIL",1528,1
"101","OIL",1594,1
"101","OIL",1604,1
"101","OIL",2200,1
"101","OIL",2692,1
"101","OIL",2728,1
"101","OIL",1576,1
"101","OIL",1720,1
"101","OIL",1764,1
"101","OIL",2044,1
"101","OIL",2044,1
"101","OIL",2104,2
"101","GAS",1336,1
"101","GAS",2268,1
"101","OIL",1960,1
"101","OIL",3210,2
"101","OIL",2488,1
"101","OIL",2566,1
"101","OIL",1672,1
"101","OIL",2152,1
"101","OIL",2412,1
"101","OIL",1720,1
"101","OIL",1944,1
"101","OIL",1900,1
"101","OIL",1484,1
"101","OIL",1720,1
"101","OIL",2438,1
"101","OIL",2326,1
"101","OIL",2360,1
"101","OIL",3962,1
"101","OIL",3135,1
"101","OIL",1944,1
"101","OIL",2790,2
"101","OIL",1720,1
"101","OIL",2406,1
"101","OIL",1944,1
"101","OIL",2248,1
"101","OIL",1940,1
"101","OIL",1864,1
"101","OIL",1484,1
"101","OIL",1944,1
"101","OIL",1720,1
"101","OIL",1916,1
"101","OIL",1484,1
"101","OIL",1768,1
"101","OIL",2280,1
"101","OIL",3103,1
"101","ELECTRIC",1490,1
"101","GAS",1908,1
"101","GAS",3728,2
"101","GAS",2568,2
"101","GAS",2912,2
"101","GAS",2469,2
"101","GAS",2720,2
"101","GAS",3244,1
"101","GAS",3532,2
"101","GAS",1704,1
"101","GAS",912,1
"101","GAS",3503,1
"101","GAS",2156,1
"101","GAS",1680,1
"101","GAS",1490,1
"101","GAS",2060,1
"101","GAS",1582,1
"101","GAS",1658,1
"101","GAS",1920,2
"101","GAS",5372,2
"101","GAS",1908,1
"101","GAS",1562,1
"101","GAS",1430,2
"101","GAS",2144,1
"101","GAS",1210,1
"101","GAS",1456,1.7
"101","GAS",1244,1
"101","GAS",1302,1
"101","GAS",1924,1
"101","GAS",1656,1
"101","GAS",1560,1
"101","GAS",2144,2
"101","OIL",1827,2
"101","OIL",1504,1
"101","OIL",3100,2
"101","OIL",2168,2
"101","OIL",1696,1
"101","OIL",1506,1
"101","OIL",1804,1
"101","OIL",1232,1
"101","OIL",2442,1
"101","OIL",1161,1
"101","OIL",1464,1
"101","OIL",2942,2
"101","PROPANE-TANK",1360,1
"101","OIL",1360,1
"101","OIL",1415,1
"101","OIL",2542,1
"101","OIL",1576,1
"101","OIL",1360,1
"101","OIL",1360,1
"101","OIL",1008,1
"101","OIL",1520,1
"101","OIL",2956,2
"125","OIL",1968,1
"101","OIL",1168,1
"101","OIL",1680,1
"101","OIL",1656,1
"101","GAS",1360,1
"101","OIL",1527,1
"101","ELECTRIC",1328,1
"101","OIL",3094,2
"101","OIL",1730,1
"101","OIL",2055,1
"101","OIL",2685,1
"101","OIL",2632,2
"101","OIL",1384,1
"101","OIL",1728,1
"101","OIL",1806,1
"101","OIL",1508,1
"101","OIL",1824,1
"101","OIL",1272,1
"101","OIL",1424,1
"101","OIL",1360,1
"101","ELECTRIC",2155,1
"101","OIL",3818,2
"101","OIL",1392,1
"101","OIL",2336,1
"101","OIL",2536,1
"101","ELECTRIC",1008,1
"101","OIL",1440,1
"101","OIL",2520,1
"101","GAS",1492,1
"101","GAS",1360,1
"101","OIL",1456,1
"101","GAS",2336,1.7
"101","OIL",1540,2
"101","GAS",1866,1
"101","GAS",1468,1
"101","GAS",2586,2
"101","GAS",1028,1
"101","GAS",2640,1
"101","GAS",1732,1
"101","GAS",1780,1
"101","GAS",1368,1
"101","GAS",1608,1
"101","GAS",912,1
"101","OIL",1520,1
"101","OIL",2032,1
"101","OIL",1696,1
"101","ELECTRIC",1760,1
"101","OIL",1544,1
"101","ELECTRIC",1368,1
"101","OIL",1888,1
"101","OIL",1428,1.7
"101","OIL",1984,1.7
"101","OIL",2288,1.7
"101","GAS",1912,1
"101","OIL",2004,1
"101","OIL",1799,1
"101","OIL",1576,1
"101","OIL",2944,2
"101","OIL",2700,1
"101","OIL",1175,1
"101","OIL",2872,1
"101","OIL",2968,2
"101","OIL",1808,1
"101","OIL",1711,1
"101","OIL",1360,1
"101","OIL",2677,1.7
"959","OIL",2013,1
"101","OIL",1008,1
"101","OIL",1520,1
"101","OIL",1008,1
"101","OIL",1440,1
"101","OIL",1008,1
"101","OIL",1360,1
"101","OIL",1335,1
"101","OIL",996,1
"101","OIL",1978,1
"101","OIL",1703,1
"101","OIL",1720,1
"101","OIL",1008,1
"101","OIL",960,1
"101","OIL",1926,1
"101","OIL",1312,1
"101","OIL",1520,1
"101","OIL",2064,1
"101","OIL",2078,1
"101","GAS",1703,1
"101","OIL",2080,1
"101","OIL",1520,1
"101","OIL",1744,1
"101","OIL",1264,1
"101","OIL",1703,1
"101","OIL",2145,1
"101","OIL",1979,1
"101","ELECTRIC",1008,1
"101","OIL",2044,1
"101","OIL",1200,1
"101","OIL",1681,1
"101","OIL",1008,1
"101","OIL",1360,1
"101","OIL",1360,1
"101","OIL",1703,1
"101","OIL",1360,1
"101","OIL",1712,1
"101","OIL",2592,2
"101","GAS",1804,1
"101","OIL",1392,1
"101","OIL",1168,1
"101","OIL",1528,1
"101","OIL",2323,2
"101","OIL",2128,1
"101","OIL",1703,1
"101","OIL",3147,1
"101","OIL",3120,2
"101","OIL",2905,2
"101","OIL",2885,1
"101","PROPANE-TANK",1415,1
"101","OIL",1264,1
"101","OIL",1678,1
"101","OIL",1464,1
"101","OIL",1632,1
"101","OIL",2263,1
"101","OIL",1600,1
"101","ELECTRIC",1482,1
"101","OIL",1881,1.7
"101","OIL",1012,1
"101","OIL",1611,1
"101","OIL",2732,2
"101","OIL",2030,1.7
"101","GAS",2118,1
"101","GAS",1803,1
"101","GAS",1857,1
"101","GAS",2813,1
"101","GAS",2794,1
"101","GAS",2318,1
"101","GAS",2549,1
"101","OIL",2615,1
"101","GAS",1441,1
"101","GAS",2144,1
"101","GAS",1991,1
"101","OIL",1638,1.7
"101","OIL",960,1
"101","COAL",4749,2
"101","GAS",1866,1
"101","OIL",3040,1
"101","OIL",2228,2
"101","OIL",2018,2
"101","GAS",1976,2
"101","OIL",2536,2
"101","OIL",2117,1.7
"101","OIL",1068,1
"101","OIL",2014,1
"101","OIL",2389,1
"101","GAS",1960,1
"101","GAS",2279,1
"101","GAS",2805,1
"101","GAS",2609,2
"101","GAS",3990,1
"101","GAS",2060,1
"101","GAS",2598,1
"101","OIL",1975,1
"101","OIL",1692,1
"101","GAS",2544,1
"101","GAS",1648,1
"101","OIL",2576,2
"101","OIL",1595,1
"101","OIL",1143,1
"101","GAS",4022,1
"101","GAS",2428,2
"101","OIL",1356,1
"101","OIL",1282,1
"101","OIL",1491,1
"101","OIL",2668,1.7
"101","OIL",1732,1
"101","OIL",1380,1
"101","OIL",1252,1
"101","OIL",1204,1
"101","OIL",2624,2
"101","OIL",1808,1
"101","OIL",1204,1
"101","OIL",1382,1
"101","OIL",1492,1
"101","OIL",1174,1
"101","OIL",1282,1
"101","OIL",1256,1
"101","OIL",1139,1
"101","OIL",1118,1
"101","OIL",1224,1
"101","OIL",1873,1.7
"101","OIL",1008,1
"101","OIL",2103,1
"101","OIL",2724,1
"101","OIL",1703,1
"101","OIL",1008,1
"101","OIL",2080,1
"101","OIL",1950,1
"101","OIL",1368,1
"101","OIL",1656,1
"101","OIL",1715,1
"101","ELECTRIC",1703,1
"101","OIL",1524,1
"101","OIL",1415,1
"101","OIL",1600,1
"101","OIL",1680,1
"101","OIL",1703,1
"101","OIL",1724,1
"101","OIL",2752,2
"101","GAS",3576,2
"101","OIL",1415,1
"101","OIL",1703,1
"101","OIL",1008,1
"101","ELECTRIC",1456,1
"101","OIL",1392,1
"101","OIL",2063,1
"101","GAS",1432,1
"101","OIL",2444,1
"101","OIL",1584,1
"101","OIL",3314,2
"101","OIL",1456,1
"101","OIL",1998,1
"101","OIL",2137,1.7
"101","OIL",1946,2
"101","OIL",1398,1
"101","OIL",1940,2
"101","OIL",1605,1
"101","OIL",2693,2
"101","OIL",1175,1
"101","GAS",2490,1
"101","OIL",1415,1
"101","OIL",3995,2
"101","OIL",2412,1
"101","OIL",1660,1
"101","OIL",2896,2
"101","OIL",1660,1
"101","OIL",1960,1
"101","GAS",1324,1
"101","GAS",1383,1
"101","GAS",1946,1
"101","OIL",1367,1
"101","OIL",1703,1
"101","OIL",1344,1
"101","GAS",1615,1
"101","OIL",2000,1
"101","GAS",1096,1
"101","OIL",1528,1
"101","ELECTRIC",1648,1
"101","OIL",1360,1
"101","OIL",1952,1
"101","OIL",1672,1
"101","OIL",1888,1
"101","OIL",1360,1
"101","OIL",1703,1
"101","GAS",2240,2
"101","GAS",1912,1
"101","GAS",2292,1
"101","GAS",2144,1
"101","GAS",2282,1
"101","GAS",2356,1
"101","GAS",1968,1
"101","GAS",2456,1
"101","GAS",1445,1
"101","GAS",1599,1
"101","GAS",1371,1
"101","GAS",1175,1
"101","GAS",2861,1.7
"101","OIL",1293,1
"101","OIL",1736,1
"101","OIL",2080,2
"101","OIL",2922,2
"101","OIL",3082,1.7
"101","OIL",768,1
"101","OIL",2048,1
"101","GAS",2950,1
"101","GAS",2132,2
"101","OIL",1947,1
"104","OIL",1800,1
"101","OIL",1912,1
"101","GAS",2072,1
"101","OIL",2346,1
"101","OIL",1976,2
"101","OIL",2786,1
"101","OIL",1163,1
"101","OIL",2866,2
"101","OIL",1942,2
"101","OIL",3040,2
"101","OIL",2404,1.7
"101","OIL",1296,1
"101","OIL",1694,1
"101","OIL",2480,1
"101","OIL",1908,1
"101","OIL",2112,1.7
"101","OIL",1659,2
"101","GAS",3080,1
"101","OIL",2046,2
"101","ELECTRIC",2004,1
"101","OIL",2406,1
"101","OIL",1758,1
"101","OIL",2606,1
"101","OIL",1210,1
"101","OIL",4452,2
"101","GAS",1371,1
"101","GAS",1344,1
"101","GAS",1371,1
"101","GAS",1175,1
"101","GAS",2210,1
"101","GAS",2004,1
"101","GAS",2316,1
"101","GAS",1150,1
"101","GAS",1831,1
"101","GAS",1175,1
"101","GAS",1175,1
"101","GAS",1175,1
"101","GAS",1526,1
"101","GAS",2328,1
"101","GAS",1652,1
"101","GAS",2160,1
"101","GAS",1180,1
"101","GAS",2184,1
"101","OIL",1308,2
"101","OIL",1402,1
"101","OIL",1470,1.7
"101","OIL",1437,1
"101","OIL",2503,1.7
"101","OIL",1748,1
"101","OIL",748,1
"101","OIL",2909,1
"101","OIL",1266,1
"101","GAS",2452,2
"101","GAS",2692,2
"101","GAS",3370,2
"101","GAS",3362,2
"101","GAS",2898,2
"101","GAS",3688,2
"101","GAS",2718,2
"101","GAS",2336,2
"101","OIL",2174,1.7
"101","GAS",3833,1
"101","GAS",1161,1
"101","OIL",2022,2
"101","OIL",1609,1
"101","OIL",1521,1
"101","OIL",1456,1.7
"101","OIL",3336,2
"101","OIL",1496,1
"101","OIL",2924,2
"101","OIL",1572,1.7
"101","OIL",1725,1
"101","OIL",2696,1
"101","OIL",2226,1.7
"101","OIL",1526,1
"101","OIL",3576,1
"101","GAS",2354,1
"101","GAS",1640,1
"101","GAS",1759,1
"101","GAS",4504,2
"101","GAS",2014,2
"101","OIL",1896,1
"101","OIL",3323,1
"101","OIL",800,1
"101","OIL",3244,2
"101","OIL",2758,2
"101","GAS",2014,2
"101","GAS",1372,1
"101","GAS",1512,1
"101","GAS",1496,1
"101","GAS",1848,1
"101","GAS",2508,2
"101","GAS",2434,1
"101","GAS",3080,2
"101","GAS",2200,1
"101","OIL",1569,1.7
"101","OIL",1658,1
"101","GAS",1518,1
"101","GAS",2430,1
"101","GAS",1786,1
"101","GAS",1372,1
"101","GAS",1780,1
"101","GAS",1504,1
"101","GAS",1586,1
"101","GAS",1156,1
"101","GAS",1372,1
"101","GAS",1652,1
"101","GAS",1748,1
"101","GAS",1960,2
"101","GAS",1683,1
"101","GAS",2382,1
"101","GAS",1560,1
"101","GAS",1500,1
"101","GAS",960,1
"101","GAS",3289,1
"101","GAS",2274,1
"101","GAS",1518,1
"101","GAS",2972,1
"101","GAS",2048,1
"101","GAS",1652,1
"101","GAS",1702,1
"101","GAS",1812,1
"101","GAS",2444,1
"101","GAS",2596,1
"101","GAS",1496,1
"101","GAS",1944,1
"101","GAS",1372,1
"101","GAS",1512,1
"101","GAS",1744,1
"101","GAS",1624,1
"101","GAS",2322,2
"101","GAS",2288,1
"101","GAS",2192,1
"101","OIL",1536,1
"101","GAS",1463,1
"101","GAS",1936,1
"101","GAS",1582,1
"101","GAS",1704,1
"101","GAS",1540,1
"101","GAS",1608,1
"101","GAS",1672,1
"101","GAS",2232,1
"101","GAS",2943,1
"101","GAS",2344,1
"101","GAS",2048,1
"101","GAS",2384,1
"101","GAS",2810,1
"101","GAS",1104,1
"101","GAS",2232,1
"101","GAS",1372,1
"101","GAS",1612,1
"101","GAS",3010,1
"101","GAS",2204,1
"101","GAS",1764,1
"101","GAS",2572,1
"101","GAS",1372,1
"101","GAS",1372,1
"101","GAS",2430,1
"101","GAS",2204,2
"101","GAS",1628,1
"101","GAS",1744,1
"101","GAS",1536,1
"101","GAS",1572,1
"101","GAS",1903,1
"101","GAS",2136,2
"101","GAS",2712,1
"101","GAS",1417,1
"101","GAS",2578,1
"101","GAS",1482,1
"101","GAS",1519,1
"101","GAS",1948,1
"101","GAS",2624,1
"101","GAS",2668,1
"101","GAS",1500,1
"101","GAS",3120,2
"101","GAS",1644,1
"101","GAS",3360,2
"101","GAS",1672,1
"101","GAS",960,1
"101","GAS",1511,1
"101","GAS",1766,1
"101","GAS",1812,1
"101","GAS",2140,1
"101","GAS",3288,1.7
"101","GAS",1360,1
"101","OIL",1714,1
"101","GAS",1540,1
"101","GAS",1804,1
"959","GAS",1968,1
"101","GAS",1912,1
"101","GAS",2572,1
"101","GAS",1968,1
"101","GAS",1372,1
"101","GAS",2188,1
"101","GAS",1372,1
"101","GAS",1372,1
"101","GAS",1856,1
"101","GAS",1900,1
"101","GAS",1812,1
"101","GAS",1604,1
"101","GAS",3272,1
"101","GAS",960,1
"101","GAS",1540,1
"101","GAS",1496,1
"101","GAS",1168,1
"101","GAS",1710,1
"101","GAS",2056,1
"101","GAS",1744,1
"101","GAS",1914,1
"101","GAS",2084,2
"101","GAS",2354,1
"101","GAS",1752,1
"101","GAS",3340,2
"101","GAS",2578,1
"101","GAS",960,1
"101","GAS",1904,1
"101","GAS",1638,1
"101","GAS",1306,1
"101","GAS",1252,1
"101","GAS",2237,1
"101","GAS",2786,1
"101","GAS",2404,1
"101","GAS",1878,1
"101","GAS",1436,1
"101","GAS",1666,1
"101","GAS",2892,2
"101","GAS",1256,1
"101","GAS",1532,2
"101","OIL",1704,2
"101","OIL",2016,2
"101","OIL",2476,2
"101","OIL",1164,1
"101","OIL",1600,1
"101","OIL",2112,2
"101","GAS",1840,1
"101","GAS",1822,1
"101","GAS",1901,1
"101","GAS",2936,1
"101","GAS",2154,1
"101","GAS",1772,1
"101","OIL",2172,1
"101","GAS",1626,1
"101","OIL",2029,1
"101","GAS",2094,1
"101","GAS",1856,1
"101","GAS",1708,1
"101","OIL",1014,1
"101","OIL",5025,2
"101","OIL",1684,1
"101","PROPANE-TANK",1491,1
"101","OIL",1800,1
"101","OIL",1074,1
"101","OIL",1687,1
"101","OIL",1861,1
"101","OIL",1487,1
"101","OIL",963,1
"101","OIL",1228,1
"101","OIL",1664,1
"101","GAS",1802,1
"101","OIL",2480,1
"101","OIL",2178,2
"101","OIL",1803,1
"101","GAS",1307,1
"101","OIL",1561,1
"101","OIL",2040,2
"101","OIL",1008,1
"101","OIL",2400,1
"101","OIL",987,1
"101","OIL",1609,1
"101","OIL",1902,1
"101","GAS",3744,2.7
"101","GAS",3132,2
"101","OIL",2216,1
"101","OIL",996,1
"101","OIL",982,1
"101","OIL",1868,2
"101","OIL",996,1
"101","OIL",1612,1
"101","OIL",1496,1
"101","OIL",1316,1
"101","GAS",2299,2
"101","OIL",2082,1
"101","OIL",996,1
"101","OIL",3965,1
"101","OIL",2356,2
"101","OIL",2427,2
"104","GAS",4120,2
"101","OIL",1624,1
"101","OIL",2076,1.7
"101","OIL",2906,2
"101","OIL",2120,1.7
"101","OIL",2105,2
"101","OIL",1232,1
"101","OIL",1762,1
"101","GAS",2205,1
"101","OIL",1014,1
"101","OIL",3067,2
"101","OIL",1614,1
"101","OIL",1011,1
"101","OIL",1199,1
"101","OIL",1344,1.7
"101","OIL",2926,2
"101","GAS",2128,1.7
"101","GAS",1352,1
"101","OIL",1484,2
"101","GAS",2482,1
"101","GAS",1644,1
"101","OIL",2257,1
"101","GAS",3495,2
"101","GAS",1248,1
"101","GAS",1450,1
"101","GAS",1194,1
"101","GAS",1856,1
"101","GAS",1904,1.7
"101","GAS",2156,2
"101","GAS",1191,1
"101","GAS",1194,1
"101","GAS",2190,1
"101","GAS",1896,1
"101","GAS",2434,1
"101","GAS",1594,1
"101","OIL",1410,1
"101","OIL",1456,2
"101","GAS",1632,2
"101","GAS",2804,1.7
"101","OIL",1472,1
"101","OIL",1754,1
"101","GAS",1516,1
"101","OIL",2010,2
"101","GAS",1196,1
"101","GAS",2745,1
"101","OIL",2112,1
"101","OIL",1358,1
"101","GAS",1828,1
"101","GAS",2616,2
"101","GAS",1724,1
"101","GAS",1552,1
"101","GAS",1398,1
"101","GAS",1412,1
"101","GAS",1604,1
"101","ELECTRIC",1224,1
"101","OIL",1696,2
"101","OIL",2014,2
"101","OIL",2108,2
"101","OIL",1602,1
"101","OIL",1288,1
"101","GAS",3364,2
"101","OIL",3374,2
"101","OIL",2412,1
"101","OIL",1871,2
"101","GAS",1944,2
"101","GAS",2923,1
"101","GAS",1116,1
"101","OIL",1470,2
"101","GAS",2845,1
"954","OIL",1892,1
"101","OIL",1008,1
"101","OIL",1416,1
"101","OIL",1470,1
"101","OIL",1154,1
"101","OIL",2910,2
"101","OIL",1974,2
"101","OIL",1806,1
"101","OIL",1654,1
"101","OIL",2174,1
"101","OIL",1590,1
"101","OIL",1014,1
"101","OIL",1014,1
"101","OIL",2718,2
"101","OIL",1208,1
"101","OIL",2288,2
"101","OIL",1224,1
"101","OIL",2050,2
"101","OIL",1014,1
"101","OIL",1798,1
"101","GAS",2106,1
"101","OIL",1682,1
"101","ELECTRIC",4983,1
"101","OIL",1860,1
"101","OIL",1968,1
"101","OIL",1612,1
"101","OIL",1888,1
"101","OIL",1608,1
"101","OIL",3014,1
"101","OIL",1434,1
"101","OIL",1452,1
"101","OIL",4176,2
"101","OIL",2160,1
"101","OIL",1608,1
"101","OIL",1826,1
"101","OIL",1608,1
"101","GAS",1536,1
"101","OIL",2000,1
"101","GAS",2284,2
"101","OIL",2532,2
"101","OIL",1771,1.7
"101","OIL",2020,2
"101","GAS",2252,1
"101","OIL",2706,1
"101","OIL",1636,1
"101","OIL",1496,1
"101","GAS",2900,1
"101","GAS",1648,1
"101","GAS",1480,1
"101","OIL",1950,1
"101","GAS",3407,2
"101","GAS",3797,1.7
"101","GAS",2864,2
"101","GAS",3196,2
"101","GAS",2692,2
"101","GAS",2472,2
"101","OIL",2348,2
"101","GAS",3104,2
"101","ELECTRIC",2549,1
"101","GAS",3431,2
"101","OIL",2521,2
"101","GAS",2728,2
"101","GAS",2616,1.7
"101","OIL",2580,2
"101","OIL",1748,1
"101","OIL",1988,1
"101","OIL",1736,1
"101","ELECTRIC",2886,2
"101","OIL",1696,2
"101","GAS",1956,1
"101","GAS",2705,2
"101","OIL",1864,1
"101","GAS",1864,1
"101","GAS",1856,1
"101","GAS",1890,1
"101","OIL",1492,1
"101","GAS",1468,1
"101","GAS",1941,1
"101","GAS",1344,1.7
"101","GAS",2156,1
"342","GAS",1864,1
"101","GAS",1440,2
"101","GAS",1484,1
"101","GAS",3448,2
"101","OIL",1456,1.7
"101","OIL",2495,1
"101","OIL",1638,2
"101","OIL",2076,2
"101","OIL",2656,2
"101","OIL",1936,1
"101","OIL",1862,2
"101","OIL",2008,1
"101","OIL",2222,2
"101","OIL",1624,1
"101","GAS",1871,1
"101","OIL",2200,1
"101","GAS",1912,1
"101","GAS",2701,2
"101","OIL",2664,2
"101","OIL",2376,1
"101","OIL",3113,1
"101","OIL",2344,1
"101","OIL",2326,2
"101","OIL",2574,2
"101","PROPANE-TANK",2096,1
"101","OIL",2706,2
"101","OIL",1912,2
"101","OIL",2260,2
"101","OIL",2378,2
"101","OIL",2292,2
"101","OIL",2264,1
"101","OIL",1679,1
"101","OIL",1415,1
"101","OIL",1496,1
"101","OIL",1940,1
"101","OIL",1703,1
"101","OIL",2860,2
"101","OIL",1982,2
"961","OIL",1976,1
"101","OIL",1112,1
"101","GAS",2176,2
"101","OIL",3019,1
"101","OIL",1766,1.7
"101","GAS",3344,2
"101","OIL",1380,1
"101","OIL",1080,1
"101","GAS",2205,1
"101","GAS",2149,1
"101","GAS",3960,1
"101","GAS",2862,2
"101","GAS",2824,1.7
"101","GAS",3060,1
"101","GAS",3112,2
"101","ELECTRIC",2758,1
"101","ELECTRIC",2172,2
"101","OIL",2420,1
"101","OIL",2856,2
"101","OIL",3010,2
"101","OIL",2643,2
"101","OIL",3164,2
"101","OIL",2290,1
"101","OIL",3608,2
"101","OIL",3010,2
"101","OIL",2856,2
"101","OIL",1680,1
"101","GAS",1496,1
"101","OIL",2556,2
"101","GAS",2764,2
"101","OIL",1339,1.7
"101","OIL",1243,1.7
"104","GAS",2333,2
"101","OIL",1352,2
"101","GAS",1716,1.7
"101","OIL",1820,2
"101","OIL",3988,2
"101","GAS",2170,2
"101","OIL",1568,1.7
"101","OIL",1854,1
"101","ELECTRIC",3641,1.7
"101","GAS",3902,2
"101","OIL",2648,2
"101","GAS",2676,1
"101","GAS",2667,1.7
"101","GAS",1850,1.7
"101","OIL",2228,2
"101","OIL",1428,1.7
"101","OIL",1896,1
"101","OIL",2364,2
"101","OIL",1960,1
"101","OIL",1329,1
"101","GAS",2184,2
"101","GAS",1392,1
"101","GAS",2814,1
"109","OIL",1764,1.7
"109","OIL",432,1
"101","OIL",2232,2
"959","GAS",3661,2
"101","ELECTRIC",1456,1
"101","OIL",1872,2
"101","OIL",1280,1
"101","OIL",970,1
"101","GAS",2536,2
"101","OIL",1237,1
"101","OIL",2331,2
"101","OIL",3458,2
"101","GAS",1982,1
"101","OIL",1360,1
"101","GAS",3149,2
"101","OIL",3360,2
"101","GAS",1367,1
"101","OIL",2296,2
"101","PROPANE-TANK",1391,1
"101","OIL",1802,1
"101","GAS",2684,2
"101","GAS",3579,2
"101","OIL",2290,1
"101","OIL",1008,1
"101","OIL",2028,1
"101","OIL",1360,1
"951","OIL",1120,2
"101","GAS",1872,1
"101","OIL",2242,1
"101","GAS",1720,1
"101","OIL",1400,1
"101","OIL",1128,1
"101","OIL",2704,1
"101","GAS",5090,2
"101","OIL",1860,1
"101","OIL",2394,1.7
"101","OIL",1367,1
"101","OIL",2184,2
"101","OIL",1216,1
"101","OIL",2284,1
"101","OIL",1703,1
"101","GAS",3096,2
"101","OIL",2920,2
"101","GAS",2634,2
"101","OIL",2366,1
"101","GAS",3576,2
"101","OIL",1755,1
"101","OIL",1571,1
"101","OIL",2000,2
"101","OIL",1415,1
"101","GAS",2129,1
"101","OIL",2448,1
"101","OIL",1415,1
"101","OIL",1703,1
"101","OIL",1360,1
"101","OIL",1175,1
"101","GAS",1762,1
"101","OIL",1360,1
"101","GAS",1658,1
"101","OIL",1724,1.7
"101","OIL",2378,2
"101","OIL",1360,1
"101","GAS",2292,2
"101","OIL",1625,1
"101","OIL",1552,1
"101","OIL",1392,1
"101","OIL",1768,2
"101","GAS",2908,2.7
"101","OIL",2016,2
"101","OIL",3252,2
"101","OIL",2294,2
"101","OIL",3525,1.7
"101","OIL",3084,1
"101","OIL",2640,2
"101","OIL",3412,2
"101","OIL",3246,2
"101","OIL",3775,2
"101","OIL",2610,1
"101","OIL",2792,1
"101","OIL",2926,2
"101","OIL",3148,2
"101","OIL",2578,1
"101","OIL",3623,2
"101","OIL",3688,1
"101","OIL",3490,2
"101","OIL",3634,2
"101","OIL",3398,2
"101","OIL",2472,1
"101","OIL",3250,1
"101","OIL",2128,2
"101","OIL",2764,1
"101","OIL",2721,2
"101","OIL",3004,2
"101","OIL",2204,2
"101","OIL",3012,2
"101","GAS",2668,1
"101","GAS",2250,1
"101","GAS",3528,1
"101","GAS",2446,2
"101","OIL",1428,1.7
"101","OIL",1428,1.7
"101","GAS",1512,1.7
"101","OIL",1944,2
"101","OIL",1260,1
"101","GAS",972,1
"101","OIL",1275,1
"101","OIL",1224,1
"101","OIL",1260,1
"101","OIL",2992,2
"101","OIL",2320,2
"101","OIL",3288,2
"101","OIL",2056,1
"101","GAS",1452,1
"013","GAS",1728,1
"101","OIL",1130,1
"101","OIL",1355,1.7
"101","OIL",1606,1
"101","OIL",1313,1
"101","OIL",1324,1
"101","GAS",1575,1.7
"101","OIL",3031,2
"101","GAS",1796,1
"101","OIL",1280,2
"101","OIL",1309,1.7
"101","OIL",2492,1
"101","GAS",990,1
"101","OIL",1677,1.7
"101","OIL",1428,1.7
"101","OIL",1224,1
"101","OIL",2352,2
"101","GAS",1980,1
"101","GAS",1826,1
"101","GAS",2294,1
"101","GAS",2090,1
"101","ELECTRIC",1428,1.7
"101","GAS",996,1
"101","OIL",1617,1.7
"101","OIL",1223,1.7
"101","ELECTRIC",1147,1
"101","OIL",3680,2
"101","OIL",4472,2
"101","OIL",1440,1
"101","GAS",1902,1
"101","OIL",934,1
"013","OIL",2324,2
"101","OIL",1213,1.7
"101","OIL",2573,1.7
"101","GAS",2876,2
"101","GAS",3597,1
"101","GAS",3805,2
"101","GAS",2571,2
"101","GAS",3600,2
"101","GAS",1144,1
"101","OIL",2896,2
"101","GAS",2466,1
"101","GAS",1385,1
"101","GAS",1118,1
"101","GAS",1832,1
"101","GAS",1324,1
"101","GAS",1144,1
"101","GAS",1341,1
"101","OIL",1322,1
"101","GAS",1368,1
"101","GAS",2256,1
"101","OIL",1458,1.7
"101","OIL",1386,1
"101","OIL",4586,1.7
"101","GAS",1652,1
"101","GAS",1652,1
"101","GAS",1288,1
"101","GAS",2348,1
"101","GAS",3461,1.7
"140","GAS",4596,2
"101","GAS",3160,1
"101","GAS",4423,2
"101","GAS",3704,2.7
"101","OIL",2492,2
"101","OIL",3496,2
"101","GAS",3390,2
"101","OIL",2944,2
"101","GAS",3576,2
"101","ELECTRIC",5223,2
"101","GAS",3644,2
"101","OIL",2672,1
"101","GAS",4384,1.7
"101","GAS",5980,2
"101","GAS",2414,2
"101","GAS",3380,2
"101","GAS",3899,2
"101","GAS",2950,2
"101","GAS",3630,2
"102","ELECTRIC",1081,1
"102","ELECTRIC",1000,1
"102","ELECTRIC",1371,1
"102","ELECTRIC",1013,1
"102","ELECTRIC",1004,1
"102","ELECTRIC",1008,1
"102","ELECTRIC",1009,1
"102","ELECTRIC",1015,1
"102","ELECTRIC",794,1
"102","ELECTRIC",1278,1
"102","ELECTRIC",1021,1
"102","ELECTRIC",1260,1
"102","ELECTRIC",1002,1
"102","ELECTRIC",1005,1
"102","ELECTRIC",1008,1
"102","ELECTRIC",1014,1
"102","ELECTRIC",798,1
"102","ELECTRIC",1258,1
"102","ELECTRIC",1280,1
"102","ELECTRIC",1024,1
"102","ELECTRIC",1008,1
"102","ELECTRIC",1241,1
"102","ELECTRIC",1260,1
"102","ELECTRIC",798,1
"102","ELECTRIC",1286,1
"102","ELECTRIC",1021,1
"102","ELECTRIC",1005,1
"102","ELECTRIC",1000,1
"102","ELECTRIC",1371,1
"102","ELECTRIC",1013,1
"102","ELECTRIC",1004,1
"102","ELECTRIC",1008,1
"102","ELECTRIC",1009,1
"102","ELECTRIC",1015,1
"102","ELECTRIC",794,1
"102","ELECTRIC",1278,1
"102","ELECTRIC",1021,1
"102","ELECTRIC",1260,1
"102","ELECTRIC",1002,1
"102","ELECTRIC",1005,1
"102","ELECTRIC",1006,1
"102","ELECTRIC",1014,1
"102","ELECTRIC",798,1
"102","ELECTRIC",1258,1
"102","ELECTRIC",1250,1
"102","ELECTRIC",1024,1
"102","ELECTRIC",1008,1
"102","ELECTRIC",1241,1
"102","ELECTRIC",1260,1
"102","ELECTRIC",798,1
"102","ELECTRIC",1286,1
"102","ELECTRIC",1004,1
"102","ELECTRIC",1021,1
"102","ELECTRIC",1000,1
"102","ELECTRIC",1370,1
"102","ELECTRIC",1018,1
"102","ELECTRIC",1000,1
"102","ELECTRIC",1004,1
"102","ELECTRIC",1020,1
"102","ELECTRIC",1004,1
"102","ELECTRIC",806,1
"102","ELECTRIC",1372,1
"102","ELECTRIC",1020,1
"102","ELECTRIC",1260,1
"102","ELECTRIC",1008,1
"102","ELECTRIC",1010,1
"102","ELECTRIC",1018,1
"102","ELECTRIC",1020,1
"102","ELECTRIC",806,1
"102","ELECTRIC",1370,1
"102","ELECTRIC",1258,1
"102","ELECTRIC",1080,1
"102","ELECTRIC",1020,1
"102","ELECTRIC",1258,1
"102","ELECTRIC",1260,1
"102","ELECTRIC",822,1
"102","ELECTRIC",1286,1
"102","ELECTRIC",1004,1
"102","ELECTRIC",1020,1
"102","ELECTRIC",1000,1
"102","ELECTRIC",1370,1
"102","ELECTRIC",1020,1
"102","ELECTRIC",1008,1
"102","ELECTRIC",1006,1
"102","ELECTRIC",1018,1
"102","ELECTRIC",1020,1
"102","ELECTRIC",810,1
"102","ELECTRIC",1370,1
"102","ELECTRIC",1018,1
"102","ELECTRIC",1258,1
"102","ELECTRIC",1020,1
"102","ELECTRIC",1008,1
"102","ELECTRIC",1020,1
"102","ELECTRIC",1018,1
"102","ELECTRIC",806,1
"102","ELECTRIC",1372,1
"102","ELECTRIC",1260,1
"102","ELECTRIC",1050,1
"102","ELECTRIC",1020,1
"102","ELECTRIC",1260,1
"102","ELECTRIC",1258,1
"102","ELECTRIC",820,1
"102","ELECTRIC",1290,1
"102","ELECTRIC",1314,1
"102","ELECTRIC",1271,1
"102","ELECTRIC",1020,1
"102","ELECTRIC",1329,1
"102","ELECTRIC",1326,1
"102","ELECTRIC",1282,1
"102","ELECTRIC",1289,1
"102","ELECTRIC",1322,1
"102","ELECTRIC",1307,1
"102","ELECTRIC",1282,1
"102","ELECTRIC",1401,1
"102","ELECTRIC",1307,1
"102","ELECTRIC",1317,1
"102","ELECTRIC",1289,1
"102","ELECTRIC",1281,1
"102","ELECTRIC",1332,1
"102","ELECTRIC",1326,1
"102","ELECTRIC",1319,1
"102","ELECTRIC",1350,1
"102","ELECTRIC",1302,1
"102","ELECTRIC",1329,1
"102","ELECTRIC",1307,1
"102","ELECTRIC",1292,1
"102","ELECTRIC",1332,1
"102","ELECTRIC",1317,1
"102","ELECTRIC",1034,1
"102","ELECTRIC",1258,1
"102","ELECTRIC",1303,1
"102","ELECTRIC",1318,1
"102","ELECTRIC",1284,1
"102","ELECTRIC",1291,1
"102","ELECTRIC",1319,1
"102","ELECTRIC",1326,1
"102","ELECTRIC",1398,1
"102","ELECTRIC",1316,1
"102","ELECTRIC",1325,1
"102","ELECTRIC",1346,1
"102","ELECTRIC",1284,1
"102","ELECTRIC",1291,1
"102","ELECTRIC",1310,1
"102","ELECTRIC",1334,1
"102","ELECTRIC",1406,1
"102","ELECTRIC",1285,1
"102","ELECTRIC",1326,1
"102","ELECTRIC",1322,1
"102","ELECTRIC",1288,1
"102","ELECTRIC",1303,1
"102","ELECTRIC",1326,1
"102","ELECTRIC",1326,1
"102","ELECTRIC",1044,1
"102","ELECTRIC",1311,1
"102","ELECTRIC",1342,1
"102","ELECTRIC",1316,1
"102","ELECTRIC",1295,1
"102","ELECTRIC",1309,1
"102","ELECTRIC",1326,1
"102","ELECTRIC",1334,1
"102","ELECTRIC",1415,1
"102","ELECTRIC",1301,1
"102","ELECTRIC",1321,1
"102","ELECTRIC",1325,1
"102","ELECTRIC",1325,1
"102","ELECTRIC",1311,1
"102","ELECTRIC",1337,1
"102","ELECTRIC",1317,1
"102","ELECTRIC",1403,1
"102","ELECTRIC",1296,1
"102","ELECTRIC",1314,1
"102","ELECTRIC",1325,1
"102","ELECTRIC",1302,1
"102","ELECTRIC",1288,1
"102","ELECTRIC",1319,1
"102","ELECTRIC",1309,1
"102","ELECTRIC",1034,1
"102","ELECTRIC",1272,1
"102","ELECTRIC",1307,1
"102","ELECTRIC",1307,1
"102","ELECTRIC",1276,1
"102","ELECTRIC",1277,1
"102","ELECTRIC",1307,1
"102","ELECTRIC",1307,1
"102","ELECTRIC",1385,1
"102","ELECTRIC",1274,1
"102","ELECTRIC",1307,1
"102","ELECTRIC",1310,1
"102","ELECTRIC",1276,1
"102","ELECTRIC",1281,1
"102","ELECTRIC",1310,1
"102","ELECTRIC",1310,1
"102","ELECTRIC",1388,1
"102","ELECTRIC",1271,1
"102","ELECTRIC",1312,1
"102","ELECTRIC",1310,1
"102","ELECTRIC",1271,1
"102","ELECTRIC",1279,1
"102","ELECTRIC",1310,1
"102","ELECTRIC",1535,1
"102","ELECTRIC",1535,1
"102","ELECTRIC",1445,1
"102","ELECTRIC",1535,1
"102","ELECTRIC",1445,1
"102","ELECTRIC",1535,1
"102","ELECTRIC",1490,1
"102","ELECTRIC",1130,1
"102","ELECTRIC",1535,1
"102","ELECTRIC",1535,1
"102","ELECTRIC",1445,1
"102","ELECTRIC",1535,1
"102","ELECTRIC",1445,1
"102","ELECTRIC",1535,1
"102","ELECTRIC",1490,1
"102","ELECTRIC",1130,1
"102","ELECTRIC",1535,1
"102","ELECTRIC",1535,1
"102","ELECTRIC",1445,1
"102","ELECTRIC",1535,1
"102","ELECTRIC",1445,1
"102","ELECTRIC",1535,1
"102","ELECTRIC",1490,1
"102","ELECTRIC",1130,1
"102","ELECTRIC",1535,1
"102","ELECTRIC",1535,1
"102","ELECTRIC",1445,1
"102","ELECTRIC",1535,1
"102","ELECTRIC",1445,1
"102","ELECTRIC",1535,1
"102","ELECTRIC",1490,1
"102","ELECTRIC",1130,1
"102","ELECTRIC",1535,1
"102","ELECTRIC",1535,1
"102","ELECTRIC",1445,1
"102","ELECTRIC",1535,1
"102","ELECTRIC",1445,1
"102","ELECTRIC",1535,1
"102","ELECTRIC",1490,1
"102","ELECTRIC",1130,1
"102","ELECTRIC",1535,1
"102","ELECTRIC",1535,1
"102","ELECTRIC",1445,1
"102","ELECTRIC",1535,1
"102","ELECTRIC",1445,1
"102","ELECTRIC",1535,1
"102","ELECTRIC",1490,1
"102","ELECTRIC",1130,1
"102","ELECTRIC",1535,1
"102","ELECTRIC",1535,1
"102","ELECTRIC",1445,1
"102","ELECTRIC",1535,1
"102","ELECTRIC",1445,1
"102","ELECTRIC",1535,1
"102","ELECTRIC",1490,1
"102","ELECTRIC",1130,1
"102","ELECTRIC",1535,1
"102","ELECTRIC",1535,1
"102","ELECTRIC",1445,1
"102","ELECTRIC",1535,1
"102","ELECTRIC",1445,1
"102","ELECTRIC",1535,1
"102","ELECTRIC",1490,1
"102","ELECTRIC",1130,1
"102","ELECTRIC",1535,1
"102","ELECTRIC",1535,1
"102","ELECTRIC",1535,1
"102","ELECTRIC",1445,1
"102","ELECTRIC",1535,1
"102","ELECTRIC",1445,1
"102","ELECTRIC",1130,1
"102","ELECTRIC",1490,1
"102","ELECTRIC",1535,1
"102","ELECTRIC",1535,1
"102","ELECTRIC",1535,1
"102","ELECTRIC",1445,1
"102","ELECTRIC",1535,1
"102","ELECTRIC",1445,1
"102","ELECTRIC",1130,1
"102","ELECTRIC",1490,1
"102","ELECTRIC",1535,1
"102","ELECTRIC",1535,1
"102","ELECTRIC",1535,1
"102","ELECTRIC",1445,1
"102","ELECTRIC",1535,1
"102","ELECTRIC",1445,1
"102","ELECTRIC",1130,1
"102","ELECTRIC",1490,1
"102","ELECTRIC",1535,1
"102","ELECTRIC",1535,1
"102","ELECTRIC",1535,1
"102","ELECTRIC",1445,1
"102","ELECTRIC",1535,1
"102","ELECTRIC",1445,1
"102","ELECTRIC",1130,1
"102","ELECTRIC",1490,1
"102","ELECTRIC",1535,1
"102","ELECTRIC",1535,1
"102","ELECTRIC",1535,1
"102","ELECTRIC",1445,1
"102","ELECTRIC",1535,1
"102","ELECTRIC",1445,1
"102","ELECTRIC",1130,1
"102","ELECTRIC",1490,1
"102","ELECTRIC",1535,1
"102","ELECTRIC",1535,1
"102","ELECTRIC",1535,1
"102","ELECTRIC",1445,1
"102","ELECTRIC",1535,1
"102","ELECTRIC",1445,1
"102","ELECTRIC",1130,1
"102","ELECTRIC",1490,1
"102","ELECTRIC",1535,1
"102","ELECTRIC",1535,1
"102","ELECTRIC",1535,1
"102","ELECTRIC",1445,1
"102","ELECTRIC",1535,1
"102","ELECTRIC",1445,1
"102","ELECTRIC",1130,1
"102","ELECTRIC",1490,1
"102","ELECTRIC",1535,1
"102","ELECTRIC",1535,1
"102","ELECTRIC",1535,1
"102","ELECTRIC",1445,1
"102","ELECTRIC",1535,1
"102","ELECTRIC",1445,1
"102","ELECTRIC",1130,1
"102","ELECTRIC",1490,1
"102","ELECTRIC",980,1
"102","ELECTRIC",980,1
"102","ELECTRIC",980,1
"102","ELECTRIC",980,1
"102","ELECTRIC",939,1
"102","ELECTRIC",939,1
"102","ELECTRIC",939,1
"102","ELECTRIC",939,1
"102","ELECTRIC",939,1
"102","ELECTRIC",939,1
"102","ELECTRIC",939,1
"102","ELECTRIC",939,1
"102","ELECTRIC",980,1
"102","ELECTRIC",980,1
"102","ELECTRIC",980,1
"102","ELECTRIC",980,1
"102","ELECTRIC",939,1
"102","ELECTRIC",939,1
"102","ELECTRIC",939,1
"102","ELECTRIC",939,1
"102","ELECTRIC",939,1
"102","ELECTRIC",939,1
"102","ELECTRIC",939,1
"102","ELECTRIC",939,1
"102","ELECTRIC",980,1
"102","ELECTRIC",980,1
"102","ELECTRIC",980,1
"102","ELECTRIC",980,1
"102","ELECTRIC",939,1
"102","ELECTRIC",939,1
"102","ELECTRIC",939,1
"102","ELECTRIC",939,1
"102","ELECTRIC",939,1
"102","ELECTRIC",939,1
"102","ELECTRIC",939,1
"102","ELECTRIC",939,1
"101","OIL",1724,1
"101","OIL",1690,1
"101","GAS",1512,1.7
"101","OIL",3136,1.7
"101","OIL",2016,1
"101","GAS",1404,1
"101","GAS",2397,1
"101","GAS",1620,1.7
"101","GAS",1404,1
"101","OIL",1512,1.7
"101","GAS",4150,2.7
"101","GAS",1418,1
"101","GAS",2828,2
"101","GAS",1690,1
"101","GAS",1358,1
"101","GAS",1854,1
"101","GAS",2384,2
"101","GAS",1490,1
"101","OIL",1154,1
"101","GAS",2114,1
"101","GAS",1812,1
"101","GAS",1335,1
"101","GAS",2874,1
"101","GAS",1484,1
"101","GAS",2044,1
"101","GAS",1934,1
"101","GAS",1710,1
"101","GAS",1976,1
"101","GAS",2390,1
"101","GAS",1172,1
"101","GAS",1438,1
"101","GAS",1152,1
"101","GAS",1786,1
"101","GAS",3016,2
"101","GAS",2780,1
"101","GAS",1155,1
"101","GAS",1508,1.7
"101","GAS",1104,1
"101","GAS",960,1
"101","GAS",2272,2
"101","GAS",1496,1
"101","GAS",1712,1
"101","GAS",1612,1
"101","GAS",2106,1.7
"101","GAS",1154,1
"101","GAS",1322,1
"101","GAS",1178,1
"101","GAS",1154,1
"101","GAS",2852,2
"101","GAS",1226,1
"101","GAS",1154,1
"101","GAS",2174,1
"101","GAS",1424,1
"101","GAS",1550,1
"101","GAS",1394,1
"101","GAS",1154,1
"101","OIL",1773,1
"101","OIL",1514,1
"101","OIL",1124,1
"101","OIL",1002,1
"101","OIL",3221,2
"101","OIL",2860,2
"101","OIL",1434,1
"101","OIL",1316,1
"101","OIL",1798,1
"101","OIL",2964,2
"101","OIL",2264,1
"101","OIL",2140,1
"101","OIL",1068,1
"101","OIL",1316,1
"101","OIL",2216,2
"101","OIL",1632,1
"101","OIL",1796,1
"101","OIL",1362,1
"101","OIL",1390,1
"101","OIL",1615,1
"101","OIL",1496,1
"101","OIL",1914,1
"101","OIL",987,1
"101","OIL",2335,1
"101","OIL",1543,1
"101","OIL",2618,1
"101","OIL",987,1
"101","OIL",987,1
"101","OIL",1731,1
"101","OIL",2160,1
"101","OIL",2053,1
"101","OIL",1515,1
"101","OIL",987,1
"101","OIL",2751,2
"101","OIL",1371,1
"101","OIL",1243,1
"101","OIL",987,1
"101","OIL",1918,1
"101","OIL",2287,1
"101","OIL",2402,2
"101","OIL",2583,1
"101","OIL",2451,1
"101","OIL",2748,2
"101","OIL",1910,1
"101","OIL",2779,2
"101","OIL",1707,1
"101","OIL",1179,1
"101","OIL",1474,1
"101","OIL",1211,1
"101","OIL",2304,2
"101","OIL",1950,1
"101","OIL",2674,2
"101","OIL",2328,1
"101","OIL",2600,2
"101","OIL",1239,1
"101","OIL",1317,1
"101","OIL",2304,2
"101","OIL",1770,1
"101","ELECTRIC",2854,1
"101","OIL",2483,1
"101","OIL",2338,2
"101","OIL",1988,1
"101","OIL",1317,1
"101","OIL",2040,2
"101","OIL",2049,1
"101","OIL",2115,1
"101","OIL",2416,1
"101","OIL",1801,1.7
"101","OIL",1944,1
"101","OIL",3425,2
"101","OIL",987,1
"101","OIL",987,1
"101","OIL",2464,1
"101","OIL",1996,2
"101","OIL",1593,1
"101","OIL",987,1
"101","OIL",2364,1
"101","OIL",2936,1
"101","OIL",1764,1
"101","OIL",1473,1
"101","OIL",1455,1
"101","OIL",2544,1
"101","OIL",1144,1
"101","OIL",2898,2
"101","OIL",2318,2
"101","OIL",2744,2
"101","OIL",1572,1
"101","OIL",2793,2
"101","OIL",987,1
"101","OIL",1707,1
"101","OIL",3677,1.7
"101","OIL",2253,2
"101","OIL",987,1
"101","OIL",1376,1
"101","OIL",2745,2
"101","OIL",1918,1
"101","OIL",2294,1
"101","OIL",1335,1
"101","OIL",2281,2
"101","OIL",1563,1
"101","OIL",1106,1
"101","OIL",987,1
"101","OIL",1979,1
"101","OIL",1337,1
"101","OIL",1659,1
"101","OIL",1826,1
"101","OIL",1909,1
"101","OIL",1534,1
"101","OIL",2841,1
"101","OIL",1563,1
"101","OIL",1895,1
"101","GAS",5945,2
"101","OIL",1739,1
"101","OIL",1675,1
"101","OIL",1327,1
"101","OIL",2183,1
"101","OIL",987,1
"101","OIL",2709,1
"101","OIL",2179,1
"101","OIL",3046,2
"101","OIL",2183,1
"101","OIL",1880,1
"101","OIL",1179,1
"101","OIL",987,1
"101","OIL",1127,1
"101","OIL",2079,1
"101","OIL",2018,2
"101","OIL",960,1
"101","OIL",1563,1
"101","OIL",2550,2
"101","OIL",2038,1
"101","OIL",3900,1
"101","OIL",1587,1
"101","OIL",2564,1
"101","OIL",2300,2
"101","OIL",1905,1
"101","OIL",1036,1
"101","PROPANE-TANK",1974,2
"101","OIL",1155,1
"101","OIL",2100,2
"101","OIL",1817,1
"101","OIL",987,1
"101","OIL",2633,1
"101","OIL",3184,2
"101","OIL",987,1
"101","OIL",1323,1
"101","OIL",2688,2
"101","OIL",1667,1
"101","OIL",1359,1
"101","OIL",1391,1
"101","OIL",2410,1
"101","OIL",2184,2
"101","OIL",1977,1
"101","OIL",2776,2
"101","OIL",1323,1
"101","OIL",1299,1
"101","OIL",987,1
"101","GAS",2192,2
"101","OIL",1707,1
"101","OIL",2124,2
"101","OIL",2188,2
"101","OIL",2013,1
"101","OIL",2499,2
"101","OIL",2456,2
"101","OIL",2107,1
"101","OIL",1463,1
"101","OIL",2135,1
"101","OIL",987,1
"101","OIL",3164,2
"101","OIL",1906,1
"101","OIL",987,1
"101","OIL",1387,1
"101","OIL",1858,1
"101","GAS",3936,2
"101","OIL",1155,1
"101","OIL",987,1
"101","OIL",987,1
"101","OIL",2434,2
"101","OIL",1508,1
"101","OIL",1973,1
"101","OIL",1344,1
"101","OIL",1749,1
"101","OIL",1089,1
"101","OIL",1821,1
"101","OIL",2836,2
"101","OIL",1211,1
"101","OIL",1350,1
"101","OIL",987,1
"101","OIL",2428,2
"101","OIL",1287,1
"101","OIL",2545,1
"101","OIL",3767,1
"101","OIL",1767,1
"101","OIL",2348,1
"101","OIL",1932,1
"101","OIL",1947,1
"101","OIL",2793,1
"101","OIL",2663,1
"101","OIL",1008,1
"101","OIL",1371,1
"101","OIL",1155,1
"101","OIL",1008,1
"101","ELECTRIC",2370,2
"101","OIL",3304,2
"101","OIL",2254,2
"101","OIL",2194,2
"101","OIL",2813,1
"101","OIL",1498,1
"101","OIL",1512,1
"101","OIL",3516,2
"101","OIL",1676,1
"101","OIL",2344,1
"101","OIL",2008,1
"101","OIL",2008,1
"101","OIL",1536,1
"101","OIL",1512,1
"101","OIL",1766,1
"101","OIL",1012,1
"101","OIL",3369,2
"101","OIL",1452,1
"101","OIL",1646,1
"101","OIL",1712,1
"101","OIL",2347,1
"101","OIL",1370,1
"101","OIL",1502,1
"101","OIL",1932,1
"101","OIL",2686,1
"101","OIL",1554,1
"101","OIL",1436,1
"101","OIL",2208,1
"101","OIL",1672,1
"101","OIL",3664,1
"101","OIL",1296,1
"101","OIL",1952,1
"101","OIL",2024,1
"101","OIL",2792,1
"101","OIL",1518,1
"101","OIL",2178,1
"101","OIL",2120,1
"101","OIL",1644,1
"101","OIL",2372,2
"101","OIL",1944,1
"101","OIL",1612,1
"959","OIL",1872,1
"101","OIL",2138,1
"101","OIL",1956,1
"101","OIL",1871,1
"101","OIL",1544,1
"101","OIL",1544,1
"101","OIL",1566,1
"101","GAS",1502,1
"101","OIL",1770,1
"959","OIL",2586,2
"101","OIL",1848,1
"101","OIL",1800,1
"101","OIL",1104,1
"101","OIL",1674,1
"101","OIL",1916,1
"101","OIL",1718,1
"101","OIL",1500,1
"101","OIL",1574,1
"101","OIL",1483,1
"101","OIL",2088,1
"101","OIL",2008,1
"101","OIL",1482,1
"101","OIL",1284,1
"101","OIL",1598,1
"101","OIL",1608,1
"101","OIL",3088,2
"101","OIL",1833,1
"101","OIL",2122,1
"101","OIL",1767,1
"101","OIL",1249,1
"101","OIL",1104,1
"101","OIL",2903,1
"101","OIL",2744,1
"101","OIL",1986,1
"101","OIL",2008,1
"101","OIL",2008,1
"101","OIL",2104,1
"101","OIL",2148,1
"101","OIL",2008,1
"101","OIL",2008,1
"101","OIL",2008,1
"101","OIL",2450,1
"101","OIL",3088,1
"101","OIL",2253,1
"101","OIL",2204,1
"101","OIL",1773,1
"101","OIL",2104,1
"101","OIL",2008,1
"101","OIL",2008,1
"101","OIL",2324,1
"101","OIL",2008,1
"101","OIL",1364,1
"101","OIL",1924,1
"101","OIL",1716,1
"101","OIL",2032,1
"101","OIL",2008,1
"101","OIL",2150,1
"101","OIL",2008,1
"101","OIL",3784,2
"101","OIL",2090,1
"101","OIL",2008,1
"101","OIL",1842,1
"101","OIL",2008,1
"101","OIL",2010,1
"101","OIL",2856,2
"101","OIL",1776,1
"101","OIL",2304,2
"101","GAS",2000,1
"101","GAS",2186,2
"101","OIL",1976,2
"101","OIL",4274,2
"101","OIL",2356,2
"101","OIL",1902,1
"101","OIL",1727,1
"101","OIL",1454,1
"101","OIL",1334,1
"101","OIL",2978,1
"101","OIL",1988,1
"101","GAS",2170,1
"101","OIL",1988,1
"101","OIL",2428,1
"101","OIL",1592,1
"101","OIL",2092,1
"101","OIL",1682,1
"101","OIL",1428,1
"101","OIL",1988,1
"101","OIL",1796,1
"101","OIL",1988,1
"101","OIL",2352,1
"101","OIL",1988,1
"959","OIL",2516,1
"101","OIL",3732,2
"101","OIL",1988,1
"101","OIL",2257,1
"101","OIL",1608,1
"101","OIL",1818,1
"101","OIL",1519,1
"101","OIL",2031,1
"101","OIL",1694,1
"101","OIL",2644,2
"101","OIL",1471,1
"101","OIL",1608,1
"101","OIL",1988,1
"101","OIL",2649,1
"101","OIL",1538,1
"101","OIL",1496,1
"101","OIL",1536,1
"101","OIL",1428,1
"101","OIL",1848,1
"101","OIL",2234,1
"101","OIL",1104,1
"101","OIL",1471,1
"101","OIL",1538,1
"101","OIL",2058,2
"101","OIL",1500,1
"101","OIL",2564,1
"101","OIL",1544,1
"101","OIL",2704,2
"101","OIL",1410,1
"101","OIL",1104,1
"101","OIL",1536,1
"101","OIL",1471,1
"101","GAS",1072,1
"101","OIL",2142,1
"101","OIL",1020,1
"101","GAS",2033,1
"101","OIL",2731,1.7
"101","OIL",1018,1
"101","OIL",1922,1
"101","OIL",1470,1
"101","GEO THERMAL",1560,2
"101","OIL",1770,1
"101","GAS",1824,2
"101","GAS",2412,2
"101","OIL",1728,2
"101","OIL",2633,2
"101","OIL",2922,1.7
"101","GAS",2785,1
"101","GAS",1850,2
"101","GAS",2949,1.7
"101","GAS",3067,1
"101","OIL",1684,1.7
"101","OIL",2293,1
"101","OIL",3594,1
"101","OIL",2145,1
"101","OIL",2305,1
"101","GAS",960,1
"101","OIL",2948,1
"101","OIL",1648,1
"101","OIL",2014,2
"101","OIL",1446,1
"101","OIL",1588,1
"101","OIL",1492,1
"101","OIL",1292,1
"101","OIL",1412,1
"101","OIL",1934,1
"101","OIL",1154,1
"101","OIL",1154,1
"101","OIL",2328,2
"101","OIL",1154,1
"101","OIL",3759,1
"101","GAS",1984,2
"101","GAS",2050,2
"101","GAS",1916,1
"101","GAS",2044,2
"101","GAS",4120,1
"101","GAS",2204,2
"101","GAS",5690,2
"101","GAS",2548,1
"101","GAS",2819,2
"101","OIL",3760,2
"102","GAS",1400,2
"102","GAS",1400,2
"102","GAS",1400,2
"102","GAS",1400,2
"102","GAS",1400,2
"102","GAS",1400,2
"102","GAS",1400,2
"102","GAS",1400,2
"101","ELECTRIC",1898,1
"101","OIL",1428,1.7
"101","OIL",2844,2
"101","GAS",2144,1
"101","OIL",1064,1
"101","GAS",2300,2
"101","GAS",2240,2
"101","OIL",1232,2
"101","GAS",4514,2
"101","GAS",2090,2
"101","GAS",3468,2
"101","GAS",1144,1
"101","OIL",1400,1.7
"101","GAS",3648,2
"101","OIL",1962,1.7
"101","OIL",2040,2
"101","OIL",1675,2
"101","OIL",1872,2
"101","GAS",3088,2
"101","GAS",2688,2
"101","OIL",1840,1
"101","OIL",1604,2
"101","OIL",1924,1
"101","OIL",2268,1.7
"101","OIL",1680,1.7
"101","OIL",1224,1
"101","OIL",2236,2
"101","GAS",1474,1
"101","OIL",1024,1
"101","GAS",2266,1
"101","GAS",1470,1
"101","GAS",2113,1
"101","GAS",1764,1
"101","GAS",2364,1
"101","GAS",2254,1
"101","GAS",2015,1
"101","GAS",1914,1
"101","GAS",1818,1
"101","GAS",1580,1
"101","OIL",2065,2
"101","OIL",1752,2
"101","OIL",1428,1.7
"101","GAS",1920,2
"101","GAS",3034,2
"101","GAS",2048,2
"101","GAS",1864,1
"101","GAS",2264,1
"101","GAS",1744,1
"101","GAS",2100,2
"970","GAS",4424,1
"102","ELECTRIC",980,1
"102","ELECTRIC",980,1
"102","ELECTRIC",980,1
"102","ELECTRIC",980,1
"102","ELECTRIC",939,1
"102","ELECTRIC",939,1
"102","ELECTRIC",939,1
"102","ELECTRIC",939,1
"102","ELECTRIC",939,1
"102","ELECTRIC",939,1
"102","ELECTRIC",939,1
"102","ELECTRIC",939,1
"102","ELECTRIC",980,1
"102","ELECTRIC",980,1
"102","ELECTRIC",980,1
"102","ELECTRIC",980,1
"102","ELECTRIC",939,1
"102","ELECTRIC",939,1
"102","ELECTRIC",939,1
"102","ELECTRIC",939,1
"102","ELECTRIC",939,1
"102","ELECTRIC",939,1
"102","ELECTRIC",939,1
"102","ELECTRIC",939,1
"102","ELECTRIC",980,1
"102","ELECTRIC",980,1
"102","ELECTRIC",980,1
"102","ELECTRIC",980,1
"102","ELECTRIC",939,1
"102","ELECTRIC",939,1
"102","ELECTRIC",939,1
"102","ELECTRIC",939,1
"102","ELECTRIC",939,1
"102","ELECTRIC",939,1
"102","ELECTRIC",939,1
"102","ELECTRIC",939,1
"102","ELECTRIC",980,1
"102","ELECTRIC",980,1
"102","ELECTRIC",980,1
"102","ELECTRIC",980,1
"102","ELECTRIC",939,1
"102","ELECTRIC",939,1
"102","ELECTRIC",939,1
"102","ELECTRIC",939,1
"102","ELECTRIC",939,1
"102","ELECTRIC",939,1
"102","ELECTRIC",939,1
"102","ELECTRIC",939,1
"102","ELECTRIC",980,1
"102","ELECTRIC",980,1
"102","ELECTRIC",980,1
"102","ELECTRIC",980,1
"102","ELECTRIC",939,1
"102","ELECTRIC",939,1
"102","ELECTRIC",939,1
"102","ELECTRIC",939,1
"102","ELECTRIC",939,1
"102","ELECTRIC",939,1
"102","ELECTRIC",939,1
"102","ELECTRIC",939,1
"101","GAS",1776,1
"101","GAS",2610,1
"101","GAS",1742,1
"101","GAS",1824,1
"101","GAS",2148,1
"101","GAS",2162,1
"101","GAS",2219,1
"101","GAS",4000,1
"101","GAS",1862,1
"101","GAS",2202,1
"101","GAS",1674,1
"101","GAS",2264,1
"101","GAS",1862,1
"101","GAS",1602,1
"101","GAS",2624,1
"101","GAS",1724,1
"101","GAS",1768,1
"101","GAS",2460,1
"101","OIL",3082,1
"931","OIL",3402,2
"101","GAS",1464,1
"101","GAS",4004,1
"101","GAS",1960,1
"101","GAS",1942,1
"101","GAS",1888,1
"101","OIL",2840,2
"931","OIL",1808,2
"931","OIL",3947,2
"101","OIL",2128,1.7
"101","GAS",1787,1
"101","GAS",2120,2
"101","OIL",1212,1
"101","GAS",2742,1.7
"101","GAS",2320,1.7
"101","GAS",2360,2
"101","OIL",1732,2
"101","GAS",864,1
"101","OIL",2222,1.7
"101","OIL",1500,1.7
"101","GAS",2444,1
"101","GAS",2130,1
"101","OIL",1584,1
"101","GAS",5860,2
"101","OIL",1788,1
"101","OIL",1600,1
"101","OIL",1822,1
"101","OIL",1404,1
"101","OIL",1752,1.7
"101","OIL",2104,1
"101","GAS",2832,2
"101","OIL",1836,1
"101","GAS",1992,1
"101","OIL",1404,1
"101","OIL",1471,1
"101","OIL",1968,2
"101","OIL",1512,1.7
"101","OIL",1612,1.7
"101","GAS",3059,1.7
"101","OIL",2308,2
"101","OIL",1768,1.7
"101","OIL",1744,1
"101","OIL",2400,1.7
"101","OIL",1504,1
"101","OIL",1096,1
"101","GAS",3189,2
"101","OIL",2184,1
"101","GAS",1932,1.7
"101","GAS",1674,1
"101","GAS",2040,1.7
"101","OIL",1512,1.7
"101","OIL",2012,1
"101","GAS",2516,1
"101","OIL",2366,1
"101","GAS",1440,1
"101","OIL",1600,1
"101","GAS",1572,1
"101","OIL",1620,1
"101","OIL",1864,1
"101","OIL",1050,1
"101","GAS",1716,1
"101","GAS",1404,1
"101","OIL",2088,1
"101","GAS",2568,1.7
"101","OIL",1584,2
"101","OIL",1404,1
"101","GAS",1876,1.7
"101","GAS",1728,2
"101","OIL",2302,1
"101","GAS",1512,1.7
"101","GAS",1536,1
"101","GAS",1512,1.7
"101","OIL",2078,1
"101","OIL",1572,1
"101","OIL",2032,2
"101","GAS",1404,1
"101","GAS",1074,1
"101","GAS",1660,1
"101","GAS",2968,1.7
"101","OIL",1980,2
"101","OIL",2042,1.7
"101","OIL",2092,1
"101","OIL",2338,2
"101","GAS",1454,1
"101","OIL",3128,2
"101","OIL",1698,1
"101","GAS",1956,1
"101","OIL",2426,2
"101","OIL",1960,1.7
"101","GAS",4274,2
"101","OIL",1547,1.7
"101","GAS",2160,1
"101","OIL",3805,2
"101","GAS",2460,2
"101","GAS",2172,1
"101","GAS",1954,2
"101","GAS",2040,2
"101","GAS",2850,1.7
"101","GAS",1924,1
"101","GAS",2186,1.7
"101","GAS",1908,2
"101","GAS",2284,1
"101","GAS",2058,1
"101","GAS",1962,1
"101","GAS",2921,1
"101","GAS",1480,1
"101","GAS",2236,1
"101","GAS",1688,1
"101","GAS",1900,1
"101","OIL",1400,2
"101","OIL",1152,1
"101","OIL",2338,1.7
"101","OIL",2374,2
"101","OIL",3138,2
"101","OIL",1788,1.7
"101","OIL",1500,1.7
"101","OIL",1116,1
"101","OIL",1704,1
"101","OIL",2316,1.7
"101","OIL",2228,1
"102","GAS",2090,2
"102","GAS",2090,2
"102","GAS",2090,2
"102","GAS",2090,2
"102","GAS",2090,2
"102","GAS",2090,2
"102","GAS",2090,2
"102","GAS",2090,2
"102","GAS",2090,2
"102","GAS",2090,2
"102","GAS",2090,2
"102","GAS",2090,2
"102","GAS",2090,2
"102","GAS",2090,2
"102","GAS",2090,2
"102","GAS",2090,2
"102","GAS",2090,2
"102","GAS",2090,2
"102","GAS",2090,2
"102","GAS",2090,2
"102","GAS",2090,2
"102","GAS",2090,2
"102","GAS",2090,2
"102","GAS",2090,2
"102","GAS",2090,2
"102","GAS",2090,2
"102","GAS",2090,2
"102","GAS",2090,2
"102","GAS",2090,2
"102","GAS",2090,2
"102","GAS",2090,2
"102","GAS",2090,2
"101","OIL",1664,2
"101","OIL",1456,1.7
"101","OIL",1248,1
"101","OIL",1248,1
"101","OIL",1664,2
"101","OIL",1648,1.7
"101","OIL",1456,1.7
"101","GAS",1458,1
"101","OIL",1392,1
"101","OIL",2062,1.7
"101","OIL",832,1
"101","OIL",1352,1
"101","OIL",1460,1
"101","OIL",2105,1.7
"101","OIL",2771,2
"101","GAS",1263,2
"101","OIL",1248,1
"101","OIL",1248,1
"101","OIL",832,1
"101","OIL",1456,1.7
"101","OIL",1280,1
"101","OIL",1248,1
"101","OIL",1040,1
"101","OIL",1248,1
"101","OIL",832,1
"101","GAS",1248,1
"101","OIL",1380,1
"101","OIL",1248,1
"101","OIL",1840,1.7
"101","OIL",1248,1
"101","OIL",1248,1
"101","OIL",1072,1
"101","OIL",1456,1.7
"101","OIL",1512,2
"101","OIL",1248,1
"101","OIL",1464,1
"101","OIL",1248,1
"101","OIL",1840,2
"101","OIL",1328,1
"101","OIL",1664,2
"101","OIL",1781,1.7
"101","OIL",1840,2
"101","OIL",1248,1
"101","OIL",1248,1
"101","OIL",1750,1
"101","OIL",1040,1
"101","OIL",1568,2
"101","ELECTRIC",2340,2
"101","OIL",2498,2
"101","OIL",1328,1
"101","OIL",1768,2
"101","OIL",1280,1
"101","OIL",1040,1
"101","OIL",1040,1
"101","OIL",1040,1
"101","OIL",1220,1
"101","OIL",1208,1
"101","OIL",1040,1
"101","OIL",1040,1
"101","OIL",1840,1
"101","OIL",1988,1
"101","OIL",1308,1
"101","OIL",1040,1
"101","OIL",1740,1
"101","OIL",1600,1
"101","OIL",1600,2
"101","OIL",1144,1
"101","OIL",1040,1
"101","OIL",1364,1
"101","OIL",1700,1
"101","OIL",1760,2
"101","OIL",1472,1
"101","OIL",1632,2
"101","GAS",1094,1
"101","GAS",2123,1.7
"101","GAS",1952,2
"101","GAS",1666,2
"101","GAS",1764,1.7
"101","OIL",1764,2
"101","GAS",1632,2
"101","GAS",1635,2
"101","GAS",1794,2
"101","GAS",1958,2
"101","GAS",1672,2
"101","GAS",2089,1
"101","GAS",1680,2
"101","GAS",2160,2
"101","GAS",1872,2
"101","GAS",1199,1
"101","OIL",1744,2
"101","GAS",2580,1.7
"101","GAS",1680,2
"101","GAS",1924,2
"101","GAS",1793,1
"101","GAS",1632,2
"101","GAS",1693,1
"101","OIL",2388,2
"101","GAS",1632,2
"101","GAS",2398,2
"101","GAS",1672,2
"101","GAS",1806,2
"101","GAS",1093,1
"101","GAS",2120,2
"101","GAS",2205,1
"101","GAS",2136,2
"101","GAS",2072,2
"101","GAS",2288,2
"101","GAS",1263,2
"101","GAS",2441,1
"101","GAS",1680,2
"101","OIL",900,1
"101","OIL",1612,2
"101","OIL",1701,1
"101","OIL",1444,1
"101","OIL",1313,1
"101","OIL",1276,1
"101","OIL",1147,1
"101","OIL",1156,1
"101","OIL",2003,2
"101","OIL",1144,1
"101","OIL",999,1
"101","OIL",1150,1
"101","OIL",1292,1
"101","OIL",1228,1
"101","GAS",1188,1
"101","GAS",1700,1.7
"101","GAS",1424,1
"101","GAS",1180,1
"101","GAS",2359,2
"101","GAS",1179,1
"101","GAS",1154,1
"101","GAS",1154,1
"101","GAS",1934,1
"101","GAS",1440,1
"101","GAS",1963,2
"101","OIL",1486,1
"101","OIL",1132,1
"101","OIL",2144,2
"101","OIL",1556,1
"101","OIL",1208,1
"101","OIL",882,1
"101","OIL",1233,1
"101","OIL",2005,1
"101","OIL",2603,1.7
"101","OIL",989,1
"101","OIL",1216,1
"101","OIL",1196,1
"101","OIL",1894,1.7
"101","OIL",960,1
"101","OIL",1866,1
"101","OIL",1496,1
"101","OIL",1512,1
"101","OIL",1425,1
"101","OIL",1842,1
"101","OIL",2079,2
"101","OIL",2223,2
"101","OIL",2946,1
"101","OIL",1006,1
"101","OIL",1092,1
"101","OIL",1060,1
"101","OIL",1527,1
"101","OIL",2688,2
"101","OIL",2524,2
"101","OIL",1852,2
"101","OIL",1547,1
"101","OIL",1662,1
"101","OIL",1855,1.7
"101","OIL",924,1
"101","OIL",3268,1
"101","OIL",1239,1
"101","OIL",1136,1
"101","OIL",1048,1
"101","OIL",1564,1
"101","OIL",1108,1
"101","OIL",1906,2
"101","OIL",1340,1
"101","OIL",1926,1.7
"101","OIL",1686,1.7
"101","OIL",1572,1
"101","OIL",1501,1
"101","OIL",2304,1
"101","OIL",2322,1
"101","OIL",1128,1
"101","OIL",2486,2
"101","OIL",1428,1.7
"101","GAS",1870,1
"101","OIL",1180,1
"101","OIL",2798,1
"101","OIL",2052,2
"101","OIL",2116,2
"101","OIL",1920,2
"101","OIL",2986,2
"101","PROPANE-TANK",2021,1
"101","OIL",1762,2
"101","OIL",2280,1
"101","OIL",2088,1
"101","OIL",1704,1
"101","OIL",1912,1
"101","OIL",1860,1
"101","OIL",1504,1
"101","OIL",1026,1
"101","OIL",1684,1
"101","OIL",1704,1
"101","PROPANE-TANK",2170,2
"101","OIL",3300,2
"101","OIL",2412,1
"101","OIL",2362,2
"101","OIL",3087,1.7
"101","OIL",1824,2
"101","OIL",1334,1
"101","OIL",2638,1
"101","OIL",1876,1
"101","OIL",2864,2
"101","GAS",4587,1
"101","OIL",3008,2
"101","OIL",3504,2
"101","OIL",2036,1
"929","OIL",2010,1
"101","OIL",1756,1
"101","PROPANE-TANK",2936,1
"101","OIL",1860,1
"101","OIL",2310,1
"101","OIL",2032,1
"101","OIL",2032,1
"101","OIL",2032,1
"101","OIL",1852,1
"101","OIL",1574,1
"101","OIL",2097,1
"101","OIL",1474,1
"101","OIL",2170,2
"101","OIL",2345,1
"101","OIL",1943,1.7
"101","OIL",3255,2
"101","OIL",1644,1
"101","OIL",2908,1
"101","OIL",2698,1
"101","OIL",3344,1
"101","OIL",1890,1
"101","OIL",3326,1
"101","OIL",1890,1
"101","OIL",1884,1
"101","OIL",1680,1
"101","OIL",2064,1
"101","OIL",2024,1
"101","OIL",1780,1
"101","OIL",2174,1
"101","OIL",1828,1
"101","OIL",2008,1
"101","OIL",2364,1
"101","OIL",2032,1
"101","OIL",2032,1
"101","OIL",2832,2
"101","OIL",1608,1
"101","OIL",3146,2
"101","OIL",3320,2
"101","OIL",2120,2
"101","OIL",4148,2
"101","OIL",4018,1
"101","OIL",2670,2
"101","OIL",2240,2
"101","OIL",2872,1
"101","OIL",2240,2
"101","GAS",2309,1.7
"101","OIL",3782,1
"101","OIL",2866,2
"101","OIL",3690,2
"101","OIL",8463,2
"101","OIL",2696,2
"101","GAS",2160,2
"101","OIL",1938,1
"101","OIL",2028,1
"101","OIL",1820,1
"101","OIL",2276,1
"101","OIL",2325,1
"101","OIL",2632,1
"101","OIL",2122,1
"101","OIL",1663,1
"101","OIL",2835,2
"101","OIL",3248,2
"101","OIL",1689,1
"101","OIL",2213,1
"101","OIL",1659,1
"101","OIL",1323,1
"101","OIL",963,1
"101","OIL",2168,1
"101","OIL",1011,1
"101","OIL",2370,2
"101","OIL",2058,2
"101","OIL",1603,1
"101","OIL",1060,1
"101","OIL",2198,1
"101","OIL",6471,1.7
"101","OIL",1060,1
"101","OIL",2332,2
"101","OIL",2332,2
"101","OIL",2918,2
"101","OIL",1968,1
"101","OIL",2132,1
"101","OIL",5062,2
"101","OIL",1976,1
"101","OIL",5874,1.7
"101","OIL",1852,1
"101","OIL",1832,1
"101","OIL",2138,1
"101","OIL",1466,1
"101","OIL",2628,1
"101","OIL",2436,2
"101","OIL",1105,1
"101","ELECTRIC",1764,1
"101","OIL",4865,2
"101","OIL",3535,1.7
"101","GAS",1607,1.7
"101","OIL",1546,1
"101","OIL",2574,1
"101","OIL",2870,2
"101","GAS",1668,1
"101","GAS",2726,2
"101","OIL",1344,2
"101","OIL",1568,1.7
"101","OIL",3568,2
"101","GAS",3814,2
"101","OIL",1618,1
"101","GAS",1586,1
"101","OIL",1626,1
"101","GAS",2108,1
"101","ELECTRIC",1400,1
"101","ELECTRIC",1872,1
"101","OIL",1556,1
"101","OIL",1536,2
"101","OIL",1648,2
"101","OIL",1662,1
"101","GAS",5135,2
"101","GAS",4668,2
"101","OIL",2580,1
"101","ELECTRIC",1434,1
"101","OIL",1275,1.7
"101","OIL",2336,1
"101","GAS",1972,1
"101","GAS",3540,2
"101","OIL",2576,2
"101","OIL",960,1
"101","GAS",2000,2
"101","GAS",2908,2
"101","GAS",1501,1
"101","OIL",1192,1
"101","GAS",960,1
"101","OIL",864,1
"101","OIL",1276,1
"101","OIL",1873,1
"101","GAS",1556,1
"101","GAS",2061,1
"101","GAS",2614,2
"101","GAS",2220,1
"101","GAS",1856,1
"101","GAS",2208,1
"101","GAS",1836,1
"101","GAS",2262,1
"101","GAS",2104,1
"101","GAS",2452,1
"101","GAS",1664,1
"101","GAS",2908,1
"101","GAS",1916,1
"101","GAS",2497,1
"101","GAS",2994,1
"101","OIL",2908,1
"101","GAS",1571,1
"101","GAS",1856,1
"101","GAS",1456,1
"101","GAS",1584,1
"101","GAS",1020,1
"101","GAS",1780,2
"101","GAS",1344,1
"101","GAS",1080,1
"101","GAS",1080,1
"101","GAS",5481,1
"101","GAS",1948,1
"101","OIL",3138,2
"101","GAS",1904,1
"101","GAS",3588,1.7
"101","GAS",1584,2
"101","GAS",3600,2
"101","GAS",2237,1.7
"101","OIL",2178,2
"101","GAS",2811,2
"101","OIL",2898,1.7
"101","OIL",2464,2
"101","GAS",1759,1
"101","OIL",1433,1
"101","GAS",1543,1
"101","GAS",1304,1
"101","GAS",2028,1
"101","GAS",1925,1
"101","GAS",2537,1
"101","OIL",2356,1
"101","OIL",2518,1
"101","OIL",2188,1
"101","OIL",2128,1
"101","GAS",2044,1
"101","OIL",2292,2
"101","OIL",2328,2
"101","OIL",2304,2
"101","OIL",2364,1.7
"101","OIL",2712,1
"101","GAS",2450,2
"101","GAS",2188,1
"101","OIL",1548,1
"101","OIL",2688,1
"101","OIL",2446,1
"101","OIL",2372,2
"101","OIL",2152,1
"101","OIL",1732,1
"101","OIL",2482,1
"101","OIL",2372,2
"101","OIL",2446,1
"101","OIL",2936,1
"101","OIL",1852,1
"101","OIL",2556,2
"101","OIL",1517,1
"101","OIL",1476,1.7
"101","OIL",1680,1
"101","OIL",2080,1
"101","OIL",1760,1
"101","OIL",2660,1
"101","OIL",2853,2
"101","OIL",2168,1
"101","OIL",2080,1
"101","OIL",2372,2
"101","OIL",1644,1
"101","OIL",2080,1
"101","OIL",1644,1
"101","OIL",2188,1
"101","OIL",3942,2
"101","OIL",2396,1
"101","OIL",2684,1
"101","OIL",3665,2
"101","OIL",3328,2
"101","OIL",2128,1
"101","OIL",2240,1
"101","OIL",2172,1
"101","OIL",3328,1
"101","OIL",2542,1
"101","OIL",2372,2
"101","OIL",2128,1
"101","OIL",4784,2
"101","PROPANE-TANK",2316,1
"101","OIL",2128,1
"101","OIL",2128,1
"101","ELECTRIC",3264,1
"101","OIL",2080,1
"101","OIL",1396,1
"101","OIL",1680,1
"101","OIL",3247,1
"101","OIL",2528,1
"101","OIL",2290,1
"101","OIL",2338,2
"101","OIL",2360,2
"101","OIL",1868,1
"101","OIL",1170,1
"101","OIL",2332,2
"101","OIL",1098,1
"101","OIL",1432,1
"101","OIL",3202,1
"101","OIL",2236,1
"101","OIL",2128,1
"101","OIL",2066,1
"959","OIL",2128,1
"101","OIL",2244,1
"101","OIL",2288,2
"101","OIL",1176,1
"101","GAS",3275,1
"101","OIL",1200,1
"101","OIL",2548,1
"101","OIL",921,1
"101","OIL",1440,1.7
"101","OIL",1452,1.7
"101","OIL",2408,2
"101","GAS",1664,2
"101","OIL",1560,2
"101","OIL",1560,2
"101","OIL",1752,2
"101","OIL",1560,2
"104","OIL",1907,1.7
"101","OIL",2010,2
"104","OIL",3139,2
"102","GAS",2298,2
"102","GAS",2298,2
"102","GAS",2418,2
"102","GAS",2298,2
"102","GAS",2298,2
"102","GAS",2298,2
"102","GAS",2298,2
"102","GAS",2298,2
"102","GAS",2274,2
"102","GAS",2298,2
"102","GAS",2418,2
"102","GAS",2298,2
"102","GAS",2298,2
"102","GAS",2418,2
"102","GAS",2298,2
"102","GAS",2298,2
"102","GAS",2418,2
"102","GAS",2298,2
"102","GAS",2298,2
"102","GAS",2298,2
"102","GAS",2418,2
"102","GAS",2298,2
"102","GAS",2418,2
"102","GAS",2244,2
"102","GAS",2418,2
"102","GAS",2418,2
"102","GAS",2018,2
"102","GAS",2418,2
"102","GAS",2298,2
"102","GAS",2418,2
"102","GAS",2718,2
"102","GAS",1898,2
"102","GAS",2298,2
"102","GAS",2398,2
"102","GAS",2338,2
"102","GAS",2418,2
"102","GAS",2418,2
"102","GAS",2418,2
"102","GAS",2298,2
"102","GAS",2298,2
"102","GAS",2298,2
"102","GAS",2418,2
"102","GAS",2298,2
"101","OIL",2956,2
"101","OIL",2302,1
"101","GAS",1446,1.7
"101","GAS",2908,2
"101","OIL",1611,1
"101","OIL",1434,1
"101","OIL",975,1
"101","OIL",1439,1
"101","OIL",1332,1.7
"101","OIL",1766,1
"101","OIL",1240,1
"101","OIL",1206,1.7
"101","OIL",1016,1
"101","OIL",2135,1.7
"101","OIL",1032,1
"101","OIL",2841,1
"101","GAS",1120,1
"101","OIL",1516,2
"101","OIL",2390,2
"101","GAS",1118,1
"101","ELECTRIC",1818,1
"101","OIL",3080,2
"101","OIL",3080,2
"101","OIL",1405,1
"101","GAS",4732,1
"101","GAS",1552,1
"101","GAS",1766,1
"101","GAS",2184,1
"101","GAS",1752,1
"101","GAS",2308,2
"101","GAS",2652,2
"101","GAS",2200,2
"101","GAS",2492,2
"101","OIL",2306,1
"101","GAS",2350,1
"101","GAS",1732,1
"101","GAS",3634,1
"101","GAS",1732,1
"101","GAS",2728,1
"101","GAS",2086,1
"101","GAS",2636,1
"101","ELECTRIC",1736,1
"101","GAS",2592,1
"101","GAS",1600,1
"101","GAS",2132,1
"101","GAS",2268,1
"101","GAS",2386,2
"101","GAS",1602,1
"101","GAS",2456,1
"101","GAS",1666,2
"101","GAS",1904,1
"101","GAS",1884,1
"101","GAS",1732,1
"101","GAS",1666,2
"101","GAS",1224,1
"101","GAS",2602,2
"101","GAS",1700,2
"101","GAS",2204,1
"101","OIL",2826,1
"101","GAS",1904,1
"101","GAS",1897,1
"101","GAS",1700,2
"101","GAS",2276,2
"101","ELECTRIC",2938,1.7
"101","GAS",1559,1
"101","OIL",1700,2
"101","GAS",2748,1.7
"101","GAS",1928,2
"101","GAS",1956,1
"101","GAS",1572,1
"101","GAS",1942,1
"101","GAS",2004,1
"101","GAS",1820,2
"101","GAS",1884,1
"101","GAS",1700,2
"101","OIL",1824,1
"101","GAS",1196,1
"101","OIL",1376,1
"101","OIL",1398,1.7
"101","OIL",1790,2
"102","OIL",1060,1
"102","OIL",1075,1
"101","GAS",1164,1
"101","GAS",1044,1
"101","GAS",1928,1
"101","GAS",1756,1
"101","GAS",1750,1
"101","GAS",2190,1
"101","GAS",1852,1
"101","GAS",2148,1
"101","GAS",1580,1
"101","GAS",2061,1
"101","GAS",1654,1
"101","GAS",1458,1
"101","GAS",1824,1
"101","GAS",3140,1
"101","GAS",2024,1
"101","GAS",1492,1
"101","GAS",1502,1
"101","GAS",2428,1
"101","GAS",1700,1
"101","GAS",1820,1
"101","OIL",2348,1
"101","OIL",1632,1
"101","GAS",1490,1
"101","GAS",1832,1
"101","GAS",2580,1
"101","GAS",1940,1
"101","OIL",1940,1
"101","OIL",1632,1
"101","OIL",1634,1
"101","GAS",1892,1
"101","OIL",1344,1
"101","OIL",1588,1
"101","OIL",1904,1
"101","GAS",1632,1
"101","GAS",1624,1
"101","GAS",2531,2
"101","GAS",2138,1
"101","OIL",1654,1
"101","OIL",1942,1
"101","OIL",2094,1
"101","GAS",2112,1
"101","GAS",1586,1
"101","OIL",2270,2
"101","OIL",1940,2
"101","GAS",1844,1
"101","GAS",1552,1
"101","GAS",1784,1
"101","GAS",1896,1
"101","OIL",1544,1
"101","GAS",1658,1
"101","OIL",1588,1
"101","OIL",1854,1
"101","OIL",1804,1
"101","OIL",1584,1
"101","GAS",1804,1
"101","GAS",1764,1
"101","OIL",1456,1
"101","GAS",1612,1
"101","GAS",1652,1
"101","GAS",2750,1
"101","GAS",1300,1
"101","GAS",2514,2
"101","OIL",1396,1
"101","GAS",1321,1
"101","GAS",2628,2
"101","OIL",2947,2
"101","GAS",1308,1
"101","GAS",2034,1
"101","GAS",1422,1
"101","GAS",1154,1
"101","OIL",880,1
"101","GAS",1044,1
"101","OIL",1044,1
"101","GAS",2626,1.7
"101","GAS",1044,1
"101","GAS",1694,1
"101","GAS",1261,1.7
"101","GAS",2132,1
"101","GAS",2392,1
"101","GAS",2200,2
"101","GAS",2508,2
"101","ELECTRIC",1944,1
"101","OIL",1196,1
"101","OIL",1356,1
"104","GAS",2446,2
"101","GAS",2144,1
"101","OIL",1210,1.7
"101","OIL",1586,2
"101","OIL",2128,2
"101","GAS",2584,1
"101","GAS",2172,1
"101","OIL",2390,1
"101","GAS",2264,1
"101","GAS",2440,1
"101","OIL",1608,1
"101","OIL",1908,1
"101","OIL",1028,1
"101","OIL",1040,1
"104","GAS",2392,2
"101","GAS",1164,1
"101","OIL",2324,1
"101","OIL",1165,1
"101","OIL",1720,2
"101","OIL",1187,1
"101","GAS",1212,1
"101","OIL",1284,1
"101","GAS",2474,2
"101","GAS",1352,1
"101","OIL",2652,1
"101","GAS",1816,1
"101","GAS",1636,1
"101","GAS",2575,1
"101","GAS",1044,1
"101","GAS",1236,1
"101","GAS",1588,1
"101","GAS",1694,2
"101","GAS",1995,2
"101","OIL",1886,2
"101","GAS",2032,2
"101","OIL",3170,2
"101","GAS",1680,2
"101","GAS",2122,1
"101","GAS",2064,1
"101","GAS",1836,1
"101","GAS",1842,1
"101","GAS",2048,1
"101","GAS",1916,1
"101","GAS",1752,1
"101","GAS",1724,1
"101","OIL",1164,1
"101","GAS",1248,1
"101","OIL",1484,1
"101","GAS",1314,1
"101","GAS",1364,1
"101","GAS",1174,1
"101","GAS",1431,1
"101","GAS",2292,1
"101","OIL",1516,1
"101","GAS",3520,2
"101","OIL",1378,1
"101","OIL",1384,1
"101","OIL",2056,1
"101","GAS",1820,1
"101","GAS",1224,1
"101","OIL",1044,1
"101","GAS",2352,2
"101","GAS",1428,1
"101","OIL",2230,1
"101","GAS",1712,1
"101","GAS",1044,1
"101","GAS",1044,1
"101","GAS",1404,1
"101","GAS",2336,1
"101","GAS",2162,1
"101","OIL",1836,2
"101","OIL",1836,2
"101","OIL",2135,2
"101","OIL",2364,2
"101","OIL",2150,1
"101","OIL",1946,1
"101","OIL",1814,1
"101","OIL",1814,1
"101","GAS",1044,1
"101","GAS",1444,1
"101","GAS",1044,1
"101","GAS",1379,1
"101","OIL",1632,1
"101","OIL",1384,1
"101","GAS",1720,1
"101","OIL",1308,1
"101","OIL",1632,1
"101","OIL",1924,1
"101","GAS",1458,1
"101","OIL",2044,1
"101","GAS",2676,1
"101","GAS",1296,1
"101","GAS",1338,1
"101","OIL",1044,1
"101","OIL",1444,1
"101","GAS",1784,1
"101","GAS",1296,1
"101","GAS",1380,1
"101","GAS",1408,1
"101","GAS",2839,1
"101","GAS",1458,1
"101","GAS",1478,1
"101","GAS",1314,1
"101","GAS",2608,1
"101","GAS",2776,1.7
"101","GAS",1234,1
"101","GAS",1779,1
"101","OIL",2050,1
"101","GAS",1504,1
"101","OIL",1044,1
"101","GAS",1212,1
"101","OIL",1401,1
"101","GAS",1324,1
"101","OIL",1388,1
"101","GAS",1544,1
"101","GAS",1044,1
"101","GAS",1260,1
"101","GAS",1234,1
"101","GAS",2305,1
"101","GAS",1572,1
"101","GAS",1884,1
"101","OIL",1423,1.7
"101","GAS",2002,1
"101","OIL",2180,1
"101","GAS",1940,2
"101","GAS",1732,1
"101","GAS",1792,1
"101","OIL",1404,1
"101","OIL",1275,1
"101","GAS",2964,1
"101","GAS",1689,1
"101","GAS",1043,1
"101","OIL",2412,1.7
"101","GAS",1824,1
"101","GAS",2939,1
"101","GAS",2224,1
"101","GAS",2480,1
"101","GAS",2298,1
"101","OIL",2128,2
"101","OIL",2342,1.7
"101","GAS",1482,1
"101","GAS",1568,1
"101","GAS",3272,1
"101","GAS",2044,1
"101","GAS",2328,1
"101","GAS",1880,1
"101","GAS",1924,1
"101","GAS",1624,1
"101","GAS",1914,1
"101","GAS",1898,1
"101","GAS",1732,1
"101","GAS",1864,1
"101","GAS",2033,1
"101","GAS",2742,1
"101","GAS",1600,1
"101","GAS",1889,1
"101","GAS",1954,1
"101","GAS",2282,1.7
"101","GAS",3728,1
"101","GAS",2704,1
"101","GAS",2064,1
"101","GAS",2552,1
"101","GAS",2867,1
"101","GAS",4208,1
"101","GAS",1764,1
"101","GAS",1864,1
"101","GAS",1652,1
"101","GAS",2776,1
"101","GAS",2406,1
"101","GAS",1840,1
"101","GAS",1854,1
"101","GAS",2460,2
"101","GAS",4827,1
"101","GAS",2044,1
"101","GAS",2080,1
"101","GAS",3020,1
"101","GAS",1650,1
"101","GAS",1714,1
"101","GAS",2632,1
"101","GAS",2152,1
"101","GAS",1984,1
"101","GAS",1984,1
"101","GAS",2114,1
"101","GAS",1522,1
"101","OIL",1648,1
"101","GAS",1854,1
"101","GAS",1840,1
"101","GAS",2404,1
"101","GAS",1792,1
"101","GAS",1704,1
"101","GAS",2364,1
"101","GAS",1864,1
"101","OIL",3902,1
"101","GAS",3058,1
"101","GAS",2384,1
"101","GAS",2372,1
"101","GAS",1840,1
"101","GAS",2224,1
"101","GAS",1840,1
"101","GAS",2200,1
"101","GAS",2032,1
"101","GAS",2342,1
"101","GAS",1606,1
"101","GAS",2664,1
"101","GAS",2250,1
"101","OIL",3104,1
"101","GAS",2164,1
"101","GAS",1700,1
"101","GAS",3954,2
"101","GAS",2400,2
"101","GAS",1548,1
"101","GAS",1568,1
"101","GAS",1528,1
"101","GAS",3480,2
"101","GAS",1850,1
"101","GAS",2422,2
"101","GAS",1808,1
"101","GAS",2014,1
"101","GAS",2016,1
"101","GAS",1840,1
"101","GAS",3313,1
"101","GAS",1644,1
"101","GAS",1832,2
"101","OIL",3282,1
"101","ELECTRIC",3968,2
"101","GAS",3114,2
"101","OIL",1431,1
"101","OIL",1553,1
"101","OIL",1540,1
"101","GAS",4204,1.7
"101","OIL",1682,1
"101","GAS",1578,1.7
"101","OIL",2032,1.7
"101","OIL",1632,2
"101","ELECTRIC",3179,1
"101","GAS",2786,2
"101","OIL",2369,1.7
"101","GAS",2358,1
"101","GAS",1990,1
"101","GAS",2190,1
"101","GAS",2050,2
"101","GAS",2267,1.7
"101","OIL",3154,2
"101","OIL",2537,2
"101","OIL",4450,1
"101","OIL",2556,2
"101","OIL",2266,1.7
"101","OIL",3892,1
"101","OIL",2199,2
"101","OIL",2162,2
"101","GAS",2102,1
"101","GAS",1930,1
"101","GAS",1790,1
"101","GAS",1792,1
"101","GAS",2516,1
"101","ELECTRIC",1888,1
"101","GAS",1632,1
"101","GAS",1848,1
"101","GAS",1548,1
"101","GAS",1438,1
"101","GAS",1909,1
"101","GAS",1500,1
"101","GAS",1308,1
"101","GAS",1528,1
"101","GAS",2223,1
"101","GAS",2676,1
"101","GAS",2552,1
"101","GAS",1464,1
"101","GAS",2419,1
"101","GAS",1528,1
"101","GAS",2470,1
"101","GAS",1634,1
"101","GAS",1498,1
"101","GAS",2470,1
"101","GAS",1656,1
"101","GAS",2368,1
"101","GAS",1654,1
"101","GAS",2149,1
"101","GAS",2074,1
"101","GAS",2884,1
"101","GAS",1898,1
"101","GAS",1801,1
"101","GAS",2460,1
"101","GAS",1648,1
"101","GAS",1404,1
"101","GAS",1624,1
"101","GAS",1676,1
"101","GAS",3170,1
"101","GAS",1792,1
"101","GAS",2843,1
"101","GAS",2451,1
"101","GAS",1770,1
"101","GAS",1404,1
"101","GAS",1804,1
"101","GAS",1811,1
"101","GAS",1768,1
"101","GAS",2679,1
"101","GAS",1402,1
"101","GAS",1808,1
"101","GAS",1882,1
"101","GAS",1392,1
"101","GAS",1730,1
"101","OIL",1880,1
"101","OIL",1577,1
"101","OIL",1885,1
"101","GAS",1578,1
"101","GAS",1521,1
"101","OIL",1357,1
"101","OIL",1204,1
"101","OIL",3356,2
"101","GAS",3000,2
"101","OIL",1632,1
"101","OIL",1440,1
"101","GAS",1262,1
"101","GAS",2602,1.7
"101","OIL",2008,1
"101","GAS",2176,2
"101","GAS",2492,2
"101","OIL",2422,2
"101","GAS",3312,2
"101","GAS",2556,2
"101","OIL",3485,1.7
"101","OIL",2464,2
"101","GAS",2845,1
"101","GAS",1868,1
"101","GAS",1524,1
"101","GAS",1348,1
"101","GAS",1528,1
"101","GAS",1348,1
"101","GAS",1448,1
"101","GAS",1608,1
"101","OIL",1848,1
"101","OIL",1392,1
"101","GAS",2664,2
"101","GAS",2244,1
"101","GAS",2168,1
"101","GAS",1856,1
"101","GAS",1965,1
"101","GAS",1638,1
"101","GAS",4186,2
"959","OIL",4326,1
"101","OIL",3882,1
"101","OIL",2517,2
"101","OIL",2242,1.7
"101","OIL",5039,1.7
"101","OIL",2032,1
"101","GAS",2153,2
"101","GAS",2628,2
"101","OIL",2502,2
"101","OIL",2538,1
"101","GAS",4453,1
"101","GAS",2167,1
"101","GAS",2724,2
"101","GAS",1974,2
"101","OIL",2105,1
"101","OIL",1608,1
"101","OIL",2783,1
"101","OIL",1628,2
"101","GAS",2128,2
"101","OIL",1532,1
"101","OIL",1298,1
"101","GAS",1371,1
"101","OIL",1026,1
"101","GAS",2148,2
"101","GAS",3322,1
"101","GAS",2176,1
"101","OIL",1467,1
"101","OIL",2884,2
"101","GAS",2542,1
"101","GAS",3171,2
"101","GAS",3287,2
"101","OIL",1944,2
"101","GAS",3484,2
"101","GAS",2000,1
"101","GAS",1944,2
"101","GAS",2284,2
"101","GAS",3280,2
"101","GAS",2172,1
"101","GAS",2463,1
"101","GAS",3216,2
"101","GAS",2833,2
"101","GAS",2495,2
"101","GAS",3128,2
"101","GAS",2460,1
"101","GAS",2972,2
"101","GAS",3384,2
"101","GAS",4344,2
"101","GAS",2884,2
"101","GAS",2128,2
"101","GAS",2712,2
"101","GAS",1762,1
"101","OIL",2086,1
"101","OIL",2156,1.7
"101","GAS",2464,2
"101","GAS",2694,2
"101","GAS",2367,1
"101","OIL",1855,2
"101","OIL",1775,1
"101","OIL",1832,2
"101","OIL",2083,1
"101","OIL",1844,1
"101","GAS",2080,2
"101","OIL",2240,2
"101","GAS",3424,2
"101","GAS",3096,2
"101","GAS",2588,2
"102","OIL",1349,1
"102","OIL",1412,1
"102","OIL",1150,2
"102","OIL",1150,2
"102","OIL",1150,2
"102","OIL",1150,2
"104","GAS",3512,2
"104","GAS",3840,2
"101","OIL",1248,1
"101","OIL",1456,1.7
"101","OIL",1248,1
"101","OIL",832,1
"101","OIL",1248,1
"101","OIL",1456,1.7
"101","OIL",1248,1
"101","OIL",2492,1.7
"101","OIL",1012,1
"101","OIL",1352,1
"101","OIL",1520,1
"101","GAS",1352,1
"101","OIL",904,1
"101","GAS",2402,1.7
"105","GAS",4546,2
"101","GAS",2020,2
"101","GAS",1008,1
"101","GAS",1470,2
"101","OIL",1189,1
"101","OIL",1144,1
"101","GAS",1470,2
"101","GAS",1609,1
"101","GAS",1356,1
"101","GAS",1880,1
"101","GAS",1644,1
"101","GAS",1676,1
"101","GAS",1744,1
"101","GAS",1498,1
"101","OIL",1596,2
"101","OIL",1845,1.7
"101","OIL",1497,1.7
"101","OIL",1566,2
"101","OIL",1344,1
"101","OIL",1388,1
"101","OIL",1572,1.7
"101","OIL",1488,1
"101","OIL",1876,1
"101","PROPANE-TANK",2938,1
"101","OIL",2876,2
"101","OIL",994,1
"104","OIL",2898,2
"101","OIL",843,1
"101","OIL",1168,1
"101","OIL",1512,1.7
"101","OIL",1680,2
"101","OIL",1547,1.7
"101","OIL",1460,1
"101","OIL",1666,1.7
"101","OIL",1040,1
"101","OIL",1796,2
"101","OIL",1510,1
"101","OIL",1000,1
"101","OIL",2754,2
"101","OIL",2080,2
"101","OIL",2160,2
"101","OIL",1040,1
"101","OIL",1040,1
"101","ELECTRIC",1040,1
"101","ELECTRIC",960,1
"101","OIL",2120,2
"101","OIL",1260,1
"101","OIL",1040,1
"101","OIL",1040,1
"101","OIL",1040,1
"101","OIL",1040,1
"101","OIL",1476,1
"101","OIL",2806,2
"101","OIL",1476,1
"101","OIL",1840,1
"101","OIL",1040,1
"101","OIL",1702,1
"101","OIL",2084,1
"101","OIL",1547,1.7
"101","OIL",1586,1.7
"101","OIL",946,1
"101","OIL",2632,2
"101","GAS",2376,1
"101","GAS",1756,1
"101","GAS",1532,1
"101","GAS",1792,1
"101","GAS",1628,1
"101","GAS",2240,1
"101","OIL",1668,1
"101","GAS",2028,1
"101","GAS",2152,1
"101","GAS",1544,1
"101","GAS",1584,1
"101","GAS",1972,1
"101","GAS",1606,1
"101","OIL",1988,1
"101","GAS",1820,1
"101","OIL",1084,1
"101","OIL",1700,2
"101","OIL",1768,2
"101","OIL",2133,2
"101","OIL",1096,1
"101","OIL",1620,1.7
"101","OIL",960,1
"101","OIL",2208,2
"101","OIL",1368,1.7
"101","OIL",1400,1
"101","OIL",2040,1
"101","OIL",1662,1
"101","OIL",1344,1.7
"101","OIL",1284,1
"101","OIL",1428,1.7
"101","OIL",1472,1
"101","OIL",1841,1
"101","OIL",2080,2
"101","ELECTRIC",2246,1
"101","OIL",1496,1
"101","OIL",1518,1
"101","GAS",1096,1
"101","OIL",1666,2
"101","OIL",1096,1
"101","GAS",1460,1
"101","OIL",1200,1
"101","GAS",2178,2
"101","OIL",1666,1.7
"101","GAS",2184,1
"101","GAS",1376,1.7
"101","OIL",1440,1.7
"101","OIL",1344,1.7
"101","OIL",1733,1.7
"101","OIL",1216,1
"101","GAS",1128,1
"101","GAS",1344,1
"101","OIL",1404,1.7
"101","GAS",1155,1.7
"101","OIL",1568,2
"101","OIL",1008,1
"101","OIL",1013,1
"101","GAS",1344,1.7
"101","OIL",1764,1.7
"101","OIL",1064,1
"101","OIL",1765,1.7
"101","OIL",1365,1.7
"101","GAS",2046,1.7
"101","OIL",1832,1
"101","OIL",1054,1
"101","OIL",1547,1.7
"101","GAS",1110,1
"101","GAS",1193,1
"101","OIL",1690,1
"104","OIL",3130,2
"101","OIL",1260,1.7
"101","OIL",1526,2
"101","OIL",1520,2
"101","GAS",1352,1
"101","OIL",1321,2
"101","GAS",1680,1
"104","GAS",2228,2
"101","GAS",1836,2
"101","GAS",2488,2
"101","OIL",1568,1.7
"104","OIL",2820,2
"101","OIL",1336,1
"101","OIL",1582,1
"101","OIL",1287,1
"101","OIL",1236,1
"101","OIL",1445,1
"101","OIL",2671,1
"101","OIL",1144,1
"101","OIL",2055,2.7
"101","OIL",1152,1
"101","OIL",1205,1
"101","ELECTRIC",855,1
"101","OIL",1950,1
"101","OIL",1408,1
"101","OIL",960,1
"101","OIL",912,1
"101","GAS",3025,3
"101","GAS",2048,2
"101","OIL",1525,1
"101","OIL",1338,1.7
"101","GAS",921,1
"101","OIL",1716,1
"101","GAS",1056,1
"101","OIL",2152,1.7
"101","OIL",2069,2
"101","OIL",1764,1.7
"101","GAS",1596,1.7
"101","OIL",2016,1.7
"101","OIL",1090,1
"716","OIL",2544,2
"101","OIL",1548,2
"101","GAS",936,1
"101","OIL",2460,1.7
"101","OIL",2428,1.7
"101","GAS",1114,1.7
"101","GAS",2820,2
"101","OIL",1070,2
"101","ELECTRIC",1836,2
"101","GAS",1160,1.7
"101","OIL",1544,1.7
"101","OIL",1038,1.7
"101","OIL",1395,1
"101","GAS",1280,1
"101","OIL",1140,2
"101","GAS",1224,2
"105","GAS",3384,2
"101","OIL",960,1
"101","OIL",3495,1
"101","OIL",1092,1
"101","GAS",2496,2
"101","OIL",1829,1
"101","OIL",1829,1
"101","OIL",1395,1
"101","OIL",2802,1.7
"101","GAS",1290,2
"101","GAS",2030,2
"101","GAS",2110,2
"101","GAS",1798,1
"101","GAS",2744,2
"101","GAS",2268,2
"101","GAS",2278,2
"101","GAS",2938,2
"101","GAS",2244,2
"101","GAS",2244,2
"102","OIL",689,1
"102","GAS",1532,1
"102","GAS",1232,1
"102","OIL",689,1
"101","OIL",1104,2
"101","OIL",1568,1
"101","GAS",890,1
"101","OIL",1035,1.7
"101","OIL",1528,1.7
"101","GAS",1238,1
"101","GAS",1246,2
"101","GAS",1635,1.7
"105","GAS",2943,2
"101","GAS",1296,1
"101","OIL",1653,1
"111","OIL",4204,3
"101","GAS",1560,2
"101","GAS",1512,1.7
"104","OIL",2112,2
"105","OIL",3348,2
"101","GAS",1092,1.7
"101","OIL",963,1.7
"101","OIL",1352,1
"101","OIL",880,1
"101","GAS",1200,1
"101","GAS",732,1
"101","GAS",1624,1
"101","GAS",1728,2
"101","GAS",1962,1.7
"101","GAS",1164,1
"101","OIL",1440,2
"101","OIL",1646,1
"101","GAS",1104,1
"101","OIL",1092,1
"101","OIL",1491,1
"101","OIL",1248,1
"101","OIL",996,1
"104","OIL",2208,2
"101","GAS",1392,2
"101","OIL",2044,2
"109","GAS",1735,1.7
"109","OIL",742,1
"101","OIL",2037,2
"101","ELECTRIC",1968,1.7
"101","OIL",1473,2
"101","OIL",1782,2
"101","GAS",1844,2
"101","OIL",1876,2
"101","GAS",1302,1.7
"101","OIL",1603,1.7
"101","OIL",1428,1.7
"101","GAS",1224,1
"104","OIL",2210,2
"101","GAS",2464,2
"101","OIL",2080,2
"101","GAS",1614,1
"101","OIL",960,1
"101","GAS",1664,2
"101","ELECTRIC",1568,2
"101","OIL",1200,1
"101","GAS",1586,2
"101","OIL",884,1
"101","OIL",1076,1.7
"101","GAS",1470,2
"101","OIL",1200,1
"101","OIL",1220,2
"101","OIL",864,1
"101","OIL",1568,2
"101","OIL",2442,1.7
"101","GAS",1499,1
"101","GAS",1152,1
"101","GAS",1200,1
"101","OIL",978,1
"101","GAS",1200,1
"101","GAS",1920,1.7
"105","GAS",4284,2
"101","GAS",1560,1
"101","GAS",1536,2
"101","GAS",2493,1.7
"101","ELECTRIC",1444,1.7
"101","OIL",1456,1.7
"101","OIL",1344,1.7
"101","OIL",936,1
"101","OIL",960,1
"101","GAS",1617,2
"101","OIL",1344,1.7
"101","OIL",802,1
"101","OIL",1242,1
"101","OIL",1227,1
"101","OIL",1152,1
"101","OIL",1080,1
"101","OIL",2009,2
"104","OIL",1542,1
"101","OIL",1405,1
"101","OIL",2468,1.7
"101","OIL",1931,1.7
"101","OIL",1551,1.7
"101","OIL",1952,2
"101","OIL",896,1
"101","OIL",2450,1.7
"101","OIL",2156,1.7
"101","OIL",2560,2
"101","OIL",1728,2
"101","OIL",1164,1.7
"101","GAS",1635,1
"101","OIL",1280,1
"101","GAS",1603,1
"101","OIL",1887,2
"104","GAS",2066,2
"101","OIL",2240,2
"101","OIL",1995,1.7
"101","GAS",1260,1
"101","GAS",1125,1
"101","OIL",960,1
"101","OIL",2291,1
"104","OIL",2063,1.7
"101","OIL",1868,2
"013","GAS",1914,1
"101","GAS",1000,1
"101","OIL",2395,1
"101","GAS",1372,1
"101","OIL",2166,1
"101","OIL",1155,1.7
"101","OIL",1365,1.7
"101","OIL",1344,1.7
"101","OIL",1365,1.7
"101","GAS",1468,1.7
"101","OIL",990,1
"101","OIL",2178,1.7
"101","GAS",2436,2
"101","GAS",1060,1
"101","GAS",1000,1
"101","OIL",1644,1.7
"101","GAS",1108,1
"101","GAS",1296,1
"101","GAS",1792,1.7
"101","GAS",1248,1
"101","GAS",1192,1
"101","ELECTRIC",928,1
"101","GAS",1400,1
"101","GAS",2432,2
"101","GAS",1040,1
"101","GAS",1394,1.7
"101","GAS",1576,2
"101","GAS",1016,1
"101","GAS",1624,1.7
"101","GAS",1464,1.7
"101","GAS",808,1
"101","GAS",808,1
"101","GAS",2280,1.7
"101","OIL",3852,2
"101","GAS",1757,1
"101","OIL",1365,1.7
"101","GAS",1517,1.7
"101","GAS",1690,2
"101","GAS",1844,2
"101","OIL",1446,1
"101","GAS",1272,1
"101","GAS",1192,1
"101","GAS",1192,1
"101","GAS",1768,2
"101","GAS",2048,1.7
"101","GAS",2376,2.7
"101","OIL",1568,2
"101","OIL",2464,2
"101","GAS",852,1
"101","GAS",1552,2
"101","GAS",1800,2
"101","GAS",1768,2
"101","OIL",1547,1.7
"101","GAS",2094,2
"101","OIL",1758,2
"101","GAS",1867,1.7
"101","GAS",1590,1
"101","GAS",1170,1
"101","GAS",1464,1.7
"101","GAS",975,1
"101","OIL",1988,2
"101","GAS",4266,2
"101","GAS",1512,1.7
"101","GAS",1936,2
"101","GAS",1736,2
"101","OIL",1728,2
"101","GAS",2960,2
"101","GAS",1916,2
"101","GAS",2018,2
"101","GAS",2296,2
"101","GAS",1842,1
"101","GAS",2648,2
"101","GAS",1900,2
"101","GAS",1936,2
"101","GAS",1896,2
"101","GAS",2036,1
"101","GAS",1936,2
"101","GAS",2092,2
"101","GAS",1900,2
"101","GAS",2288,2
"101","GAS",2236,1
"101","GAS",1848,1
"101","GAS",1740,2
"101","GAS",1644,1
"102","GAS",965,1
"102","GAS",735,1
"102","GAS",750,1
"102","OIL",1092,1
"102","OIL",1092,1
"101","OIL",2296,1.7
"101","OIL",1678,2
"101","GAS",1728,1
"101","OIL",3100,1
"101","OIL",1928,1
"101","OIL",2588,2
"101","OIL",1632,1
"101","OIL",2130,1
"101","OIL",2104,1
"101","OIL",3230,1
"101","OIL",3008,2
"101","OIL",3120,2
"101","OIL",1920,2
"101","OIL",1584,1
"101","OIL",2248,2
"101","OIL",1790,1
"101","OIL",1920,2
"101","OIL",3776,1
"101","OIL",1920,2
"101","OIL",2144,2
"101","OIL",1104,1
"101","OIL",2880,2
"101","OIL",960,1
"101","OIL",2288,2
"101","OIL",3121,2
"101","ELECTRIC",1650,1
"101","OIL",2258,1
"101","OIL",2124,2
"109","GAS",2078,1
"109","GAS",798,1
"101","OIL",3396,1.7
"101","OIL",2424,1
"101","OIL",1412,1
"101","OIL",2374,1
"101","OIL",1364,1
"101","OIL",2008,1
"101","OIL",1902,1
"101","GAS",3512,2
"101","GAS",2448,2
"101","OIL",2909,1
"959","OIL",2008,1
"101","OIL",2110,1
"101","OIL",1102,1
"101","GAS",3127,2
"101","OIL",1808,1
"101","GAS",3048,1
"101","OIL",2106,1
"101","GAS",2607,1
"101","GAS",1506,1
"101","OIL",912,1
"101","OIL",2542,2
"101","OIL",1500,1
"101","OIL",2087,1
"101","OIL",2036,2
"101","OIL",3405,2
"101","OIL",2012,1
"101","OIL",1680,1
"101","OIL",1608,1
"101","GAS",2355,2
"101","OIL",2426,1.7
"101","OIL",1040,1
"101","GAS",1530,1
"101","GAS",4013,2
"101","OIL",2160,2
"101","OIL",1367,1
"101","OIL",4242,2
"101","OIL",1480,1
"101","OIL",4726,1
"101","OIL",2600,1
"101","PROPANE-TANK",3668,1.7
"101","PROPANE-TANK",4049,1
"101","OIL",1938,1
"101","OIL",2914,2
"101","OIL",1608,1
"101","OIL",1608,1
"101","OIL",1972,1
"101","OIL",2014,2
"101","OIL",1367,1
"101","OIL",2160,2
"101","GAS",1350,1
"101","GAS",1477,1
"101","GAS",1446,1
"101","GAS",1605,1
"101","GAS",2134,1
"101","GAS",1669,1
"101","GAS",1644,1
"101","GAS",1422,2
"101","GAS",1237,1
"101","GAS",2484,1
"101","OIL",1168,1
"101","GAS",1584,2
"101","OIL",1616,1
"101","GAS",1895,1
"101","GAS",1460,1
"101","GAS",2012,1
"101","GAS",1864,1
"101","GAS",2918,1
"101","GAS",1864,1
"101","GAS",2444,1
"101","GAS",2962,1
"101","GAS",1864,1
"101","GAS",2114,2
"101","GAS",1789,1
"101","GAS",4264,2
"101","OIL",2814,2
"101","GAS",4666,2
"101","OIL",1428,1
"101","OIL",1296,1
"101","OIL",1696,1
"101","OIL",1175,1
"101","OIL",2102,2
"101","OIL",1356,1
"101","OIL",1596,1
"959","OIL",2229,1
"101","OIL",1296,1
"101","OIL",2055,1
"101","OIL",3437,2
"101","GAS",2080,2
"101","OIL",1608,1
"101","OIL",1596,1
"101","OIL",1428,1
"101","OIL",1858,1
"101","OIL",1608,1
"101","OIL",1608,1
"101","OIL",1703,1
"101","OIL",2333,2
"101","OIL",1492,1
"101","OIL",1464,1
"101","OIL",1703,1
"101","OIL",1644,1
"101","OIL",1296,1
"101","OIL",1175,1
"101","OIL",2256,2
"101","OIL",2712,2
"101","OIL",1104,1
"101","OIL",1116,1
"101","ELECTRIC",2664,1
"101","OIL",1888,2
"101","OIL",2886,2
"101","OIL",2664,2
"101","OIL",2068,2
"101","GAS",1471,1
"101","GAS",1592,1
"101","GAS",1929,1
"101","GAS",4232,2
"101","GAS",2002,1
"101","GAS",1391,1
"101","GAS",1365,1
"101","GAS",1497,1
"101","GAS",1380,1
"101","GAS",1714,1
"101","GAS",1429,1
"101","GAS",1194,1
"101","OIL",1518,1
"101","GAS",1237,1
"101","GAS",2342,1
"101","GAS",3254,2
"101","GAS",1893,1
"101","OIL",2336,2
"101","GAS",1801,1
"101","GAS",1461,1
"101","GAS",3313,2
"101","GAS",1475,1
"101","GAS",1318,1
"101","GAS",3212,2
"101","GAS",2080,1
"101","OIL",1384,1
"101","OIL",2430,1
"101","OIL",1286,1
"101","OIL",1715,1.7
"101","OIL",1530,1
"101","OIL",3356,1
"101","OIL",2274,1
"101","OIL",2080,1
"101","OIL",2608,1
"101","OIL",2804,2
"101","OIL",1724,1
"101","GAS",1598,1
"959","OIL",2080,1
"101","OIL",2406,1
"101","OIL",2144,1
"101","OIL",1872,1
"101","OIL",3780,2
"101","OIL",3227,1
"101","OIL",1652,1
"101","OIL",2486,1
"101","OIL",1926,1
"101","OIL",2368,2
"101","OIL",1188,1
"101","OIL",2660,2
"101","OIL",1200,1
"101","OIL",1240,1
"101","OIL",1424,1
"101","OIL",1390,1
"101","OIL",2040,2
"101","OIL",1053,1
"101","OIL",2574,1
"101","OIL",1871,1
"101","OIL",1722,1
"101","OIL",1976,1
"101","OIL",1612,1
"101","OIL",1080,1
"104","OIL",2952,2
"101","ELECTRIC",2153,1
"101","OIL",1889,1
"101","OIL",1965,1
"101","OIL",1718,1
"101","OIL",2778,1
"101","OIL",2160,1
"101","OIL",1024,1
"101","OIL",2974,1
"101","OIL",1809,1.7
"101","OIL",1412,1
"101","OIL",2231,1
"101","OIL",2186,1
"101","OIL",2432,1
"101","OIL",2092,1
"101","OIL",1408,1
"101","OIL",2820,1
"101","GAS",2232,1
"101","GAS",1878,2
"101","OIL",2956,2
"101","GAS",1512,1.7
"101","GAS",1903,1
"101","GAS",2347,1
"101","GAS",2237,1
"101","GAS",1768,1
"101","GAS",2278,1
"101","GAS",1766,1
"101","GAS",3270,1
"101","GAS",3020,1
"101","GAS",1668,1
"101","OIL",2264,1
"101","GAS",1429,1
"101","GAS",1536,1
"101","GAS",1315,1
"101","GAS",1525,1
"101","GAS",1554,1
"101","OIL",1237,1
"101","GAS",2873,1
"101","OIL",1237,1
"101","GAS",1321,1
"101","GAS",1699,1
"101","GAS",1513,1
"101","GAS",1477,1
"101","GAS",1797,1
"101","ELECTRIC",1237,1
"101","OIL",1517,1
"101","GAS",2349,1
"101","GAS",1543,1
"101","GAS",1851,1
"101","GAS",1687,1
"101","OIL",1456,1
"101","GAS",1321,1
"101","GAS",3424,2
"101","GAS",1413,1
"101","GAS",1441,1
"101","GAS",1777,1
"101","GAS",1315,1
"101","GAS",2317,1
"101","GAS",1922,1
"101","GAS",1922,1
"101","GAS",4226,1
"101","GAS",1664,1
"101","GAS",2277,1
"101","GAS",1461,1
"101","GAS",1579,1
"101","GAS",2357,1
"101","GAS",2041,1
"101","GAS",1429,1
"101","GAS",2733,2
"101","GAS",2708,2
"101","GAS",3966,2
"101","GAS",3236,2
"101","GAS",2052,2
"101","OIL",1242,1
"101","GAS",3616,2
"101","GAS",2528,2
"101","GAS",2612,2
"109","OIL",910,1
"101","GAS",1884,1
"101","GAS",1156,1
"101","GAS",1180,1
"101","GAS",1044,1
"101","GAS",1044,1
"101","GAS",1784,1
"101","OIL",2003,1
"101","GAS",1376,1
"101","GAS",2146,1
"101","OIL",1912,2
"101","GAS",1836,1
"101","GAS",1620,1
"101","GAS",1644,1
"101","GAS",1904,1
"101","GAS",1544,1
"101","OIL",1428,1
"101","OIL",1376,1
"101","GAS",2258,1
"101","GAS",1934,1
"101","GAS",1044,1
"101","GAS",1044,1
"101","GAS",1332,1
"101","GAS",1296,1
"101","OIL",1803,1
"101","OIL",1332,1
"101","OIL",1107,1
"101","OIL",1078,1
"101","OIL",1107,1
"101","OIL",1120,1
"101","GAS",2624,1
"101","OIL",1068,1
"101","GAS",1616,1
"101","OIL",1110,1
"101","OIL",1110,1
"101","GAS",2034,1
"101","GAS",2301,2
"101","OIL",2472,2
"101","GAS",1920,1
"101","OIL",1232,1
"101","OIL",1547,1
"101","OIL",2080,1
"101","OIL",1068,1
"101","GAS",1234,1
"101","GAS",1228,1
"101","OIL",1228,1
"101","GAS",1228,1
"101","GAS",1492,1
"101","GAS",1974,1
"101","GAS",1844,1
"101","GAS",1646,1
"101","GAS",1578,1
"101","GAS",1578,1
"101","GAS",1536,1
"101","GAS",1228,1
"101","GAS",1636,1
"101","OIL",1646,1
"101","GAS",1812,1
"101","GAS",2606,1
"101","GAS",2148,1
"101","ELECTRIC",2328,1
"101","GAS",2072,1
"101","OIL",2096,1
"101","GAS",1210,1
"101","GAS",1433,1
"101","GAS",2154,1
"101","GAS",2290,1
"101","GAS",1120,1
"101","GAS",1184,1
"101","GAS",1184,1
"101","GAS",1184,1
"101","GAS",1296,1
"101","GAS",1492,1
"101","OIL",1994,1
"101","GAS",1952,1
"101","GAS",1574,1
"101","GAS",1184,1
"101","GAS",1578,1
"101","GAS",2336,1
"101","GAS",3064,1
"101","GAS",1762,1
"101","GAS",2236,1
"101","GAS",2276,1
"101","OIL",3156,1
"101","GAS",1636,1
"101","GAS",2564,1
"101","GAS",1504,1
"101","OIL",1904,1
"101","GAS",1184,1
"101","GAS",1184,1
"101","GAS",2474,1
"101","GAS",3034,1
"101","GAS",1810,1
"101","OIL",2438,1
"101","GAS",1596,1
"101","GAS",1152,1
"101","OIL",1352,1
"101","GAS",1916,1
"101","GAS",1848,1
"101","GAS",1344,1
"101","GAS",2630,1
"101","OIL",1508,1
"101","GAS",2616,2
"101","OIL",1415,1
"101","OIL",1415,1
"101","OIL",1703,1
"101","OIL",1703,1
"101","OIL",1432,1
"101","OIL",1360,1
"101","OIL",1360,1
"101","OIL",1008,1
"101","OIL",1264,1
"101","OIL",2794,2
"101","ELECTRIC",1008,1
"101","OIL",1008,1
"101","OIL",2180,1
"101","OIL",1776,2
"101","OIL",1836,1
"101","OIL",1008,1
"101","OIL",1712,1
"101","OIL",1360,1
"101","OIL",2908,2
"101","OIL",2408,2
"101","OIL",2252,1
"101","OIL",1008,1
"101","OIL",2380,1.7
"101","OIL",1943,1
"101","OIL",1168,1
"101","OIL",1799,1
"101","OIL",1415,1
"101","OIL",1763,1
"101","OIL",1360,1
"101","OIL",1360,1
"101","OIL",1703,1
"101","OIL",1984,2
"101","OIL",928,1
"101","OIL",1284,1
"101","OIL",1248,1
"101","OIL",1092,1
"101","OIL",1528,1
"101","OIL",2044,1
"101","OIL",928,1
"101","OIL",1674,1
"101","OIL",1276,1
"101","OIL",1228,1
"101","OIL",928,1
"101","OIL",1418,1
"101","OIL",1728,1
"101","OIL",928,1
"101","OIL",1630,1
"101","OIL",928,1
"101","OIL",2617,1
"101","OIL",1360,1
"101","OIL",2292,2
"101","OIL",1704,1
"101","OIL",1528,1
"101","OIL",1360,1
"101","OIL",1008,1
"101","OIL",3200,2
"101","OIL",1008,1
"101","OIL",1600,1
"959","OIL",1520,1
"101","OIL",1360,1
"101","OIL",1008,1
"101","OIL",1008,1
"101","OIL",1008,1
"101","OIL",1008,1
"101","OIL",1360,1
"101","OIL",1360,1
"101","OIL",1360,1
"101","OIL",1168,1
"101","OIL",1008,1
"101","OIL",1008,1
"101","OIL",1360,1
"101","OIL",2368,2
"101","OIL",1008,1
"101","OIL",1008,1
"101","OIL",1008,1
"101","OIL",1360,1
"101","OIL",2468,2
"101","OIL",1852,1
"101","OIL",2524,2
"101","OIL",1360,1
"101","OIL",2410,2
"101","OIL",2368,2
"101","OIL",1200,1
"101","GAS",1344,1
"101","GAS",3910,2
"101","OIL",2364,2
"101","OIL",1911,2
"101","GAS",2194,1
"101","OIL",3012,2
"101","OIL",1408,1
"101","OIL",1200,1
"101","OIL",1319,1
"101","OIL",3500,2
"104","OIL",2297,1
"101","OIL",1378,1
"101","OIL",1408,1
"101","OIL",1360,1
"101","OIL",1508,1
"101","OIL",1360,1
"101","OIL",2180,1
"101","OIL",1728,1
"101","OIL",1567,1
"101","OIL",1703,1
"101","OIL",1703,1
"101","OIL",2055,1
"101","OIL",1415,1
"101","OIL",1703,1
"101","OIL",1008,1
"101","OIL",1360,1
"101","OIL",1264,1
"101","OIL",2410,2
"101","OIL",1360,1
"101","OIL",1152,1
"101","OIL",1396,1
"101","OIL",2452,2
"101","OIL",2536,2
"101","OIL",1528,1
"101","GAS",1652,1
"101","OIL",1248,1
"101","OIL",2632,2
"101","OIL",2100,2
"959","OIL",1552,1
"101","OIL",1360,1
"101","OIL",2980,2
"101","OIL",1808,1
"101","OIL",1360,1
"101","OIL",1360,1
"101","OIL",1264,1
"101","OIL",2384,2
"101","OIL",1008,1
"101","OIL",1360,1
"101","OIL",1360,1
"101","OIL",3106,2
"101","OIL",2794,2
"101","OIL",1600,1
"101","OIL",1888,1
"101","OIL",1200,1
"101","OIL",1568,1
"101","ELECTRIC",1872,1
"101","OIL",1568,1
"101","OIL",1008,1
"101","OIL",1744,1
"101","OIL",1360,1
"101","OIL",2684,2
"101","OIL",2000,1
"101","OIL",1680,1
"101","OIL",2410,2
"101","OIL",2272,2
"101","OIL",2843,2
"101","OIL",2191,1
"101","OIL",4010,2
"101","OIL",1744,1
"101","OIL",1348,1
"101","OIL",1360,1
"101","OIL",1520,1
"101","OIL",1504,1
"101","OIL",1092,1
"101","OIL",1276,1
"101","OIL",1744,1
"101","OIL",1656,1
"101","OIL",1703,1
"101","PROPANE-TANK",1703,1
"101","OIL",1703,1
"101","ELECTRIC",2052,2
"905","OIL",2350,2
"101","GAS",1415,1
"101","OIL",1703,1
"101","OIL",1703,1
"101","GAS",1952,1
"101","OIL",1488,1
"101","OIL",3501,2
"101","OIL",1412,1
"101","OIL",2100,1
"101","OIL",1360,1
"101","OIL",1816,1
"101","GAS",1360,1
"101","OIL",1828,1
"101","GAS",2544,2
"101","PROPANE-TANK",1982,1.7
"101","OIL",1890,1.7
"101","GAS",1770,1
"101","GAS",1826,1
"101","OIL",1460,1.7
"101","OIL",1641,1
"101","OIL",2336,2
"013","GAS",3328,2
"101","GAS",2564,1.7
"101","OIL",1848,1
"101","GAS",3237,1
"101","GAS",3068,2
"101","GAS",3068,2
"101","OIL",2289,1
"101","OIL",2283,1
"101","GAS",1835,1
"101","OIL",1248,1
"101","OIL",2456,2
"101","OIL",1820,2
"101","GAS",2400,2
"101","OIL",2567,2
"101","OIL",960,1
"101","OIL",960,1
"101","GAS",2229,2
"101","GAS",1568,1.7
"101","GAS",1804,1.7
"101","GAS",1704,1.7
"101","OIL",1504,1.7
"101","GAS",2560,2
"101","GAS",1942,1.7
"101","GAS",1728,2
"101","GAS",1344,1.7
"101","GAS",1512,1.7
"101","GAS",1296,1
"101","OIL",1652,1.7
"101","OIL",1696,1
"101","OIL",2814,2
"101","GAS",3000,2
"101","GAS",2896,1
"101","GAS",1296,1
"101","OIL",2156,1
"101","OIL",1672,1.7
"101","OIL",2124,2
"101","GAS",1512,1.7
"101","OIL",1512,1.7
"101","GAS",1112,1
"101","GAS",1040,1
"101","GAS",1040,1
"101","GAS",2140,1.7
"101","GAS",1178,1
"101","OIL",970,1
"101","GAS",2524,1
"101","GAS",2136,2
"101","OIL",1764,2
"101","GAS",1600,2
"101","GAS",1858,2
"101","OIL",2098,2
"101","GAS",3819,2
"970","OIL",3364,2
"970","ELECTRIC",3384,2
"101","OIL",1490,1
"101","GAS",1296,1
"101","OIL",1581,1
"101","GAS",1296,1
"101","GAS",1344,1.7
"101","OIL",1304,2
"101","OIL",1296,1
"101","GAS",1448,1
"101","OIL",1944,1
"101","OIL",1676,2
"101","OIL",1356,1.7
"101","GAS",1360,1
"101","GAS",1848,1.7
"101","OIL",1836,2
"101","OIL",1634,1
"101","OIL",2221,1
"101","OIL",2242,1
"102","GAS",1488,2
"102","GAS",1536,2
"102","GAS",1047,1
"102","GAS",1046,1
"102","GAS",1051,1
"102","GAS",1043,1
"102","ELECTRIC",1488,2
"102","GAS",1536,2
"102","GAS",1512,2
"102","GAS",1512,2
"102","GAS",1045,1
"102","GAS",1045,1
"102","GAS",1048,1
"102","GAS",1048,1
"102","GAS",1536,2
"102","GAS",1488,2
"102","GAS",1488,2
"102","GAS",1536,2
"102","GAS",1048,1
"102","ELECTRIC",1044,1
"102","GAS",1043,1
"102","ELECTRIC",1046,1
"102","GAS",1512,2
"102","ELECTRIC",1536,2
"102","GAS",1488,2
"102","GAS",1536,2
"102","GAS",1488,2
"102","GAS",1050,1
"102","GAS",1051,1
"102","GAS",1054,1
"102","GAS",1051,1
"102","ELECTRIC",1488,2
"102","GAS",1536,2
"102","GAS",1045,1
"102","ELECTRIC",1045,1
"102","GAS",1048,1
"102","GAS",1048,1
"102","GAS",1512,2
"102","GAS",1488,2
"102","GAS",1536,2
"102","GAS",1488,2
"102","GAS",1536,2
"102","GAS",1045,1
"102","ELECTRIC",1045,1
"102","ELECTRIC",1048,1
"102","ELECTRIC",1048,1
"102","ELECTRIC",1488,2
"102","GAS",1536,2
"102","ELECTRIC",1045,1
"102","ELECTRIC",1045,1
"102","GAS",1048,1
"102","GAS",1048,1
"102","GAS",1536,2
"102","GAS",1488,2
"102","GAS",1045,1
"102","GAS",1045,1
"102","GAS",1048,1
"102","GAS",1048,1
"102","GAS",1536,2
"102","GAS",1488,2
"102","GAS",1045,1
"102","GAS",1045,1
"102","ELECTRIC",1048,1
"102","GAS",1048,1
"102","GAS",1488,2
"102","GAS",1536,2
"102","GAS",1536,2
"102","GAS",1488,2
"102","GAS",1045,1
"102","GAS",1045,1
"102","GAS",1048,1
"102","ELECTRIC",1048,1
"101","GAS",2320,2
"101","OIL",3465,2
"101","GAS",4286,2
"101","OIL",1587,1
"101","OIL",3504,2
"101","OIL",2530,2
"101","GAS",4061,1
"104","OIL",2148,2
"101","OIL",1805,1
"101","OIL",1967,1.7
"101","OIL",1296,1
"101","OIL",1512,1.7
"101","OIL",1404,1
"101","OIL",1728,1.7
"101","OIL",1980,2
"101","OIL",1658,1.7
"101","OIL",2136,2
"101","OIL",1872,2
"101","OIL",1512,1.7
"101","GAS",2160,2
"101","OIL",1512,1.7
"101","OIL",2572,1
"101","OIL",1784,1
"101","OIL",1872,1
"101","ELECTRIC",1860,1
"101","OIL",1744,1
"101","OIL",1944,1
"101","OIL",2262,1
"104","OIL",1988,1
"101","OIL",2284,1
"101","OIL",2408,1
"101","OIL",1480,1
"101","OIL",1584,1
"101","OIL",1584,1
"101","OIL",1736,1
"101","OIL",2080,1
"101","OIL",2608,1
"101","OIL",3685,1
"104","OIL",1986,1
"101","OIL",3541,1
"104","OIL",2054,1
"104","OIL",3092,2
"104","OIL",2196,1
"104","OIL",2502,1
"101","OIL",2214,1
"101","OIL",2956,1
"101","OIL",1928,1
"101","GAS",1764,1
"102","OIL",853,1
"102","OIL",853,1
"102","OIL",686,1
"102","OIL",686,1
"102","OIL",686,1
"102","OIL",853,1
"102","OIL",914,1
"102","OIL",914,1
"102","OIL",931,1
"102","OIL",853,1
"102","OIL",853,1
"102","OIL",1300,1
"102","OIL",853,1
"102","OIL",853,1
"102","OIL",686,1
"102","OIL",686,1
"102","OIL",686,1
"102","OIL",686,1
"102","OIL",914,1
"102","OIL",914,1
"102","OIL",914,1
"102","OIL",914,1
"102","OIL",931,1
"102","OIL",931,1
"102","OIL",853,1
"102","OIL",853,1
"102","OIL",853,1
"102","OIL",853,1
"102","OIL",686,1
"102","OIL",686,1
"102","OIL",686,1
"102","OIL",686,1
"102","OIL",914,1
"102","OIL",914,1
"102","OIL",914,1
"102","OIL",914,1
"102","OIL",931,1
"102","OIL",931,1
"102","OIL",853,1
"102","OIL",853,1
"102","ELECTRIC",1080,2
"102","ELECTRIC",1080,2
"102","GAS",1632,1.7
"102","GAS",1428,1.7
"102","ELECTRIC",1000,2
"102","ELECTRIC",1000,2
"102","ELECTRIC",1390,2
"102","ELECTRIC",1706,2
"102","GAS",2123,2
"102","GAS",2123,2
"102","GAS",2008,2
"102","GAS",2008,2
"101","OIL",1344,1.7
"101","OIL",1152,1
"101","OIL",1344,1.7
"101","OIL",1344,1.7
"101","OIL",1152,1
"101","OIL",1152,1
"101","OIL",1394,1.7
"101","OIL",1908,1
"101","OIL",1384,1
"101","OIL",1194,1
"101","OIL",1152,1
"101","OIL",1344,1.7
"101","GAS",1184,1
"101","OIL",1714,1.7
"101","OIL",1627,1.7
"101","OIL",1248,1
"101","OIL",888,1
"101","OIL",1309,1.7
"101","OIL",1700,2
"101","GAS",1716,2
"101","OIL",1758,2
"101","GAS",1927,2
"101","OIL",1610,2
"101","GAS",1228,2
"101","GAS",1648,2
"101","OIL",1662,1
"101","OIL",2048,2
"101","GAS",2192,2
"101","GAS",2362,2
"101","OIL",2184,2
"101","GAS",1432,2
"101","OIL",1386,1.7
"101","OIL",1571,1
"101","OIL",1272,1
"101","OIL",967,1
"101","OIL",975,1
"101","OIL",1270,1
"101","OIL",1580,1.7
"101","OIL",1718,1.7
"101","GAS",1764,1.7
"101","OIL",1103,1
"101","OIL",1620,1
"101","OIL",768,1
"101","OIL",954,1
"101","OIL",1250,1
"101","OIL",1512,1.7
"101","OIL",1233,1
"101","GAS",2190,1
"101","OIL",1924,3
"101","OIL",2130,2
"101","GAS",1820,2
"101","GAS",1755,1.7
"101","OIL",987,1
"101","GAS",1530,1.7
"101","OIL",1538,1.7
"101","OIL",1018,1
"101","OIL",1444,1.7
"101","OIL",1807,2
"101","OIL",1840,2
"101","GAS",1485,1
"105","OIL",5864,2
"101","OIL",1376,2
"104","GAS",3186,2
"101","OIL",1938,2
"104","OIL",4147,2.7
"104","OIL",3768,2
"101","OIL",1764,2
"101","GAS",2096,2
"101","GAS",1899,2
"101","OIL",2000,1
"101","GAS",1704,1
"101","OIL",2222,2
"101","OIL",2282,2
"101","GAS",1822,1
"101","GAS",1944,1
"101","GAS",1793,1
"101","GAS",2945,2
"101","GAS",2422,2
"101","OIL",1798,2
"101","GAS",1608,2
"101","ELECTRIC",1912,2
"101","GAS",1766,1
"101","OIL",1222,2
"101","OIL",1802,1
"101","GAS",1488,2
"101","OIL",1560,2
"101","OIL",1344,2
"101","OIL",1652,2
"101","OIL",1578,2
"101","OIL",2395,1
"101","OIL",1110,1
"101","OIL",1344,2
"101","OIL",1760,2
"101","OIL",2181,1.7
"101","OIL",1518,1.7
"101","OIL",1873,1.7
"101","OIL",1483,1
"101","OIL",1655,1.7
"101","OIL",1198,1
"101","OIL",1440,1
"101","OIL",924,1
"101","OIL",924,1
"101","OIL",2023,1
"101","OIL",924,1
"101","OIL",2460,2
"101","OIL",1164,1
"101","OIL",1248,1
"101","OIL",2204,1.7
"101","OIL",1467,1
"101","OIL",1535,1
"101","OIL",1631,1
"101","OIL",952,1
"101","OIL",1452,1.7
"101","OIL",1539,1.7
"101","OIL",1568,2
"101","OIL",1584,1.7
"101","OIL",1178,1
"101","OIL",1537,1.7
"101","OIL",1612,1.7
"101","OIL",1317,1
"101","GAS",1841,1
"101","OIL",1713,1.7
"101","OIL",1892,1.7
"101","OIL",1036,1
"101","OIL",1428,1.7
"101","OIL",1188,1
"101","OIL",1164,1
"101","OIL",1164,1
"101","ELECTRIC",1882,1
"101","GAS",1642,2
"101","OIL",1619,2
"101","OIL",1689,2
"101","GAS",2260,2
"101","OIL",1904,1.7
"101","GAS",2274,1
"101","OIL",1512,2
"101","GAS",2820,2
"101","GAS",1352,2
"101","GAS",2646,2
"101","OIL",1666,1.7
"101","GAS",1664,2
"101","OIL",1532,2
"101","OIL",1782,2
"101","OIL",1910,1.7
"101","OIL",1100,1
"101","OIL",960,1
"101","OIL",1040,1
"101","OIL",1082,1
"101","GAS",2069,2
"101","OIL",1778,2
"101","GAS",2434,1.7
"101","GAS",1470,2
"101","OIL",2181,1
"101","OIL",3324,1
"101","OIL",2392,2
"101","OIL",1788,1
"101","OIL",2480,2
"101","OIL",2518,1.7
"101","GAS",1568,2
"101","OIL",1638,2
"101","OIL",1588,2
"101","GAS",1520,2
"101","GAS",1778,1.7
"101","OIL",2034,2
"101","OIL",2440,2
"101","ELECTRIC",2920,2
"101","OIL",1612,1
"101","OIL",3244,2
"101","OIL",1500,1
"104","OIL",2428,1
"101","GAS",1976,2
"101","GAS",2240,2
"101","GAS",2446,2
"101","GAS",2128,2
"101","GAS",2128,2
"101","GAS",2342,2
"101","GAS",1900,1
"101","GAS",2410,2
"101","GAS",3304,2
"101","GAS",2542,2
"101","GAS",2440,2
"101","GAS",2620,2
"101","GAS",2973,2
"101","GAS",3140,2
"101","GAS",2558,2
"101","GAS",2664,2
"101","GAS",3576,2
"101","GAS",2712,2
"101","GAS",2471,2
"101","GAS",2710,2
"101","GAS",2642,2
"101","GAS",2508,2
"101","GAS",2374,2
"101","GAS",2569,2
"101","GAS",3272,2
"101","GAS",2206,1
"101","GAS",1976,2
"101","GAS",2344,2
"101","GAS",1900,2
"101","GAS",2014,2
"101","GAS",2128,2
"102","OIL",992,2
"102","OIL",992,2
"102","GAS",992,2
"102","GAS",992,2
"102","OIL",1232,2
"102","OIL",1232,2
"102","OIL",1232,2
"102","OIL",1232,2
"104","OIL",2979,2
"101","GAS",960,1
"104","GAS",2018,2
"101","OIL",4128,1
"101","OIL",1826,1
"101","OIL",2202,1
"101","OIL",1518,2
"101","GAS",2016,2
"105","GAS",2816,2.7
"101","OIL",1038,1
"101","GAS",1140,1.7
"101","OIL",1572,2
"101","OIL",1480,2
"101","OIL",1584,2
"959","OIL",2279,1.7
"959","GAS",2988,2
"101","GAS",2100,1.7
"104","OIL",2655,2
"104","GAS",3150,2
"101","OIL",3016,2
"101","OIL",1666,1.7
"101","OIL",1196,1
"111","GAS",3120,2
"101","OIL",1435,2
"104","OIL",2459,2
"101","OIL",1801,2
"101","OIL",1745,2
"101","ELECTRIC",1556,1
"101","OIL",1654,2
"101","OIL",832,1
"101","OIL",1208,1
"101","OIL",996,1
"104","OIL",2652,2
"104","OIL",1944,2
"101","GAS",1700,2
"101","GAS",2100,2
"105","OIL",3267,3
"101","GAS",1558,2
"101","OIL",1798,2
"101","OIL",2002,1.7
"101","OIL",1200,1
"104","GAS",2520,2
"101","OIL",2032,2
"101","OIL",1590,1
"104","OIL",2266,2
"104","OIL",2590,2
"105","OIL",2959,1.7
"111","OIL",1904,2
"101","OIL",848,1
"104","GAS",2052,2
"101","OIL",1216,2
"105","GAS",2429,2.7
"101","GAS",1440,1.7
"101","OIL",1650,2
"101","OIL",1628,2
"104","OIL",2160,2
"101","OIL",1889,2
"101","ELECTRIC",1676,2
"104","OIL",3136,2
"101","OIL",2244,1.7
"101","OIL",1428,1.7
"101","OIL",1716,1.7
"101","GAS",2333,2
"101","GAS",1224,1
"101","OIL",1630,1.7
"101","OIL",2521,2
"101","OIL",1948,1
"101","OIL",1722,1.7
"101","OIL",2732,2
"105","GAS",4719,2
"101","GAS",2647,2
"101","GAS",2442,2
"101","GAS",2974,2
"101","GAS",2360,2
"101","GAS",2171,2
"101","GAS",2964,2
"101","OIL",2204,2
"101","OIL",1872,2
"101","OIL",1714,2
"101","OIL",1460,2
"101","OIL",2546,2
"101","OIL",1248,1
"101","OIL",1426,1.7
"101","OIL",1546,1
"101","GAS",1584,1
"101","GAS",1600,2
"109","OIL",1868,2
"109","OIL",864,1
"101","GAS",1730,1
"101","GAS",1465,1
"101","GAS",1568,2
"101","OIL",1213,1
"101","OIL",3674,2
"101","GAS",2036,1
"101","GAS",2205,2
"101","OIL",2056,2
"101","OIL",1792,2
"101","OIL",1224,1.7
"101","OIL",2051,2
"101","GAS",3311,1.7
"101","GAS",2020,1
"101","OIL",1651,2
"101","OIL",1936,2
"101","GAS",1780,1
"101","GAS",1852,1
"101","GAS",1352,2
"104","OIL",2418,2
"101","GAS",1025,1
"101","OIL",1070,1
"101","OIL",1030,1
"101","OIL",2171,1.7
"101","OIL",1374,1
"101","GAS",1420,1
"101","OIL",979,1
"101","GAS",1014,1
"101","GAS",1232,1
"101","OIL",1365,1
"101","GAS",1522,2
"101","GAS",1388,1.7
"101","GAS",1556,2
"101","GAS",2692,2
"104","GAS",2682,2
"105","GAS",3201,2.7
"101","GAS",1758,2
"101","OIL",1344,2
"101","OIL",1524,2
"101","GAS",2034,2
"101","GAS",1961,2
"101","OIL",1872,2
"101","GAS",1656,2
"101","OIL",1446,2
"101","GAS",2368,2
"101","OIL",2176,2
"101","GAS",1740,2
"101","OIL",1896,2
"101","OIL",1772,2
"101","GAS",2918,2
"101","GAS",1666,2
"104","GAS",3909,2
"104","OIL",3277,2
"101","OIL",2136,2
"101","OIL",2144,2
"104","OIL",3063,2
"101","GAS",1777,2
"101","GAS",2406,1
"109","GAS",2186,2
"109","GAS",1568,1.7
"109","OIL",1326,1
"105","GAS",2721,2
"101","GAS",1792,1
"101","ELECTRIC",1526,2
"109","OIL",1078,1.7
"109","OIL",1344,2
"101","OIL",1664,2
"101","OIL",1728,2
"101","GAS",2908,2
"101","OIL",1104,1
"101","OIL",2696,1
"101","OIL",1404,1
"101","OIL",1066,1
"101","OIL",3316,1
"101","OIL",2043,1
"101","OIL",2438,2
"101","OIL",1105,1
"101","OIL",2023,1.7
"101","GAS",1476,1
"101","OIL",962,1
"101","OIL",1362,1
"101","OIL",2002,2
"101","OIL",1062,1
"101","OIL",1224,1
"101","OIL",1176,1
"101","OIL",1148,1
"101","OIL",1411,1.7
"101","OIL",1891,1.7
"101","OIL",1568,2
"101","OIL",1635,1
"101","OIL",1296,1
"101","OIL",1701,2
"101","GAS",960,1
"101","GAS",2000,1.7
"101","OIL",1194,1.7
"101","OIL",1689,1.7
"101","OIL",1673,2
"101","OIL",2302,1
"101","GAS",1287,1
"101","GAS",1440,1
"101","OIL",1224,1
"101","GAS",1224,1
"101","OIL",1190,1
"101","GAS",1632,2
"101","GAS",1344,1.7
"101","OIL",1546,1.7
"101","GAS",1838,1
"101","OIL",2189,2
"101","OIL",1954,2
"101","OIL",977,1
"101","OIL",977,1
"101","OIL",977,1
"101","OIL",2065,2
"101","OIL",2209,2
"101","OIL",2170,2
"101","GAS",2350,1
"101","OIL",2077,1.7
"101","OIL",1412,2
"101","GAS",1436,1
"101","OIL",1117,1
"101","GAS",1321,1
"101","OIL",2228,2
"101","OIL",977,1
"101","OIL",1173,1
"101","OIL",888,1
"101","GAS",1600,1.7
"101","GAS",1428,1.7
"101","OIL",1020,1
"101","OIL",1585,1.7
"101","OIL",2132,1.7
"101","OIL",2164,2
"101","OIL",1568,2
"101","OIL",1224,1
"101","OIL",2200,2
"101","GAS",2536,2
"101","GAS",1488,2
"105","OIL",2204,2
"105","GAS",3866,2
"101","GAS",3679,2.7
"101","GAS",2208,2
"101","OIL",1594,2
"104","OIL",3157,2
"104","ELECTRIC",3884,2
"104","OIL",2236,2
"101","OIL",1780,2
"104","OIL",2556,2
"111","GAS",3614,2
"111","GAS",2860,2
"101","GAS",1892,2
"104","OIL",2320,2
"104","GAS",2176,2
"101","OIL",1124,1.7
"104","OIL",2496,3
"101","GAS",1309,1.7
"104","OIL",2160,2
"104","OIL",2160,2
"104","OIL",2362,2
"104","OIL",1840,2
"101","GAS",1936,2.7
"104","ELECTRIC",2253,2.7
"109","GAS",1770,2
"109","GAS",1358,2
"109","GAS",348,1
"101","OIL",1025,1
"101","GAS",1838,1
"101","OIL",1556,1.7
"101","OIL",720,1
"104","OIL",2084,2
"104","GAS",2405,2
"104","OIL",2424,2
"101","GAS",2112,2
"101","GAS",1360,2
"104","GAS",1908,2
"101","OIL",1664,1
"101","OIL",3296,2
"101","OIL",2280,2
"101","OIL",1767,1.7
"101","OIL",2650,2
"101","OIL",2378,2
"101","OIL",1960,2
"101","OIL",2945,2
"101","OIL",2040,2
"101","OIL",3576,1.7
"101","OIL",1744,2
"102","GAS",1313,2
"102","GAS",1313,2
"102","GAS",1313,2
"102","GAS",1300,2
"102","GAS",1300,2
"102","GAS",1313,2
"102","ELECTRIC",1000,2
"102","ELECTRIC",1000,2
"102","ELECTRIC",1000,2
"102","ELECTRIC",1000,2
"102","ELECTRIC",1000,2
"102","ELECTRIC",1000,2
"102","GAS",1260,2
"102","GAS",1260,2
"102","ELECTRIC",1134,2
"102","ELECTRIC",1134,2
"102","ELECTRIC",1134,2
"102","ELECTRIC",1134,2
"102","ELECTRIC",1134,2
"102","ELECTRIC",1134,2
"102","GAS",1008,2
"102","GAS",1136,2
"102","GAS",1136,2
"102","GAS",1136,2
"102","GAS",1136,2
"102","GAS",1712,1
"102","GAS",1712,1
"102","OIL",1438,1.7
"102","GAS",1560,2
"102","GAS",1560,2
"102","GAS",1620,2
"102","GAS",1560,2
"102","GAS",1064,2
"102","GAS",1064,2
"102","GAS",1504,2
"102","OIL",2000,2
"102","OIL",1550,2
"101","OIL",1498,2
"101","OIL",1679,1.7
"101","GAS",1229,1.7
"101","OIL",1229,1.7
"101","GAS",1463,1.7
"101","GAS",2296,2
"101","OIL",1278,1
"105","GAS",3086,2.7
"104","OIL",1834,2
"104","OIL",1654,2
"101","OIL",894,1
"101","GAS",864,1
"101","GAS",1757,2
"105","GAS",3133,2
"101","OIL",1364,2
"101","OIL",1326,1.7
"101","OIL",1624,2
"101","GAS",1922,2
"101","OIL",1056,1
"101","OIL",1284,1
"101","GAS",1976,1.7
"101","GAS",896,1
"101","OIL",1463,1
"101","GAS",1432,2
"101","GAS",1222,2
"101","GAS",1036,1
"101","OIL",1713,1.7
"101","GAS",2049,1.7
"101","GAS",4003,2
"101","OIL",2108,1.7
"101","GAS",1472,1
"101","OIL",912,1
"101","OIL",1216,1
"101","OIL",1477,1
"101","GAS",977,1
"101","OIL",1304,1
"101","GAS",2286,2
"101","OIL",1436,1
"101","GAS",1112,1
"101","GAS",1008,1
"101","GAS",1547,1.7
"101","GAS",2267,1.7
"101","GAS",1040,1
"101","GAS",1256,1
"101","GAS",1568,2
"101","GAS",1092,1
"101","GAS",1092,1
"101","GAS",1092,1
"101","GAS",2262,1.7
"101","OIL",1248,1
"101","GAS",816,1
"101","OIL",1384,1
"101","OIL",1565,1
"101","GAS",1008,1
"101","GAS",2500,1
"101","OIL",1197,1
"101","OIL",628,1
"101","GAS",1286,1
"101","GAS",1110,1
"101","OIL",1204,1
"101","OIL",1400,1
"101","OIL",1092,1
"101","OIL",1964,2
"101","OIL",1222,2
"101","GAS",1456,1
"961","OIL",1496,2
"101","OIL",1292,2
"101","GAS",1092,1.7
"101","OIL",2143,1.7
"101","OIL",914,1
"101","GAS",2184,2
"101","GAS",2064,2
"101","GAS",1195,1.7
"101","OIL",1848,2
"101","OIL",1248,2
"105","GAS",1969,2
"101","GAS",1796,1
"101","OIL",1554,1
"104","OIL",2080,2
"101","OIL",1346,2
"104","OIL",2162,2
"104","OIL",2932,2
"101","OIL",1449,1
"959","GAS",2024,2
"101","GAS",1856,2
"101","GAS",2496,2
"101","OIL",1916,2
"101","OIL",2042,2
"101","OIL",2754,2
"101","GAS",1888,2
"101","OIL",1472,2
"101","GAS",2640,2
"101","OIL",2002,2
"101","GAS",1240,1
"101","OIL",1856,2
"101","OIL",1768,2
"101","OIL",1574,2
"101","OIL",1600,2
"101","GAS",1936,2
"101","OIL",1704,2
"101","GAS",1214,1
"101","GAS",1436,2
"101","OIL",2018,2
"101","OIL",1274,1.7
"101","OIL",1344,2
"101","OIL",2652,1.7
"101","GAS",1863,2
"101","OIL",2144,2
"101","GAS",1365,1
"101","GAS",2050,2
"104","GAS",3294,2
"104","GAS",2730,2
"105","OIL",3837,2
"105","OIL",4180,2.7
"101","OIL",1290,1
"101","GAS",1132,1
"101","OIL",1332,2
"101","OIL",1598,2
"101","GAS",1278,2
"101","OIL",1885,1.7
"101","OIL",1708,1
"101","GAS",1875,1
"101","GAS",1330,1
"101","OIL",1596,1
"104","OIL",2496,2
"104","OIL",3120,2
"104","OIL",2808,2
"104","OIL",3120,2
"104","GAS",3216,2
"101","OIL",1139,1
"101","OIL",1140,1
"101","GAS",1271,1
"101","OIL",1233,1
"101","OIL",2058,1.7
"101","OIL",1368,1
"101","GAS",1456,2
"101","OIL",1440,2
"101","GAS",972,1
"101","GAS",1470,2
"101","GAS",2392,2
"101","OIL",1456,2
"101","ELECTRIC",1767,1
"104","OIL",2144,2
"101","OIL",1705,2
"101","GAS",1120,1
"101","GAS",1395,1
"101","OIL",1796,1
"101","OIL",1400,2
"105","OIL",5994,2.7
"111","OIL",3838,2
"101","GAS",1248,2
"101","OIL",1592,1
"101","GAS",1050,1
"101","OIL",1747,1.7
"101","OIL",1081,1
"101","OIL",1504,2
"101","OIL",1536,2
"101","OIL",1936,2
"104","OIL",1829,1.7
"101","GAS",1248,2
"101","OIL",2201,1
"101","GAS",1056,1
"101","OIL",1344,1.7
"101","OIL",1680,2
"101","GAS",1018,1
"101","GAS",1822,2
"101","GAS",1320,1.7
"101","OIL",1248,2
"101","GAS",1349,1
"101","GAS",1110,1
"101","OIL",1111,1
"101","OIL",2160,2
"101","OIL",1428,1
"101","GAS",2314,2
"104","OIL",4422,2
"101","GAS",1908,2
"101","GAS",1228,1
"104","OIL",1928,1.7
"101","GAS",2136,2
"101","GAS",3094,2
"101","GAS",940,1
"101","OIL",2066,2
"101","OIL",1558,2
"101","OIL",1688,2
"101","OIL",984,1
"101","GAS",1205,1
"111","GAS",2050,2
"104","OIL",2350,2
"104","OIL",2296,1.7
"101","GAS",1232,1
"101","OIL",1396,2
"101","GAS",864,1
"104","GAS",2161,1.7
"104","OIL",1664,2
"104","OIL",1820,2
"105","OIL",3975,2.7
"104","GAS",1980,2
"101","GAS",1208,2
"104","OIL",1689,1
"109","OIL",3123,2
"109","OIL",3123,2
"101","GAS",1800,1
"101","ELECTRIC",1704,1
"101","GAS",1731,1
"104","OIL",1892,2
"104","OIL",2048,2
"101","GAS",1352,2
"101","OIL",2100,2
"101","OIL",1641,2
"101","GAS",1775,2
"105","OIL",3153,2
"101","OIL",1309,1.7
"101","GAS",1152,1
"101","OIL",1752,1
"101","GAS",1184,1
"104","OIL",3293,2
"101","GAS",1760,1
"101","OIL",1532,1.7
"101","OIL",2037,2
"101","OIL",878,1
"104","GAS",3522,2
"104","OIL",2392,2
"104","GAS",1456,1
"111","OIL",3732,2
"104","GAS",2112,2.7
"104","GAS",2208,2
"101","GAS",1448,2
"104","OIL",1764,1.7
"101","GAS",1176,1.7
"101","GAS",1114,1
"104","OIL",2152,2
"101","OIL",1295,1
"101","OIL",1222,1
"104","OIL",2520,2
"101","OIL",1366,1
"104","GAS",1776,2
"101","OIL",1008,1
"101","OIL",1529,1
"104","GAS",2448,2
"101","GAS",1484,2
"101","OIL",1858,2
"101","OIL",1452,1.7
"104","GAS",1850,2
"101","OIL",1566,2
"101","OIL",1648,2
"101","OIL",2770,2
"101","GAS",947,1
"101","GAS",2380,2
"101","OIL",1616,2
"101","OIL",1574,2
"101","OIL",1312,2
"101","GAS",2684,2
"101","OIL",1488,2
"101","OIL",1588,2
"101","GAS",914,1
"104","GAS",3251,3
"104","GAS",2242,2
"101","OIL",1810,2
"104","GAS",2418,2
"104","GAS",2688,2
"101","OIL",1273,2
"105","GAS",2363,2
"101","OIL",1248,2
"101","OIL",1040,1
"101","OIL",1740,2
"101","OIL",1060,1
"101","OIL",1241,2
"101","GAS",1236,1
"101","OIL",2188,2
"101","OIL",1328,2
"101","OIL",1040,1
"101","GAS",1775,1
"101","OIL",936,1
"104","OIL",1911,1.7
"104","OIL",1664,2
"101","OIL",1474,2
"101","OIL",2473,2
"101","OIL",1512,2
"101","OIL",1488,2
"101","OIL",1124,1
"101","GAS",1470,1.7
"101","GAS",1831,1.7
"104","OIL",2352,2
"101","OIL",1340,1
"104","GAS",2000,2
"101","GAS",1733,1
"101","OIL",1224,1
"104","GAS",3128,2
"104","OIL",1836,2
"104","GAS",1830,2
"101","OIL",1649,2
"104","OIL",1652,2
"101","GAS",1066,1
"104","OIL",2088,2
"101","GAS",1066,1
"104","GAS",2156,2
"101","OIL",1645,2
"101","GAS",1938,1
"101","GAS",1643,1.7
"101","OIL",892,1
"101","GAS",1446,1.7
"101","GAS",1973,1.7
"101","OIL",1066,1
"101","GAS",1338,1
"102","OIL",826,1
"102","OIL",805,1
"102","GAS",600,1
"102","OIL",1060,1
"102","OIL",1215,1
"102","OIL",1045,1
"101","GAS",2078,1
"101","GAS",1693,1
"101","GAS",2060,1
"101","GAS",2924,2
"101","GAS",3232,1
"101","GAS",2534,1
"101","GAS",1840,1
"101","GAS",1994,1
"101","OIL",3376,2
"101","OIL",2080,1
"101","GAS",1788,1
"101","GAS",6216,1.7
"101","GAS",1864,1
"101","GAS",2499,1
"101","GAS",2118,2
"101","GAS",1912,1
"101","GAS",2592,1
"101","GAS",2332,1
"101","GAS",2888,2
"101","GAS",1990,1
"101","GAS",1568,1
"101","GAS",1904,1
"101","OIL",3024,1
"101","OIL",2156,1.7
"101","PROPANE-TANK",3110,2
"101","OIL",1382,1
"102","ELECTRIC",2244,2
"102","ELECTRIC",2240,2
"102","ELECTRIC",2140,2
"102","ELECTRIC",1644,2
"102","ELECTRIC",1640,2
"102","ELECTRIC",2140,2
"102","ELECTRIC",1360,2
"102","ELECTRIC",2244,2
"102","ELECTRIC",2244,2
"102","ELECTRIC",2134,1.7
"102","ELECTRIC",2244,2
"102","ELECTRIC",1488,2
"102","ELECTRIC",1640,2
"102","ELECTRIC",2244,2
"102","ELECTRIC",2234,1.7
"102","ELECTRIC",2144,2
"102","ELECTRIC",1640,2
"102","ELECTRIC",1720,2
"102","ELECTRIC",1324,2
"102","ELECTRIC",2144,2
"102","ELECTRIC",2144,2
"102","ELECTRIC",1320,2
"102","ELECTRIC",2240,2
"102","ELECTRIC",1324,2
"102","ELECTRIC",1634,1.7
"102","ELECTRIC",1640,2
"102","ELECTRIC",1644,2
"102","ELECTRIC",2592,2
"102","ELECTRIC",1820,2
"102","ELECTRIC",1920,2
"102","ELECTRIC",2240,2
"102","ELECTRIC",2140,2
"102","ELECTRIC",2817,2
"102","ELECTRIC",2244,2
"102","ELECTRIC",2244,2
"102","ELECTRIC",1634,1.7
"102","ELECTRIC",2244,2
"102","ELECTRIC",2240,2
"102","ELECTRIC",1920,2
"102","ELECTRIC",2240,2
"102","ELECTRIC",2244,2
"102","ELECTRIC",2200,2
"102","ELECTRIC",2240,2
"102","ELECTRIC",2144,2
"102","ELECTRIC",2244,2
"102","ELECTRIC",2240,2
"102","ELECTRIC",2240,2
"102","ELECTRIC",1924,2
"102","ELECTRIC",1644,2
"102","ELECTRIC",1644,2
"102","ELECTRIC",1640,2
"102","ELECTRIC",1320,2
"102","ELECTRIC",1644,2
"102","ELECTRIC",2234,1.7
"102","ELECTRIC",1644,2
"102","ELECTRIC",1640,2
"102","ELECTRIC",1760,2
"102","ELECTRIC",1644,2
"102","ELECTRIC",2124,2
"102","ELECTRIC",1320,2
"102","ELECTRIC",2140,2
"102","ELECTRIC",2244,2
"102","ELECTRIC",1644,2
"102","ELECTRIC",2240,2
"102","ELECTRIC",1640,2
"102","ELECTRIC",1644,2
"102","ELECTRIC",2144,2
"102","ELECTRIC",2244,2
"102","ELECTRIC",2240,2
"102","ELECTRIC",2240,2
"102","ELECTRIC",2244,2
"102","ELECTRIC",2134,1.7
"102","ELECTRIC",2434,1.7
"102","ELECTRIC",2244,2
"102","ELECTRIC",1804,2
"102","ELECTRIC",2792,2
"102","ELECTRIC",2240,2
"102","ELECTRIC",2240,2
"102","ELECTRIC",2244,2
"102","ELECTRIC",2140,2
"102","ELECTRIC",1640,2
"102","ELECTRIC",1644,2
"102","ELECTRIC",1634,1.7
"102","ELECTRIC",2244,2
"102","ELECTRIC",1920,2
"102","ELECTRIC",2140,2
"102","ELECTRIC",2244,2
"102","ELECTRIC",1644,2
"102","ELECTRIC",2244,2
"102","ELECTRIC",2240,2
"102","ELECTRIC",2140,2
"102","ELECTRIC",2244,2
"102","ELECTRIC",2234,1.7
"102","ELECTRIC",1644,2
"102","ELECTRIC",2140,2
"102","ELECTRIC",2140,2
"102","ELECTRIC",2094,2
"102","ELECTRIC",2244,2
"102","ELECTRIC",2240,2
"102","ELECTRIC",1920,2
"102","ELECTRIC",2244,2
"102","ELECTRIC",2234,1.7
"102","ELECTRIC",2144,2
"102","ELECTRIC",2244,2
"102","ELECTRIC",2568,2
"102","ELECTRIC",2140,2
"102","ELECTRIC",2140,2
"102","ELECTRIC",2144,2
"102","ELECTRIC",2240,2
"102","ELECTRIC",2240,2
"102","ELECTRIC",1644,2
"102","ELECTRIC",1644,2
"102","ELECTRIC",2240,2
"102","GAS",2140,2
"102","ELECTRIC",2244,2
"102","ELECTRIC",2140,2
"102","ELECTRIC",2140,2
"102","ELECTRIC",1684,2
"102","ELECTRIC",2244,2
"102","ELECTRIC",2144,2
"102","ELECTRIC",2234,1.7
"102","ELECTRIC",2240,2
"102","ELECTRIC",2140,2
"102","ELECTRIC",2572,2
"102","ELECTRIC",2244,2
"102","ELECTRIC",2094,2
"102","ELECTRIC",2240,1.7
"102","ELECTRIC",1644,2
"102","ELECTRIC",2044,2
"102","ELECTRIC",1640,2
"102","ELECTRIC",1640,2
"102","ELECTRIC",2144,2
"102","ELECTRIC",1886,1.7
"102","ELECTRIC",2246,1.7
"102","ELECTRIC",2144,2
"102","ELECTRIC",2140,2
"102","ELECTRIC",1820,2
"102","ELECTRIC",2244,2
"102","ELECTRIC",1964,2
"102","ELECTRIC",1724,2
"102","ELECTRIC",2140,2
"102","ELECTRIC",2240,2
"102","ELECTRIC",2244,2
"102","ELECTRIC",2244,2
"102","ELECTRIC",1920,2
"102","ELECTRIC",1720,2
"102","ELECTRIC",2244,2
"102","ELECTRIC",2240,2
"102","ELECTRIC",2240,2
"102","ELECTRIC",2697,2
"102","ELECTRIC",2244,2
"102","ELECTRIC",1324,2
"102","ELECTRIC",2446,1.7
"102","ELECTRIC",2144,2
"102","ELECTRIC",2140,2
"102","ELECTRIC",2140,2
"102","ELECTRIC",2244,2
"102","ELECTRIC",1644,2
"102","ELECTRIC",1644,2
"102","ELECTRIC",1320,2
"102","ELECTRIC",2240,2
"102","ELECTRIC",2144,2
"102","ELECTRIC",2234,1.7
"102","ELECTRIC",2244,2
"102","ELECTRIC",1920,2
"102","ELECTRIC",2140,2
"102","ELECTRIC",1644,2
"102","ELECTRIC",2244,1.7
"102","ELECTRIC",2244,2
"102","ELECTRIC",2244,2
"102","ELECTRIC",2592,2
"102","ELECTRIC",2140,2
"102","GAS",2040,2
"102","ELECTRIC",2144,2
"102","ELECTRIC",1320,2
"102","ELECTRIC",2140,2
"102","ELECTRIC",2244,2
"102","ELECTRIC",2244,2
"102","ELECTRIC",2240,2
"102","ELECTRIC",2240,2
"102","ELECTRIC",2244,2
"102","ELECTRIC",1644,2
"102","GAS",2140,2
"102","ELECTRIC",2140,2
"102","ELECTRIC",1324,2
"102","ELECTRIC",2244,2
"102","ELECTRIC",1824,2
"102","ELECTRIC",2140,2
"102","ELECTRIC",2140,2
"102","ELECTRIC",2244,2
"102","ELECTRIC",1634,1.7
"102","ELECTRIC",2240,2
"102","ELECTRIC",1640,2
"102","ELECTRIC",1829,2
"102","ELECTRIC",1690,2
"102","ELECTRIC",2240,2
"102","ELECTRIC",1634,1.7
"102","ELECTRIC",2234,1.7
"102","ELECTRIC",2244,2
"102","ELECTRIC",2190,2
"102","ELECTRIC",2190,2
"102","ELECTRIC",2144,2
"102","ELECTRIC",2244,2
"102","ELECTRIC",1644,2
"102","ELECTRIC",1324,2
"102","ELECTRIC",1640,2
"102","ELECTRIC",1511,2
"102","ELECTRIC",1644,2
"102","ELECTRIC",2234,1.7
"102","ELECTRIC",2144,2
"102","ELECTRIC",2140,2
"102","ELECTRIC",2240,2
"102","ELECTRIC",2144,2
"102","ELECTRIC",1644,2
"102","ELECTRIC",2071,2
"102","ELECTRIC",1960,2
"102","ELECTRIC",2244,2
"102","ELECTRIC",2134,1.7
"102","ELECTRIC",1644,2
"102","ELECTRIC",2244,2
"102","ELECTRIC",1902,2
"102","ELECTRIC",2240,2
"102","ELECTRIC",2234,1.7
"102","ELECTRIC",2234,1.7
"102","ELECTRIC",2044,2
"102","ELECTRIC",1644,2
"102","ELECTRIC",2402,1.7
"102","ELECTRIC",2146,1.7
"102","ELECTRIC",2244,2
"102","ELECTRIC",2140,2
"102","ELECTRIC",2240,2
"102","ELECTRIC",1644,2
"102","ELECTRIC",2246,1.7
"102","ELECTRIC",2246,1.7
"102","ELECTRIC",2240,2
"102","ELECTRIC",2572,2
"102","ELECTRIC",2244,2
"102","ELECTRIC",2144,2
"102","ELECTRIC",1946,1.7
"102","ELECTRIC",2246,1.7
"102","ELECTRIC",1864,2
"102","ELECTRIC",2240,2
"102","ELECTRIC",2140,2
"102","ELECTRIC",2244,2
"102","ELECTRIC",2146,1.7
"102","ELECTRIC",2144,2
"102","ELECTRIC",2144,2
"102","ELECTRIC",2240,2
"102","ELECTRIC",2140,2
"102","ELECTRIC",1644,2
"102","ELECTRIC",2246,1.7
"102","ELECTRIC",2144,2
"102","ELECTRIC",1640,2
"102","ELECTRIC",1640,2
"102","ELECTRIC",2144,2
"101","OIL",1904,2
"105","OIL",4641,3
"101","OIL",1276,1
"031","OIL",1755,1
"102","OIL",1004,2
"102","OIL",1026,2
"101","OIL",2951,1
"101","OIL",1096,1
"101","OIL",1564,1
"101","OIL",3298,2
"101","OIL",1789,1.7
"101","OIL",3664,1
"101","OIL",1772,1
"101","GAS",3326,2
"101","OIL",1960,2
"101","OIL",1576,1
"101","OIL",1616,1
"101","OIL",2488,2
"101","OIL",1092,1
"101","OIL",1421,1
"101","OIL",1293,1
"101","OIL",2273,2
"101","OIL",1148,1
"101","OIL",1852,1.7
"101","OIL",1175,1
"101","OIL",3016,2
"101","OIL",3201,2
"101","OIL",1656,1
"101","OIL",1352,1
"101","OIL",1596,1
"101","OIL",1824,1
"101","OIL",1828,1.7
"101","OIL",1520,2
"101","OIL",825,1
"101","OIL",1506,1
"101","OIL",1094,1
"101","OIL",1717,1.7
"101","OIL",1920,2
"101","OIL",2054,2
"101","OIL",1611,1.7
"101","OIL",1530,1
"101","OIL",1932,2
"101","OIL",2220,2
"101","OIL",1110,1
"101","OIL",1210,1
"101","OIL",1559,1.7
"101","OIL",1600,2
"101","ELECTRIC",1576,1
"101","OIL",990,1
"101","OIL",1964,2
"101","OIL",1638,1.7
"101","OIL",1002,1
"101","ELECTRIC",727,1
"101","GAS",1390,2
"101","OIL",1296,1
"101","OIL",3008,2
"101","OIL",3528,2
"102","ELECTRIC",1568,2
"102","ELECTRIC",1568,2
"102","ELECTRIC",1520,2
"102","ELECTRIC",1520,2
"102","ELECTRIC",1520,2
"102","ELECTRIC",1520,2
"102","ELECTRIC",1568,2
"102","ELECTRIC",1568,2
"102","ELECTRIC",1536,2
"102","ELECTRIC",1596,2
"102","ELECTRIC",1520,2
"102","ELECTRIC",1444,2
"102","ELECTRIC",1568,2
"102","ELECTRIC",1568,2
"102","ELECTRIC",1582,2
"102","ELECTRIC",1582,2
"102","ELECTRIC",1536,2
"102","ELECTRIC",1536,2
"102","ELECTRIC",1536,2
"102","ELECTRIC",1536,2
"102","ELECTRIC",1536,2
"102","ELECTRIC",1536,2
"102","ELECTRIC",1582,2
"102","ELECTRIC",1582,2
"102","ELECTRIC",1536,2
"102","ELECTRIC",1536,2
"102","ELECTRIC",1536,2
"102","ELECTRIC",1596,2
"102","ELECTRIC",1298,2
"102","ELECTRIC",1298,2
"102","ELECTRIC",1298,2
"102","ELECTRIC",1298,2
"102","ELECTRIC",1298,2
"102","ELECTRIC",1298,2
"102","ELECTRIC",1298,2
"102","ELECTRIC",1298,2
"102","ELECTRIC",1520,2
"102","ELECTRIC",1520,2
"102","ELECTRIC",1444,2
"102","ELECTRIC",1468,2
"102","ELECTRIC",1444,2
"102","ELECTRIC",1444,2
"102","ELECTRIC",1520,2
"102","ELECTRIC",1520,2
"102","ELECTRIC",1608,2
"102","ELECTRIC",1520,2
"102","ELECTRIC",1520,2
"102","ELECTRIC",1520,2
"102","ELECTRIC",1520,2
"102","ELECTRIC",1520,2
"102","ELECTRIC",1480,2
"102","ELECTRIC",1480,2
"102","ELECTRIC",1298,2
"102","ELECTRIC",1298,2
"102","ELECTRIC",1298,2
"102","ELECTRIC",1298,2
"102","ELECTRIC",1520,2
"102","ELECTRIC",1520,2
"102","ELECTRIC",1520,2
"102","ELECTRIC",1520,2
"102","ELECTRIC",1520,2
"102","ELECTRIC",1520,2
"102","ELECTRIC",1520,2
"102","ELECTRIC",1520,2
"102","ELECTRIC",1516,2
"102","ELECTRIC",1516,2
"102","ELECTRIC",1516,2
"102","ELECTRIC",1516,2
"102","ELECTRIC",1516,2
"102","ELECTRIC",1516,2
"102","ELECTRIC",1516,2
"102","ELECTRIC",1516,2
"102","ELECTRIC",1568,2
"102","ELECTRIC",1568,2
"102","ELECTRIC",1444,2
"102","ELECTRIC",1444,2
"102","ELECTRIC",1568,2
"102","ELECTRIC",1568,2
"102","ELECTRIC",1568,2
"102","ELECTRIC",1568,2
"102","ELECTRIC",1520,2
"102","ELECTRIC",1520,2
"102","ELECTRIC",1444,2
"102","ELECTRIC",1444,2
"102","ELECTRIC",1444,2
"102","ELECTRIC",1444,2
"102","ELECTRIC",1520,2
"102","ELECTRIC",1520,2
"102","ELECTRIC",1568,2
"102","ELECTRIC",1568,2
"102","ELECTRIC",1568,2
"102","ELECTRIC",1568,2
"102","ELECTRIC",1444,2
"102","ELECTRIC",1444,2
"102","ELECTRIC",1568,2
"102","ELECTRIC",1568,2
"102","ELECTRIC",1520,2
"102","ELECTRIC",1520,2
"102","ELECTRIC",1520,2
"102","ELECTRIC",1520,2
"102","ELECTRIC",1568,2
"102","ELECTRIC",1568,2
"102","ELECTRIC",1444,2
"102","ELECTRIC",1444,2
"102","ELECTRIC",1520,2
"102","ELECTRIC",1520,2
"102","ELECTRIC",1444,2
"102","ELECTRIC",1444,2
"102","ELECTRIC",1568,2
"102","ELECTRIC",1568,2
"102","ELECTRIC",1568,2
"102","ELECTRIC",1568,2
"102","ELECTRIC",1444,2
"102","ELECTRIC",1444,2
"102","ELECTRIC",1444,2
"102","ELECTRIC",1444,2
"102","ELECTRIC",1568,2
"102","ELECTRIC",1568,2
"102","ELECTRIC",1568,2
"102","ELECTRIC",1568,2
"102","ELECTRIC",1444,2
"102","ELECTRIC",1444,2
"102","ELECTRIC",1444,2
"102","ELECTRIC",1444,2
"102","ELECTRIC",1568,2
"102","ELECTRIC",1568,2
"102","ELECTRIC",1568,2
"102","ELECTRIC",1568,2
"102","ELECTRIC",1520,2
"102","ELECTRIC",1520,2
"102","ELECTRIC",1568,2
"102","ELECTRIC",1568,2
"102","ELECTRIC",1520,2
"102","ELECTRIC",1520,2
"102","ELECTRIC",1444,2
"102","ELECTRIC",1444,2
"102","ELECTRIC",1520,2
"102","ELECTRIC",1520,2
"102","ELECTRIC",1496,2
"102","ELECTRIC",1496,2
"102","ELECTRIC",1496,2
"102","ELECTRIC",1496,2
"102","ELECTRIC",1496,2
"102","ELECTRIC",1496,2
"102","ELECTRIC",1496,2
"102","ELECTRIC",1496,2
"102","ELECTRIC",1496,2
"102","ELECTRIC",1496,2
"102","ELECTRIC",1568,2
"102","ELECTRIC",1568,2
"102","ELECTRIC",1520,2
"102","ELECTRIC",1520,2
"102","ELECTRIC",1568,2
"102","ELECTRIC",1568,2
"102","ELECTRIC",1520,2
"102","ELECTRIC",1520,2
"102","ELECTRIC",1444,2
"102","ELECTRIC",1444,2
"102","ELECTRIC",1444,2
"102","ELECTRIC",1444,2
"102","ELECTRIC",1520,2
"102","ELECTRIC",1520,2
"102","ELECTRIC",1496,2
"102","ELECTRIC",1408,2
"102","ELECTRIC",1496,2
"102","ELECTRIC",1408,2
"102","ELECTRIC",1536,2
"102","ELECTRIC",1408,2
"102","ELECTRIC",1496,2
"102","ELECTRIC",1496,2
"102","ELECTRIC",1298,2
"102","ELECTRIC",1298,2
"102","ELECTRIC",1298,2
"102","ELECTRIC",1298,2
"102","ELECTRIC",1298,2
"102","ELECTRIC",1298,2
"102","ELECTRIC",1298,2
"102","ELECTRIC",1298,2
"102","ELECTRIC",1298,2
"102","ELECTRIC",1298,2
"102","ELECTRIC",1298,2
"102","ELECTRIC",1298,2
"102","ELECTRIC",1758,2
"102","ELECTRIC",1536,2
"102","ELECTRIC",1536,2
"102","ELECTRIC",1536,2
"102","ELECTRIC",1536,2
"102","ELECTRIC",1408,2
"102","ELECTRIC",1536,2
"102","ELECTRIC",1536,2
"101","OIL",1254,1
"101","OIL",1104,1
"101","OIL",2289,2
"101","OIL",1266,1
"101","OIL",1693,2
"101","OIL",1104,1
"101","OIL",1104,1
"101","OIL",1482,1.7
"101","OIL",924,1
"101","OIL",1354,1
"101","OIL",1284,1.7
"101","OIL",1104,1
"101","OIL",1104,1
"101","OIL",2290,2
"101","OIL",1935,1
"101","OIL",1524,2
"101","OIL",1566,1
"101","OIL",1690,1.7
"101","OIL",1450,1
"101","OIL",1004,1
"101","OIL",2665,1.7
"101","OIL",924,1
"101","OIL",1236,1
"101","OIL",2370,2
"101","OIL",1234,1
"101","OIL",1396,1.7
"101","OIL",1744,2
"101","OIL",1104,1
"101","OIL",1952,2
"101","OIL",2064,1
"101","OIL",1889,2
"101","OIL",1104,1
"101","OIL",1284,1.7
"101","OIL",1104,1
"101","OIL",1308,1.7
"101","OIL",1507,1.7
"101","OIL",1589,1.7
"101","OIL",1275,1
"101","OIL",1574,1
"101","OIL",1407,1.7
"101","PROPANE-TANK",2097,2
"101","OIL",1122,1
"101","ELECTRIC",1820,2
"101","OIL",1562,1
"101","OIL",1394,1
"101","OIL",1350,1
"101","OIL",1455,1.7
"101","OIL",990,1
"101","OIL",1462,2
"101","OIL",1158,1
"101","OIL",2220,2
"101","OIL",1355,1.7
"101","OIL",1471,1.7
"101","OIL",1155,1.7
"101","OIL",1968,2
"101","OIL",2084,1
"101","OIL",1441,1
"101","OIL",1152,1
"101","OIL",1344,1.7
"101","OIL",1338,1.7
"101","GAS",1737,1.7
"101","GAS",1428,1.7
"101","OIL",1308,2
"101","OIL",1008,1
"101","OIL",1008,1
"101","OIL",1452,2
"104","ELECTRIC",1610,1
"101","OIL",1468,2
"101","OIL",1245,1
"101","OIL",1620,1.7
"101","OIL",1284,2
"101","OIL",1691,1.7
"101","OIL",720,1
"101","OIL",1634,1.7
"101","OIL",1310,2
"104","OIL",2912,1.7
"101","OIL",1045,1.7
"101","OIL",1044,1
"101","OIL",1468,2
"101","OIL",1265,1
"101","OIL",2380,2
"101","OIL",1931,2
"101","OIL",1249,1
"101","OIL",2436,2
"101","OIL",1850,2
"101","OIL",2112,2
"101","OIL",2056,1
"101","OIL",1355,2
"101","OIL",1624,1
"101","OIL",2556,2
"101","OIL",1875,1
"101","OIL",1937,1.7
"101","PROPANE-TANK",1976,2
"101","OIL",944,1.7
"101","GAS",1784,2
"101","OIL",1428,1.7
"101","OIL",960,1
"101","OIL",2296,1
"101","OIL",1428,1.7
"101","OIL",1818,1
"101","ELECTRIC",1550,1
"101","OIL",2059,2
"101","GAS",2168,1.7
"101","OIL",1144,1
"101","OIL",1081,1.7
"101","OIL",1785,2
"101","OIL",1794,2
"101","OIL",1416,1
"101","OIL",1324,2
"101","OIL",1087,1.7
"101","OIL",1437,2
"101","OIL",1418,1.7
"101","OIL",1464,1.7
"104","OIL",2047,2
"101","OIL",1740,2
"101","OIL",660,1
"101","OIL",1275,1.7
"101","OIL",1551,1.7
"101","OIL",1078,1
"101","OIL",990,1
"101","OIL",1674,1.7
"101","OIL",1209,1
"101","OIL",1365,1.7
"101","OIL",1320,1
"101","OIL",2070,2
"101","OIL",2010,2
"101","GAS",2020,2
"101","OIL",1053,1
"101","OIL",1748,1.7
"101","OIL",1392,1.7
"101","OIL",1332,1
"101","OIL",2051,1
"101","OIL",1900,1
"101","OIL",2440,1
"101","OIL",1556,1.7
"101","OIL",1475,1
"101","PROPANE-TANK",2008,1
"101","OIL",2100,2
"101","OIL",1044,1
"101","OIL",1428,1.7
"101","OIL",1484,1
"101","OIL",2096,1
"101","OIL",1450,1
"101","OIL",1060,1
"101","OIL",1936,1
"101","OIL",2208,1.7
"101","OIL",2036,1
"101","OIL",1372,1
"101","OIL",1430,1
"101","OIL",1332,1
"101","OIL",1173,1
"101","OIL",1477,1
"101","OIL",1825,1.7
"101","OIL",1428,1.7
"101","OIL",2534,2
"101","OIL",1053,1
"101","OIL",1400,1
"101","OIL",1322,1
"101","ELECTRIC",1428,1
"101","OIL",1545,1
"101","OIL",1748,1.7
"101","OIL",1661,1.7
"101","OIL",1380,1
"101","OIL",988,1
"101","GAS",1903,1
"101","GAS",1958,2
"101","GAS",2030,1
"101","OIL",1666,1.7
"101","OIL",1239,1
"101","OIL",1283,1.7
"101","OIL",3737,3
"101","OIL",1072,1
"101","OIL",1128,1
"101","GAS",1437,1
"101","OIL",2148,1.7
"101","OIL",2764,1
"101","GAS",4556,2
"101","OIL",1533,2
"101","GAS",1911,1.7
"101","OIL",1386,2
"101","OIL",1386,2
"101","OIL",1152,2
"101","NONE",1008,1.7
"101","OIL",3267,2
"101","GAS",4382,2
"101","OIL",1720,2
"101","OIL",3043,2
"101","GAS",2523,2
"101","OIL",1922,2
"101","GAS",2419,2
"101","OIL",1922,2
"101","OIL",2090,1
"101","OIL",1632,1.7
"101","OIL",2110,1.7
"101","OIL",1745,1.7
"101","OIL",1924,2
"101","GAS",1040,1
"104","GAS",2334,1
"104","OIL",2143,1
"104","OIL",1824,2
"959","OIL",4444,2
"101","GAS",4939,2
"101","OIL",3725,2
"101","OIL",1544,1
"101","OIL",1872,1
"101","OIL",2113,1
"101","OIL",1254,1
"101","GAS",2800,2
"101","OIL",2128,2
"101","OIL",2140,1
"101","GAS",2196,1
"101","OIL",1368,1
"101","OIL",1556,1.7
"101","OIL",1631,1
"101","OIL",1532,1.7
"101","OIL",816,1
"101","OIL",1288,1
"101","OIL",995,1
"101","OIL",1328,1
"101","OIL",1428,1.7
"101","OIL",1020,1
"101","OIL",1719,1.7
"101","OIL",1224,1
"101","OIL",1816,2
"101","OIL",1146,1
"101","OIL",1284,1.7
"101","OIL",1334,1
"101","OIL",1696,1
"101","OIL",2004,1
"101","OIL",1960,2
"101","OIL",1404,2
"101","OIL",1008,1.7
"101","ELECTRIC",1602,2
"101","OIL",2148,2
"101","OIL",1326,1
"101","OIL",1024,1
"101","OIL",990,1
"101","OIL",1480,1
"101","OIL",1854,1
"101","OIL",2064,2
"101","OIL",1296,1
"101","OIL",1024,1
"101","OIL",1248,1
"101","OIL",992,1
"101","OIL",1744,1.7
"101","OIL",1248,1
"101","OIL",1736,1
"101","OIL",1760,1.7
"101","OIL",1786,1.7
"101","OIL",1053,1
"101","OIL",1561,2
"101","OIL",3077,1
"101","OIL",2105,1.7
"101","OIL",1310,1
"101","OIL",2650,1
"101","OIL",1302,1
"101","OIL",1532,1
"101","OIL",1620,1
"101","OIL",1572,1
"104","OIL",3466,2
"101","OIL",2651,2
"101","GAS",1128,1
"101","GAS",1268,1
"101","OIL",1034,1
"104","OIL",3381,1.7
"101","GAS",1680,1.7
"104","GAS",2058,2
"101","OIL",1634,1
"101","OIL",1960,2
"101","OIL",1437,1
"101","OIL",1916,1
"101","OIL",1656,1
"101","OIL",1486,1
"101","OIL",1788,1.7
"101","OIL",1512,1.7
"101","OIL",1172,1
"101","GAS",1780,2
"101","OIL",1040,1
"101","OIL",1344,1.7
"101","OIL",1344,1.7
"101","OIL",1152,1
"101","OIL",1671,1.7
"101","OIL",1698,1
"101","OIL",1246,1
"101","OIL",1140,1
"101","OIL",1714,1
"101","OIL",1152,1
"101","OIL",1536,1
"101","OIL",1152,1
"101","OIL",1152,1
"101","OIL",1248,1
"101","OIL",768,1
"101","OIL",1674,1.7
"101","OIL",1248,1
"101","OIL",1470,1.7
"101","GAS",2244,1
"101","GAS",1944,1
"104","OIL",2264,2
"101","OIL",1739,1.7
"101","GAS",1463,1.7
"101","OIL",1532,1
"101","OIL",1632,1
"101","OIL",2032,1
"101","OIL",1608,1
"101","OIL",2400,2
"101","OIL",1913,1
"101","OIL",3324,1
"101","OIL",2120,1
"101","OIL",1632,1
"101","OIL",1560,1
"101","OIL",2000,1
"101","ELECTRIC",1428,1
"101","OIL",1926,1
"101","OIL",1880,1
"104","OIL",1960,1
"101","OIL",1660,1
"101","OIL",1882,1
"101","OIL",1560,1
"101","OIL",1768,2
"101","OIL",1644,1
"101","OIL",1926,1
"101","OIL",2347,1.7
"101","OIL",1547,1.7
"101","GAS",2956,2
"101","GAS",1764,2
"101","GAS",1800,2
"101","GAS",1526,1
"101","GAS",1908,1
"101","ELECTRIC",1982,1
"101","GAS",1120,1
"101","GAS",1764,1
"101","OIL",1920,2
"102","OIL",3198,2
"102","GAS",1580,1
"102","GAS",1740,1
"101","GAS",1296,1
"101","OIL",988,1
"104","GAS",3612,2
"105","GAS",3708,2
"101","OIL",2372,2
"105","OIL",3872,2
"101","OIL",3816,2
"105","OIL",3200,2
"104","OIL",2640,2
"101","GAS",2459,2
"104","OIL",3553,2
"105","OIL",3912,2
"104","GAS",2884,2.7
"104","GAS",3713,2.7
"101","GAS",4067,2
"101","OIL",3510,2
"101","OIL",2438,2
"101","OIL",3484,2
"101","OIL",2816,2
"101","OIL",1645,1
"104","ELECTRIC",2986,2
"104","ELECTRIC",3404,2
"104","GAS",2304,2.7
"105","OIL",3038,1.7
"101","OIL",1275,1.7
"101","OIL",1440,1.7
"101","OIL",1062,1.7
"101","GAS",1061,1.7
"104","GAS",3715,2.7
"101","OIL",1512,2
"101","OIL",1239,1.7
"101","OIL",1062,1.7
"101","OIL",1024,1
"101","OIL",1610,2
"104","GAS",2152,2
"101","OIL",1341,1.7
"105","OIL",3614,2
"104","OIL",2466,2.7
"101","GAS",1118,1.7
"101","OIL",1990,1.7
"104","OIL",2480,2
"104","OIL",2728,2
"101","OIL",1255,1.7
"104","OIL",2249,2
"101","GAS",1907,1
"101","OIL",2241,3
"105","OIL",3646,2
"101","OIL",1220,2
"101","GAS",960,1
"105","OIL",3088,2
"101","OIL",1008,1
"101","OIL",1272,1
"101","OIL",1457,1.7
"101","GAS",1370,1.7
"104","OIL",1869,2
"101","OIL",1460,1.7
"104","OIL",2404,2.7
"104","GAS",2106,2
"104","OIL",2001,2
"101","OIL",1592,1.7
"105","OIL",3015,3
"101","GAS",2739,2
"104","GAS",1992,2
"101","OIL",1647,2
"101","GAS",1615,1
"101","GAS",1382,1.7
"104","OIL",2172,2
"101","GAS",1554,1.7
"111","GAS",3725,2.7
"104","GAS",2304,2
"104","GAS",2149,2
"101","GAS",1512,1.7
"101","GAS",2368,2
"104","GAS",1423,1
"105","OIL",4707,2.7
"104","OIL",2976,2
"104","OIL",3621,2.7
"111","OIL",5664,2
"111","GAS",2870,2
"111","OIL",4596,2
"105","OIL",3408,3
"105","OIL",3348,3
"111","GAS",3816,2
"111","GAS",1216,1
"105","OIL",4154,3
"105","OIL",3756,3
"111","OIL",4104,2
"111","GAS",5340,3
"101","GAS",1280,2
"101","GAS",1960,2
"111","GAS",3773,2.7
"105","GAS",2348,2
"101","GAS",1776,2
"104","OIL",2543,1.7
"101","OIL",2272,2
"104","OIL",2240,2
"101","OIL",1730,1.7
"101","OIL",1563,1.7
"104","OIL",2112,2
"104","GAS",3030,1.7
"101","GAS",1040,1
"101","GAS",2464,2
"101","OIL",1040,1
"101","GAS",1244,1
"101","OIL",1980,1
"101","OIL",1088,1
"101","GAS",1690,1
"101","OIL",1072,1
"101","OIL",1040,1
"101","OIL",1566,1.7
"104","OIL",2386,2
"101","GAS",1984,2
"101","GAS",1263,2
"101","GAS",1263,2
"104","GAS",3334,2
"104","OIL",2938,2
"104","OIL",2000,2
"101","OIL",1368,1.7
"105","GAS",3744,3
"101","OIL",1326,1
"104","OIL",2272,2
"104","OIL",3386,2
"104","GAS",3211,2
"104","OIL",2242,2.7
"101","OIL",2340,2
"104","GAS",3275,2.7
"104","OIL",3087,2
"105","OIL",3293,2
"104","GAS",2622,2
"104","OIL",2853,2
"105","OIL",2784,2
"101","OIL",1156,1
"105","OIL",2951,2
"101","GAS",1584,2
"104","OIL",1884,2
"104","OIL",2144,2
"101","OIL",1142,1
"101","GAS",1028,1.7
"101","OIL",1410,2
"101","GAS",1174,2
"101","GAS",1674,2
"101","OIL",1218,1.7
"101","OIL",2022,2
"101","OIL",1344,1
"101","OIL",1656,1
"101","GAS",1248,1
"101","GAS",1248,1
"101","OIL",1536,1.7
"101","OIL",1366,1
"101","GAS",1880,2
"101","OIL",2184,2
"101","GAS",3318,2
"104","GAS",2212,2
"101","OIL",1272,1.7
"101","OIL",1919,1.7
"101","OIL",1688,2
"101","OIL",1758,2
"101","OIL",1671,1.7
"101","OIL",2508,2
"104","GAS",2525,2
"104","OIL",2700,2
"101","GAS",1388,2
"101","OIL",752,1
"101","OIL",1170,1
"101","GAS",1740,2
"101","GAS",1250,2
"101","GAS",1071,1.7
"101","GAS",1440,2
"104","GAS",2212,2.7
"101","GAS",1248,2
"101","OIL",1931,1.7
"101","OIL",1144,2
"104","GAS",3724,2
"101","GAS",1571,1
"101","OIL",1409,1
"101","OIL",1260,1.7
"101","OIL",1094,1.7
"101","OIL",2004,1.7
"101","GAS",1764,2
"101","OIL",1944,2
"101","GAS",1836,2
"101","OIL",1566,1.7
"101","OIL",1568,2
"101","OIL",1704,2
"101","GAS",1368,2
"101","OIL",1480,2
"101","GAS",2306,2.7
"101","OIL",1456,2
"101","GAS",2230,1.7
"105","OIL",3808,2
"101","OIL",3241,2
"105","OIL",2459,2
"104","GAS",3345,2
"101","GAS",1802,2
"104","OIL",3385,2
"104","OIL",2464,2
"101","GAS",2508,2
"104","OIL",2652,2
"101","OIL",2382,2
"101","OIL",2372,2
"104","OIL",2826,2
"101","OIL",1160,1
"101","OIL",2068,2
"101","OIL",1848,2
"101","OIL",1936,2
"101","GAS",2498,2
"101","OIL",2120,2
"104","OIL",3196,2
"101","GAS",1194,1
"101","GAS",1836,2
"101","OIL",1620,2
"101","GAS",1668,2
"101","GAS",1690,2
"101","GAS",1908,2
"101","OIL",1556,2
"101","OIL",2156,2
"101","OIL",3513,2
"101","GAS",2064,2
"101","OIL",2032,2
"101","OIL",1408,2
"101","GAS",1848,2
"101","GAS",2167,2
"101","OIL",2016,2
"101","OIL",2535,2
"101","OIL",3254,2
"101","GAS",3408,2
"101","GAS",2080,2
"101","GAS",1696,2
"101","GAS",2580,2
"101","OIL",3358,2
"101","OIL",2288,2
"101","GAS",1988,2
"101","GAS",1606,2
"101","GAS",1344,2
"101","OIL",1456,2
"101","OIL",1632,2
"104","GAS",2668,2
"101","GAS",2555,1
"101","GAS",1687,1.7
"101","OIL",2752,2
"101","OIL",2768,2
"101","GAS",2368,2
"101","OIL",1842,2
"101","OIL",2192,2
"101","GAS",2944,2
"101","GAS",2316,2
"101","OIL",3360,2
"101","GAS",2435,2
"101","OIL",4364,2.7
"101","OIL",2280,2
"101","OIL",2015,2
"101","OIL",1774,2
"101","OIL",1584,2
"101","OIL",1992,2
"101","OIL",2103,2
"101","OIL",1248,2
"101","GAS",2136,2
"101","OIL",978,1
"101","OIL",1521,1.7
"101","OIL",1128,1
"101","OIL",2104,2
"101","GAS",2117,2
"105","GAS",3749,2
"101","GAS",3493,1.7
"101","OIL",2435,2
"101","GAS",1840,1
"101","OIL",1858,2
"101","OIL",2144,1
"101","GAS",2279,1
"101","OIL",2055,2
"101","OIL",1834,1
"101","OIL",1852,1
"101","OIL",1768,2
"101","OIL",4088,2
"101","OIL",1428,2
"101","OIL",2268,2
"101","OIL",2548,1
"104","OIL",2394,2
"101","OIL",2028,2
"101","OIL",2147,1.7
"101","OIL",2368,2
"101","OIL",3137,2
"102","GAS",1057,1
"102","GAS",1226,1
"102","GAS",1311,1
"102","GAS",1197,1
"102","GAS",1311,1
"102","GAS",1136,1
"102","GAS",1057,1
"102","GAS",1057,1
"102","GAS",1057,1
"102","GAS",1226,1
"102","GAS",1311,1
"102","GAS",1197,1
"102","GAS",1311,1
"102","GAS",1195,1
"102","GAS",1057,1
"102","GAS",1226,1
"102","GAS",1057,1
"102","GAS",1226,1
"102","GAS",1311,1
"102","GAS",1197,1
"102","GAS",1311,1
"102","GAS",1195,1
"102","GAS",1057,1
"102","GAS",1226,1
"102","GAS",1057,1
"102","GAS",1226,1
"102","GAS",1311,1
"102","GAS",1197,1
"102","GAS",1311,1
"102","GAS",1195,1
"102","GAS",1057,1
"102","GAS",1226,1
"102","OIL",1833,1.7
"102","GAS",1194,1
"102","GAS",1194,1
"102","GAS",1030,1
"102","GAS",1231,1
"102","GAS",797,1
"102","GAS",1177,1
"102","GAS",808,1
"102","GAS",1059,1
"102","GAS",1132,1
"102","GAS",1231,1
"102","GAS",1177,1
"102","GAS",1177,1
"102","GAS",1030,1
"102","GAS",1231,1
"102","GAS",1194,1
"102","GAS",1194,1
"102","GAS",1194,1
"102","GAS",1194,1
"102","GAS",1093,1
"102","GAS",1231,1
"102","GAS",797,1
"102","GAS",1177,1
"102","GAS",808,1
"102","GAS",1059,1
"102","GAS",1132,1
"102","GAS",1231,1
"102","GAS",1177,1
"102","GAS",1177,1
"102","GAS",1093,1
"102","GAS",1231,1
"102","GAS",1194,1
"102","GAS",1194,1
"102","GAS",1194,1
"102","GAS",1194,1
"102","GAS",1093,1
"102","GAS",1231,1
"102","GAS",797,1
"102","GAS",1177,1
"102","GAS",808,1
"102","GAS",1059,1
"102","GAS",1132,1
"102","GAS",1231,1
"102","GAS",1177,1
"102","GAS",1177,1
"102","GAS",1093,1
"102","GAS",1231,1
"102","GAS",1194,1
"102","GAS",1194,1
"102","GAS",1194,1
"102","GAS",1194,1
"102","GAS",1093,1
"102","GAS",1231,1
"102","GAS",797,1
"102","GAS",1177,1
"102","GAS",808,1
"102","GAS",1059,1
"102","GAS",1132,1
"102","GAS",1231,1
"102","GAS",1177,1
"102","GAS",1177,1
"102","GAS",1093,1
"102","GAS",1231,1
"102","GAS",1194,1
"102","GAS",1194,1
"102","ELECTRIC",1400,2
"102","ELECTRIC",1300,2
"102","GAS",1088,2
"102","GAS",1088,2
"102","GAS",1079,2
"102","GAS",1072,2
"102","GAS",1072,2
"102","GAS",1072,2
"102","GAS",1072,2
"102","GAS",1072,2
"102","GAS",1072,2
"102","GAS",1072,2
"102","GAS",1224,2
"102","GAS",1088,2
"102","GAS",1088,2
"102","GAS",1072,2
"102","GAS",1072,2
"102","GAS",1072,2
"102","GAS",1072,2
"102","GAS",1076,2
"102","GAS",1156,2
"102","GAS",1072,2
"102","GAS",1072,2
"102","GAS",1088,2
"102","GAS",1088,2
"102","GAS",1072,2
"102","GAS",1072,2
"102","GAS",1088,2
"102","GAS",1088,2
"102","GAS",1088,2
"102","GAS",1072,2
"102","GAS",1072,2
"102","GAS",1072,2
"102","GAS",1072,2
"102","GAS",1072,2
"102","GAS",1072,2
"102","GAS",1072,2
"102","GAS",1072,2
"102","GAS",1088,2
"102","GAS",1088,2
"102","GAS",1072,2
"102","GAS",1072,2
"102","GAS",1072,2
"102","GAS",1072,2
"102","GAS",1088,2
"102","GAS",1088,2
"102","GAS",1088,2
"102","GAS",1088,2
"102","GAS",1088,2
"102","GAS",1088,2
"102","GAS",1088,2
"102","GAS",1088,2
"102","GAS",1088,2
"102","GAS",1088,2
"102","GAS",1088,2
"102","GAS",1088,2
"102","GAS",1088,2
"102","GAS",1072,2
"102","GAS",1072,2
"102","GAS",1072,2
"102","GAS",1072,2
"102","GAS",1072,2
"102","GAS",1072,2
"102","GAS",1072,2
"102","GAS",1072,2
"102","GAS",1072,2
"102","GAS",1072,2
"102","OIL",1492,2
"102","OIL",1492,2
"102","GAS",1488,2
"102","GAS",1560,2
"102","GAS",1560,2
"102","GAS",1560,2
"102","GAS",1560,2
"102","GAS",1623,2
"102","GAS",1623,2
"102","GAS",1623,2
"102","GAS",1623,2
"102","GAS",1623,2
"102","GAS",1623,2
"102","GAS",1560,2
"102","GAS",1560,2
"102","GAS",1560,2
"102","GAS",1508,2
"102","GAS",1560,2
"102","GAS",1560,2
"102","GAS",1560,2
"102","GAS",690,1
"102","GAS",1035,1
"102","OIL",1260,2
"102","OIL",1260,2
"102","GAS",1770,1
"102","GAS",965,1
"102","GAS",506,1
"102","GAS",1454,1
"102","GAS",1088,2
"102","GAS",1224,2
"102","OIL",680,1
"102","OIL",810,1
"102","OIL",877,1
"102","OIL",744,1
"102","OIL",877,1
"102","OIL",744,1
"102","OIL",930,1
"102","OIL",930,1
"102","OIL",930,1
"102","GAS",1488,2.7
"102","GAS",1488,2.7
"102","GAS",1620,2.7
"102","GAS",1540,2.7
"102","GAS",1620,2.7
"102","GAS",1620,2.7
"102","GAS",1620,2.7
"102","GAS",1620,2.7
"102","GAS",1620,2.7
"102","GAS",1620,2.7
"102","GAS",1620,2.7
"102","GAS",1620,2.7
"102","GAS",1540,2.7
"102","GAS",1620,2.7
"102","GAS",1620,2.7
"102","GAS",1620,2.7
"102","GAS",1620,2.7
"102","GAS",1440,2
"102","GAS",1440,2
"101","OIL",1199,1
"101","OIL",1078,1.7
"101","OIL",1184,1.7
"101","OIL",1796,2
"101","OIL",1197,1.7
"101","OIL",1422,1.7
"101","GAS",1552,2
"101","OIL",1448,2
"101","OIL",1413,1
"101","GAS",1412,2
"105","OIL",3052,2
"104","OIL",2384,2
"101","GAS",1500,2
"104","OIL",3341,2
"101","OIL",1095,1
"105","GAS",2592,3
"104","ELECTRIC",2600,2
"111","GAS",3012,3
"101","GAS",1034,1
"105","GAS",2992,3
"104","GAS",2745,2.7
"104","OIL",2749,2.7
"104","GAS",3726,2.7
"104","GAS",2773,2.7
"105","ELECTRIC",2745,2.7
"105","ELECTRIC",2773,2.7
"101","GAS",1520,1.7
"101","OIL",2031,2
"101","OIL",1514,2
"101","OIL",2655,2
"101","GAS",1338,2
"105","GAS",2773,2.7
"104","OIL",2494,2
"104","GAS",2080,2
"104","OIL",2048,2
"105","OIL",2640,3
"105","GAS",2796,3
"105","GAS",3108,3
"105","OIL",3016,3
"111","GAS",3807,3
"105","ELECTRIC",3026,3
"101","OIL",1848,2.7
"104","GAS",2849,2
"101","OIL",1530,2
"101","ELECTRIC",1040,1
"101","OIL",1563,1.7
"101","OIL",2172,2
"105","OIL",4369,2
"105","GAS",4159,2
"105","GAS",3316,2.7
"104","OIL",2702,2.7
"111","GAS",3161,2
"104","GAS",2444,2
"105","ELECTRIC",2592,2.7
"104","OIL",2472,2
"105","OIL",3740,2
"104","OIL",2352,2
"104","GAS",3540,2
"111","OIL",6099,2
"104","GAS",2332,2
"104","OIL",2394,2
"101","OIL",1120,1
"105","OIL",2628,2
"101","GAS",1474,2
"101","GAS",1408,2
"101","GAS",1810,1.7
"101","OIL",1620,2
"101","GAS",2287,2
"101","GAS",2302,2
"101","OIL",1124,1.7
"101","OIL",1105,1.7
"101","GAS",1924,2.7
"101","GAS",1224,2
"104","OIL",3318,2
"104","OIL",2175,2
"101","OIL",1080,1
"101","GAS",1365,1.7
"101","GAS",1200,1
"104","GAS",1664,1
"101","OIL",1872,2
"101","OIL",1648,2
"101","OIL",1868,2
"101","GAS",1932,2
"101","GAS",2024,2
"101","GAS",2176,2
"101","GAS",2230,2
"105","OIL",2877,1.7
"013","ELECTRIC",1800,2
"931","GAS",2284,2
"104","GAS",2319,1.7
"111","GAS",3388,2
"104","OIL",2432,2
"101","ELECTRIC",1240,2
"101","OIL",2357,2
"104","OIL",2570,2
"109","GAS",2752,2
"109","ELECTRIC",420,1
"101","OIL",640,1
"111","OIL",4354,2
"101","GAS",2487,2
"101","GAS",1960,2
"101","GAS",1638,2
"101","GAS",1434,2
"105","OIL",3444,2.7
"104","OIL",2741,2
"104","GAS",2665,2
"101","GAS",2689,1.7
"101","GAS",1120,1
"101","GAS",2123,2
"101","ELECTRIC",1792,2
"101","GAS",2814,2
"101","GAS",1807,1.7
"104","OIL",1818,1.7
"104","GAS",2668,2
"101","GAS",1443,1
"101","OIL",1854,2
"101","GAS",3024,2
"104","GAS",2424,2
"104","OIL",2448,2
"104","OIL",2448,2
"105","GAS",2608,2
"101","GAS",1799,2
"101","GAS",1374,2
"101","GAS",1828,2
"101","GAS",2758,2
"101","OIL",1554,1.7
"104","GAS",1976,2
"101","GAS",2316,2
"101","OIL",1800,1
"101","GAS",1344,2
"104","ELECTRIC",2270,2
"101","GAS",1032,1.7
"101","GAS",2156,1.7
"101","OIL",1512,1.7
"101","GAS",1265,1
"101","ELECTRIC",912,1
"101","OIL",972,1
"101","OIL",912,1
"101","GAS",982,1
"101","GAS",2272,2
"101","OIL",2924,2
"101","GAS",3248,2
"101","OIL",1640,1
"101","OIL",1344,2
"101","OIL",1001,1.7
"104","OIL",1496,2
"104","GAS",1851,1.7
"101","GAS",1852,2
"104","GAS",1612,2
"101","GAS",1117,1
"101","OIL",2380,1.7
"101","GAS",2068,2.7
"104","OIL",2616,2
"101","GAS",916,2
"104","OIL",1453,1.7
"104","GAS",2610,3
"104","OIL",1708,2
"104","GAS",3663,2
"101","OIL",1233,1.7
"101","OIL",1033,1.7
"104","GAS",2876,2
"101","GAS",1360,2
"101","OIL",1320,2
"101","GAS",1256,1.7
"101","GAS",2400,1.7
"104","GAS",3246,2
"101","GAS",2048,2
"104","GAS",2722,2
"101","OIL",817,1
"104","GAS",1410,2
"105","OIL",2628,3
"104","OIL",2018,2
"101","OIL",1144,2
"101","GAS",676,2
"101","OIL",1206,2
"111","OIL",3240,3
"104","OIL",2601,2
"104","ELECTRIC",2520,1
"105","ELECTRIC",1976,2
"101","OIL",1890,2
"101","GAS",1348,1.7
"111","GAS",4360,2
"105","OIL",3096,3
"104","ELECTRIC",1800,2
"101","GAS",744,2
"104","GAS",1390,1.7
"101","GAS",1269,1.7
"104","GAS",1880,2
"105","GAS",2205,2
"105","OIL",3489,2.7
"101","GAS",2338,2
"109","OIL",3104,2
"109","OIL",1108,1.7
"104","OIL",2912,2
"104","OIL",2770,2
"104","OIL",2472,2
"101","OIL",1380,1
"101","GAS",2080,2
"101","GAS",1386,2
"101","OIL",2196,2
"101","GAS",1713,2
"101","OIL",1533,2
"104","OIL",2550,2
"101","GAS",1932,2
"104","GAS",2790,2
"105","OIL",3080,2.7
"104","GAS",1700,2
"105","OIL",1560,1
"105","GAS",3026,2
"104","OIL",2104,2
"104","ELECTRIC",2120,2
"104","ELECTRIC",2120,2
"104","GAS",3240,2
"104","GAS",2888,2
"104","ELECTRIC",2860,2
"104","ELECTRIC",2860,2
"104","OIL",3557,2
"104","GAS",5152,2
"104","GAS",2240,1
"104","GAS",3088,2
"101","GAS",1812,2
"104","OIL",3241,2
"101","OIL",1341,1
"104","GAS",3048,2
"111","GAS",4276,2
"101","GAS",956,1.7
"104","GAS",1865,2
"104","GAS",1464,2
"104","GAS",1854,1
"104","OIL",3764,2
"104","GAS",2330,2
"104","GAS",2752,2.7
"104","OIL",3005,2
"101","OIL",1890,1
"104","OIL",2999,2
"101","OIL",1358,1.7
"101","GAS",1600,2
"105","GAS",2544,2
"104","ELECTRIC",2746,2.7
"105","GAS",3360,2
"104","GAS",1719,1.7
"104","GAS",2352,2.7
"101","OIL",2493,2
"105","GAS",3776,2
"101","GAS",1631,1.7
"104","OIL",3150,2
"105","OIL",4009,2
"105","GAS",3413,2
"105","GAS",4028,2
"111","OIL",3843,2
"111","GAS",2410,2
"105","GAS",2520,2
"104","OIL",2200,2
"101","OIL",2909,2
"104","OIL",3148,2
"104","GAS",2016,2
"101","GAS",1800,2
"101","GAS",1488,1.7
"101","GAS",1656,2
"104","GAS",1872,2
"104","GAS",1560,2
"101","OIL",1520,2
"101","GAS",1914,1.7
"104","GAS",2480,2
"104","GAS",2765,2
"104","OIL",3168,2
"105","ELECTRIC",4356,2
"104","GAS",2593,2
"101","GAS",2052,2
"101","GAS",2016,2
"101","OIL",1884,2
"101","GAS",1304,2
"101","OIL",960,2
"104","OIL",3314,2
"101","OIL",1862,1.7
"104","GAS",2132,2
"104","GAS",2745,2
"104","GAS",2106,1
"970","GAS",6003,2
"101","OIL",2127,2
"104","GAS",1598,2
"104","GAS",1770,2
"101","OIL",1248,2
"101","GAS",1188,2
"104","OIL",2536,2
"104","GAS",2207,2
"101","OIL",1400,1.7
"101","OIL",1714,2
"105","OIL",3264,2
"104","GAS",2069,1.7
"104","OIL",2826,2
"104","GAS",3059,2
"105","OIL",3366,2
"101","OIL",1506,1
"101","OIL",1506,1
"104","OIL",4720,2
"101","OIL",1741,1.7
"105","GAS",3786,3
"105","GAS",3523,3
"105","GAS",3420,3
"105","OIL",2808,3
"105","GAS",2808,3
"105","GAS",4101,3
"101","GAS",1058,1
"101","OIL",988,1
"101","GAS",2136,2
"101","OIL",2527,2
"101","OIL",2003,2
"101","OIL",2199,2
"101","OIL",2566,2
"101","OIL",1668,1.7
"101","GAS",4150,1.7
"102","GAS",1540,2
"102","GAS",1540,2
"102","OIL",1010,1
"102","OIL",1744,1
"102","GAS",1126,2
"102","GAS",1126,2
"102","OIL",1138,1
"102","GAS",2607,1
"102","GEO THERMAL",743,1
"102","GAS",1213,2
"102","GAS",1082,2
"102","GAS",795,1
"102","GAS",795,1
"102","GAS",774,1
"102","GAS",980,2
"102","GAS",980,2
"102","GAS",1472,2
"102","GAS",1150,2
"102","GAS",1317,1
"102","OIL",1179,1
"102","OIL",684,1
"101","OIL",1766,1
"104","GAS",1872,2
"105","GAS",2922,3
"105","GAS",2802,3
"101","OIL",1998,2
"101","GAS",1694,2.7
"101","OIL",1192,1.7
"104","OIL",1944,2
"104","GAS",2184,2
"101","GAS",1168,2
"109","GAS",1492,2
"109","GAS",2599,2
"109","GAS",2692,2
"104","GAS",2700,2
"109","OIL",1311,1
"109","NONE",450,1
"104","ELECTRIC",3400,2
"111","OIL",2702,2.7
"105","GAS",2268,2
"111","GAS",2160,2
"104","GAS",2128,2
"104","OIL",2312,2
"101","GAS",909,1.7
"101","GAS",975,2
"104","OIL",3112,3
"104","GAS",3184,2
"105","GAS",2016,2
"104","GAS",1806,2
"105","OIL",2184,2
"104","GAS",2452,2
"101","GAS",936,2
"104","GAS",2544,2.7
"105","OIL",2906,2
"105","GAS",2612,2
"101","GAS",1266,1
"104","OIL",1652,2
"101","GAS",1592,1
"111","OIL",2972,2
"101","GAS",1828,2
"101","GAS",1021,1
"101","OIL",872,1
"101","OIL",968,1
"104","GAS",1260,1.7
"101","GAS",1600,1
"101","GAS",2040,2
"101","OIL",1200,2
"101","OIL",1368,2
"105","OIL",2598,2
"101","OIL",1022,1.7
"104","GAS",1945,2
"109","GAS",2164,2
"109","GAS",882,1.7
"101","OIL",1653,2
"101","GAS",1188,1
"104","GAS",2340,2
"101","GAS",1330,2
"105","OIL",2446,2
"101","GAS",1368,1.7
"104","GAS",1991,1.7
"104","OIL",1264,1
"104","GAS",1712,2
"101","GAS",1428,2
"111","OIL",2016,2
"104","GAS",2772,2
"105","OIL",2300,2
"105","GAS",3117,2.7
"111","GAS",3589,2.7
"105","GAS",3417,3
"101","OIL",1638,1.7
"101","OIL",1278,2
"104","GAS",2592,2
"101","GAS",1726,2
"101","GAS",1431,1
"109","GAS",790,2
"109","OIL",1144,2
"101","GAS",894,2
"104","ELECTRIC",1416,1
"959","OIL",1976,2
"104","OIL",1980,2
"101","GAS",1400,2
"101","GAS",1375,2
"104","OIL",2520,2
"105","GAS",2808,3
"104","GAS",1938,2
"105","GAS",3203,3
"104","GAS",1582,2
"101","OIL",709,1.7
"101","OIL",1617,2
"104","OIL",2797,1.7
"104","GAS",2177,2
"111","GAS",3315,2
"101","GAS",940,1.7
"101","GAS",1598,1.7
"101","OIL",996,2
"105","GAS",2457,2
"105","OIL",2793,2
"104","GAS",1568,2
"104","GAS",2332,2
"101","GAS",1816,2
"105","GAS",2330,2
"101","GAS",1952,1
"104","OIL",2613,2
"104","OIL",2405,2
"105","OIL",2808,3
"104","GAS",2460,2
"109","GAS",950,2
"109","GAS",1080,1
"105","OIL",3108,3
"104","GAS",2457,2
"105","GAS",2796,3
"104","GAS",2679,2
"101","OIL",1170,2
"105","GAS",2940,2
"101","OIL",1356,1.7
"104","GAS",1722,2
"101","GAS",1284,2
"104","GAS",3447,2
"111","OIL",3636,3
"101","GAS",1512,1.7
"101","ELECTRIC",1128,1
"101","GAS",2396,2
"104","OIL",2453,2
"104","GAS",2762,2
"109","GAS",2388,1
"109","GAS",3024,3
"101","GAS",1309,1.7
"105","GAS",2286,2.7
"101","OIL",1352,1.7
"101","GAS",1204,1
"104","OIL",1872,1.7
"101","GAS",2456,2
"104","GAS",2480,2
"105","OIL",2715,2.7
"101","GAS",2156,2
"101","GAS",1152,1
"101","GAS",960,1
"101","GAS",1024,1
"101","GAS",2166,2
"101","GAS",1059,1
"101","GAS",1024,1
"101","GAS",1008,1
"101","GAS",1080,1
"101","GAS",960,1
"101","GAS",2600,1
"105","GAS",3048,3
"101","GAS",1008,1
"101","GAS",1016,1
"101","OIL",1140,1
"101","GAS",1056,1
"101","OIL",1704,2
"101","OIL",2160,2
"101","OIL",1361,1
"101","OIL",1124,1
"101","OIL",1110,1
"101","OIL",2356,2
"101","OIL",1110,1
"101","GAS",1110,1
"101","GAS",1596,2
"101","GAS",1680,2
"105","OIL",2338,2.7
"101","GAS",982,1
"101","GAS",1630,2
"101","GAS",2020,2
"101","GAS",1515,1.7
"104","GAS",1956,2
"104","OIL",1901,2
"101","OIL",1656,2
"101","GAS",898,1.7
"101","OIL",1164,1.7
"101","GAS",1001,1.7
"104","GAS",2316,1.7
"101","GAS",2078,2
"104","GAS",2824,2
"101","OIL",1920,2
"101","GAS",912,1
"101","OIL",1450,1
"101","ELECTRIC",1312,1
"101","GAS",2356,2
"101","GAS",979,1.7
"104","GAS",2348,2
"104","OIL",2676,2
"101","OIL",2292,1
"101","OIL",2324,2
"101","GAS",1680,1
"101","OIL",1344,2
"101","GAS",1882,2
"104","GAS",1990,1.7
"101","OIL",1287,1
"101","OIL",1852,1
"101","GAS",1632,2
"101","GAS",2334,1
"101","GAS",1512,2
"101","GAS",988,1
"101","OIL",1704,1.7
"101","GAS",1026,1.7
"104","GAS",1890,2
"101","OIL",1014,2
"101","GAS",932,1
"101","OIL",1274,1.7
"105","GAS",2982,2.7
"101","GAS",1344,2
"101","OIL",1248,1
"101","OIL",1320,1
"104","OIL",1704,2
"101","OIL",864,1
"104","OIL",2241,2
"104","OIL",2016,2
"104","GAS",1863,1.7
"101","OIL",1919,2
"101","OIL",1547,2
"101","OIL",1052,1.7
"101","GAS",2422,2
"101","GAS",1437,1
"101","GAS",1184,1
"101","OIL",1768,1
"101","OIL",1586,1
"101","OIL",1608,2
"105","GAS",2238,3
"101","GAS",1483,2
"105","GAS",2064,2
"101","GAS",1260,1
"104","OIL",1536,2
"104","OIL",1472,1.7
"101","OIL",1382,1.7
"101","OIL",1088,2
"101","OIL",1047,1.7
"101","GAS",1368,1
"101","OIL",1768,1
"104","OIL",3720,2
"104","GAS",1768,2
"104","OIL",2504,2
"101","GAS",1315,1.7
"101","GAS",3026,2
"104","GAS",1847,1.7
"104","GAS",1920,2
"101","OIL",1428,1.7
"105","GAS",2854,2
"104","OIL",4058,1
"101","GAS",1829,1
"101","GAS",1852,1
"104","GAS",3266,2.7
"101","GAS",1248,2
"109","GAS",626,1
"109","GAS",2680,1
"104","OIL",3162,2
"104","GAS",2064,2
"104","OIL",2188,2
"104","OIL",1968,2
"105","GAS",3309,2
"101","GAS",1188,1
"104","GAS",2252,2
"101","OIL",1514,1
"101","ELECTRIC",960,1
"104","OIL",1608,2
"105","OIL",2272,2.7
"104","OIL",2852,2
"101","GAS",2581,2
"104","GAS",2297,2
"109","OIL",2040,2
"109","GAS",1548,2
"104","OIL",1926,2
"105","GAS",2538,3
"101","GAS",1600,2
"101","GAS",768,1
"101","GAS",1344,1.7
"101","GAS",1829,1.7
"104","GAS",3740,2
"101","GAS",1261,1
"101","GAS",1175,1
"101","GAS",1320,2
"105","OIL",4472,1
"104","GAS",2760,3
"104","OIL",1431,2
"101","OIL",1636,1.7
"104","OIL",1852,1.7
"101","GAS",1406,2
"101","GAS",1344,1
"104","OIL",2130,2
"101","GAS",1387,1.7
"101","OIL",930,1
"105","OIL",3225,3
"104","OIL",1561,1.7
"101","GAS",1018,1
"101","ELECTRIC",1056,1
"101","OIL",1538,1.7
"101","OIL",1616,1.7
"101","GAS",1196,1
"101","GAS",1950,1
"101","GAS",2714,2
"105","OIL",2848,2
"104","OIL",3255,2
"104","GAS",2432,2
"101","OIL",1645,1.7
"105","OIL",2682,3
"101","GAS",720,1
"104","OIL",1656,2
"104","GAS",1652,2
"105","OIL",2783,3
"101","GAS",1760,2
"104","OIL",2328,2
"101","GAS",2160,2
"101","OIL",1176,1
"105","GAS",2748,3
"101","GAS",1648,2
"101","GAS",1656,1
"101","OIL",2315,1
"101","OIL",2342,1.7
"104","OIL",2409,2
"101","OIL",1638,1.7
"101","GAS",1046,1
"105","GAS",2844,3
"104","OIL",2170,2
"104","OIL",1783,2
"101","GAS",1274,2
"104","OIL",1733,2
"101","OIL",1393,2
"105","GAS",2496,3
"101","GAS",1513,2
"101","GAS",1650,2
"101","OIL",1184,2
"101","GAS",2473,2
"104","GAS",2368,2
"101","GAS",897,1
"101","OIL",1730,2
"104","GAS",1877,2
"104","GAS",2226,2
"101","GAS",2426,1
"104","OIL",3272,2
"101","OIL",1040,2
"101","GAS",1584,2
"101","ELECTRIC",1728,2
"105","GAS",2352,3
"101","GAS",1008,1
"104","GAS",1804,2
"101","GAS",1140,2
"101","GAS",960,1
"101","OIL",1178,1.7
"101","GAS",1080,1
"101","GAS",1663,2
"101","GAS",864,1
"101","GAS",1764,2
"104","GAS",1936,2
"101","GAS",2160,2
"101","GAS",1408,2
"104","OIL",2292,2
"101","GAS",1973,1
"104","OIL",2220,2
"104","GAS",1644,2
"101","OIL",780,1
"101","OIL",1030,1.7
"101","OIL",770,1.7
"101","OIL",922,1.7
"101","GAS",770,1.7
"101","GAS",930,1.7
"101","GAS",2440,1
"101","OIL",3392,2
"101","OIL",1950,2
"101","ELECTRIC",1721,1
"101","OIL",1200,1
"101","ELECTRIC",1890,1
"101","OIL",3604,2
"101","OIL",1324,1
"101","GAS",2125,1
"101","OIL",770,1.7
"101","OIL",1620,1.7
"101","OIL",770,1.7
"101","GAS",770,1.7
"104","OIL",3406,2.7
"104","OIL",2368,2
"104","OIL",1626,2
"105","GAS",3966,2
"101","OIL",1469,2
"104","GAS",2210,2
"105","GAS",3720,3
"104","OIL",2574,2
"104","GAS",1924,2
"101","GAS",1996,2
"101","GAS",1162,1.7
"101","GAS",2980,2
"101","GAS",2647,1.7
"104","OIL",2100,2
"101","GAS",1518,1.7
"101","OIL",1586,1.7
"101","OIL",1317,1.7
"101","OIL",984,1
"111","GAS",3642,3
"101","GAS",1440,2
"101","GAS",1308,2
"101","GAS",1728,2
"101","GAS",1080,1
"101","OIL",1075,1
"101","OIL",1058,1.7
"101","OIL",1655,2
"101","OIL",1333,1.7
"101","GAS",1183,1.7
"104","OIL",1470,1.7
"101","OIL",1308,1.7
"101","GAS",1802,1.7
"104","OIL",1977,2
"105","OIL",2493,2
"101","OIL",2688,1
"105","OIL",2613,2.7
"101","OIL",1530,2
"101","OIL",1752,2
"104","OIL",2406,1.7
"104","OIL",2585,1.7
"101","GAS",1288,1
"101","GAS",1638,1
"101","GAS",1176,1
"101","GAS",1728,2
"101","OIL",1568,1.7
"101","OIL",1404,1
"101","OIL",1854,2
"101","GAS",1611,1
"101","OIL",1040,1
"101","OIL",1848,1
"101","OIL",2686,1
"101","GAS",1728,2
"101","OIL",2228,2
"101","OIL",2453,2
"101","GAS",2048,2
"101","OIL",1728,2
"101","OIL",1872,2
"101","OIL",1728,2
"101","GAS",1728,2
"101","OIL",1465,1
"101","GAS",977,1
"101","GAS",1326,1
"101","GAS",1548,1.7
"101","OIL",2204,2
"101","GAS",2634,2
"101","GAS",1437,1
"101","GAS",1365,1
"101","OIL",1434,1
"101","GAS",2114,1
"104","OIL",2343,2
"101","GAS",1836,2
"101","GAS",1424,2
"101","GAS",1712,2
"101","ELECTRIC",960,1
"101","ELECTRIC",1269,1.7
"101","GAS",1715,2
"101","GAS",1209,1.7
"101","OIL",1785,2
"101","GAS",1824,1
"101","GAS",1547,1.7
"101","GAS",1526,1
"101","GAS",1208,2
"101","OIL",1782,2
"101","OIL",1792,2
"104","GAS",2490,2
"104","GAS",2436,2
"101","GAS",2592,2
"101","GAS",1700,2
"101","GAS",2276,2
"104","OIL",1914,1
"102","GAS",1409,1.7
"102","GAS",900,2
"102","GAS",840,2
"102","GAS",1138,1.7
"102","GAS",958,1
"102","GAS",910,1
"102","GAS",910,1
"102","GAS",660,1
"102","GAS",575,1
"102","GAS",855,1
"102","GAS",750,1
"102","GAS",725,1
"102","GAS",655,1
"102","GAS",445,1
"102","GAS",475,1
"102","GAS",670,1
"102","GAS",675,1
"102","GAS",910,1
"102","GAS",910,1
"102","GAS",660,1
"102","GAS",575,1
"102","GAS",855,1
"102","GAS",750,1
"102","GAS",725,1
"102","GAS",655,1
"102","GAS",445,1
"102","GAS",475,1
"102","GAS",670,1
"102","GAS",675,1
"102","OIL",951,1
"102","OIL",951,1
"102","OIL",951,1
"102","GAS",1960,2
"102","GAS",1960,2
"102","GAS",1960,2
"101","OIL",1634,1
"101","OIL",2383,1
"101","OIL",2166,1.7
"101","OIL",1736,1
"101","OIL",1782,1
"101","OIL",2124,1
"101","PROPANE-TANK",2601,1
"101","OIL",2412,2
"101","OIL",1386,1
"101","OIL",1777,1
"101","OIL",1590,1
"101","OIL",2469,1
"101","OIL",1280,1
"101","OIL",1006,1.7
"101","OIL",2891,2
"101","OIL",1428,2
"101","OIL",1712,2
"101","OIL",1336,1
"101","OIL",1096,1
"101","OIL",1096,1
"101","OIL",1096,1
"101","OIL",1096,1
"101","OIL",1096,1
"101","GAS",3052,2
"101","GAS",2928,2
"101","GAS",2745,1
"101","ELECTRIC",2224,2
"101","OIL",1090,1
"101","OIL",2352,2
"101","GAS",2038,1
"101","GAS",3320,1
"101","OIL",1309,1.7
"101","OIL",1242,1.7
"101","OIL",1825,2
"101","OIL",1175,1.7
"101","OIL",2552,1.7
"101","OIL",2418,2
"101","OIL",1456,1.7
"101","OIL",1044,1
"101","OIL",2354,2
"101","OIL",2136,2
"101","OIL",1396,1
"101","OIL",1044,1
"101","OIL",1456,1.7
"101","OIL",1456,1.7
"101","OIL",1788,1
"101","OIL",1332,1
"101","OIL",1164,1
"101","OIL",1164,1
"101","OIL",2560,2
"101","OIL",1198,1
"101","OIL",1328,1
"101","OIL",2190,1
"101","OIL",1782,1
"101","OIL",1044,1
"101","OIL",1044,1
"101","OIL",1154,1
"101","OIL",1456,1.7
"101","OIL",1504,1
"101","OIL",994,1
"101","OIL",1416,1
"101","OIL",1718,1
"101","OIL",996,1
"101","OIL",994,1
"101","OIL",1248,1
"101","OIL",1248,1
"101","OIL",994,1
"101","OIL",1330,1
"101","OIL",2191,1.7
"101","OIL",1664,2
"101","OIL",1248,1
"101","OIL",1248,1
"101","OIL",1552,1.7
"101","OIL",1474,1
"101","OIL",1137,1
"101","OIL",1884,1
"101","OIL",2695,1.7
"101","OIL",1315,1
"101","OIL",1708,1.7
"101","OIL",1600,2
"101","OIL",1344,1.7
"101","GAS",1120,1
"101","GAS",1008,1
"101","GAS",1568,2
"101","GAS",1344,1.7
"101","OIL",1802,1
"101","OIL",1456,1.7
"101","OIL",1872,2
"101","OIL",2016,1
"101","OIL",1456,1.7
"101","OIL",1044,1
"101","OIL",1236,1
"101","OIL",1376,1
"101","OIL",1444,1
"101","OIL",1320,1
"101","OIL",1609,1
"101","OIL",1275,1
"101","OIL",1352,1
"101","OIL",1044,1
"101","OIL",1044,1
"101","OIL",1056,1
"101","OIL",2088,2
"101","OIL",1212,1
"101","OIL",1044,1
"101","OIL",1044,1
"101","OIL",1324,1
"101","OIL",1364,1
"101","OIL",1278,1
"101","OIL",1212,1
"101","OIL",1528,1
"101","OIL",1268,1
"101","OIL",1044,1
"101","OIL",1278,1
"101","OIL",1344,1
"101","OIL",1044,1
"101","OIL",1296,1
"101","OIL",2382,2
"101","OIL",1314,1
"101","OIL",1044,1
"101","OIL",1920,2
"101","OIL",1248,1
"101","OIL",1816,2
"101","OIL",1176,1
"101","OIL",1928,1.7
"101","OIL",1152,1
"101","OIL",1568,2
"101","OIL",1152,1
"101","OIL",1648,1.7
"101","OIL",1040,1
"101","OIL",1040,1
"101","OIL",1788,2
"104","OIL",1755,2
"101","GAS",1480,2
"104","OIL",2234,2
"101","GAS",2000,2
"104","GAS",2672,2
"101","GAS",1224,1
"104","OIL",2218,2
"104","OIL",1728,2
"101","OIL",885,1
"101","GAS",1176,1.7
"101","OIL",1040,1
"104","OIL",3002,2
"101","GAS",1536,2
"101","OIL",1568,2
"101","OIL",1208,1.7
"101","OIL",1628,2
"104","GAS",2976,2.7
"104","GAS",1728,2
"104","OIL",2624,2
"101","GAS",912,1
"101","GAS",1680,2
"104","GAS",1792,2
"101","GAS",1563,1.7
"101","GAS",2936,2
"101","GAS",2822,2
"101","OIL",1611,1.7
"101","GAS",1595,1.7
"101","GAS",1454,2
"101","GAS",1456,1.7
"101","GAS",1524,1
"101","OIL",1296,1
"101","OIL",1758,1.7
"101","OIL",1344,2
"101","OIL",1899,2
"101","OIL",1050,1.7
"101","GAS",1816,2
"101","OIL",1244,1
"101","OIL",1060,1
"101","OIL",1072,1
"101","OIL",1040,1
"101","OIL",2120,2
"101","GAS",1646,1
"101","GAS",2584,1
"101","OIL",1175,1
"101","OIL",1288,2
"101","GAS",1422,2
"101","OIL",1518,2
"104","GAS",2260,3
"101","OIL",1166,2
"101","OIL",1680,1.7
"101","GAS",1378,2
"101","GAS",1522,2
"101","OIL",2112,2
"101","GAS",1152,1
"101","OIL",1152,1
"101","OIL",1752,1.7
"101","OIL",1534,1
"101","GAS",1439,1.7
"101","OIL",1040,1
"101","OIL",1072,1
"101","ELECTRIC",1050,1
"101","GAS",2032,2
"101","GAS",742,1
"101","OIL",894,1
"101","OIL",1527,1
"101","OIL",2441,2.7
"101","GAS",810,1
"101","GAS",1960,1.7
"104","OIL",2458,2
"101","OIL",1722,1
"101","OIL",1364,1.7
"101","OIL",1470,2
"101","GAS",1554,1
"101","OIL",1512,1.7
"101","GAS",1680,2
"101","OIL",1565,2
"101","GAS",1552,2
"101","GAS",1584,1
"101","GAS",960,1
"101","OIL",1047,1.7
"101","GAS",1326,2
"101","GAS",1464,2
"104","OIL",1988,2
"101","GAS",1400,1.7
"101","GAS",1368,1
"101","OIL",1920,2
"101","GAS",1924,2
"101","OIL",1374,2
"104","OIL",2733,1
"101","OIL",1056,1
"101","GAS",1592,2
"101","OIL",1549,1.7
"104","OIL",1997,1.7
"104","OIL",2418,2
"101","GAS",1474,2
"101","GAS",1318,2
"101","GAS",1364,2
"101","OIL",1538,1.7
"104","GAS",3409,2.7
"101","GAS",1312,2
"101","GAS",1344,2
"101","GAS",1682,1
"101","OIL",1404,1
"104","OIL",2636,2
"101","OIL",1680,2
"101","OIL",1976,2
"104","OIL",3519,2
"104","OIL",2719,2
"105","GAS",2697,2
"105","OIL",3484,2
"101","GAS",1124,1
"104","GAS",3438,2
"101","GAS",1626,1.7
"104","OIL",2453,2
"105","OIL",4238,2
"101","OIL",1540,2
"101","OIL",1330,1
"104","GAS",2856,2
"104","GAS",1637,1
"101","GAS",1248,2
"101","GAS",1904,2
"101","OIL",1626,2.7
"101","OIL",1466,2
"101","GAS",1816,1
"101","OIL",1456,2
"104","OIL",2436,2
"101","OIL",1453,2
"101","OIL",1048,1
"101","OIL",1488,2
"104","OIL",2921,2
"105","OIL",3005,2
"101","GAS",1632,2
"105","OIL",3002,2
"105","OIL",3049,2
"104","OIL",3281,2
"101","GAS",1760,2
"104","GAS",2961,2
"101","OIL",1344,2
"101","OIL",1460,2
"101","OIL",2011,2
"101","OIL",1927,2
"101","GAS",2454,2.7
"101","OIL",1860,2
"101","GAS",2539,2
"101","GAS",1654,1.7
"105","GAS",3066,2.7
"104","OIL",2345,2.7
"104","OIL",2257,2
"104","OIL",3234,2
"101","OIL",2016,2
"101","GAS",1347,1.7
"101","OIL",1248,2
"101","GAS",1196,1.7
"101","OIL",864,1
"101","OIL",2976,2
"101","GAS",2948,2
"101","GAS",3044,1.7
"104","GAS",3345,2
"101","GAS",2484,2
"101","OIL",1616,1.7
"101","OIL",2498,3
"111","GAS",3831,2
"104","OIL",3200,2
"101","OIL",3294,2
"104","GAS",3485,2
"104","OIL",4050,2
"101","OIL",2272,2
"104","OIL",3376,2
"101","GAS",1477,1.7
"104","GAS",2799,2
"105","OIL",3324,2.7
"111","GAS",4020,2
"105","GAS",3405,2.7
"101","GAS",1674,1.7
"101","OIL",1328,1.7
"104","GAS",2244,2
"101","GAS",1645,1.7
"101","OIL",2097,1
"101","OIL",1472,2
"104","OIL",2128,2
"104","OIL",2145,2
"101","OIL",1650,1.7
"104","OIL",2746,1.7
"101","OIL",2242,2
"101","OIL",1808,1
"101","OIL",1388,1
"101","OIL",1784,1
"101","OIL",1320,1
"101","GAS",1673,2
"101","PROPANE-TANK",2240,2
"104","OIL",2600,2
"101","OIL",1748,1.7
"104","ELECTRIC",2969,1
"104","GAS",2850,2
"101","OIL",1695,1.7
"101","GAS",1860,2
"101","GAS",2202,2
"105","GAS",2971,2
"101","GAS",1323,2
"104","OIL",2178,2
"101","OIL",1200,1
"101","GAS",2172,2
"101","OIL",2246,2
"101","OIL",1344,2
"101","OIL",1401,1.7
"101","GAS",2861,1
"104","GAS",2512,2
"101","GAS",1666,1.7
"104","OIL",2220,2
"101","GAS",1039,1
"101","GAS",1008,1
"101","GAS",2196,2
"101","GAS",1008,1
"111","OIL",3970,2.7
"101","GAS",1875,1.7
"101","GAS",2516,1
"104","ELECTRIC",2838,2
"102","OIL",963,1
"102","COAL",1122,1
"102","ELECTRIC",1140,2
"102","ELECTRIC",1285,2
"102","OIL",1163,1
"102","OIL",1513,1
"101","OIL",1728,2
"104","GAS",2600,2
"104","GAS",1872,2
"105","GAS",3033,3
"104","OIL",2836,2
"104","GAS",2600,2
"104","GAS",2470,2
"104","GAS",2480,2
"101","OIL",1035,2
"111","OIL",2701,2
"105","OIL",2717,2.7
"111","OIL",6716,3
"111","GAS",3924,2
"111","OIL",3144,2
"105","OIL",2958,2
"104","OIL",2124,2
"101","OIL",1620,2
"105","ELECTRIC",2787,3
"105","OIL",3465,3
"111","OIL",6195,2.7
"104","GAS",2040,2
"104","OIL",1574,2
"111","OIL",3715,2.7
"101","OIL",2156,1.7
"105","OIL",2697,3
"104","OIL",3960,2
"101","GAS",4186,2
"101","OIL",1880,2
"104","GAS",2158,2
"101","GAS",1332,2
"105","GAS",4740,2
"111","OIL",2860,2.7
"105","OIL",3045,3
"104","GAS",3141,3
"109","OIL",3812,2
"109","OIL",1297,1.7
"111","GAS",4618,3
"111","OIL",4209,2.7
"104","OIL",2725,2
"031","OIL",2931,2
"104","GAS",1053,1
"111","GAS",2516,2
"101","GAS",2136,2
"101","GAS",1940,2
"104","OIL",3217,2
"104","OIL",2080,2
"961","GAS",1690,1.7
"101","GAS",1632,2
"104","GAS",2016,2
"101","OIL",1944,3
"104","GAS",2160,2
"101","OIL",1248,2
"105","OIL",2807,2.7
"101","OIL",1072,1
"101","GAS",2220,2
"105","OIL",3009,3
"105","OIL",2957,2
"104","GAS",2038,2
"101","GAS",1632,2
"101","OIL",2206,1.7
"101","OIL",2238,2
"104","GAS",2078,2
"104","OIL",2387,2
"104","GAS",2386,2
"104","GAS",2430,2
"101","OIL",1568,2
"101","OIL",1326,1
"101","ELECTRIC",960,1
"104","GAS",2677,2
"101","GAS",2578,2
"961","OIL",1152,1
"101","OIL",1506,1
"101","OIL",1099,1.7
"101","PROPANE-TANK",2720,2
"101","PROPANE-TANK",1680,2
"101","OIL",1022,1
"101","GAS",2492,2
"101","OIL",1532,1
"101","OIL",1340,1
"101","OIL",1040,1
"104","GAS",2345,1.7
"104","OIL",1760,1
"104","OIL",2466,2
"101","GAS",1839,2
"101","OIL",1631,1.7
"101","OIL",1910,2
"104","GAS",2059,2
"111","OIL",3098,2
"101","GAS",1438,2
"111","OIL",3570,2
"111","GAS",5369,2
"101","GAS",1523,2
"105","OIL",2898,2.7
"104","GAS",2343,2
"111","OIL",3942,2.7
"105","GAS",3634,3
"104","OIL",2628,2
"105","OIL",2620,2
"109","OIL",1953,1.7
"109","OIL",993,1.7
"111","GAS",1787,1.7
"104","OIL",2117,2
"111","OIL",2894,2
"104","OIL",2873,2
"101","OIL",1155,1.7
"101","OIL",1701,2
"101","OIL",1701,2
"101","GAS",1768,2
"101","OIL",1836,2
"104","GAS",2142,2
"104","OIL",2244,2.7
"104","OIL",2587,2
"101","GAS",2354,2
"101","OIL",1483,2
"101","OIL",1332,1.7
"101","GAS",1546,1
"101","OIL",2074,2
"104","OIL",2225,1.7
"104","GAS",3397,2
"104","GAS",2891,2
"102","ELECTRIC",875,1
"102","ELECTRIC",1144,1
"102","ELECTRIC",872,1
"102","ELECTRIC",1044,1
"102","ELECTRIC",758,1
"102","ELECTRIC",970,1
"102","ELECTRIC",959,1
"102","ELECTRIC",998,1
"102","ELECTRIC",994,1
"102","ELECTRIC",1015,1
"102","ELECTRIC",1035,1
"102","ELECTRIC",1072,1
"102","ELECTRIC",1219,1
"102","ELECTRIC",1044,1
"102","GAS",1305,2
"102","GAS",1305,2
"102","GAS",1058,1
"102","GAS",1132,1
"102","GAS",912,2
"102","GAS",912,2
"102","GAS",550,1
"102","GAS",550,1
"102","GAS",550,1
"102","GAS",550,1
"102","ELECTRIC",950,1
"102","GAS",950,1
"102","GAS",950,1
"102","GAS",950,1
"102","OIL",1360,2
"102","GAS",1360,2
"102","GAS",589,1
"102","GAS",588,1
"102","GAS",588,1
"102","GAS",760,1
"102","GAS",736,1
"102","GAS",736,1
"102","ELECTRIC",813,1
"102","ELECTRIC",824,1
"102","ELECTRIC",568,1
"102","ELECTRIC",783,1
"102","ELECTRIC",910,1
"102","ELECTRIC",836,1
"102","ELECTRIC",813,1
"102","ELECTRIC",824,1
"102","ELECTRIC",568,1
"102","ELECTRIC",783,1
"102","ELECTRIC",910,1
"102","ELECTRIC",836,1
"102","ELECTRIC",813,1
"102","ELECTRIC",824,1
"102","ELECTRIC",568,1
"102","ELECTRIC",783,1
"102","ELECTRIC",910,1
"102","ELECTRIC",836,1
"102","ELECTRIC",813,1
"102","ELECTRIC",824,1
"102","ELECTRIC",568,1
"102","ELECTRIC",783,1
"102","ELECTRIC",910,1
"102","ELECTRIC",836,1
"102","GAS",1196,1
"102","GAS",1196,1
"102","GAS",1202,1
"102","GAS",1228,1
"102","GAS",1226,1
"102","GAS",891,1
"102","GAS",1197,1
"102","GAS",1172,1
"102","GAS",836,1
"102","GAS",674,1
"102","GAS",825,1
"102","GAS",834,1
"102","GAS",1194,1
"102","GAS",1198,1
"102","GAS",1197,1
"102","GAS",1223,1
"102","GAS",1221,1
"102","GAS",886,1
"102","GAS",1199,1
"102","GAS",1195,1
"102","GAS",1183,1
"102","GAS",1195,1
"102","GAS",1196,1
"102","GAS",1225,1
"102","GAS",1228,1
"102","GAS",889,1
"102","GAS",1196,1
"102","GAS",1192,1
"102","GAS",835,1
"102","GAS",672,1
"102","GAS",824,1
"102","GAS",833,1
"102","GAS",1193,1
"102","GAS",1197,1
"102","GAS",1197,1
"102","GAS",1224,1
"102","GAS",1222,1
"102","GAS",889,1
"102","GAS",1197,1
"102","GAS",1195,1
"102","GAS",1198,1
"102","GAS",1198,1
"102","GAS",1198,1
"102","GAS",1225,1
"102","GAS",1228,1
"102","GAS",890,1
"102","GAS",1196,1
"102","GAS",1197,1
"102","GAS",838,1
"102","GAS",671,1
"102","GAS",824,1
"102","GAS",833,1
"102","GAS",1187,1
"102","GAS",1199,1
"102","GAS",1198,1
"102","GAS",1224,1
"102","GAS",1224,1
"102","GAS",892,1
"102","GAS",1199,1
"102","GAS",1199,1
"102","GAS",1196,1
"102","GAS",1196,1
"102","GAS",1199,1
"102","GAS",1225,1
"102","GAS",1227,1
"102","GAS",892,1
"102","GAS",1196,1
"102","GAS",1194,1
"102","GAS",837,1
"102","GAS",668,1
"102","GAS",821,1
"102","GAS",832,1
"102","GAS",1187,1
"102","GAS",1197,1
"102","GAS",1196,1
"102","GAS",1227,1
"102","GAS",1222,1
"102","GAS",888,1
"102","GAS",1198,1
"102","GAS",1199,1
"111","OIL",2770,2
"105","OIL",2529,3
"105","GAS",2529,3
"105","GAS",2538,3
"111","GAS",2853,2.7
"101","OIL",753,1
"104","GAS",2724,3
"101","OIL",1612,1.7
"111","OIL",3812,2
"104","GAS",2080,2
"111","GAS",3322,2
"101","OIL",1092,1
"104","GAS",2772,2.7
"104","GAS",2308,2
"111","GAS",2374,2
"104","GAS",1728,2
"105","GAS",2933,2
"104","GAS",2202,3
"101","OIL",952,1.7
"105","GAS",2964,3
"101","GAS",2397,2
"104","OIL",1624,2
"104","GAS",1452,2
"101","GAS",1200,2
"104","GAS",2079,2.7
"101","GAS",1568,2
"101","OIL",1033,2
"101","GAS",768,1
"101","OIL",1092,1.7
"104","OIL",2255,2.7
"105","OIL",2877,2.7
"105","OIL",2783,2.7
"104","OIL",1958,2.7
"104","GAS",1560,2
"105","GAS",2524,2.7
"105","GAS",2725,2.7
"105","OIL",2160,2
"101","OIL",1796,1.7
"105","OIL",3210,2
"105","OIL",2324,2
"105","OIL",2268,2
"104","ELECTRIC",1532,2
"105","OIL",2431,2.7
"101","GAS",2084,2
"109","GAS",1836,2
"109","GAS",812,2
"104","OIL",1596,2
"105","GAS",2502,2.7
"101","OIL",1009,1
"101","GAS",1497,2
"101","GAS",1758,1.7
"104","OIL",1832,2
"105","OIL",2160,2.7
"105","OIL",2835,3
"105","GAS",2178,2.7
"104","OIL",2200,2
"109","OIL",4086,3
"109","OIL",1864,2
"101","GAS",1720,2
"105","OIL",2256,3
"101","OIL",1562,1
"101","OIL",966,1.7
"104","GAS",2420,2
"104","GAS",1920,2
"111","OIL",3821,2
"101","GAS",1395,1
"111","OIL",2494,2
"111","GAS",2832,2
"105","GAS",2843,2
"101","GAS",980,1.7
"101","GAS",1183,1
"104","OIL",1956,2
"105","OIL",3458,2
"101","OIL",1431,1.7
"105","OIL",2688,2
"111","OIL",3084,2
"101","OIL",864,2
"104","GAS",1575,2
"109","GAS",1493,2
"109","OIL",943,1
"101","OIL",1196,1
"104","OIL",1773,2
"101","OIL",1144,1
"101","OIL",1072,2
"104","OIL",1352,2
"104","GAS",1792,2
"104","OIL",1980,2.7
"101","OIL",792,2
"101","GAS",895,1.7
"109","OIL",956,1.7
"109","GAS",2736,2
"109","GAS",1728,2
"101","OIL",1864,2
"104","OIL",2208,2
"101","GAS",1451,1
"104","GAS",2365,2.7
"101","GAS",1808,1
"101","OIL",768,1
"104","OIL",1702,2.7
"105","GAS",1950,2
"111","NONE",2250,2
"101","OIL",1176,1.7
"101","GAS",1488,1.7
"101","OIL",1232,1.7
"101","GAS",1560,1
"104","OIL",2795,2
"104","GAS",3238,2
"101","OIL",1784,2
"101","GAS",1500,1
"104","GAS",1800,2
"104","OIL",2041,2
"104","GAS",1928,2
"105","GAS",3361,2.7
"101","GAS",1536,1
"104","GAS",2133,2
"111","OIL",3952,2
"104","OIL",2124,2
"101","GAS",1570,1
"105","GAS",2310,2.7
"101","GAS",1483,1
"101","OIL",1386,1.7
"104","GAS",2388,2
"101","OIL",1346,1
"104","OIL",2184,2
"101","GAS",2142,2
"101","GAS",1440,2
"104","OIL",2319,2
"105","GAS",3040,2
"101","GAS",1152,2
"101","OIL",1878,2
"105","OIL",3493,2
"104","GAS",1792,2
"101","GAS",1022,1.7
"104","OIL",1440,2
"101","GAS",1701,2
"101","OIL",1303,1.7
"101","GAS",1360,2
"104","OIL",2100,2
"104","GAS",2382,2
"101","OIL",1821,2
"104","ELECTRIC",2700,2
"101","GAS",1400,2
"101","GAS",1375,2
"102","GAS",931,1.7
"102","GAS",931,1.7
"102","GAS",1130,1
"102","GAS",963,1
"102","GAS",1116,1
"102","GAS",782,1
"102","GAS",963,1
"102","GAS",1116,1
"102","GAS",763,1
"102","GAS",1114,1
"102","GAS",1110,1
"102","GAS",763,1
"102","GAS",782,1
"102","GAS",782,1
"102","GAS",1116,1
"102","GAS",1116,1
"102","GAS",782,1
"102","GAS",1114,1
"102","GAS",1130,1
"102","GAS",963,1
"102","GAS",1116,1
"102","GAS",782,1
"102","GAS",963,1
"102","GAS",1116,1
"102","GAS",1097,1
"102","GAS",1114,1
"102","GAS",1110,1
"102","GAS",763,1
"102","GAS",782,1
"102","GAS",782,1
"102","GAS",1116,1
"102","GAS",1116,1
"102","GAS",782,1
"102","GAS",1114,1
"102","GAS",1130,1
"102","GAS",963,1
"102","GAS",1116,1
"102","GAS",782,1
"102","GAS",963,1
"102","GAS",1116,1
"102","GAS",1097,1
"102","GAS",1114,1
"102","GAS",1110,1
"102","GAS",763,1
"102","GAS",782,1
"102","GAS",782,1
"102","GAS",1116,1
"102","GAS",1116,1
"102","GAS",782,1
"102","GAS",1114,1
"102","GAS",956,2
"102","GAS",983,2
"102","GAS",956,2
"101","GAS",1471,1
"101","GAS",2522,2
"101","GAS",1878,2
"101","OIL",1162,1
"101","OIL",1320,1
"101","OIL",1512,1.7
"101","OIL",1666,2
"101","OIL",1666,2
"101","OIL",1666,2
"101","GAS",2120,2
"101","OIL",1666,2
"101","OIL",1428,1.7
"101","OIL",3016,2
"101","OIL",2540,1
"101","OIL",1764,2
"101","OIL",1362,1.7
"101","OIL",2238,2
"101","OIL",1170,1
"101","GAS",1851,1
"101","GAS",1908,2
"101","OIL",2376,2
"101","GAS",1512,1
"101","GAS",2050,2
"101","GAS",1908,2
"101","GAS",1248,2
"104","GAS",2724,2
"104","GAS",2140,2
"101","ELECTRIC",3164,2
"101","OIL",1260,1.7
"101","GAS",1760,1.7
"101","GAS",938,1.7
"101","OIL",1365,1.7
"105","GAS",3232,2.7
"105","OIL",3294,3
"104","GAS",2479,2.7
"105","GAS",4896,3
"111","GAS",3322,2.7
"111","GAS",3952,3
"104","OIL",2567,2
"105","GAS",1896,2
"104","OIL",1840,2
"105","OIL",2926,2.7
"104","GAS",1920,2
"104","OIL",2000,2
"104","OIL",1815,2.7
"101","GAS",1248,1
"104","GAS",2030,2.7
"105","GAS",1850,2
"101","OIL",1652,2
"104","GAS",1920,2
"104","OIL",1732,2.7
"101","GAS",1512,1.7
"104","GAS",2340,2
"101","GAS",1700,2
"101","OIL",1732,1
"104","GAS",2340,2
"104","GAS",2192,2
"104","OIL",1872,2
"101","OIL",1395,1.7
"101","OIL",1617,1
"101","OIL",990,1
"104","OIL",2404,1.7
"101","GAS",1752,1
"105","GAS",3814,3
"104","OIL",1485,2
"101","OIL",1456,1.7
"104","OIL",2340,2
"104","OIL",2713,2
"104","OIL",2800,2
"104","OIL",2893,2
"104","GAS",2304,3
"101","OIL",1416,1
"104","GAS",1740,1.7
"101","GAS",1098,1.7
"105","GAS",2940,2
"104","OIL",1882,2
"104","GAS",2248,2
"101","OIL",1491,2
"105","GAS",3452,2
"104","GAS",3141,2
"101","GAS",882,1.7
"101","GAS",1908,2
"105","OIL",2860,2.7
"101","OIL",1365,2
"101","OIL",1576,2
"101","OIL",1248,1
"101","OIL",1579,1
"101","GAS",912,1
"101","OIL",956,1
"104","GAS",2745,2
"104","OIL",2106,2
"101","GAS",1428,1.7
"101","OIL",1664,2
"101","GAS",1464,2
"101","OIL",2507,1
"105","OIL",2889,2
"104","GAS",2300,2
"104","GAS",1616,1.7
"104","GAS",2040,2
"104","GAS",1800,2
"105","OIL",3162,3
"105","OIL",3589,3
"101","OIL",1638,1.7
"104","OIL",2188,2
"101","OIL",1454,2
"101","GAS",2098,1
"101","OIL",1164,1
"101","OIL",1736,1
"101","PROPANE-TANK",2283,2
"104","PROPANE-TANK",3192,2
"104","PROPANE-TANK",3192,2
"101","PROPANE-TANK",2283,2
"101","PROPANE-TANK",2283,2
"101","OIL",2117,2
"101","OIL",1428,1.7
"101","OIL",1188,1
"104","OIL",1958,2
"101","GAS",1148,1
"101","OIL",1514,1
"101","OIL",960,1
"104","GAS",3174,1
"101","OIL",1690,2
"111","OIL",3024,2
"101","OIL",1073,1
"104","OIL",2880,2
"105","GAS",2475,3
"104","OIL",2242,2
"101","OIL",1176,2
"101","GAS",1194,1
"101","OIL",1265,1
"101","OIL",1440,2
"104","OIL",1700,2
"101","OIL",1284,1.7
"104","OIL",2415,2
"101","OIL",1197,1.7
"101","GAS",1999,1
"101","OIL",1344,1
"101","GAS",1068,1.7
"101","OIL",1194,1
"101","OIL",1040,1
"104","OIL",2756,2
"104","OIL",1548,2
"101","OIL",1512,1
"105","OIL",2949,2
"101","GAS",2000,2
"101","GAS",1580,1
"104","OIL",3423,2
"111","OIL",3008,2
"101","OIL",1536,2
"101","OIL",1644,2
"104","GAS",2064,2
"101","GAS",2121,3
"101","OIL",1508,2
"101","OIL",1428,1.7
"101","GAS",1243,1.7
"101","ELECTRIC",1956,1
"104","GAS",1784,2
"101","OIL",2526,2
"104","GAS",2048,2
"104","OIL",1846,2
"101","GAS",1344,1.7
"101","GAS",1862,2
"101","GAS",1549,1.7
"104","OIL",2048,2
"105","OIL",2364,2
"101","GAS",1464,1.7
"101","GAS",1436,2
"101","OIL",1248,1
"101","OIL",1749,2
"101","GAS",1008,1
"101","OIL",1342,1.7
"101","OIL",1557,2
"105","OIL",2499,2
"101","GAS",1268,1.7
"104","GAS",2040,2
"104","OIL",1800,2
"101","OIL",1932,2
"101","OIL",960,1
"101","OIL",1344,2
"101","OIL",1240,1
"104","OIL",1386,1.7
"104","GAS",2184,1
"101","GAS",1536,2
"104","OIL",2610,3
"101","ELECTRIC",2520,1
"104","GAS",2252,1
"101","GAS",1212,1
"101","OIL",1828,2
"104","OIL",2256,2
"101","GAS",2090,1
"104","OIL",1956,1.7
"104","OIL",2310,2
"101","GAS",2475,2
"101","OIL",1808,2
"104","GAS",2800,2
"105","OIL",2999,2.7
"101","OIL",1225,1.7
"101","OIL",1278,1.7
"101","OIL",1247,1.7
"105","OIL",3000,3
"104","OIL",2032,2
"101","GAS",1982,1.7
"104","OIL",3318,3
"104","ELECTRIC",2484,2
"104","OIL",2856,2
"104","OIL",3145,2
"101","GAS",1312,1
"101","GAS",1260,1
"104","GAS",2762,2
"101","GAS",2184,2
"101","GAS",3695,1
"101","GAS",1650,1
"101","GAS",1725,2
"104","OIL",2304,2
"101","ELECTRIC",1800,1
"101","ELECTRIC",2120,2
"101","OIL",2074,1
"101","GAS",2013,1.7
"101","OIL",1064,1
"101","OIL",1748,1
"101","OIL",1048,1
"101","GAS",864,1
"104","GAS",2376,2
"105","GAS",2856,3
"102","ELECTRIC",1022,1
"102","ELECTRIC",1125,1
"102","ELECTRIC",892,1
"102","ELECTRIC",1050,1
"102","ELECTRIC",1057,1
"102","ELECTRIC",892,1
"102","ELECTRIC",1114,1
"102","ELECTRIC",1034,1
"102","ELECTRIC",1051,1
"102","ELECTRIC",1430,1
"102","ELECTRIC",880,1
"102","ELECTRIC",1044,1
"102","ELECTRIC",1050,1
"102","ELECTRIC",892,1
"102","ELECTRIC",1419,1
"102","ELECTRIC",1039,1
"102","ELECTRIC",628,1
"102","ELECTRIC",628,1
"102","ELECTRIC",628,1
"102","ELECTRIC",628,1
"102","ELECTRIC",956,1
"102","ELECTRIC",962,1
"102","ELECTRIC",956,1
"102","ELECTRIC",962,1
"102","ELECTRIC",956,1
"102","ELECTRIC",962,1
"102","ELECTRIC",962,1
"102","ELECTRIC",968,1
"102","ELECTRIC",956,1
"102","ELECTRIC",962,1
"102","ELECTRIC",956,1
"102","ELECTRIC",962,1
"102","ELECTRIC",956,1
"102","ELECTRIC",962,1
"102","ELECTRIC",962,1
"102","ELECTRIC",962,1
"102","GAS",1078,2
"102","GAS",1078,2
"102","ELECTRIC",717,1
"102","ELECTRIC",680,1
"102","ELECTRIC",830,1
"102","ELECTRIC",892,1
"102","ELECTRIC",1062,1
"102","ELECTRIC",951,1
"102","ELECTRIC",856,1
"102","ELECTRIC",895,1
"102","ELECTRIC",715,1
"102","ELECTRIC",680,1
"102","ELECTRIC",834,1
"102","ELECTRIC",897,1
"102","ELECTRIC",1054,1
"102","ELECTRIC",951,1
"102","ELECTRIC",845,1
"102","ELECTRIC",907,1
"102","ELECTRIC",714,1
"102","ELECTRIC",680,1
"102","ELECTRIC",834,1
"102","ELECTRIC",897,1
"102","ELECTRIC",1054,1
"102","ELECTRIC",951,1
"102","ELECTRIC",845,1
"102","ELECTRIC",907,1
"102","ELECTRIC",692,1
"102","ELECTRIC",929,1
"102","ELECTRIC",707,1
"102","ELECTRIC",676,1
"102","ELECTRIC",700,1
"102","ELECTRIC",785,1
"102","ELECTRIC",817,1
"102","ELECTRIC",953,1
"102","ELECTRIC",676,1
"102","ELECTRIC",707,1
"102","ELECTRIC",929,1
"102","ELECTRIC",936,1
"102","ELECTRIC",692,1
"102","ELECTRIC",929,1
"102","ELECTRIC",707,1
"102","ELECTRIC",676,1
"102","ELECTRIC",700,1
"102","ELECTRIC",785,1
"102","ELECTRIC",817,1
"102","ELECTRIC",953,1
"102","ELECTRIC",676,1
"102","ELECTRIC",707,1
"102","ELECTRIC",929,1
"102","ELECTRIC",936,1
"102","ELECTRIC",692,1
"102","ELECTRIC",929,1
"102","ELECTRIC",707,1
"102","ELECTRIC",676,1
"102","ELECTRIC",700,1
"102","ELECTRIC",785,1
"102","ELECTRIC",817,1
"102","ELECTRIC",953,1
"102","ELECTRIC",676,1
"102","ELECTRIC",707,1
"102","ELECTRIC",929,1
"102","ELECTRIC",936,1
"102","ELECTRIC",692,1
"102","ELECTRIC",929,1
"102","ELECTRIC",707,1
"102","ELECTRIC",676,1
"102","ELECTRIC",700,1
"102","ELECTRIC",785,1
"102","ELECTRIC",817,1
"102","ELECTRIC",953,1
"102","ELECTRIC",676,1
"102","ELECTRIC",707,1
"102","ELECTRIC",929,1
"102","ELECTRIC",936,1
"102","GAS",1232,2
"102","GAS",1232,2
"102","OIL",791,1
"102","OIL",791,1
"102","OIL",770,1
"104","GAS",2366,2
"105","GAS",2715,3
"105","OIL",2399,2
"104","GAS",1708,1
"104","GAS",2139,3
"101","GAS",1529,2
"104","GAS",1360,2
"101","GAS",801,1.7
"101","OIL",1058,1
"105","OIL",3174,3
"105","GAS",2520,3
"105","GAS",1536,1
"105","OIL",3015,3
"105","OIL",3102,2
"109","OIL",2256,2
"109","OIL",2457,2
"101","GAS",2042,2
"111","GAS",4400,2
"105","OIL",2982,2
"104","GAS",2240,2
"104","GAS",1840,2
"104","GAS",3184,2
"104","OIL",3675,2
"105","OIL",3201,2
"105","GAS",2160,3
"101","OIL",2488,2
"104","OIL",2691,2
"101","OIL",948,1.7
"101","GAS",884,1
"101","GAS",1008,1
"101","GAS",3424,2
"111","OIL",3600,2
"101","OIL",1280,1
"101","GAS",1699,2
"101","GAS",1245,1.7
"104","OIL",1326,1
"104","GAS",2610,2
"104","GAS",2248,1.7
"104","OIL",1904,2
"109","OIL",858,1
"109","OIL",1838,1.7
"104","OIL",2475,2
"101","GAS",1760,1
"101","OIL",1615,1.7
"105","GAS",3905,2
"104","GAS",2832,3
"101","OIL",1632,2
"104","OIL",2146,2
"101","OIL",1078,1
"104","OIL",2884,2
"104","OIL",1704,1.7
"104","OIL",2448,1
"101","GAS",1344,1
"101","GAS",1856,1
"101","OIL",1274,1.7
"105","OIL",4467,2.7
"105","OIL",4175,2
"104","GAS",2772,2
"104","GAS",2158,1
"101","GAS",1992,2
"104","GAS",2219,2
"101","OIL",1464,2
"109","OIL",2528,2
"109","OIL",768,1
"104","OIL",2531,2
"104","GAS",2636,2
"111","OIL",3194,2
"104","GAS",2056,2
"104","GAS",1856,1.7
"104","GAS",1846,2
"101","OIL",1194,1
"101","GAS",1094,1
"101","OIL",1708,2
"101","OIL",2350,1.7
"105","OIL",2772,3
"105","OIL",3015,3
"105","GAS",2772,3
"105","GAS",3150,3
"105","GAS",3006,3
"101","GAS",1320,2
"101","GAS",760,1
"101","GAS",760,1
"101","GAS",760,1
"101","GAS",910,1
"105","OIL",2808,3
"105","GAS",2790,3
"111","GAS",5672,2
"101","OIL",1696,2
"104","OIL",2564,2
"104","OIL",3216,2
"104","GAS",3536,2
"931","OIL",3805,3
"931","OIL",3705,2
"931","NONE",2028,2
"111","OIL",3772,2
"101","GAS",2150,1.7
"111","GAS",2836,2
"104","OIL",2500,2
"101","OIL",1052,1
"104","OIL",2357,1.7
"101","OIL",2404,2
"104","GAS",2728,2
"105","GAS",3486,3
"101","GAS",1980,1
"104","OIL",3384,3
"104","OIL",2814,2
"104","ELECTRIC",2860,2
"104","GAS",2456,2
"101","OIL",1163,1
"104","OIL",2656,2
"959","OIL",5186,2
"111","OIL",3184,2
"111","OIL",3360,2
"105","GAS",4602,2
"111","GAS",3098,2
"111","OIL",3862,2
"111","OIL",2880,2
"101","OIL",1264,1
"101","GAS",925,1
"104","OIL",3224,2
"105","OIL",3788,2
"104","OIL",1953,2
"104","GAS",2664,2
"104","GAS",1952,2
"101","OIL",1438,2
"101","OIL",1514,2
"111","GAS",4400,2
"111","GAS",3939,2
"104","OIL",2328,2
"105","OIL",3635,2
"111","OIL",3296,2
"959","GAS",4608,3
"104","OIL",2736,2
"105","GAS",3332,2.7
"101","GAS",1140,1
"104","GAS",2462,1
"104","GAS",2430,2
"101","GAS",2504,2
"101","GAS",771,1.7
"105","OIL",3225,2
"101","GAS",1680,2
"101","GAS",1019,1.7
"101","GAS",1019,1.7
"101","GAS",1344,1.7
"104","GAS",3076,2
"104","GAS",2759,1.7
"104","GAS",3632,3
"101","GAS",4173,2
"105","OIL",4013,2
"104","GAS",2580,2
"101","OIL",1656,2
"101","OIL",980,1
"104","GAS",2924,1
"105","GAS",2940,2
"105","OIL",3592,3
"101","OIL",1321,1
"101","ELECTRIC",1620,2
"101","GAS",1806,1.7
"104","GAS",4474,2
"101","OIL",1292,1.7
"104","OIL",2240,2
"101","GAS",1258,1
"101","GAS",928,1
"101","GAS",2176,3
"105","OIL",2950,2
"101","GAS",1845,1.7
"101","GAS",2164,1.7
"101","GAS",1868,1.7
"101","OIL",1260,1.7
"104","GAS",2210,2
"101","ELECTRIC",960,1
"101","OIL",1224,1
"101","OIL",1001,1.7
"101","GAS",1408,2
"101","GAS",1176,1.7
"105","OIL",3150,2
"101","OIL",1470,1.7
"101","GAS",1948,1
"104","OIL",2136,2
"101","GAS",2201,2
"101","OIL",1041,1.7
"101","OIL",1674,2
"101","OIL",1430,2
"101","OIL",960,2
"105","OIL",3438,3
"104","OIL",2997,2
"104","OIL",1368,2
"104","GAS",3235,2
"104","GAS",2951,2
"104","OIL",2483,2
"101","OIL",1768,2
"104","OIL",2800,2
"101","GAS",1971,2
"101","OIL",2004,2.7
"104","GAS",2972,2
"104","OIL",3006,2
"101","OIL",1968,2
"111","GAS",3154,2
"105","GAS",3881,2.7
"101","GAS",3769,2
"105","GAS",3343,2
"101","OIL",1927,1.7
"101","OIL",1528,1.7
"101","GAS",1176,1
"101","OIL",1670,1.7
"101","GAS",2190,2
"101","GAS",1760,2
"101","GAS",2792,2
"101","OIL",1844,2
"101","GAS",1440,2
"104","OIL",3116,3
"104","GAS",2388,2
"101","GAS",1194,1.7
"101","OIL",1238,1.7
"104","GAS",1735,2
"104","GAS",3134,2
"101","OIL",1309,2
"104","OIL",2635,2
"111","GAS",3756,2.7
"101","GAS",1806,1.7
"101","GAS",1352,1.7
"101","GAS",1078,1.7
"104","GAS",2551,2
"104","GAS",2482,2
"101","OIL",1316,2
"104","GAS",2590,2
"104","GAS",2040,2
"101","GAS",1888,2
"101","GAS",1554,1.7
"101","GAS",1338,1.7
"101","OIL",1170,1.7
"101","OIL",1628,1.7
"101","GAS",1360,2
"101","OIL",1872,2
"101","GAS",1416,1.7
"101","GAS",1122,1
"101","GAS",1122,1
"101","GAS",1592,2
"101","OIL",1258,1.7
"101","OIL",1246,1.7
"101","OIL",1696,2
"101","OIL",1416,1.7
"101","OIL",1473,1.7
"101","OIL",1626,2
"101","GAS",1624,1.7
"104","GAS",1723,1.7
"104","GAS",2169,2
"101","OIL",1728,2
"104","OIL",3300,2.7
"101","GAS",1824,2
"101","OIL",1350,2
"104","OIL",2160,2
"101","OIL",1368,2
"101","GAS",1033,1.7
"101","OIL",1606,1.7
"101","GAS",1648,2
"104","GAS",2910,2
"101","GAS",1704,2
"101","GAS",1948,2
"101","OIL",1088,1
"101","OIL",1276,2
"101","GAS",2824,2
"101","GAS",1531,1
"101","GAS",1686,2
"104","GAS",2520,2
"104","OIL",3906,2
"104","GAS",2102,2
"101","OIL",1416,2
"101","GAS",1664,2
"101","GAS",2388,2.7
"104","GAS",3258,2
"104","GAS",2080,2
"104","OIL",2484,2
"104","GAS",2464,2
"104","GAS",2658,2
"104","OIL",2106,2
"104","OIL",2340,2
"101","OIL",1695,2
"101","OIL",1362,2
"101","GAS",1344,2
"104","GAS",2184,2
"101","OIL",1306,1.7
"101","OIL",1507,1.7
"105","GAS",2987,2
"101","OIL",2037,3
"101","GAS",1468,2
"101","OIL",2459,2
"101","GAS",1680,2
"101","OIL",1324,1.7
"101","GAS",2114,1
"101","GAS",1736,1
"101","OIL",960,1
"101","GAS",1478,1.7
"101","ELECTRIC",1560,1
"101","OIL",1131,1
"101","OIL",1320,2
"104","OIL",1656,2
"101","GAS",1092,2
"101","OIL",1080,2
"101","OIL",1740,2
"101","OIL",2758,2
"101","GAS",1276,2
"101","OIL",2112,2
"101","OIL",2272,2
"101","OIL",1624,2
"101","OIL",650,1
"101","OIL",1279,1
"101","OIL",1872,2
"101","GAS",1420,1.7
"104","OIL",1692,2
"104","OIL",2716,3
"104","GAS",3096,3
"101","GAS",1194,1.7
"101","OIL",2204,2
"101","GAS",1920,2
"101","GAS",1568,1.7
"101","GAS",1638,1.7
"101","OIL",1547,1
"101","OIL",2203,1.7
"101","GAS",1893,2
"111","OIL",4488,2
"101","OIL",1227,1
"104","OIL",2716,2
"104","OIL",2538,2
"101","OIL",1239,1.7
"104","OIL",2576,2
"104","OIL",1776,1.7
"104","OIL",3898,2
"111","GAS",3858,2
"104","GAS",3032,2
"101","GAS",1734,2
"101","OIL",1592,2
"101","GAS",1380,2
"101","GAS",1704,2
"101","OIL",1752,2
"101","OIL",1264,2
"101","OIL",1128,2
"101","GAS",1944,2
"101","OIL",1798,2
"101","GAS",1001,1.7
"104","OIL",2672,2
"101","GAS",1093,1.7
"101","GAS",2290,2
"101","OIL",1868,2
"104","OIL",2880,2
"101","OIL",1802,1
"101","GAS",1020,1
"101","GAS",1480,1.7
"104","OIL",2164,2
"104","GAS",1584,2
"101","GAS",1456,1.7
"101","GAS",1392,1
"101","OIL",1744,2
"101","GAS",2441,2
"104","OIL",1746,2
"101","OIL",964,1.7
"101","OIL",1440,2
"104","GAS",2508,3
"104","GAS",1672,1
"101","GAS",1136,1
"101","GAS",1911,1
"101","OIL",1144,1
"101","GAS",1152,1
"104","GAS",3178,2
"104","OIL",2395,1.7
"101","OIL",1656,1
"101","OIL",1992,2
"101","OIL",1040,2
"101","OIL",1040,2
"101","GAS",1552,2
"105","GAS",2376,2
"101","GAS",1694,2
"101","GAS",1704,2
"101","OIL",2248,2
"101","OIL",2406,2.7
"104","GAS",3278,2
"101","OIL",1620,2
"104","GAS",2752,2
"104","OIL",2828,2
"101","GAS",1694,1.7
"104","OIL",1772,2
"105","GAS",3885,2.7
"104","GAS",1982,1
"101","OIL",1597,1.7
"101","OIL",1176,1.7
"105","OIL",2683,2
"101","GAS",1344,1.7
"101","OIL",1344,1.7
"101","GAS",1260,1.7
"105","OIL",2808,3
"105","GAS",2562,2
"101","OIL",1020,1
"105","GAS",2457,2
"101","GAS",1456,2
"104","OIL",2432,2
"101","OIL",1284,1.7
"101","GAS",2035,1.7
"101","OIL",1608,1.7
"104","OIL",2924,2
"105","GAS",3075,2
"109","OIL",747,1
"109","OIL",3648,3
"101","OIL",1028,2
"101","GAS",1452,1
"101","GAS",728,1
"101","GAS",1820,2
"101","GAS",1264,1
"111","GAS",4995,2.7
"125","GAS",2889,2
"111","GAS",3600,2
"104","OIL",1993,2
"101","OIL",1080,2
"104","OIL",2808,2
"101","GAS",1728,2
"105","OIL",2810,2
"104","OIL",3898,2
"104","OIL",1274,1
"101","GAS",1344,1.7
"104","OIL",1911,2
"104","OIL",2010,2
"101","OIL",1176,2
"101","OIL",1684,3
"104","GAS",1980,2
"101","OIL",1152,1
"104","OIL",2604,2.7
"101","GAS",1314,1.7
"105","GAS",2535,1
"101","GAS",2907,2
"101","GAS",1728,2
"104","OIL",2200,2.7
"104","ELECTRIC",1344,1
"104","GAS",2400,2
"102","ELECTRIC",865,1
"102","ELECTRIC",835,1
"102","ELECTRIC",610,1
"102","ELECTRIC",630,1
"102","ELECTRIC",640,1
"102","ELECTRIC",640,1
"102","ELECTRIC",500,1
"102","ELECTRIC",635,1
"102","ELECTRIC",880,1
"102","ELECTRIC",840,1
"102","ELECTRIC",860,1
"102","ELECTRIC",860,1
"102","ELECTRIC",640,1
"102","ELECTRIC",640,1
"102","ELECTRIC",635,1
"102","ELECTRIC",640,1
"102","ELECTRIC",510,1
"102","ELECTRIC",655,1
"102","ELECTRIC",875,1
"102","ELECTRIC",845,1
"102","ELECTRIC",875,1
"102","ELECTRIC",850,1
"102","ELECTRIC",615,1
"102","ELECTRIC",620,1
"102","ELECTRIC",615,1
"102","ELECTRIC",615,1
"102","ELECTRIC",510,1
"102","ELECTRIC",615,1
"102","ELECTRIC",872,1
"102","ELECTRIC",850,1
"102","ELECTRIC",905,1
"102","ELECTRIC",905,1
"102","ELECTRIC",660,1
"102","ELECTRIC",640,1
"102","ELECTRIC",645,1
"102","ELECTRIC",640,1
"102","ELECTRIC",525,1
"102","ELECTRIC",650,1
"102","ELECTRIC",900,1
"102","ELECTRIC",900,1
"102","GAS",1440,2
"102","GAS",1440,2
"102","GAS",1885,2
"102","GAS",1885,2
"102","OIL",936,1
"102","OIL",936,1
"102","OIL",936,1
"102","GAS",1122,2
"102","GAS",1122,2
"102","GAS",1840,2
"102","GAS",1840,2
"102","GAS",1840,2
"102","GAS",1840,2
"102","GAS",836,2
"102","OIL",836,2
"102","GAS",1100,1
"102","GAS",900,1
"102","GAS",1125,1
"102","GAS",1263,1
"102","GAS",1049,1
"102","GAS",1000,1
"102","GAS",917,1
"102","GAS",481,1
"102","GAS",1212,2
"102","GAS",1480,2
"102","GAS",1480,2
"102","GAS",1480,2
"102","GAS",1008,1.7
"102","GAS",945,1.7
"102","GAS",2285,1
"102","GAS",2555,1.7
"102","GAS",874,2
"102","GAS",874,2
"102","GAS",640,1
"102","GAS",645,1
"102","GAS",620,1
"102","GAS",1536,2
"102","GAS",1091,1
"102","GAS",1091,1
"102","GAS",701,1
"102","GAS",1052,1
"102","GAS",722,1
"102","GAS",1052,1
"102","GAS",722,1
"102","GAS",1091,1
"102","GAS",1091,1
"102","GAS",1091,1
"102","GAS",1091,1
"102","GAS",701,1
"102","GAS",1052,1
"102","GAS",722,1
"102","GAS",1052,1
"102","GAS",722,1
"102","GAS",1091,1
"102","GAS",1091,1
"102","GAS",1091,1
"102","GAS",1091,1
"102","GAS",701,1
"102","GAS",1052,1
"102","GAS",722,1
"102","GAS",1052,1
"102","GAS",722,1
"102","GAS",1091,1
"102","GAS",1091,1
"102","GAS",1040,2
"102","GAS",1328,2
"101","OIL",1565,1
"101","GAS",1680,1
"104","OIL",1888,2
"104","OIL",2860,2
"105","OIL",3024,2.7
"104","OIL",3004,2
"104","OIL",2860,2
"101","GAS",1536,2
"104","ELECTRIC",2786,1
"104","GAS",2824,2
"105","GAS",3528,3
"104","OIL",2608,2
"101","GAS",1728,1.7
"105","GAS",2952,3
"105","OIL",3504,3
"101","OIL",1067,1
"104","OIL",2186,2
"105","OIL",3024,3
"104","GAS",1608,2
"104","GAS",2252,2
"105","OIL",2908,2.7
"101","OIL",1930,2
"104","OIL",2782,2
"104","GAS",2600,2
"104","OIL",2912,2
"101","GAS",1542,1.7
"101","GAS",2146,2
"104","OIL",3246,2
"105","GAS",3504,3
"105","GAS",3504,3
"105","GAS",3936,3
"105","OIL",3392,3
"101","OIL",1756,1.7
"101","OIL",960,1
"101","GAS",1106,1.7
"101","GAS",914,1.7
"101","GAS",1323,2
"101","OIL",1067,1
"101","GAS",1440,2
"101","GAS",2044,1
"101","OIL",1320,2
"101","OIL",1144,2
"101","OIL",1128,2
"101","OIL",940,1.7
"101","GAS",1198,1.7
"101","OIL",1428,1.7
"101","OIL",1344,2
"111","COAL",3531,3
"104","GAS",1872,2
"104","GAS",2214,2
"104","GAS",1513,1.7
"101","GAS",1204,1.7
"104","GAS",1686,2
"104","GAS",1998,2
"101","OIL",2016,2
"101","GAS",1266,1.7
"101","OIL",788,1
"104","OIL",2369,1.7
"101","OIL",1130,2
"101","GAS",1316,1.7
"104","OIL",1472,2
"101","GAS",624,1
"101","GAS",1392,2
"101","GAS",952,1.7
"101","GAS",1372,2
"104","GAS",2424,2
"101","OIL",1422,2
"101","GAS",815,1.7
"104","GAS",1368,2
"104","GAS",1697,1.7
"101","GAS",954,1
"101","GAS",876,1.7
"101","GAS",1498,1.7
"101","OIL",1558,1
"104","OIL",2008,2
"101","OIL",1396,1.7
"101","GAS",1198,1.7
"101","ELECTRIC",1126,1.7
"101","OIL",1939,2
"101","OIL",1050,2
"101","GAS",1082,1.7
"104","OIL",2551,2
"101","GAS",2564,1.7
"101","ELECTRIC",1258,1
"102","GAS",1475,2
"102","GAS",1332,2
"102","GAS",1332,2
"102","GAS",1332,2
"102","GAS",1332,2
"102","GAS",1332,2
"102","GAS",1475,2
"102","GAS",1332,2
"102","GAS",1332,2
"102","GAS",1332,2
"102","GAS",1332,2
"102","GAS",1332,2
"102","GAS",1656,2
"102","GAS",1332,2
"102","GAS",1475,2
"102","GAS",1475,2
"102","GAS",1332,2
"102","GAS",1332,2
"102","GAS",1656,2
"102","GAS",1332,2
"102","GAS",1475,2
"102","GAS",1475,2
"102","GAS",1519,2
"102","GAS",1332,2
"102","GAS",1332,2
"102","GAS",1494,2
"102","GAS",1627,2
"102","GAS",1627,2
"102","GAS",1633,2
"102","GAS",975,1
"102","GAS",975,1
"102","GAS",975,1
"102","GAS",975,1
"102","GAS",975,1
"102","GAS",975,1
"102","GAS",975,1
"102","GAS",975,1
"102","GAS",975,1
"102","GAS",975,1
"102","GAS",975,1
"102","GAS",975,1
"102","GAS",975,1
"102","GAS",975,1
"102","GAS",975,1
"102","GAS",975,1
"102","GAS",800,1
"102","GAS",1000,1
"102","GAS",1000,1
"102","GAS",1000,1
"102","GAS",1000,1
"102","GAS",680,1
"102","GAS",1000,1
"102","GAS",1080,1
"102","GAS",800,1
"102","GAS",1030,1
"102","GAS",800,1
"102","GAS",1000,1
"102","GAS",1000,1
"102","GAS",1000,1
"102","GAS",1000,1
"102","GAS",680,1
"102","GAS",1000,1
"102","GAS",1080,1
"102","GAS",800,1
"102","GAS",1030,1
"102","GAS",800,1
"102","GAS",1000,1
"102","GAS",1000,1
"102","GAS",1000,1
"102","GAS",1000,1
"102","GAS",680,1
"102","GAS",1000,1
"102","GAS",1080,1
"102","GAS",800,1
"102","GAS",1030,1
"102","GAS",800,1
"102","GAS",1000,1
"102","GAS",1000,1
"102","GAS",1000,1
"102","GAS",1000,1
"102","GAS",680,1
"102","GAS",1000,1
"102","GAS",1080,1
"102","GAS",800,1
"102","GAS",1030,1
"102","GAS",755,1
"102","GAS",1374,1.7
"101","GAS",2436,2
"101","OIL",2414,2
"101","GAS",2324,2
"101","GAS",3098,2
"101","GAS",3699,2
"101","GAS",2308,1
"101","GAS",2288,1
"101","GAS",2158,1
"101","GAS",1756,1
"101","GAS",1748,1
"101","GAS",2939,1
"101","GAS",1991,1
"101","GAS",2008,1
"101","GAS",1325,1
"101","GAS",1311,1
"101","GAS",1241,1
"101","GAS",1549,1
"101","GAS",1641,1
"101","GAS",1241,1
"101","GAS",1241,1
"101","GAS",1241,1
"101","GAS",1409,1
"101","GAS",1241,1
"101","GAS",2207,1
"101","GAS",1241,1
"101","OIL",2041,1
"101","GAS",1241,1
"101","GAS",2571,2
"101","GAS",1241,1
"101","GAS",1241,1
"101","GAS",1457,1
"101","GAS",1241,1
"101","GAS",1941,1
"101","GAS",2241,1
"101","GAS",1241,1
"101","GAS",1409,1
"101","GAS",1241,1
"101","GAS",1241,1
"101","GAS",1545,1
"101","GAS",1433,1
"101","GAS",1241,1
"101","GAS",1496,1
"101","GAS",1241,1
"101","GAS",1241,1
"101","GAS",2977,2
"101","GAS",2123,1
"101","GAS",1586,1
"101","GAS",1991,1
"101","GAS",1705,1
"101","GAS",1526,1
"101","OIL",1241,1
"101","OIL",1241,1
"101","GAS",1497,1
"101","OIL",1241,1
"101","GAS",2324,1
"101","GAS",1558,1
"101","GAS",1760,1
"101","GAS",1952,1
"101","GAS",1472,1
"101","GAS",1532,1
"101","GAS",1784,1
"101","GAS",1732,1
"101","GAS",1532,1
"101","GAS",1728,1
"101","GAS",2688,2
"101","GAS",1532,1
"101","GAS",1984,1
"101","GAS",1872,1
"101","OIL",1600,1
"101","GAS",1824,1
"101","GAS",1924,1
"101","GAS",1292,1
"101","GAS",1784,1
"101","GAS",1948,1
"101","GAS",1884,1
"101","GAS",1484,1
"101","GAS",1664,1
"101","GAS",1432,1
"101","GAS",1743,1
"101","GAS",2288,1
"101","GAS",1964,1
"101","GAS",2122,1
"101","GAS",1644,1
"101","GAS",1632,1
"101","GAS",1484,1
"101","GAS",1660,1
"101","GAS",1742,1
"101","GAS",1658,1
"101","GAS",1754,1
"101","GAS",1872,1
"101","GAS",1534,1
"101","GAS",1472,1
"101","GAS",1728,1
"101","GAS",2078,1
"101","GAS",2804,2
"101","GAS",1734,1
"101","GAS",1632,1
"101","GAS",1552,1
"101","GAS",1660,1
"101","GAS",1484,1
"101","GAS",1961,2
"102","ELECTRIC",1501,1
"102","ELECTRIC",1263,1
"102","ELECTRIC",970,1
"102","ELECTRIC",1263,1
"102","ELECTRIC",1501,1
"102","ELECTRIC",1263,1
"102","ELECTRIC",970,1
"102","ELECTRIC",1263,1
"102","ELECTRIC",1195,1
"102","ELECTRIC",1195,1
"102","ELECTRIC",1140,1
"102","ELECTRIC",1195,1
"102","ELECTRIC",1548,1
"102","ELECTRIC",1548,1
"102","ELECTRIC",1038,1
"102","ELECTRIC",1038,1
"102","ELECTRIC",1566,2
"102","ELECTRIC",1234,2
"102","ELECTRIC",926,2
"102","ELECTRIC",1234,2
"102","ELECTRIC",1566,2
"102","ELECTRIC",1356,2
"102","ELECTRIC",1388,2
"102","ELECTRIC",1356,2
"102","ELECTRIC",1501,1
"102","ELECTRIC",1263,1
"102","ELECTRIC",970,1
"102","ELECTRIC",1263,1
"102","ELECTRIC",1501,1
"102","ELECTRIC",1263,1
"102","ELECTRIC",970,1
"102","ELECTRIC",1263,1
"102","ELECTRIC",1193,1
"102","ELECTRIC",1195,1
"102","ELECTRIC",1140,1
"102","ELECTRIC",1195,1
"102","ELECTRIC",1263,1
"102","ELECTRIC",1501,1
"102","ELECTRIC",1263,1
"102","ELECTRIC",970,1
"102","ELECTRIC",1263,1
"102","ELECTRIC",1501,1
"102","ELECTRIC",1263,1
"102","ELECTRIC",970,1
"102","ELECTRIC",1195,1
"102","ELECTRIC",1195,1
"102","ELECTRIC",1195,1
"102","ELECTRIC",1140,1
"102","ELECTRIC",1038,1
"102","ELECTRIC",1038,1
"102","ELECTRIC",1548,1
"102","ELECTRIC",1548,1
"102","ELECTRIC",1566,2
"102","ELECTRIC",1356,2
"102","ELECTRIC",1388,2
"102","ELECTRIC",1356,2
"102","ELECTRIC",1566,2
"102","ELECTRIC",1268,2
"102","ELECTRIC",926,2
"102","ELECTRIC",1268,2
"102","ELECTRIC",1263,1
"102","ELECTRIC",1501,1
"102","ELECTRIC",1263,1
"102","ELECTRIC",970,1
"102","ELECTRIC",1263,1
"102","ELECTRIC",1501,1
"102","ELECTRIC",1263,1
"102","ELECTRIC",970,1
"102","ELECTRIC",1195,1
"102","ELECTRIC",1195,1
"102","ELECTRIC",1195,1
"102","ELECTRIC",1140,1
"102","ELECTRIC",1263,1
"102","ELECTRIC",1501,1
"102","ELECTRIC",1263,1
"102","ELECTRIC",970,1
"102","ELECTRIC",1263,1
"102","ELECTRIC",1501,1
"102","ELECTRIC",1263,1
"102","ELECTRIC",970,1
"102","ELECTRIC",1195,1
"102","ELECTRIC",1195,1
"102","ELECTRIC",1195,1
"102","ELECTRIC",1140,1
"102","ELECTRIC",1038,1
"102","ELECTRIC",1038,1
"102","ELECTRIC",1548,1
"102","ELECTRIC",1548,1
"102","ELECTRIC",1566,2
"102","ELECTRIC",1356,2
"102","ELECTRIC",1388,2
"102","ELECTRIC",1356,2
"102","ELECTRIC",1566,2
"102","ELECTRIC",1234,2
"102","ELECTRIC",926,2
"102","ELECTRIC",1234,2
"102","ELECTRIC",1263,1
"102","ELECTRIC",1501,1
"102","ELECTRIC",1263,1
"102","ELECTRIC",970,1
"102","ELECTRIC",1263,1
"102","ELECTRIC",1501,1
"102","ELECTRIC",1263,1
"102","ELECTRIC",970,1
"102","ELECTRIC",1195,1
"102","ELECTRIC",1195,1
"102","ELECTRIC",1195,1
"102","ELECTRIC",1140,1
"102","ELECTRIC",2028,2
"102","ELECTRIC",1832,2
"102","GAS",1832,2
"102","ELECTRIC",1788,2
"102","GAS",1832,2
"102","ELECTRIC",2060,2
"102","GAS",2072,2
"102","GAS",2232,2
"102","GAS",1832,2
"102","ELECTRIC",1832,2
"102","GAS",1944,2
"102","GAS",2060,2
"102","OIL",2060,2
"102","ELECTRIC",1832,2
"102","GAS",1832,2
"102","GAS",1832,2
"102","ELECTRIC",1832,2
"102","GAS",2072,2
"102","GAS",2076,2
"102","GAS",1832,2
"102","ELECTRIC",1832,2
"102","ELECTRIC",1832,2
"102","ELECTRIC",1832,2
"102","ELECTRIC",2072,2
"102","GAS",2072,2
"102","GAS",1720,2
"102","GAS",1832,2
"102","GAS",1832,2
"102","GAS",1832,2
"102","GAS",2060,2
"102","GAS",2064,2
"102","GAS",1832,2
"102","GAS",1832,2
"102","GAS",1832,2
"102","GAS",1832,2
"102","GAS",2060,2
"102","GAS",2060,2
"102","GAS",1832,2
"102","ELECTRIC",1832,2
"102","ELECTRIC",1832,2
"102","ELECTRIC",1832,2
"102","ELECTRIC",2060,2
"102","ELECTRIC",2060,2
"102","ELECTRIC",1832,2
"102","GAS",1832,2
"102","ELECTRIC",1832,2
"102","ELECTRIC",1832,2
"102","GAS",2060,2
"102","GAS",1788,1
"102","ELECTRIC",1740,2
"102","ELECTRIC",1740,2
"102","ELECTRIC",1690,2
"102","ELECTRIC",1740,2
"102","ELECTRIC",1788,1
"102","ELECTRIC",1788,1
"102","ELECTRIC",1740,2
"102","ELECTRIC",1740,2
"102","ELECTRIC",1740,2
"102","ELECTRIC",1740,2
"102","ELECTRIC",1914,1.7
"102","ELECTRIC",1788,1
"102","ELECTRIC",1740,2
"102","ELECTRIC",1740,2
"102","ELECTRIC",1740,2
"102","GAS",1884,1.7
"102","ELECTRIC",1740,2
"102","ELECTRIC",1740,2
"102","ELECTRIC",1740,2
"102","ELECTRIC",1740,2
"102","ELECTRIC",1914,1.7
"102","ELECTRIC",1740,2
"102","ELECTRIC",1788,1
"102","ELECTRIC",1788,1
"102","ELECTRIC",1740,2
"102","ELECTRIC",1740,2
"102","ELECTRIC",1740,2
"102","ELECTRIC",1740,2
"102","ELECTRIC",1788,1
"102","ELECTRIC",1740,2
"102","ELECTRIC",1788,1
"102","ELECTRIC",1788,1
"102","ELECTRIC",1740,2
"102","ELECTRIC",1840,2
"102","ELECTRIC",1740,2
"102","ELECTRIC",1950,2
"102","ELECTRIC",1840,2
"102","ELECTRIC",2096,2
"102","ELECTRIC",2122,2
"101","GAS",2188,1
"101","GAS",1616,1
"101","GAS",1582,1
"101","GAS",1372,1
"101","GAS",1932,1
"101","GAS",1434,1
"101","GAS",1996,1
"101","GAS",1784,1
"101","OIL",1405,1.7
"101","OIL",1372,2
"101","GAS",1934,1
"101","GAS",1978,2
"101","GAS",1900,2
"101","GAS",1900,2
"101","GAS",1764,2
"101","GAS",2784,1
"101","GAS",2694,2
"101","OIL",1510,1
"101","GAS",1125,1
"101","ELECTRIC",1836,1
"101","ELECTRIC",1484,1
"101","GAS",1313,1
"101","OIL",1456,1.7
"101","OIL",1352,1
"101","OIL",1248,1
"101","OIL",1490,1
"101","GAS",2896,2
"101","OIL",1212,1
"101","OIL",1464,1
"101","OIL",1252,1.7
"101","ELECTRIC",2643,1
"101","ELECTRIC",1449,1
"101","GAS",884,1
"101","OIL",2200,1
"101","OIL",1646,1
"101","GAS",1176,1.7
"101","OIL",1152,2
"101","OIL",1056,1
"102","GAS",1229,1
"102","GAS",1229,1
"102","GAS",1229,1
"102","GAS",1229,1
"102","GAS",1424,2
"102","GAS",1424,2
"102","GAS",1258,2
"102","GAS",1258,2
"102","GAS",1258,2
"102","GAS",1258,2
"102","GAS",1258,2
"102","GAS",1258,2
"102","GAS",1258,2
"102","GAS",1258,2
"102","GAS",1258,2
"102","GAS",1258,2
"102","GAS",1258,2
"102","GAS",1258,2
"102","GAS",1258,2
"102","GAS",1258,2
"102","GAS",1258,2
"102","GAS",1258,2
"102","GAS",1258,2
"102","GAS",1258,2
"102","GAS",1258,2
"102","GAS",1258,2
"102","GAS",1258,2
"102","GAS",1258,2
"102","GAS",1258,2
"102","GAS",1258,2
"102","GAS",1258,2
"102","GAS",1258,2
"102","GAS",1258,2
"102","GAS",1258,2
"102","GAS",1258,2
"102","GAS",1258,2
"102","GAS",1258,2
"102","GAS",1258,2
"102","GAS",1432,2
"102","GAS",1432,2
"102","GAS",1432,2
"102","GAS",1432,2
"102","GAS",1258,2
"102","GAS",1658,2
"102","GAS",1258,2
"102","GAS",1258,2
"102","GAS",1173,2
"102","GAS",1258,2
"102","GAS",1492,2
"102","GAS",1492,2
"102","GAS",1305,1
"102","GAS",1305,1
"102","GAS",1305,1
"102","GAS",1305,1
"102","GAS",1492,2
"102","GAS",1892,2
"102","GAS",1492,2
"102","GAS",1492,2
"102","GAS",1892,2
"102","GAS",1492,2
"102","GAS",1258,2
"102","GAS",1258,2
"102","GAS",1258,2
"102","GAS",1258,2
"102","GAS",1258,2
"102","GAS",1258,2
"102","GAS",1258,2
"102","GAS",1258,2
"102","GAS",1258,2
"102","GAS",1258,2
"102","GAS",1258,2
"102","GAS",1258,2
"102","GAS",1229,1
"102","GAS",1229,1
"102","GAS",1824,2
"102","GAS",1424,2
"102","GAS",1229,1
"102","GAS",1229,1
"102","GAS",1305,1
"102","GAS",1305,1
"102","GAS",1305,1
"102","GAS",1305,1
"102","GAS",1492,2
"102","GAS",1492,2
"102","GAS",1492,2
"102","GAS",1492,2
"101","OIL",784,1
"101","GAS",800,1
"101","OIL",800,1
"101","OIL",800,1
"101","OIL",1346,1
"101","OIL",800,1
"101","OIL",1240,1
"101","OIL",962,1
"101","OIL",1288,1.7
"101","OIL",1284,1.7
"101","OIL",1104,1
"101","OIL",1732,1.7
"101","OIL",1852,2
"101","OIL",1258,1
"101","OIL",800,1
"101","OIL",1696,2
"101","OIL",1320,1
"101","OIL",800,1
"101","OIL",1100,1
"101","OIL",1468,2
"101","GAS",1568,1
"101","OIL",1994,1.7
"101","GAS",2306,1
"101","GAS",2485,2
"101","GAS",1612,1
"101","GAS",1040,1
"101","OIL",1040,1
"101","GAS",1040,1
"101","GAS",2954,2
"101","GAS",1398,1
"101","GAS",1498,1
"101","GAS",1746,1
"101","GAS",1073,1
"101","OIL",1144,1
"101","GAS",1654,1.7
"101","GAS",2100,1
"101","GAS",1440,1
"101","GAS",1450,1
"101","GAS",1540,1
"101","GAS",1372,1
"101","GAS",1976,2
"101","GAS",1476,1
"101","GAS",2746,2
"101","GAS",1596,1
"101","GAS",1206,1
"101","GAS",1440,1
"101","GAS",1622,1
"101","GAS",1044,1
"101","GAS",2080,2
"101","GAS",1520,1
"101","GAS",1579,1
"101","GAS",2232,2
"101","GAS",1976,2
"101","GAS",2468,2
"101","GAS",1122,1
"101","OIL",1072,1
"101","OIL",2252,2
"101","GAS",1717,1
"101","GAS",1520,1
"101","GAS",1040,1
"101","GAS",1040,1
"101","GAS",1288,2
"101","GAS",1364,2
"903","OIL",1050,2
"101","OIL",2044,2
"101","GAS",2128,2
"101","OIL",1344,1.7
"104","GAS",2176,2
"101","OIL",876,1
"101","GAS",1796,2
"101","GAS",1944,1.7
"101","GAS",1336,1
"101","GAS",1596,1.7
"101","OIL",1296,1
"101","OIL",1692,1
"101","GAS",1816,1
"101","GAS",1568,2
"101","GAS",1550,1
"101","GAS",1224,1
"101","GAS",1619,1
"101","GAS",1840,1.7
"101","GAS",1708,1.7
"101","GAS",1575,1.7
"101","GAS",1892,1.7
"101","GAS",1600,2
"101","GAS",1800,2
"101","GAS",1907,1
"101","GAS",2710,2
"101","OIL",1890,1
"101","GAS",1890,1
"101","GAS",1910,1
"101","GAS",1816,2
"101","GAS",1882,2
"101","GAS",1884,2
"101","GAS",1600,2
"101","GAS",1470,1
"101","GAS",1600,1
"101","GAS",1600,2
"101","GAS",1040,1
"101","ELECTRIC",806,1
"101","OIL",1112,1
"101","OIL",759,1
"101","GAS",1040,1
"101","GAS",3604,2
"101","GAS",1800,2
"101","OIL",2128,2
"101","OIL",1512,1.7
"101","OIL",1436,1
"101","OIL",1304,1
"101","GAS",2886,2
"101","OIL",2120,2
"101","OIL",1606,1
"101","GAS",1040,1
"101","GAS",1840,1
"101","OIL",1636,1
"101","OIL",1144,1
"104","OIL",2833,2
"101","GAS",1440,1.7
"013","OIL",1799,1.7
"101","OIL",1660,1
"101","GAS",2032,1
"101","OIL",1144,1
"101","GAS",1748,1
"101","GAS",1748,1
"101","OIL",1890,1
"101","OIL",3023,1
"101","GAS",1352,1
"101","OIL",1660,1
"101","GAS",1660,1
"101","GAS",1982,1
"101","GAS",1660,1
"101","OIL",1760,1
"101","GAS",1948,1
"101","OIL",3078,1
"101","OIL",1732,1
"101","ELECTRIC",1654,1.7
"101","OIL",1750,1
"101","OIL",2205,1
"101","OIL",2252,1
"101","OIL",1704,1
"959","OIL",1849,1
"101","OIL",1688,2
"101","OIL",1456,1
"101","OIL",1144,1
"101","OIL",1234,1
"101","OIL",1144,1
"101","OIL",1676,1
"101","OIL",3684,1
"101","OIL",1519,1
"101","OIL",1922,1
"101","OIL",2088,1
"101","OIL",2190,1.7
"101","OIL",2132,1
"101","OIL",2484,1
"101","PROPANE-TANK",2482,1
"101","OIL",2905,1
"101","OIL",1932,1
"101","OIL",2098,1
"101","OIL",1732,1
"101","OIL",1984,1
"101","OIL",2000,1
"101","OIL",2100,1
"101","OIL",1822,1
"101","OIL",2972,1
"101","OIL",1970,1
"101","ELECTRIC",3015,1
"101","OIL",1660,1
"101","OIL",1682,1
"101","OIL",2090,1
"101","OIL",1962,1
"101","OIL",1800,1
"101","OIL",2304,1
"101","ELECTRIC",1942,1
"101","OIL",1996,1
"101","OIL",1696,1
"101","OIL",2852,2
"101","OIL",2751,1
"101","OIL",1842,1
"101","GAS",3034,1.7
"101","OIL",2740,1
"101","GAS",2404,2
"101","PROPANE-TANK",2140,2
"101","GAS",2662,2
"101","GAS",1881,1
"101","GAS",1962,1.7
"101","PROPANE-TANK",2120,2
"101","PROPANE-TANK",3050,2
"101","OIL",1440,2
"101","OIL",2152,1.7
"101","OIL",2745,2
"101","OIL",2669,1
"101","OIL",1840,2
"101","OIL",2536,1.7
"104","GAS",3244,2
"104","GAS",2592,2
"101","GAS",1623,2
"101","OIL",2241,2
"101","OIL",2146,2
"101","OIL",1232,1.7
"104","ELECTRIC",3127,2
"104","OIL",4448,2
"101","GAS",2016,2
"101","OIL",2158,2
"101","GAS",1732,1
"101","OIL",2032,2
"101","OIL",1178,1
"101","ELECTRIC",2868,1.7
"101","GAS",1768,2
"101","OIL",1820,2
"101","GAS",1872,2
"101","GAS",2398,2
"101","OIL",1488,1.7
"101","OIL",1248,1
"101","OIL",1314,1
"101","OIL",1043,1
"101","GAS",1440,1
"101","GAS",1392,2
"101","GAS",960,1
"101","GAS",2016,2
"101","OIL",1469,1
"101","GAS",1974,1.7
"101","OIL",868,1
"101","OIL",948,1
"101","ELECTRIC",1806,1.7
"101","OIL",1005,1
"101","OIL",2458,1
"101","GAS",864,1
"101","OIL",2140,2
"101","GAS",1920,1.7
"101","OIL",984,1
"101","OIL",2240,2
"101","OIL",816,1
"101","GAS",1056,1
"101","GAS",2225,2
"104","OIL",2080,2
"104","GAS",2460,2
"104","OIL",1952,2
"101","OIL",1128,1
"104","OIL",2288,2
"104","GAS",1428,1.7
"101","GAS",1401,1
"101","OIL",1182,1
"101","OIL",2176,2
"101","OIL",1458,1
"101","OIL",1734,2
"101","GAS",1248,1
"101","GAS",1530,2
"101","OIL",1170,1
"101","OIL",1170,1
"101","GAS",1314,1
"101","GAS",1290,1
"101","OIL",1651,1
"101","GAS",1935,2
"101","OIL",1470,2
"101","OIL",1842,1
"101","OIL",1938,1
"104","OIL",1854,1.7
"101","GAS",2068,1.7
"101","OIL",1976,2
"101","GAS",2366,2
"101","GAS",1080,1
"101","GAS",1452,1.7
"101","GAS",1650,1
"104","OIL",1954,2
"104","GAS",1666,2
"104","OIL",2796,2
"101","OIL",1152,1
"101","OIL",816,1
"101","OIL",1152,1
"101","ELECTRIC",1152,1
"101","GAS",2016,2
"101","OIL",1632,1.7
"101","OIL",1736,2
"101","GAS",1152,1
"101","OIL",1524,1.7
"101","GAS",1344,1.7
"101","GAS",1344,1.7
"101","GAS",1344,1.7
"101","OIL",1698,1
"101","GAS",1632,1
"101","GAS",2232,2
"101","OIL",1306,1
"101","GAS",1962,2
"101","OIL",2045,1.7
"101","GAS",1320,1
"101","OIL",1152,1
"101","GAS",1296,1
"101","GAS",1500,1.7
"101","OIL",1344,1.7
"101","OIL",1344,1.7
"101","OIL",1152,1
"101","GAS",1408,1
"101","GAS",1344,1.7
"101","OIL",1656,1.7
"101","PROPANE-TANK",1856,2
"101","OIL",1320,1
"101","OIL",1248,1
"101","OIL",1152,1
"101","OIL",960,1
"101","GAS",1408,1
"101","GAS",1224,1
"101","GAS",1152,1
"101","GAS",1152,1
"101","OIL",1152,1
"101","GAS",1536,2
"101","GAS",1428,1.7
"101","GAS",1428,1.7
"104","OIL",1728,2
"104","OIL",2396,2
"101","OIL",1356,1.7
"101","GAS",1770,2
"101","GAS",1744,1.7
"101","OIL",2285,2
"101","OIL",1064,1
"101","GAS",2040,1
"104","OIL",2499,2
"105","OIL",3163,2.7
"101","GAS",1052,1
"101","OIL",1427,1.7
"101","GAS",1292,1
"101","GAS",1997,2
"101","OIL",1439,1.7
"101","OIL",1230,1
"101","OIL",1212,1
"101","OIL",1792,2
"101","OIL",1280,1
"101","ELECTRIC",1908,1
"101","ELECTRIC",1740,1
"101","ELECTRIC",1482,1
"101","OIL",1856,1
"101","OIL",1547,1.7
"101","OIL",2188,1
"101","ELECTRIC",1288,1
"101","OIL",1664,1
"101","OIL",1652,1
"101","OIL",2160,1
"101","OIL",2664,2
"101","OIL",1464,1
"101","ELECTRIC",1044,1
"101","ELECTRIC",1564,1
"101","GAS",2144,1
"101","GAS",2248,2
"101","OIL",1555,2
"101","PROPANE-TANK",2335,1.7
"101","OIL",1244,1
"101","OIL",1280,1
"101","OIL",916,1
"101","OIL",1212,1
"101","OIL",1691,1.7
"101","OIL",1283,1.7
"101","OIL",1244,1
"101","OIL",1300,1
"101","OIL",1283,1.7
"101","OIL",1879,2
"101","OIL",1286,1
"101","OIL",1356,1
"101","PROPANE-TANK",1599,1.7
"101","OIL",1244,1
"101","OIL",1313,1.7
"101","OIL",1283,1.7
"101","OIL",1283,1.7
"101","GAS",1695,1.7
"101","OIL",1100,1
"101","OIL",2508,1.7
"101","OIL",1309,1.7
"101","OIL",1183,1
"101","OIL",1092,1
"101","GAS",1684,2
"101","OIL",1344,1
"101","OIL",1504,2
"101","OIL",1416,2
"104","OIL",2016,2
"101","OIL",2840,2
"101","OIL",1872,2
"101","GAS",1980,2
"101","GAS",1800,2
"101","GAS",2397,2
"101","GAS",2372,2
"101","OIL",1088,1
"101","OIL",982,1
"101","OIL",800,1
"101","OIL",800,1
"101","OIL",1459,1.7
"101","OIL",1706,2
"101","OIL",2290,2
"101","OIL",2170,2
"101","OIL",1335,1.7
"101","OIL",2027,1.7
"101","OIL",1283,1.7
"101","OIL",1955,1.7
"101","OIL",1440,2
"101","OIL",1665,1.7
"101","OIL",1106,1
"101","OIL",1566,2
"101","OIL",1306,1.7
"101","GAS",1920,2
"101","GAS",1296,1
"101","GAS",2448,1
"104","GAS",2376,2
"104","GAS",2376,2
"101","GAS",2325,2
"101","GAS",2449,1.7
"101","GAS",2464,2
"101","GAS",2792,2
"101","GAS",2344,1
"101","GAS",1908,2
"101","GAS",2124,2
"101","GAS",1672,1.7
"101","GAS",1484,1
"101","OIL",2191,2
"101","GAS",3237,2
"101","OIL",2568,2
"101","GAS",1736,1
"101","GAS",2128,2
"101","GAS",1986,1
"102","GAS",1815,2.7
"102","GAS",1815,2.7
"102","OIL",1438,2
"102","OIL",1438,2
"104","GAS",2376,2
"101","OIL",1650,1
"101","OIL",1395,1
"101","OIL",2552,2
"101","OIL",1320,1
"104","GAS",2755,2.7
"101","GAS",3212,2
"101","ELECTRIC",2068,1
"101","OIL",1432,1
"101","GAS",2834,1.7
"101","GAS",1352,2
"101","GAS",875,1.7
"104","OIL",1590,2
"101","OIL",1656,2
"101","OIL",1704,2
"101","GAS",1374,2
"101","GAS",1495,1.7
"101","GAS",2160,2
"101","GAS",1344,2
"101","OIL",1526,2
"101","GAS",1344,2
"104","GAS",2494,2
"104","OIL",2776,2
"101","GAS",2068,2
"104","OIL",3149,2.7
"101","OIL",2064,1.7
"101","OIL",1638,1.7
"101","OIL",1708,2
"101","OIL",1531,2
"101","OIL",1420,1
"104","GAS",1612,2
"101","GAS",2160,2
"101","OIL",1920,1
"101","OIL",1173,2
"101","ELECTRIC",3518,2
"101","GAS",1820,1
"101","OIL",1960,2
"101","GAS",1013,1
"101","GAS",1428,1
"101","OIL",1512,1
"101","OIL",1408,1.7
"101","OIL",1408,1.7
"101","OIL",1152,1
"101","GAS",1536,2
"101","OIL",1638,1.7
"101","GAS",1624,2
"101","GAS",1500,1.7
"101","OIL",1685,1.7
"101","GAS",1152,1
"101","GAS",1404,1
"101","OIL",1248,1
"101","GAS",1428,1.7
"105","GAS",2628,2
"101","OIL",1512,1.7
"104","OIL",2515,2
"101","GAS",1512,1
"101","OIL",1344,1.7
"101","OIL",1889,2
"101","OIL",1200,1
"101","OIL",1514,1.7
"101","GAS",1456,1.7
"101","GAS",960,1
"101","GAS",1600,2
"101","GAS",1152,1
"101","GAS",1344,1.7
"101","GAS",2208,1.7
"101","GAS",1248,1
"101","GAS",1968,1
"101","OIL",1404,1
"101","OIL",1728,2
"101","OIL",1087,1
"101","GAS",1313,1
"101","GAS",2048,2
"101","OIL",1456,1.7
"101","OIL",1352,2
"101","OIL",1086,1
"101","OIL",2074,2
"101","GAS",1620,1
"101","OIL",1248,1
"101","OIL",902,1
"101","OIL",2035,1
"101","OIL",884,1
"101","GAS",3098,2
"101","GAS",1234,1
"101","OIL",1274,1.7
"101","OIL",1260,1
"101","OIL",1960,2
"101","OIL",2045,1.7
"101","OIL",1472,1
"101","OIL",1401,1
"101","OIL",697,1
"101","GAS",1320,1.7
"101","OIL",1540,2
"101","GAS",1456,1.7
"101","OIL",1482,1.7
"101","OIL",2340,2
"101","OIL",1752,2
"101","OIL",1706,1
"101","GAS",1344,1.7
"101","OIL",2340,2
"101","OIL",1176,1
"101","OIL",1461,1.7
"101","OIL",660,1
"101","OIL",1152,1
"101","OIL",1456,1.7
"101","OIL",1152,1
"101","GAS",1260,1.7
"101","GAS",1512,1.7
"101","OIL",936,1
"101","GAS",859,1
"101","GAS",1410,1.7
"101","GAS",720,1
"101","GAS",1248,1
"101","OIL",1152,1
"101","OIL",1152,1
"101","OIL",1244,1
"101","GAS",1572,1
"101","OIL",1248,1
"101","GAS",1266,1
"101","OIL",2246,1
"101","OIL",1220,2
"101","GAS",795,1
"101","OIL",1099,1
"101","OIL",1404,1.7
"101","OIL",1152,1
"101","OIL",1344,1.7
"101","OIL",1099,1
"101","GAS",1605,2
"101","GAS",2100,1.7
"101","GAS",1796,1
"101","OIL",1536,2
"101","GAS",1488,1
"104","GAS",2019,2
"104","OIL",2467,2
"101","OIL",1224,1.7
"101","OIL",822,1
"101","OIL",991,1
"101","GAS",1658,1.7
"101","GAS",1242,1
"104","OIL",2221,2
"101","GAS",1502,2
"104","GAS",2391,2
"101","OIL",1880,2
"101","OIL",1200,1
"101","OIL",1212,1
"101","OIL",1170,1
"101","OIL",1488,1.7
"101","OIL",1308,1
"101","GAS",1568,1.7
"101","GAS",1568,2
"101","OIL",3313,2
"101","GAS",1312,2
"101","OIL",1253,2
"101","OIL",1382,2
"101","OIL",1558,1
"101","OIL",1673,1
"101","OIL",1605,1.7
"101","OIL",1956,1.7
"105","OIL",2418,2.7
"105","OIL",2418,2.7
"101","OIL",1352,2
"101","GAS",1797,2
"101","OIL",1323,2
"101","OIL",1836,1.7
"101","OIL",1217,2
"101","OIL",960,1
"101","GAS",3524,1
"101","OIL",1272,2
"101","OIL",832,1
"101","OIL",1048,1.7
"101","OIL",1196,1
"101","GAS",1397,2
"101","GAS",2001,2.7
"101","OIL",2350,2
"104","OIL",1911,2
"101","OIL",1901,2
"101","OIL",1650,2
"101","GAS",1456,1.7
"101","OIL",2119,1.7
"101","GAS",1834,2
"101","GAS",1786,2
"101","GAS",1666,2
"101","GAS",1666,2
"101","GAS",1666,2
"101","GAS",2360,2
"101","OIL",1914,2
"101","GAS",1134,1.7
"101","OIL",864,2
"101","OIL",1840,1
"101","GAS",2418,2
"101","OIL",1040,1
"101","OIL",1451,1.7
"104","OIL",1920,2
"101","GAS",1216,1.7
"101","GAS",1168,2
"104","OIL",1908,2
"101","GAS",1369,1.7
"101","OIL",1512,1.7
"101","OIL",1584,1.7
"101","OIL",1989,2
"101","OIL",1564,2
"104","OIL",1392,1
"101","GAS",2160,2
"105","OIL",2619,2
"101","OIL",1750,2
"101","OIL",1040,1
"101","GAS",1664,2
"101","GAS",1884,2
"101","ELECTRIC",1800,1
"101","OIL",1040,1
"101","OIL",1040,1
"101","OIL",2310,1
"101","OIL",1720,2
"101","GAS",1404,1
"101","OIL",1617,1.7
"101","GAS",2921,2
"101","OIL",1638,1.7
"101","GAS",1390,1
"101","GAS",2264,1
"101","GAS",2118,1
"101","GAS",1520,1
"101","GAS",1488,1
"101","GAS",1344,1.7
"101","OIL",1326,1
"101","GAS",1040,1
"101","GAS",1542,1
"101","GAS",816,1
"101","GAS",1416,1
"101","OIL",1100,1
"101","GAS",1040,1
"101","GAS",1494,1
"101","GAS",1384,1
"111","OIL",3382,2.7
"101","OIL",1518,2
"104","GAS",1505,1.7
"101","OIL",1550,2
"101","GAS",1221,1.7
"101","OIL",1095,1
"104","OIL",2213,2
"101","GAS",2108,1
"101","OIL",1242,2
"101","GAS",1234,1.7
"101","GAS",1344,2
"101","GAS",1300,1.7
"101","GAS",1455,1.7
"101","GAS",1278,2
"104","OIL",2160,2
"101","OIL",1635,1.7
"101","OIL",888,1
"101","OIL",1412,1.7
"101","GAS",1416,2
"101","OIL",1828,1
"101","OIL",1044,1
"101","OIL",1666,2
"101","OIL",1786,2
"101","ELECTRIC",1996,1.7
"101","OIL",2280,1.7
"101","OIL",960,1
"101","OIL",1648,2
"101","GAS",964,1
"101","GAS",2012,1
"101","OIL",976,1
"101","OIL",976,1
"101","GAS",1912,2
"101","OIL",1108,1
"101","GAS",1240,1
"101","GAS",1036,1
"101","GAS",1156,1
"101","OIL",1738,2
"101","GAS",1144,1
"101","OIL",2999,2
"101","OIL",1172,1
"101","GAS",3108,2
"101","OIL",1610,2
"101","OIL",1356,1.7
"101","GAS",1060,1.7
"104","GAS",3238,2.7
"104","OIL",2562,2
"104","OIL",1757,1.7
"101","GAS",1725,1.7
"101","GAS",1512,1.7
"101","GAS",1375,1.7
"101","GAS",1937,2
"101","OIL",1152,1
"101","GAS",1140,1
"101","GAS",1196,1
"101","GAS",1320,1
"101","OIL",1092,1
"101","GAS",1516,1
"101","ELECTRIC",1432,1
"101","OIL",876,1
"102","GAS",1000,2
"102","GAS",1000,2
"102","GAS",1000,2
"102","GAS",1000,2
"102","GAS",950,2
"102","GAS",950,2
"102","GAS",1000,2
"102","GAS",1000,2
"102","GAS",950,2
"102","GAS",1270,2
"102","GAS",2280,2
"102","GAS",1000,2
"102","GAS",1188,2
"102","GAS",2194,2
"102","GAS",1500,2
"102","GAS",1200,2
"102","GAS",1500,2
"102","GAS",840,1
"102","GAS",1094,1
"101","GAS",1810,1
"101","GAS",1356,1
"101","GAS",1874,2
"101","GAS",2327,1
"101","GAS",1800,1
"101","OIL",1425,1
"101","GAS",1640,1
"101","GAS",1120,1
"101","GAS",1656,1
"101","GAS",2632,2
"101","GAS",1540,1
"101","GAS",1540,1
"101","OIL",1366,1
"101","GAS",2080,2
"101","GAS",1628,1
"101","GAS",1714,1
"101","GAS",1120,1
"101","GAS",1072,1
"101","GAS",1586,1
"101","OIL",1120,1
"101","OIL",1666,2
"101","OIL",1152,1
"101","OIL",1269,1.7
"101","OIL",848,1
"101","OIL",1936,2
"101","OIL",1262,1
"101","OIL",1010,1.7
"101","OIL",1488,1.7
"101","OIL",2136,1.7
"101","GAS",1152,1
"101","OIL",1344,1.7
"101","GAS",1536,1.7
"101","OIL",1785,2
"101","OIL",1252,2
"101","OIL",1047,1.7
"101","OIL",2149,1
"101","OIL",1868,1
"101","OIL",1872,2
"101","OIL",1555,1.7
"101","OIL",1068,1.7
"101","GAS",1388,1
"101","OIL",2576,2
"101","OIL",1215,1
"101","GAS",2488,1
"101","GAS",804,1
"101","GAS",1040,1
"104","GAS",2850,2
"104","GAS",2850,2
"101","GAS",1715,2
"101","OIL",1465,1.7
"101","OIL",1344,1.7
"101","GAS",1408,1
"101","GAS",1040,1
"101","GAS",1440,1
"101","OIL",1152,1
"101","OIL",2376,1.7
"101","GAS",1598,2
"101","OIL",1344,1.7
"101","OIL",1842,1
"101","OIL",1847,2
"101","ELECTRIC",1928,1
"101","GAS",1812,1.7
"101","GAS",1087,1.7
"101","OIL",2154,2
"104","OIL",2589,2
"101","GAS",1070,1
"101","GAS",1008,1
"101","GAS",1008,1
"105","OIL",2508,2.7
"101","OIL",2212,1.7
"101","GAS",1416,1
"101","OIL",2568,1
"101","GAS",1840,1
"101","OIL",2736,1
"101","OIL",3422,1.7
"104","GAS",2850,2
"101","GAS",1660,1.7
"101","GAS",2342,1
"101","GAS",2313,1.7
"101","GAS",2448,2
"101","OIL",1256,1
"104","OIL",1816,2
"101","GAS",1252,1
"101","GAS",1620,2
"101","GAS",2204,1
"101","GAS",1152,1
"101","GAS",1344,1.7
"101","GAS",1344,1.7
"101","GAS",1342,2
"101","GAS",2146,2
"104","GAS",2860,2
"104","GAS",2860,2
"101","GAS",1152,1.7
"101","OIL",1248,1
"104","OIL",2016,2
"101","GAS",1104,1
"101","OIL",1262,2
"101","OIL",1449,1
"104","OIL",1664,2
"101","OIL",964,1.7
"104","GAS",2138,2
"101","OIL",1808,2
"101","GAS",876,1
"101","GAS",1782,1
"101","GAS",2696,2
"101","GAS",2760,2
"101","OIL",1724,1
"102","GAS",1559,2
"102","GAS",1559,2
"104","GAS",2916,2
"101","OIL",1714,1
"101","OIL",1076,1
"101","OIL",1450,1
"101","OIL",1760,1
"101","GAS",2060,1
"101","GAS",1144,1
"101","GAS",2278,1.7
"101","GAS",1608,1
"101","GAS",1694,1
"101","GAS",1944,1
"101","GAS",1420,1
"101","GAS",1726,1
"101","GAS",1926,1
"101","GAS",968,1
"101","OIL",1639,1
"101","GAS",2156,1
"101","GAS",1973,1
"101","ELECTRIC",2042,1
"101","GAS",2294,1
"101","GAS",1824,1
"101","GAS",2088,1
"101","GAS",2052,1
"101","GAS",1832,1
"101","OIL",1550,1
"101","GAS",1760,1
"101","GAS",1960,1
"101","GAS",1364,1
"101","GAS",2144,1
"101","GAS",1233,1
"101","GAS",2840,2
"101","GAS",1944,1
"101","GAS",1594,2
"101","OIL",1014,1
"101","OIL",966,1
"101","OIL",1612,2
"101","OIL",1708,1
"101","OIL",1904,1
"101","OIL",2410,2
"101","GAS",1428,1.7
"101","GAS",2168,1
"101","GAS",1638,1
"101","OIL",1116,1
"101","GAS",1868,2
"101","OIL",1242,1
"101","OIL",1144,1
"101","OIL",1602,2
"101","GAS",2184,2
"101","OIL",1866,1
"101","OIL",1582,1.7
"101","GAS",1478,1
"104","GAS",2836,2
"101","GAS",1641,2
"101","OIL",1430,2
"101","OIL",1428,1.7
"101","GAS",2327,3
"101","GAS",1018,1
"101","GAS",1893,2
"101","OIL",1882,1
"104","OIL",2124,2
"101","OIL",2275,2
"104","OIL",3061,2.7
"104","GAS",2955,2
"101","GAS",1576,2
"104","OIL",3153,2
"101","OIL",2178,2
"104","OIL",2805,2
"101","OIL",1576,2
"104","GAS",4373,2
"101","OIL",1404,2
"101","OIL",1456,2
"101","GAS",2166,2
"104","GAS",2280,2
"104","GAS",2069,2
"104","OIL",3240,2
"101","OIL",1567,2
"101","OIL",2030,2
"101","GAS",1880,2
"101","OIL",2228,1
"101","OIL",1038,1
"101","GAS",1400,1
"101","OIL",1224,1
"101","OIL",1688,1
"101","OIL",1710,1.7
"101","OIL",912,1
"101","OIL",1521,1
"101","OIL",1108,1
"101","OIL",1456,1.7
"101","OIL",1047,1
"104","GAS",2872,2
"101","GAS",1368,2
"101","OIL",1568,2
"101","OIL",1520,2
"101","GAS",1008,1
"101","OIL",1751,1.7
"101","OIL",1783,1
"104","GAS",2246,2
"101","GAS",1356,2
"101","GAS",2030,2
"101","GAS",1274,2
"101","GAS",2174,2
"101","GAS",1814,1.7
"104","GAS",2796,2.7
"101","GAS",1308,1.7
"104","GAS",2442,2
"101","OIL",1995,2
"104","OIL",3224,3
"101","GAS",1764,2
"101","GAS",1848,1
"104","OIL",2464,2.7
"104","GAS",2968,2
"101","GAS",1713,2
"101","GAS",1888,2
"101","OIL",1538,2
"101","OIL",2234,2
"101","GAS",2544,2
"104","GAS",2408,2
"104","OIL",2595,2
"104","OIL",2888,2
"101","GAS",1864,2.7
"101","GAS",1944,2
"101","GAS",1320,1.7
"101","GAS",1920,2
"104","OIL",2790,2
"105","OIL",2520,2
"101","OIL",2056,2
"101","OIL",1456,2
"101","OIL",1404,2
"101","OIL",1152,1
"101","GAS",2335,2
"104","GAS",2040,2.7
"101","GAS",1056,1
"101","OIL",2884,2
"101","OIL",1324,1.7
"101","ELECTRIC",1496,1.7
"104","OIL",2862,1
"104","ELECTRIC",2252,2
"101","OIL",1144,1
"101","OIL",1568,1.7
"101","GAS",1424,1.7
"101","GAS",2115,2
"101","GAS",1708,2
"101","OIL",1254,1.7
"101","OIL",990,1
"101","OIL",1456,1.7
"101","OIL",1328,1
"101","GAS",988,1
"101","GAS",1512,2
"104","OIL",2643,3
"101","OIL",1619,2
"101","OIL",1757,2
"101","OIL",1960,2
"101","OIL",1342,2
"101","OIL",1040,1
"101","OIL",1344,2
"101","GAS",1242,2
"101","OIL",1632,2
"105","OIL",3466,2.7
"101","GAS",1428,1.7
"101","OIL",1456,1.7
"101","OIL",1352,1
"101","GAS",1008,1
"105","OIL",2554,2
"104","OIL",2028,2
"104","GAS",1806,1.7
"101","OIL",1396,2
"101","OIL",1880,2
"101","OIL",1309,1.7
"101","OIL",1809,1.7
"101","OIL",972,1
"101","GAS",864,1
"101","GAS",864,1
"101","GAS",864,1
"101","OIL",1092,1
"101","GAS",1056,1
"101","GAS",864,1
"101","ELECTRIC",1392,1
"104","OIL",2196,2
"101","OIL",2892,2
"101","GAS",2408,1.7
"101","OIL",880,2
"101","GAS",2016,2
"101","GAS",2016,2
"101","ELECTRIC",960,1
"101","OIL",1344,1
"101","OIL",1555,1
"101","GAS",1547,1.7
"101","OIL",2016,1.7
"101","OIL",1312,1.7
"101","GAS",1295,1
"101","OIL",3410,2
"101","GAS",1663,1
"101","GAS",1664,1
"101","GAS",1984,1
"101","GAS",2206,1
"101","GAS",1654,1
"101","GAS",2271,1
"101","OIL",2032,1
"101","OIL",1990,1
"101","OIL",1316,1
"101","OIL",1668,1
"101","OIL",1642,1
"101","OIL",1592,1
"101","GAS",1580,1
"101","GAS",1536,1
"101","GAS",2912,1
"101","GAS",1968,1
"101","GAS",3069,1
"101","OIL",1377,1
"101","OIL",977,1
"101","OIL",1496,1.7
"101","GAS",2614,1
"101","GAS",1841,1
"101","GAS",1741,1
"101","GAS",1753,1
"101","GAS",1675,1
"101","GAS",1241,1
"101","GAS",1241,1
"101","GAS",1479,1
"101","GAS",1241,1
"101","GAS",1241,1
"101","GAS",1950,1
"101","GAS",1782,1
"101","GAS",2188,1
"101","GAS",1532,1
"101","GAS",1636,1
"101","GAS",1385,1
"101","GAS",1241,1
"101","GAS",1311,1
"101","GAS",1497,1
"101","OIL",2492,2
"101","GAS",1870,2
"101","OIL",1904,2
"101","OIL",3309,1.7
"101","GAS",1808,2
"101","GAS",2162,2
"101","GAS",1008,1
"101","GAS",2284,1
"101","OIL",1152,1
"101","GAS",1152,1
"101","OIL",768,1
"101","GAS",1594,1.7
"101","GAS",1152,1
"101","GAS",1152,1
"101","GAS",1304,1
"101","GAS",1344,1.7
"101","OIL",2056,1.7
"101","GAS",1866,1
"101","GAS",1044,1
"101","GAS",1642,1
"101","GAS",2520,2
"101","GAS",2348,1
"101","GAS",1966,1
"101","OIL",1632,2
"101","GAS",1972,1
"101","GAS",2290,2
"101","GAS",3252,2
"101","GAS",2278,2
"101","GAS",2370,2
"101","OIL",2112,1
"101","GAS",1952,1
"101","GAS",1444,1
"101","GAS",2560,2
"101","GAS",1750,1
"101","GAS",1040,1
"101","OIL",1470,1.7
"101","GAS",1152,1
"101","GAS",1344,1.7
"101","OIL",1152,1
"101","GAS",1152,1
"101","GAS",1296,1
"101","GAS",2893,2
"101","OIL",840,1
"101","GAS",1344,1.7
"101","GAS",1982,2
"101","GAS",1993,1
"101","GAS",1582,1.7
"101","GAS",1344,1.7
"101","GAS",1280,1
"101","GAS",1564,1.7
"101","GAS",1344,1.7
"101","GAS",2068,1.7
"101","GAS",1748,2
"101","GAS",1926,1.7
"101","GAS",1504,1.7
"101","GAS",1344,1.7
"101","GAS",1152,1
"101","OIL",1504,1.7
"101","GAS",1472,1.7
"101","GAS",1296,1
"101","GAS",1504,1.7
"101","GAS",1472,1.7
"101","GAS",1344,1
"101","GAS",1144,1
"101","GAS",2148,2
"101","GAS",2294,1.7
"101","GAS",1820,2
"101","GAS",1994,1.7
"101","GAS",1344,1.7
"101","GAS",1512,1
"101","GAS",1344,1.7
"101","GAS",1308,1
"101","GAS",1332,1
"101","GAS",1664,1.7
"101","GAS",1152,1
"101","GAS",1728,2
"101","GAS",1536,2
"101","GAS",1312,1
"101","GAS",768,1
"101","GAS",1508,1.7
"101","GAS",1464,1.7
"101","GAS",1344,1.7
"101","GAS",1344,1.7
"101","GAS",2617,2
"101","GAS",2932,2
"101","GAS",3080,2
"101","GAS",2884,2
"101","GAS",1596,1
"101","GAS",2694,2
"101","GAS",3396,2
"101","GAS",2331,2
"101","GAS",2535,2
"101","GAS",1400,1
"101","GAS",1344,1
"101","GAS",1492,1
"101","GAS",1400,1.7
"101","GAS",2766,1
"101","GAS",2283,2
"101","GAS",4666,2
"101","OIL",1398,1
"101","OIL",1821,1
"101","GAS",2382,2
"101","GAS",2358,2
"101","GAS",2484,2
"101","GAS",1834,2
"101","GAS",2146,1.7
"101","OIL",1680,1
"101","OIL",3161,1
"101","OIL",2156,2
"101","GAS",2292,1
"101","GAS",2392,2
"101","GAS",2392,2
"101","GAS",2392,2
"101","ELECTRIC",3228,1
"101","GAS",2628,2
"101","GAS",3625,2
"101","GAS",2838,2
"101","GAS",3296,2
"101","GAS",3961,1.7
"101","GAS",2663,1.7
"101","GAS",2798,1.7
"101","GAS",3148,2
"101","GAS",2628,1.7
"101","GAS",2666,1.7
"101","GAS",3635,2
"101","GAS",3388,2
"101","GAS",2544,2
"101","GAS",2364,2
"101","GAS",2160,2
"101","GAS",3019,1.7
"101","GAS",2769,2
"101","GAS",3189,1.7
"101","GAS",3357,1.7
"101","GAS",1562,1
"101","GAS",2656,1.7
"101","GAS",5298,2
"101","GAS",3124,2
"101","GAS",3058,2
"101","GAS",2814,2
"101","GAS",2346,1.7
"101","GAS",2444,2
"101","GAS",3740,1.7
"101","GAS",3650,2
"101","GAS",3059,1.7
"101","GAS",2284,2
"101","GAS",2725,1
"101","GAS",3105,2
"101","OIL",2516,2
"101","GAS",2788,2
"101","GAS",2756,1
"101","GAS",2733,2
"101","OIL",1844,1
"101","GAS",2028,2
"101","GAS",2156,2
"101","GAS",2112,2
"101","GAS",2112,2
"101","GAS",1492,2
"101","GAS",2476,2
"101","GAS",2414,2
"101","GAS",3602,2
"101","GAS",2412,2
"101","GAS",2482,2
"101","GAS",2028,2
"101","GAS",2634,2
"101","GAS",2164,2
"101","GAS",2740,2
"101","GAS",1912,2
"101","GAS",2752,2
"101","GAS",3084,2
"101","GAS",2324,2
"101","GAS",4001,2
"101","GAS",4658,2
"101","GAS",3098,2
"101","GAS",2308,2
"101","GAS",2868,2
"101","GAS",3172,2
"101","GAS",2312,2
"101","GAS",2374,2
"101","GAS",2690,2
"101","GAS",2824,2
"101","GAS",3304,2
"101","GAS",2348,2
"101","GAS",3332,2
"101","GAS",3992,2
"101","GAS",4058,2
"101","GAS",2842,2
"101","GAS",4305,2
"101","GAS",2418,2
"101","GAS",2892,2
"101","GAS",2426,2
"101","GAS",2418,2
"101","GAS",2458,2
"101","GAS",2450,2
"101","GAS",2812,2
"102","GAS",2170,2
"102","GAS",2000,2
"102","GAS",1970,2
"102","GAS",1970,2
"102","GAS",2000,2
"102","GAS",2230,2
"102","GAS",2170,2
"102","GAS",2000,2
"102","GAS",1970,2
"102","GAS",1970,2
"102","GAS",2000,2
"102","GAS",2242,2
"102","GAS",2242,2
"102","GAS",2000,2
"102","GAS",1970,2
"102","GAS",2170,2
"102","GAS",2000,2
"102","GAS",1970,2
"102","GAS",1970,2
"102","GAS",2045,2
"102","GAS",1970,2
"102","GAS",1970,2
"102","GAS",2045,2
"102","GAS",2170,2
"102","GAS",1970,2
"102","GAS",2000,2
"102","GAS",2570,2
"102","GAS",2170,2
"102","GAS",2000,2
"102","GAS",1970,2
"102","GAS",1970,2
"102","GAS",2000,2
"102","GAS",2170,2
"102","GAS",2574,2
"102","GAS",2000,2
"102","GAS",1970,2
"102","GAS",2170,2
"102","GAS",2000,2
"102","GAS",1982,2
"102","GAS",2170,2
"102","GAS",2000,2
"102","GAS",2582,2
"102","GAS",1970,2
"102","GAS",2000,2
"102","GAS",2830,2
"102","GAS",2170,2
"102","GAS",2000,2
"102","GAS",1970,2
"102","GAS",2394,2
"102","GAS",2000,2
"102","GAS",2230,2
"102","GAS",2370,2
"102","GAS",2500,2
"102","GAS",2770,2
"102","GAS",1958,2
"102","GAS",2000,2
"102","GAS",2780,2
"102","GAS",1949,2
"102","GAS",2000,2
"102","GAS",2230,2
"101","GAS",1040,1
"101","GAS",1038,1
"101","GAS",1040,1
"101","GAS",1980,1
"101","GAS",2108,1
"101","GAS",1540,1.7
"101","GAS",1370,1
"101","GAS",1792,1
"101","GAS",1972,1
"101","GAS",1984,1
"101","GAS",1792,1
"101","GAS",1692,1
"101","GAS",2660,2
"101","GAS",1428,1.7
"101","OIL",2000,1
"101","OIL",1589,1.7
"101","OIL",2939,1.7
"101","GAS",3218,1
"101","GAS",2662,2
"101","GAS",3334,2
"101","GAS",1684,1
"101","GAS",1630,1
"101","GAS",1820,1.7
"101","GAS",1729,1.7
"101","GAS",1644,1
"101","GAS",2060,1
"101","GAS",1598,1
"101","GAS",1556,1
"101","OIL",1796,1
"101","GAS",1556,1
"101","GAS",2428,1
"101","GAS",2192,1
"101","OIL",1568,2
"101","OIL",1988,1
"101","OIL",2088,1
"101","GAS",1684,1
"101","GAS",2376,1
"101","GAS",1918,1
"101","GAS",1600,2
"101","OIL",1904,2
"101","GAS",1547,1.7
"101","GAS",1632,1
"101","GAS",2092,1
"101","GAS",3472,1
"101","GAS",2144,1
"101","GAS",2420,1
"101","GAS",2836,1
"101","GAS",1929,1
"101","GAS",1554,1
"101","GAS",2526,2
"101","GAS",2644,2
"101","ELECTRIC",1056,1
"101","OIL",2312,1
"101","GAS",2036,2
"101","OIL",1904,2
"101","OIL",2216,2
"101","OIL",1755,1
"101","GAS",1386,1
"101","OIL",1702,1
"101","OIL",1242,1
"101","OIL",964,1
"101","OIL",1936,1.7
"101","OIL",1940,1
"101","OIL",1616,1
"101","OIL",810,1
"101","GAS",1214,1
"101","OIL",1040,1
"101","GAS",1696,1
"101","OIL",2056,1
"101","GAS",1036,1
"101","OIL",2032,2
"101","GAS",2108,2
"101","GAS",1226,1
"101","GAS",1040,1
"101","GAS",1040,1
"101","GAS",1264,1
"101","GAS",1564,1
"101","GAS",1264,1
"101","GAS",1795,1.7
"101","GAS",2056,1.7
"101","GAS",1806,1.7
"101","GAS",1296,1
"101","GAS",1496,1
"101","GAS",1040,1
"101","GAS",2056,1.7
"101","GAS",1460,1
"101","GAS",4788,2
"101","GAS",1844,1
"101","OIL",1356,1
"101","OIL",988,1
"101","OIL",2080,2
"101","GAS",1992,2
"101","OIL",1309,1.7
"101","GAS",2220,1
"101","GAS",1560,1
"101","OIL",1428,1.7
"101","OIL",1135,1
"101","OIL",978,1
"101","OIL",1675,1
"101","OIL",1168,1
"101","OIL",2082,2
"101","OIL",1568,2
"101","OIL",896,1
"101","OIL",1594,1
"101","ELECTRIC",960,1
"101","OIL",1384,1
"101","OIL",1844,2
"101","OIL",1274,2
"101","OIL",1452,1.7
"101","OIL",2352,2
"101","OIL",3103,2
"101","GAS",2436,1
"101","ELECTRIC",1890,1
"101","ELECTRIC",2300,1
"101","GAS",2664,2
"101","GAS",1636,1
"101","GAS",2320,2
"101","GAS",3356,1
"101","GAS",1876,1
"101","GAS",2112,1
"101","GAS",3072,1
"101","GAS",1644,1
"101","GAS",1712,1
"101","GAS",2260,2
"101","OIL",2256,1
"101","OIL",2684,2
"101","OIL",1508,1
"101","GAS",1704,2
"101","GAS",2128,2
"101","GAS",2344,1
"101","OIL",2384,1
"101","OIL",2970,2
"101","OIL",2434,2
"101","OIL",1656,1
"101","OIL",1568,1
"101","GAS",1664,1
"101","GAS",3535,1
"101","OIL",2262,2
"101","GAS",1848,1
"101","OIL",2060,1
"101","OIL",1920,1
"101","GAS",3184,1
"101","ELECTRIC",1680,1.7
"101","OIL",2334,1
"101","OIL",2450,1
"101","OIL",3268,2
"101","OIL",2954,1
"101","OIL",2696,1.7
"101","OIL",2168,1
"101","OIL",2594,2
"101","GAS",2540,1
"101","OIL",1904,2
"101","OIL",1584,1
"101","OIL",2084,1.7
"101","GAS",2444,2
"101","OIL",2076,1
"101","OIL",1848,1.7
"101","OIL",2596,1
"101","OIL",1838,1
"101","OIL",2713,2
"101","OIL",1904,1
"101","OIL",2352,2
"101","OIL",2484,2
"101","OIL",1512,1
"101","OIL",1959,2
"101","GAS",3002,2
"101","OIL",2668,2
"101","GAS",2692,1
"101","GAS",2680,1
"101","GAS",2680,1
"101","GAS",2260,2
"101","GAS",2468,1
"101","GAS",2194,2
"101","GAS",2344,1
"101","GAS",2344,1
"101","GAS",2036,1
"101","GAS",2360,2
"101","GAS",1730,1
"101","GAS",2016,1
"101","GAS",2296,2
"101","GAS",2150,2
"101","GAS",2816,2
"101","GAS",1744,1
"101","GAS",2652,1
"101","GAS",2578,1
"101","GAS",1817,1
"101","GAS",2068,2
"101","GAS",2016,1
"101","GAS",1764,1
"101","GAS",2252,2
"101","GAS",1832,2
"101","GAS",1749,1
"101","GAS",2488,2
"101","GAS",1855,2
"101","GAS",2159,1
"101","GAS",1764,1
"101","OIL",2600,2
"101","GAS",2420,2
"101","GAS",1718,1
"101","GAS",1782,1
"101","GAS",2014,2
"101","GAS",3429,1.7
"101","GAS",2240,2
"101","GAS",1944,1
"101","GAS",2128,2
"101","GAS",2128,2
"101","GAS",2076,2
"101","GAS",2034,2
"101","GAS",1896,1
"101","GAS",2492,1
"101","GAS",1765,1
"101","OIL",2868,2
"101","OIL",3826,2
"101","OIL",2600,2
"101","OIL",2080,2
"101","OIL",2080,2
"101","OIL",2535,2
"101","OIL",2080,2
"101","OIL",2256,2
"101","OIL",3226,1.7
"101","OIL",2730,1
"101","OIL",2592,1
"101","PROPANE-TANK",2568,2
"101","ELECTRIC",1689,1
"101","OIL",2144,2
"101","OIL",884,1
"101","OIL",1120,1
"101","GAS",1638,1.7
"101","GAS",2320,2
"101","GAS",1694,1
"101","OIL",2868,2
"101","GAS",2032,1
"101","GAS",1450,1
"101","GAS",2080,2
"101","GAS",1666,2
"101","GAS",1638,1.7
"101","GAS",1252,1
"101","GAS",1786,2
"101","GAS",1452,1
"101","GAS",1344,1.7
"101","GAS",1392,1.7
"101","GAS",1344,1.7
"101","GAS",1252,1
"101","GAS",1248,1
"101","GAS",3640,2
"101","OIL",1799,1
"101","GAS",2314,2
"101","GAS",1344,1.7
"101","GAS",1536,2
"101","GAS",1344,1.7
"101","GAS",1876,1.7
"101","GAS",1816,1
"101","GAS",1737,1.7
"101","GAS",1248,1
"101","GAS",1248,1
"101","GAS",1624,1.7
"101","GAS",768,1
"101","GAS",1824,1.7
"101","GAS",1442,1
"101","GAS",1567,1
"101","GAS",1152,1
"104","OIL",2402,2
"101","OIL",1859,1
"101","OIL",1403,1
"101","GAS",1440,1.7
"101","OIL",1344,1.7
"101","OIL",1644,1.7
"101","GAS",1176,1
"101","OIL",1260,1.7
"101","OIL",2220,1.7
"101","OIL",1966,2
"101","GAS",1080,1
"101","GAS",1176,1
"101","GAS",900,1
"101","GAS",1676,1.7
"101","GAS",1232,1
"101","GAS",1593,1
"101","GAS",1152,1
"101","GAS",1152,1
"101","GAS",1272,1
"101","GAS",1536,2
"101","OIL",1040,1
"104","OIL",2676,2
"101","OIL",1660,1
"101","GAS",1920,1
"101","GAS",1842,1
"101","OIL",1608,1
"101","OIL",1671,1
"101","OIL",864,1
"101","GAS",1170,1
"101","GAS",1728,2
"101","OIL",1356,1.7
"101","OIL",1362,2
"101","OIL",1344,1.7
"101","OIL",1248,1
"101","OIL",1680,2
"101","OIL",1624,1.7
"101","OIL",1914,2
"101","OIL",1365,1.7
"101","OIL",1425,1.7
"101","GAS",1666,2
"101","GAS",1851,1
"101","OIL",1500,2
"101","GAS",1488,1.7
"101","OIL",1536,1
"101","OIL",1445,1.7
"101","ELECTRIC",1400,2
"101","OIL",840,1
"101","OIL",1456,1.7
"101","OIL",1372,2
"101","OIL",1170,1
"101","GAS",1470,2
"101","OIL",1042,1
"101","GAS",1864,1
"101","OIL",1148,1
"101","OIL",1536,1
"101","OIL",1378,1
"101","GAS",1456,2
"101","GAS",2000,2
"101","GAS",1344,1.7
"101","OIL",1504,1.7
"101","GAS",1456,1.7
"101","GAS",1456,1.7
"101","OIL",1086,1
"101","OIL",1946,1.7
"101","OIL",2278,2
"101","OIL",768,1
"101","OIL",1352,1
"101","OIL",2439,1
"101","GAS",1904,1.7
"101","GAS",2318,1
"101","OIL",2240,2
"101","GAS",3104,1
"101","OIL",3374,2
"101","GAS",1532,1
"101","GAS",1524,1.7
"101","OIL",1371,1
"101","GAS",1476,1
"101","OIL",1248,1
"101","OIL",1648,2
"101","GAS",1622,1
"101","OIL",1478,1.7
"101","GAS",2119,2
"101","OIL",1644,1
"101","GAS",1187,1
"101","GAS",1056,1
"101","OIL",1104,1
"101","OIL",1176,1.7
"101","OIL",960,1
"101","OIL",1180,1
"101","OIL",1136,1
"101","GAS",1568,2
"101","GAS",2296,2
"101","GAS",1776,1.7
"101","OIL",1758,1.7
"101","OIL",816,1
"101","OIL",1344,1.7
"101","GAS",1568,2
"101","OIL",816,1
"101","GAS",1344,1.7
"101","OIL",1344,1.7
"101","GAS",1368,1.7
"101","GAS",1037,1
"101","GAS",1344,1.7
"101","OIL",2044,2
"101","OIL",816,1
"101","OIL",1344,1.7
"101","GAS",2050,2
"101","GAS",1548,1.7
"101","GAS",1058,1
"101","OIL",1344,1.7
"101","GAS",1326,1
"101","GAS",1748,1.7
"101","OIL",1136,1
"101","GAS",1672,2
"101","GAS",1732,1.7
"101","OIL",936,1
"101","OIL",2244,2
"101","OIL",1524,1.7
"101","GAS",2714,2
"101","OIL",936,1
"101","OIL",906,1
"101","GAS",1620,1.7
"101","OIL",1930,2
"101","OIL",1438,1
"101","OIL",1344,1.7
"101","OIL",2050,2
"101","OIL",2064,2
"101","ELECTRIC",3532,1
"101","GAS",1394,1
"101","GAS",1036,1
"101","OIL",2121,1
"101","ELECTRIC",2450,1
"101","ELECTRIC",2618,1
"101","OIL",1522,1
"101","GAS",2320,2
"101","GAS",2672,1
"101","GAS",2426,2
"962","GAS",1845,2
"101","GAS",1932,1
"101","GAS",1700,2
"101","GAS",2796,2
"101","GAS",2046,1.7
"101","GAS",1632,2
"101","GAS",2182,1
"101","GAS",1832,1
"101","GAS",3102,1
"101","GAS",2896,2
"101","GAS",2144,1
"101","GAS",2144,1
"101","GAS",1500,1
"101","GAS",1100,1
"101","GAS",2060,1
"101","GAS",1944,1
"101","GAS",2216,2
"101","GAS",4360,1.7
"101","GAS",1832,1
"101","GAS",2144,1
"101","GAS",2144,1
"101","GAS",2024,1
"101","GAS",2144,1
"101","GAS",1728,2
"101","GAS",2368,1
"101","GAS",1832,1
"101","GAS",2216,2
"101","GAS",3272,2
"101","GAS",1368,1
"101","GAS",2292,1
"101","GAS",1832,1
"101","OIL",2360,1.7
"101","ELECTRIC",2280,1.7
"101","OIL",1924,2
"101","GAS",3060,2
"101","GAS",1720,1
"101","OIL",2122,2
"101","OIL",2460,1
"101","ELECTRIC",1804,2
"101","GAS",2152,1
"101","GAS",1876,1
"101","GAS",2072,1
"101","GAS",2016,1
"101","GAS",2654,2
"101","GAS",2240,2
"101","GAS",2608,2
"101","GAS",2086,2
"101","GAS",1885,1
"101","GAS",2552,1.7
"101","GAS",2712,1.7
"101","GAS",1712,1
"101","GAS",2680,2
"101","OIL",3338,2
"101","GAS",3753,2
"101","OIL",2305,1
"101","OIL",2674,1
"101","OIL",2336,1
"101","OIL",2202,2
"101","OIL",2074,1
"101","OIL",1744,1
"101","OIL",2250,1
"101","OIL",1940,1
"101","GAS",2272,2
"101","OIL",1944,1
"101","GAS",3768,2
"101","GAS",1734,1
"101","GAS",2534,2
"101","GAS",2562,2
"101","GAS",1769,1
"101","GAS",2320,2
"101","GAS",2480,2
"101","GAS",1205,1
"101","GAS",3101,2
"101","GAS",4249,2
"101","GAS",1832,2
"101","GAS",2965,2
"101","GAS",2792,2
"101","OIL",1856,1
"101","OIL",1888,1
"101","OIL",1950,1
"101","OIL",2056,2
"101","OIL",2524,2
"101","OIL",2120,1
"101","OIL",2472,2
"101","OIL",1889,1
"101","OIL",2600,2
"101","OIL",2450,2
"101","OIL",2850,2
"101","OIL",2080,2
"101","OIL",2080,2
"101","OIL",1973,2
"101","OIL",3232,2
"101","OIL",2600,2
"101","GAS",3003,2
"101","GAS",1662,1
"101","OIL",1980,2
"101","GAS",1243,1.7
"101","OIL",1764,1
"101","OIL",1040,1
"101","OIL",1599,1
"101","OIL",1260,1
"101","OIL",2300,1
"101","OIL",1330,1.7
"101","OIL",1716,1
"101","OIL",1944,2
"101","GAS",2043,2
"104","OIL",2604,2
"101","GAS",1608,1
"101","GAS",1680,2
"101","OIL",960,1
"101","OIL",968,1
"101","OIL",1584,2
"104","OIL",2956,2
"101","OIL",2005,1
"101","GAS",1880,2
"101","GAS",1236,1
"101","GAS",1440,2
"101","OIL",1620,2
"101","OIL",1728,2
"101","GAS",1326,1
"101","OIL",1392,2
"101","GAS",1576,2
"104","GAS",2016,1.7
"101","OIL",1365,1.7
"101","GAS",1472,2
"101","OIL",2138,2.7
"101","GAS",1761,2
"104","GAS",2940,2.7
"101","GAS",1144,1
"101","GAS",2232,2
"101","OIL",1746,1
"101","OIL",1749,2
"101","OIL",986,1
"101","GAS",942,1
"101","OIL",1164,1
"101","GAS",1212,1
"101","GAS",1622,1.7
"101","GAS",1104,1
"101","OIL",1114,1
"101","OIL",1344,1.7
"101","OIL",1320,1
"101","OIL",1638,1.7
"101","OIL",1626,2
"101","GAS",1638,1.7
"101","GAS",1549,1.7
"101","GAS",1548,1.7
"101","GAS",1108,1
"101","OIL",1456,1
"101","GAS",1224,1
"101","OIL",816,1
"101","OIL",1560,1
"101","OIL",1344,1.7
"101","OIL",1152,1
"013","OIL",2030,2
"104","OIL",1926,2
"101","OIL",1017,1.7
"101","OIL",1296,2
"101","GAS",1910,2
"101","OIL",1339,2
"101","OIL",1360,2
"101","OIL",1034,1
"101","OIL",1158,1
"101","OIL",3150,2
"101","OIL",2884,2
"101","OIL",1660,2
"101","OIL",1548,1
"101","GAS",1248,1
"101","OIL",1545,2
"101","OIL",1228,2
"101","GAS",1920,2
"101","OIL",1304,2
"101","GAS",1376,2
"104","GAS",2892,2
"101","GAS",1851,2
"101","OIL",2080,2
"109","OIL",2044,2
"109","GAS",464,1
"104","OIL",2104,2
"105","GAS",3481,2.7
"104","OIL",1872,2
"109","OIL",1337,2
"109","GAS",1680,2
"101","OIL",1774,2
"101","OIL",1566,2
"101","OIL",2450,1
"101","OIL",2724,2
"101","GAS",2128,2
"101","OIL",1664,2
"101","GAS",1384,1
"104","ELECTRIC",2000,1
"101","GAS",1798,1.7
"101","GAS",1692,1.7
"104","OIL",1798,2
"101","GAS",1888,2
"104","GAS",2962,2
"104","OIL",3000,2
"101","OIL",1672,2
"101","GAS",3640,1.7
"101","OIL",1756,1
"101","OIL",960,1.7
"105","OIL",2426,2
"101","OIL",768,1
"101","OIL",1389,2
"101","OIL",1344,2
"104","GAS",2156,2
"101","OIL",1170,1
"101","OIL",1183,1
"104","OIL",2298,2
"104","GAS",2298,2
"101","OIL",1120,1.7
"104","GAS",2268,1.7
"101","GAS",945,1
"101","OIL",2580,2
"104","OIL",1628,1.7
"104","OIL",2266,2
"104","OIL",2912,2
"101","OIL",1170,2
"101","GAS",1022,1
"101","OIL",1842,1.7
"101","GAS",2688,2
"101","OIL",1152,1
"101","GAS",1586,1.7
"101","OIL",1456,1.7
"101","OIL",1282,1
"101","OIL",1068,1
"104","OIL",2517,2.7
"104","OIL",2250,2
"101","OIL",912,1
"101","OIL",792,1
"101","OIL",1920,2
"101","GAS",2620,2
"101","GAS",1696,2
"101","OIL",1696,2
"101","OIL",1360,2
"105","GAS",2424,2.7
"104","OIL",2208,2
"105","GAS",2316,2
"104","GAS",2208,2
"101","ELECTRIC",1748,1.7
"101","GAS",1240,1
"101","GAS",1108,1.7
"101","OIL",1677,2
"101","GAS",1372,1.7
"104","OIL",2418,2.7
"101","GAS",1957,1.7
"105","OIL",2616,2.7
"104","GAS",2499,2
"105","OIL",2394,2
"104","GAS",2578,2
"101","GAS",2146,2
"104","OIL",1686,2
"101","OIL",1484,1.7
"101","OIL",1299,1.7
"101","OIL",1320,2
"101","OIL",1568,1.7
"104","OIL",1323,1.7
"101","OIL",1456,2
"104","OIL",1569,1.7
"101","OIL",1460,1
"101","GAS",1688,1
"101","GAS",2420,2
"101","GAS",1252,1
"101","GAS",1328,1
"101","GAS",2462,2
"101","GAS",968,1
"101","GAS",960,1
"101","OIL",1666,2
"101","GAS",1092,1
"101","GAS",1100,1
"101","GAS",1748,1.7
"101","GAS",2350,1
"101","GAS",1252,1
"101","GAS",1196,1
"101","GAS",1144,1
"101","GAS",1352,1
"101","GAS",1256,1
"101","GAS",1196,1
"101","OIL",1732,1
"101","OIL",880,1
"101","OIL",940,1
"101","GAS",960,1
"101","GAS",1260,1
"101","OIL",1758,2
"101","OIL",1276,1
"101","OIL",2056,2
"101","OIL",976,1
"101","OIL",1666,1
"101","GAS",1384,1
"101","OIL",1672,1
"101","OIL",1728,2
"101","GAS",1696,1
"101","OIL",2072,2
"101","OIL",1152,1
"101","OIL",1320,1
"101","OIL",1774,2
"101","OIL",1900,2
"101","OIL",1152,1
"101","OIL",1880,1.7
"101","OIL",1296,1
"101","OIL",1792,2
"101","OIL",1476,1.7
"101","OIL",1152,1
"101","OIL",768,1
"101","OIL",1152,1
"101","OIL",768,1
"101","OIL",1365,1.7
"101","OIL",1248,1
"101","GAS",4161,2
"101","OIL",1776,1.7
"101","GAS",1371,1.7
"104","GAS",2393,2
"101","OIL",2400,2
"101","OIL",1547,1.7
"101","OIL",1248,1
"101","OIL",1304,1
"101","OIL",1500,2
"101","OIL",1080,1
"101","OIL",1512,1.7
"101","OIL",1296,1
"101","OIL",1152,1
"101","OIL",1666,2
"101","OIL",1536,2
"101","OIL",2464,2
"101","OIL",1600,2
"101","PROPANE-TANK",1536,2
"101","OIL",1536,2
"101","OIL",1992,1.7
"101","OIL",1404,1
"101","OIL",1512,1.7
"101","OIL",1344,1.7
"101","OIL",1350,1
"101","OIL",1610,1.7
"101","OIL",1344,1.7
"101","OIL",1152,1
"101","OIL",1512,1.7
"101","ELECTRIC",1760,1.7
"101","OIL",1152,1
"101","OIL",900,1
"101","OIL",1080,1
"101","OIL",2808,2
"101","OIL",864,1
"101","OIL",1296,1
"101","OIL",1512,1.7
"101","OIL",1296,1
"101","OIL",1728,1.7
"101","OIL",1296,1
"101","OIL",1296,1
"101","OIL",1296,1
"101","OIL",1512,1.7
"101","OIL",1512,1.7
"101","OIL",1764,2
"101","OIL",1296,1
"101","OIL",1296,1
"101","OIL",1850,1
"101","OIL",1550,1
"101","OIL",1678,1
"101","OIL",1296,1
"101","OIL",1512,1.7
"101","OIL",1728,2
"101","OIL",1700,1
"101","OIL",1512,1.7
"101","OIL",1296,1
"101","OIL",1512,1.7
"101","OIL",1404,1
"101","OIL",4784,1
"101","OIL",1296,1
"101","OIL",2240,2
"101","OIL",1656,1.7
"101","ELECTRIC",1888,1
"101","OIL",1728,1.7
"101","OIL",2052,1.7
"101","OIL",1728,1
"101","GAS",1655,2
"101","GAS",1186,1
"101","GAS",2573,2
"104","GAS",1848,2
"101","OIL",1554,1
"104","GAS",2080,2
"104","OIL",1744,2
"101","GAS",1732,2
"101","OIL",1434,1.7
"101","OIL",1376,1
"104","GAS",1795,1
"101","OIL",1070,1
"101","GAS",1520,2
"101","OIL",1392,1.7
"961","OIL",1547,1.7
"101","GAS",1729,1.7
"101","OIL",1428,1.7
"101","OIL",1134,1.7
"101","OIL",1628,2
"101","OIL",1496,2
"101","GAS",2139,2
"101","GAS",3358,2
"101","OIL",1456,2
"101","GAS",1824,2
"101","GAS",832,1
"101","OIL",1626,2
"101","GAS",1005,1
"101","GAS",1910,2
"101","OIL",1428,1.7
"101","GAS",1333,1
"101","OIL",1113,1.7
"101","OIL",1344,2
"101","GAS",1766,2
"101","GAS",1764,1
"101","OIL",2128,2
"101","OIL",1800,1
"101","OIL",1508,2
"101","OIL",1516,2
"101","OIL",1352,2
"101","GAS",1372,2
"101","GAS",1500,2
"101","OIL",1152,1
"101","GAS",2522,2
"101","OIL",2064,2
"101","OIL",1090,1.7
"101","GAS",1664,2
"104","OIL",1700,1
"101","GAS",1268,1
"101","OIL",970,1
"101","GAS",2136,2
"101","OIL",852,1.7
"101","GAS",1047,1.7
"101","OIL",1323,1.7
"101","GAS",1504,1
"101","GAS",2199,1.7
"101","GAS",1214,1.7
"101","OIL",1512,2
"101","GAS",2430,2
"101","OIL",1600,2
"101","GAS",1536,2
"101","OIL",2250,2
"101","OIL",894,1
"101","GAS",1704,2
"101","GAS",2032,2
"101","OIL",1396,2
"104","OIL",2688,2
"101","OIL",1500,2
"101","OIL",2100,2
"101","OIL",1556,2
"101","GAS",1500,2
"101","GAS",1824,2
"101","OIL",1791,2
"101","OIL",1372,2
"104","GAS",2224,2
"101","GAS",2048,2
"101","OIL",1365,1
"101","OIL",1456,1.7
"101","GAS",1492,2
"101","OIL",1978,2
"101","GAS",1372,2
"101","GAS",1372,2
"101","OIL",1924,2
"101","OIL",1694,1.7
"101","OIL",1764,1.7
"101","OIL",2400,2
"101","GAS",2080,2
"101","OIL",1889,2
"101","OIL",1812,1
"101","GAS",2784,2
"101","GAS",2688,2
"101","GAS",3004,2
"101","GAS",2865,2
"101","GAS",2262,2
"101","GAS",2548,2
"101","GAS",1664,2
"101","GAS",2413,1.7
"101","GAS",2192,2
"101","GAS",3658,2
"102","ELECTRIC",928,1
"102","OIL",877,1
"102","ELECTRIC",820,1
"102","GAS",1590,2
"102","GAS",1590,2
"102","GAS",1394,2
"102","GAS",1394,2
"102","GAS",1590,2
"102","GAS",1590,2
"102","GAS",1590,2
"102","GAS",1590,2
"102","OIL",1236,2
"102","OIL",1278,2
"101","OIL",3660,2
"101","OIL",2324,1
"101","OIL",1990,1
"101","OIL",2044,1
"101","OIL",1690,1
"101","GAS",2750,2
"101","GAS",3200,2
"101","OIL",1916,1
"101","OIL",3048,2
"101","OIL",2700,2
"101","GAS",2738,2
"101","GAS",2310,1
"101","GAS",2329,1
"101","GAS",3064,2
"101","GAS",1536,2
"101","GAS",1344,1.7
"101","GAS",1344,1
"101","GAS",960,1
"101","GAS",912,1
"101","GAS",1428,1.7
"101","GAS",1428,1.7
"101","GAS",1708,2
"101","GAS",1944,1
"101","OIL",1274,1
"101","OIL",1908,1
"101","OIL",1608,1
"101","OIL",2227,2
"101","OIL",942,1
"101","OIL",1496,1
"101","GAS",3141,2
"101","GAS",1456,1.7
"101","GAS",900,2
"101","GAS",1440,1
"101","OIL",1366,1.7
"101","OIL",1240,1
"101","OIL",1048,1.7
"101","OIL",1232,1
"101","OIL",1992,2
"101","GAS",784,2
"101","OIL",1256,2
"101","OIL",2248,1
"101","OIL",660,1
"101","GAS",1824,2
"101","GAS",1752,2
"101","GAS",1485,1.7
"101","GAS",2664,1.7
"101","GAS",1328,1
"101","GAS",2112,2
"101","GAS",1288,2
"101","GAS",990,1.7
"101","GAS",1287,1.7
"101","GAS",1702,2
"959","OIL",2326,2
"101","OIL",1794,1
"101","GAS",3004,2
"101","OIL",1040,1
"101","OIL",1904,2
"101","OIL",1616,2
"101","ELECTRIC",1674,2
"101","ELECTRIC",1284,1
"101","GAS",1365,1.7
"101","OIL",2262,2
"101","GAS",1807,1
"101","OIL",1568,2
"101","OIL",1976,2
"101","OIL",2049,1
"101","OIL",1894,1.7
"101","OIL",1836,2
"101","OIL",1720,1.7
"101","OIL",1200,1
"101","GAS",1428,1.7
"101","GAS",1355,1
"101","GAS",1689,1
"101","GAS",1264,1
"101","GAS",1526,1
"101","GAS",1994,1.7
"101","GAS",1798,1
"101","GAS",2260,2
"101","GAS",3024,2
"101","PROPANE-TANK",1560,2
"101","GAS",709,1
"101","GAS",960,1
"101","OIL",896,1
"101","GAS",2348,2
"101","GAS",1941,1.7
"101","GAS",1858,1
"101","GAS",1924,2
"101","OIL",1496,2
"101","OIL",828,1
"101","GAS",1436,1
"101","OIL",1344,1.7
"101","OIL",1648,2
"101","ELECTRIC",2200,2
"101","ELECTRIC",2404,1
"101","ELECTRIC",1904,1
"101","GAS",1762,1.7
"101","GAS",1454,1
"101","GAS",1862,1.7
"101","GAS",1760,1
"101","GAS",1712,1.7
"101","PROPANE-TANK",2496,1
"101","PROPANE-TANK",1728,2
"101","PROPANE-TANK",1728,2
"101","PROPANE-TANK",1728,2
"101","PROPANE-TANK",2043,2
"101","PROPANE-TANK",1728,2
"101","PROPANE-TANK",1776,1
"101","PROPANE-TANK",1846,1
"101","PROPANE-TANK",2212,2
"101","PROPANE-TANK",2256,2
"101","PROPANE-TANK",3200,2
"101","PROPANE-TANK",2904,2
"101","PROPANE-TANK",2656,2
"101","PROPANE-TANK",2904,2
"101","PROPANE-TANK",3655,2
"101","PROPANE-TANK",2212,2
"101","PROPANE-TANK",3800,2
"101","PROPANE-TANK",2860,2
"101","PROPANE-TANK",2296,1
"101","PROPANE-TANK",2296,1
"101","PROPANE-TANK",3792,2
"101","PROPANE-TANK",2296,1
"101","PROPANE-TANK",2296,1
"101","PROPANE-TANK",2128,2
"101","PROPANE-TANK",2196,2
"101","PROPANE-TANK",2394,2
"101","PROPANE-TANK",2972,2
"101","PROPANE-TANK",2464,2
"101","PROPANE-TANK",2256,2
"101","PROPANE-TANK",1560,1
"101","PROPANE-TANK",4160,2
"101","PROPANE-TANK",2256,1
"101","PROPANE-TANK",2756,2
"101","PROPANE-TANK",2544,2
"101","PROPANE-TANK",2464,2
"101","PROPANE-TANK",3144,2
"101","PROPANE-TANK",2818,2
"101","PROPANE-TANK",2616,2
"101","PROPANE-TANK",2555,1
"101","PROPANE-TANK",2616,2
"101","PROPANE-TANK",2544,2
"101","PROPANE-TANK",2375,1
"101","PROPANE-TANK",2500,2
"101","PROPANE-TANK",2544,2
"101","PROPANE-TANK",2592,2
"101","PROPANE-TANK",2128,2
"101","PROPANE-TANK",2212,2
"101","PROPANE-TANK",2330,1
"101","PROPANE-TANK",2500,2
"101","PROPANE-TANK",2330,1
"101","PROPANE-TANK",2544,2
"101","PROPANE-TANK",2544,2
"101","PROPANE-TANK",3194,2
"101","PROPANE-TANK",2128,1
"101","PROPANE-TANK",3166,2
"101","PROPANE-TANK",2330,1
"101","PROPANE-TANK",3294,2
"101","PROPANE-TANK",2464,2
"101","GAS",1200,1.7
"101","GAS",1334,1
"101","OIL",1152,1
"101","OIL",1152,1
"101","OIL",1612,2
"101","OIL",2528,2
"101","OIL",1534,1
"101","OIL",1508,2
"101","OIL",1184,1
"101","GAS",1027,1.7
"101","GAS",1224,2
"104","GAS",3828,2
"101","OIL",1656,2
"101","GAS",2788,1.7
"101","GAS",3032,2.7
"101","GAS",1740,1
"101","GAS",1144,1
"101","GAS",1426,2
"101","OIL",2592,2
"101","GAS",1128,1
"101","GAS",1596,1
"101","ELECTRIC",2490,1.7
"101","ELECTRIC",1092,1
"101","OIL",1428,1.7
"101","OIL",1802,2
"101","OIL",1404,1
"101","OIL",1170,1
"101","OIL",1365,1.7
"101","OIL",1365,1.7
"101","OIL",1812,1.7
"101","GAS",1428,1.7
"101","GAS",1116,1
"101","GAS",1008,1
"101","GAS",1326,1
"101","OIL",1054,1
"101","OIL",1326,1
"101","GAS",1456,1.7
"101","GAS",1624,1
"101","GAS",1408,1
"101","GAS",1664,1.7
"101","OIL",1659,1.7
"101","OIL",1547,1.7
"101","GAS",960,1
"101","OIL",1152,1
"101","OIL",1152,1
"101","OIL",1344,1.7
"101","GAS",1380,1.7
"101","GAS",1274,1
"101","GAS",1362,2
"101","GAS",1813,2
"101","GAS",1152,1
"101","GAS",1591,2
"101","GAS",2271,2
"101","GAS",1344,1.7
"101","GAS",1344,1.7
"101","GAS",1944,1.7
"101","GAS",1152,1
"101","GAS",2102,1
"101","GAS",1312,1
"101","GAS",1896,1
"101","GAS",1104,1
"101","GAS",1700,2
"101","OIL",2000,2
"101","OIL",1164,1
"101","GAS",858,1
"101","OIL",1344,1.7
"101","OIL",2971,1
"101","GAS",2352,1.7
"101","OIL",1802,2
"101","GAS",1729,1.7
"101","OIL",1626,1.7
"101","GAS",2514,2
"101","GAS",1272,1
"101","OIL",1484,1.7
"101","GAS",1536,2
"101","GAS",1344,1.7
"101","OIL",800,1
"101","OIL",1400,1.7
"101","OIL",1181,2
"101","OIL",1818,2
"101","OIL",1438,1
"101","OIL",1218,1.7
"101","OIL",2096,1
"101","OIL",1428,1.7
"105","GAS",3198,2
"101","GAS",1437,1.7
"104","OIL",2873,2
"104","GAS",3498,2
"101","OIL",1818,1.7
"101","OIL",1155,1.7
"101","OIL",1152,1
"101","GAS",1248,2
"101","OIL",2000,2
"101","OIL",2145,2
"101","GAS",2841,2
"101","GAS",1293,1.7
"101","GAS",2576,2
"101","OIL",1196,1
"101","OIL",1604,1.7
"101","GAS",960,1
"101","OIL",1320,1
"101","GAS",1534,1.7
"101","OIL",1824,1
"101","GAS",1986,1
"101","OIL",1248,1
"101","OIL",1152,1
"101","GAS",1152,1
"101","GAS",1152,1
"101","GAS",1716,2
"101","GAS",2124,1.7
"101","GAS",1344,1.7
"101","OIL",1344,1.7
"101","OIL",1344,1.7
"101","GAS",1344,1.7
"101","GAS",1952,2
"101","GAS",1380,1
"101","GAS",1408,1.7
"101","OIL",1897,2
"101","OIL",1152,1
"101","GAS",1504,1
"101","GAS",1152,1
"101","GAS",1152,1
"101","GAS",1760,1.7
"101","GAS",1357,1
"101","OIL",1321,1
"101","OIL",1575,1.7
"101","GAS",1714,2
"101","GAS",876,1
"101","OIL",1684,2
"101","OIL",1008,1
"101","GAS",1882,1.7
"101","GAS",1281,1
"101","OIL",1504,2
"101","GAS",1116,1
"101","GAS",1504,2
"101","OIL",874,1
"101","OIL",1239,1
"101","GAS",1288,1.7
"101","OIL",1380,2
"101","GAS",1592,2
"101","OIL",1152,1
"101","OIL",1152,1
"101","OIL",2480,1
"101","OIL",1466,2
"101","OIL",1064,1
"101","OIL",1020,1
"101","GAS",1094,1
"101","GAS",1080,1
"101","OIL",1788,2
"101","GAS",1445,1.7
"101","GAS",2788,1.7
"101","GAS",1470,2
"101","OIL",1496,2
"101","OIL",2089,1.7
"101","OIL",1141,1.7
"101","GAS",1974,1
"101","GAS",1596,1
"101","GAS",1420,1.7
"959","GAS",2156,1
"101","OIL",1832,2
"101","GAS",1122,1.7
"101","GAS",1637,1
"101","OIL",2112,2
"111","OIL",2840,2
"101","OIL",1034,1
"101","OIL",1248,1
"101","OIL",1918,1.7
"101","GAS",1581,1
"101","GAS",2472,2
"101","GAS",2424,2
"101","OIL",2460,1.7
"101","GAS",2066,1
"101","GAS",1848,1
"101","OIL",1872,2
"101","OIL",1650,1.7
"101","OIL",2195,1.7
"101","OIL",1836,2
"101","OIL",939,1
"101","OIL",1764,1.7
"101","OIL",1716,1.7
"101","GAS",1584,1
"101","OIL",1152,1
"101","OIL",1148,1
"101","GAS",1344,1.7
"101","GAS",1378,2
"101","GAS",1378,2
"101","GAS",1352,2
"101","GAS",1352,2
"101","GAS",1352,2
"101","OIL",1616,1.7
"101","OIL",1820,1
"101","OIL",1802,1
"101","OIL",2288,2
"101","GAS",958,1
"101","GAS",2128,2
"101","OIL",1536,2
"101","GAS",1080,1
"101","GAS",1016,1
"101","GAS",1016,1
"101","GAS",1152,1
"101","GAS",1016,1
"101","GAS",1075,1
"101","GAS",992,1
"101","GAS",4712,2.7
"101","GAS",1466,1
"101","GAS",2602,2
"101","GAS",1024,1
"101","GAS",1764,1
"101","GAS",1206,1
"104","OIL",2380,2
"101","GAS",3200,2
"101","GAS",1080,1
"101","GAS",1612,2
"101","GAS",1208,1
"101","GAS",1237,1
"101","GAS",2064,2
"101","GAS",1676,1
"101","GAS",1716,1
"101","GAS",2620,1
"101","GAS",1286,1
"101","GAS",1016,1
"101","GAS",1016,1
"101","GAS",2628,2
"101","GAS",2020,2
"101","GAS",1016,1
"101","GAS",1344,1.7
"101","GAS",2590,2
"101","GAS",2302,1.7
"101","OIL",1908,2
"101","GAS",2395,1.7
"101","GAS",2647,1.7
"101","GAS",2302,1.7
"101","OIL",1823,1
"101","OIL",1135,1
"101","GAS",1135,1
"101","OIL",1712,2
"101","OIL",904,1
"101","GAS",964,1
"101","GAS",964,1
"101","GAS",964,1
"101","GAS",964,1
"101","GAS",989,1
"101","GAS",1220,1
"101","GAS",964,1
"101","GAS",2085,1.7
"101","OIL",1500,2
"101","GAS",1231,2
"101","OIL",1592,1
"101","GAS",1554,1
"101","GAS",1738,1
"101","GAS",1861,1
"101","ELECTRIC",2438,1
"101","OIL",2734,1
"101","OIL",2590,2
"101","OIL",1986,1
"101","OIL",1290,1
"101","OIL",1913,1
"101","OIL",2660,2
"101","OIL",2600,2
"101","OIL",1674,1.7
"101","OIL",3170,2
"101","OIL",2560,2
"101","OIL",2350,2
"101","OIL",1998,2
"101","OIL",2496,2
"101","OIL",1944,1
"101","PROPANE-TANK",2270,1
"101","OIL",2010,1
"101","OIL",2534,1
"101","OIL",1912,1
"101","OIL",2128,2
"101","OIL",1584,1.7
"101","OIL",2383,2
"101","OIL",5024,2
"101","OIL",3508,2
"101","OIL",2265,2
"101","OIL",2240,2
"101","OIL",2534,2
"101","GAS",3326,2
"101","OIL",2166,2
"101","OIL",2240,2
"101","OIL",2114,2
"101","OIL",3448,2
"101","OIL",2432,2
"101","OIL",2450,2
"104","OIL",1464,1
"104","GAS",2016,2
"104","OIL",2240,2
"101","GAS",1948,2
"101","GAS",1155,1.7
"101","GAS",1260,1
"101","OIL",1078,1.7
"101","OIL",728,1
"101","OIL",1372,1.7
"101","OIL",1379,1.7
"101","OIL",720,1
"101","OIL",1260,1.7
"101","OIL",1260,1.7
"101","OIL",1336,1
"101","OIL",1840,2
"101","GAS",720,1
"101","OIL",1660,1.7
"101","OIL",1658,2
"101","GAS",1280,1
"101","GAS",1364,2
"101","GAS",1862,1.7
"101","OIL",1260,1.7
"101","OIL",1260,1.7
"101","OIL",1260,1.7
"101","OIL",1260,1.7
"101","OIL",1260,1.7
"101","GAS",2520,2
"101","OIL",1288,1.7
"101","GAS",1260,1.7
"101","GAS",1388,2
"101","GAS",2070,2
"101","OIL",1350,2
"101","OIL",1080,1
"101","OIL",1692,2
"101","GAS",1336,1
"101","OIL",1080,1
"101","OIL",1816,2
"101","OIL",1248,1
"101","OIL",1248,1
"101","OIL",1440,1
"101","GAS",1440,1
"101","GAS",1470,2
"101","OIL",1520,1
"101","OIL",1352,2
"101","OIL",1742,1
"101","GAS",1196,1
"104","GAS",3944,2
"104","OIL",1632,2
"101","GAS",1078,1.7
"101","GAS",1292,1.7
"101","OIL",1362,1
"101","GAS",1212,2
"101","OIL",1312,1.7
"101","OIL",1188,1
"101","OIL",768,1
"101","OIL",1328,2
"101","GAS",1558,2
"101","OIL",1496,2
"101","OIL",2063,2
"101","OIL",1666,2
"101","OIL",1604,2
"101","OIL",1072,1
"101","GAS",988,1
"101","GAS",1872,2
"101","OIL",1084,1
"101","GAS",1482,1
"101","OIL",2408,2
"101","OIL",1232,2
"101","OIL",2120,1
"101","OIL",1392,1
"101","OIL",1200,1
"101","OIL",1338,1
"101","OIL",1344,1.7
"101","OIL",1200,1
"101","OIL",1152,1
"101","OIL",1152,1
"101","OIL",1155,1
"101","ELECTRIC",1696,1.7
"101","OIL",1536,1
"101","OIL",1664,2
"101","OIL",1232,1.7
"101","OIL",1152,1
"101","OIL",1308,2
"101","OIL",1242,1
"101","OIL",1516,1.7
"101","OIL",1600,2
"101","OIL",1816,2
"101","OIL",1512,1.7
"101","OIL",1671,2
"101","GAS",2302,2
"101","OIL",1488,1.7
"101","OIL",1590,2
"101","OIL",2076,2
"101","OIL",2058,2
"101","OIL",2000,1
"101","GAS",2896,1.7
"101","OIL",2088,1
"101","GAS",2032,1
"101","GAS",1666,2
"101","GAS",1624,1
"101","GAS",1950,1
"101","OIL",1674,2
"101","GAS",1464,2
"101","GAS",2518,2
"101","OIL",1600,2
"101","OIL",1209,1
"101","OIL",1941,1
"101","OIL",1505,2
"111","GAS",4680,2.7
"101","OIL",2040,1.7
"101","OIL",1738,1
"101","OIL",1360,2
"101","OIL",1481,2
"101","OIL",1825,2
"101","OIL",1212,2
"101","OIL",898,1
"101","GAS",1412,1
"101","OIL",1866,2
"101","OIL",1796,1
"101","GAS",1470,2
"101","GAS",1216,1
"101","GAS",1996,1.7
"101","OIL",2144,1
"101","GAS",2696,2
"101","OIL",1508,2
"101","OIL",1746,1.7
"101","GAS",1377,1
"101","OIL",1152,1
"101","GAS",2054,2
"104","OIL",2680,2
"101","GAS",1462,1.7
"101","OIL",1764,2
"101","OIL",1360,2
"101","OIL",1086,1
"101","GAS",2526,1
"101","OIL",1718,2
"101","OIL",1040,1
"101","OIL",1660,1.7
"101","OIL",2911,1.7
"101","OIL",1569,2
"101","GAS",2240,2
"101","GAS",1716,1
"101","GAS",1600,2
"101","OIL",1248,1
"101","OIL",1932,1
"101","GAS",960,1
"101","GAS",1360,2
"101","GAS",1128,1
"101","GAS",1314,2
"101","GAS",1362,2
"101","GAS",1344,1
"101","OIL",1991,1
"961","OIL",2748,2
"101","OIL",1041,1
"101","GAS",1540,2
"101","OIL",1344,1.7
"101","OIL",1200,2
"101","OIL",720,1
"101","OIL",2068,2.7
"101","OIL",1440,2
"101","GAS",1440,1.7
"101","GAS",1392,2
"101","GAS",1344,1.7
"101","GAS",1540,1.7
"101","GAS",1470,2
"101","GAS",1152,1
"101","GAS",1380,1
"101","OIL",1792,2
"101","GAS",1332,1
"101","GAS",1344,1.7
"101","GAS",1344,1
"101","OIL",1920,1.7
"101","GAS",2178,1.7
"101","GAS",1344,1.7
"101","GAS",1152,1
"101","GAS",1292,1
"101","GAS",1432,1
"101","OIL",2388,2
"101","GAS",1152,1
"101","GAS",1792,2
"101","GAS",1824,1.7
"101","GAS",1536,1.7
"101","GAS",1504,1.7
"101","OIL",1152,1
"101","GAS",1764,1.7
"101","GAS",1152,1
"101","GAS",1735,1.7
"101","GAS",1422,1
"101","GAS",1568,1
"101","GAS",1248,1
"101","GAS",1472,1
"101","GAS",1240,1
"101","GAS",1412,1
"101","GAS",1608,1.7
"101","OIL",1275,1
"101","OIL",1152,1
"101","OIL",1152,1
"101","GAS",1152,1
"101","OIL",944,1
"101","GAS",1028,1
"101","OIL",1344,1.7
"101","GAS",1440,1.7
"101","OIL",672,1
"101","GAS",1188,1
"101","OIL",2140,1.7
"101","GAS",2050,1.7
"101","OIL",1024,1
"101","GAS",1918,2
"101","OIL",967,1
"101","OIL",1160,2
"101","GAS",768,1
"101","OIL",3328,2
"101","OIL",2256,1
"101","GAS",1512,1.7
"101","OIL",1248,1
"101","OIL",3137,1
"101","OIL",916,1
"101","GAS",1479,1.7
"101","OIL",1733,1.7
"101","GAS",1816,1
"101","OIL",1248,1
"101","OIL",1664,2
"101","OIL",2535,2
"101","OIL",1344,1.7
"101","OIL",1248,1
"101","OIL",1344,1.7
"101","OIL",1408,1.7
"101","OIL",1152,1
"101","OIL",1404,1
"101","OIL",1344,1.7
"101","OIL",1152,1
"101","OIL",1152,1
"101","OIL",1152,1
"101","OIL",1880,1.7
"101","OIL",1368,1.7
"101","OIL",1344,1.7
"101","OIL",1733,1.7
"101","OIL",1512,1.7
"101","OIL",1479,1.7
"101","OIL",1728,2
"101","OIL",1152,1
"101","OIL",1256,1
"101","OIL",1056,1
"101","OIL",1232,1.7
"101","OIL",1432,1
"101","GAS",2788,2
"101","OIL",4968,2
"101","GAS",1880,1
"101","GAS",1900,2
"101","GAS",1912,2
"101","GAS",2508,2
"101","OIL",3398,2
"101","GAS",5065,2
"101","PROPANE-TANK",2520,2
"101","PROPANE-TANK",2212,2
"101","PROPANE-TANK",3076,2
"101","PROPANE-TANK",2212,2
"101","PROPANE-TANK",2246,1
"101","PROPANE-TANK",3438,2
"101","PROPANE-TANK",2408,2
"101","PROPANE-TANK",2588,2
"101","PROPANE-TANK",3500,2
"101","PROPANE-TANK",2592,2
"101","PROPANE-TANK",3264,2
"101","PROPANE-TANK",2576,2
"101","PROPANE-TANK",2308,2
"101","PROPANE-TANK",2464,2
"101","PROPANE-TANK",2256,2
"101","PROPANE-TANK",2976,2
"101","PROPANE-TANK",3200,2
"101","PROPANE-TANK",2330,1
"101","PROPANE-TANK",2464,2
"101","PROPANE-TANK",2212,2
"101","PROPANE-TANK",2330,1
"101","PROPANE-TANK",2246,1
"101","PROPANE-TANK",2140,2
"101","PROPANE-TANK",3396,2
"101","PROPANE-TANK",2544,2
"101","PROPANE-TANK",2464,2
"101","PROPANE-TANK",2544,2
"101","PROPANE-TANK",2330,1
"101","PROPANE-TANK",2330,1
"101","PROPANE-TANK",2464,2
"101","PROPANE-TANK",2464,2
"101","PROPANE-TANK",2500,2
"101","PROPANE-TANK",2500,2
"101","PROPANE-TANK",2544,2
"101","PROPANE-TANK",2330,1
"101","PROPANE-TANK",2464,2
"101","PROPANE-TANK",5224,2
"101","PROPANE-TANK",2616,2
"101","PROPANE-TANK",2212,2
"101","PROPANE-TANK",2212,2
"101","PROPANE-TANK",2982,2
"101","PROPANE-TANK",2212,2
"101","PROPANE-TANK",2296,1
"101","PROPANE-TANK",3012,2
"101","PROPANE-TANK",2612,2
"101","PROPANE-TANK",2330,1
"101","PROPANE-TANK",2332,1
"101","PROPANE-TANK",2464,2
"101","PROPANE-TANK",2330,1
"101","GAS",1400,2
"101","GAS",680,1
"101","GAS",1967,1.7
"101","GAS",1683,2
"101","GAS",886,1
"101","OIL",1342,2
"101","OIL",1568,1.7
"101","OIL",1152,1
"101","OIL",1344,1.7
"101","OIL",2266,1.7
"101","OIL",1698,1
"101","GAS",1268,1
"101","GAS",1317,1
"101","OIL",985,2
"101","OIL",1236,1
"101","OIL",855,1
"101","OIL",1116,1
"101","OIL",1428,1.7
"101","GAS",2643,2
"101","OIL",1400,1
"101","GAS",2112,2
"101","GAS",1373,1.7
"101","GAS",1973,1.7
"101","OIL",1007,1.7
"101","OIL",2275,2
"101","GAS",2048,2
"101","GAS",1040,1
"101","GAS",1408,1
"101","GAS",1670,1.7
"101","GAS",1900,2
"101","OIL",768,1
"101","GAS",1554,2
"101","GAS",1052,1
"101","OIL",1683,1.7
"101","OIL",1173,2
"101","GAS",1757,1.7
"101","OIL",2280,2
"101","OIL",1772,1
"101","ELECTRIC",876,1
"101","OIL",1736,2
"101","OIL",1352,2
"101","OIL",1456,2
"101","OIL",879,1
"101","OIL",1276,1
"101","GAS",2180,1
"101","OIL",1356,2
"101","OIL",988,1.7
"101","OIL",1309,1.7
"101","OIL",959,1.7
"101","GAS",898,1.7
"101","GAS",1068,1
"101","GAS",1590,1
"101","ELECTRIC",1602,1
"101","ELECTRIC",1851,1
"101","GAS",1968,1.7
"101","OIL",1911,2
"101","GAS",1274,2
"101","GAS",2322,1.7
"101","GAS",1152,2
"101","OIL",1052,1
"101","GAS",1809,2
"101","GAS",2208,3
"101","GAS",1008,1
"101","GAS",1170,1
"101","GAS",1444,1
"101","OIL",684,1
"101","GAS",704,1
"101","OIL",1344,1.7
"101","OIL",1120,1.7
"101","OIL",1624,1.7
"101","OIL",2347,1.7
"101","OIL",1659,1.7
"101","GAS",1096,1
"101","OIL",1540,1
"101","OIL",1338,1
"101","GAS",2988,1.7
"101","GAS",2519,1.7
"101","GAS",1368,1
"101","GAS",1648,1
"101","OIL",1598,1
"101","GAS",1422,2
"101","OIL",1422,1
"101","GAS",1756,2
"101","OIL",2728,2
"101","GAS",1427,1
"101","OIL",1677,1.7
"101","OIL",1309,1.7
"101","GAS",1248,2
"101","OIL",1376,1.7
"101","GAS",1411,2
"101","OIL",1404,1.7
"101","GAS",1602,1
"101","GAS",1848,2
"101","GAS",1146,1
"101","OIL",1518,1
"101","OIL",1272,1.7
"101","OIL",1680,1.7
"101","OIL",1280,2
"101","OIL",1400,2
"101","OIL",1569,1
"101","OIL",1248,2
"101","GAS",1530,2
"101","GAS",1533,1.7
"101","GAS",1378,2
"101","GAS",1770,2
"101","OIL",1248,2
"101","OIL",1092,2
"101","OIL",1392,2
"101","OIL",1200,2
"101","OIL",1944,2
"101","OIL",1519,1.7
"101","OIL",881,1
"101","OIL",1689,2
"101","GAS",1211,1.7
"101","OIL",1125,1
"101","GAS",1012,1
"101","OIL",1456,2
"101","OIL",1844,1
"104","GAS",2618,2
"104","GAS",3296,2
"101","OIL",1278,2
"101","OIL",3072,2
"101","GAS",1248,1
"101","OIL",1632,1
"101","GAS",2080,2
"101","OIL",1066,1
"101","GAS",1934,1.7
"101","OIL",1764,2
"101","OIL",1080,1
"101","OIL",1512,1.7
"101","GAS",2304,1
"101","OIL",1134,1.7
"101","OIL",1512,1
"101","OIL",1907,1
"101","GAS",1667,1.7
"101","GAS",1672,1
"101","OIL",2011,1
"101","GAS",2004,2
"101","GAS",1800,2
"101","OIL",1094,1
"101","OIL",1972,2
"101","OIL",1834,1.7
"101","GAS",1221,1
"101","GAS",1404,1
"101","GAS",2370,1
"101","OIL",3115,1.7
"101","OIL",1342,1
"101","OIL",2736,1
"101","OIL",1622,1.7
"101","OIL",1309,1.7
"104","OIL",2148,2
"101","GAS",864,1
"101","OIL",1784,2
"101","OIL",1344,2
"101","OIL",1456,2
"101","OIL",1488,2
"101","OIL",1392,2
"101","GAS",1452,2
"101","OIL",1796,1
"101","OIL",1416,2
"101","OIL",1889,2
"101","OIL",1595,1.7
"101","OIL",924,1
"101","OIL",1968,2
"101","OIL",1672,1.7
"101","GAS",1632,1.7
"101","GAS",1323,2
"101","OIL",1328,2
"101","GAS",946,1
"101","OIL",988,1
"101","GAS",1536,2
"101","GAS",992,1
"101","OIL",1124,1
"101","OIL",1107,1.7
"101","GAS",1365,1.7
"101","OIL",1008,1
"930","OIL",1543,1
"101","OIL",2904,2
"101","GAS",1194,1
"101","GAS",1404,1
"101","OIL",1356,1.7
"101","OIL",936,1
"101","OIL",1190,1
"101","OIL",1274,1
"101","GAS",1140,1
"101","GAS",1092,1
"101","GAS",1036,1
"959","GAS",2703,2
"101","GAS",1552,1
"101","GAS",1900,1
"101","GAS",2148,1.7
"101","OIL",1320,1
"101","GAS",1294,1
"101","GAS",1070,1
"101","GAS",2268,2
"101","GAS",1520,1
"959","GAS",1954,1
"101","GAS",2196,1
"101","GAS",3040,2
"101","GAS",1606,1
"101","GAS",1434,1
"101","GAS",1444,1
"101","GAS",1428,1.7
"101","OIL",1826,1
"101","GAS",1284,1
"101","GAS",1192,1
"101","GAS",1729,1
"101","GAS",1838,1
"101","GAS",1665,1
"101","GAS",2002,1
"101","GAS",1701,1
"101","GAS",1321,1
"101","GAS",1860,1
"101","GAS",1050,1
"101","OIL",1347,1
"101","OIL",2376,2
"101","GAS",1130,1
"101","GAS",1220,1
"101","GAS",1008,1
"101","GAS",1008,1
"101","GAS",1555,1
"101","GAS",2178,1
"101","GAS",1744,1
"101","GAS",1692,1
"101","OIL",1549,1
"101","GAS",2196,2
"101","GAS",2052,2
"101","GAS",1960,2
"101","GAS",1072,1
"101","GAS",1648,1
"101","OIL",1898,1
"101","OIL",1760,2
"101","OIL",1832,1.7
"101","OIL",1728,2
"101","OIL",1512,1.7
"101","OIL",1596,1
"101","OIL",1768,1.7
"101","GAS",1945,1.7
"101","OIL",1856,1.7
"101","GAS",1512,1.7
"101","GAS",1296,1
"101","OIL",1680,1
"101","OIL",1404,1
"101","OIL",1296,1
"101","GAS",1296,1
"101","OIL",1512,1.7
"101","OIL",864,1
"101","GAS",1710,1.7
"101","OIL",864,1
"101","OIL",1512,1.7
"101","GAS",1800,1.7
"101","OIL",1896,1.7
"101","OIL",1296,1
"101","OIL",1296,1
"101","GAS",1264,1
"101","GAS",1800,1.7
"101","OIL",1800,2
"101","GAS",1296,1
"101","GAS",1512,1.7
"101","GAS",1296,1
"101","OIL",1512,1.7
"101","GAS",1881,2
"101","OIL",1632,1.7
"101","OIL",1296,1
"101","OIL",1170,1
"101","OIL",1624,2
"101","OIL",1398,1
"101","OIL",1766,1.7
"101","GAS",1680,1.7
"101","OIL",1309,1.7
"101","OIL",1329,1
"101","OIL",1614,1
"101","GAS",1820,2
"101","GAS",2041,2
"101","GAS",1616,2
"101","OIL",2046,2
"101","OIL",1120,1
"101","GAS",1857,1
"101","OIL",1498,1
"101","GAS",1572,2
"101","GAS",929,1
"101","OIL",1212,1.7
"101","OIL",1148,1
"101","GAS",1188,1
"101","OIL",1745,2
"101","OIL",1540,1
"101","GAS",2353,2
"101","GAS",1200,2
"101","OIL",1500,1
"109","GAS",1248,2
"109","GAS",352,1
"101","GAS",1830,2
"101","OIL",1254,1
"101","OIL",1425,1
"101","GAS",1463,1.7
"101","GAS",2358,2
"101","OIL",1249,2
"101","OIL",1200,1
"101","GAS",1172,1.7
"101","GAS",3112,2
"101","GAS",1144,1
"101","GAS",2412,2
"101","GAS",2280,1.7
"101","OIL",1733,2
"104","OIL",2267,2
"101","OIL",1248,2
"101","OIL",1232,2
"101","OIL",1760,2
"101","OIL",1454,2
"101","GAS",1194,2
"101","GAS",1196,2
"101","OIL",1350,2
"101","OIL",1984,2
"101","GAS",1448,2
"101","GAS",1248,2
"101","GAS",1344,1.7
"101","OIL",1866,1
"101","OIL",1696,2
"101","OIL",1296,1
"101","OIL",1728,2
"101","GAS",1308,1
"101","GAS",1600,1
"101","OIL",1924,2
"101","GAS",1360,2
"101","OIL",1430,2
"101","OIL",1283,2
"101","GAS",1380,1
"101","OIL",1414,2
"101","GAS",2055,1.7
"101","GAS",1743,2
"101","GAS",1490,1.7
"101","GAS",962,1
"101","GAS",1910,2
"101","GAS",1859,2
"101","OIL",1662,1.7
"101","OIL",1684,1.7
"101","GAS",1332,1
"101","GAS",1772,2
"101","OIL",2112,2
"101","GAS",1260,1.7
"104","OIL",2112,2
"101","OIL",943,1
"104","OIL",2613,1.7
"101","GAS",2214,2
"101","GAS",2084,2
"101","GAS",2225,1.7
"101","OIL",1684,2
"101","GAS",1344,1.7
"101","GAS",1580,2
"101","GAS",1569,1.7
"101","GAS",2223,1
"101","OIL",1667,1
"101","OIL",1710,1
"101","OIL",1600,1
"101","OIL",1800,1
"101","OIL",1497,1
"101","OIL",1598,2
"101","OIL",1236,1
"101","OIL",1756,2
"101","OIL",1420,1
"101","OIL",1317,1
"101","OIL",2141,1
"101","OIL",1142,1
"101","OIL",1396,1
"101","OIL",1144,1
"101","OIL",1785,1
"101","OIL",1267,1
"101","OIL",1701,1
"101","OIL",1476,1
"101","OIL",1909,1
"101","OIL",1625,1
"101","OIL",1421,1
"101","OIL",2458,1
"101","OIL",1632,1
"101","OIL",1827,1
"101","OIL",1625,1
"101","OIL",1778,1
"101","OIL",1778,1
"101","ELECTRIC",1920,2
"101","GAS",1840,1
"101","OIL",1136,1
"101","OIL",1782,1
"101","OIL",1486,2
"101","GAS",1142,1
"101","GAS",870,1
"101","GAS",672,1
"101","OIL",1095,1.7
"101","OIL",821,1.7
"101","OIL",704,1
"101","GAS",1976,2
"101","GAS",1096,1
"101","GAS",1868,1.7
"101","OIL",1544,2
"101","OIL",1575,1.7
"101","OIL",1274,1
"101","GAS",1800,2
"105","GAS",1764,2
"111","ELECTRIC",2140,1
"104","OIL",1523,2
"101","OIL",1294,1.7
"104","GAS",2068,2
"101","OIL",957,1
"101","GAS",986,1
"101","GAS",2016,2
"104","GAS",1644,2
"101","GAS",1376,1.7
"101","GAS",1178,1.7
"101","GAS",1536,2
"101","GAS",1479,1
"101","OIL",1026,1
"104","GAS",1600,2
"101","OIL",1638,1.7
"101","GAS",2168,2
"104","GAS",3496,2
"104","OIL",1824,2
"104","OIL",1720,2
"101","GAS",1575,1.7
"101","GAS",1276,2
"101","OIL",1560,1
"101","OIL",1977,1.7
"101","OIL",910,1
"101","OIL",2318,2
"101","OIL",2268,2
"101","GAS",864,1.7
"101","GAS",2544,2
"101","GAS",867,1
"104","GAS",2296,2
"101","OIL",2144,1
"101","GAS",1611,1
"101","GAS",1832,2
"101","OIL",1593,1.7
"104","GAS",2238,2
"101","OIL",1246,1
"101","OIL",2944,1
"101","OIL",1794,2
"104","OIL",2001,2
"101","OIL",1420,1.7
"101","OIL",840,1
"101","GAS",1888,2
"101","GAS",2354,1.7
"101","OIL",1349,2
"101","OIL",1456,2
"101","OIL",1421,1.7
"101","GAS",1111,1.7
"101","GAS",1633,1.7
"101","OIL",1629,2
"101","OIL",1696,1.7
"101","OIL",2316,1
"101","GAS",1420,1
"101","OIL",1862,2
"101","OIL",1768,1
"101","OIL",1152,1
"101","OIL",1085,2
"101","GAS",1428,1.7
"101","GAS",1040,1
"101","GAS",1332,1
"101","GAS",1112,1
"101","GAS",916,1
"101","OIL",1566,2
"101","OIL",1648,1
"101","OIL",2218,1
"101","OIL",1646,1
"101","OIL",1366,1
"101","OIL",2504,1
"101","OIL",1471,1
"101","OIL",1542,1
"101","OIL",1621,1
"101","OIL",1696,1
"101","OIL",1341,1
"101","OIL",1341,1
"101","OIL",2424,1
"101","OIL",1680,1
"101","OIL",1988,1
"101","OIL",2832,1
"101","OIL",1676,1
"101","OIL",1712,1
"101","OIL",1936,1
"101","OIL",1666,1
"101","OIL",1666,1
"101","OIL",1448,1
"101","OIL",2280,1
"101","OIL",1842,1
"101","GAS",1744,1
"101","GAS",1140,1
"101","GAS",1412,1
"101","GAS",2184,1
"101","GAS",2272,1
"101","GAS",1834,1
"101","GAS",1107,1
"101","OIL",1579,1
"101","OIL",1400,1
"101","OIL",1882,1
"101","OIL",1766,1
"101","OIL",1870,2
"101","OIL",1510,1
"101","OIL",1564,1
"101","OIL",1196,1
"101","OIL",2144,1
"101","OIL",1908,2
"101","OIL",1622,1
"101","OIL",2320,1
"101","OIL",2569,1
"101","OIL",1874,1
"101","OIL",1960,1
"101","OIL",1774,1
"101","OIL",1709,1
"101","OIL",1780,2
"101","OIL",1976,1
"101","OIL",2308,1
"101","OIL",1620,1
"101","OIL",1668,1
"101","OIL",1680,1
"101","OIL",1840,1
